id,url,title,description,price,images,image_count,scraped_at
washmachine_fd72214588,https://www.olx.in/item/washing-machines-c1615-whirlpool-fully-automatic-washing-machine-in-bejai-mangaluru-iid-1828728030,Whirlpool Fully Automatic Washing Machine,Very Good condition No complaints 3 years of warranty left Slightly negotiable - Washing Machines,11000,"[""/content/drive/MyDrive/olx_washingmachine_dataset/images/washmachine_fd72214588/1.jpg"", ""/content/drive/MyDrive/olx_washingmachine_dataset/images/washmachine_fd72214588/2.jpg"", ""/content/drive/MyDrive/olx_washingmachine_dataset/images/washmachine_fd72214588/3.jpg"", ""/content/drive/MyDrive/olx_washingmachine_dataset/images/washmachine_fd72214588/4.jpg"", ""/content/drive/MyDrive/olx_washingmachine_dataset/images/washmachine_fd72214588/5.jpg"", ""/content/drive/MyDrive/olx_washingmachine_dataset/images/washmachine_fd72214588/6.jpg"", ""/content/drive/MyDrive/olx_washingmachine_dataset/images/washmachine_fd72214588/7.jpg"", ""/content/drive/MyDrive/olx_washingmachine_dataset/images/washmachine_fd72214588/8.jpg""]",8,2025-12-09 04:27:23.720045
washmachine_49a2c8ab90,https://www.olx.in/item/washing-machines-c1615-semi-automatic-washing-machine-in-old-guddadahalli-bengaluru-iid-1828728996,Semi automatic washing machine,Well conditioned semi automatic washing both tubs r working - Washing Machines,2000,"[""/content/drive/MyDrive/olx_washingmachine_dataset/images/washmachine_49a2c8ab90/1.jpg"", ""/content/drive/MyDrive/olx_washingmachine_dataset/images/washmachine_49a2c8ab90/2.jpg"", ""/content/drive/MyDrive/olx_washingmachine_dataset/images/washmachine_49a2c8ab90/3.jpg"", ""/content/drive/MyDrive/olx_washingmachine_dataset/images/washmachine_49a2c8ab90/4.jpg"", ""/content/drive/MyDrive/olx_washingmachine_dataset/images/washmachine_49a2c8ab90/5.jpg"", ""/content/drive/MyDrive/olx_washingmachine_dataset/images/washmachine_49a2c8ab90/6.jpg"", ""/content/drive/MyDrive/olx_washingmachine_dataset/images/washmachine_49a2c8ab90/7.jpg"", ""/content/drive/MyDrive/olx_washingmachine_dataset/images/washmachine_49a2c8ab90/8.jpg""]",8,2025-12-09 04:27:30.422380
washmachine_eec3214c18,https://www.olx.in/item/washing-machines-c1615-whirlpool-8-kg-5-star-fully-automatic-top-load-washing-stainwash-pro-in-ramnagar-bilaspur-rampur-district-iid-1827488423,Whirlpool 8 KG 5 Star Fully Automatic Top Load Washing  Stainwash Pro,New whoshing masine - Washing Machines,18000,"[""/content/drive/MyDrive/olx_washingmachine_dataset/images/washmachine_eec3214c18/1.jpg"", ""/content/drive/MyDrive/olx_washingmachine_dataset/images/washmachine_eec3214c18/2.jpg"", ""/content/drive/MyDrive/olx_washingmachine_dataset/images/washmachine_eec3214c18/3.jpg"", ""/content/drive/MyDrive/olx_washingmachine_dataset/images/washmachine_eec3214c18/4.jpg"", ""/content/drive/MyDrive/olx_washingmachine_dataset/images/washmachine_eec3214c18/5.jpg"", ""/content/drive/MyDrive/olx_washingmachine_dataset/images/washmachine_eec3214c18/6.jpg"", ""/content/drive/MyDrive/olx_washingmachine_dataset/images/washmachine_eec3214c18/7.jpg"", ""/content/drive/MyDrive/olx_washingmachine_dataset/images/washmachine_eec3214c18/8.jpg""]",8,2025-12-09 04:28:59.317729
washmachine_ca017dc063,https://www.olx.in/item/washing-machines-c1615-rent-on-rent-in-nigdi-pune-iid-1824522885,Rent on Rent,Fridge &washing machine combo 900 Deposit 2499 Single fridge and washing machine 500 Deposit 1499 only Free installation Free maintenance Transportation free one side - Washing Machines,449,"[""/content/drive/MyDrive/olx_washingmachine_dataset/images/washmachine_ca017dc063/1.jpg"", ""/content/drive/MyDrive/olx_washingmachine_dataset/images/washmachine_ca017dc063/2.jpg"", ""/content/drive/MyDrive/olx_washingmachine_dataset/images/washmachine_ca017dc063/3.jpg"", ""/content/drive/MyDrive/olx_washingmachine_dataset/images/washmachine_ca017dc063/4.jpg"", ""/content/drive/MyDrive/olx_washingmachine_dataset/images/washmachine_ca017dc063/5.jpg"", ""/content/drive/MyDrive/olx_washingmachine_dataset/images/washmachine_ca017dc063/6.jpg"", ""/content/drive/MyDrive/olx_washingmachine_dataset/images/washmachine_ca017dc063/7.jpg"", ""/content/drive/MyDrive/olx_washingmachine_dataset/images/washmachine_ca017dc063/8.jpg""]",8,2025-12-09 04:31:14.341862
washmachine_fbe11df0f9,https://www.olx.in/item/washing-machines-c1615-fully-automatic-washing-machines-on-monthly-rent-at-just-500-per-mnth-in-sector-43-gurgaon-iid-1809600756,Fully automatic washing machines on monthly rent at just 500 per mnth,Get latest fully automatic top load washing Machines on monthly rent at just rs 500 per month only with Free home delivery Free inlet outlet pipes Free installation on compatible tap Free repair and maintenance Free relocation No kyc Instant delivery Call for more details - Washing Machines,500,"[""/content/drive/MyDrive/olx_washingmachine_dataset/images/washmachine_fbe11df0f9/1.jpg"", ""/content/drive/MyDrive/olx_washingmachine_dataset/images/washmachine_fbe11df0f9/2.jpg"", ""/content/drive/MyDrive/olx_washingmachine_dataset/images/washmachine_fbe11df0f9/3.jpg"", ""/content/drive/MyDrive/olx_washingmachine_dataset/images/washmachine_fbe11df0f9/4.jpg"", ""/content/drive/MyDrive/olx_washingmachine_dataset/images/washmachine_fbe11df0f9/5.jpg"", ""/content/drive/MyDrive/olx_washingmachine_dataset/images/washmachine_fbe11df0f9/6.jpg"", ""/content/drive/MyDrive/olx_washingmachine_dataset/images/washmachine_fbe11df0f9/7.jpg"", ""/content/drive/MyDrive/olx_washingmachine_dataset/images/washmachine_fbe11df0f9/8.jpg""]",8,2025-12-09 04:32:51.804407
washmachine_ca74b5c9b1,https://www.olx.in/item/washing-machines-c1615-ifb-washing-machine-in-karmchari-nagar-ahmedabad-iid-1828729954,IFB washing machine,Front load fully automatic - Washing Machines,8000,"[""/content/drive/MyDrive/olx_washingmachine_dataset/images/washmachine_ca74b5c9b1/1.jpg"", ""/content/drive/MyDrive/olx_washingmachine_dataset/images/washmachine_ca74b5c9b1/2.jpg"", ""/content/drive/MyDrive/olx_washingmachine_dataset/images/washmachine_ca74b5c9b1/3.jpg"", ""/content/drive/MyDrive/olx_washingmachine_dataset/images/washmachine_ca74b5c9b1/4.jpg"", ""/content/drive/MyDrive/olx_washingmachine_dataset/images/washmachine_ca74b5c9b1/5.jpg"", ""/content/drive/MyDrive/olx_washingmachine_dataset/images/washmachine_ca74b5c9b1/6.jpg"", ""/content/drive/MyDrive/olx_washingmachine_dataset/images/washmachine_ca74b5c9b1/7.jpg"", ""/content/drive/MyDrive/olx_washingmachine_dataset/images/washmachine_ca74b5c9b1/8.jpg""]",8,2025-12-09 04:32:59.597071
washmachine_f72c3b1dd8,https://www.olx.in/item/washing-machines-c1615-rent-on-rent-in-gokhale-nagar-pune-iid-1826114183,Rent on Rent,Fridge and washing machine combo 900 Deposit 2500 Only fridge and washing machine 500 Deposit 1500 Free installation Free maintenance Free transportation one side 6 months locking period - Washing Machines,450,"[""/content/drive/MyDrive/olx_washingmachine_dataset/images/washmachine_f72c3b1dd8/1.jpg"", ""/content/drive/MyDrive/olx_washingmachine_dataset/images/washmachine_f72c3b1dd8/2.jpg"", ""/content/drive/MyDrive/olx_washingmachine_dataset/images/washmachine_f72c3b1dd8/3.jpg"", ""/content/drive/MyDrive/olx_washingmachine_dataset/images/washmachine_f72c3b1dd8/4.jpg"", ""/content/drive/MyDrive/olx_washingmachine_dataset/images/washmachine_f72c3b1dd8/5.jpg"", ""/content/drive/MyDrive/olx_washingmachine_dataset/images/washmachine_f72c3b1dd8/6.jpg"", ""/content/drive/MyDrive/olx_washingmachine_dataset/images/washmachine_f72c3b1dd8/7.jpg"", ""/content/drive/MyDrive/olx_washingmachine_dataset/images/washmachine_f72c3b1dd8/8.jpg""]",8,2025-12-09 04:33:48.375074
washmachine_448282784e,https://www.olx.in/item/washing-machines-c1615-lg-washing-machine-working-properly-75-kg-in-manesar-sector-3a-gurgaon-iid-1828730474,Lg washing machine working properly 7.5 kg,2 month old - Washing Machines,5000,"[""/content/drive/MyDrive/olx_washingmachine_dataset/images/washmachine_448282784e/1.jpg"", ""/content/drive/MyDrive/olx_washingmachine_dataset/images/washmachine_448282784e/2.jpg"", ""/content/drive/MyDrive/olx_washingmachine_dataset/images/washmachine_448282784e/3.jpg"", ""/content/drive/MyDrive/olx_washingmachine_dataset/images/washmachine_448282784e/4.jpg"", ""/content/drive/MyDrive/olx_washingmachine_dataset/images/washmachine_448282784e/5.jpg"", ""/content/drive/MyDrive/olx_washingmachine_dataset/images/washmachine_448282784e/6.jpg"", ""/content/drive/MyDrive/olx_washingmachine_dataset/images/washmachine_448282784e/7.jpg"", ""/content/drive/MyDrive/olx_washingmachine_dataset/images/washmachine_448282784e/8.jpg"", ""/content/drive/MyDrive/olx_washingmachine_dataset/images/washmachine_448282784e/9.jpg"", ""/content/drive/MyDrive/olx_washingmachine_dataset/images/washmachine_448282784e/10.jpg"", ""/content/drive/MyDrive/olx_washingmachine_dataset/images/washmachine_448282784e/11.jpg"", ""/content/drive/MyDrive/olx_washingmachine_dataset/images/washmachine_448282784e/12.jpg"", ""/content/drive/MyDrive/olx_washingmachine_dataset/images/washmachine_448282784e/13.jpg"", ""/content/drive/MyDrive/olx_washingmachine_dataset/images/washmachine_448282784e/14.jpg""]",14,2025-12-09 04:37:01.134250
washmachine_7869680be4,https://www.olx.in/item/washing-machines-c1615-washing-machine-in-mira-nagar-udaipur-iid-1828729713,Washing machine,I want to sell machine - Washing Machines,4000,"[""/content/drive/MyDrive/olx_washingmachine_dataset/images/washmachine_7869680be4/1.jpg"", ""/content/drive/MyDrive/olx_washingmachine_dataset/images/washmachine_7869680be4/2.jpg"", ""/content/drive/MyDrive/olx_washingmachine_dataset/images/washmachine_7869680be4/3.jpg"", ""/content/drive/MyDrive/olx_washingmachine_dataset/images/washmachine_7869680be4/4.jpg"", ""/content/drive/MyDrive/olx_washingmachine_dataset/images/washmachine_7869680be4/5.jpg"", ""/content/drive/MyDrive/olx_washingmachine_dataset/images/washmachine_7869680be4/6.jpg"", ""/content/drive/MyDrive/olx_washingmachine_dataset/images/washmachine_7869680be4/7.jpg"", ""/content/drive/MyDrive/olx_washingmachine_dataset/images/washmachine_7869680be4/8.jpg""]",8,2025-12-09 04:37:07.774638
washmachine_76718f9fe4,https://www.olx.in/item/washing-machines-c1615-godrej-washing-machine-in-manjummel-kochi-iid-1828729221,Godrej washing machine,Washing machine - Washing Machines,8000,"[""/content/drive/MyDrive/olx_washingmachine_dataset/images/washmachine_76718f9fe4/1.jpg"", ""/content/drive/MyDrive/olx_washingmachine_dataset/images/washmachine_76718f9fe4/2.jpg"", ""/content/drive/MyDrive/olx_washingmachine_dataset/images/washmachine_76718f9fe4/3.jpg"", ""/content/drive/MyDrive/olx_washingmachine_dataset/images/washmachine_76718f9fe4/4.jpg"", ""/content/drive/MyDrive/olx_washingmachine_dataset/images/washmachine_76718f9fe4/5.jpg"", ""/content/drive/MyDrive/olx_washingmachine_dataset/images/washmachine_76718f9fe4/6.jpg"", ""/content/drive/MyDrive/olx_washingmachine_dataset/images/washmachine_76718f9fe4/7.jpg"", ""/content/drive/MyDrive/olx_washingmachine_dataset/images/washmachine_76718f9fe4/8.jpg""]",8,2025-12-09 04:37:15.362049
washmachine_019edffd59,https://www.olx.in/item/washing-machines-c1615-samsung-front-load-washing-machine-6kg-digital-inverter-in-laxmipura-bengaluru-iid-1827983962,Samsung Front Load Washing Machine – 6kg  Digital Inverter,"Selling my Samsung 6kg Front Load Washing Machine in excellent working condition. It’s a Digital Inverter model, very silent, power-efficient, and perfect for families, bachelors, or room tenants. Highlights: Samsung 6kg Front Load (Digital Inverter) Fully automatic – Wash + Rinse + Spin Energy & Water Efficient All functions working perfectly LED Display + Multiple Wash Programs Front glass door in good condition Original manuals available Comes with the adjustable stand (seen in photos) No repairs needed – ready to use Condition: Used but well-maintained Body has minor scratches (normal usage), but performance is 100% smooth Extras Included: Machine stand User manuals Location: Yelahanka, Bangalore Delivery: Can help with transport arrangements (buyer pays) - Washing Machines",5499,"[""/content/drive/MyDrive/olx_washingmachine_dataset/images/washmachine_019edffd59/1.jpg"", ""/content/drive/MyDrive/olx_washingmachine_dataset/images/washmachine_019edffd59/2.jpg"", ""/content/drive/MyDrive/olx_washingmachine_dataset/images/washmachine_019edffd59/3.jpg"", ""/content/drive/MyDrive/olx_washingmachine_dataset/images/washmachine_019edffd59/4.jpg"", ""/content/drive/MyDrive/olx_washingmachine_dataset/images/washmachine_019edffd59/5.jpg"", ""/content/drive/MyDrive/olx_washingmachine_dataset/images/washmachine_019edffd59/6.jpg"", ""/content/drive/MyDrive/olx_washingmachine_dataset/images/washmachine_019edffd59/7.jpg"", ""/content/drive/MyDrive/olx_washingmachine_dataset/images/washmachine_019edffd59/8.jpg""]",8,2025-12-09 04:37:21.257043
washmachine_7439370fab,https://www.olx.in/item/washing-machines-c1615-in-siddheshwar-gandhi-nagar-solapur-iid-1828728176,वाशिंग मशीन,आर्थिक दृष्टि - Washing Machines,40000,"[""/content/drive/MyDrive/olx_washingmachine_dataset/images/washmachine_7439370fab/1.jpg"", ""/content/drive/MyDrive/olx_washingmachine_dataset/images/washmachine_7439370fab/2.jpg"", ""/content/drive/MyDrive/olx_washingmachine_dataset/images/washmachine_7439370fab/3.jpg"", ""/content/drive/MyDrive/olx_washingmachine_dataset/images/washmachine_7439370fab/4.jpg"", ""/content/drive/MyDrive/olx_washingmachine_dataset/images/washmachine_7439370fab/5.jpg"", ""/content/drive/MyDrive/olx_washingmachine_dataset/images/washmachine_7439370fab/6.jpg"", ""/content/drive/MyDrive/olx_washingmachine_dataset/images/washmachine_7439370fab/7.jpg"", ""/content/drive/MyDrive/olx_washingmachine_dataset/images/washmachine_7439370fab/8.jpg""]",8,2025-12-09 04:41:06.686735
washmachine_39edd2ffa3,https://www.olx.in/item/washing-machines-c1615-front-load-7kg-samsung-washing-machine-in-begur-aishwarya-crystal-layout-bengaluru-iid-1828727927,Front load 7Kg Samsung washing machine,Samsung front load washing machine 7Kg; 4.5year old; perfectly good operating condition; mild rusting on top - Washing Machines,12000,"[""/content/drive/MyDrive/olx_washingmachine_dataset/images/washmachine_39edd2ffa3/1.jpg"", ""/content/drive/MyDrive/olx_washingmachine_dataset/images/washmachine_39edd2ffa3/2.jpg"", ""/content/drive/MyDrive/olx_washingmachine_dataset/images/washmachine_39edd2ffa3/3.jpg"", ""/content/drive/MyDrive/olx_washingmachine_dataset/images/washmachine_39edd2ffa3/4.jpg"", ""/content/drive/MyDrive/olx_washingmachine_dataset/images/washmachine_39edd2ffa3/5.jpg"", ""/content/drive/MyDrive/olx_washingmachine_dataset/images/washmachine_39edd2ffa3/6.jpg"", ""/content/drive/MyDrive/olx_washingmachine_dataset/images/washmachine_39edd2ffa3/7.jpg"", ""/content/drive/MyDrive/olx_washingmachine_dataset/images/washmachine_39edd2ffa3/8.jpg""]",8,2025-12-09 04:41:12.427887
washmachine_560c38c458,https://www.olx.in/item/washing-machines-c1615-croma-a-tata-product-8-kg-semi-automatic-top-load-washing-machine-in-gautam-palli-lucknow-iid-1828729910,Croma - A Tata Product 8 kg Semi Automatic Top Load Washing Machine,Washing machine - Washing Machines,8000,"[""/content/drive/MyDrive/olx_washingmachine_dataset/images/washmachine_560c38c458/1.jpg"", ""/content/drive/MyDrive/olx_washingmachine_dataset/images/washmachine_560c38c458/2.jpg"", ""/content/drive/MyDrive/olx_washingmachine_dataset/images/washmachine_560c38c458/3.jpg"", ""/content/drive/MyDrive/olx_washingmachine_dataset/images/washmachine_560c38c458/4.jpg"", ""/content/drive/MyDrive/olx_washingmachine_dataset/images/washmachine_560c38c458/5.jpg"", ""/content/drive/MyDrive/olx_washingmachine_dataset/images/washmachine_560c38c458/6.jpg"", ""/content/drive/MyDrive/olx_washingmachine_dataset/images/washmachine_560c38c458/7.jpg"", ""/content/drive/MyDrive/olx_washingmachine_dataset/images/washmachine_560c38c458/8.jpg""]",8,2025-12-09 04:41:17.927586
washmachine_683c32820f,https://www.olx.in/item/washing-machines-c1615-rent-on-rent-in-hinjewadi-pune-iid-1823895278,Rent on rent,Fridge &W/M combo 899 Deposit 2499 Single fridge and washing machine 499 Deposit 1499 Free installation Free transportation one side Free maintenance - Washing Machines,450,"[""/content/drive/MyDrive/olx_washingmachine_dataset/images/washmachine_683c32820f/1.jpg"", ""/content/drive/MyDrive/olx_washingmachine_dataset/images/washmachine_683c32820f/2.jpg"", ""/content/drive/MyDrive/olx_washingmachine_dataset/images/washmachine_683c32820f/3.jpg"", ""/content/drive/MyDrive/olx_washingmachine_dataset/images/washmachine_683c32820f/4.jpg"", ""/content/drive/MyDrive/olx_washingmachine_dataset/images/washmachine_683c32820f/5.jpg"", ""/content/drive/MyDrive/olx_washingmachine_dataset/images/washmachine_683c32820f/6.jpg"", ""/content/drive/MyDrive/olx_washingmachine_dataset/images/washmachine_683c32820f/7.jpg"", ""/content/drive/MyDrive/olx_washingmachine_dataset/images/washmachine_683c32820f/8.jpg""]",8,2025-12-09 04:41:25.757942
washmachine_81e7eaa729,https://www.olx.in/item/washing-machines-c1615-rent-on-rent-in-wakad-police-lines-pune-iid-1822941560,Rent on rent,Fridge and W/M combo 899 Deposit 2499 Single fridge & W/M 499 Deposit 1499 Free installation Free maintenance One side transportation free - Washing Machines,450,"[""/content/drive/MyDrive/olx_washingmachine_dataset/images/washmachine_81e7eaa729/1.jpg"", ""/content/drive/MyDrive/olx_washingmachine_dataset/images/washmachine_81e7eaa729/2.jpg"", ""/content/drive/MyDrive/olx_washingmachine_dataset/images/washmachine_81e7eaa729/3.jpg"", ""/content/drive/MyDrive/olx_washingmachine_dataset/images/washmachine_81e7eaa729/4.jpg"", ""/content/drive/MyDrive/olx_washingmachine_dataset/images/washmachine_81e7eaa729/5.jpg"", ""/content/drive/MyDrive/olx_washingmachine_dataset/images/washmachine_81e7eaa729/6.jpg"", ""/content/drive/MyDrive/olx_washingmachine_dataset/images/washmachine_81e7eaa729/7.jpg"", ""/content/drive/MyDrive/olx_washingmachine_dataset/images/washmachine_81e7eaa729/8.jpg""]",8,2025-12-09 04:43:40.199203
washmachine_4cfa25b113,https://www.olx.in/item/washing-machines-c1615-rent-on-rent-in-pimpri-chinchwad-pune-iid-1825920160,Rent on Rent,Fridge and washing machine combo 900 Deposit 2499 Only fridge and washing machine 499 Deposit 1500 Free installation Free maintenance Free transportation one side 6 months locking period - Washing Machines,450,"[""/content/drive/MyDrive/olx_washingmachine_dataset/images/washmachine_4cfa25b113/1.jpg"", ""/content/drive/MyDrive/olx_washingmachine_dataset/images/washmachine_4cfa25b113/2.jpg"", ""/content/drive/MyDrive/olx_washingmachine_dataset/images/washmachine_4cfa25b113/3.jpg"", ""/content/drive/MyDrive/olx_washingmachine_dataset/images/washmachine_4cfa25b113/4.jpg"", ""/content/drive/MyDrive/olx_washingmachine_dataset/images/washmachine_4cfa25b113/5.jpg"", ""/content/drive/MyDrive/olx_washingmachine_dataset/images/washmachine_4cfa25b113/6.jpg"", ""/content/drive/MyDrive/olx_washingmachine_dataset/images/washmachine_4cfa25b113/7.jpg"", ""/content/drive/MyDrive/olx_washingmachine_dataset/images/washmachine_4cfa25b113/8.jpg""]",8,2025-12-09 04:43:46.921608
washmachine_053672d917,https://www.olx.in/item/washing-machines-c1615-sumsung-top-loaded-fully-automatic-washing-machine-in-venkatapuram-visakhapatnam-iid-1827950177,Sumsung Top Loaded Fully Automatic Washing Machine,Need to replace the PCB board of Washing Machine All Other things are ok. - Washing Machines,4000,"[""/content/drive/MyDrive/olx_washingmachine_dataset/images/washmachine_053672d917/1.jpg"", ""/content/drive/MyDrive/olx_washingmachine_dataset/images/washmachine_053672d917/2.jpg"", ""/content/drive/MyDrive/olx_washingmachine_dataset/images/washmachine_053672d917/3.jpg"", ""/content/drive/MyDrive/olx_washingmachine_dataset/images/washmachine_053672d917/4.jpg"", ""/content/drive/MyDrive/olx_washingmachine_dataset/images/washmachine_053672d917/5.jpg"", ""/content/drive/MyDrive/olx_washingmachine_dataset/images/washmachine_053672d917/6.jpg"", ""/content/drive/MyDrive/olx_washingmachine_dataset/images/washmachine_053672d917/7.jpg"", ""/content/drive/MyDrive/olx_washingmachine_dataset/images/washmachine_053672d917/8.jpg""]",8,2025-12-09 04:45:59.263490
washmachine_addc901030,https://www.olx.in/item/washing-machines-c1615-garment-washing-machine-old-3year-fully-automatic-in-sandholi-baddi-iid-1811571653,Garment washing machine old 3year fully automatic,Good working condition - Washing Machines,6000,"[""/content/drive/MyDrive/olx_washingmachine_dataset/images/washmachine_addc901030/1.jpg"", ""/content/drive/MyDrive/olx_washingmachine_dataset/images/washmachine_addc901030/2.jpg"", ""/content/drive/MyDrive/olx_washingmachine_dataset/images/washmachine_addc901030/3.jpg"", ""/content/drive/MyDrive/olx_washingmachine_dataset/images/washmachine_addc901030/4.jpg"", ""/content/drive/MyDrive/olx_washingmachine_dataset/images/washmachine_addc901030/5.jpg"", ""/content/drive/MyDrive/olx_washingmachine_dataset/images/washmachine_addc901030/6.jpg"", ""/content/drive/MyDrive/olx_washingmachine_dataset/images/washmachine_addc901030/7.jpg"", ""/content/drive/MyDrive/olx_washingmachine_dataset/images/washmachine_addc901030/8.jpg""]",8,2025-12-09 04:46:48.589883
washmachine_35afa3f69a,https://www.olx.in/item/washing-machines-c1615-whirlpool-washing-machine-65-kg-rs-2900-in-sector-149-noida-iid-1828728632,Whirlpool washing machine 6.5 kg rs 2900,Whirlpool washing machine Age 6 years Toap load Fully automatic Condition good Colour black Working condition good but Machine want to change water censor of rs 500 cost.Rest working excellent. Reason of sale required 8 kg for family Cost rs 2900 . Machine can be examined any time from 8 am to 6 pm. - Washing Machines,2900,"[""/content/drive/MyDrive/olx_washingmachine_dataset/images/washmachine_35afa3f69a/1.jpg"", ""/content/drive/MyDrive/olx_washingmachine_dataset/images/washmachine_35afa3f69a/2.jpg"", ""/content/drive/MyDrive/olx_washingmachine_dataset/images/washmachine_35afa3f69a/3.jpg"", ""/content/drive/MyDrive/olx_washingmachine_dataset/images/washmachine_35afa3f69a/4.jpg"", ""/content/drive/MyDrive/olx_washingmachine_dataset/images/washmachine_35afa3f69a/5.jpg"", ""/content/drive/MyDrive/olx_washingmachine_dataset/images/washmachine_35afa3f69a/6.jpg"", ""/content/drive/MyDrive/olx_washingmachine_dataset/images/washmachine_35afa3f69a/7.jpg"", ""/content/drive/MyDrive/olx_washingmachine_dataset/images/washmachine_35afa3f69a/8.jpg""]",8,2025-12-09 04:48:19.717722
washmachine_9947d9f637,https://www.olx.in/item/washing-machines-c1615-automatic-machine-washing-machine-in-bijwasan-delhi-iid-1828730304,Automatic machine washing Machine,Realme automatic machine washing Machine - Washing Machines,12000,"[""/content/drive/MyDrive/olx_washingmachine_dataset/images/washmachine_9947d9f637/1.jpg"", ""/content/drive/MyDrive/olx_washingmachine_dataset/images/washmachine_9947d9f637/2.jpg"", ""/content/drive/MyDrive/olx_washingmachine_dataset/images/washmachine_9947d9f637/3.jpg"", ""/content/drive/MyDrive/olx_washingmachine_dataset/images/washmachine_9947d9f637/4.jpg"", ""/content/drive/MyDrive/olx_washingmachine_dataset/images/washmachine_9947d9f637/5.jpg"", ""/content/drive/MyDrive/olx_washingmachine_dataset/images/washmachine_9947d9f637/6.jpg"", ""/content/drive/MyDrive/olx_washingmachine_dataset/images/washmachine_9947d9f637/7.jpg"", ""/content/drive/MyDrive/olx_washingmachine_dataset/images/washmachine_9947d9f637/8.jpg""]",8,2025-12-09 04:48:25.104398
washmachine_c7e7cc5d2a,https://www.olx.in/item/washing-machines-c1615-whirlpool-top-load-washing-machine-for-sale-in-spice-garden-bengaluru-iid-1828729350,Whirlpool Top Load Washing machine for sale,Selling my Whirlpool 6kg Fully Automatic Top Load Washing Machine in good working condition. Runs smoothly Ideal for 1–3 people Fully automatic — no manual effort required Multiple wash programs Toughened glass top 6th Sense technology Energy efficient & low water usage Condition: Used but well-maintained Brand: Whirlpool Capacity: 6kg Model: Whitemagic (Top Load) - Washing Machines,5000,"[""/content/drive/MyDrive/olx_washingmachine_dataset/images/washmachine_c7e7cc5d2a/1.jpg"", ""/content/drive/MyDrive/olx_washingmachine_dataset/images/washmachine_c7e7cc5d2a/2.jpg"", ""/content/drive/MyDrive/olx_washingmachine_dataset/images/washmachine_c7e7cc5d2a/3.jpg"", ""/content/drive/MyDrive/olx_washingmachine_dataset/images/washmachine_c7e7cc5d2a/4.jpg"", ""/content/drive/MyDrive/olx_washingmachine_dataset/images/washmachine_c7e7cc5d2a/5.jpg"", ""/content/drive/MyDrive/olx_washingmachine_dataset/images/washmachine_c7e7cc5d2a/6.jpg"", ""/content/drive/MyDrive/olx_washingmachine_dataset/images/washmachine_c7e7cc5d2a/7.jpg"", ""/content/drive/MyDrive/olx_washingmachine_dataset/images/washmachine_c7e7cc5d2a/8.jpg""]",8,2025-12-09 04:49:13.946064
washmachine_49654bf963,https://www.olx.in/item/washing-machines-c1615-machine-is-ok-in-hatiara-kolkata-iid-1828730788,Machine is ok,Washing machine - Washing Machines,8000,"[""/content/drive/MyDrive/olx_washingmachine_dataset/images/washmachine_49654bf963/1.jpg"", ""/content/drive/MyDrive/olx_washingmachine_dataset/images/washmachine_49654bf963/2.jpg"", ""/content/drive/MyDrive/olx_washingmachine_dataset/images/washmachine_49654bf963/3.jpg"", ""/content/drive/MyDrive/olx_washingmachine_dataset/images/washmachine_49654bf963/4.jpg"", ""/content/drive/MyDrive/olx_washingmachine_dataset/images/washmachine_49654bf963/5.jpg"", ""/content/drive/MyDrive/olx_washingmachine_dataset/images/washmachine_49654bf963/6.jpg"", ""/content/drive/MyDrive/olx_washingmachine_dataset/images/washmachine_49654bf963/7.jpg"", ""/content/drive/MyDrive/olx_washingmachine_dataset/images/washmachine_49654bf963/8.jpg""]",8,2025-12-09 04:49:19.761612
washmachine_13149f3b68,https://www.olx.in/item/washing-machines-c1615-refurbished-washing-machine-second-sale-starting-at-4999-in-pitampura-delhi-iid-1808138282,Refurbished washing machine second sale starting at 4999,D SONI ELECTRONICS CO. FREE DELIVERY FREE INSTALLATION FREE DEMO WITH 2 YEAR WARRANTY OUR CUSTOMER OUR MOTIVE NEVER BEREAK HEART - Washing Machines,4999,"[""/content/drive/MyDrive/olx_washingmachine_dataset/images/washmachine_13149f3b68/1.jpg"", ""/content/drive/MyDrive/olx_washingmachine_dataset/images/washmachine_13149f3b68/2.jpg"", ""/content/drive/MyDrive/olx_washingmachine_dataset/images/washmachine_13149f3b68/3.jpg"", ""/content/drive/MyDrive/olx_washingmachine_dataset/images/washmachine_13149f3b68/4.jpg"", ""/content/drive/MyDrive/olx_washingmachine_dataset/images/washmachine_13149f3b68/5.jpg"", ""/content/drive/MyDrive/olx_washingmachine_dataset/images/washmachine_13149f3b68/6.jpg"", ""/content/drive/MyDrive/olx_washingmachine_dataset/images/washmachine_13149f3b68/7.jpg"", ""/content/drive/MyDrive/olx_washingmachine_dataset/images/washmachine_13149f3b68/8.jpg""]",8,2025-12-09 04:53:45.963391
washmachine_3a63810f2f,https://www.olx.in/item/washing-machines-c1615-multi-brand-washing-machine-top-load-available-in-best-price-with-bill-in-varthur-bengaluru-iid-1824346808,Multi brand washing machine top load available in best price with bill,RentOdeal Our Aim is to give the best and excellent product to our customers and we guarantee it for the product and the service which we provide Multi Brand washing Machine And Refrigerator Available with warranty Top load washing machine starting price @ 4999 Front load washing Machine starting price Rs 6499 Single door refrigerator starting price @4999 Double door refrigerator starting price @ 6499 Brand: LG Capacity: 6.5kg Warranty: one year Accessories: Brand New inlet and outlet pipe free Shipping: Free Installation & Demo will be provided by RentOdeal service engineer at the time of delivery Each and every product is tested by RentOdeal service engineer Same day delivery through out Bangalore - Washing Machines,4999,"[""/content/drive/MyDrive/olx_washingmachine_dataset/images/washmachine_3a63810f2f/1.jpg"", ""/content/drive/MyDrive/olx_washingmachine_dataset/images/washmachine_3a63810f2f/2.jpg"", ""/content/drive/MyDrive/olx_washingmachine_dataset/images/washmachine_3a63810f2f/3.jpg"", ""/content/drive/MyDrive/olx_washingmachine_dataset/images/washmachine_3a63810f2f/4.jpg"", ""/content/drive/MyDrive/olx_washingmachine_dataset/images/washmachine_3a63810f2f/5.jpg"", ""/content/drive/MyDrive/olx_washingmachine_dataset/images/washmachine_3a63810f2f/6.jpg"", ""/content/drive/MyDrive/olx_washingmachine_dataset/images/washmachine_3a63810f2f/7.jpg"", ""/content/drive/MyDrive/olx_washingmachine_dataset/images/washmachine_3a63810f2f/8.jpg""]",8,2025-12-09 04:53:50.833825
washmachine_3934c24cb0,https://www.olx.in/item/washing-machines-c1615-samsung-8kg-fully-automatic-5-star-washing-machine-in-dharur-jagtial-iid-1828175757,Samsung 8kg fully automatic 5 star washing machine,Neatly and very less used samsung 5 star 8kg fully automatic washing machine at best price just 1 year old …20 years warranty available. In like new condition - Washing Machines,12499,"[""/content/drive/MyDrive/olx_washingmachine_dataset/images/washmachine_3934c24cb0/1.jpg"", ""/content/drive/MyDrive/olx_washingmachine_dataset/images/washmachine_3934c24cb0/2.jpg"", ""/content/drive/MyDrive/olx_washingmachine_dataset/images/washmachine_3934c24cb0/3.jpg"", ""/content/drive/MyDrive/olx_washingmachine_dataset/images/washmachine_3934c24cb0/4.jpg"", ""/content/drive/MyDrive/olx_washingmachine_dataset/images/washmachine_3934c24cb0/5.jpg"", ""/content/drive/MyDrive/olx_washingmachine_dataset/images/washmachine_3934c24cb0/6.jpg"", ""/content/drive/MyDrive/olx_washingmachine_dataset/images/washmachine_3934c24cb0/7.jpg"", ""/content/drive/MyDrive/olx_washingmachine_dataset/images/washmachine_3934c24cb0/8.jpg""]",8,2025-12-09 04:53:57.648212
washmachine_8638d5ffaa,https://www.olx.in/item/washing-machines-c1615-lg-fully-automatic-with-cover-in-ardee-city-gurgaon-iid-1828729850,LG fully automatic with cover,LG 6.5 kg top load fully automatic washing machine in perfect working condition - Washing Machines,6500,"[""/content/drive/MyDrive/olx_washingmachine_dataset/images/washmachine_8638d5ffaa/1.jpg"", ""/content/drive/MyDrive/olx_washingmachine_dataset/images/washmachine_8638d5ffaa/2.jpg"", ""/content/drive/MyDrive/olx_washingmachine_dataset/images/washmachine_8638d5ffaa/3.jpg"", ""/content/drive/MyDrive/olx_washingmachine_dataset/images/washmachine_8638d5ffaa/4.jpg"", ""/content/drive/MyDrive/olx_washingmachine_dataset/images/washmachine_8638d5ffaa/5.jpg"", ""/content/drive/MyDrive/olx_washingmachine_dataset/images/washmachine_8638d5ffaa/6.jpg"", ""/content/drive/MyDrive/olx_washingmachine_dataset/images/washmachine_8638d5ffaa/7.jpg"", ""/content/drive/MyDrive/olx_washingmachine_dataset/images/washmachine_8638d5ffaa/8.jpg"", ""/content/drive/MyDrive/olx_washingmachine_dataset/images/washmachine_8638d5ffaa/9.jpg"", ""/content/drive/MyDrive/olx_washingmachine_dataset/images/washmachine_8638d5ffaa/10.jpg"", ""/content/drive/MyDrive/olx_washingmachine_dataset/images/washmachine_8638d5ffaa/11.jpg"", ""/content/drive/MyDrive/olx_washingmachine_dataset/images/washmachine_8638d5ffaa/12.jpg"", ""/content/drive/MyDrive/olx_washingmachine_dataset/images/washmachine_8638d5ffaa/13.jpg"", ""/content/drive/MyDrive/olx_washingmachine_dataset/images/washmachine_8638d5ffaa/14.jpg""]",14,2025-12-09 04:54:05.695600
washmachine_1710bc47b3,https://www.olx.in/item/washing-machines-c1615-samsung-washing-machine-very-good-conditions-8kg-in-tapu-basti-bambooflat-iid-1826110010,Samsung washing machine  very good conditions 8.kg,Sumsung washing machine 8.kg Very good condition with cover Address bamboo flat Hope town (new condition) - Washing Machines,10500,"[""/content/drive/MyDrive/olx_washingmachine_dataset/images/washmachine_1710bc47b3/1.jpg"", ""/content/drive/MyDrive/olx_washingmachine_dataset/images/washmachine_1710bc47b3/2.jpg"", ""/content/drive/MyDrive/olx_washingmachine_dataset/images/washmachine_1710bc47b3/3.jpg"", ""/content/drive/MyDrive/olx_washingmachine_dataset/images/washmachine_1710bc47b3/4.jpg"", ""/content/drive/MyDrive/olx_washingmachine_dataset/images/washmachine_1710bc47b3/5.jpg"", ""/content/drive/MyDrive/olx_washingmachine_dataset/images/washmachine_1710bc47b3/6.jpg"", ""/content/drive/MyDrive/olx_washingmachine_dataset/images/washmachine_1710bc47b3/7.jpg"", ""/content/drive/MyDrive/olx_washingmachine_dataset/images/washmachine_1710bc47b3/8.jpg""]",8,2025-12-09 04:54:53.947192
washmachine_195706e642,https://www.olx.in/item/washing-machines-c1615-rent-on-rent-in-pashan-pune-iid-1827824927,Rent on rent,Fridge and washing machine combo 1000 - Washing Machines,450,"[""/content/drive/MyDrive/olx_washingmachine_dataset/images/washmachine_195706e642/1.jpg"", ""/content/drive/MyDrive/olx_washingmachine_dataset/images/washmachine_195706e642/2.jpg"", ""/content/drive/MyDrive/olx_washingmachine_dataset/images/washmachine_195706e642/3.jpg"", ""/content/drive/MyDrive/olx_washingmachine_dataset/images/washmachine_195706e642/4.jpg"", ""/content/drive/MyDrive/olx_washingmachine_dataset/images/washmachine_195706e642/5.jpg"", ""/content/drive/MyDrive/olx_washingmachine_dataset/images/washmachine_195706e642/6.jpg"", ""/content/drive/MyDrive/olx_washingmachine_dataset/images/washmachine_195706e642/7.jpg"", ""/content/drive/MyDrive/olx_washingmachine_dataset/images/washmachine_195706e642/8.jpg""]",8,2025-12-09 04:54:59.841343
washmachine_ce1f67e2e3,https://www.olx.in/item/washing-machines-c1615-samsung-front-load-in-bonkode-navi-mumbai-iid-1828728438,Samsung Front Load,Samsung Front load washing machine. Load capacity 8 kg. Purchase: Sep 2023 No Damages. - Washing Machines,19000,"[""/content/drive/MyDrive/olx_washingmachine_dataset/images/washmachine_ce1f67e2e3/1.jpg"", ""/content/drive/MyDrive/olx_washingmachine_dataset/images/washmachine_ce1f67e2e3/2.jpg"", ""/content/drive/MyDrive/olx_washingmachine_dataset/images/washmachine_ce1f67e2e3/3.jpg"", ""/content/drive/MyDrive/olx_washingmachine_dataset/images/washmachine_ce1f67e2e3/4.jpg"", ""/content/drive/MyDrive/olx_washingmachine_dataset/images/washmachine_ce1f67e2e3/5.jpg"", ""/content/drive/MyDrive/olx_washingmachine_dataset/images/washmachine_ce1f67e2e3/6.jpg"", ""/content/drive/MyDrive/olx_washingmachine_dataset/images/washmachine_ce1f67e2e3/7.jpg"", ""/content/drive/MyDrive/olx_washingmachine_dataset/images/washmachine_ce1f67e2e3/8.jpg""]",8,2025-12-09 04:55:07.120383
washmachine_27fac5a5b7,https://www.olx.in/item/washing-machines-c1615-samsung-ecobubble-digital-inverter-7kg-washing-machine-fully-auto-in-halwara-punjab-iid-1805142149,Samsung Ecobubble digital inverter 7kg washing machine fully auto,Fully auto Only 2 years old - Washing Machines,9500,"[""/content/drive/MyDrive/olx_washingmachine_dataset/images/washmachine_27fac5a5b7/1.jpg"", ""/content/drive/MyDrive/olx_washingmachine_dataset/images/washmachine_27fac5a5b7/2.jpg"", ""/content/drive/MyDrive/olx_washingmachine_dataset/images/washmachine_27fac5a5b7/3.jpg"", ""/content/drive/MyDrive/olx_washingmachine_dataset/images/washmachine_27fac5a5b7/4.jpg"", ""/content/drive/MyDrive/olx_washingmachine_dataset/images/washmachine_27fac5a5b7/5.jpg"", ""/content/drive/MyDrive/olx_washingmachine_dataset/images/washmachine_27fac5a5b7/6.jpg"", ""/content/drive/MyDrive/olx_washingmachine_dataset/images/washmachine_27fac5a5b7/7.jpg"", ""/content/drive/MyDrive/olx_washingmachine_dataset/images/washmachine_27fac5a5b7/8.jpg""]",8,2025-12-09 04:55:54.122905
washmachine_6056f4097e,https://www.olx.in/item/washing-machines-c1615-30persent-off-on-combo-sunday-offer-get-it-now-with-free-shipping-in-green-glen-layout-bengaluru-iid-1825261155,@* 30persent off on combo sunday offer get it now with free shipping;,"PRIME ELECTRONICSS HOME APPLIANCES Price range 1.) Top load fully automatic washing machine starts from (5500) 2.) Front load fully automatic washing machine starts from (7000) 3.) Single door refrigerator starts from (6000) 4.) Doble door refrigerator starts from (8000) 5.) Combo offers available refrigerator and washing machine starts from (12000) Delivery : delivery will be done by our experience driver with in 12 hours one's the order is taken Warranty : six months of service warranty and one year moter warranty for the washing machine and one year of compressor warranty for the refrigerator Instalation : we provides institution with new Accessories like inlet and outlet pipes for washing machine Certified every product undergo rigorous testing and are in flawless working condition. Some parts may have been replaced with high-quality, OEM parts to ensure full functionality. Service : one's you raise the complete to the service senter with in 24 to 48 house service will be done COD : we accept gpay/phone pe/cash on delivery. for more details contact - Washing Machines",6499,"[""/content/drive/MyDrive/olx_washingmachine_dataset/images/washmachine_6056f4097e/1.jpg"", ""/content/drive/MyDrive/olx_washingmachine_dataset/images/washmachine_6056f4097e/2.jpg"", ""/content/drive/MyDrive/olx_washingmachine_dataset/images/washmachine_6056f4097e/3.jpg"", ""/content/drive/MyDrive/olx_washingmachine_dataset/images/washmachine_6056f4097e/4.jpg"", ""/content/drive/MyDrive/olx_washingmachine_dataset/images/washmachine_6056f4097e/5.jpg"", ""/content/drive/MyDrive/olx_washingmachine_dataset/images/washmachine_6056f4097e/6.jpg"", ""/content/drive/MyDrive/olx_washingmachine_dataset/images/washmachine_6056f4097e/7.jpg"", ""/content/drive/MyDrive/olx_washingmachine_dataset/images/washmachine_6056f4097e/8.jpg""]",8,2025-12-09 05:00:21.791249
washmachine_09abfdbd6b,https://www.olx.in/item/washing-machines-c1615-ifb-washing-machine-top-load-in-kadampukur-new-town-iid-1828731030,IFB-Washing Machine Top Load,Washing machine in good condition. PCB board is faulty remaining everything is good. - Washing Machines,3000,"[""/content/drive/MyDrive/olx_washingmachine_dataset/images/washmachine_09abfdbd6b/1.jpg"", ""/content/drive/MyDrive/olx_washingmachine_dataset/images/washmachine_09abfdbd6b/2.jpg"", ""/content/drive/MyDrive/olx_washingmachine_dataset/images/washmachine_09abfdbd6b/3.jpg"", ""/content/drive/MyDrive/olx_washingmachine_dataset/images/washmachine_09abfdbd6b/4.jpg"", ""/content/drive/MyDrive/olx_washingmachine_dataset/images/washmachine_09abfdbd6b/5.jpg"", ""/content/drive/MyDrive/olx_washingmachine_dataset/images/washmachine_09abfdbd6b/6.jpg"", ""/content/drive/MyDrive/olx_washingmachine_dataset/images/washmachine_09abfdbd6b/7.jpg"", ""/content/drive/MyDrive/olx_washingmachine_dataset/images/washmachine_09abfdbd6b/8.jpg""]",8,2025-12-09 05:00:28.346630
washmachine_e997fb0b61,https://www.olx.in/item/washing-machines-c1615-lg-washing-machine-work-6kg-in-elamkulam-kochi-iid-1828728773,Lg washing machine work 6kg,Lg washing machine 6k in working condition place pallurthi - Washing Machines,3500,"[""/content/drive/MyDrive/olx_washingmachine_dataset/images/washmachine_e997fb0b61/1.jpg"", ""/content/drive/MyDrive/olx_washingmachine_dataset/images/washmachine_e997fb0b61/2.jpg"", ""/content/drive/MyDrive/olx_washingmachine_dataset/images/washmachine_e997fb0b61/3.jpg"", ""/content/drive/MyDrive/olx_washingmachine_dataset/images/washmachine_e997fb0b61/4.jpg"", ""/content/drive/MyDrive/olx_washingmachine_dataset/images/washmachine_e997fb0b61/5.jpg"", ""/content/drive/MyDrive/olx_washingmachine_dataset/images/washmachine_e997fb0b61/6.jpg"", ""/content/drive/MyDrive/olx_washingmachine_dataset/images/washmachine_e997fb0b61/7.jpg"", ""/content/drive/MyDrive/olx_washingmachine_dataset/images/washmachine_e997fb0b61/8.jpg""]",8,2025-12-09 05:00:34.398568
washmachine_d41e0e9342,https://www.olx.in/item/washing-machines-c1615-disposable-dona-making-machine-in-basant-colony-chhindwara-iid-1828381329,DISPOSABLE DONA MAKING MACHINE,Condition:- good condition USE:- Machine used only 1 year Urgent need to sell - Washing Machines,35000,"[""/content/drive/MyDrive/olx_washingmachine_dataset/images/washmachine_d41e0e9342/1.jpg"", ""/content/drive/MyDrive/olx_washingmachine_dataset/images/washmachine_d41e0e9342/2.jpg"", ""/content/drive/MyDrive/olx_washingmachine_dataset/images/washmachine_d41e0e9342/3.jpg"", ""/content/drive/MyDrive/olx_washingmachine_dataset/images/washmachine_d41e0e9342/4.jpg"", ""/content/drive/MyDrive/olx_washingmachine_dataset/images/washmachine_d41e0e9342/5.jpg"", ""/content/drive/MyDrive/olx_washingmachine_dataset/images/washmachine_d41e0e9342/6.jpg"", ""/content/drive/MyDrive/olx_washingmachine_dataset/images/washmachine_d41e0e9342/7.jpg"", ""/content/drive/MyDrive/olx_washingmachine_dataset/images/washmachine_d41e0e9342/8.jpg"", ""/content/drive/MyDrive/olx_washingmachine_dataset/images/washmachine_d41e0e9342/9.jpg"", ""/content/drive/MyDrive/olx_washingmachine_dataset/images/washmachine_d41e0e9342/10.jpg"", ""/content/drive/MyDrive/olx_washingmachine_dataset/images/washmachine_d41e0e9342/11.jpg"", ""/content/drive/MyDrive/olx_washingmachine_dataset/images/washmachine_d41e0e9342/12.jpg"", ""/content/drive/MyDrive/olx_washingmachine_dataset/images/washmachine_d41e0e9342/13.jpg"", ""/content/drive/MyDrive/olx_washingmachine_dataset/images/washmachine_d41e0e9342/14.jpg""]",14,2025-12-09 05:01:32.631602
washmachine_c4c4759007,https://www.olx.in/item/washing-machines-c1615-ifb-neptune-dishwasher-excellent-condition-fully-working-in-tavarekere-btm-bengaluru-iid-1828730166,IFB Neptune Dishwasher – Excellent Condition – Fully Working,"Brand: IFB Model: Neptune Series (Full-Size) Capacity: 12 Place Setting Colour: Silver Condition: Very Good – Clean Interior, Fully Functional Usage: Well-maintained, rarely used Features • Multiple wash programs • Stainless steel interior • Two large adjustable racks • Powerful spray arms for deep cleaning • Energy & water efficient • Simple knob + button controls • Durable IFB build quality Condition Details • Exterior in good condition • Interior is spotless • All trays, racks, and spray arms intact • Inlet pipe, outlet pipe, and power cable included • No repairs required – plug and use - Washing Machines",12000,"[""/content/drive/MyDrive/olx_washingmachine_dataset/images/washmachine_c4c4759007/1.jpg"", ""/content/drive/MyDrive/olx_washingmachine_dataset/images/washmachine_c4c4759007/2.jpg"", ""/content/drive/MyDrive/olx_washingmachine_dataset/images/washmachine_c4c4759007/3.jpg"", ""/content/drive/MyDrive/olx_washingmachine_dataset/images/washmachine_c4c4759007/4.jpg"", ""/content/drive/MyDrive/olx_washingmachine_dataset/images/washmachine_c4c4759007/5.jpg"", ""/content/drive/MyDrive/olx_washingmachine_dataset/images/washmachine_c4c4759007/6.jpg"", ""/content/drive/MyDrive/olx_washingmachine_dataset/images/washmachine_c4c4759007/7.jpg"", ""/content/drive/MyDrive/olx_washingmachine_dataset/images/washmachine_c4c4759007/8.jpg""]",8,2025-12-09 05:01:39.368126
washmachine_3aaf10dd8b,https://www.olx.in/item/washing-machines-c1615-lg-washin-machin-in-saroop-nagar-hoshiarpur-iid-1825223070,Lg washin machin,Lg top load washing Machine - Washing Machines,8500,"[""/content/drive/MyDrive/olx_washingmachine_dataset/images/washmachine_3aaf10dd8b/1.jpg"", ""/content/drive/MyDrive/olx_washingmachine_dataset/images/washmachine_3aaf10dd8b/2.jpg"", ""/content/drive/MyDrive/olx_washingmachine_dataset/images/washmachine_3aaf10dd8b/3.jpg"", ""/content/drive/MyDrive/olx_washingmachine_dataset/images/washmachine_3aaf10dd8b/4.jpg"", ""/content/drive/MyDrive/olx_washingmachine_dataset/images/washmachine_3aaf10dd8b/5.jpg"", ""/content/drive/MyDrive/olx_washingmachine_dataset/images/washmachine_3aaf10dd8b/6.jpg"", ""/content/drive/MyDrive/olx_washingmachine_dataset/images/washmachine_3aaf10dd8b/7.jpg"", ""/content/drive/MyDrive/olx_washingmachine_dataset/images/washmachine_3aaf10dd8b/8.jpg""]",8,2025-12-09 05:04:41.966361
washmachine_37c0e0390c,https://www.olx.in/item/washing-machines-c1615-id126samsung-digital-6-kg-fully-automatic-washing-machine-with-buyback-in-varthur-bengaluru-iid-1811764910,Id126Samsung Digital 6 kg fully automatic washing machine with buyback,Home appliances available: *Combo starting from rupees12000/- only *Single door starting from rupees 6000/- only *Double door starting from rupees 7000/- only *Top load washingmachine starting from 6000/- only *Frontload washing machine starting from 7000/- only Used home appliances available in excellent running condition with 1 year warranty 6 months free service free home delivery installation demo brand new inlet and outlet pies free. Buy back guarantee: If your willing to return the product within 15 months will give 50% off bought amount of the product and after 15 months will give 40% buy back guarantee .. More details contact us Thank you.. - Washing Machines,6499,"[""/content/drive/MyDrive/olx_washingmachine_dataset/images/washmachine_37c0e0390c/1.jpg"", ""/content/drive/MyDrive/olx_washingmachine_dataset/images/washmachine_37c0e0390c/2.jpg"", ""/content/drive/MyDrive/olx_washingmachine_dataset/images/washmachine_37c0e0390c/3.jpg"", ""/content/drive/MyDrive/olx_washingmachine_dataset/images/washmachine_37c0e0390c/4.jpg"", ""/content/drive/MyDrive/olx_washingmachine_dataset/images/washmachine_37c0e0390c/5.jpg"", ""/content/drive/MyDrive/olx_washingmachine_dataset/images/washmachine_37c0e0390c/6.jpg"", ""/content/drive/MyDrive/olx_washingmachine_dataset/images/washmachine_37c0e0390c/7.jpg"", ""/content/drive/MyDrive/olx_washingmachine_dataset/images/washmachine_37c0e0390c/8.jpg""]",8,2025-12-09 05:04:48.676777
washmachine_153bc6e312,https://www.olx.in/item/washing-machines-c1615-gas-geyser-in-shahdara-delhi-iid-1828727875,Gas geyser,Working well maintained gas geyser for sale.salling due to having two no space to store. - Washing Machines,2000,"[""/content/drive/MyDrive/olx_washingmachine_dataset/images/washmachine_153bc6e312/1.jpg"", ""/content/drive/MyDrive/olx_washingmachine_dataset/images/washmachine_153bc6e312/2.jpg"", ""/content/drive/MyDrive/olx_washingmachine_dataset/images/washmachine_153bc6e312/3.jpg"", ""/content/drive/MyDrive/olx_washingmachine_dataset/images/washmachine_153bc6e312/4.jpg"", ""/content/drive/MyDrive/olx_washingmachine_dataset/images/washmachine_153bc6e312/5.jpg"", ""/content/drive/MyDrive/olx_washingmachine_dataset/images/washmachine_153bc6e312/6.jpg"", ""/content/drive/MyDrive/olx_washingmachine_dataset/images/washmachine_153bc6e312/7.jpg"", ""/content/drive/MyDrive/olx_washingmachine_dataset/images/washmachine_153bc6e312/8.jpg""]",8,2025-12-09 05:04:56.981633
washmachine_c45c1d0227,https://www.olx.in/item/washing-machines-c1615-lg-fully-automatic-machine-in-airport-road-amritsar-iid-1828727431,LG fully automatic machine,"2013 model, 7.5 kg fully automatic washing machine, top load, properly working - Washing Machines",6000,"[""/content/drive/MyDrive/olx_washingmachine_dataset/images/washmachine_c45c1d0227/1.jpg"", ""/content/drive/MyDrive/olx_washingmachine_dataset/images/washmachine_c45c1d0227/2.jpg"", ""/content/drive/MyDrive/olx_washingmachine_dataset/images/washmachine_c45c1d0227/3.jpg"", ""/content/drive/MyDrive/olx_washingmachine_dataset/images/washmachine_c45c1d0227/4.jpg"", ""/content/drive/MyDrive/olx_washingmachine_dataset/images/washmachine_c45c1d0227/5.jpg"", ""/content/drive/MyDrive/olx_washingmachine_dataset/images/washmachine_c45c1d0227/6.jpg"", ""/content/drive/MyDrive/olx_washingmachine_dataset/images/washmachine_c45c1d0227/7.jpg"", ""/content/drive/MyDrive/olx_washingmachine_dataset/images/washmachine_c45c1d0227/8.jpg""]",8,2025-12-09 05:05:44.138861
washmachine_91df6ee530,https://www.olx.in/item/washing-machines-c1615-best-combo-offer-at-get-electronic-whirlpool-fridge-and-godrej-machine-in-jakkasandra-bengaluru-iid-1796016429,Best combo offer at get electronic Whirlpool fridge and godrej machine,GET ELECTRONICS: Branches Located : Nagawara Marathahalli HSR layout Kasavanahalli Home appliances available: *Combo starting from rupees12000/- only *Single door starting from rupees 6000/- only *Double door starting from rupees 7000/- only *Top load washingmachine starting from 6000/- only *Frontload washing machine starting from 7000/- only Used home appliances available in excellent running condition with 1 year warranty 6 months free service free home delivery installation demo brand new inlet and outlet pies free. Buy back guarantee: If your willing to return the product within 15 months will give 50% off bought amount of the product and after 15 months will give 40% buy back guarantee .. More details contact us Thank you.. - Washing Machines,11999,"[""/content/drive/MyDrive/olx_washingmachine_dataset/images/washmachine_91df6ee530/1.jpg"", ""/content/drive/MyDrive/olx_washingmachine_dataset/images/washmachine_91df6ee530/2.jpg"", ""/content/drive/MyDrive/olx_washingmachine_dataset/images/washmachine_91df6ee530/3.jpg"", ""/content/drive/MyDrive/olx_washingmachine_dataset/images/washmachine_91df6ee530/4.jpg"", ""/content/drive/MyDrive/olx_washingmachine_dataset/images/washmachine_91df6ee530/5.jpg"", ""/content/drive/MyDrive/olx_washingmachine_dataset/images/washmachine_91df6ee530/6.jpg"", ""/content/drive/MyDrive/olx_washingmachine_dataset/images/washmachine_91df6ee530/7.jpg"", ""/content/drive/MyDrive/olx_washingmachine_dataset/images/washmachine_91df6ee530/8.jpg"", ""/content/drive/MyDrive/olx_washingmachine_dataset/images/washmachine_91df6ee530/9.jpg"", ""/content/drive/MyDrive/olx_washingmachine_dataset/images/washmachine_91df6ee530/10.jpg"", ""/content/drive/MyDrive/olx_washingmachine_dataset/images/washmachine_91df6ee530/11.jpg"", ""/content/drive/MyDrive/olx_washingmachine_dataset/images/washmachine_91df6ee530/12.jpg"", ""/content/drive/MyDrive/olx_washingmachine_dataset/images/washmachine_91df6ee530/13.jpg"", ""/content/drive/MyDrive/olx_washingmachine_dataset/images/washmachine_91df6ee530/14.jpg"", ""/content/drive/MyDrive/olx_washingmachine_dataset/images/washmachine_91df6ee530/15.jpg""]",15,2025-12-09 05:08:49.533130
washmachine_b4f79379a6,https://www.olx.in/item/washing-machines-c1615-whirlpool-75kg-top-load-automatic-machine-in-porur-chennai-iid-1827542391,Whirlpool 7.5kg top load automatic machine,Gud condition and working - Washing Machines,7500,"[""/content/drive/MyDrive/olx_washingmachine_dataset/images/washmachine_b4f79379a6/1.jpg"", ""/content/drive/MyDrive/olx_washingmachine_dataset/images/washmachine_b4f79379a6/2.jpg"", ""/content/drive/MyDrive/olx_washingmachine_dataset/images/washmachine_b4f79379a6/3.jpg"", ""/content/drive/MyDrive/olx_washingmachine_dataset/images/washmachine_b4f79379a6/4.jpg"", ""/content/drive/MyDrive/olx_washingmachine_dataset/images/washmachine_b4f79379a6/5.jpg"", ""/content/drive/MyDrive/olx_washingmachine_dataset/images/washmachine_b4f79379a6/6.jpg"", ""/content/drive/MyDrive/olx_washingmachine_dataset/images/washmachine_b4f79379a6/7.jpg"", ""/content/drive/MyDrive/olx_washingmachine_dataset/images/washmachine_b4f79379a6/8.jpg"", ""/content/drive/MyDrive/olx_washingmachine_dataset/images/washmachine_b4f79379a6/9.jpg"", ""/content/drive/MyDrive/olx_washingmachine_dataset/images/washmachine_b4f79379a6/10.jpg""]",10,2025-12-09 05:08:58.514598
washmachine_fe0b436e7c,https://www.olx.in/item/washing-machines-c1615-whirlpool-washing-machine-in-chakeisaini-bhubaneshwar-iid-1828727692,Whirlpool washing machine,5 years old washing machine - Washing Machines,4000,"[""/content/drive/MyDrive/olx_washingmachine_dataset/images/washmachine_fe0b436e7c/1.jpg"", ""/content/drive/MyDrive/olx_washingmachine_dataset/images/washmachine_fe0b436e7c/2.jpg"", ""/content/drive/MyDrive/olx_washingmachine_dataset/images/washmachine_fe0b436e7c/3.jpg"", ""/content/drive/MyDrive/olx_washingmachine_dataset/images/washmachine_fe0b436e7c/4.jpg"", ""/content/drive/MyDrive/olx_washingmachine_dataset/images/washmachine_fe0b436e7c/5.jpg"", ""/content/drive/MyDrive/olx_washingmachine_dataset/images/washmachine_fe0b436e7c/6.jpg"", ""/content/drive/MyDrive/olx_washingmachine_dataset/images/washmachine_fe0b436e7c/7.jpg"", ""/content/drive/MyDrive/olx_washingmachine_dataset/images/washmachine_fe0b436e7c/8.jpg""]",8,2025-12-09 05:12:42.783589
washmachine_72b992aa61,https://www.olx.in/item/washing-machines-c1615-washing-machine-in-hunasamaranahalli-bengaluru-iid-1828726985,Washing machine,"Whirlpool 7 kg Top Load, 6th Sense technology, ZPF Technology, 8 Wash Program, Grey, 5 Star (WhiteMagic Elite) - Washing Machines",6500,"[""/content/drive/MyDrive/olx_washingmachine_dataset/images/washmachine_72b992aa61/1.jpg"", ""/content/drive/MyDrive/olx_washingmachine_dataset/images/washmachine_72b992aa61/2.jpg"", ""/content/drive/MyDrive/olx_washingmachine_dataset/images/washmachine_72b992aa61/3.jpg"", ""/content/drive/MyDrive/olx_washingmachine_dataset/images/washmachine_72b992aa61/4.jpg"", ""/content/drive/MyDrive/olx_washingmachine_dataset/images/washmachine_72b992aa61/5.jpg"", ""/content/drive/MyDrive/olx_washingmachine_dataset/images/washmachine_72b992aa61/6.jpg"", ""/content/drive/MyDrive/olx_washingmachine_dataset/images/washmachine_72b992aa61/7.jpg"", ""/content/drive/MyDrive/olx_washingmachine_dataset/images/washmachine_72b992aa61/8.jpg""]",8,2025-12-09 05:12:50.934184
washmachine_02952de8ba,https://www.olx.in/item/washing-machines-c1615-lakshmi-washing-machine-in-ramapuram-chennai-iid-1828076729,Lakshmi washing machine,"Like-new condition! Bought 3 months ago and used very lightly. No scratches, no issues — works perfectly. Selling only because I shift to new room - Washing Machines",2900,"[""/content/drive/MyDrive/olx_washingmachine_dataset/images/washmachine_02952de8ba/1.jpg"", ""/content/drive/MyDrive/olx_washingmachine_dataset/images/washmachine_02952de8ba/2.jpg"", ""/content/drive/MyDrive/olx_washingmachine_dataset/images/washmachine_02952de8ba/3.jpg"", ""/content/drive/MyDrive/olx_washingmachine_dataset/images/washmachine_02952de8ba/4.jpg"", ""/content/drive/MyDrive/olx_washingmachine_dataset/images/washmachine_02952de8ba/5.jpg"", ""/content/drive/MyDrive/olx_washingmachine_dataset/images/washmachine_02952de8ba/6.jpg"", ""/content/drive/MyDrive/olx_washingmachine_dataset/images/washmachine_02952de8ba/7.jpg"", ""/content/drive/MyDrive/olx_washingmachine_dataset/images/washmachine_02952de8ba/8.jpg""]",8,2025-12-09 05:13:38.550189
washmachine_065e99e754,https://www.olx.in/item/washing-machines-c1615-id41whirlpool-123-white-magic-marrow-colour-fully-automatic-machine-in-jeevan-bima-nagar-bengaluru-iid-1810666119,Id41Whirlpool 123 white magic marrow colour fully automatic machine,Home appliances available: *Combo starting from rupees12000/- only *Single door starting from rupees 6000/- only *Double door starting from rupees 7000/- only *Top load washingmachine starting from 6000/- only *Frontload washing machine starting from 7000/- only Used home appliances available in excellent running condition with 1 year warranty 6 months free service free home delivery installation demo brand new inlet and outlet pies free. Buy back guarantee: If your willing to return the product within 15 months will give 50% off bought amount of the product and after 15 months will give 40% buy back guarantee .. More details contact us Thank you.. - Washing Machines,6499,"[""/content/drive/MyDrive/olx_washingmachine_dataset/images/washmachine_065e99e754/1.jpg"", ""/content/drive/MyDrive/olx_washingmachine_dataset/images/washmachine_065e99e754/2.jpg"", ""/content/drive/MyDrive/olx_washingmachine_dataset/images/washmachine_065e99e754/3.jpg"", ""/content/drive/MyDrive/olx_washingmachine_dataset/images/washmachine_065e99e754/4.jpg"", ""/content/drive/MyDrive/olx_washingmachine_dataset/images/washmachine_065e99e754/5.jpg"", ""/content/drive/MyDrive/olx_washingmachine_dataset/images/washmachine_065e99e754/6.jpg"", ""/content/drive/MyDrive/olx_washingmachine_dataset/images/washmachine_065e99e754/7.jpg"", ""/content/drive/MyDrive/olx_washingmachine_dataset/images/washmachine_065e99e754/8.jpg"", ""/content/drive/MyDrive/olx_washingmachine_dataset/images/washmachine_065e99e754/9.jpg"", ""/content/drive/MyDrive/olx_washingmachine_dataset/images/washmachine_065e99e754/10.jpg""]",10,2025-12-09 05:13:46.087617
washmachine_1c4c0b448a,https://www.olx.in/item/washing-machines-c1615-water-pump-in-rairangpur-odisha-iid-1827840577,Water pump,Water pump machine 5 month good machine no damage - Washing Machines,2600,"[""/content/drive/MyDrive/olx_washingmachine_dataset/images/washmachine_1c4c0b448a/1.jpg"", ""/content/drive/MyDrive/olx_washingmachine_dataset/images/washmachine_1c4c0b448a/2.jpg"", ""/content/drive/MyDrive/olx_washingmachine_dataset/images/washmachine_1c4c0b448a/3.jpg"", ""/content/drive/MyDrive/olx_washingmachine_dataset/images/washmachine_1c4c0b448a/4.jpg"", ""/content/drive/MyDrive/olx_washingmachine_dataset/images/washmachine_1c4c0b448a/5.jpg"", ""/content/drive/MyDrive/olx_washingmachine_dataset/images/washmachine_1c4c0b448a/6.jpg"", ""/content/drive/MyDrive/olx_washingmachine_dataset/images/washmachine_1c4c0b448a/7.jpg"", ""/content/drive/MyDrive/olx_washingmachine_dataset/images/washmachine_1c4c0b448a/8.jpg""]",8,2025-12-09 05:13:52.742086
washmachine_0455a2bee8,https://www.olx.in/item/washing-machines-c1615-12-month-warranty-washing-machine-for-sale-in-kharadi-pune-iid-1818427594,12 month warranty washing machine for sale,Proper working condition. Brand samsung. Fully automatic. With 12 month warranty. - Washing Machines,5999,"[""/content/drive/MyDrive/olx_washingmachine_dataset/images/washmachine_0455a2bee8/1.jpg"", ""/content/drive/MyDrive/olx_washingmachine_dataset/images/washmachine_0455a2bee8/2.jpg"", ""/content/drive/MyDrive/olx_washingmachine_dataset/images/washmachine_0455a2bee8/3.jpg"", ""/content/drive/MyDrive/olx_washingmachine_dataset/images/washmachine_0455a2bee8/4.jpg"", ""/content/drive/MyDrive/olx_washingmachine_dataset/images/washmachine_0455a2bee8/5.jpg"", ""/content/drive/MyDrive/olx_washingmachine_dataset/images/washmachine_0455a2bee8/6.jpg"", ""/content/drive/MyDrive/olx_washingmachine_dataset/images/washmachine_0455a2bee8/7.jpg"", ""/content/drive/MyDrive/olx_washingmachine_dataset/images/washmachine_0455a2bee8/8.jpg""]",8,2025-12-09 05:15:22.740889
washmachine_2a02d96f13,https://www.olx.in/item/washing-machines-c1615-godrej-65kg-fully-automatic-in-brigade-road-bengaluru-iid-1827438529,Godrej 6.5kg Fully automatic,"Visit our website for more options: www .yourchoiz. in Flat ₹500 OFF + Cash on Delivery Use code: NAMMAYOURCHOIZ at www .yourchoiz. in Refurbished Appliances at Best Price – Quality You Can Trust! Looking for affordable home appliances without compromising on quality? Our refurbished refrigerators and washing machines are carefully inspected, fully tested, and restored to perfect working condition by experts. Why Choose Us? Fully tested and repaired if needed Professionally cleaned and sanitized Minor cosmetic marks possible, but 100% functional Environment-friendly and budget-friendly Available Products: Single Door Refrigerator – Starting at just ₹5499 Double Door Refrigerator – Starting at ₹7499 Top Load Washing Machine – Starting at ₹5499 Front Load Washing Machine – Starting at ₹7499 Warranty: 1 Year Warranty on Motor and Compressor Free delivery available in Bangalore Visit us today and give your home a smart upgrade at a smart price! - Washing Machines",6499,"[""/content/drive/MyDrive/olx_washingmachine_dataset/images/washmachine_2a02d96f13/1.jpg"", ""/content/drive/MyDrive/olx_washingmachine_dataset/images/washmachine_2a02d96f13/2.jpg"", ""/content/drive/MyDrive/olx_washingmachine_dataset/images/washmachine_2a02d96f13/3.jpg"", ""/content/drive/MyDrive/olx_washingmachine_dataset/images/washmachine_2a02d96f13/4.jpg"", ""/content/drive/MyDrive/olx_washingmachine_dataset/images/washmachine_2a02d96f13/5.jpg"", ""/content/drive/MyDrive/olx_washingmachine_dataset/images/washmachine_2a02d96f13/6.jpg"", ""/content/drive/MyDrive/olx_washingmachine_dataset/images/washmachine_2a02d96f13/7.jpg"", ""/content/drive/MyDrive/olx_washingmachine_dataset/images/washmachine_2a02d96f13/8.jpg""]",8,2025-12-09 05:18:25.665542
washmachine_54df2f4156,https://www.olx.in/item/washing-machines-c1615-overlock-macine-modal-2021flatelock-macine-modal-2021-in-vidyapith-chauraha-udaipur-iid-1828726761,Overlock macine  modal 2021Flatelock macine  modal 2021,Flatelock macine modal 2021 overlock macine modal 2021 - Washing Machines,60000,"[""/content/drive/MyDrive/olx_washingmachine_dataset/images/washmachine_54df2f4156/1.jpg"", ""/content/drive/MyDrive/olx_washingmachine_dataset/images/washmachine_54df2f4156/2.jpg"", ""/content/drive/MyDrive/olx_washingmachine_dataset/images/washmachine_54df2f4156/3.jpg"", ""/content/drive/MyDrive/olx_washingmachine_dataset/images/washmachine_54df2f4156/4.jpg"", ""/content/drive/MyDrive/olx_washingmachine_dataset/images/washmachine_54df2f4156/5.jpg"", ""/content/drive/MyDrive/olx_washingmachine_dataset/images/washmachine_54df2f4156/6.jpg"", ""/content/drive/MyDrive/olx_washingmachine_dataset/images/washmachine_54df2f4156/7.jpg"", ""/content/drive/MyDrive/olx_washingmachine_dataset/images/washmachine_54df2f4156/8.jpg""]",8,2025-12-09 05:19:56.258018
washmachine_c6dbf5ce99,https://www.olx.in/item/washing-machines-c1615-id114-lg-190-ltrs-single-door-refrigerator-with-free-shipping-buyback-in-cv-raman-nagar-bengaluru-iid-1811764856,Id114 Lg 190 ltrs single door refrigerator with free shipping& buyback,Home appliances available: *Combo starting from rupees12000/- only *Single door starting from rupees 6000/- only *Double door starting from rupees 7000/- only *Top load washingmachine starting from 6000/- only *Frontload washing machine starting from 7000/- only Used home appliances available in excellent running condition with 1 year warranty 6 months free service free home delivery installation demo brand new inlet and outlet pies free. Buy back guarantee: If your willing to return the product within 15 months will give 50% off bought amount of the product and after 15 months will give 40% buy back guarantee .. More details contact us Thank you.. - Washing Machines,6499,"[""/content/drive/MyDrive/olx_washingmachine_dataset/images/washmachine_c6dbf5ce99/1.jpg"", ""/content/drive/MyDrive/olx_washingmachine_dataset/images/washmachine_c6dbf5ce99/2.jpg"", ""/content/drive/MyDrive/olx_washingmachine_dataset/images/washmachine_c6dbf5ce99/3.jpg"", ""/content/drive/MyDrive/olx_washingmachine_dataset/images/washmachine_c6dbf5ce99/4.jpg"", ""/content/drive/MyDrive/olx_washingmachine_dataset/images/washmachine_c6dbf5ce99/5.jpg"", ""/content/drive/MyDrive/olx_washingmachine_dataset/images/washmachine_c6dbf5ce99/6.jpg"", ""/content/drive/MyDrive/olx_washingmachine_dataset/images/washmachine_c6dbf5ce99/7.jpg"", ""/content/drive/MyDrive/olx_washingmachine_dataset/images/washmachine_c6dbf5ce99/8.jpg""]",8,2025-12-09 05:20:03.126566
washmachine_c701abf103,https://www.olx.in/item/washing-machines-c1615-refurbished-washing-machines-in-ab-nagar-tiruppur-iid-1825727483,Refurbished Washing Machines,Samsung Wobble 6.2 Kg Top Load Good Excellent Working Condition Well Maintained And Less Used Only Free Brand New Inlet And Outlet Hose 6 Month's Warranty Dont Miss it E Tech Engineering Refrigeration And Air Conditioning - Washing Machines,7800,"[""/content/drive/MyDrive/olx_washingmachine_dataset/images/washmachine_c701abf103/1.jpg"", ""/content/drive/MyDrive/olx_washingmachine_dataset/images/washmachine_c701abf103/2.jpg"", ""/content/drive/MyDrive/olx_washingmachine_dataset/images/washmachine_c701abf103/3.jpg"", ""/content/drive/MyDrive/olx_washingmachine_dataset/images/washmachine_c701abf103/4.jpg"", ""/content/drive/MyDrive/olx_washingmachine_dataset/images/washmachine_c701abf103/5.jpg"", ""/content/drive/MyDrive/olx_washingmachine_dataset/images/washmachine_c701abf103/6.jpg"", ""/content/drive/MyDrive/olx_washingmachine_dataset/images/washmachine_c701abf103/7.jpg"", ""/content/drive/MyDrive/olx_washingmachine_dataset/images/washmachine_c701abf103/8.jpg"", ""/content/drive/MyDrive/olx_washingmachine_dataset/images/washmachine_c701abf103/9.jpg"", ""/content/drive/MyDrive/olx_washingmachine_dataset/images/washmachine_c701abf103/10.jpg""]",10,2025-12-09 05:20:12.250950
washmachine_19140fc522,https://www.olx.in/item/washing-machines-c1615-l-g-washing-machine-in-hastinapuram-hyderabad-iid-1828727185,L g washing machine,100 % Dry. L g 9 kg top end machine - Washing Machines,45000,"[""/content/drive/MyDrive/olx_washingmachine_dataset/images/washmachine_19140fc522/1.jpg"", ""/content/drive/MyDrive/olx_washingmachine_dataset/images/washmachine_19140fc522/2.jpg"", ""/content/drive/MyDrive/olx_washingmachine_dataset/images/washmachine_19140fc522/3.jpg"", ""/content/drive/MyDrive/olx_washingmachine_dataset/images/washmachine_19140fc522/4.jpg"", ""/content/drive/MyDrive/olx_washingmachine_dataset/images/washmachine_19140fc522/5.jpg"", ""/content/drive/MyDrive/olx_washingmachine_dataset/images/washmachine_19140fc522/6.jpg"", ""/content/drive/MyDrive/olx_washingmachine_dataset/images/washmachine_19140fc522/7.jpg"", ""/content/drive/MyDrive/olx_washingmachine_dataset/images/washmachine_19140fc522/8.jpg""]",8,2025-12-09 05:20:58.560616
washmachine_a8fca7f62d,https://www.olx.in/item/washing-machines-c1615-id47whirlpool-ice-magic-flower-print-model-190-ltrs-single-door-in-rt-nagar-bengaluru-iid-1810668017,Id47Whirlpool ice magic flower print model 190 ltrs single door,Home appliances available: *Combo starting from rupees12000/- only *Single door starting from rupees 6000/- only *Double door starting from rupees 7000/- only *Top load washingmachine starting from 6000/- only *Frontload washing machine starting from 7000/- only Used home appliances available in excellent running condition with 1 year warranty 6 months free service free home delivery installation demo brand new inlet and outlet pies free. Buy back guarantee: If your willing to return the product within 15 months will give 50% off bought amount of the product and after 15 months will give 40% buy back guarantee .. More details contact us Thank you.. - Washing Machines,8499,"[""/content/drive/MyDrive/olx_washingmachine_dataset/images/washmachine_a8fca7f62d/1.jpg"", ""/content/drive/MyDrive/olx_washingmachine_dataset/images/washmachine_a8fca7f62d/2.jpg"", ""/content/drive/MyDrive/olx_washingmachine_dataset/images/washmachine_a8fca7f62d/3.jpg"", ""/content/drive/MyDrive/olx_washingmachine_dataset/images/washmachine_a8fca7f62d/4.jpg"", ""/content/drive/MyDrive/olx_washingmachine_dataset/images/washmachine_a8fca7f62d/5.jpg"", ""/content/drive/MyDrive/olx_washingmachine_dataset/images/washmachine_a8fca7f62d/6.jpg"", ""/content/drive/MyDrive/olx_washingmachine_dataset/images/washmachine_a8fca7f62d/7.jpg"", ""/content/drive/MyDrive/olx_washingmachine_dataset/images/washmachine_a8fca7f62d/8.jpg"", ""/content/drive/MyDrive/olx_washingmachine_dataset/images/washmachine_a8fca7f62d/9.jpg"", ""/content/drive/MyDrive/olx_washingmachine_dataset/images/washmachine_a8fca7f62d/10.jpg""]",10,2025-12-09 05:21:05.473662
washmachine_69eb07fe99,https://www.olx.in/item/washing-machines-c1615-siemens-front-load-fully-automatic-washing-machine-in-thane-west-thane-iid-1826258989,Siemens Front Load fully automatic Washing Machine,Relocation - Washing Machines,18000,"[""/content/drive/MyDrive/olx_washingmachine_dataset/images/washmachine_69eb07fe99/1.jpg"", ""/content/drive/MyDrive/olx_washingmachine_dataset/images/washmachine_69eb07fe99/2.jpg"", ""/content/drive/MyDrive/olx_washingmachine_dataset/images/washmachine_69eb07fe99/3.jpg"", ""/content/drive/MyDrive/olx_washingmachine_dataset/images/washmachine_69eb07fe99/4.jpg"", ""/content/drive/MyDrive/olx_washingmachine_dataset/images/washmachine_69eb07fe99/5.jpg"", ""/content/drive/MyDrive/olx_washingmachine_dataset/images/washmachine_69eb07fe99/6.jpg"", ""/content/drive/MyDrive/olx_washingmachine_dataset/images/washmachine_69eb07fe99/7.jpg"", ""/content/drive/MyDrive/olx_washingmachine_dataset/images/washmachine_69eb07fe99/8.jpg""]",8,2025-12-09 05:21:51.371584
washmachine_b45240cfe6,https://www.olx.in/item/washing-machines-c1615-lg-top-load-washing-machine-75-kg-in-hansapal-bhubaneshwar-iid-1828727764,LG top load washing machine 7.5 kg,Good condition - Washing Machines,6000,"[""/content/drive/MyDrive/olx_washingmachine_dataset/images/washmachine_b45240cfe6/1.jpg"", ""/content/drive/MyDrive/olx_washingmachine_dataset/images/washmachine_b45240cfe6/2.jpg"", ""/content/drive/MyDrive/olx_washingmachine_dataset/images/washmachine_b45240cfe6/3.jpg"", ""/content/drive/MyDrive/olx_washingmachine_dataset/images/washmachine_b45240cfe6/4.jpg"", ""/content/drive/MyDrive/olx_washingmachine_dataset/images/washmachine_b45240cfe6/5.jpg"", ""/content/drive/MyDrive/olx_washingmachine_dataset/images/washmachine_b45240cfe6/6.jpg"", ""/content/drive/MyDrive/olx_washingmachine_dataset/images/washmachine_b45240cfe6/7.jpg"", ""/content/drive/MyDrive/olx_washingmachine_dataset/images/washmachine_b45240cfe6/8.jpg""]",8,2025-12-09 05:22:39.590939
washmachine_bd0bbd50db,https://www.olx.in/item/washing-machines-c1615-whirlpool-65kg-fully-automatic-washing-machine-in-hardoi-industrial-area-hardoi-iid-1828727726,Whirlpool 6.5kg Fully automatic Washing machine,"Very good condition working Whirlpool 6.5 kg Automatic Washing machine, 10 year moter warranty, 6 years old ,urgent sale. Contact only local only. - Washing Machines",11000,"[""/content/drive/MyDrive/olx_washingmachine_dataset/images/washmachine_bd0bbd50db/1.jpg"", ""/content/drive/MyDrive/olx_washingmachine_dataset/images/washmachine_bd0bbd50db/2.jpg"", ""/content/drive/MyDrive/olx_washingmachine_dataset/images/washmachine_bd0bbd50db/3.jpg"", ""/content/drive/MyDrive/olx_washingmachine_dataset/images/washmachine_bd0bbd50db/4.jpg"", ""/content/drive/MyDrive/olx_washingmachine_dataset/images/washmachine_bd0bbd50db/5.jpg"", ""/content/drive/MyDrive/olx_washingmachine_dataset/images/washmachine_bd0bbd50db/6.jpg"", ""/content/drive/MyDrive/olx_washingmachine_dataset/images/washmachine_bd0bbd50db/7.jpg"", ""/content/drive/MyDrive/olx_washingmachine_dataset/images/washmachine_bd0bbd50db/8.jpg"", ""/content/drive/MyDrive/olx_washingmachine_dataset/images/washmachine_bd0bbd50db/9.jpg"", ""/content/drive/MyDrive/olx_washingmachine_dataset/images/washmachine_bd0bbd50db/10.jpg"", ""/content/drive/MyDrive/olx_washingmachine_dataset/images/washmachine_bd0bbd50db/11.jpg"", ""/content/drive/MyDrive/olx_washingmachine_dataset/images/washmachine_bd0bbd50db/12.jpg"", ""/content/drive/MyDrive/olx_washingmachine_dataset/images/washmachine_bd0bbd50db/13.jpg"", ""/content/drive/MyDrive/olx_washingmachine_dataset/images/washmachine_bd0bbd50db/14.jpg""]",14,2025-12-09 05:22:50.194042
washmachine_b27c4848b5,https://www.olx.in/item/washing-machines-c1615-whirlpool-topload-75kg-in-porur-chennai-iid-1827125950,Whirlpool topload 7.5kg,Wm good condition - Washing Machines,7500,"[""/content/drive/MyDrive/olx_washingmachine_dataset/images/washmachine_b27c4848b5/1.jpg"", ""/content/drive/MyDrive/olx_washingmachine_dataset/images/washmachine_b27c4848b5/2.jpg"", ""/content/drive/MyDrive/olx_washingmachine_dataset/images/washmachine_b27c4848b5/3.jpg"", ""/content/drive/MyDrive/olx_washingmachine_dataset/images/washmachine_b27c4848b5/4.jpg"", ""/content/drive/MyDrive/olx_washingmachine_dataset/images/washmachine_b27c4848b5/5.jpg"", ""/content/drive/MyDrive/olx_washingmachine_dataset/images/washmachine_b27c4848b5/6.jpg"", ""/content/drive/MyDrive/olx_washingmachine_dataset/images/washmachine_b27c4848b5/7.jpg"", ""/content/drive/MyDrive/olx_washingmachine_dataset/images/washmachine_b27c4848b5/8.jpg""]",8,2025-12-09 05:23:36.306562
washmachine_ceb218d0e4,https://www.olx.in/item/washing-machines-c1615-brand-new-sing-door-whirlpool-184ltrs-with-5years-warnty-1year-service-in-central-jail-road-bengaluru-iid-1812803148,Brand New sing door Whirlpool 184ltrs with 5years warnty 1year service,we provide you 5 year warranty on compressor 1year free service with installation demo brand new alert and outlet pipe + 50% by back policy within 15 months 50% we provide after 15 months 40% 30% depending on the working condition - Washing Machines,13800,"[""/content/drive/MyDrive/olx_washingmachine_dataset/images/washmachine_ceb218d0e4/1.jpg"", ""/content/drive/MyDrive/olx_washingmachine_dataset/images/washmachine_ceb218d0e4/2.jpg"", ""/content/drive/MyDrive/olx_washingmachine_dataset/images/washmachine_ceb218d0e4/3.jpg"", ""/content/drive/MyDrive/olx_washingmachine_dataset/images/washmachine_ceb218d0e4/4.jpg"", ""/content/drive/MyDrive/olx_washingmachine_dataset/images/washmachine_ceb218d0e4/5.jpg"", ""/content/drive/MyDrive/olx_washingmachine_dataset/images/washmachine_ceb218d0e4/6.jpg"", ""/content/drive/MyDrive/olx_washingmachine_dataset/images/washmachine_ceb218d0e4/7.jpg"", ""/content/drive/MyDrive/olx_washingmachine_dataset/images/washmachine_ceb218d0e4/8.jpg""]",8,2025-12-09 05:23:44.587865
washmachine_a00364986b,https://www.olx.in/item/washing-machines-c1615-samsung-brand-new-washing-machineand-zebronics-multimedia-speaker-in-shri-vijaynagar-naval-colony-visakhapatnam-iid-1826451493,"Samsung brand new washing machine,and Zebronics multimedia speaker","Samsung 7kg front load washing machine(35k),and Zebronics speaker(3k) - Washing Machines",35000,"[""/content/drive/MyDrive/olx_washingmachine_dataset/images/washmachine_a00364986b/1.jpg"", ""/content/drive/MyDrive/olx_washingmachine_dataset/images/washmachine_a00364986b/2.jpg"", ""/content/drive/MyDrive/olx_washingmachine_dataset/images/washmachine_a00364986b/3.jpg"", ""/content/drive/MyDrive/olx_washingmachine_dataset/images/washmachine_a00364986b/4.jpg"", ""/content/drive/MyDrive/olx_washingmachine_dataset/images/washmachine_a00364986b/5.jpg"", ""/content/drive/MyDrive/olx_washingmachine_dataset/images/washmachine_a00364986b/6.jpg"", ""/content/drive/MyDrive/olx_washingmachine_dataset/images/washmachine_a00364986b/7.jpg"", ""/content/drive/MyDrive/olx_washingmachine_dataset/images/washmachine_a00364986b/8.jpg""]",8,2025-12-09 05:24:31.253138
washmachine_4a9421cc26,https://www.olx.in/item/washing-machines-c1615-fully-automatic-used-washing-machines-in-pratap-vihar-ghaziabad-iid-1758279539,Fully Automatic Used Washing Machines,We sell good condition used washing machines with one year warranty and new pipe set free. Delivery charges extra. Price starts from Rs.4850 onwards. - Washing Machines,4850,"[""/content/drive/MyDrive/olx_washingmachine_dataset/images/washmachine_4a9421cc26/1.jpg"", ""/content/drive/MyDrive/olx_washingmachine_dataset/images/washmachine_4a9421cc26/2.jpg"", ""/content/drive/MyDrive/olx_washingmachine_dataset/images/washmachine_4a9421cc26/3.jpg"", ""/content/drive/MyDrive/olx_washingmachine_dataset/images/washmachine_4a9421cc26/4.jpg"", ""/content/drive/MyDrive/olx_washingmachine_dataset/images/washmachine_4a9421cc26/5.jpg"", ""/content/drive/MyDrive/olx_washingmachine_dataset/images/washmachine_4a9421cc26/6.jpg"", ""/content/drive/MyDrive/olx_washingmachine_dataset/images/washmachine_4a9421cc26/7.jpg"", ""/content/drive/MyDrive/olx_washingmachine_dataset/images/washmachine_4a9421cc26/8.jpg""]",8,2025-12-09 05:24:39.359937
washmachine_4e6338ace8,https://www.olx.in/item/washing-machines-c1615-in-dand-ki-dhani-jodhpur-iid-1784848747,एलजी सैमसंग टॉप लोड वॉशिंग मशीन,झालामंड गुड़ा रोड बाईपास डागीयावास बायपास - Washing Machines,7000,"[""/content/drive/MyDrive/olx_washingmachine_dataset/images/washmachine_4e6338ace8/1.jpg"", ""/content/drive/MyDrive/olx_washingmachine_dataset/images/washmachine_4e6338ace8/2.jpg"", ""/content/drive/MyDrive/olx_washingmachine_dataset/images/washmachine_4e6338ace8/3.jpg"", ""/content/drive/MyDrive/olx_washingmachine_dataset/images/washmachine_4e6338ace8/4.jpg"", ""/content/drive/MyDrive/olx_washingmachine_dataset/images/washmachine_4e6338ace8/5.jpg"", ""/content/drive/MyDrive/olx_washingmachine_dataset/images/washmachine_4e6338ace8/6.jpg"", ""/content/drive/MyDrive/olx_washingmachine_dataset/images/washmachine_4e6338ace8/7.jpg"", ""/content/drive/MyDrive/olx_washingmachine_dataset/images/washmachine_4e6338ace8/8.jpg"", ""/content/drive/MyDrive/olx_washingmachine_dataset/images/washmachine_4e6338ace8/9.jpg"", ""/content/drive/MyDrive/olx_washingmachine_dataset/images/washmachine_4e6338ace8/10.jpg"", ""/content/drive/MyDrive/olx_washingmachine_dataset/images/washmachine_4e6338ace8/11.jpg"", ""/content/drive/MyDrive/olx_washingmachine_dataset/images/washmachine_4e6338ace8/12.jpg"", ""/content/drive/MyDrive/olx_washingmachine_dataset/images/washmachine_4e6338ace8/13.jpg"", ""/content/drive/MyDrive/olx_washingmachine_dataset/images/washmachine_4e6338ace8/14.jpg""]",14,2025-12-09 05:24:49.535034
washmachine_eee61a6b30,https://www.olx.in/item/washing-machines-c1615-samsung-washing-machine-7kg-top-load-in-dwarka-sector-12-delhi-iid-1828726977,Samsung Washing machine 7kg top load,All ok well maintained dwarka sector 12 few years old - Washing Machines,9500,"[""/content/drive/MyDrive/olx_washingmachine_dataset/images/washmachine_eee61a6b30/1.jpg"", ""/content/drive/MyDrive/olx_washingmachine_dataset/images/washmachine_eee61a6b30/2.jpg"", ""/content/drive/MyDrive/olx_washingmachine_dataset/images/washmachine_eee61a6b30/3.jpg"", ""/content/drive/MyDrive/olx_washingmachine_dataset/images/washmachine_eee61a6b30/4.jpg"", ""/content/drive/MyDrive/olx_washingmachine_dataset/images/washmachine_eee61a6b30/5.jpg"", ""/content/drive/MyDrive/olx_washingmachine_dataset/images/washmachine_eee61a6b30/6.jpg"", ""/content/drive/MyDrive/olx_washingmachine_dataset/images/washmachine_eee61a6b30/7.jpg"", ""/content/drive/MyDrive/olx_washingmachine_dataset/images/washmachine_eee61a6b30/8.jpg""]",8,2025-12-09 05:24:55.373224
washmachine_606ee0da5e,https://www.olx.in/item/washing-machines-c1615-red-colour-washing-machine-urgent-motar-porablam-in-mir-alam-tank-hyderabad-iid-1826454874,Red colour washing machine urgent motar porablam,6'5 kg 1 year uesd - Washing Machines,6000,"[""/content/drive/MyDrive/olx_washingmachine_dataset/images/washmachine_606ee0da5e/1.jpg"", ""/content/drive/MyDrive/olx_washingmachine_dataset/images/washmachine_606ee0da5e/2.jpg"", ""/content/drive/MyDrive/olx_washingmachine_dataset/images/washmachine_606ee0da5e/3.jpg"", ""/content/drive/MyDrive/olx_washingmachine_dataset/images/washmachine_606ee0da5e/4.jpg"", ""/content/drive/MyDrive/olx_washingmachine_dataset/images/washmachine_606ee0da5e/5.jpg"", ""/content/drive/MyDrive/olx_washingmachine_dataset/images/washmachine_606ee0da5e/6.jpg"", ""/content/drive/MyDrive/olx_washingmachine_dataset/images/washmachine_606ee0da5e/7.jpg"", ""/content/drive/MyDrive/olx_washingmachine_dataset/images/washmachine_606ee0da5e/8.jpg""]",8,2025-12-09 05:25:43.617869
washmachine_f1e996141e,https://www.olx.in/item/washing-machines-c1615-samsung-top-load-fully-automatic-washing-machine-10-kg-in-sector-44d-chandigarh-iid-1827827331,SAMSUNG TOP LOAD FULLY AUTOMATIC WASHING MACHINE 10 KG,SAMSUNG TOP LOAD FULLY AUTOMATIC WASHING MACHINE 10 KG. ONLY 1 MONTH OLD. BRAND NEW. - Washing Machines,21000,"[""/content/drive/MyDrive/olx_washingmachine_dataset/images/washmachine_f1e996141e/1.jpg"", ""/content/drive/MyDrive/olx_washingmachine_dataset/images/washmachine_f1e996141e/2.jpg"", ""/content/drive/MyDrive/olx_washingmachine_dataset/images/washmachine_f1e996141e/3.jpg"", ""/content/drive/MyDrive/olx_washingmachine_dataset/images/washmachine_f1e996141e/4.jpg"", ""/content/drive/MyDrive/olx_washingmachine_dataset/images/washmachine_f1e996141e/5.jpg"", ""/content/drive/MyDrive/olx_washingmachine_dataset/images/washmachine_f1e996141e/6.jpg"", ""/content/drive/MyDrive/olx_washingmachine_dataset/images/washmachine_f1e996141e/7.jpg"", ""/content/drive/MyDrive/olx_washingmachine_dataset/images/washmachine_f1e996141e/8.jpg""]",8,2025-12-09 05:25:49.698599
washmachine_8129370038,https://www.olx.in/item/washing-machines-c1615-2-years-old-whirlpool-washing-with-very-good-condition-in-sant-nagar-delhi-iid-1828727344,2 years old Whirlpool washing with very good condition,2 years old Whirlpool washing with very good condition. Bill available.. - Washing Machines,9800,"[""/content/drive/MyDrive/olx_washingmachine_dataset/images/washmachine_8129370038/1.jpg"", ""/content/drive/MyDrive/olx_washingmachine_dataset/images/washmachine_8129370038/2.jpg"", ""/content/drive/MyDrive/olx_washingmachine_dataset/images/washmachine_8129370038/3.jpg"", ""/content/drive/MyDrive/olx_washingmachine_dataset/images/washmachine_8129370038/4.jpg"", ""/content/drive/MyDrive/olx_washingmachine_dataset/images/washmachine_8129370038/5.jpg"", ""/content/drive/MyDrive/olx_washingmachine_dataset/images/washmachine_8129370038/6.jpg"", ""/content/drive/MyDrive/olx_washingmachine_dataset/images/washmachine_8129370038/7.jpg"", ""/content/drive/MyDrive/olx_washingmachine_dataset/images/washmachine_8129370038/8.jpg""]",8,2025-12-09 05:25:57.037731
washmachine_99e8485e25,https://www.olx.in/item/washing-machines-c1615-washing-machine-stand-in-valudureddi-villupuram-iid-1828726978,Washing machine stand,Good condition steel frame - Washing Machines,500,"[""/content/drive/MyDrive/olx_washingmachine_dataset/images/washmachine_99e8485e25/1.jpg"", ""/content/drive/MyDrive/olx_washingmachine_dataset/images/washmachine_99e8485e25/2.jpg"", ""/content/drive/MyDrive/olx_washingmachine_dataset/images/washmachine_99e8485e25/3.jpg"", ""/content/drive/MyDrive/olx_washingmachine_dataset/images/washmachine_99e8485e25/4.jpg"", ""/content/drive/MyDrive/olx_washingmachine_dataset/images/washmachine_99e8485e25/5.jpg"", ""/content/drive/MyDrive/olx_washingmachine_dataset/images/washmachine_99e8485e25/6.jpg"", ""/content/drive/MyDrive/olx_washingmachine_dataset/images/washmachine_99e8485e25/7.jpg"", ""/content/drive/MyDrive/olx_washingmachine_dataset/images/washmachine_99e8485e25/8.jpg"", ""/content/drive/MyDrive/olx_washingmachine_dataset/images/washmachine_99e8485e25/9.jpg"", ""/content/drive/MyDrive/olx_washingmachine_dataset/images/washmachine_99e8485e25/10.jpg"", ""/content/drive/MyDrive/olx_washingmachine_dataset/images/washmachine_99e8485e25/11.jpg"", ""/content/drive/MyDrive/olx_washingmachine_dataset/images/washmachine_99e8485e25/12.jpg"", ""/content/drive/MyDrive/olx_washingmachine_dataset/images/washmachine_99e8485e25/13.jpg"", ""/content/drive/MyDrive/olx_washingmachine_dataset/images/washmachine_99e8485e25/14.jpg""]",14,2025-12-09 05:27:29.726683
washmachine_176bbbd70e,https://www.olx.in/item/washing-machines-c1615-id22whirpool-double-door-brand-new-condition-with-warranty-free-servi-in-jayanagar-bengaluru-iid-1812806423,Id.22whirpool double door brand new condition with warranty free servi,we provide you 5 year warranty on compressor 1year free service with installation demo brand new alert and outlet pipe + 50% by back policy within 15 months 50% we provide after 15 months 40% 30% depending on the working condition - Washing Machines,27599,"[""/content/drive/MyDrive/olx_washingmachine_dataset/images/washmachine_176bbbd70e/1.jpg"", ""/content/drive/MyDrive/olx_washingmachine_dataset/images/washmachine_176bbbd70e/2.jpg"", ""/content/drive/MyDrive/olx_washingmachine_dataset/images/washmachine_176bbbd70e/3.jpg"", ""/content/drive/MyDrive/olx_washingmachine_dataset/images/washmachine_176bbbd70e/4.jpg"", ""/content/drive/MyDrive/olx_washingmachine_dataset/images/washmachine_176bbbd70e/5.jpg"", ""/content/drive/MyDrive/olx_washingmachine_dataset/images/washmachine_176bbbd70e/6.jpg"", ""/content/drive/MyDrive/olx_washingmachine_dataset/images/washmachine_176bbbd70e/7.jpg"", ""/content/drive/MyDrive/olx_washingmachine_dataset/images/washmachine_176bbbd70e/8.jpg"", ""/content/drive/MyDrive/olx_washingmachine_dataset/images/washmachine_176bbbd70e/9.jpg"", ""/content/drive/MyDrive/olx_washingmachine_dataset/images/washmachine_176bbbd70e/10.jpg""]",10,2025-12-09 05:27:37.774871
washmachine_df46245ef7,https://www.olx.in/item/washing-machines-c1615-refurbished-washing-machine-and-fridge-starting-at-4999-in-tagore-garden-delhi-iid-1814345978,Refurbished washing machine and fridge starting at 4999,D Soni Electronics Co. Single door Double door and side by side fridge available FREE HONE DELIVERY FREE INSTALLATION FREE DEMO FREE NEW ACCESSORIES LIKE INLET AND OUTLETS PIPES 2 YEAR WARRANTY ON WASHING MACHINE - Washing Machines,4999,"[""/content/drive/MyDrive/olx_washingmachine_dataset/images/washmachine_df46245ef7/1.jpg"", ""/content/drive/MyDrive/olx_washingmachine_dataset/images/washmachine_df46245ef7/2.jpg"", ""/content/drive/MyDrive/olx_washingmachine_dataset/images/washmachine_df46245ef7/3.jpg"", ""/content/drive/MyDrive/olx_washingmachine_dataset/images/washmachine_df46245ef7/4.jpg"", ""/content/drive/MyDrive/olx_washingmachine_dataset/images/washmachine_df46245ef7/5.jpg"", ""/content/drive/MyDrive/olx_washingmachine_dataset/images/washmachine_df46245ef7/6.jpg"", ""/content/drive/MyDrive/olx_washingmachine_dataset/images/washmachine_df46245ef7/7.jpg"", ""/content/drive/MyDrive/olx_washingmachine_dataset/images/washmachine_df46245ef7/8.jpg""]",8,2025-12-09 05:29:05.815976
washmachine_42fac0e3b0,https://www.olx.in/item/washing-machines-c1615-samsung-washing-machine-in-agadimarappa-compound-ballari-iid-1828727308,Samsung washing machine,Samsung 8kg top load fully automatic washing machine - Washing Machines,17000,"[""/content/drive/MyDrive/olx_washingmachine_dataset/images/washmachine_42fac0e3b0/1.jpg"", ""/content/drive/MyDrive/olx_washingmachine_dataset/images/washmachine_42fac0e3b0/2.jpg"", ""/content/drive/MyDrive/olx_washingmachine_dataset/images/washmachine_42fac0e3b0/3.jpg"", ""/content/drive/MyDrive/olx_washingmachine_dataset/images/washmachine_42fac0e3b0/4.jpg"", ""/content/drive/MyDrive/olx_washingmachine_dataset/images/washmachine_42fac0e3b0/5.jpg"", ""/content/drive/MyDrive/olx_washingmachine_dataset/images/washmachine_42fac0e3b0/6.jpg"", ""/content/drive/MyDrive/olx_washingmachine_dataset/images/washmachine_42fac0e3b0/7.jpg"", ""/content/drive/MyDrive/olx_washingmachine_dataset/images/washmachine_42fac0e3b0/8.jpg""]",8,2025-12-09 05:29:53.806165
washmachine_940a3a5c5a,https://www.olx.in/item/washing-machines-c1615-samsung-washing-machine-8kg-full-automatic-5-star-machine-in-govindpura-jaipur-iid-1828726931,Samsung washing Machine 8kg full automatic 5 star machine,Samsung washing Machine 8kg full automatic top load . Selling washing Machine details are given below: 1. 5 star rated 2. Fully automatic 3. Top load 4. No scratches no dent 5. 30 days old only 6. 2 years complete warranty and 20 years motor warranty. Only genuine buyers contact me. - Washing Machines,20000,"[""/content/drive/MyDrive/olx_washingmachine_dataset/images/washmachine_940a3a5c5a/1.jpg"", ""/content/drive/MyDrive/olx_washingmachine_dataset/images/washmachine_940a3a5c5a/2.jpg"", ""/content/drive/MyDrive/olx_washingmachine_dataset/images/washmachine_940a3a5c5a/3.jpg"", ""/content/drive/MyDrive/olx_washingmachine_dataset/images/washmachine_940a3a5c5a/4.jpg"", ""/content/drive/MyDrive/olx_washingmachine_dataset/images/washmachine_940a3a5c5a/5.jpg"", ""/content/drive/MyDrive/olx_washingmachine_dataset/images/washmachine_940a3a5c5a/6.jpg"", ""/content/drive/MyDrive/olx_washingmachine_dataset/images/washmachine_940a3a5c5a/7.jpg"", ""/content/drive/MyDrive/olx_washingmachine_dataset/images/washmachine_940a3a5c5a/8.jpg"", ""/content/drive/MyDrive/olx_washingmachine_dataset/images/washmachine_940a3a5c5a/9.jpg"", ""/content/drive/MyDrive/olx_washingmachine_dataset/images/washmachine_940a3a5c5a/10.jpg"", ""/content/drive/MyDrive/olx_washingmachine_dataset/images/washmachine_940a3a5c5a/11.jpg"", ""/content/drive/MyDrive/olx_washingmachine_dataset/images/washmachine_940a3a5c5a/12.jpg"", ""/content/drive/MyDrive/olx_washingmachine_dataset/images/washmachine_940a3a5c5a/13.jpg"", ""/content/drive/MyDrive/olx_washingmachine_dataset/images/washmachine_940a3a5c5a/14.jpg""]",14,2025-12-09 05:30:43.407515
washmachine_6fcca454c7,https://www.olx.in/item/washing-machines-c1615-id35-whirlpool-white-magic-premier-top-load-fully-automatic-machine-in-mahadevapura-bengaluru-iid-1810665903,Id35 Whirlpool white magic premier top load fully automatic machine,1 : Delivery and installation will be done @ your place on the time of delivery . 2 : you wil get new acccerioes of inlet and outlet pipes for washing machine. 3: warranty wil be for 1 year on motor and 6 months service warranty@ door step (Note : once we receive a complaint it wil be resolve within 72 hours ) (If there is some major problem in product Replacement of product will get replaced with in 4 working days ). - Washing Machines,7499,"[""/content/drive/MyDrive/olx_washingmachine_dataset/images/washmachine_6fcca454c7/1.jpg"", ""/content/drive/MyDrive/olx_washingmachine_dataset/images/washmachine_6fcca454c7/2.jpg"", ""/content/drive/MyDrive/olx_washingmachine_dataset/images/washmachine_6fcca454c7/3.jpg"", ""/content/drive/MyDrive/olx_washingmachine_dataset/images/washmachine_6fcca454c7/4.jpg"", ""/content/drive/MyDrive/olx_washingmachine_dataset/images/washmachine_6fcca454c7/5.jpg"", ""/content/drive/MyDrive/olx_washingmachine_dataset/images/washmachine_6fcca454c7/6.jpg"", ""/content/drive/MyDrive/olx_washingmachine_dataset/images/washmachine_6fcca454c7/7.jpg"", ""/content/drive/MyDrive/olx_washingmachine_dataset/images/washmachine_6fcca454c7/8.jpg""]",8,2025-12-09 05:31:34.768589
washmachine_dfa2a615e3,https://www.olx.in/item/washing-machines-c1615-ifb-washing-machine-excellent-condition-in-mc-colony-sirsa-iid-1828726402,IFB WAshing Machine Excellent Condition,IFB Front Load Washing Machine is In Excellent Working Condition. - Washing Machines,6500,"[""/content/drive/MyDrive/olx_washingmachine_dataset/images/washmachine_dfa2a615e3/1.jpg"", ""/content/drive/MyDrive/olx_washingmachine_dataset/images/washmachine_dfa2a615e3/2.jpg"", ""/content/drive/MyDrive/olx_washingmachine_dataset/images/washmachine_dfa2a615e3/3.jpg"", ""/content/drive/MyDrive/olx_washingmachine_dataset/images/washmachine_dfa2a615e3/4.jpg"", ""/content/drive/MyDrive/olx_washingmachine_dataset/images/washmachine_dfa2a615e3/5.jpg"", ""/content/drive/MyDrive/olx_washingmachine_dataset/images/washmachine_dfa2a615e3/6.jpg"", ""/content/drive/MyDrive/olx_washingmachine_dataset/images/washmachine_dfa2a615e3/7.jpg"", ""/content/drive/MyDrive/olx_washingmachine_dataset/images/washmachine_dfa2a615e3/8.jpg""]",8,2025-12-09 05:31:40.657844
washmachine_e03283abb5,https://www.olx.in/item/washing-machines-c1615-id124haier-190-ltr-single-door-refrigerator-available-with-warranty-in-jayanagar-bengaluru-iid-1812095122,Id124Haier 190 ltr single door refrigerator available with warranty,Home appliances available: *Combo starting from rupees12000/- only *Single door starting from rupees 6000/- only *Double door starting from rupees 7000/- only *Top load washingmachine starting from 6000/- only *Frontload washing machine starting from 7000/- only Used home appliances available in excellent running condition with 1 year warranty 6 months free service free home delivery installation demo brand new inlet and outlet pies free. Buy back guarantee: If your willing to return the product within 15 months will give 50% off bought amount of the product and after 15 months will give 40% buy back guarantee .. More details contact us Thank you.. - Washing Machines,6999,"[""/content/drive/MyDrive/olx_washingmachine_dataset/images/washmachine_e03283abb5/1.jpg"", ""/content/drive/MyDrive/olx_washingmachine_dataset/images/washmachine_e03283abb5/2.jpg"", ""/content/drive/MyDrive/olx_washingmachine_dataset/images/washmachine_e03283abb5/3.jpg"", ""/content/drive/MyDrive/olx_washingmachine_dataset/images/washmachine_e03283abb5/4.jpg"", ""/content/drive/MyDrive/olx_washingmachine_dataset/images/washmachine_e03283abb5/5.jpg"", ""/content/drive/MyDrive/olx_washingmachine_dataset/images/washmachine_e03283abb5/6.jpg"", ""/content/drive/MyDrive/olx_washingmachine_dataset/images/washmachine_e03283abb5/7.jpg"", ""/content/drive/MyDrive/olx_washingmachine_dataset/images/washmachine_e03283abb5/8.jpg"", ""/content/drive/MyDrive/olx_washingmachine_dataset/images/washmachine_e03283abb5/9.jpg"", ""/content/drive/MyDrive/olx_washingmachine_dataset/images/washmachine_e03283abb5/10.jpg""]",10,2025-12-09 05:31:47.528844
washmachine_045517e56a,https://www.olx.in/item/washing-machines-c1615-id111videcone-6kg-videocon-250ltrs-dd-fridge-with-warranty-in-kudlu-gate-bengaluru-iid-1813669784,Id.111videcone 6kg &. Videocon 250ltrs d/d fridge with warranty,Home appliances available: *Combo starting from rupees12000/- only *Single door starting from rupees 6000/- only *Double door starting from rupees 7000/- only *Top load washingmachine starting from 6000/- only *Frontload washing machine starting from 7000/- only Used home appliances available in excellent running condition with 1 year warranty 6 months free service free home delivery installation demo brand new inlet and outlet pies free. Buy back guarantee: If your willing to return the product within 15 months will give 50% off bought amount of the product and after 15 months will give 40% buy back guarantee .. More details contact us Thank you.. - Washing Machines,14499,"[""/content/drive/MyDrive/olx_washingmachine_dataset/images/washmachine_045517e56a/1.jpg"", ""/content/drive/MyDrive/olx_washingmachine_dataset/images/washmachine_045517e56a/2.jpg"", ""/content/drive/MyDrive/olx_washingmachine_dataset/images/washmachine_045517e56a/3.jpg"", ""/content/drive/MyDrive/olx_washingmachine_dataset/images/washmachine_045517e56a/4.jpg"", ""/content/drive/MyDrive/olx_washingmachine_dataset/images/washmachine_045517e56a/5.jpg"", ""/content/drive/MyDrive/olx_washingmachine_dataset/images/washmachine_045517e56a/6.jpg"", ""/content/drive/MyDrive/olx_washingmachine_dataset/images/washmachine_045517e56a/7.jpg"", ""/content/drive/MyDrive/olx_washingmachine_dataset/images/washmachine_045517e56a/8.jpg"", ""/content/drive/MyDrive/olx_washingmachine_dataset/images/washmachine_045517e56a/9.jpg"", ""/content/drive/MyDrive/olx_washingmachine_dataset/images/washmachine_045517e56a/10.jpg""]",10,2025-12-09 05:31:54.931840
washmachine_d58ca6d956,https://www.olx.in/item/washing-machines-c1615-semi-automatic-washing-machine-running-machine-in-tiruverkadu-chinnakoladi-chennai-iid-1827436762,Semi automatic washing machine running machine,"Lg, 6.5kg Thiruverkadu prise 3500rs - Washing Machines",3500,"[""/content/drive/MyDrive/olx_washingmachine_dataset/images/washmachine_d58ca6d956/1.jpg"", ""/content/drive/MyDrive/olx_washingmachine_dataset/images/washmachine_d58ca6d956/2.jpg"", ""/content/drive/MyDrive/olx_washingmachine_dataset/images/washmachine_d58ca6d956/3.jpg"", ""/content/drive/MyDrive/olx_washingmachine_dataset/images/washmachine_d58ca6d956/4.jpg"", ""/content/drive/MyDrive/olx_washingmachine_dataset/images/washmachine_d58ca6d956/5.jpg"", ""/content/drive/MyDrive/olx_washingmachine_dataset/images/washmachine_d58ca6d956/6.jpg"", ""/content/drive/MyDrive/olx_washingmachine_dataset/images/washmachine_d58ca6d956/7.jpg"", ""/content/drive/MyDrive/olx_washingmachine_dataset/images/washmachine_d58ca6d956/8.jpg""]",8,2025-12-09 05:33:23.972300
washmachine_552fe8b64e,https://www.olx.in/item/washing-machines-c1615-whalpool-washing-machine-in-balkum-pada-thane-iid-1828726088,Whalpool washing machine,Washing machine 9.5 kg is good condition - Washing Machines,5000,"[""/content/drive/MyDrive/olx_washingmachine_dataset/images/washmachine_552fe8b64e/1.jpg"", ""/content/drive/MyDrive/olx_washingmachine_dataset/images/washmachine_552fe8b64e/2.jpg"", ""/content/drive/MyDrive/olx_washingmachine_dataset/images/washmachine_552fe8b64e/3.jpg"", ""/content/drive/MyDrive/olx_washingmachine_dataset/images/washmachine_552fe8b64e/4.jpg"", ""/content/drive/MyDrive/olx_washingmachine_dataset/images/washmachine_552fe8b64e/5.jpg"", ""/content/drive/MyDrive/olx_washingmachine_dataset/images/washmachine_552fe8b64e/6.jpg"", ""/content/drive/MyDrive/olx_washingmachine_dataset/images/washmachine_552fe8b64e/7.jpg"", ""/content/drive/MyDrive/olx_washingmachine_dataset/images/washmachine_552fe8b64e/8.jpg""]",8,2025-12-09 05:36:27.993132
washmachine_675fb35d0f,https://www.olx.in/item/washing-machines-c1615-washing-machine-in-meghal-pethe-harapanahalli-iid-1828725445,Washing machine,10KG 5 star rating midnight series semi automatic top load washing machine New washing machine The new washing machine has not even been opened; it is still sealed in the box. STILL EVEN BOX WAS NOT OPENED WASHING MACHINE IS IN THE BOX ONLY - Washing Machines,8000,"[""/content/drive/MyDrive/olx_washingmachine_dataset/images/washmachine_675fb35d0f/1.jpg"", ""/content/drive/MyDrive/olx_washingmachine_dataset/images/washmachine_675fb35d0f/2.jpg"", ""/content/drive/MyDrive/olx_washingmachine_dataset/images/washmachine_675fb35d0f/3.jpg"", ""/content/drive/MyDrive/olx_washingmachine_dataset/images/washmachine_675fb35d0f/4.jpg"", ""/content/drive/MyDrive/olx_washingmachine_dataset/images/washmachine_675fb35d0f/5.jpg"", ""/content/drive/MyDrive/olx_washingmachine_dataset/images/washmachine_675fb35d0f/6.jpg"", ""/content/drive/MyDrive/olx_washingmachine_dataset/images/washmachine_675fb35d0f/7.jpg"", ""/content/drive/MyDrive/olx_washingmachine_dataset/images/washmachine_675fb35d0f/8.jpg""]",8,2025-12-09 05:36:34.816273
washmachine_ae981aeee4,https://www.olx.in/item/washing-machines-c1615-id105videcon-190ltrs-fridge-and-videocon-6kg-washing-machine-in-rayasandra-bengaluru-iid-1813663930,Id.105videcon 190ltrs fridge and Videocon 6kg washing machine,Home appliances available: *Combo starting from rupees12000/- only *Single door starting from rupees 6000/- only *Double door starting from rupees 7000/- only *Top load washingmachine starting from 6000/- only *Frontload washing machine starting from 7000/- only Used home appliances available in excellent running condition with 1 year warranty 6 months free service free home delivery installation demo brand new inlet and outlet pies free. Buy back guarantee: If your willing to return the product within 15 months will give 50% off bought amount of the product and after 15 months will give 40% buy back guarantee .. More details contact us Thank you.. - Washing Machines,12499,"[""/content/drive/MyDrive/olx_washingmachine_dataset/images/washmachine_ae981aeee4/1.jpg"", ""/content/drive/MyDrive/olx_washingmachine_dataset/images/washmachine_ae981aeee4/2.jpg"", ""/content/drive/MyDrive/olx_washingmachine_dataset/images/washmachine_ae981aeee4/3.jpg"", ""/content/drive/MyDrive/olx_washingmachine_dataset/images/washmachine_ae981aeee4/4.jpg"", ""/content/drive/MyDrive/olx_washingmachine_dataset/images/washmachine_ae981aeee4/5.jpg"", ""/content/drive/MyDrive/olx_washingmachine_dataset/images/washmachine_ae981aeee4/6.jpg"", ""/content/drive/MyDrive/olx_washingmachine_dataset/images/washmachine_ae981aeee4/7.jpg"", ""/content/drive/MyDrive/olx_washingmachine_dataset/images/washmachine_ae981aeee4/8.jpg"", ""/content/drive/MyDrive/olx_washingmachine_dataset/images/washmachine_ae981aeee4/9.jpg"", ""/content/drive/MyDrive/olx_washingmachine_dataset/images/washmachine_ae981aeee4/10.jpg""]",10,2025-12-09 05:36:43.250721
washmachine_8ed4bd3631,https://www.olx.in/item/washing-machines-c1615-lg-washing-machine-in-working-and-good-condition-in-indraprastha-extension-delhi-iid-1828481252,LG washing machine in working and good condition.,I am selling one LG washing machine (automatic) in working and good condition. - Washing Machines,10000,"[""/content/drive/MyDrive/olx_washingmachine_dataset/images/washmachine_8ed4bd3631/1.jpg"", ""/content/drive/MyDrive/olx_washingmachine_dataset/images/washmachine_8ed4bd3631/2.jpg"", ""/content/drive/MyDrive/olx_washingmachine_dataset/images/washmachine_8ed4bd3631/3.jpg"", ""/content/drive/MyDrive/olx_washingmachine_dataset/images/washmachine_8ed4bd3631/4.jpg"", ""/content/drive/MyDrive/olx_washingmachine_dataset/images/washmachine_8ed4bd3631/5.jpg"", ""/content/drive/MyDrive/olx_washingmachine_dataset/images/washmachine_8ed4bd3631/6.jpg"", ""/content/drive/MyDrive/olx_washingmachine_dataset/images/washmachine_8ed4bd3631/7.jpg"", ""/content/drive/MyDrive/olx_washingmachine_dataset/images/washmachine_8ed4bd3631/8.jpg""]",8,2025-12-09 05:36:49.070778
washmachine_c436f37c27,https://www.olx.in/item/washing-machines-c1615-mini-washing-machine-in-hanumant-nagar-jaipur-iid-1824978562,Mini washing machine,Mini washing machine 2 kg Small purpose for home All 600 plus product unique avilable Full catlog on WhatsApp free check Home kitchen personal use Decoration products available Free home delivery - Washing Machines,1249,"[""/content/drive/MyDrive/olx_washingmachine_dataset/images/washmachine_c436f37c27/1.jpg"", ""/content/drive/MyDrive/olx_washingmachine_dataset/images/washmachine_c436f37c27/2.jpg"", ""/content/drive/MyDrive/olx_washingmachine_dataset/images/washmachine_c436f37c27/3.jpg"", ""/content/drive/MyDrive/olx_washingmachine_dataset/images/washmachine_c436f37c27/4.jpg"", ""/content/drive/MyDrive/olx_washingmachine_dataset/images/washmachine_c436f37c27/5.jpg"", ""/content/drive/MyDrive/olx_washingmachine_dataset/images/washmachine_c436f37c27/6.jpg"", ""/content/drive/MyDrive/olx_washingmachine_dataset/images/washmachine_c436f37c27/7.jpg"", ""/content/drive/MyDrive/olx_washingmachine_dataset/images/washmachine_c436f37c27/8.jpg""]",8,2025-12-09 05:39:50.708202
washmachine_ed36746727,https://www.olx.in/item/washing-machines-c1615-id12-whirlpool-stain-wash-ultra-65-kg-in-excellent-conditionwarranty-in-green-glen-layout-bengaluru-iid-1810645446,Id12 Whirlpool stain wash ultra 6.5 kg in excellent condition&warranty,1 : Delivery and installation will be done @ your place on the time of delivery . 2 : you wil get new acccerioes of inlet and outlet pipes for washing machine. 3: warranty wil be for 1 year on motor and 6 months service warranty@ door step (Note : once we receive a complaint it wil be resolve within 72 hours ) (If there is some major problem in product Replacement of product will get replaced with in 4 working days ). - Washing Machines,8499,"[""/content/drive/MyDrive/olx_washingmachine_dataset/images/washmachine_ed36746727/1.jpg"", ""/content/drive/MyDrive/olx_washingmachine_dataset/images/washmachine_ed36746727/2.jpg"", ""/content/drive/MyDrive/olx_washingmachine_dataset/images/washmachine_ed36746727/3.jpg"", ""/content/drive/MyDrive/olx_washingmachine_dataset/images/washmachine_ed36746727/4.jpg"", ""/content/drive/MyDrive/olx_washingmachine_dataset/images/washmachine_ed36746727/5.jpg"", ""/content/drive/MyDrive/olx_washingmachine_dataset/images/washmachine_ed36746727/6.jpg"", ""/content/drive/MyDrive/olx_washingmachine_dataset/images/washmachine_ed36746727/7.jpg"", ""/content/drive/MyDrive/olx_washingmachine_dataset/images/washmachine_ed36746727/8.jpg"", ""/content/drive/MyDrive/olx_washingmachine_dataset/images/washmachine_ed36746727/9.jpg"", ""/content/drive/MyDrive/olx_washingmachine_dataset/images/washmachine_ed36746727/10.jpg""]",10,2025-12-09 05:42:06.998505
washmachine_00a53a4509,https://www.olx.in/item/washing-machines-c1615-onida-75-kg-semi-automatic-washing-machine-in-annur-coimbatore-iid-1819655697,Onida 7.5 kg semi automatic washing machine,7.5 kg semi automatic washing Machine in good working condition - Washing Machines,2999,"[""/content/drive/MyDrive/olx_washingmachine_dataset/images/washmachine_00a53a4509/1.jpg"", ""/content/drive/MyDrive/olx_washingmachine_dataset/images/washmachine_00a53a4509/2.jpg"", ""/content/drive/MyDrive/olx_washingmachine_dataset/images/washmachine_00a53a4509/3.jpg"", ""/content/drive/MyDrive/olx_washingmachine_dataset/images/washmachine_00a53a4509/4.jpg"", ""/content/drive/MyDrive/olx_washingmachine_dataset/images/washmachine_00a53a4509/5.jpg"", ""/content/drive/MyDrive/olx_washingmachine_dataset/images/washmachine_00a53a4509/6.jpg"", ""/content/drive/MyDrive/olx_washingmachine_dataset/images/washmachine_00a53a4509/7.jpg"", ""/content/drive/MyDrive/olx_washingmachine_dataset/images/washmachine_00a53a4509/8.jpg""]",8,2025-12-09 05:42:14.714841
washmachine_253f9ddce3,https://www.olx.in/item/washing-machines-c1615-lg-semi-washing-machine-7kg-in-teacher-colony-bathinda-iid-1828523764,LG semi washing machine 7kg,Good condition - Washing Machines,3500,"[""/content/drive/MyDrive/olx_washingmachine_dataset/images/washmachine_253f9ddce3/1.jpg"", ""/content/drive/MyDrive/olx_washingmachine_dataset/images/washmachine_253f9ddce3/2.jpg"", ""/content/drive/MyDrive/olx_washingmachine_dataset/images/washmachine_253f9ddce3/3.jpg"", ""/content/drive/MyDrive/olx_washingmachine_dataset/images/washmachine_253f9ddce3/4.jpg"", ""/content/drive/MyDrive/olx_washingmachine_dataset/images/washmachine_253f9ddce3/5.jpg"", ""/content/drive/MyDrive/olx_washingmachine_dataset/images/washmachine_253f9ddce3/6.jpg"", ""/content/drive/MyDrive/olx_washingmachine_dataset/images/washmachine_253f9ddce3/7.jpg"", ""/content/drive/MyDrive/olx_washingmachine_dataset/images/washmachine_253f9ddce3/8.jpg""]",8,2025-12-09 05:43:43.824192
washmachine_6623739ecb,https://www.olx.in/item/washing-machines-c1615-samsung-automatic-washing-machine-9kg-in-shukarpura-batala-iid-1828726285,Samsung Automatic washing machine 9kg,Samsung Automatic washing machine 9kg front load - Washing Machines,30000,"[""/content/drive/MyDrive/olx_washingmachine_dataset/images/washmachine_6623739ecb/1.jpg"", ""/content/drive/MyDrive/olx_washingmachine_dataset/images/washmachine_6623739ecb/2.jpg"", ""/content/drive/MyDrive/olx_washingmachine_dataset/images/washmachine_6623739ecb/3.jpg"", ""/content/drive/MyDrive/olx_washingmachine_dataset/images/washmachine_6623739ecb/4.jpg"", ""/content/drive/MyDrive/olx_washingmachine_dataset/images/washmachine_6623739ecb/5.jpg"", ""/content/drive/MyDrive/olx_washingmachine_dataset/images/washmachine_6623739ecb/6.jpg"", ""/content/drive/MyDrive/olx_washingmachine_dataset/images/washmachine_6623739ecb/7.jpg"", ""/content/drive/MyDrive/olx_washingmachine_dataset/images/washmachine_6623739ecb/8.jpg""]",8,2025-12-09 05:44:31.682963
washmachine_775baeee0f,https://www.olx.in/item/washing-machines-c1615-fully-automatic-machine-in-shastri-nagar-delhi-iid-1826620166,Fully automatic machine,New hai jada use nhi huee - Washing Machines,15000,"[""/content/drive/MyDrive/olx_washingmachine_dataset/images/washmachine_775baeee0f/1.jpg"", ""/content/drive/MyDrive/olx_washingmachine_dataset/images/washmachine_775baeee0f/2.jpg"", ""/content/drive/MyDrive/olx_washingmachine_dataset/images/washmachine_775baeee0f/3.jpg"", ""/content/drive/MyDrive/olx_washingmachine_dataset/images/washmachine_775baeee0f/4.jpg"", ""/content/drive/MyDrive/olx_washingmachine_dataset/images/washmachine_775baeee0f/5.jpg"", ""/content/drive/MyDrive/olx_washingmachine_dataset/images/washmachine_775baeee0f/6.jpg"", ""/content/drive/MyDrive/olx_washingmachine_dataset/images/washmachine_775baeee0f/7.jpg"", ""/content/drive/MyDrive/olx_washingmachine_dataset/images/washmachine_775baeee0f/8.jpg""]",8,2025-12-09 05:46:45.183172
washmachine_5a53c946d5,https://www.olx.in/item/washing-machines-c1615-combo-offer-available-and-free-shipping-det-in-nagawara-junction-bengaluru-iid-1694101363,Combo offer available and free shipping det,"GET ELECTRONICS Branches available in bangalore : HSR MARATHAHALLI AND NAGWARA Product description: Fridge and Washing Machine Combo are the perfect helping hands. Simple, easy and fuss-free, they make moving into a home stress-free and manageable. Store away all your healthy veggies and get your clothes clean within minutes. You can then focus on what you do best. Delivery : delivery will be done buy our experience driver's within 24 hours once the order is taken About the service : once you raise the complaint with in 24 to 48 hours service will be done Warrenty :- 1 year warranty on both products with 6 months off free service Return policy :- we do buy back product before 12 to 15 months with 50 % and after 15 months 40 % - Washing Machines",13000,"[""/content/drive/MyDrive/olx_washingmachine_dataset/images/washmachine_5a53c946d5/1.jpg"", ""/content/drive/MyDrive/olx_washingmachine_dataset/images/washmachine_5a53c946d5/2.jpg"", ""/content/drive/MyDrive/olx_washingmachine_dataset/images/washmachine_5a53c946d5/3.jpg"", ""/content/drive/MyDrive/olx_washingmachine_dataset/images/washmachine_5a53c946d5/4.jpg"", ""/content/drive/MyDrive/olx_washingmachine_dataset/images/washmachine_5a53c946d5/5.jpg"", ""/content/drive/MyDrive/olx_washingmachine_dataset/images/washmachine_5a53c946d5/6.jpg"", ""/content/drive/MyDrive/olx_washingmachine_dataset/images/washmachine_5a53c946d5/7.jpg"", ""/content/drive/MyDrive/olx_washingmachine_dataset/images/washmachine_5a53c946d5/8.jpg"", ""/content/drive/MyDrive/olx_washingmachine_dataset/images/washmachine_5a53c946d5/9.jpg"", ""/content/drive/MyDrive/olx_washingmachine_dataset/images/washmachine_5a53c946d5/10.jpg""]",10,2025-12-09 05:46:53.685863
washmachine_ad7f1bbe9b,https://www.olx.in/item/washing-machines-c1615-samsung-65-kg-in-khorabar-gorakhpur-iid-1828725234,Samsung  6.5 KG,I am allredy bying new washing machine - Washing Machines,2500,"[""/content/drive/MyDrive/olx_washingmachine_dataset/images/washmachine_ad7f1bbe9b/1.jpg"", ""/content/drive/MyDrive/olx_washingmachine_dataset/images/washmachine_ad7f1bbe9b/2.jpg"", ""/content/drive/MyDrive/olx_washingmachine_dataset/images/washmachine_ad7f1bbe9b/3.jpg"", ""/content/drive/MyDrive/olx_washingmachine_dataset/images/washmachine_ad7f1bbe9b/4.jpg"", ""/content/drive/MyDrive/olx_washingmachine_dataset/images/washmachine_ad7f1bbe9b/5.jpg"", ""/content/drive/MyDrive/olx_washingmachine_dataset/images/washmachine_ad7f1bbe9b/6.jpg"", ""/content/drive/MyDrive/olx_washingmachine_dataset/images/washmachine_ad7f1bbe9b/7.jpg"", ""/content/drive/MyDrive/olx_washingmachine_dataset/images/washmachine_ad7f1bbe9b/8.jpg""]",8,2025-12-09 05:48:23.764798
washmachine_aef2643b54,https://www.olx.in/item/washing-machines-c1615-ifb-senorita-aqua-vx-65kg-1000-rpm-washing-machine-with-stand-in-tirumala-colony-hyderabad-iid-1785208101,IFB Senorita Aqua VX 6.5KG 1000 RPM Washing machine with stand.,"IFB Senorita Aqua VX 6.5KG 1000 RPM Washing machine with new drum and rubber beading with stand in working condition. It was purchased in Sep'2016. Two months back it was replaced with new company drum and door rubber gasket for Rs. 12,000/-. Very rarely used. It is perfectly in working condition without any water leakages etc. - Washing Machines",9000,"[""/content/drive/MyDrive/olx_washingmachine_dataset/images/washmachine_aef2643b54/1.jpg"", ""/content/drive/MyDrive/olx_washingmachine_dataset/images/washmachine_aef2643b54/2.jpg"", ""/content/drive/MyDrive/olx_washingmachine_dataset/images/washmachine_aef2643b54/3.jpg"", ""/content/drive/MyDrive/olx_washingmachine_dataset/images/washmachine_aef2643b54/4.jpg"", ""/content/drive/MyDrive/olx_washingmachine_dataset/images/washmachine_aef2643b54/5.jpg"", ""/content/drive/MyDrive/olx_washingmachine_dataset/images/washmachine_aef2643b54/6.jpg"", ""/content/drive/MyDrive/olx_washingmachine_dataset/images/washmachine_aef2643b54/7.jpg"", ""/content/drive/MyDrive/olx_washingmachine_dataset/images/washmachine_aef2643b54/8.jpg""]",8,2025-12-09 05:48:30.347187
washmachine_774a576dc2,https://www.olx.in/item/washing-machines-c1615-ifb-elena-aqua-sx-6kg-800rpm-in-vennala-kochi-iid-1827983458,IFB - ELENA AQUA SX 6KG 800RPM,"IFB - Front Load, Fully Automatic, Washing Machine in good working condition. 2014 model. New Inlet Pipe, MCB, Machine cover & User Manual also available. - Washing Machines",5000,"[""/content/drive/MyDrive/olx_washingmachine_dataset/images/washmachine_774a576dc2/1.jpg"", ""/content/drive/MyDrive/olx_washingmachine_dataset/images/washmachine_774a576dc2/2.jpg"", ""/content/drive/MyDrive/olx_washingmachine_dataset/images/washmachine_774a576dc2/3.jpg"", ""/content/drive/MyDrive/olx_washingmachine_dataset/images/washmachine_774a576dc2/4.jpg"", ""/content/drive/MyDrive/olx_washingmachine_dataset/images/washmachine_774a576dc2/5.jpg"", ""/content/drive/MyDrive/olx_washingmachine_dataset/images/washmachine_774a576dc2/6.jpg"", ""/content/drive/MyDrive/olx_washingmachine_dataset/images/washmachine_774a576dc2/7.jpg"", ""/content/drive/MyDrive/olx_washingmachine_dataset/images/washmachine_774a576dc2/8.jpg""]",8,2025-12-09 05:49:16.453485
washmachine_19d98796b4,https://www.olx.in/item/washing-machines-c1615-ifb-washing-machine-in-abdarpur-suri-iid-1824492541,Ifb washing machine,Good condition ifb front loading washing machine - Washing Machines,8000,"[""/content/drive/MyDrive/olx_washingmachine_dataset/images/washmachine_19d98796b4/1.jpg"", ""/content/drive/MyDrive/olx_washingmachine_dataset/images/washmachine_19d98796b4/2.jpg"", ""/content/drive/MyDrive/olx_washingmachine_dataset/images/washmachine_19d98796b4/3.jpg"", ""/content/drive/MyDrive/olx_washingmachine_dataset/images/washmachine_19d98796b4/4.jpg"", ""/content/drive/MyDrive/olx_washingmachine_dataset/images/washmachine_19d98796b4/5.jpg"", ""/content/drive/MyDrive/olx_washingmachine_dataset/images/washmachine_19d98796b4/6.jpg"", ""/content/drive/MyDrive/olx_washingmachine_dataset/images/washmachine_19d98796b4/7.jpg"", ""/content/drive/MyDrive/olx_washingmachine_dataset/images/washmachine_19d98796b4/8.jpg""]",8,2025-12-09 05:49:23.259362
washmachine_433aec15be,https://www.olx.in/item/washing-machines-c1615-get-best-offer-deal-for-washing-machine-refrigerator-in-work-condition-in-ganga-nagar-bengaluru-iid-1821923225,Get best offer deal for Washing machine refrigerator in work condition,Home appliances available: *Combo starting from rupees12000/- only *Single door starting from rupees 6000/- only *Double door starting from rupees 7999/- only *Top load washingmachine starting from 6000/- only *Frontload washing machine starting from 7999/- only Used home appliances available in excellent running condition with 1 year warranty 6 months free service free home delivery installation demo brand new inlet and outlet pies free. Buy back guarantee: If your willing to return the product within 15 months will give 50% off bought amount of the product and after 15 months will give 40% buy back guarantee .. More details contact us Thank you.. - Washing Machines,11999,"[""/content/drive/MyDrive/olx_washingmachine_dataset/images/washmachine_433aec15be/1.jpg"", ""/content/drive/MyDrive/olx_washingmachine_dataset/images/washmachine_433aec15be/2.jpg"", ""/content/drive/MyDrive/olx_washingmachine_dataset/images/washmachine_433aec15be/3.jpg"", ""/content/drive/MyDrive/olx_washingmachine_dataset/images/washmachine_433aec15be/4.jpg"", ""/content/drive/MyDrive/olx_washingmachine_dataset/images/washmachine_433aec15be/5.jpg"", ""/content/drive/MyDrive/olx_washingmachine_dataset/images/washmachine_433aec15be/6.jpg"", ""/content/drive/MyDrive/olx_washingmachine_dataset/images/washmachine_433aec15be/7.jpg"", ""/content/drive/MyDrive/olx_washingmachine_dataset/images/washmachine_433aec15be/8.jpg"", ""/content/drive/MyDrive/olx_washingmachine_dataset/images/washmachine_433aec15be/9.jpg"", ""/content/drive/MyDrive/olx_washingmachine_dataset/images/washmachine_433aec15be/10.jpg""]",10,2025-12-09 05:52:28.330250
washmachine_03abe08eed,https://www.olx.in/item/washing-machines-c1615-mineral-water-plant-1000ltrph-in-atarsua-siwan-iid-1828726503,Mineral water plant 1000ltrph,Mineral water plant 1000ltr ekdum new model hai paisa ka jaruri hai - Washing Machines,200000,"[""/content/drive/MyDrive/olx_washingmachine_dataset/images/washmachine_03abe08eed/1.jpg"", ""/content/drive/MyDrive/olx_washingmachine_dataset/images/washmachine_03abe08eed/2.jpg"", ""/content/drive/MyDrive/olx_washingmachine_dataset/images/washmachine_03abe08eed/3.jpg"", ""/content/drive/MyDrive/olx_washingmachine_dataset/images/washmachine_03abe08eed/4.jpg"", ""/content/drive/MyDrive/olx_washingmachine_dataset/images/washmachine_03abe08eed/5.jpg"", ""/content/drive/MyDrive/olx_washingmachine_dataset/images/washmachine_03abe08eed/6.jpg"", ""/content/drive/MyDrive/olx_washingmachine_dataset/images/washmachine_03abe08eed/7.jpg"", ""/content/drive/MyDrive/olx_washingmachine_dataset/images/washmachine_03abe08eed/8.jpg""]",8,2025-12-09 05:53:16.275690
washmachine_927215bcf5,https://www.olx.in/item/washing-machines-c1615-shanti-cool-old-is-gold-sidheshwar-nagar-mainpura-patna-in-north-anandpuri-patna-iid-1827064471,Shanti cool old is gold sidheshwar nagar mainpura patna,Automatic washing machine 4000to7000 Semi washing machine 3500to6000 Front load washing machine 6000to12000 Warranty available - Washing Machines,3500,"[""/content/drive/MyDrive/olx_washingmachine_dataset/images/washmachine_927215bcf5/1.jpg"", ""/content/drive/MyDrive/olx_washingmachine_dataset/images/washmachine_927215bcf5/2.jpg"", ""/content/drive/MyDrive/olx_washingmachine_dataset/images/washmachine_927215bcf5/3.jpg"", ""/content/drive/MyDrive/olx_washingmachine_dataset/images/washmachine_927215bcf5/4.jpg"", ""/content/drive/MyDrive/olx_washingmachine_dataset/images/washmachine_927215bcf5/5.jpg"", ""/content/drive/MyDrive/olx_washingmachine_dataset/images/washmachine_927215bcf5/6.jpg"", ""/content/drive/MyDrive/olx_washingmachine_dataset/images/washmachine_927215bcf5/7.jpg"", ""/content/drive/MyDrive/olx_washingmachine_dataset/images/washmachine_927215bcf5/8.jpg""]",8,2025-12-09 05:54:04.754516
washmachine_c259b929d2,https://www.olx.in/item/washing-machines-c1615-haier-model-8-2-kg-good-condition-colour-golden-working-condition-in-kavimani-devi-nagar-avadi-iid-1828725222,Haier model  8 .2 kg  good condition colour golden  working condition,I'm going to leave the mute so I'm going to sell this. - Washing Machines,5500,"[""/content/drive/MyDrive/olx_washingmachine_dataset/images/washmachine_c259b929d2/1.jpg"", ""/content/drive/MyDrive/olx_washingmachine_dataset/images/washmachine_c259b929d2/2.jpg"", ""/content/drive/MyDrive/olx_washingmachine_dataset/images/washmachine_c259b929d2/3.jpg"", ""/content/drive/MyDrive/olx_washingmachine_dataset/images/washmachine_c259b929d2/4.jpg"", ""/content/drive/MyDrive/olx_washingmachine_dataset/images/washmachine_c259b929d2/5.jpg"", ""/content/drive/MyDrive/olx_washingmachine_dataset/images/washmachine_c259b929d2/6.jpg"", ""/content/drive/MyDrive/olx_washingmachine_dataset/images/washmachine_c259b929d2/7.jpg"", ""/content/drive/MyDrive/olx_washingmachine_dataset/images/washmachine_c259b929d2/8.jpg""]",8,2025-12-09 05:54:55.985536
washmachine_dff53a5e28,https://www.olx.in/item/washing-machines-c1615-id08-whirlpool-white-magic-62-kg-marrow-silver-in-working-condition-in-ejipura-bengaluru-iid-1810644806,Id08 Whirlpool white magic 6.2 kg marrow & silver in working condition,1 : Delivery and installation will be done @ your place on the time of delivery . 2 : you wil get new acccerioes of inlet and outlet pipes for washing machine. 3: warranty wil be for 1 year on motor and 6 months service warranty@ door step (Note : once we receive a complaint it wil be resolve within 72 hours ) (If there is some major problem in product Replacement of product will get replaced with in 4 working days ). - Washing Machines,7499,"[""/content/drive/MyDrive/olx_washingmachine_dataset/images/washmachine_dff53a5e28/1.jpg"", ""/content/drive/MyDrive/olx_washingmachine_dataset/images/washmachine_dff53a5e28/2.jpg"", ""/content/drive/MyDrive/olx_washingmachine_dataset/images/washmachine_dff53a5e28/3.jpg"", ""/content/drive/MyDrive/olx_washingmachine_dataset/images/washmachine_dff53a5e28/4.jpg"", ""/content/drive/MyDrive/olx_washingmachine_dataset/images/washmachine_dff53a5e28/5.jpg"", ""/content/drive/MyDrive/olx_washingmachine_dataset/images/washmachine_dff53a5e28/6.jpg"", ""/content/drive/MyDrive/olx_washingmachine_dataset/images/washmachine_dff53a5e28/7.jpg"", ""/content/drive/MyDrive/olx_washingmachine_dataset/images/washmachine_dff53a5e28/8.jpg"", ""/content/drive/MyDrive/olx_washingmachine_dataset/images/washmachine_dff53a5e28/9.jpg"", ""/content/drive/MyDrive/olx_washingmachine_dataset/images/washmachine_dff53a5e28/10.jpg""]",10,2025-12-09 05:56:27.916711
washmachine_50e118faca,https://www.olx.in/item/washing-machines-c1615-5-year-warranty-washing-machine-fridge-ac-free-delivery-less-used-in-borivali-west-mumbai-iid-1827667559,5 YEAR WARRANTY_ WASHING MACHINE FRIDGE AC_ FREE DELIVERY_ LESS USED,"@@ WE ARE FROM AIR COOL CENTER . OUR SHOP CAN PROVIDE HARDLY USED APPLIANCES @@ ## BEST 5 YEAR WARRANTY WITH FRIDGES/ WASHING MACHINE AND DELIVERY FREE MUMBAI , THANE , NAVI MUMBAI ## ** WE CAN PROVIDE APPLIANCES LIKE :- ** '' 1) FRIDGES { SINGAL DOOR , DOUBLE DOOR AND BIG SIZE DOUBLE DOOR AVAILABLE ALSO SIDE BY SIDE AVAILABLE } '' '' 2)WASHING MACHINE { FULLY AUTOMATIC } '' '' 3)AC {SPLIT AC AND WINDOW AC } '' ** BEST PRICES OF APPLIANCES LIKE:- ** @ 1) FRIDGE :- i) singal door :- 6500 /- TO 7500/- ii) double door :- 8500/- TO 45000/- @ @ 2) WASHING MACHINE :- i)fully automatic :- 6500/- TO 14500/- @ @ 3) WINDOW AC :- i) 1 ton window ac :- 10500/- TO 14500/- {brand :- lg , samsung } ii) 1.5 ton window ac :- 14500/- TO 16500/- {brand :- lg , samsung} @ @ 4) SPLIT AC :- i) 1 ton split ac :- 13500/- TO 14500/- ii) 1.5 ton split ac :- 15500/- TO 18500/- @ @@ JUST 2 TO 3 YEAR USED APPLIANCE @@ *** NOTE :- *** 1) 5 year warranty on compressor of fridge and motor of washing machine. 2) Delivery free all Mumbai/ Thane / Navi Mumbai. 3) Inlet /Outlet pipes free with washing machine . 4) Also available on Rent basis :- i) Rs.500/-per month for washing machine single door fridge ii) Rs.700/-per month for double door fridge[below 280 lit fridge] iii) Rs.800/-per month for 1 ton window Ac iv) Rs.1000/- per month for 1.5 ton window Ac 6) 50% cash back facility too. $ for more details call us and same number for whatsapp information $ *Air cool centre* More details:- Contact pooja Shop no. 4 Yadav colony, Near orange tree school, Opposite trans apartment, Mahakali caves road, Andheri East, Mumbai 400093. LAND MARK :- Shri Sathya Sai Baba dharmakshetra & school Shop time:- 10 am to 10 pm All day open F F F - Washing Machines",6500,"[""/content/drive/MyDrive/olx_washingmachine_dataset/images/washmachine_50e118faca/1.jpg"", ""/content/drive/MyDrive/olx_washingmachine_dataset/images/washmachine_50e118faca/2.jpg"", ""/content/drive/MyDrive/olx_washingmachine_dataset/images/washmachine_50e118faca/3.jpg"", ""/content/drive/MyDrive/olx_washingmachine_dataset/images/washmachine_50e118faca/4.jpg"", ""/content/drive/MyDrive/olx_washingmachine_dataset/images/washmachine_50e118faca/5.jpg"", ""/content/drive/MyDrive/olx_washingmachine_dataset/images/washmachine_50e118faca/6.jpg"", ""/content/drive/MyDrive/olx_washingmachine_dataset/images/washmachine_50e118faca/7.jpg"", ""/content/drive/MyDrive/olx_washingmachine_dataset/images/washmachine_50e118faca/8.jpg"", ""/content/drive/MyDrive/olx_washingmachine_dataset/images/washmachine_50e118faca/9.jpg"", ""/content/drive/MyDrive/olx_washingmachine_dataset/images/washmachine_50e118faca/10.jpg""]",10,2025-12-09 05:57:15.357463
washmachine_0727c4edd6,https://www.olx.in/item/washing-machines-c1615-works-smoothly-with-powerful-cleaning-and-no-noise-issue-in-ramamurthy-nagar-bengaluru-iid-1824764104,#Works smoothly with powerful cleaning and no noise issue.,"> Visit our website for more options: www .yourchoiz. in Flat ₹500 OFF + Cash on Delivery Use code: NAMMAYOURCHOIZ at www .yourchoiz. in Refurbished Appliances at Best Price – Quality You Can Trust! Looking for affordable home appliances without compromising on quality? Our refurbished refrigerators and washing machines are carefully inspected, fully tested, and restored to perfect working condition by experts. Why Choose Us? Fully tested and repaired if needed Professionally cleaned and sanitized Minor cosmetic marks possible, but 100% functional Environment-friendly and budget-friendly Available Products: Single Door Refrigerator – Starting at just ₹4,999 Double Door Refrigerator – Starting at ₹6,999 Top Load Washing Machine – Starting at ₹4,999 Front Load Washing Machine – Starting at ₹6,999 Warranty: 1 Year Warranty on Motor and Compressor Free delivery available in Bangalore Visit us today and give your home a smart upgrade at a smart price! - Washing Machines",5499,"[""/content/drive/MyDrive/olx_washingmachine_dataset/images/washmachine_0727c4edd6/1.jpg"", ""/content/drive/MyDrive/olx_washingmachine_dataset/images/washmachine_0727c4edd6/2.jpg"", ""/content/drive/MyDrive/olx_washingmachine_dataset/images/washmachine_0727c4edd6/3.jpg"", ""/content/drive/MyDrive/olx_washingmachine_dataset/images/washmachine_0727c4edd6/4.jpg"", ""/content/drive/MyDrive/olx_washingmachine_dataset/images/washmachine_0727c4edd6/5.jpg"", ""/content/drive/MyDrive/olx_washingmachine_dataset/images/washmachine_0727c4edd6/6.jpg"", ""/content/drive/MyDrive/olx_washingmachine_dataset/images/washmachine_0727c4edd6/7.jpg"", ""/content/drive/MyDrive/olx_washingmachine_dataset/images/washmachine_0727c4edd6/8.jpg""]",8,2025-12-09 05:58:02.355924
washmachine_9008d977e1,https://www.olx.in/item/washing-machines-c1615-015tt-this-diwali-grab-good-offers-on-used-home-appliances-in-kengeri-bengaluru-iid-1822700537,#015TT this diwali grab good offers on used home appliances,"TRUST TRONICS ELECTRONIC OUR BRANCHES LOCATED IN BTM 2nd stage & Marathahalli Price range 1.) Top load fully automatic washing machine starts from (6500) 2.) Front load fully automatic washing machine starts from (8500) 3.) Single door refrigerator starts from (6500) 4.) Doble door refrigerator starts from (8000) 5.) Combo offers refrigerator and washing machine starts from (12500)(13000) Delivery : delivery will be done by our experience driver with in 12 hours one's the order is taken Warranty : We Provide 6 months Free Door Step service We Provide 1 Year full warranty For Motor & Compressor For Both Products Installation : we provide Installation with Brand New Accessories like inlet and outlet pipes for washing machine Certified every product undergo rigorous testing and are in flawless working condition. Some parts may have been replaced with high-quality, OEM parts to ensure full functionality. - Washing Machines",5999,"[""/content/drive/MyDrive/olx_washingmachine_dataset/images/washmachine_9008d977e1/1.jpg"", ""/content/drive/MyDrive/olx_washingmachine_dataset/images/washmachine_9008d977e1/2.jpg"", ""/content/drive/MyDrive/olx_washingmachine_dataset/images/washmachine_9008d977e1/3.jpg"", ""/content/drive/MyDrive/olx_washingmachine_dataset/images/washmachine_9008d977e1/4.jpg"", ""/content/drive/MyDrive/olx_washingmachine_dataset/images/washmachine_9008d977e1/5.jpg"", ""/content/drive/MyDrive/olx_washingmachine_dataset/images/washmachine_9008d977e1/6.jpg"", ""/content/drive/MyDrive/olx_washingmachine_dataset/images/washmachine_9008d977e1/7.jpg"", ""/content/drive/MyDrive/olx_washingmachine_dataset/images/washmachine_9008d977e1/8.jpg""]",8,2025-12-09 05:58:09.180551
washmachine_6cc87237f1,https://www.olx.in/item/washing-machines-c1615-front-loading-washing-machine-in-black-and-silver-colour-in-sir-jj-road-mumbai-iid-1827701653,Front loading washing machine in black and silver colour,Fully Automatic and fully working condition hardly used for 1year - Washing Machines,25000,"[""/content/drive/MyDrive/olx_washingmachine_dataset/images/washmachine_6cc87237f1/1.jpg"", ""/content/drive/MyDrive/olx_washingmachine_dataset/images/washmachine_6cc87237f1/2.jpg"", ""/content/drive/MyDrive/olx_washingmachine_dataset/images/washmachine_6cc87237f1/3.jpg"", ""/content/drive/MyDrive/olx_washingmachine_dataset/images/washmachine_6cc87237f1/4.jpg"", ""/content/drive/MyDrive/olx_washingmachine_dataset/images/washmachine_6cc87237f1/5.jpg"", ""/content/drive/MyDrive/olx_washingmachine_dataset/images/washmachine_6cc87237f1/6.jpg"", ""/content/drive/MyDrive/olx_washingmachine_dataset/images/washmachine_6cc87237f1/7.jpg"", ""/content/drive/MyDrive/olx_washingmachine_dataset/images/washmachine_6cc87237f1/8.jpg""]",8,2025-12-09 05:58:58.182344
washmachine_01917e9d7d,https://www.olx.in/item/washing-machines-c1615-amid122lg-grey-colour-single-door-refrigerator-190-ltrs-with-warranty-in-jp-nagar-phase-2-bengaluru-iid-1812095114,amid122Lg grey colour single door refrigerator 190 ltrs with warranty,Home appliances available: *Combo starting from rupees12000/- only *Single door starting from rupees 6000/- only *Double door starting from rupees 7000/- only *Top load washingmachine starting from 6000/- only *Frontload washing machine starting from 7000/- only Used home appliances available in excellent running condition with 1 year warranty 6 months free service free home delivery installation demo brand new inlet and outlet pies free. Buy back guarantee: If your willing to return the product within 15 months will give 50% off bought amount of the product and after 15 months will give 40% buy back guarantee .. More details contact us Thank you.. - Washing Machines,7499,"[""/content/drive/MyDrive/olx_washingmachine_dataset/images/washmachine_01917e9d7d/1.jpg"", ""/content/drive/MyDrive/olx_washingmachine_dataset/images/washmachine_01917e9d7d/2.jpg"", ""/content/drive/MyDrive/olx_washingmachine_dataset/images/washmachine_01917e9d7d/3.jpg"", ""/content/drive/MyDrive/olx_washingmachine_dataset/images/washmachine_01917e9d7d/4.jpg"", ""/content/drive/MyDrive/olx_washingmachine_dataset/images/washmachine_01917e9d7d/5.jpg"", ""/content/drive/MyDrive/olx_washingmachine_dataset/images/washmachine_01917e9d7d/6.jpg"", ""/content/drive/MyDrive/olx_washingmachine_dataset/images/washmachine_01917e9d7d/7.jpg"", ""/content/drive/MyDrive/olx_washingmachine_dataset/images/washmachine_01917e9d7d/8.jpg"", ""/content/drive/MyDrive/olx_washingmachine_dataset/images/washmachine_01917e9d7d/9.jpg"", ""/content/drive/MyDrive/olx_washingmachine_dataset/images/washmachine_01917e9d7d/10.jpg""]",10,2025-12-09 05:59:06.058059
washmachine_e6daf1656d,https://www.olx.in/item/washing-machines-c1615-whirlpool-washing-machine-in-kapuluppada-visakhapatnam-iid-1828725658,Whirlpool Washing Machine,Very good condition good company present full working condition deep cooling within ten minutes full cooling V buyied new double door fridge big one so we kept aside in home interested people call me message me - Washing Machines,6500,"[""/content/drive/MyDrive/olx_washingmachine_dataset/images/washmachine_e6daf1656d/1.jpg"", ""/content/drive/MyDrive/olx_washingmachine_dataset/images/washmachine_e6daf1656d/2.jpg"", ""/content/drive/MyDrive/olx_washingmachine_dataset/images/washmachine_e6daf1656d/3.jpg"", ""/content/drive/MyDrive/olx_washingmachine_dataset/images/washmachine_e6daf1656d/4.jpg"", ""/content/drive/MyDrive/olx_washingmachine_dataset/images/washmachine_e6daf1656d/5.jpg"", ""/content/drive/MyDrive/olx_washingmachine_dataset/images/washmachine_e6daf1656d/6.jpg"", ""/content/drive/MyDrive/olx_washingmachine_dataset/images/washmachine_e6daf1656d/7.jpg"", ""/content/drive/MyDrive/olx_washingmachine_dataset/images/washmachine_e6daf1656d/8.jpg""]",8,2025-12-09 05:59:11.795821
washmachine_70a273b1d1,https://www.olx.in/item/washing-machines-c1615-aditrnic-washing-machine-62kg-and-fridge-lg-190-in-btm-layout-bengaluru-iid-1805400421,"Aditrnic washing machine 6,2kg and fridge LG 190",Visit to our store Hsr layout Washing machines and fridges available with free shipping Top load starting price is 6000 Front load starting price is 8000 Single door starting price is 6000 Double door starting price is 8000 Combo offer Top load washing machine and single door fridge is 12000 Top load washing machine and double door refrigerator starting price is 6000 Front load washing machine and single door fridge starting price is 15000 Front load washing machine and double door refrigerator starting price is 6000 Warranty One year warranty on motor for washing machines with 6 months free service @ your door step One year warranty on compressor for refrigerator with 6 months free service @ your door step Delivery: free home delivery @ your door step Get electronic's - Washing Machines,14500,"[""/content/drive/MyDrive/olx_washingmachine_dataset/images/washmachine_70a273b1d1/1.jpg"", ""/content/drive/MyDrive/olx_washingmachine_dataset/images/washmachine_70a273b1d1/2.jpg"", ""/content/drive/MyDrive/olx_washingmachine_dataset/images/washmachine_70a273b1d1/3.jpg"", ""/content/drive/MyDrive/olx_washingmachine_dataset/images/washmachine_70a273b1d1/4.jpg"", ""/content/drive/MyDrive/olx_washingmachine_dataset/images/washmachine_70a273b1d1/5.jpg"", ""/content/drive/MyDrive/olx_washingmachine_dataset/images/washmachine_70a273b1d1/6.jpg"", ""/content/drive/MyDrive/olx_washingmachine_dataset/images/washmachine_70a273b1d1/7.jpg"", ""/content/drive/MyDrive/olx_washingmachine_dataset/images/washmachine_70a273b1d1/8.jpg"", ""/content/drive/MyDrive/olx_washingmachine_dataset/images/washmachine_70a273b1d1/9.jpg"", ""/content/drive/MyDrive/olx_washingmachine_dataset/images/washmachine_70a273b1d1/10.jpg""]",10,2025-12-09 06:00:01.443878
washmachine_511ae6760a,https://www.olx.in/item/washing-machines-c1615-whirlpool-black-colour-washing-machine-available-home-applian-in-kasavanahalli-bengaluru-iid-1800956357,", whirlpool black colour washing machine available home applian",Free delivery Free installation Free demo Free brand new inlet and outlet pipes free 1 year warranty & 6 months free service 15 months if u want to return 50 percent cash back - Washing Machines,6499,"[""/content/drive/MyDrive/olx_washingmachine_dataset/images/washmachine_511ae6760a/1.jpg"", ""/content/drive/MyDrive/olx_washingmachine_dataset/images/washmachine_511ae6760a/2.jpg"", ""/content/drive/MyDrive/olx_washingmachine_dataset/images/washmachine_511ae6760a/3.jpg"", ""/content/drive/MyDrive/olx_washingmachine_dataset/images/washmachine_511ae6760a/4.jpg"", ""/content/drive/MyDrive/olx_washingmachine_dataset/images/washmachine_511ae6760a/5.jpg"", ""/content/drive/MyDrive/olx_washingmachine_dataset/images/washmachine_511ae6760a/6.jpg"", ""/content/drive/MyDrive/olx_washingmachine_dataset/images/washmachine_511ae6760a/7.jpg"", ""/content/drive/MyDrive/olx_washingmachine_dataset/images/washmachine_511ae6760a/8.jpg"", ""/content/drive/MyDrive/olx_washingmachine_dataset/images/washmachine_511ae6760a/9.jpg"", ""/content/drive/MyDrive/olx_washingmachine_dataset/images/washmachine_511ae6760a/10.jpg""]",10,2025-12-09 06:00:08.995518
washmachine_4fe3813b87,https://www.olx.in/item/washing-machines-c1615-lg-6kg-fully-automatic-turbodrum-washing-machine-with-machine-stand-in-alaknanda-delhi-iid-1814843043,LG 6kg Fully automatic turbodrum washing machine with machine stand,Fully automatic machine in an excellent condition. Additionally providing you heavy duty machine stand. - Washing Machines,9000,"[""/content/drive/MyDrive/olx_washingmachine_dataset/images/washmachine_4fe3813b87/1.jpg"", ""/content/drive/MyDrive/olx_washingmachine_dataset/images/washmachine_4fe3813b87/2.jpg"", ""/content/drive/MyDrive/olx_washingmachine_dataset/images/washmachine_4fe3813b87/3.jpg"", ""/content/drive/MyDrive/olx_washingmachine_dataset/images/washmachine_4fe3813b87/4.jpg"", ""/content/drive/MyDrive/olx_washingmachine_dataset/images/washmachine_4fe3813b87/5.jpg"", ""/content/drive/MyDrive/olx_washingmachine_dataset/images/washmachine_4fe3813b87/6.jpg"", ""/content/drive/MyDrive/olx_washingmachine_dataset/images/washmachine_4fe3813b87/7.jpg"", ""/content/drive/MyDrive/olx_washingmachine_dataset/images/washmachine_4fe3813b87/8.jpg""]",8,2025-12-09 06:00:55.679296
washmachine_5ab939f3d5,https://www.olx.in/item/washing-machines-c1615-manufacturing-machine-in-atakfarm-selaqui-iid-1828725996,Manufacturing machine,Dona pattal machine new single die machine - Washing Machines,24000,"[""/content/drive/MyDrive/olx_washingmachine_dataset/images/washmachine_5ab939f3d5/1.jpg"", ""/content/drive/MyDrive/olx_washingmachine_dataset/images/washmachine_5ab939f3d5/2.jpg"", ""/content/drive/MyDrive/olx_washingmachine_dataset/images/washmachine_5ab939f3d5/3.jpg"", ""/content/drive/MyDrive/olx_washingmachine_dataset/images/washmachine_5ab939f3d5/4.jpg"", ""/content/drive/MyDrive/olx_washingmachine_dataset/images/washmachine_5ab939f3d5/5.jpg"", ""/content/drive/MyDrive/olx_washingmachine_dataset/images/washmachine_5ab939f3d5/6.jpg"", ""/content/drive/MyDrive/olx_washingmachine_dataset/images/washmachine_5ab939f3d5/7.jpg"", ""/content/drive/MyDrive/olx_washingmachine_dataset/images/washmachine_5ab939f3d5/8.jpg""]",8,2025-12-09 06:01:02.978155
washmachine_32059a5fb2,https://www.olx.in/item/washing-machines-c1615-lg-fully-automatic-washing-machinelg-210ltrs-refrigerator-wit-shiping-in-harlur-main-road-bengaluru-iid-1812814103,Lg fully automatic Washing machine&lg 210ltrs refrigerator wit shiping,Home appliances available: *Combo starting from rupees12000/- only *Single door starting from rupees 6000/- only *Double door starting from rupees 7000/- only *Top load washingmachine starting from 6000/- only *Frontload washing machine starting from 7000/- only Used home appliances available in excellent running condition with 1 year warranty 6 months free service free home delivery installation demo brand new inlet and outlet pies free. Buy back guarantee: If your willing to return the product within 15 months will give 50% off bought amount of the product and after 15 months will give 40% buy back guarantee .. More details contact us Thank you.. - Washing Machines,14499,"[""/content/drive/MyDrive/olx_washingmachine_dataset/images/washmachine_32059a5fb2/1.jpg"", ""/content/drive/MyDrive/olx_washingmachine_dataset/images/washmachine_32059a5fb2/2.jpg"", ""/content/drive/MyDrive/olx_washingmachine_dataset/images/washmachine_32059a5fb2/3.jpg"", ""/content/drive/MyDrive/olx_washingmachine_dataset/images/washmachine_32059a5fb2/4.jpg"", ""/content/drive/MyDrive/olx_washingmachine_dataset/images/washmachine_32059a5fb2/5.jpg"", ""/content/drive/MyDrive/olx_washingmachine_dataset/images/washmachine_32059a5fb2/6.jpg"", ""/content/drive/MyDrive/olx_washingmachine_dataset/images/washmachine_32059a5fb2/7.jpg"", ""/content/drive/MyDrive/olx_washingmachine_dataset/images/washmachine_32059a5fb2/8.jpg"", ""/content/drive/MyDrive/olx_washingmachine_dataset/images/washmachine_32059a5fb2/9.jpg"", ""/content/drive/MyDrive/olx_washingmachine_dataset/images/washmachine_32059a5fb2/10.jpg""]",10,2025-12-09 06:01:10.707119
washmachine_e95a21f90d,https://www.olx.in/item/washing-machines-c1615-id85samsung-digital-6-kg-diamond-drum-fully-automatic-washing-machine-in-domlur-bengaluru-iid-1811764569,Id85Samsung digital 6 kg diamond drum fully automatic washing machine,we provide you 1 year warranty on motor 6 months free service with installation demo brand new alert and outlet pipe + 50% by back policy within 15 months 50% we provide after 15 months 40% 30% depending on the working condition - Washing Machines,6999,"[""/content/drive/MyDrive/olx_washingmachine_dataset/images/washmachine_e95a21f90d/1.jpg"", ""/content/drive/MyDrive/olx_washingmachine_dataset/images/washmachine_e95a21f90d/2.jpg"", ""/content/drive/MyDrive/olx_washingmachine_dataset/images/washmachine_e95a21f90d/3.jpg"", ""/content/drive/MyDrive/olx_washingmachine_dataset/images/washmachine_e95a21f90d/4.jpg"", ""/content/drive/MyDrive/olx_washingmachine_dataset/images/washmachine_e95a21f90d/5.jpg"", ""/content/drive/MyDrive/olx_washingmachine_dataset/images/washmachine_e95a21f90d/6.jpg"", ""/content/drive/MyDrive/olx_washingmachine_dataset/images/washmachine_e95a21f90d/7.jpg"", ""/content/drive/MyDrive/olx_washingmachine_dataset/images/washmachine_e95a21f90d/8.jpg"", ""/content/drive/MyDrive/olx_washingmachine_dataset/images/washmachine_e95a21f90d/9.jpg"", ""/content/drive/MyDrive/olx_washingmachine_dataset/images/washmachine_e95a21f90d/10.jpg""]",10,2025-12-09 06:01:59.229418
washmachine_c6148cd319,https://www.olx.in/item/washing-machines-c1615-samsung-front-load-washing-machine-in-rajbara-indore-iid-1827983772,Samsung front load washing machine,Samsung washing machine top condition 5.5 kg silver colour inbuilt heater full working condition full automatic - Washing Machines,9000,"[""/content/drive/MyDrive/olx_washingmachine_dataset/images/washmachine_c6148cd319/1.jpg"", ""/content/drive/MyDrive/olx_washingmachine_dataset/images/washmachine_c6148cd319/2.jpg"", ""/content/drive/MyDrive/olx_washingmachine_dataset/images/washmachine_c6148cd319/3.jpg"", ""/content/drive/MyDrive/olx_washingmachine_dataset/images/washmachine_c6148cd319/4.jpg"", ""/content/drive/MyDrive/olx_washingmachine_dataset/images/washmachine_c6148cd319/5.jpg"", ""/content/drive/MyDrive/olx_washingmachine_dataset/images/washmachine_c6148cd319/6.jpg"", ""/content/drive/MyDrive/olx_washingmachine_dataset/images/washmachine_c6148cd319/7.jpg"", ""/content/drive/MyDrive/olx_washingmachine_dataset/images/washmachine_c6148cd319/8.jpg"", ""/content/drive/MyDrive/olx_washingmachine_dataset/images/washmachine_c6148cd319/9.jpg"", ""/content/drive/MyDrive/olx_washingmachine_dataset/images/washmachine_c6148cd319/10.jpg"", ""/content/drive/MyDrive/olx_washingmachine_dataset/images/washmachine_c6148cd319/11.jpg"", ""/content/drive/MyDrive/olx_washingmachine_dataset/images/washmachine_c6148cd319/12.jpg"", ""/content/drive/MyDrive/olx_washingmachine_dataset/images/washmachine_c6148cd319/13.jpg"", ""/content/drive/MyDrive/olx_washingmachine_dataset/images/washmachine_c6148cd319/14.jpg""]",14,2025-12-09 06:02:09.621619
washmachine_5426595dbe,https://www.olx.in/item/washing-machines-c1615-save-big-with-our-fridge-washer-bundle-deal-in-beml-layout-bengaluru-iid-1822405204,Save Big with Our Fridge & Washer Bundle Deal!,"Visit our website for more options: yourchoiz Electronics Flat ₹500 OFF + Cash on Delivery Use code: NAMMAYOURCHOIZ at yourchoiz Electronics Refurbished Appliances at Best Price – Quality You Can Trust! Looking for affordable home appliances without compromising on quality? Our refurbished refrigerators and washing machines are carefully inspected, fully tested, and restored to perfect working condition by experts. Why Choose Us? Fully tested and repaired if needed Professionally cleaned and sanitized Minor cosmetic marks possible, but 100% functional Environment-friendly and budget-friendly Available Products: Single Door Refrigerator – Starting at just ₹4,999 Double Door Refrigerator – Starting at ₹6,999 Top Load Washing Machine – Starting at ₹4,999 Front Load Washing Machine – Starting at ₹6,999 Warranty: 1 Year Warranty on Motor and Compressor Free delivery available in Bangalore Visit us today and give your home a smart upgrade at a smart price! - Washing Machines",10999,"[""/content/drive/MyDrive/olx_washingmachine_dataset/images/washmachine_5426595dbe/1.jpg"", ""/content/drive/MyDrive/olx_washingmachine_dataset/images/washmachine_5426595dbe/2.jpg"", ""/content/drive/MyDrive/olx_washingmachine_dataset/images/washmachine_5426595dbe/3.jpg"", ""/content/drive/MyDrive/olx_washingmachine_dataset/images/washmachine_5426595dbe/4.jpg"", ""/content/drive/MyDrive/olx_washingmachine_dataset/images/washmachine_5426595dbe/5.jpg"", ""/content/drive/MyDrive/olx_washingmachine_dataset/images/washmachine_5426595dbe/6.jpg"", ""/content/drive/MyDrive/olx_washingmachine_dataset/images/washmachine_5426595dbe/7.jpg"", ""/content/drive/MyDrive/olx_washingmachine_dataset/images/washmachine_5426595dbe/8.jpg""]",8,2025-12-09 06:02:56.059253
washmachine_ef29cd5cca,https://www.olx.in/item/washing-machines-c1615-onida-58-6kg-fully-working-automatic-washing-machine-in-nimbekaipura-bengaluru-iid-1827380193,Onida 5.8 (6KG) fully working automatic Washing machine,"It is used inside home only, not exposed to sun and dust, Onida fully working and fully automatic washing machine, we have got a new and big washing machine so selling the old one. Rat Mesh is already installed at the bottom. Heavy bargainers please stayaway. You need to arrange the transportation. - Washing Machines",5500,"[""/content/drive/MyDrive/olx_washingmachine_dataset/images/washmachine_ef29cd5cca/1.jpg"", ""/content/drive/MyDrive/olx_washingmachine_dataset/images/washmachine_ef29cd5cca/2.jpg"", ""/content/drive/MyDrive/olx_washingmachine_dataset/images/washmachine_ef29cd5cca/3.jpg"", ""/content/drive/MyDrive/olx_washingmachine_dataset/images/washmachine_ef29cd5cca/4.jpg"", ""/content/drive/MyDrive/olx_washingmachine_dataset/images/washmachine_ef29cd5cca/5.jpg"", ""/content/drive/MyDrive/olx_washingmachine_dataset/images/washmachine_ef29cd5cca/6.jpg"", ""/content/drive/MyDrive/olx_washingmachine_dataset/images/washmachine_ef29cd5cca/7.jpg"", ""/content/drive/MyDrive/olx_washingmachine_dataset/images/washmachine_ef29cd5cca/8.jpg""]",8,2025-12-09 06:05:59.014708
washmachine_55ff6ff1e3,https://www.olx.in/item/washing-machines-c1615-ifb-washing-machine-with-15-years-amc-in-sonnenahalli-bengaluru-iid-1827604869,IFB Washing machine with 1.5 years AMC,"A 6.5 kg fully automatic washing machine, maintained well & decently used. AMC is valid till Apr 2027 from the IFB Service Centre. Any malfunction will be covered free of cost excluding the rubber gasket. - Washing Machines",8000,"[""/content/drive/MyDrive/olx_washingmachine_dataset/images/washmachine_55ff6ff1e3/1.jpg"", ""/content/drive/MyDrive/olx_washingmachine_dataset/images/washmachine_55ff6ff1e3/2.jpg"", ""/content/drive/MyDrive/olx_washingmachine_dataset/images/washmachine_55ff6ff1e3/3.jpg"", ""/content/drive/MyDrive/olx_washingmachine_dataset/images/washmachine_55ff6ff1e3/4.jpg"", ""/content/drive/MyDrive/olx_washingmachine_dataset/images/washmachine_55ff6ff1e3/5.jpg"", ""/content/drive/MyDrive/olx_washingmachine_dataset/images/washmachine_55ff6ff1e3/6.jpg"", ""/content/drive/MyDrive/olx_washingmachine_dataset/images/washmachine_55ff6ff1e3/7.jpg"", ""/content/drive/MyDrive/olx_washingmachine_dataset/images/washmachine_55ff6ff1e3/8.jpg""]",8,2025-12-09 06:06:05.868642
washmachine_607ad9cda2,https://www.olx.in/item/washing-machines-c1615-both-work-perfectly-well-maintained-and-ready-to-use-save-money-in-marathahalli-bengaluru-iid-1824535423,"#Both work perfectly, well-maintained and ready to use. Save money","> Visit our website for more options: www .yourchoiz. in Flat ₹500 OFF + Cash on Delivery Use code: NAMMAYOURCHOIZ at www .yourchoiz. in Refurbished Appliances at Best Price – Quality You Can Trust! Looking for affordable home appliances without compromising on quality? Our refurbished refrigerators and washing machines are carefully inspected, fully tested, and restored to perfect working condition by experts. Why Choose Us? Fully tested and repaired if needed Professionally cleaned and sanitized Minor cosmetic marks possible, but 100% functional Environment-friendly and budget-friendly Available Products: Single Door Refrigerator – Starting at just ₹4,999 Double Door Refrigerator – Starting at ₹6,999 Top Load Washing Machine – Starting at ₹4,999 Front Load Washing Machine – Starting at ₹6,999 Warranty: 1 Year Warranty on Motor and Compressor Free delivery available in Bangalore Visit us today and give your home a smart upgrade at a smart price! - Washing Machines",11999,"[""/content/drive/MyDrive/olx_washingmachine_dataset/images/washmachine_607ad9cda2/1.jpg"", ""/content/drive/MyDrive/olx_washingmachine_dataset/images/washmachine_607ad9cda2/2.jpg"", ""/content/drive/MyDrive/olx_washingmachine_dataset/images/washmachine_607ad9cda2/3.jpg"", ""/content/drive/MyDrive/olx_washingmachine_dataset/images/washmachine_607ad9cda2/4.jpg"", ""/content/drive/MyDrive/olx_washingmachine_dataset/images/washmachine_607ad9cda2/5.jpg"", ""/content/drive/MyDrive/olx_washingmachine_dataset/images/washmachine_607ad9cda2/6.jpg"", ""/content/drive/MyDrive/olx_washingmachine_dataset/images/washmachine_607ad9cda2/7.jpg"", ""/content/drive/MyDrive/olx_washingmachine_dataset/images/washmachine_607ad9cda2/8.jpg""]",8,2025-12-09 06:08:20.438002
washmachine_38c94b7f59,https://www.olx.in/item/washing-machines-c1615-ready-to-use-good-condition-low-price-quick-sale-offer-in-jogeshwari-east-mumbai-iid-1825081747,(READY TO USE)  [GOOD CONDITION]  LOW PRICE  QUICK SALE OFFER,"GET HARDLY USED PRODUCT AVAILABLE. SUPERB QUALITY PRODUCTS AVAILABLE. BEST CONDITION. WASHING MACHINE AC AND FRIDGE AVAILABLE. COOL DEAL MUMBAI •)Your Affordable Appliance Partner in Mumbai BUY RENT EXCHANGE – Fridge, Washing Machine & AC Available WHAT WE OFFER •) Fridges – Single & Double Door •)Washing Machines – Fully Automatic, Top Load •)ACs – Split & Window ALL PRODUCTS COME WITH (6__ MONTHS WARRANTY) Hardly Used Best Condition Branded Appliances PRICE RANGE •) Fridge – ₹6,500 to ₹8,500 •) Washing Machine – ₹6,500 to ₹7,500 •)Split AC – Starting ₹13,500 •) Window AC – Starting ₹11,500 WHY CHOOSE US? •) 1 Year Compressor Warranty (Fridge) •)1 Year Motor Warranty (Washing Machine) •) 6 Months Warranty on All Parts •)Free 1.5 Meter Pipe & Installation (Washing Machine) •)Available for Rent (Terms & Conditions Apply) CALL OR WHATSAPP NOW •) Product Photos, Prices & Details Sent Instantly on WhatsApp Visit Us At: *Krishna CHS limited,* Shop No-01, *Near sai lila Garden* , Opp- Punjab national bank , near patel terrace, _Pump house Andheri East,_ Mumbai (400093) ( Timings: 10:00 AM to 10:00 PM – Open Daily). - Washing Machines",6500,"[""/content/drive/MyDrive/olx_washingmachine_dataset/images/washmachine_38c94b7f59/1.jpg"", ""/content/drive/MyDrive/olx_washingmachine_dataset/images/washmachine_38c94b7f59/2.jpg"", ""/content/drive/MyDrive/olx_washingmachine_dataset/images/washmachine_38c94b7f59/3.jpg"", ""/content/drive/MyDrive/olx_washingmachine_dataset/images/washmachine_38c94b7f59/4.jpg"", ""/content/drive/MyDrive/olx_washingmachine_dataset/images/washmachine_38c94b7f59/5.jpg"", ""/content/drive/MyDrive/olx_washingmachine_dataset/images/washmachine_38c94b7f59/6.jpg"", ""/content/drive/MyDrive/olx_washingmachine_dataset/images/washmachine_38c94b7f59/7.jpg"", ""/content/drive/MyDrive/olx_washingmachine_dataset/images/washmachine_38c94b7f59/8.jpg"", ""/content/drive/MyDrive/olx_washingmachine_dataset/images/washmachine_38c94b7f59/9.jpg"", ""/content/drive/MyDrive/olx_washingmachine_dataset/images/washmachine_38c94b7f59/10.jpg""]",10,2025-12-09 06:08:27.963846
washmachine_944e1e2775,https://www.olx.in/item/washing-machines-c1615-big-offer-alert-good-condition-limited-time-sale-buy-before-in-borivali-west-mumbai-iid-1825114551,[BIG OFFER ALERT] {GOOD CONDITION}  LIMITED TIME SALE  BUY BEFORE,"GET BEST QUALITY PRODUCTS AVAILABLE. WASHING MACHINE AC AND FRIDGE ALSO AVAILABLE.. COOL DEAL MUMBAI •)Your Affordable Appliance Partner in Mumbai BUY RENT EXCHANGE – Fridge, Washing Machine & AC Available WHAT WE OFFER •) Fridges – Single & Double Door •)Washing Machines – Fully Automatic, Top Load •)ACs – Split & Window ALL PRODUCTS COME WITH (6__ MONTHS WARRANTY) Hardly Used Best Condition Branded Appliances PRICE RANGE •) Fridge – ₹6,500 to ₹8,500 •) Washing Machine – ₹6,500 to ₹7,500 •)Split AC – Starting ₹13,500 •) Window AC – Starting ₹11,500 WHY CHOOSE US? •) 1 Year Compressor Warranty (Fridge) •)1 Year Motor Warranty (Washing Machine) •) 6 Months Warranty on All Parts •)Free 1.5 Meter Pipe & Installation (Washing Machine) •)Available for Rent (Terms & Conditions Apply) CALL OR WHATSAPP NOW •) Product Photos, Prices & Details Sent Instantly on WhatsApp Visit Us At: *Krishna CHS limited,* Shop No-01, *Near sai lila Garden* , Opp- Punjab national bank , near patel terrace, _Pump house Andheri East,_ Mumbai (400093) ( Timings: 10:00 AM to 10:00 PM – Open Daily). - Washing Machines",6500,"[""/content/drive/MyDrive/olx_washingmachine_dataset/images/washmachine_944e1e2775/1.jpg"", ""/content/drive/MyDrive/olx_washingmachine_dataset/images/washmachine_944e1e2775/2.jpg"", ""/content/drive/MyDrive/olx_washingmachine_dataset/images/washmachine_944e1e2775/3.jpg"", ""/content/drive/MyDrive/olx_washingmachine_dataset/images/washmachine_944e1e2775/4.jpg"", ""/content/drive/MyDrive/olx_washingmachine_dataset/images/washmachine_944e1e2775/5.jpg"", ""/content/drive/MyDrive/olx_washingmachine_dataset/images/washmachine_944e1e2775/6.jpg"", ""/content/drive/MyDrive/olx_washingmachine_dataset/images/washmachine_944e1e2775/7.jpg"", ""/content/drive/MyDrive/olx_washingmachine_dataset/images/washmachine_944e1e2775/8.jpg"", ""/content/drive/MyDrive/olx_washingmachine_dataset/images/washmachine_944e1e2775/9.jpg"", ""/content/drive/MyDrive/olx_washingmachine_dataset/images/washmachine_944e1e2775/10.jpg""]",10,2025-12-09 06:10:00.118023
washmachine_2445cb32f6,https://www.olx.in/item/washing-machines-c1615-good-condition-in-shailesh-nagar-thane-iid-1828166064,Good condition,Warcing candisan - Washing Machines,4000,"[""/content/drive/MyDrive/olx_washingmachine_dataset/images/washmachine_2445cb32f6/1.jpg"", ""/content/drive/MyDrive/olx_washingmachine_dataset/images/washmachine_2445cb32f6/2.jpg"", ""/content/drive/MyDrive/olx_washingmachine_dataset/images/washmachine_2445cb32f6/3.jpg"", ""/content/drive/MyDrive/olx_washingmachine_dataset/images/washmachine_2445cb32f6/4.jpg"", ""/content/drive/MyDrive/olx_washingmachine_dataset/images/washmachine_2445cb32f6/5.jpg"", ""/content/drive/MyDrive/olx_washingmachine_dataset/images/washmachine_2445cb32f6/6.jpg"", ""/content/drive/MyDrive/olx_washingmachine_dataset/images/washmachine_2445cb32f6/7.jpg"", ""/content/drive/MyDrive/olx_washingmachine_dataset/images/washmachine_2445cb32f6/8.jpg""]",8,2025-12-09 06:10:46.965024
washmachine_da1eeffc39,https://www.olx.in/item/washing-machines-c1615-rcb-budget-friendly-perfect-for-families-looking-for-reliable-daily-in-tolichowki-hyderabad-iid-1828166177,#RCB #Budget Friendly! Perfect For Families Looking For Reliable Daily,gently used second hand home appliances *Washing machine starting price :~ Top load washing machine Rs:4999 Front load washing machine Rs:7999 Refrigerator starting price :~ Single door refrigerator Rs:5999 Double door refrigerator Rs:7999 ( TERM N CONDITION ) * Free home delivery in Hyderabad with in 24 hour's * Free installation n demo at the delivery • For washing machine: 6th months warranty on compressor 6th months free door step service * We provide brand new accessories for washing machine only outlet pipe • Refrigerator 6th months warranty on compressor * COD available we accept all UPI payment n cash on delivery * We check the product n make sure that its 100% working by our experts * The product will be genuine n in immaculate working condition - Washing Machines,4999,"[""/content/drive/MyDrive/olx_washingmachine_dataset/images/washmachine_da1eeffc39/1.jpg"", ""/content/drive/MyDrive/olx_washingmachine_dataset/images/washmachine_da1eeffc39/2.jpg"", ""/content/drive/MyDrive/olx_washingmachine_dataset/images/washmachine_da1eeffc39/3.jpg"", ""/content/drive/MyDrive/olx_washingmachine_dataset/images/washmachine_da1eeffc39/4.jpg"", ""/content/drive/MyDrive/olx_washingmachine_dataset/images/washmachine_da1eeffc39/5.jpg"", ""/content/drive/MyDrive/olx_washingmachine_dataset/images/washmachine_da1eeffc39/6.jpg"", ""/content/drive/MyDrive/olx_washingmachine_dataset/images/washmachine_da1eeffc39/7.jpg"", ""/content/drive/MyDrive/olx_washingmachine_dataset/images/washmachine_da1eeffc39/8.jpg""]",8,2025-12-09 06:10:51.983333
washmachine_4e02d6bc37,https://www.olx.in/item/washing-machines-c1615-ifb-65-front-load-only-2-year-old-in-magarpatta-city-pune-iid-1827525597,Ifb 6.5  front load only 2 year old,Ifb 6.5 kgfront load Properly working condition - Washing Machines,5400,"[""/content/drive/MyDrive/olx_washingmachine_dataset/images/washmachine_4e02d6bc37/1.jpg"", ""/content/drive/MyDrive/olx_washingmachine_dataset/images/washmachine_4e02d6bc37/2.jpg"", ""/content/drive/MyDrive/olx_washingmachine_dataset/images/washmachine_4e02d6bc37/3.jpg"", ""/content/drive/MyDrive/olx_washingmachine_dataset/images/washmachine_4e02d6bc37/4.jpg"", ""/content/drive/MyDrive/olx_washingmachine_dataset/images/washmachine_4e02d6bc37/5.jpg"", ""/content/drive/MyDrive/olx_washingmachine_dataset/images/washmachine_4e02d6bc37/6.jpg"", ""/content/drive/MyDrive/olx_washingmachine_dataset/images/washmachine_4e02d6bc37/7.jpg"", ""/content/drive/MyDrive/olx_washingmachine_dataset/images/washmachine_4e02d6bc37/8.jpg""]",8,2025-12-09 06:13:06.098338
washmachine_c1e2e06986,https://www.olx.in/item/washing-machines-c1615-compact-living-combo-fridge-and-washing-machine-in-itpl-road-bengaluru-iid-1822405568,Compact Living Combo: Fridge and Washing Machine.,"Visit our website for more options: yourchoiz Electronics Flat ₹500 OFF + Cash on Delivery Use code: NAMMAYOURCHOIZ at yourchoiz Electronics Refurbished Appliances at Best Price – Quality You Can Trust! Looking for affordable home appliances without compromising on quality? Our refurbished refrigerators and washing machines are carefully inspected, fully tested, and restored to perfect working condition by experts. Why Choose Us? Fully tested and repaired if needed Professionally cleaned and sanitized Minor cosmetic marks possible, but 100% functional Environment-friendly and budget-friendly Available Products: Single Door Refrigerator – Starting at just ₹4,999 Double Door Refrigerator – Starting at ₹6,999 Top Load Washing Machine – Starting at ₹4,999 Front Load Washing Machine – Starting at ₹6,999 Warranty: 1 Year Warranty on Motor and Compressor Free delivery available in Bangalore Visit us today and give your home a smart upgrade at a smart price! - Washing Machines",10999,"[""/content/drive/MyDrive/olx_washingmachine_dataset/images/washmachine_c1e2e06986/1.jpg"", ""/content/drive/MyDrive/olx_washingmachine_dataset/images/washmachine_c1e2e06986/2.jpg"", ""/content/drive/MyDrive/olx_washingmachine_dataset/images/washmachine_c1e2e06986/3.jpg"", ""/content/drive/MyDrive/olx_washingmachine_dataset/images/washmachine_c1e2e06986/4.jpg"", ""/content/drive/MyDrive/olx_washingmachine_dataset/images/washmachine_c1e2e06986/5.jpg"", ""/content/drive/MyDrive/olx_washingmachine_dataset/images/washmachine_c1e2e06986/6.jpg"", ""/content/drive/MyDrive/olx_washingmachine_dataset/images/washmachine_c1e2e06986/7.jpg"", ""/content/drive/MyDrive/olx_washingmachine_dataset/images/washmachine_c1e2e06986/8.jpg""]",8,2025-12-09 06:13:14.419081
washmachine_297ade81c1,https://www.olx.in/item/washing-machines-c1615-budget-friendly-and-perfect-for-anyone-setting-up-a-new-home-in-kannur-bengaluru-iid-1824441819,#Budget-friendly and perfect for anyone setting up a new home.,"> Visit our website for more options: www .yourchoiz. in Flat ₹500 OFF + Cash on Delivery Use code: NAMMAYOURCHOIZ at www .yourchoiz. in Refurbished Appliances at Best Price – Quality You Can Trust! Looking for affordable home appliances without compromising on quality? Our refurbished refrigerators and washing machines are carefully inspected, fully tested, and restored to perfect working condition by experts. Why Choose Us? Fully tested and repaired if needed Professionally cleaned and sanitized Minor cosmetic marks possible, but 100% functional Environment-friendly and budget-friendly Available Products: Single Door Refrigerator – Starting at just ₹4,999 Double Door Refrigerator – Starting at ₹6,999 Top Load Washing Machine – Starting at ₹4,999 Front Load Washing Machine – Starting at ₹6,999 Warranty: 1 Year Warranty on Motor and Compressor Free delivery available in Bangalore Visit us today and give your home a smart upgrade at a smart price! - Washing Machines",5499,"[""/content/drive/MyDrive/olx_washingmachine_dataset/images/washmachine_297ade81c1/1.jpg"", ""/content/drive/MyDrive/olx_washingmachine_dataset/images/washmachine_297ade81c1/2.jpg"", ""/content/drive/MyDrive/olx_washingmachine_dataset/images/washmachine_297ade81c1/3.jpg"", ""/content/drive/MyDrive/olx_washingmachine_dataset/images/washmachine_297ade81c1/4.jpg"", ""/content/drive/MyDrive/olx_washingmachine_dataset/images/washmachine_297ade81c1/5.jpg"", ""/content/drive/MyDrive/olx_washingmachine_dataset/images/washmachine_297ade81c1/6.jpg"", ""/content/drive/MyDrive/olx_washingmachine_dataset/images/washmachine_297ade81c1/7.jpg"", ""/content/drive/MyDrive/olx_washingmachine_dataset/images/washmachine_297ade81c1/8.jpg""]",8,2025-12-09 06:13:19.393766
washmachine_0af83cb9d0,https://www.olx.in/item/washing-machines-c1615-semi-automatic-washing-machine-in-naubasta-near-balri-kanpur-iid-1819080082,Semi Automatic Washing machine,LG washing Machine - Washing Machines,1500,"[""/content/drive/MyDrive/olx_washingmachine_dataset/images/washmachine_0af83cb9d0/1.jpg"", ""/content/drive/MyDrive/olx_washingmachine_dataset/images/washmachine_0af83cb9d0/2.jpg"", ""/content/drive/MyDrive/olx_washingmachine_dataset/images/washmachine_0af83cb9d0/3.jpg"", ""/content/drive/MyDrive/olx_washingmachine_dataset/images/washmachine_0af83cb9d0/4.jpg"", ""/content/drive/MyDrive/olx_washingmachine_dataset/images/washmachine_0af83cb9d0/5.jpg"", ""/content/drive/MyDrive/olx_washingmachine_dataset/images/washmachine_0af83cb9d0/6.jpg"", ""/content/drive/MyDrive/olx_washingmachine_dataset/images/washmachine_0af83cb9d0/7.jpg"", ""/content/drive/MyDrive/olx_washingmachine_dataset/images/washmachine_0af83cb9d0/8.jpg""]",8,2025-12-09 06:13:26.421997
washmachine_aec94d696e,https://www.olx.in/item/washing-machines-c1615-hair-wosing-machine-new-2-mahina-poorani-h-85-ltr-2025-in-sector-74-faridabad-iid-1828266491,Hair wosing machine new  2 mahina poorani h 8.5 ltr 2025,2 October 2025 - Washing Machines,9999,"[""/content/drive/MyDrive/olx_washingmachine_dataset/images/washmachine_aec94d696e/1.jpg"", ""/content/drive/MyDrive/olx_washingmachine_dataset/images/washmachine_aec94d696e/2.jpg"", ""/content/drive/MyDrive/olx_washingmachine_dataset/images/washmachine_aec94d696e/3.jpg"", ""/content/drive/MyDrive/olx_washingmachine_dataset/images/washmachine_aec94d696e/4.jpg"", ""/content/drive/MyDrive/olx_washingmachine_dataset/images/washmachine_aec94d696e/5.jpg"", ""/content/drive/MyDrive/olx_washingmachine_dataset/images/washmachine_aec94d696e/6.jpg"", ""/content/drive/MyDrive/olx_washingmachine_dataset/images/washmachine_aec94d696e/7.jpg"", ""/content/drive/MyDrive/olx_washingmachine_dataset/images/washmachine_aec94d696e/8.jpg""]",8,2025-12-09 06:14:14.262026
washmachine_13f522a7c0,https://www.olx.in/item/washing-machines-c1615-running-condition-washing-machine-in-sahyadri-layout-bengaluru-iid-1828725138,Running condition washing machine,Marq by flipkart washing machine 2 years old running condition.. - Washing Machines,1600,"[""/content/drive/MyDrive/olx_washingmachine_dataset/images/washmachine_13f522a7c0/1.jpg"", ""/content/drive/MyDrive/olx_washingmachine_dataset/images/washmachine_13f522a7c0/2.jpg"", ""/content/drive/MyDrive/olx_washingmachine_dataset/images/washmachine_13f522a7c0/3.jpg"", ""/content/drive/MyDrive/olx_washingmachine_dataset/images/washmachine_13f522a7c0/4.jpg"", ""/content/drive/MyDrive/olx_washingmachine_dataset/images/washmachine_13f522a7c0/5.jpg"", ""/content/drive/MyDrive/olx_washingmachine_dataset/images/washmachine_13f522a7c0/6.jpg"", ""/content/drive/MyDrive/olx_washingmachine_dataset/images/washmachine_13f522a7c0/7.jpg"", ""/content/drive/MyDrive/olx_washingmachine_dataset/images/washmachine_13f522a7c0/8.jpg""]",8,2025-12-09 06:15:00.921395
washmachine_7c25365c26,https://www.olx.in/item/washing-machines-c1615-limited-offer-good-condition-hurry-up-fast-delivery-available-in-malad-west-mumbai-iid-1825114847,{LIMITED OFFER}  [GOOD CONDITION]  HURRY UP  FAST DELIVERY AVAILABLE,"GET INSTANT HOME DELIVERY AVAILABLE. LESS USED LESS COST PRODUCT. WASHING MACHINE AC AND FRIDGE ALSO AVAILABLE.. COOL DEAL MUMBAI •)Your Affordable Appliance Partner in Mumbai BUY RENT EXCHANGE – Fridge, Washing Machine & AC Available WHAT WE OFFER •) Fridges – Single & Double Door •)Washing Machines – Fully Automatic, Top Load •)ACs – Split & Window ALL PRODUCTS COME WITH (6__ MONTHS WARRANTY) Hardly Used Best Condition Branded Appliances PRICE RANGE •) Fridge – ₹6,500 to ₹8,500 •) Washing Machine – ₹6,500 to ₹7,500 •)Split AC – Starting ₹13,500 •) Window AC – Starting ₹11,500 WHY CHOOSE US? •) 1 Year Compressor Warranty (Fridge) •)1 Year Motor Warranty (Washing Machine) •) 6 Months Warranty on All Parts •)Free 1.5 Meter Pipe & Installation (Washing Machine) •)Available for Rent (Terms & Conditions Apply) CALL OR WHATSAPP NOW •) Product Photos, Prices & Details Sent Instantly on WhatsApp Visit Us At: *Krishna CHS limited,* Shop No-01, *Near sai lila Garden* , Opp- Punjab national bank , near patel terrace, _Pump house Andheri East,_ Mumbai (400093) ( Timings: 10:00 AM to 10:00 PM – Open Daily). - Washing Machines",6500,"[""/content/drive/MyDrive/olx_washingmachine_dataset/images/washmachine_7c25365c26/1.jpg"", ""/content/drive/MyDrive/olx_washingmachine_dataset/images/washmachine_7c25365c26/2.jpg"", ""/content/drive/MyDrive/olx_washingmachine_dataset/images/washmachine_7c25365c26/3.jpg"", ""/content/drive/MyDrive/olx_washingmachine_dataset/images/washmachine_7c25365c26/4.jpg"", ""/content/drive/MyDrive/olx_washingmachine_dataset/images/washmachine_7c25365c26/5.jpg"", ""/content/drive/MyDrive/olx_washingmachine_dataset/images/washmachine_7c25365c26/6.jpg"", ""/content/drive/MyDrive/olx_washingmachine_dataset/images/washmachine_7c25365c26/7.jpg"", ""/content/drive/MyDrive/olx_washingmachine_dataset/images/washmachine_7c25365c26/8.jpg"", ""/content/drive/MyDrive/olx_washingmachine_dataset/images/washmachine_7c25365c26/9.jpg"", ""/content/drive/MyDrive/olx_washingmachine_dataset/images/washmachine_7c25365c26/10.jpg""]",10,2025-12-09 06:17:14.929883
washmachine_7c4c11179a,https://www.olx.in/item/washing-machines-c1615-used-washing-machine-sell-with-warranty-in-lajpat-nagar-2-delhi-iid-1823409303,Used washing machine sell with warranty,Star Electronics Booking WhatsApp - Washing Machines,4999,"[""/content/drive/MyDrive/olx_washingmachine_dataset/images/washmachine_7c4c11179a/1.jpg"", ""/content/drive/MyDrive/olx_washingmachine_dataset/images/washmachine_7c4c11179a/2.jpg"", ""/content/drive/MyDrive/olx_washingmachine_dataset/images/washmachine_7c4c11179a/3.jpg"", ""/content/drive/MyDrive/olx_washingmachine_dataset/images/washmachine_7c4c11179a/4.jpg"", ""/content/drive/MyDrive/olx_washingmachine_dataset/images/washmachine_7c4c11179a/5.jpg"", ""/content/drive/MyDrive/olx_washingmachine_dataset/images/washmachine_7c4c11179a/6.jpg"", ""/content/drive/MyDrive/olx_washingmachine_dataset/images/washmachine_7c4c11179a/7.jpg"", ""/content/drive/MyDrive/olx_washingmachine_dataset/images/washmachine_7c4c11179a/8.jpg""]",8,2025-12-09 06:17:23.038519
washmachine_5d75881ce0,https://www.olx.in/item/washing-machines-c1615-conditioned-9-kgs-whirlpool-washing-machine-in-sayeedabad-colony-hyderabad-iid-1828020562,Conditioned 9 kgs whirlpool washing machine,Washing machine in good condition. Interested people can call me. - Washing Machines,8000,"[""/content/drive/MyDrive/olx_washingmachine_dataset/images/washmachine_5d75881ce0/1.jpg"", ""/content/drive/MyDrive/olx_washingmachine_dataset/images/washmachine_5d75881ce0/2.jpg"", ""/content/drive/MyDrive/olx_washingmachine_dataset/images/washmachine_5d75881ce0/3.jpg"", ""/content/drive/MyDrive/olx_washingmachine_dataset/images/washmachine_5d75881ce0/4.jpg"", ""/content/drive/MyDrive/olx_washingmachine_dataset/images/washmachine_5d75881ce0/5.jpg"", ""/content/drive/MyDrive/olx_washingmachine_dataset/images/washmachine_5d75881ce0/6.jpg"", ""/content/drive/MyDrive/olx_washingmachine_dataset/images/washmachine_5d75881ce0/7.jpg"", ""/content/drive/MyDrive/olx_washingmachine_dataset/images/washmachine_5d75881ce0/8.jpg""]",8,2025-12-09 06:17:28.849856
washmachine_a6dce166cc,https://www.olx.in/item/washing-machines-c1615-quick-sale-good-condition-warranty-included-call-fast-in-powai-mumbai-iid-1825081030,(QUICK SALE)  [GOOD CONDITION]  WARRANTY INCLUDED  CALL FAST,"AFFORDABLE PRICE PRODUCT. AT COOL DEAL MUMBAI. GET SUPER QUALITY PRODUCTS AT LESS PEICE. WASHING MACHINE AC AND FRIDGE ALSO AVAILABLE. COOL DEAL MUMBAI •)Your Affordable Appliance Partner in Mumbai BUY RENT EXCHANGE – Fridge, Washing Machine & AC Available WHAT WE OFFER •) Fridges – Single & Double Door •)Washing Machines – Fully Automatic, Top Load •)ACs – Split & Window ALL PRODUCTS COME WITH (6__ MONTHS WARRANTY) Hardly Used Best Condition Branded Appliances PRICE RANGE •) Fridge – ₹6,500 to ₹8,500 •) Washing Machine – ₹6,500 to ₹7,500 •)Split AC – Starting ₹13,500 •) Window AC – Starting ₹11,500 WHY CHOOSE US? •) 1 Year Compressor Warranty (Fridge) •)1 Year Motor Warranty (Washing Machine) •) 6 Months Warranty on All Parts •)Free 1.5 Meter Pipe & Installation (Washing Machine) •)Available for Rent (Terms & Conditions Apply) CALL OR WHATSAPP NOW •) Product Photos, Prices & Details Sent Instantly on WhatsApp Visit Us At: *Krishna CHS limited,* Shop No-01, *Near sai lila Garden* , Opp- Punjab national bank , near patel terrace, _Pump house Andheri East,_ Mumbai (400093) ( Timings: 10:00 AM to 10:00 PM – Open Daily). - Washing Machines",6500,"[""/content/drive/MyDrive/olx_washingmachine_dataset/images/washmachine_a6dce166cc/1.jpg"", ""/content/drive/MyDrive/olx_washingmachine_dataset/images/washmachine_a6dce166cc/2.jpg"", ""/content/drive/MyDrive/olx_washingmachine_dataset/images/washmachine_a6dce166cc/3.jpg"", ""/content/drive/MyDrive/olx_washingmachine_dataset/images/washmachine_a6dce166cc/4.jpg"", ""/content/drive/MyDrive/olx_washingmachine_dataset/images/washmachine_a6dce166cc/5.jpg"", ""/content/drive/MyDrive/olx_washingmachine_dataset/images/washmachine_a6dce166cc/6.jpg"", ""/content/drive/MyDrive/olx_washingmachine_dataset/images/washmachine_a6dce166cc/7.jpg"", ""/content/drive/MyDrive/olx_washingmachine_dataset/images/washmachine_a6dce166cc/8.jpg"", ""/content/drive/MyDrive/olx_washingmachine_dataset/images/washmachine_a6dce166cc/9.jpg"", ""/content/drive/MyDrive/olx_washingmachine_dataset/images/washmachine_a6dce166cc/10.jpg""]",10,2025-12-09 06:18:59.984216
washmachine_5e73278a26,https://www.olx.in/item/washing-machines-c1615-samsung-65kg-maroon-colour-top-load-fully-automatic-washing-machine-in-varthur-bengaluru-iid-1805937457,Samsung 6.5kg maroon colour top load fully automatic washing machine,RentOdeal Our Aim is to give the best and excellent product to our customers and we guarantee it for the product and the service which we provide Multi Brand washing Machine And Refrigerator Available with warranty Top load washing machine starting price @ 4999 Front load washing Machine starting price Rs 6499 Single door refrigerator starting price @4999 Double door refrigerator starting price @ 6499 Brand: LG Capacity: 6.5kg Warranty: one year Accessories: Brand New inlet and outlet pipe free Shipping: Free Installation & Demo will be provided by RentOdeal service engineer at the time of delivery Each and every product is tested by RentOdeal service engineer Same day delivery through out Bangalore - Washing Machines,6800,"[""/content/drive/MyDrive/olx_washingmachine_dataset/images/washmachine_5e73278a26/1.jpg"", ""/content/drive/MyDrive/olx_washingmachine_dataset/images/washmachine_5e73278a26/2.jpg"", ""/content/drive/MyDrive/olx_washingmachine_dataset/images/washmachine_5e73278a26/3.jpg"", ""/content/drive/MyDrive/olx_washingmachine_dataset/images/washmachine_5e73278a26/4.jpg"", ""/content/drive/MyDrive/olx_washingmachine_dataset/images/washmachine_5e73278a26/5.jpg"", ""/content/drive/MyDrive/olx_washingmachine_dataset/images/washmachine_5e73278a26/6.jpg"", ""/content/drive/MyDrive/olx_washingmachine_dataset/images/washmachine_5e73278a26/7.jpg"", ""/content/drive/MyDrive/olx_washingmachine_dataset/images/washmachine_5e73278a26/8.jpg""]",8,2025-12-09 06:19:46.061754
washmachine_e5d0474949,https://www.olx.in/item/washing-machines-c1615-condition-smooth-washing-and-strong-cooling-both-tested-and-working-in-lingarajapuram-bengaluru-iid-1824441555,#Condition! Smooth washing and strong cooling both tested and working,"> Visit our website for more options: www .yourchoiz. in Flat ₹500 OFF + Cash on Delivery Use code: NAMMAYOURCHOIZ at www .yourchoiz. in Refurbished Appliances at Best Price – Quality You Can Trust! Looking for affordable home appliances without compromising on quality? Our refurbished refrigerators and washing machines are carefully inspected, fully tested, and restored to perfect working condition by experts. Why Choose Us? Fully tested and repaired if needed Professionally cleaned and sanitized Minor cosmetic marks possible, but 100% functional Environment-friendly and budget-friendly Available Products: Single Door Refrigerator – Starting at just ₹4,999 Double Door Refrigerator – Starting at ₹6,999 Top Load Washing Machine – Starting at ₹4,999 Front Load Washing Machine – Starting at ₹6,999 Warranty: 1 Year Warranty on Motor and Compressor Free delivery available in Bangalore Visit us today and give your home a smart upgrade at a smart price! - Washing Machines",5499,"[""/content/drive/MyDrive/olx_washingmachine_dataset/images/washmachine_e5d0474949/1.jpg"", ""/content/drive/MyDrive/olx_washingmachine_dataset/images/washmachine_e5d0474949/2.jpg"", ""/content/drive/MyDrive/olx_washingmachine_dataset/images/washmachine_e5d0474949/3.jpg"", ""/content/drive/MyDrive/olx_washingmachine_dataset/images/washmachine_e5d0474949/4.jpg"", ""/content/drive/MyDrive/olx_washingmachine_dataset/images/washmachine_e5d0474949/5.jpg"", ""/content/drive/MyDrive/olx_washingmachine_dataset/images/washmachine_e5d0474949/6.jpg"", ""/content/drive/MyDrive/olx_washingmachine_dataset/images/washmachine_e5d0474949/7.jpg"", ""/content/drive/MyDrive/olx_washingmachine_dataset/images/washmachine_e5d0474949/8.jpg""]",8,2025-12-09 06:19:53.092741
washmachine_f3916da6da,https://www.olx.in/item/washing-machines-c1615-sale-of-good-condition-washing-machine-in-kalyani-industrial-growth-centre-phase-3-kalyani-iid-1823439515,Sale of good condition washing machine,"In good condition,Make haier company, washing machine - Washing Machines",6000,"[""/content/drive/MyDrive/olx_washingmachine_dataset/images/washmachine_f3916da6da/1.jpg"", ""/content/drive/MyDrive/olx_washingmachine_dataset/images/washmachine_f3916da6da/2.jpg"", ""/content/drive/MyDrive/olx_washingmachine_dataset/images/washmachine_f3916da6da/3.jpg"", ""/content/drive/MyDrive/olx_washingmachine_dataset/images/washmachine_f3916da6da/4.jpg"", ""/content/drive/MyDrive/olx_washingmachine_dataset/images/washmachine_f3916da6da/5.jpg"", ""/content/drive/MyDrive/olx_washingmachine_dataset/images/washmachine_f3916da6da/6.jpg"", ""/content/drive/MyDrive/olx_washingmachine_dataset/images/washmachine_f3916da6da/7.jpg"", ""/content/drive/MyDrive/olx_washingmachine_dataset/images/washmachine_f3916da6da/8.jpg""]",8,2025-12-09 06:20:40.743735
washmachine_cbf01b9b28,https://www.olx.in/item/washing-machines-c1615-washing-machine-on-rent500-per-manth-noida-fridge-on-rent-600-rupaye-in-aghapur-noida-iid-1827701534,Washing machine on rent₹500 per manth Noida fridge on rent 600 rupaye,Washing machine on rent 500 per month Noida all sector. Fridge rent₹600 per manth - Washing Machines,500,"[""/content/drive/MyDrive/olx_washingmachine_dataset/images/washmachine_cbf01b9b28/1.jpg"", ""/content/drive/MyDrive/olx_washingmachine_dataset/images/washmachine_cbf01b9b28/2.jpg"", ""/content/drive/MyDrive/olx_washingmachine_dataset/images/washmachine_cbf01b9b28/3.jpg"", ""/content/drive/MyDrive/olx_washingmachine_dataset/images/washmachine_cbf01b9b28/4.jpg"", ""/content/drive/MyDrive/olx_washingmachine_dataset/images/washmachine_cbf01b9b28/5.jpg"", ""/content/drive/MyDrive/olx_washingmachine_dataset/images/washmachine_cbf01b9b28/6.jpg"", ""/content/drive/MyDrive/olx_washingmachine_dataset/images/washmachine_cbf01b9b28/7.jpg"", ""/content/drive/MyDrive/olx_washingmachine_dataset/images/washmachine_cbf01b9b28/8.jpg""]",8,2025-12-09 06:20:47.704828
washmachine_1ea9ef19bd,https://www.olx.in/item/washing-machines-c1615-whirlpool-white-magic-royal-65kg-maroon-colour-in-good-condition-in-panathur-bengaluru-iid-1805937565,Whirlpool White magic royal 6.5kg maroon colour in good condition,RentOdeal Our Aim is to give the best and excellent product to our customers and we guarantee it for the product and the service which we provide Multi Brand washing Machine And Refrigerator Available with warranty Top load washing machine starting price @ 4999 Front load washing Machine starting price Rs 6499 Single door refrigerator starting price @4999 Double door refrigerator starting price @ 6499 Brand: LG Capacity: 6.5kg Warranty: one year Accessories: Brand New inlet and outlet pipe free Shipping: Free Installation & Demo will be provided by RentOdeal service engineer at the time of delivery Each and every product is tested by RentOdeal service engineer Same day delivery through out Bangalore - Washing Machines,6499,"[""/content/drive/MyDrive/olx_washingmachine_dataset/images/washmachine_1ea9ef19bd/1.jpg"", ""/content/drive/MyDrive/olx_washingmachine_dataset/images/washmachine_1ea9ef19bd/2.jpg"", ""/content/drive/MyDrive/olx_washingmachine_dataset/images/washmachine_1ea9ef19bd/3.jpg"", ""/content/drive/MyDrive/olx_washingmachine_dataset/images/washmachine_1ea9ef19bd/4.jpg"", ""/content/drive/MyDrive/olx_washingmachine_dataset/images/washmachine_1ea9ef19bd/5.jpg"", ""/content/drive/MyDrive/olx_washingmachine_dataset/images/washmachine_1ea9ef19bd/6.jpg"", ""/content/drive/MyDrive/olx_washingmachine_dataset/images/washmachine_1ea9ef19bd/7.jpg"", ""/content/drive/MyDrive/olx_washingmachine_dataset/images/washmachine_1ea9ef19bd/8.jpg""]",8,2025-12-09 06:22:16.795067
washmachine_75d55f4a25,https://www.olx.in/item/washing-machines-c1615-lg-65kg-tubro-drum-latest-model-working-in-excellent-condition-in-hsr-layout-bengaluru-iid-1805937631,LG 6.5kg tubro drum latest model working in excellent condition,RentOdeal Our Aim is to give the best and excellent product to our customers and we guarantee it for the product and the service which we provide Multi Brand washing Machine And Refrigerator Available with warranty Top load washing machine starting price @ 4999 Front load washing Machine starting price Rs 6499 Single door refrigerator starting price @4999 Double door refrigerator starting price @ 6499 Brand: LG Capacity: 6.5kg Warranty: one year Accessories: Brand New inlet and outlet pipe free Shipping: Free Installation & Demo will be provided by RentOdeal service engineer at the time of delivery Each and every product is tested by RentOdeal service engineer Same day delivery through out Bangalore - Washing Machines,6800,"[""/content/drive/MyDrive/olx_washingmachine_dataset/images/washmachine_75d55f4a25/1.jpg"", ""/content/drive/MyDrive/olx_washingmachine_dataset/images/washmachine_75d55f4a25/2.jpg"", ""/content/drive/MyDrive/olx_washingmachine_dataset/images/washmachine_75d55f4a25/3.jpg"", ""/content/drive/MyDrive/olx_washingmachine_dataset/images/washmachine_75d55f4a25/4.jpg"", ""/content/drive/MyDrive/olx_washingmachine_dataset/images/washmachine_75d55f4a25/5.jpg"", ""/content/drive/MyDrive/olx_washingmachine_dataset/images/washmachine_75d55f4a25/6.jpg"", ""/content/drive/MyDrive/olx_washingmachine_dataset/images/washmachine_75d55f4a25/7.jpg"", ""/content/drive/MyDrive/olx_washingmachine_dataset/images/washmachine_75d55f4a25/8.jpg""]",8,2025-12-09 06:22:23.500358
washmachine_28869c0f9c,https://www.olx.in/item/washing-machines-c1615-special-discount-less-used-product-home-delivery-available-in-andheri-east-mumbai-iid-1825081348,{SPECIAL DISCOUNT}  [LESS USED PRODUCT]  HOME DELIVERY AVAILABLE,"EXCELLENT WORKING CONDITION. LOW COST HARDLY USED PRODUCT. HOME DELIVERY AVAILABLE. GET INSTANT DELIVERY. WASHING MACHINE FRIDGE ABD AC ALSO AVAILABLE... COOL DEAL MUMBAI •)Your Affordable Appliance Partner in Mumbai BUY RENT EXCHANGE – Fridge, Washing Machine & AC Available WHAT WE OFFER •) Fridges – Single & Double Door •)Washing Machines – Fully Automatic, Top Load •)ACs – Split & Window ALL PRODUCTS COME WITH (6__ MONTHS WARRANTY) Hardly Used Best Condition Branded Appliances PRICE RANGE •) Fridge – ₹6,500 to ₹8,500 •) Washing Machine – ₹6,500 to ₹7,500 •)Split AC – Starting ₹13,500 •) Window AC – Starting ₹11,500 WHY CHOOSE US? •) 1 Year Compressor Warranty (Fridge) •)1 Year Motor Warranty (Washing Machine) •) 6 Months Warranty on All Parts •)Free 1.5 Meter Pipe & Installation (Washing Machine) •)Available for Rent (Terms & Conditions Apply) CALL OR WHATSAPP NOW •) Product Photos, Prices & Details Sent Instantly on WhatsApp Visit Us At: *Krishna CHS limited,* Shop No-01, *Near sai lila Garden* , Opp- Punjab national bank , near patel terrace, _Pump house Andheri East,_ Mumbai (400093) ( Timings: 10:00 AM to 10:00 PM – Open Daily). - Washing Machines",6500,"[""/content/drive/MyDrive/olx_washingmachine_dataset/images/washmachine_28869c0f9c/1.jpg"", ""/content/drive/MyDrive/olx_washingmachine_dataset/images/washmachine_28869c0f9c/2.jpg"", ""/content/drive/MyDrive/olx_washingmachine_dataset/images/washmachine_28869c0f9c/3.jpg"", ""/content/drive/MyDrive/olx_washingmachine_dataset/images/washmachine_28869c0f9c/4.jpg"", ""/content/drive/MyDrive/olx_washingmachine_dataset/images/washmachine_28869c0f9c/5.jpg"", ""/content/drive/MyDrive/olx_washingmachine_dataset/images/washmachine_28869c0f9c/6.jpg"", ""/content/drive/MyDrive/olx_washingmachine_dataset/images/washmachine_28869c0f9c/7.jpg"", ""/content/drive/MyDrive/olx_washingmachine_dataset/images/washmachine_28869c0f9c/8.jpg"", ""/content/drive/MyDrive/olx_washingmachine_dataset/images/washmachine_28869c0f9c/9.jpg"", ""/content/drive/MyDrive/olx_washingmachine_dataset/images/washmachine_28869c0f9c/10.jpg""]",10,2025-12-09 06:22:30.240610
washmachine_ee683d1b14,https://www.olx.in/item/washing-machines-c1615-this-machine-offers-advanced-spin-technology-for-faster-drying-in-nagawara-bengaluru-iid-1820724133,#@#This machine offers advanced spin technology for faster drying,"> Visit our website for more options: www .yourchoiz. in Flat ₹500 OFF + Cash on Delivery Use code: NAMMAYOURCHOIZ at www .yourchoiz. in Refurbished Appliances at Best Price – Quality You Can Trust! Looking for affordable home appliances without compromising on quality? Our refurbished refrigerators and washing machines are carefully inspected, fully tested, and restored to perfect working condition by experts. Why Choose Us? Fully tested and repaired if needed Professionally cleaned and sanitized Minor cosmetic marks possible, but 100% functional Environment-friendly and budget-friendly Available Products: Single Door Refrigerator – Starting at just ₹4,999 Double Door Refrigerator – Starting at ₹6,999 Top Load Washing Machine – Starting at ₹4,999 Front Load Washing Machine – Starting at ₹6,999 Warranty: 1 Year Warranty on Motor and Compressor Free delivery available in Bangalore Visit us today and give your home a smart upgrade at a smart price! - Washing Machines",5499,"[""/content/drive/MyDrive/olx_washingmachine_dataset/images/washmachine_ee683d1b14/1.jpg"", ""/content/drive/MyDrive/olx_washingmachine_dataset/images/washmachine_ee683d1b14/2.jpg"", ""/content/drive/MyDrive/olx_washingmachine_dataset/images/washmachine_ee683d1b14/3.jpg"", ""/content/drive/MyDrive/olx_washingmachine_dataset/images/washmachine_ee683d1b14/4.jpg"", ""/content/drive/MyDrive/olx_washingmachine_dataset/images/washmachine_ee683d1b14/5.jpg"", ""/content/drive/MyDrive/olx_washingmachine_dataset/images/washmachine_ee683d1b14/6.jpg"", ""/content/drive/MyDrive/olx_washingmachine_dataset/images/washmachine_ee683d1b14/7.jpg"", ""/content/drive/MyDrive/olx_washingmachine_dataset/images/washmachine_ee683d1b14/8.jpg""]",8,2025-12-09 06:22:37.213871
washmachine_1b1dcf8e87,https://www.olx.in/item/washing-machines-c1615-washing-machine-3years-opl-five-star-fully-automatic-in-manipuri-rajbari-guwahati-iid-1828724356,Washing machine 3years opl five star fully automatic,Very good service - Washing Machines,12000,"[""/content/drive/MyDrive/olx_washingmachine_dataset/images/washmachine_1b1dcf8e87/1.jpg"", ""/content/drive/MyDrive/olx_washingmachine_dataset/images/washmachine_1b1dcf8e87/2.jpg"", ""/content/drive/MyDrive/olx_washingmachine_dataset/images/washmachine_1b1dcf8e87/3.jpg"", ""/content/drive/MyDrive/olx_washingmachine_dataset/images/washmachine_1b1dcf8e87/4.jpg"", ""/content/drive/MyDrive/olx_washingmachine_dataset/images/washmachine_1b1dcf8e87/5.jpg"", ""/content/drive/MyDrive/olx_washingmachine_dataset/images/washmachine_1b1dcf8e87/6.jpg"", ""/content/drive/MyDrive/olx_washingmachine_dataset/images/washmachine_1b1dcf8e87/7.jpg"", ""/content/drive/MyDrive/olx_washingmachine_dataset/images/washmachine_1b1dcf8e87/8.jpg""]",8,2025-12-09 06:22:42.844037
washmachine_3e9334e28f,https://www.olx.in/item/washing-machines-c1615-samsung-65-kg-for-sale-perfectly-working-in-siddartha-vihar-ghaziabad-iid-1801787794,Samsung 6.5 kg for sale perfectly working...,Machine is perfectly working no issue and problem In machin - Washing Machines,10000,"[""/content/drive/MyDrive/olx_washingmachine_dataset/images/washmachine_3e9334e28f/1.jpg"", ""/content/drive/MyDrive/olx_washingmachine_dataset/images/washmachine_3e9334e28f/2.jpg"", ""/content/drive/MyDrive/olx_washingmachine_dataset/images/washmachine_3e9334e28f/3.jpg"", ""/content/drive/MyDrive/olx_washingmachine_dataset/images/washmachine_3e9334e28f/4.jpg"", ""/content/drive/MyDrive/olx_washingmachine_dataset/images/washmachine_3e9334e28f/5.jpg"", ""/content/drive/MyDrive/olx_washingmachine_dataset/images/washmachine_3e9334e28f/6.jpg"", ""/content/drive/MyDrive/olx_washingmachine_dataset/images/washmachine_3e9334e28f/7.jpg"", ""/content/drive/MyDrive/olx_washingmachine_dataset/images/washmachine_3e9334e28f/8.jpg""]",8,2025-12-09 06:22:48.478285
washmachine_f3fe1bc080,https://www.olx.in/item/washing-machines-c1615-voltas-beko-washing-machine-in-rohini-sector-11-delhi-iid-1827864349,voltas beko washing machine,voltas beko washing machine 7kg 1.5 year old all ok urgent sell - Washing Machines,5999,"[""/content/drive/MyDrive/olx_washingmachine_dataset/images/washmachine_f3fe1bc080/1.jpg"", ""/content/drive/MyDrive/olx_washingmachine_dataset/images/washmachine_f3fe1bc080/2.jpg"", ""/content/drive/MyDrive/olx_washingmachine_dataset/images/washmachine_f3fe1bc080/3.jpg"", ""/content/drive/MyDrive/olx_washingmachine_dataset/images/washmachine_f3fe1bc080/4.jpg"", ""/content/drive/MyDrive/olx_washingmachine_dataset/images/washmachine_f3fe1bc080/5.jpg"", ""/content/drive/MyDrive/olx_washingmachine_dataset/images/washmachine_f3fe1bc080/6.jpg"", ""/content/drive/MyDrive/olx_washingmachine_dataset/images/washmachine_f3fe1bc080/7.jpg"", ""/content/drive/MyDrive/olx_washingmachine_dataset/images/washmachine_f3fe1bc080/8.jpg""]",8,2025-12-09 06:22:55.063073
washmachine_388ec210b1,https://www.olx.in/item/washing-machines-c1615-compact-yet-powerful-machines-made-for-small-homes-in-sanjay-nagar-bengaluru-iid-1823243079,#₹#Compact yet powerful machines made for small homes.,"> Visit our website for more options: www .yourchoiz. in Flat ₹500 OFF + Cash on Delivery Use code: NAMMAYOURCHOIZ at www .yourchoiz. in Refurbished Appliances at Best Price – Quality You Can Trust! Looking for affordable home appliances without compromising on quality? Our refurbished refrigerators and washing machines are carefully inspected, fully tested, and restored to perfect working condition by experts. Why Choose Us? Fully tested and repaired if needed Professionally cleaned and sanitized Minor cosmetic marks possible, but 100% functional Environment-friendly and budget-friendly Available Products: Single Door Refrigerator – Starting at just ₹4,999 Double Door Refrigerator – Starting at ₹6,999 Top Load Washing Machine – Starting at ₹4,999 Front Load Washing Machine – Starting at ₹6,999 Warranty: 1 Year Warranty on Motor and Compressor Free delivery available in Bangalore Visit us today and give your home a smart upgrade at a smart price! - Washing Machines",6999,"[""/content/drive/MyDrive/olx_washingmachine_dataset/images/washmachine_388ec210b1/1.jpg"", ""/content/drive/MyDrive/olx_washingmachine_dataset/images/washmachine_388ec210b1/2.jpg"", ""/content/drive/MyDrive/olx_washingmachine_dataset/images/washmachine_388ec210b1/3.jpg"", ""/content/drive/MyDrive/olx_washingmachine_dataset/images/washmachine_388ec210b1/4.jpg"", ""/content/drive/MyDrive/olx_washingmachine_dataset/images/washmachine_388ec210b1/5.jpg"", ""/content/drive/MyDrive/olx_washingmachine_dataset/images/washmachine_388ec210b1/6.jpg"", ""/content/drive/MyDrive/olx_washingmachine_dataset/images/washmachine_388ec210b1/7.jpg"", ""/content/drive/MyDrive/olx_washingmachine_dataset/images/washmachine_388ec210b1/8.jpg""]",8,2025-12-09 06:23:43.785706
washmachine_e1eb672359,https://www.olx.in/item/washing-machines-c1615-not-working-in-somasandra-palya-bengaluru-iid-1828723241,Not working,Urgent sell - Washing Machines,3000,"[""/content/drive/MyDrive/olx_washingmachine_dataset/images/washmachine_e1eb672359/1.jpg"", ""/content/drive/MyDrive/olx_washingmachine_dataset/images/washmachine_e1eb672359/2.jpg"", ""/content/drive/MyDrive/olx_washingmachine_dataset/images/washmachine_e1eb672359/3.jpg"", ""/content/drive/MyDrive/olx_washingmachine_dataset/images/washmachine_e1eb672359/4.jpg"", ""/content/drive/MyDrive/olx_washingmachine_dataset/images/washmachine_e1eb672359/5.jpg"", ""/content/drive/MyDrive/olx_washingmachine_dataset/images/washmachine_e1eb672359/6.jpg"", ""/content/drive/MyDrive/olx_washingmachine_dataset/images/washmachine_e1eb672359/7.jpg"", ""/content/drive/MyDrive/olx_washingmachine_dataset/images/washmachine_e1eb672359/8.jpg""]",8,2025-12-09 06:23:49.048492
washmachine_208e01f5d4,https://www.olx.in/item/washing-machines-c1615-mega-offer-affordable-deal-clean-product-warranty-included-in-kandivali-west-mumbai-iid-1825114643,[MEGA OFFER]  (AFFORDABLE DEAL)  CLEAN PRODUCT  WARRANTY INCLUDED,"LESS USED BEST CONDITION PRODUCT. HOME DELIVERY AVAILABLE. WASHING MACHINE AC AND FRIDGE ALSO AVAILABLE... COOL DEAL MUMBAI •)Your Affordable Appliance Partner in Mumbai BUY RENT EXCHANGE – Fridge, Washing Machine & AC Available WHAT WE OFFER •) Fridges – Single & Double Door •)Washing Machines – Fully Automatic, Top Load •)ACs – Split & Window ALL PRODUCTS COME WITH (6__ MONTHS WARRANTY) Hardly Used Best Condition Branded Appliances PRICE RANGE •) Fridge – ₹6,500 to ₹8,500 •) Washing Machine – ₹6,500 to ₹7,500 •)Split AC – Starting ₹13,500 •) Window AC – Starting ₹11,500 WHY CHOOSE US? •) 1 Year Compressor Warranty (Fridge) •)1 Year Motor Warranty (Washing Machine) •) 6 Months Warranty on All Parts •)Free 1.5 Meter Pipe & Installation (Washing Machine) •)Available for Rent (Terms & Conditions Apply) CALL OR WHATSAPP NOW •) Product Photos, Prices & Details Sent Instantly on WhatsApp Visit Us At: *Krishna CHS limited,* Shop No-01, *Near sai lila Garden* , Opp- Punjab national bank , near patel terrace, _Pump house Andheri East,_ Mumbai (400093) ( Timings: 10:00 AM to 10:00 PM – Open Daily). - Washing Machines",6500,"[""/content/drive/MyDrive/olx_washingmachine_dataset/images/washmachine_208e01f5d4/1.jpg"", ""/content/drive/MyDrive/olx_washingmachine_dataset/images/washmachine_208e01f5d4/2.jpg"", ""/content/drive/MyDrive/olx_washingmachine_dataset/images/washmachine_208e01f5d4/3.jpg"", ""/content/drive/MyDrive/olx_washingmachine_dataset/images/washmachine_208e01f5d4/4.jpg"", ""/content/drive/MyDrive/olx_washingmachine_dataset/images/washmachine_208e01f5d4/5.jpg"", ""/content/drive/MyDrive/olx_washingmachine_dataset/images/washmachine_208e01f5d4/6.jpg"", ""/content/drive/MyDrive/olx_washingmachine_dataset/images/washmachine_208e01f5d4/7.jpg"", ""/content/drive/MyDrive/olx_washingmachine_dataset/images/washmachine_208e01f5d4/8.jpg"", ""/content/drive/MyDrive/olx_washingmachine_dataset/images/washmachine_208e01f5d4/9.jpg"", ""/content/drive/MyDrive/olx_washingmachine_dataset/images/washmachine_208e01f5d4/10.jpg""]",10,2025-12-09 06:25:19.761199
washmachine_3abe44646b,https://www.olx.in/item/washing-machines-c1615-croma-7kg-semi-automatic-washing-machine-excellent-condition-in-vijay-nagar-indore-iid-1828723614,Croma 7kg Semi-Automatic Washing Machine  Excellent Condition,"Selling my Croma 7kg Semi-Automatic Washing Machine (5 Star) in excellent working condition. Lightly used and very well maintained — no issues at all. Key Features: • Built-in Soak Function • Twin Wash Programs (Gentle + Strong) • Air Dry Function • 5 Star Energy Efficiency • Easy-to-move Castor Wheels Perfect for families, bachelors, or rental flats. Plug-and-use condition. - Washing Machines",6000,"[""/content/drive/MyDrive/olx_washingmachine_dataset/images/washmachine_3abe44646b/1.jpg"", ""/content/drive/MyDrive/olx_washingmachine_dataset/images/washmachine_3abe44646b/2.jpg"", ""/content/drive/MyDrive/olx_washingmachine_dataset/images/washmachine_3abe44646b/3.jpg"", ""/content/drive/MyDrive/olx_washingmachine_dataset/images/washmachine_3abe44646b/4.jpg"", ""/content/drive/MyDrive/olx_washingmachine_dataset/images/washmachine_3abe44646b/5.jpg"", ""/content/drive/MyDrive/olx_washingmachine_dataset/images/washmachine_3abe44646b/6.jpg"", ""/content/drive/MyDrive/olx_washingmachine_dataset/images/washmachine_3abe44646b/7.jpg"", ""/content/drive/MyDrive/olx_washingmachine_dataset/images/washmachine_3abe44646b/8.jpg""]",8,2025-12-09 06:25:24.552803
washmachine_89836debf7,https://www.olx.in/item/washing-machines-c1615-modern-home-combo-energy-efficient-fridge-and-washing-machine-in-jeevan-bima-nagar-bengaluru-iid-1822407632,Modern Home Combo: Energy-Efficient Fridge and Washing Machine,"Visit our website for more options: yourchoiz Electronics Flat ₹500 OFF + Cash on Delivery Use code: NAMMAYOURCHOIZ at yourchoiz Electronics Refurbished Appliances at Best Price – Quality You Can Trust! Looking for affordable home appliances without compromising on quality? Our refurbished refrigerators and washing machines are carefully inspected, fully tested, and restored to perfect working condition by experts. Why Choose Us? Fully tested and repaired if needed Professionally cleaned and sanitized Minor cosmetic marks possible, but 100% functional Environment-friendly and budget-friendly Available Products: Single Door Refrigerator – Starting at just ₹4,999 Double Door Refrigerator – Starting at ₹6,999 Top Load Washing Machine – Starting at ₹4,999 Front Load Washing Machine – Starting at ₹6,999 Warranty: 1 Year Warranty on Motor and Compressor Free delivery available in Bangalore Visit us today and give your home a smart upgrade at a smart price! - Washing Machines",10999,"[""/content/drive/MyDrive/olx_washingmachine_dataset/images/washmachine_89836debf7/1.jpg"", ""/content/drive/MyDrive/olx_washingmachine_dataset/images/washmachine_89836debf7/2.jpg"", ""/content/drive/MyDrive/olx_washingmachine_dataset/images/washmachine_89836debf7/3.jpg"", ""/content/drive/MyDrive/olx_washingmachine_dataset/images/washmachine_89836debf7/4.jpg"", ""/content/drive/MyDrive/olx_washingmachine_dataset/images/washmachine_89836debf7/5.jpg"", ""/content/drive/MyDrive/olx_washingmachine_dataset/images/washmachine_89836debf7/6.jpg"", ""/content/drive/MyDrive/olx_washingmachine_dataset/images/washmachine_89836debf7/7.jpg"", ""/content/drive/MyDrive/olx_washingmachine_dataset/images/washmachine_89836debf7/8.jpg""]",8,2025-12-09 06:29:08.357013
washmachine_626b64fc08,https://www.olx.in/item/washing-machines-c1615-reduce-power-bills-without-compromising-on-cleanlinessyourchoiz-in-jp-nagar-bengaluru-iid-1823906872,#Reduce power bills without compromising on cleanliness@yourchoiz,"> Visit our website for more options: www .yourchoiz. in Flat ₹500 OFF + Cash on Delivery Use code: NAMMAYOURCHOIZ at www .yourchoiz. in Refurbished Appliances at Best Price – Quality You Can Trust! Looking for affordable home appliances without compromising on quality? Our refurbished refrigerators and washing machines are carefully inspected, fully tested, and restored to perfect working condition by experts. Why Choose Us? Fully tested and repaired if needed Professionally cleaned and sanitized Minor cosmetic marks possible, but 100% functional Environment-friendly and budget-friendly Available Products: Single Door Refrigerator – Starting at just ₹4,999 Double Door Refrigerator – Starting at ₹6,999 Top Load Washing Machine – Starting at ₹4,999 Front Load Washing Machine – Starting at ₹6,999 Warranty: 1 Year Warranty on Motor and Compressor Free delivery available in Bangalore Visit us today and give your home a smart upgrade at a smart price! - Washing Machines",5499,"[""/content/drive/MyDrive/olx_washingmachine_dataset/images/washmachine_626b64fc08/1.jpg"", ""/content/drive/MyDrive/olx_washingmachine_dataset/images/washmachine_626b64fc08/2.jpg"", ""/content/drive/MyDrive/olx_washingmachine_dataset/images/washmachine_626b64fc08/3.jpg"", ""/content/drive/MyDrive/olx_washingmachine_dataset/images/washmachine_626b64fc08/4.jpg"", ""/content/drive/MyDrive/olx_washingmachine_dataset/images/washmachine_626b64fc08/5.jpg"", ""/content/drive/MyDrive/olx_washingmachine_dataset/images/washmachine_626b64fc08/6.jpg"", ""/content/drive/MyDrive/olx_washingmachine_dataset/images/washmachine_626b64fc08/7.jpg"", ""/content/drive/MyDrive/olx_washingmachine_dataset/images/washmachine_626b64fc08/8.jpg""]",8,2025-12-09 06:29:16.056031
washmachine_0df068e4be,https://www.olx.in/item/washing-machines-c1615-lg-turbo-drum-6kg-capacity-automatic-machine-with-delivery-warranty-in-kr-puram-bengaluru-iid-1805937604,LG turbo drum 6kg capacity automatic machine with delivery & warranty,RentOdeal Our Aim is to give the best and excellent product to our customers and we guarantee it for the product and the service which we provide Multi Brand washing Machine And Refrigerator Available with warranty Top load washing machine starting price @ 4999 Front load washing Machine starting price Rs 6499 Single door refrigerator starting price @4999 Double door refrigerator starting price @ 6499 Brand: LG Capacity: 6.5kg Warranty: one year Accessories: Brand New inlet and outlet pipe free Shipping: Free Installation & Demo will be provided by RentOdeal service engineer at the time of delivery Each and every product is tested by RentOdeal service engineer Same day delivery through out Bangalore - Washing Machines,6499,"[""/content/drive/MyDrive/olx_washingmachine_dataset/images/washmachine_0df068e4be/1.jpg"", ""/content/drive/MyDrive/olx_washingmachine_dataset/images/washmachine_0df068e4be/2.jpg"", ""/content/drive/MyDrive/olx_washingmachine_dataset/images/washmachine_0df068e4be/3.jpg"", ""/content/drive/MyDrive/olx_washingmachine_dataset/images/washmachine_0df068e4be/4.jpg"", ""/content/drive/MyDrive/olx_washingmachine_dataset/images/washmachine_0df068e4be/5.jpg"", ""/content/drive/MyDrive/olx_washingmachine_dataset/images/washmachine_0df068e4be/6.jpg"", ""/content/drive/MyDrive/olx_washingmachine_dataset/images/washmachine_0df068e4be/7.jpg"", ""/content/drive/MyDrive/olx_washingmachine_dataset/images/washmachine_0df068e4be/8.jpg"", ""/content/drive/MyDrive/olx_washingmachine_dataset/images/washmachine_0df068e4be/9.jpg"", ""/content/drive/MyDrive/olx_washingmachine_dataset/images/washmachine_0df068e4be/10.jpg"", ""/content/drive/MyDrive/olx_washingmachine_dataset/images/washmachine_0df068e4be/11.jpg"", ""/content/drive/MyDrive/olx_washingmachine_dataset/images/washmachine_0df068e4be/12.jpg"", ""/content/drive/MyDrive/olx_washingmachine_dataset/images/washmachine_0df068e4be/13.jpg"", ""/content/drive/MyDrive/olx_washingmachine_dataset/images/washmachine_0df068e4be/14.jpg""]",14,2025-12-09 06:30:05.070419
washmachine_c17d3c7d48,https://www.olx.in/item/washing-machines-c1615-fully-automatic-washing-machine-in-dwarka-with-warranty-delivery-cod-in-dwarka-delhi-iid-1821920587,"Fully automatic washing machine in dwarka with warranty, delivery, COD","LG 6.5kg Top Load, Dwarka, Free Delivery, COD After Install, 2Y Motor Fairhand Certified LG 6.5kg fully automatic top load for Dwarka. Cleaned, tested, ready for quick installation. Warranty: 2 years on motor and 6 months on all parts (seller warranty). Free: home delivery, installation, inlet and outlet pipes worth ₹500. Payment: COD/UPI after delivery, demo and installation. No advance. Protection: 7 day no-questions replacement if any issue arises. Value: assured buy-back up to 50% based on age and condition. QC passed: power on, full program run, spin RPM, drum balance, inlet and drain flow, leak check, vibration and noise, control panel and indicators. Condition: 100% functional; minor cosmetic marks only. Included: machine, inlet pipe, outlet hose, professional install with quick demo. Stand or extra-long hoses available at cost. Standard install assumes existing tap and drain. Service zone: Dwarka Sectors sec 7, sec 10, sec 11, sec 12, sec 19, sec 22, sec 23 with quick reach to Janakpuri, Vikaspuri, Uttam Nagar, Palam, Dabri. How to book: message on OLX with your exact location, floor and lift access, preferred time. We will share a live video of this exact unit and confirm the all-inclusive price for your area. Same-day or next-day installation usually available. Notes: we never send links or ask for advance. Price may vary for non-standard fittings or long hose runs. Exchange for your old machine possible. - Washing Machines",6000,"[""/content/drive/MyDrive/olx_washingmachine_dataset/images/washmachine_c17d3c7d48/1.jpg"", ""/content/drive/MyDrive/olx_washingmachine_dataset/images/washmachine_c17d3c7d48/2.jpg"", ""/content/drive/MyDrive/olx_washingmachine_dataset/images/washmachine_c17d3c7d48/3.jpg"", ""/content/drive/MyDrive/olx_washingmachine_dataset/images/washmachine_c17d3c7d48/4.jpg"", ""/content/drive/MyDrive/olx_washingmachine_dataset/images/washmachine_c17d3c7d48/5.jpg"", ""/content/drive/MyDrive/olx_washingmachine_dataset/images/washmachine_c17d3c7d48/6.jpg"", ""/content/drive/MyDrive/olx_washingmachine_dataset/images/washmachine_c17d3c7d48/7.jpg"", ""/content/drive/MyDrive/olx_washingmachine_dataset/images/washmachine_c17d3c7d48/8.jpg""]",8,2025-12-09 06:30:12.931247
washmachine_157d865549,https://www.olx.in/item/washing-machines-c1615-all-refurbished-used-fridges-and-washing-machines-best-deal-in-hsr-layout-bengaluru-iid-1825282873,'$* All refurbished used fridges and washing machines best deal ..!,"PRIME ELECTRONICSS HOME APPLIANCES Price range 1.) Top load fully automatic washing machine starts from (5500) 2.) Front load fully automatic washing machine starts from (7000) 3.) Single door refrigerator starts from (6000) 4.) Doble door refrigerator starts from (8000) 5.) Combo offers available refrigerator and washing machine starts from (12000) Delivery : delivery will be done by our experience driver with in 12 hours one's the order is taken Warranty : six months of service warranty and one year moter warranty for the washing machine and one year of compressor warranty for the refrigerator Instalation : we provides institution with new Accessories like inlet and outlet pipes for washing machine Certified every product undergo rigorous testing and are in flawless working condition. Some parts may have been replaced with high-quality, OEM parts to ensure full functionality. Service : one's you raise the complete to the service senter with in 24 to 48 house service will be done COD : we accept gpay/phone pe/cash on delivery. for more details contact - Washing Machines",6499,"[""/content/drive/MyDrive/olx_washingmachine_dataset/images/washmachine_157d865549/1.jpg"", ""/content/drive/MyDrive/olx_washingmachine_dataset/images/washmachine_157d865549/2.jpg"", ""/content/drive/MyDrive/olx_washingmachine_dataset/images/washmachine_157d865549/3.jpg"", ""/content/drive/MyDrive/olx_washingmachine_dataset/images/washmachine_157d865549/4.jpg"", ""/content/drive/MyDrive/olx_washingmachine_dataset/images/washmachine_157d865549/5.jpg"", ""/content/drive/MyDrive/olx_washingmachine_dataset/images/washmachine_157d865549/6.jpg"", ""/content/drive/MyDrive/olx_washingmachine_dataset/images/washmachine_157d865549/7.jpg"", ""/content/drive/MyDrive/olx_washingmachine_dataset/images/washmachine_157d865549/8.jpg""]",8,2025-12-09 06:32:25.190349
washmachine_444efa1edd,https://www.olx.in/item/washing-machines-c1615-samsung-active-wash-in-uppal-hyderabad-iid-1828721541,Samsung active wash,gently used second hand home appliances *Washing machine starting price :~ Top load washing machine Rs:4999 Front load washing machine Rs:7999 Refrigerator starting price :~ Single door refrigerator Rs:5999 Double door refrigerator Rs:7999 ( TERM N CONDITION ) * Free home delivery in Hyderabad with in 24 hour's * Free installation n demo at the delivery • For washing machine: 6th months warranty on compressor 6th months free door step service * We provide brand new accessories for washing machine only outlet pipe • Refrigerator 6th months warranty on compressor * COD available we accept all UPI payment n cash on delivery * We check the product n make sure that its 100% working by our experts * The product will be genuine n in immaculate working condition - Washing Machines,7500,"[""/content/drive/MyDrive/olx_washingmachine_dataset/images/washmachine_444efa1edd/1.jpg"", ""/content/drive/MyDrive/olx_washingmachine_dataset/images/washmachine_444efa1edd/2.jpg"", ""/content/drive/MyDrive/olx_washingmachine_dataset/images/washmachine_444efa1edd/3.jpg"", ""/content/drive/MyDrive/olx_washingmachine_dataset/images/washmachine_444efa1edd/4.jpg"", ""/content/drive/MyDrive/olx_washingmachine_dataset/images/washmachine_444efa1edd/5.jpg"", ""/content/drive/MyDrive/olx_washingmachine_dataset/images/washmachine_444efa1edd/6.jpg"", ""/content/drive/MyDrive/olx_washingmachine_dataset/images/washmachine_444efa1edd/7.jpg"", ""/content/drive/MyDrive/olx_washingmachine_dataset/images/washmachine_444efa1edd/8.jpg""]",8,2025-12-09 06:34:38.187775
washmachine_2dccd725bc,https://www.olx.in/item/washing-machines-c1615-bosch-white-colour-fully-automatic-front-load-70kg-washing-machine-in-hmt-layout-bengaluru-iid-1818738882,Bosch white colour fully automatic front load 7.0kg washing machine,"Hurry up ! Refrigerator an washing machine at only 10k Refrigerator Single door = 4999 Double door = 6999 Washing machine Top load = 4999 Front load = 6999 Our offers 1 year warranty on compressor 1 year warranty on motor 6 months free door step service Free delivery Free Installation Free demo Free inlet pipe Free outlet pipe An when you return the product to us you will get 50% cash back . Branches = kanaka nagar , nagawara main road Please feel free to contact us - Washing Machines",7999,"[""/content/drive/MyDrive/olx_washingmachine_dataset/images/washmachine_2dccd725bc/1.jpg"", ""/content/drive/MyDrive/olx_washingmachine_dataset/images/washmachine_2dccd725bc/2.jpg"", ""/content/drive/MyDrive/olx_washingmachine_dataset/images/washmachine_2dccd725bc/3.jpg"", ""/content/drive/MyDrive/olx_washingmachine_dataset/images/washmachine_2dccd725bc/4.jpg"", ""/content/drive/MyDrive/olx_washingmachine_dataset/images/washmachine_2dccd725bc/5.jpg"", ""/content/drive/MyDrive/olx_washingmachine_dataset/images/washmachine_2dccd725bc/6.jpg"", ""/content/drive/MyDrive/olx_washingmachine_dataset/images/washmachine_2dccd725bc/7.jpg"", ""/content/drive/MyDrive/olx_washingmachine_dataset/images/washmachine_2dccd725bc/8.jpg""]",8,2025-12-09 06:34:44.965145
washmachine_58a63353be,https://www.olx.in/item/washing-machines-c1615-fully-aoutomaticwasingmachinemint-conditiom-in-jogeshwari-west-mumbai-iid-1815276717,"FULLY AOUTOMATIC,WASING,MACHINE,MINT CONDITIOM","RAYYAN COOL CARE u can call us 98 21 55 72 45 WE HAVE PROVIDE HOME KICHEN APPLINCE 1) WASING MACHINE,AVAILABLE, LG SAMSUNG, PANASONIC, 2) 6MONTH ALL TECHNICHAL,PARTS, WARRANTY 3) 5 YEAR MOTOR WARRANTY, 4)FREE HOME DELIVERY 5)WITH OUTLET,INLET NEW,PIPE 6)WITH FREE INSTALATION, add-; gali nmbr 8 ekta nagar ganesh nagar, opp hp petrol pump,near ashish, hotel,kandiwali west,(400067) - Washing Machines",6500,"[""/content/drive/MyDrive/olx_washingmachine_dataset/images/washmachine_58a63353be/1.jpg"", ""/content/drive/MyDrive/olx_washingmachine_dataset/images/washmachine_58a63353be/2.jpg"", ""/content/drive/MyDrive/olx_washingmachine_dataset/images/washmachine_58a63353be/3.jpg"", ""/content/drive/MyDrive/olx_washingmachine_dataset/images/washmachine_58a63353be/4.jpg"", ""/content/drive/MyDrive/olx_washingmachine_dataset/images/washmachine_58a63353be/5.jpg"", ""/content/drive/MyDrive/olx_washingmachine_dataset/images/washmachine_58a63353be/6.jpg"", ""/content/drive/MyDrive/olx_washingmachine_dataset/images/washmachine_58a63353be/7.jpg"", ""/content/drive/MyDrive/olx_washingmachine_dataset/images/washmachine_58a63353be/8.jpg""]",8,2025-12-09 06:35:33.482193
washmachine_1211bbf5d2,https://www.olx.in/item/washing-machines-c1615-lg-and-samsung-fridge-and-washing-machine-combo-best-affordable-price-in-mico-layout-bengaluru-iid-1827497808,LG and Samsung fridge and washing machine combo best affordable price,"> Visit our website for more options: www .yourchoiz. in Flat ₹500 OFF + Cash on Delivery Use code: NAMMAYOURCHOIZ at www .yourchoiz. in Refurbished Appliances at Best Price – Quality You Can Trust! Looking for affordable home appliances without compromising on quality? Our refurbished refrigerators and washing machines are carefully inspected, fully tested, and restored to perfect working condition by experts. Why Choose Us? Fully tested and repaired if needed Professionally cleaned and sanitized Minor cosmetic marks possible, but 100% functional Environment-friendly and budget-friendly Available Products: Single Door Refrigerator – Starting at just ₹4,999 Double Door Refrigerator – Starting at ₹6,999 Top Load Washing Machine – Starting at ₹4,999 Front Load Washing Machine – Starting at ₹6,999 Warranty: 1 Year Warranty on Motor and Compressor Free delivery available in Bangalore Visit us today and give your home a smart upgrade at a smart price! - Washing Machines",11499,"[""/content/drive/MyDrive/olx_washingmachine_dataset/images/washmachine_1211bbf5d2/1.jpg"", ""/content/drive/MyDrive/olx_washingmachine_dataset/images/washmachine_1211bbf5d2/2.jpg"", ""/content/drive/MyDrive/olx_washingmachine_dataset/images/washmachine_1211bbf5d2/3.jpg"", ""/content/drive/MyDrive/olx_washingmachine_dataset/images/washmachine_1211bbf5d2/4.jpg"", ""/content/drive/MyDrive/olx_washingmachine_dataset/images/washmachine_1211bbf5d2/5.jpg"", ""/content/drive/MyDrive/olx_washingmachine_dataset/images/washmachine_1211bbf5d2/6.jpg"", ""/content/drive/MyDrive/olx_washingmachine_dataset/images/washmachine_1211bbf5d2/7.jpg"", ""/content/drive/MyDrive/olx_washingmachine_dataset/images/washmachine_1211bbf5d2/8.jpg""]",8,2025-12-09 06:37:01.677474
washmachine_54d67df2a3,https://www.olx.in/item/washing-machines-c1615-urgent-sellwhirlpool-75kg-semi-automatic-washing-machine-very-goodh-in-nandanam-nandanam-chennai-iid-1827897008,URGENT SELLWHIRLPOOL 7.5KG SEMI AUTOMATIC WASHING MACHINE VERY GOODh,I would like to sell my washing machine. I go for front loder of bigger size. So only sale this. Please interested person and geniune people only call me. Fixed price. - Washing Machines,4500,"[""/content/drive/MyDrive/olx_washingmachine_dataset/images/washmachine_54d67df2a3/1.jpg"", ""/content/drive/MyDrive/olx_washingmachine_dataset/images/washmachine_54d67df2a3/2.jpg"", ""/content/drive/MyDrive/olx_washingmachine_dataset/images/washmachine_54d67df2a3/3.jpg"", ""/content/drive/MyDrive/olx_washingmachine_dataset/images/washmachine_54d67df2a3/4.jpg"", ""/content/drive/MyDrive/olx_washingmachine_dataset/images/washmachine_54d67df2a3/5.jpg"", ""/content/drive/MyDrive/olx_washingmachine_dataset/images/washmachine_54d67df2a3/6.jpg"", ""/content/drive/MyDrive/olx_washingmachine_dataset/images/washmachine_54d67df2a3/7.jpg"", ""/content/drive/MyDrive/olx_washingmachine_dataset/images/washmachine_54d67df2a3/8.jpg""]",8,2025-12-09 06:37:50.058165
washmachine_bf378541f8,https://www.olx.in/item/washing-machines-c1615-noise-less-inverter-fully-automatic-washing-machine-samsung-in-tolichowki-hyderabad-iid-1828721385,Noise less inverter fully automatic washing machine Samsung,gently used second hand home appliances *Washing machine starting price :~ Top load washing machine Rs:4999 Front load washing machine Rs:7999 Refrigerator starting price :~ Single door refrigerator Rs:5999 Double door refrigerator Rs:7999 ( TERM N CONDITION ) * Free home delivery in Hyderabad with in 24 hour's * Free installation n demo at the delivery • For washing machine: 6th months warranty on compressor 6th months free door step service * We provide brand new accessories for washing machine only outlet pipe • Refrigerator 6th months warranty on compressor * COD available we accept all UPI payment n cash on delivery * We check the product n make sure that its 100% working by our experts * The product will be genuine n in immaculate working condition - Washing Machines,8000,"[""/content/drive/MyDrive/olx_washingmachine_dataset/images/washmachine_bf378541f8/1.jpg"", ""/content/drive/MyDrive/olx_washingmachine_dataset/images/washmachine_bf378541f8/2.jpg"", ""/content/drive/MyDrive/olx_washingmachine_dataset/images/washmachine_bf378541f8/3.jpg"", ""/content/drive/MyDrive/olx_washingmachine_dataset/images/washmachine_bf378541f8/4.jpg"", ""/content/drive/MyDrive/olx_washingmachine_dataset/images/washmachine_bf378541f8/5.jpg"", ""/content/drive/MyDrive/olx_washingmachine_dataset/images/washmachine_bf378541f8/6.jpg"", ""/content/drive/MyDrive/olx_washingmachine_dataset/images/washmachine_bf378541f8/7.jpg"", ""/content/drive/MyDrive/olx_washingmachine_dataset/images/washmachine_bf378541f8/8.jpg""]",8,2025-12-09 06:38:38.827002
washmachine_7281298a0d,https://www.olx.in/item/washing-machines-c1615-samsung-fully-automatic-washing-machine-in-sector-17a-gurgaon-iid-1828722209,Samsung fully automatic washing machine,Only genuine buyer text. Price is fixed - Washing Machines,7500,"[""/content/drive/MyDrive/olx_washingmachine_dataset/images/washmachine_7281298a0d/1.jpg"", ""/content/drive/MyDrive/olx_washingmachine_dataset/images/washmachine_7281298a0d/2.jpg"", ""/content/drive/MyDrive/olx_washingmachine_dataset/images/washmachine_7281298a0d/3.jpg"", ""/content/drive/MyDrive/olx_washingmachine_dataset/images/washmachine_7281298a0d/4.jpg"", ""/content/drive/MyDrive/olx_washingmachine_dataset/images/washmachine_7281298a0d/5.jpg"", ""/content/drive/MyDrive/olx_washingmachine_dataset/images/washmachine_7281298a0d/6.jpg"", ""/content/drive/MyDrive/olx_washingmachine_dataset/images/washmachine_7281298a0d/7.jpg"", ""/content/drive/MyDrive/olx_washingmachine_dataset/images/washmachine_7281298a0d/8.jpg""]",8,2025-12-09 06:38:43.991638
washmachine_ce185513f1,https://www.olx.in/item/washing-machines-c1615-dhamaka-offer-on-top-load-fully-automatic-washing-machine-with-warrty-in-marathahalli-bengaluru-iid-1821582918,Dhamaka offer on top load fully automatic washing machine with warrty,RentOdeal Our Aim is to give the best and excellent product to our customers and we guarantee it for the product and the service which we provide Multi Brand washing Machine And Refrigerator Available with warranty Top load washing machine starting price @ 4999 Front load washing Machine starting price Rs 6499 Single door refrigerator starting price @4999 Double door refrigerator starting price @ 6499 Brand: LG Capacity: 6.5kg Warranty: one year Accessories: Brand New inlet and outlet pipe free Shipping: Free Installation & Demo will be provided by RentOdeal service engineer at the time of delivery Each and every product is tested by RentOdeal service engineer Same day delivery through out Bangalore - Washing Machines,4999,"[""/content/drive/MyDrive/olx_washingmachine_dataset/images/washmachine_ce185513f1/1.jpg"", ""/content/drive/MyDrive/olx_washingmachine_dataset/images/washmachine_ce185513f1/2.jpg"", ""/content/drive/MyDrive/olx_washingmachine_dataset/images/washmachine_ce185513f1/3.jpg"", ""/content/drive/MyDrive/olx_washingmachine_dataset/images/washmachine_ce185513f1/4.jpg"", ""/content/drive/MyDrive/olx_washingmachine_dataset/images/washmachine_ce185513f1/5.jpg"", ""/content/drive/MyDrive/olx_washingmachine_dataset/images/washmachine_ce185513f1/6.jpg"", ""/content/drive/MyDrive/olx_washingmachine_dataset/images/washmachine_ce185513f1/7.jpg"", ""/content/drive/MyDrive/olx_washingmachine_dataset/images/washmachine_ce185513f1/8.jpg""]",8,2025-12-09 06:39:31.365073
washmachine_b5555b6f52,https://www.olx.in/item/washing-machines-c1615-samsung-top-load-black-colour-fully-automatic-washing-machine-7okg-in-kasavanahalli-bengaluru-iid-1818738944,Samsung top load black colour fully automatic washing machine 7.okg,"Hurry up ! Refrigerator an washing machine at only 10k Refrigerator Single door = 4999 Double door = 6999 Washing machine Top load = 4999 Front load = 6999 Our offers 1 year warranty on compressor 1 year warranty on motor 6 months free door step service Free delivery Free Installation Free demo Free inlet pipe Free outlet pipe An when you return the product to us you will get 50% cash back . Branches = kanaka nagar , nagawara main road Please feel free to contact us - Washing Machines",6499,"[""/content/drive/MyDrive/olx_washingmachine_dataset/images/washmachine_b5555b6f52/1.jpg"", ""/content/drive/MyDrive/olx_washingmachine_dataset/images/washmachine_b5555b6f52/2.jpg"", ""/content/drive/MyDrive/olx_washingmachine_dataset/images/washmachine_b5555b6f52/3.jpg"", ""/content/drive/MyDrive/olx_washingmachine_dataset/images/washmachine_b5555b6f52/4.jpg"", ""/content/drive/MyDrive/olx_washingmachine_dataset/images/washmachine_b5555b6f52/5.jpg"", ""/content/drive/MyDrive/olx_washingmachine_dataset/images/washmachine_b5555b6f52/6.jpg"", ""/content/drive/MyDrive/olx_washingmachine_dataset/images/washmachine_b5555b6f52/7.jpg"", ""/content/drive/MyDrive/olx_washingmachine_dataset/images/washmachine_b5555b6f52/8.jpg""]",8,2025-12-09 06:40:21.246989
washmachine_512a061ad9,https://www.olx.in/item/washing-machines-c1615-haier-top-load-washing-machine-7kg-in-good-condition-in-hongasandra-bengaluru-iid-1827500285,Haier top load washing machine 7kg in Good condition,"> Visit our website for more options: www .yourchoiz. in Flat ₹500 OFF + Cash on Delivery Use code: NAMMAYOURCHOIZ at www .yourchoiz. in Refurbished Appliances at Best Price – Quality You Can Trust! Looking for affordable home appliances without compromising on quality? Our refurbished refrigerators and washing machines are carefully inspected, fully tested, and restored to perfect working condition by experts. Why Choose Us? Fully tested and repaired if needed Professionally cleaned and sanitized Minor cosmetic marks possible, but 100% functional Environment-friendly and budget-friendly Available Products: Single Door Refrigerator – Starting at just ₹4,999 Double Door Refrigerator – Starting at ₹6,999 Top Load Washing Machine – Starting at ₹4,999 Front Load Washing Machine – Starting at ₹6,999 Warranty: 1 Year Warranty on Motor and Compressor Free delivery available in Bangalore Visit us today and give your home a smart upgrade at a smart price! - Washing Machines",7499,"[""/content/drive/MyDrive/olx_washingmachine_dataset/images/washmachine_512a061ad9/1.jpg"", ""/content/drive/MyDrive/olx_washingmachine_dataset/images/washmachine_512a061ad9/2.jpg"", ""/content/drive/MyDrive/olx_washingmachine_dataset/images/washmachine_512a061ad9/3.jpg"", ""/content/drive/MyDrive/olx_washingmachine_dataset/images/washmachine_512a061ad9/4.jpg"", ""/content/drive/MyDrive/olx_washingmachine_dataset/images/washmachine_512a061ad9/5.jpg"", ""/content/drive/MyDrive/olx_washingmachine_dataset/images/washmachine_512a061ad9/6.jpg"", ""/content/drive/MyDrive/olx_washingmachine_dataset/images/washmachine_512a061ad9/7.jpg"", ""/content/drive/MyDrive/olx_washingmachine_dataset/images/washmachine_512a061ad9/8.jpg""]",8,2025-12-09 06:42:34.650304
washmachine_1145a57ece,https://www.olx.in/item/washing-machines-c1615-bpl-washing-machine-in-hanifa-colony-tiruchirappalli-iid-1828722353,LG fridge 4star,LG fridge Used Good condition 4 star rating - Washing Machines,8300,"[""/content/drive/MyDrive/olx_washingmachine_dataset/images/washmachine_1145a57ece/1.jpg"", ""/content/drive/MyDrive/olx_washingmachine_dataset/images/washmachine_1145a57ece/2.jpg"", ""/content/drive/MyDrive/olx_washingmachine_dataset/images/washmachine_1145a57ece/3.jpg"", ""/content/drive/MyDrive/olx_washingmachine_dataset/images/washmachine_1145a57ece/4.jpg"", ""/content/drive/MyDrive/olx_washingmachine_dataset/images/washmachine_1145a57ece/5.jpg"", ""/content/drive/MyDrive/olx_washingmachine_dataset/images/washmachine_1145a57ece/6.jpg"", ""/content/drive/MyDrive/olx_washingmachine_dataset/images/washmachine_1145a57ece/7.jpg"", ""/content/drive/MyDrive/olx_washingmachine_dataset/images/washmachine_1145a57ece/8.jpg""]",8,2025-12-09 06:43:24.362709
washmachine_12a51ad1b7,https://www.olx.in/item/washing-machines-c1615-ifb-front-load-7kg-in-naraina-delhi-iid-1828722588,IFB front load 7kg,No problems Only belt broken Rest perfectly fine - Washing Machines,7000,"[""/content/drive/MyDrive/olx_washingmachine_dataset/images/washmachine_12a51ad1b7/1.jpg"", ""/content/drive/MyDrive/olx_washingmachine_dataset/images/washmachine_12a51ad1b7/2.jpg"", ""/content/drive/MyDrive/olx_washingmachine_dataset/images/washmachine_12a51ad1b7/3.jpg"", ""/content/drive/MyDrive/olx_washingmachine_dataset/images/washmachine_12a51ad1b7/4.jpg"", ""/content/drive/MyDrive/olx_washingmachine_dataset/images/washmachine_12a51ad1b7/5.jpg"", ""/content/drive/MyDrive/olx_washingmachine_dataset/images/washmachine_12a51ad1b7/6.jpg"", ""/content/drive/MyDrive/olx_washingmachine_dataset/images/washmachine_12a51ad1b7/7.jpg"", ""/content/drive/MyDrive/olx_washingmachine_dataset/images/washmachine_12a51ad1b7/8.jpg""]",8,2025-12-09 06:43:30.122063
washmachine_b729781239,https://www.olx.in/item/washing-machines-c1615-lg-top-loading-washing-machine-in-vishal-hall-mumbai-iid-1828718120,LG top loading washing machine,LG turbodrum 6.5 kg top loading washing machine for sale.Its in proper working condition. Not used much as we have front loading machine too which takes less water. - Washing Machines,7000,"[""/content/drive/MyDrive/olx_washingmachine_dataset/images/washmachine_b729781239/1.jpg"", ""/content/drive/MyDrive/olx_washingmachine_dataset/images/washmachine_b729781239/2.jpg"", ""/content/drive/MyDrive/olx_washingmachine_dataset/images/washmachine_b729781239/3.jpg"", ""/content/drive/MyDrive/olx_washingmachine_dataset/images/washmachine_b729781239/4.jpg"", ""/content/drive/MyDrive/olx_washingmachine_dataset/images/washmachine_b729781239/5.jpg"", ""/content/drive/MyDrive/olx_washingmachine_dataset/images/washmachine_b729781239/6.jpg"", ""/content/drive/MyDrive/olx_washingmachine_dataset/images/washmachine_b729781239/7.jpg"", ""/content/drive/MyDrive/olx_washingmachine_dataset/images/washmachine_b729781239/8.jpg""]",8,2025-12-09 06:44:18.254164
washmachine_a88c60cfeb,https://www.olx.in/item/washing-machines-c1615-samsung-double-door-fridge-in-kudasan-gandhinagar-iid-1826608540,Samsung Double door Fridge,Samsung Double door fridge for sale - Washing Machines,8500,"[""/content/drive/MyDrive/olx_washingmachine_dataset/images/washmachine_a88c60cfeb/1.jpg"", ""/content/drive/MyDrive/olx_washingmachine_dataset/images/washmachine_a88c60cfeb/2.jpg"", ""/content/drive/MyDrive/olx_washingmachine_dataset/images/washmachine_a88c60cfeb/3.jpg"", ""/content/drive/MyDrive/olx_washingmachine_dataset/images/washmachine_a88c60cfeb/4.jpg"", ""/content/drive/MyDrive/olx_washingmachine_dataset/images/washmachine_a88c60cfeb/5.jpg"", ""/content/drive/MyDrive/olx_washingmachine_dataset/images/washmachine_a88c60cfeb/6.jpg"", ""/content/drive/MyDrive/olx_washingmachine_dataset/images/washmachine_a88c60cfeb/7.jpg"", ""/content/drive/MyDrive/olx_washingmachine_dataset/images/washmachine_a88c60cfeb/8.jpg""]",8,2025-12-09 06:44:23.059962
washmachine_75b522fe0c,https://www.olx.in/item/washing-machines-c1615-lg-single-door-refrigerator-5-star-rating-in-hsr-layout-bengaluru-iid-1827403736,LG single door refrigerator 5 star rating,"> Visit our website for more options: www .yourchoiz. in Flat ₹500 OFF + Cash on Delivery Use code: NAMMAYOURCHOIZ at www .yourchoiz. in Refurbished Appliances at Best Price – Quality You Can Trust! Looking for affordable home appliances without compromising on quality? Our refurbished refrigerators and washing machines are carefully inspected, fully tested, and restored to perfect working condition by experts. Why Choose Us? Fully tested and repaired if needed Professionally cleaned and sanitized Minor cosmetic marks possible, but 100% functional Environment-friendly and budget-friendly Available Products: Single Door Refrigerator – Starting at just ₹4,999 Double Door Refrigerator – Starting at ₹6,999 Top Load Washing Machine – Starting at ₹4,999 Front Load Washing Machine – Starting at ₹6,999 Warranty: 1 Year Warranty on Motor and Compressor Free delivery available in Bangalore Visit us today and give your home a smart upgrade at a smart price! - Washing Machines",7499,"[""/content/drive/MyDrive/olx_washingmachine_dataset/images/washmachine_75b522fe0c/1.jpg"", ""/content/drive/MyDrive/olx_washingmachine_dataset/images/washmachine_75b522fe0c/2.jpg"", ""/content/drive/MyDrive/olx_washingmachine_dataset/images/washmachine_75b522fe0c/3.jpg"", ""/content/drive/MyDrive/olx_washingmachine_dataset/images/washmachine_75b522fe0c/4.jpg"", ""/content/drive/MyDrive/olx_washingmachine_dataset/images/washmachine_75b522fe0c/5.jpg"", ""/content/drive/MyDrive/olx_washingmachine_dataset/images/washmachine_75b522fe0c/6.jpg"", ""/content/drive/MyDrive/olx_washingmachine_dataset/images/washmachine_75b522fe0c/7.jpg"", ""/content/drive/MyDrive/olx_washingmachine_dataset/images/washmachine_75b522fe0c/8.jpg""]",8,2025-12-09 06:44:30.653726
washmachine_75dffcfd3c,https://www.olx.in/item/washing-machines-c1615-013-diamond-drum-62kg-washing-machine-190ltrs-single-door-fridge-in-marathahalli-bengaluru-iid-1803845557,#013 diamond drum 6.2kg washing machine & 190ltrs single door fridge,Samsung diamond drum 6.2kg fully automatic top load washing machine and LG 190ltrs single door fridge working in excellent condition with one year warranty on compressor and six months free door step service and free home delivery and installation all over Bangalore along with brand new inlet and outlet pipes for washing machine - Washing Machines,14999,"[""/content/drive/MyDrive/olx_washingmachine_dataset/images/washmachine_75dffcfd3c/1.jpg"", ""/content/drive/MyDrive/olx_washingmachine_dataset/images/washmachine_75dffcfd3c/2.jpg"", ""/content/drive/MyDrive/olx_washingmachine_dataset/images/washmachine_75dffcfd3c/3.jpg"", ""/content/drive/MyDrive/olx_washingmachine_dataset/images/washmachine_75dffcfd3c/4.jpg"", ""/content/drive/MyDrive/olx_washingmachine_dataset/images/washmachine_75dffcfd3c/5.jpg"", ""/content/drive/MyDrive/olx_washingmachine_dataset/images/washmachine_75dffcfd3c/6.jpg"", ""/content/drive/MyDrive/olx_washingmachine_dataset/images/washmachine_75dffcfd3c/7.jpg"", ""/content/drive/MyDrive/olx_washingmachine_dataset/images/washmachine_75dffcfd3c/8.jpg""]",8,2025-12-09 06:44:36.410915
washmachine_3569dd7790,https://www.olx.in/item/washing-machines-c1615-samsung-top-load-washing-machine-in-btm-layout-bengaluru-iid-1827403835,Samsung top load washing machine,"> Visit our website for more options: www .yourchoiz. in Flat ₹500 OFF + Cash on Delivery Use code: NAMMAYOURCHOIZ at www .yourchoiz. in Refurbished Appliances at Best Price – Quality You Can Trust! Looking for affordable home appliances without compromising on quality? Our refurbished refrigerators and washing machines are carefully inspected, fully tested, and restored to perfect working condition by experts. Why Choose Us? Fully tested and repaired if needed Professionally cleaned and sanitized Minor cosmetic marks possible, but 100% functional Environment-friendly and budget-friendly Available Products: Single Door Refrigerator – Starting at just ₹4,999 Double Door Refrigerator – Starting at ₹6,999 Top Load Washing Machine – Starting at ₹4,999 Front Load Washing Machine – Starting at ₹6,999 Warranty: 1 Year Warranty on Motor and Compressor Free delivery available in Bangalore Visit us today and give your home a smart upgrade at a smart price! - Washing Machines",6499,"[""/content/drive/MyDrive/olx_washingmachine_dataset/images/washmachine_3569dd7790/1.jpg"", ""/content/drive/MyDrive/olx_washingmachine_dataset/images/washmachine_3569dd7790/2.jpg"", ""/content/drive/MyDrive/olx_washingmachine_dataset/images/washmachine_3569dd7790/3.jpg"", ""/content/drive/MyDrive/olx_washingmachine_dataset/images/washmachine_3569dd7790/4.jpg"", ""/content/drive/MyDrive/olx_washingmachine_dataset/images/washmachine_3569dd7790/5.jpg"", ""/content/drive/MyDrive/olx_washingmachine_dataset/images/washmachine_3569dd7790/6.jpg"", ""/content/drive/MyDrive/olx_washingmachine_dataset/images/washmachine_3569dd7790/7.jpg"", ""/content/drive/MyDrive/olx_washingmachine_dataset/images/washmachine_3569dd7790/8.jpg""]",8,2025-12-09 06:46:51.616177
washmachine_3730e6cbce,https://www.olx.in/item/washing-machines-c1615-working-washing-machine-refrigerator-for-sale-clean-reliable-in-indira-nagar-bengaluru-iid-1819424341,Working Washing Machine + Refrigerator for Sale – Clean & Reliable*,"> Visit our website for more options: www .yourchoiz. in Flat ₹500 OFF + Cash on Delivery Use code: NAMMAYOURCHOIZ at www .yourchoiz. in Refurbished Appliances at Best Price – Quality You Can Trust! Looking for affordable home appliances without compromising on quality? Our refurbished refrigerators and washing machines are carefully inspected, fully tested, and restored to perfect working condition by experts. Why Choose Us? Fully tested and repaired if needed Professionally cleaned and sanitized Minor cosmetic marks possible, but 100% functional Environment-friendly and budget-friendly Available Products: Single Door Refrigerator – Starting at just ₹4,999 Double Door Refrigerator – Starting at ₹6,999 Top Load Washing Machine – Starting at ₹4,999 Front Load Washing Machine – Starting at ₹6,999 Warranty: 1 Year Warranty on Motor and Compressor Free delivery available in Bangalore Visit us today and give your home a smart upgrade at a smart price! - Washing Machines",4999,"[""/content/drive/MyDrive/olx_washingmachine_dataset/images/washmachine_3730e6cbce/1.jpg"", ""/content/drive/MyDrive/olx_washingmachine_dataset/images/washmachine_3730e6cbce/2.jpg"", ""/content/drive/MyDrive/olx_washingmachine_dataset/images/washmachine_3730e6cbce/3.jpg"", ""/content/drive/MyDrive/olx_washingmachine_dataset/images/washmachine_3730e6cbce/4.jpg"", ""/content/drive/MyDrive/olx_washingmachine_dataset/images/washmachine_3730e6cbce/5.jpg"", ""/content/drive/MyDrive/olx_washingmachine_dataset/images/washmachine_3730e6cbce/6.jpg"", ""/content/drive/MyDrive/olx_washingmachine_dataset/images/washmachine_3730e6cbce/7.jpg"", ""/content/drive/MyDrive/olx_washingmachine_dataset/images/washmachine_3730e6cbce/8.jpg""]",8,2025-12-09 06:49:03.770472
washmachine_8589a8c223,https://www.olx.in/item/washing-machines-c1615-godrej-single-door-and-whirlpool-top-load-in-excellent-condition-grab-in-varthur-road-bengaluru-iid-1806139233,Godrej single door and whirlpool top load in excellent condition GRAB,RentOdeal Our Aim is to give the best and excellent product to our customers and we guarantee it for the product and the service which we provide Multi Brand washing Machine And Refrigerator Available with warranty Top load washing machine starting price @ 4999 Front load washing Machine starting price Rs 6499 Single door refrigerator starting price @4999 Double door refrigerator starting price @ 6499 Brand: LG Capacity: 6.5kg Warranty: one year Accessories: Brand New inlet and outlet pipe free Shipping: Free Installation & Demo will be provided by RentOdeal service engineer at the time of delivery Each and every product is tested by RentOdeal service engineer Same day delivery through out Bangalore - Washing Machines,11999,"[""/content/drive/MyDrive/olx_washingmachine_dataset/images/washmachine_8589a8c223/1.jpg"", ""/content/drive/MyDrive/olx_washingmachine_dataset/images/washmachine_8589a8c223/2.jpg"", ""/content/drive/MyDrive/olx_washingmachine_dataset/images/washmachine_8589a8c223/3.jpg"", ""/content/drive/MyDrive/olx_washingmachine_dataset/images/washmachine_8589a8c223/4.jpg"", ""/content/drive/MyDrive/olx_washingmachine_dataset/images/washmachine_8589a8c223/5.jpg"", ""/content/drive/MyDrive/olx_washingmachine_dataset/images/washmachine_8589a8c223/6.jpg"", ""/content/drive/MyDrive/olx_washingmachine_dataset/images/washmachine_8589a8c223/7.jpg"", ""/content/drive/MyDrive/olx_washingmachine_dataset/images/washmachine_8589a8c223/8.jpg""]",8,2025-12-09 06:49:52.083763
washmachine_cc0a0e7d3d,https://www.olx.in/item/washing-machines-c1615-washer-and-dryer-semi-dry-in-kothapet-hyderabad-iid-1828722483,Washer and dryer-Semi Dry,New like washing machine not used much with 10yrs warranty with Bill - Washing Machines,30000,"[""/content/drive/MyDrive/olx_washingmachine_dataset/images/washmachine_cc0a0e7d3d/1.jpg"", ""/content/drive/MyDrive/olx_washingmachine_dataset/images/washmachine_cc0a0e7d3d/2.jpg"", ""/content/drive/MyDrive/olx_washingmachine_dataset/images/washmachine_cc0a0e7d3d/3.jpg"", ""/content/drive/MyDrive/olx_washingmachine_dataset/images/washmachine_cc0a0e7d3d/4.jpg"", ""/content/drive/MyDrive/olx_washingmachine_dataset/images/washmachine_cc0a0e7d3d/5.jpg"", ""/content/drive/MyDrive/olx_washingmachine_dataset/images/washmachine_cc0a0e7d3d/6.jpg"", ""/content/drive/MyDrive/olx_washingmachine_dataset/images/washmachine_cc0a0e7d3d/7.jpg"", ""/content/drive/MyDrive/olx_washingmachine_dataset/images/washmachine_cc0a0e7d3d/8.jpg""]",8,2025-12-09 06:51:20.674534
washmachine_01529ea478,https://www.olx.in/item/washing-machines-c1615-lloyd-washing-machine-phully-working-candition-in-alba-colony-patna-iid-1826676715,Lloyd washing machine phully working candition,Extra machinr - Washing Machines,5000,"[""/content/drive/MyDrive/olx_washingmachine_dataset/images/washmachine_01529ea478/1.jpg"", ""/content/drive/MyDrive/olx_washingmachine_dataset/images/washmachine_01529ea478/2.jpg"", ""/content/drive/MyDrive/olx_washingmachine_dataset/images/washmachine_01529ea478/3.jpg"", ""/content/drive/MyDrive/olx_washingmachine_dataset/images/washmachine_01529ea478/4.jpg"", ""/content/drive/MyDrive/olx_washingmachine_dataset/images/washmachine_01529ea478/5.jpg"", ""/content/drive/MyDrive/olx_washingmachine_dataset/images/washmachine_01529ea478/6.jpg"", ""/content/drive/MyDrive/olx_washingmachine_dataset/images/washmachine_01529ea478/7.jpg"", ""/content/drive/MyDrive/olx_washingmachine_dataset/images/washmachine_01529ea478/8.jpg""]",8,2025-12-09 06:52:50.465380
washmachine_e58d6668dd,https://www.olx.in/item/washing-machines-c1615-top-load-washing-machine-and-single-door-refrigerator-in-begur-road-bengaluru-iid-1827499120,Top load washing machine and single door refrigerator,"> Visit our website for more options: www .yourchoiz. in Flat ₹500 OFF + Cash on Delivery Use code: NAMMAYOURCHOIZ at www .yourchoiz. in Refurbished Appliances at Best Price – Quality You Can Trust! Looking for affordable home appliances without compromising on quality? Our refurbished refrigerators and washing machines are carefully inspected, fully tested, and restored to perfect working condition by experts. Why Choose Us? Fully tested and repaired if needed Professionally cleaned and sanitized Minor cosmetic marks possible, but 100% functional Environment-friendly and budget-friendly Available Products: Single Door Refrigerator – Starting at just ₹4,999 Double Door Refrigerator – Starting at ₹6,999 Top Load Washing Machine – Starting at ₹4,999 Front Load Washing Machine – Starting at ₹6,999 Warranty: 1 Year Warranty on Motor and Compressor Free delivery available in Bangalore Visit us today and give your home a smart upgrade at a smart price! - Washing Machines",11499,"[""/content/drive/MyDrive/olx_washingmachine_dataset/images/washmachine_e58d6668dd/1.jpg"", ""/content/drive/MyDrive/olx_washingmachine_dataset/images/washmachine_e58d6668dd/2.jpg"", ""/content/drive/MyDrive/olx_washingmachine_dataset/images/washmachine_e58d6668dd/3.jpg"", ""/content/drive/MyDrive/olx_washingmachine_dataset/images/washmachine_e58d6668dd/4.jpg"", ""/content/drive/MyDrive/olx_washingmachine_dataset/images/washmachine_e58d6668dd/5.jpg"", ""/content/drive/MyDrive/olx_washingmachine_dataset/images/washmachine_e58d6668dd/6.jpg"", ""/content/drive/MyDrive/olx_washingmachine_dataset/images/washmachine_e58d6668dd/7.jpg"", ""/content/drive/MyDrive/olx_washingmachine_dataset/images/washmachine_e58d6668dd/8.jpg""]",8,2025-12-09 06:55:03.590108
washmachine_2333606c53,https://www.olx.in/item/washing-machines-c1615-ifb-front-load-6kg-fully-automatic-in-allwyn-colony-hyderabad-iid-1828721494,IFB Front load 6KG fully automatic,Washing machine 4 yrs old not using as we have 1 more machine - Washing Machines,13000,"[""/content/drive/MyDrive/olx_washingmachine_dataset/images/washmachine_2333606c53/1.jpg"", ""/content/drive/MyDrive/olx_washingmachine_dataset/images/washmachine_2333606c53/2.jpg"", ""/content/drive/MyDrive/olx_washingmachine_dataset/images/washmachine_2333606c53/3.jpg"", ""/content/drive/MyDrive/olx_washingmachine_dataset/images/washmachine_2333606c53/4.jpg"", ""/content/drive/MyDrive/olx_washingmachine_dataset/images/washmachine_2333606c53/5.jpg"", ""/content/drive/MyDrive/olx_washingmachine_dataset/images/washmachine_2333606c53/6.jpg"", ""/content/drive/MyDrive/olx_washingmachine_dataset/images/washmachine_2333606c53/7.jpg"", ""/content/drive/MyDrive/olx_washingmachine_dataset/images/washmachine_2333606c53/8.jpg""]",8,2025-12-09 06:55:52.608780
washmachine_f70ac5d29e,https://www.olx.in/item/washing-machines-c1615-branded-fully-automatic-washing-machine-with-free-delivery-in-indirapuram-ghaziabad-iid-1784173560,Branded Fully Automatic Washing machine with free delivery,"Dhingra Electronic Company We deal used appliance like fridge, Washing machine, ac, microwave etc We also provide free home delivey We never brake customer trust Fixed price shop - Washing Machines",4999,"[""/content/drive/MyDrive/olx_washingmachine_dataset/images/washmachine_f70ac5d29e/1.jpg"", ""/content/drive/MyDrive/olx_washingmachine_dataset/images/washmachine_f70ac5d29e/2.jpg"", ""/content/drive/MyDrive/olx_washingmachine_dataset/images/washmachine_f70ac5d29e/3.jpg"", ""/content/drive/MyDrive/olx_washingmachine_dataset/images/washmachine_f70ac5d29e/4.jpg"", ""/content/drive/MyDrive/olx_washingmachine_dataset/images/washmachine_f70ac5d29e/5.jpg"", ""/content/drive/MyDrive/olx_washingmachine_dataset/images/washmachine_f70ac5d29e/6.jpg"", ""/content/drive/MyDrive/olx_washingmachine_dataset/images/washmachine_f70ac5d29e/7.jpg"", ""/content/drive/MyDrive/olx_washingmachine_dataset/images/washmachine_f70ac5d29e/8.jpg""]",8,2025-12-09 06:56:00.643248
washmachine_0591ab8b97,https://www.olx.in/item/washing-machines-c1615-intex-wasing-machine-only-washing-worked-not-drain-in-asif-nagar-hyderabad-iid-1828721554,Intex wasing machine only washing worked not drain,Good and clean conditions - Washing Machines,3500,"[""/content/drive/MyDrive/olx_washingmachine_dataset/images/washmachine_0591ab8b97/1.jpg"", ""/content/drive/MyDrive/olx_washingmachine_dataset/images/washmachine_0591ab8b97/2.jpg"", ""/content/drive/MyDrive/olx_washingmachine_dataset/images/washmachine_0591ab8b97/3.jpg"", ""/content/drive/MyDrive/olx_washingmachine_dataset/images/washmachine_0591ab8b97/4.jpg"", ""/content/drive/MyDrive/olx_washingmachine_dataset/images/washmachine_0591ab8b97/5.jpg"", ""/content/drive/MyDrive/olx_washingmachine_dataset/images/washmachine_0591ab8b97/6.jpg"", ""/content/drive/MyDrive/olx_washingmachine_dataset/images/washmachine_0591ab8b97/7.jpg"", ""/content/drive/MyDrive/olx_washingmachine_dataset/images/washmachine_0591ab8b97/8.jpg""]",8,2025-12-09 06:56:47.539678
washmachine_6a2413a9f8,https://www.olx.in/item/washing-machines-c1615-lghm12d-red-colour-top-load-fully-automatic-washing-machine-samsung-in-begumpet-secunderabad-iid-1828721502,Lghm12d Red colour top load fully automatic washing machine Samsung,gently used second hand home appliances *Washing machine starting price :~ Top load washing machine Rs:4999 Front load washing machine Rs:7999 Refrigerator starting price :~ Single door refrigerator Rs:5999 Double door refrigerator Rs:7999 ( TERM N CONDITION ) * Free home delivery in Hyderabad with in 24 hour's * Free installation n demo at the delivery • For washing machine: 6th months warranty on compressor 6th months free door step service * We provide brand new accessories for washing machine only outlet pipe • Refrigerator 6th months warranty on compressor * COD available we accept all UPI payment n cash on delivery * We check the product n make sure that its 100% working by our experts * The product will be genuine n in immaculate working condition - Washing Machines,8500,"[""/content/drive/MyDrive/olx_washingmachine_dataset/images/washmachine_6a2413a9f8/1.jpg"", ""/content/drive/MyDrive/olx_washingmachine_dataset/images/washmachine_6a2413a9f8/2.jpg"", ""/content/drive/MyDrive/olx_washingmachine_dataset/images/washmachine_6a2413a9f8/3.jpg"", ""/content/drive/MyDrive/olx_washingmachine_dataset/images/washmachine_6a2413a9f8/4.jpg"", ""/content/drive/MyDrive/olx_washingmachine_dataset/images/washmachine_6a2413a9f8/5.jpg"", ""/content/drive/MyDrive/olx_washingmachine_dataset/images/washmachine_6a2413a9f8/6.jpg"", ""/content/drive/MyDrive/olx_washingmachine_dataset/images/washmachine_6a2413a9f8/7.jpg"", ""/content/drive/MyDrive/olx_washingmachine_dataset/images/washmachine_6a2413a9f8/8.jpg""]",8,2025-12-09 06:56:53.488889
washmachine_41cffb6374,https://www.olx.in/item/washing-machines-c1615-best-combo-offer-whirlpool-fridge-and-samsung-washing-machine-in-kadubeesanahalli-bengaluru-iid-1822534554,Best combo offer whirlpool fridge and samsung washing machine,RentOdeal Our Aim is to give the best and excellent product to our customers and we guarantee it for the product and the service which we provide Multi Brand washing Machine And Refrigerator Available with warranty Top load washing machine starting price @ 4999 Front load washing Machine starting price Rs 6499 Single door refrigerator starting price @4999 Double door refrigerator starting price @ 6499 Brand: LG Capacity: 6.5kg Warranty: one year Accessories: Brand New inlet and outlet pipe free Shipping: Free Installation & Demo will be provided by RentOdeal service engineer at the time of delivery Each and every product is tested by RentOdeal service engineer Same day delivery through out Bangalore - Washing Machines,11999,"[""/content/drive/MyDrive/olx_washingmachine_dataset/images/washmachine_41cffb6374/1.jpg"", ""/content/drive/MyDrive/olx_washingmachine_dataset/images/washmachine_41cffb6374/2.jpg"", ""/content/drive/MyDrive/olx_washingmachine_dataset/images/washmachine_41cffb6374/3.jpg"", ""/content/drive/MyDrive/olx_washingmachine_dataset/images/washmachine_41cffb6374/4.jpg"", ""/content/drive/MyDrive/olx_washingmachine_dataset/images/washmachine_41cffb6374/5.jpg"", ""/content/drive/MyDrive/olx_washingmachine_dataset/images/washmachine_41cffb6374/6.jpg"", ""/content/drive/MyDrive/olx_washingmachine_dataset/images/washmachine_41cffb6374/7.jpg"", ""/content/drive/MyDrive/olx_washingmachine_dataset/images/washmachine_41cffb6374/8.jpg""]",8,2025-12-09 06:56:59.008505
washmachine_72c593c784,https://www.olx.in/item/washing-machines-c1615-top-load-washing-machine-refurbished-product-free-home-delivery-in-austin-town-bengaluru-iid-1827404003,Top load washing machine  refurbished product  free home delivery,"> Visit our website for more options: www .yourchoiz. in Flat ₹500 OFF + Cash on Delivery Use code: NAMMAYOURCHOIZ at www .yourchoiz. in Refurbished Appliances at Best Price – Quality You Can Trust! Looking for affordable home appliances without compromising on quality? Our refurbished refrigerators and washing machines are carefully inspected, fully tested, and restored to perfect working condition by experts. Why Choose Us? Fully tested and repaired if needed Professionally cleaned and sanitized Minor cosmetic marks possible, but 100% functional Environment-friendly and budget-friendly Available Products: Single Door Refrigerator – Starting at just ₹4,999 Double Door Refrigerator – Starting at ₹6,999 Top Load Washing Machine – Starting at ₹4,999 Front Load Washing Machine – Starting at ₹6,999 Warranty: 1 Year Warranty on Motor and Compressor Free delivery available in Bangalore Visit us today and give your home a smart upgrade at a smart price! - Washing Machines",6499,"[""/content/drive/MyDrive/olx_washingmachine_dataset/images/washmachine_72c593c784/1.jpg"", ""/content/drive/MyDrive/olx_washingmachine_dataset/images/washmachine_72c593c784/2.jpg"", ""/content/drive/MyDrive/olx_washingmachine_dataset/images/washmachine_72c593c784/3.jpg"", ""/content/drive/MyDrive/olx_washingmachine_dataset/images/washmachine_72c593c784/4.jpg"", ""/content/drive/MyDrive/olx_washingmachine_dataset/images/washmachine_72c593c784/5.jpg"", ""/content/drive/MyDrive/olx_washingmachine_dataset/images/washmachine_72c593c784/6.jpg"", ""/content/drive/MyDrive/olx_washingmachine_dataset/images/washmachine_72c593c784/7.jpg"", ""/content/drive/MyDrive/olx_washingmachine_dataset/images/washmachine_72c593c784/8.jpg""]",8,2025-12-09 06:57:46.170145
washmachine_20bfa74a4f,https://www.olx.in/item/washing-machines-c1615-samsung-machine-in-tharamani-thanthi-periamagan-chennai-iid-1827623383,Samsung machine,Five star good condition - Washing Machines,5000,"[""/content/drive/MyDrive/olx_washingmachine_dataset/images/washmachine_20bfa74a4f/1.jpg"", ""/content/drive/MyDrive/olx_washingmachine_dataset/images/washmachine_20bfa74a4f/2.jpg"", ""/content/drive/MyDrive/olx_washingmachine_dataset/images/washmachine_20bfa74a4f/3.jpg"", ""/content/drive/MyDrive/olx_washingmachine_dataset/images/washmachine_20bfa74a4f/4.jpg"", ""/content/drive/MyDrive/olx_washingmachine_dataset/images/washmachine_20bfa74a4f/5.jpg"", ""/content/drive/MyDrive/olx_washingmachine_dataset/images/washmachine_20bfa74a4f/6.jpg"", ""/content/drive/MyDrive/olx_washingmachine_dataset/images/washmachine_20bfa74a4f/7.jpg"", ""/content/drive/MyDrive/olx_washingmachine_dataset/images/washmachine_20bfa74a4f/8.jpg"", ""/content/drive/MyDrive/olx_washingmachine_dataset/images/washmachine_20bfa74a4f/9.jpg"", ""/content/drive/MyDrive/olx_washingmachine_dataset/images/washmachine_20bfa74a4f/10.jpg"", ""/content/drive/MyDrive/olx_washingmachine_dataset/images/washmachine_20bfa74a4f/11.jpg"", ""/content/drive/MyDrive/olx_washingmachine_dataset/images/washmachine_20bfa74a4f/12.jpg"", ""/content/drive/MyDrive/olx_washingmachine_dataset/images/washmachine_20bfa74a4f/13.jpg"", ""/content/drive/MyDrive/olx_washingmachine_dataset/images/washmachine_20bfa74a4f/14.jpg""]",14,2025-12-09 06:57:54.650028
washmachine_4bf7310cda,https://www.olx.in/item/washing-machines-c1615-otg-heavy-duty-lifelong-model-2000-2200-watts-with-rostee-feature-in-sector-60-phase-3b2-mohali-iid-1826302210,OTG Heavy Duty Lifelong model 2000. 2200 Watts with Rostee feature.,"OTG Heavy Duty Lifelong model 2000, solid built in working condition. 2200 Watts with Rostee feature, Ideal for baking and Grilling. - Washing Machines",2500,"[""/content/drive/MyDrive/olx_washingmachine_dataset/images/washmachine_4bf7310cda/1.jpg"", ""/content/drive/MyDrive/olx_washingmachine_dataset/images/washmachine_4bf7310cda/2.jpg"", ""/content/drive/MyDrive/olx_washingmachine_dataset/images/washmachine_4bf7310cda/3.jpg"", ""/content/drive/MyDrive/olx_washingmachine_dataset/images/washmachine_4bf7310cda/4.jpg"", ""/content/drive/MyDrive/olx_washingmachine_dataset/images/washmachine_4bf7310cda/5.jpg"", ""/content/drive/MyDrive/olx_washingmachine_dataset/images/washmachine_4bf7310cda/6.jpg"", ""/content/drive/MyDrive/olx_washingmachine_dataset/images/washmachine_4bf7310cda/7.jpg"", ""/content/drive/MyDrive/olx_washingmachine_dataset/images/washmachine_4bf7310cda/8.jpg""]",8,2025-12-09 06:58:00.053141
washmachine_0f32cbdbd4,https://www.olx.in/item/washing-machines-c1615-84-with-100-dryer-lg-front-loadwashing-machine-used-to-ready-to-use-in-hegde-nagar-bengaluru-iid-1827980397,8/4 With 100% Dryer LG Front loadWashing Machine Used To Ready To Use,Used To Ready To Use We are providing same day delivery We are providing warranty also All over bangalore Delevery Cod Available - Washing Machines,11999,"[""/content/drive/MyDrive/olx_washingmachine_dataset/images/washmachine_0f32cbdbd4/1.jpg"", ""/content/drive/MyDrive/olx_washingmachine_dataset/images/washmachine_0f32cbdbd4/2.jpg"", ""/content/drive/MyDrive/olx_washingmachine_dataset/images/washmachine_0f32cbdbd4/3.jpg"", ""/content/drive/MyDrive/olx_washingmachine_dataset/images/washmachine_0f32cbdbd4/4.jpg"", ""/content/drive/MyDrive/olx_washingmachine_dataset/images/washmachine_0f32cbdbd4/5.jpg"", ""/content/drive/MyDrive/olx_washingmachine_dataset/images/washmachine_0f32cbdbd4/6.jpg"", ""/content/drive/MyDrive/olx_washingmachine_dataset/images/washmachine_0f32cbdbd4/7.jpg"", ""/content/drive/MyDrive/olx_washingmachine_dataset/images/washmachine_0f32cbdbd4/8.jpg""]",8,2025-12-09 06:58:05.843111
washmachine_e99c93e436,https://www.olx.in/item/washing-machines-c1615-ifb-elena-sc-65kg-washing-machine-in-good-condition-for-sale-in-pattom-thiruvananthapuram-iid-1825665933,IFB Elena SC 6.5kg washing machine in good condition for sale,NO EMI. PRICE SLIGHTLY NEGOTIABLE. Used washing machine in very good condition with only minor scratches on main body. Spin/dry function not working! All functions working fine. Note transportation and loading/unloading to be done by buyer. - Washing Machines,3000,"[""/content/drive/MyDrive/olx_washingmachine_dataset/images/washmachine_e99c93e436/1.jpg"", ""/content/drive/MyDrive/olx_washingmachine_dataset/images/washmachine_e99c93e436/2.jpg"", ""/content/drive/MyDrive/olx_washingmachine_dataset/images/washmachine_e99c93e436/3.jpg"", ""/content/drive/MyDrive/olx_washingmachine_dataset/images/washmachine_e99c93e436/4.jpg"", ""/content/drive/MyDrive/olx_washingmachine_dataset/images/washmachine_e99c93e436/5.jpg"", ""/content/drive/MyDrive/olx_washingmachine_dataset/images/washmachine_e99c93e436/6.jpg"", ""/content/drive/MyDrive/olx_washingmachine_dataset/images/washmachine_e99c93e436/7.jpg"", ""/content/drive/MyDrive/olx_washingmachine_dataset/images/washmachine_e99c93e436/8.jpg""]",8,2025-12-09 06:58:10.774562
washmachine_157952c556,https://www.olx.in/item/washing-machines-c1615-automatic-washing-machine-whirlpool-company-in-naigaon-east-mumbai-iid-1825862680,Automatic Washing Machine whirlpool company.,"Automatic Washing Machine, whirlpool company, 10 kg ki 360 degree, lastest model hai, one month hua h lee k , condition ache h . Market price is 25000 some thing , Selling price is 20000, - Washing Machines",18000,"[""/content/drive/MyDrive/olx_washingmachine_dataset/images/washmachine_157952c556/1.jpg"", ""/content/drive/MyDrive/olx_washingmachine_dataset/images/washmachine_157952c556/2.jpg"", ""/content/drive/MyDrive/olx_washingmachine_dataset/images/washmachine_157952c556/3.jpg"", ""/content/drive/MyDrive/olx_washingmachine_dataset/images/washmachine_157952c556/4.jpg"", ""/content/drive/MyDrive/olx_washingmachine_dataset/images/washmachine_157952c556/5.jpg"", ""/content/drive/MyDrive/olx_washingmachine_dataset/images/washmachine_157952c556/6.jpg"", ""/content/drive/MyDrive/olx_washingmachine_dataset/images/washmachine_157952c556/7.jpg"", ""/content/drive/MyDrive/olx_washingmachine_dataset/images/washmachine_157952c556/8.jpg""]",8,2025-12-09 06:58:16.412067
washmachine_99fcd03dbf,https://www.olx.in/item/washing-machines-c1615-combo-samsung-fridge-an-lg-front-load-grey-colour-washing-machine-in-aecs-layout-bengaluru-iid-1818738926,Combo Samsung fridge an Lg front load grey colour washing machine,"Hurry up ! Refrigerator an washing machine at only 10k Refrigerator Single door = 4999 Double door = 6999 Washing machine Top load = 4999 Front load = 6999 Our offers 1 year warranty on compressor 1 year warranty on motor 6 months free door step service Free delivery Free Installation Free demo Free inlet pipe Free outlet pipe An when you return the product to us you will get 50% cash back . Branches = kanaka nagar , nagawara main road Please feel free to contact us - Washing Machines",13999,"[""/content/drive/MyDrive/olx_washingmachine_dataset/images/washmachine_99fcd03dbf/1.jpg"", ""/content/drive/MyDrive/olx_washingmachine_dataset/images/washmachine_99fcd03dbf/2.jpg"", ""/content/drive/MyDrive/olx_washingmachine_dataset/images/washmachine_99fcd03dbf/3.jpg"", ""/content/drive/MyDrive/olx_washingmachine_dataset/images/washmachine_99fcd03dbf/4.jpg"", ""/content/drive/MyDrive/olx_washingmachine_dataset/images/washmachine_99fcd03dbf/5.jpg"", ""/content/drive/MyDrive/olx_washingmachine_dataset/images/washmachine_99fcd03dbf/6.jpg"", ""/content/drive/MyDrive/olx_washingmachine_dataset/images/washmachine_99fcd03dbf/7.jpg"", ""/content/drive/MyDrive/olx_washingmachine_dataset/images/washmachine_99fcd03dbf/8.jpg""]",8,2025-12-09 06:58:22.081285
washmachine_a48132f3c6,https://www.olx.in/item/washing-machines-c1615-lg-top-load-washing-machine-62kg-fully-automatic-in-iti-layout-bengaluru-iid-1827497993,LG top load washing machine  6.2kg fully automatic,"> Visit our website for more options: www .yourchoiz. in Flat ₹500 OFF + Cash on Delivery Use code: NAMMAYOURCHOIZ at www .yourchoiz. in Refurbished Appliances at Best Price – Quality You Can Trust! Looking for affordable home appliances without compromising on quality? Our refurbished refrigerators and washing machines are carefully inspected, fully tested, and restored to perfect working condition by experts. Why Choose Us? Fully tested and repaired if needed Professionally cleaned and sanitized Minor cosmetic marks possible, but 100% functional Environment-friendly and budget-friendly Available Products: Single Door Refrigerator – Starting at just ₹4,999 Double Door Refrigerator – Starting at ₹6,999 Top Load Washing Machine – Starting at ₹4,999 Front Load Washing Machine – Starting at ₹6,999 Warranty: 1 Year Warranty on Motor and Compressor Free delivery available in Bangalore Visit us today and give your home a smart upgrade at a smart price! - Washing Machines",6499,"[""/content/drive/MyDrive/olx_washingmachine_dataset/images/washmachine_a48132f3c6/1.jpg"", ""/content/drive/MyDrive/olx_washingmachine_dataset/images/washmachine_a48132f3c6/2.jpg"", ""/content/drive/MyDrive/olx_washingmachine_dataset/images/washmachine_a48132f3c6/3.jpg"", ""/content/drive/MyDrive/olx_washingmachine_dataset/images/washmachine_a48132f3c6/4.jpg"", ""/content/drive/MyDrive/olx_washingmachine_dataset/images/washmachine_a48132f3c6/5.jpg"", ""/content/drive/MyDrive/olx_washingmachine_dataset/images/washmachine_a48132f3c6/6.jpg"", ""/content/drive/MyDrive/olx_washingmachine_dataset/images/washmachine_a48132f3c6/7.jpg"", ""/content/drive/MyDrive/olx_washingmachine_dataset/images/washmachine_a48132f3c6/8.jpg""]",8,2025-12-09 06:58:27.919110
washmachine_28f7421f25,https://www.olx.in/item/washing-machines-c1615-nhcgf45d-samsung-active-wash-top-load-fully-automatic-washing-machine-in-begumpet-secunderabad-iid-1828721514,Nhcgf45d Samsung active wash top load fully automatic washing machine,gently used second hand home appliances *Washing machine starting price :~ Top load washing machine Rs:4999 Front load washing machine Rs:7999 Refrigerator starting price :~ Single door refrigerator Rs:5999 Double door refrigerator Rs:7999 ( TERM N CONDITION ) * Free home delivery in Hyderabad with in 24 hour's * Free installation n demo at the delivery • For washing machine: 6th months warranty on compressor 6th months free door step service * We provide brand new accessories for washing machine only outlet pipe • Refrigerator 6th months warranty on compressor * COD available we accept all UPI payment n cash on delivery * We check the product n make sure that its 100% working by our experts * The product will be genuine n in immaculate working condition - Washing Machines,8000,"[""/content/drive/MyDrive/olx_washingmachine_dataset/images/washmachine_28f7421f25/1.jpg"", ""/content/drive/MyDrive/olx_washingmachine_dataset/images/washmachine_28f7421f25/2.jpg"", ""/content/drive/MyDrive/olx_washingmachine_dataset/images/washmachine_28f7421f25/3.jpg"", ""/content/drive/MyDrive/olx_washingmachine_dataset/images/washmachine_28f7421f25/4.jpg"", ""/content/drive/MyDrive/olx_washingmachine_dataset/images/washmachine_28f7421f25/5.jpg"", ""/content/drive/MyDrive/olx_washingmachine_dataset/images/washmachine_28f7421f25/6.jpg"", ""/content/drive/MyDrive/olx_washingmachine_dataset/images/washmachine_28f7421f25/7.jpg"", ""/content/drive/MyDrive/olx_washingmachine_dataset/images/washmachine_28f7421f25/8.jpg"", ""/content/drive/MyDrive/olx_washingmachine_dataset/images/washmachine_28f7421f25/9.jpg"", ""/content/drive/MyDrive/olx_washingmachine_dataset/images/washmachine_28f7421f25/10.jpg"", ""/content/drive/MyDrive/olx_washingmachine_dataset/images/washmachine_28f7421f25/11.jpg"", ""/content/drive/MyDrive/olx_washingmachine_dataset/images/washmachine_28f7421f25/12.jpg"", ""/content/drive/MyDrive/olx_washingmachine_dataset/images/washmachine_28f7421f25/13.jpg"", ""/content/drive/MyDrive/olx_washingmachine_dataset/images/washmachine_28f7421f25/14.jpg""]",14,2025-12-09 06:58:36.312963
washmachine_dd1cc4633c,https://www.olx.in/item/washing-machines-c1615-combo-offer-buy-washing-machine-amd-fridge-for-12k-in-koduvally-thalassery-iid-1828722007,Combo offer Buy Washing machine amd fridge for 12k,"Top load Fully automatic washing machine with very good condition very less used item for sale. Buy Washing machine for 10k and get fridge for 2k. And if you have 15k? Get fridge,washing machine,grinder all together - Washing Machines",10000,"[""/content/drive/MyDrive/olx_washingmachine_dataset/images/washmachine_dd1cc4633c/1.jpg"", ""/content/drive/MyDrive/olx_washingmachine_dataset/images/washmachine_dd1cc4633c/2.jpg"", ""/content/drive/MyDrive/olx_washingmachine_dataset/images/washmachine_dd1cc4633c/3.jpg"", ""/content/drive/MyDrive/olx_washingmachine_dataset/images/washmachine_dd1cc4633c/4.jpg"", ""/content/drive/MyDrive/olx_washingmachine_dataset/images/washmachine_dd1cc4633c/5.jpg"", ""/content/drive/MyDrive/olx_washingmachine_dataset/images/washmachine_dd1cc4633c/6.jpg"", ""/content/drive/MyDrive/olx_washingmachine_dataset/images/washmachine_dd1cc4633c/7.jpg"", ""/content/drive/MyDrive/olx_washingmachine_dataset/images/washmachine_dd1cc4633c/8.jpg""]",8,2025-12-09 06:58:41.027833
washmachine_9f8c312a11,https://www.olx.in/item/washing-machines-c1615-good-condition-fridge-washing-machine-quick-sale-offer-in-mg-road-bengaluru-iid-1819412097,Good Condition Fridge & Washing Machine – Quick Sale Offer*,"> Visit our website for more options: www .yourchoiz. in Flat ₹500 OFF + Cash on Delivery Use code: NAMMAYOURCHOIZ at www .yourchoiz. in Refurbished Appliances at Best Price – Quality You Can Trust! Looking for affordable home appliances without compromising on quality? Our refurbished refrigerators and washing machines are carefully inspected, fully tested, and restored to perfect working condition by experts. Why Choose Us? Fully tested and repaired if needed Professionally cleaned and sanitized Minor cosmetic marks possible, but 100% functional Environment-friendly and budget-friendly Available Products: Single Door Refrigerator – Starting at just ₹4,999 Double Door Refrigerator – Starting at ₹6,999 Top Load Washing Machine – Starting at ₹4,999 Front Load Washing Machine – Starting at ₹6,999 Warranty: 1 Year Warranty on Motor and Compressor Free delivery available in Bangalore Visit us today and give your home a smart upgrade at a smart price! - Washing Machines",4999,"[""/content/drive/MyDrive/olx_washingmachine_dataset/images/washmachine_9f8c312a11/1.jpg"", ""/content/drive/MyDrive/olx_washingmachine_dataset/images/washmachine_9f8c312a11/2.jpg"", ""/content/drive/MyDrive/olx_washingmachine_dataset/images/washmachine_9f8c312a11/3.jpg"", ""/content/drive/MyDrive/olx_washingmachine_dataset/images/washmachine_9f8c312a11/4.jpg"", ""/content/drive/MyDrive/olx_washingmachine_dataset/images/washmachine_9f8c312a11/5.jpg"", ""/content/drive/MyDrive/olx_washingmachine_dataset/images/washmachine_9f8c312a11/6.jpg"", ""/content/drive/MyDrive/olx_washingmachine_dataset/images/washmachine_9f8c312a11/7.jpg"", ""/content/drive/MyDrive/olx_washingmachine_dataset/images/washmachine_9f8c312a11/8.jpg""]",8,2025-12-09 07:01:44.464948
washmachine_77ba359012,https://www.olx.in/item/washing-machines-c1615-whirlpool-stain-wash-72kg-fully-automatic-washing-machine-top-load-in-bidadi-bengaluru-iid-1818738914,Whirlpool stain wash 7.2kg fully automatic washing machine top load,"Hurry up ! Refrigerator an washing machine at only 10k Refrigerator Single door = 4999 Double door = 6999 Washing machine Top load = 4999 Front load = 6999 Our offers 1 year warranty on compressor 1 year warranty on motor 6 months free door step service Free delivery Free Installation Free demo Free inlet pipe Free outlet pipe An when you return the product to us you will get 50% cash back . Branches = kanaka nagar , nagawara main road Please feel free to contact us - Washing Machines",7499,"[""/content/drive/MyDrive/olx_washingmachine_dataset/images/washmachine_77ba359012/1.jpg"", ""/content/drive/MyDrive/olx_washingmachine_dataset/images/washmachine_77ba359012/2.jpg"", ""/content/drive/MyDrive/olx_washingmachine_dataset/images/washmachine_77ba359012/3.jpg"", ""/content/drive/MyDrive/olx_washingmachine_dataset/images/washmachine_77ba359012/4.jpg"", ""/content/drive/MyDrive/olx_washingmachine_dataset/images/washmachine_77ba359012/5.jpg"", ""/content/drive/MyDrive/olx_washingmachine_dataset/images/washmachine_77ba359012/6.jpg"", ""/content/drive/MyDrive/olx_washingmachine_dataset/images/washmachine_77ba359012/7.jpg"", ""/content/drive/MyDrive/olx_washingmachine_dataset/images/washmachine_77ba359012/8.jpg"", ""/content/drive/MyDrive/olx_washingmachine_dataset/images/washmachine_77ba359012/9.jpg"", ""/content/drive/MyDrive/olx_washingmachine_dataset/images/washmachine_77ba359012/10.jpg"", ""/content/drive/MyDrive/olx_washingmachine_dataset/images/washmachine_77ba359012/11.jpg"", ""/content/drive/MyDrive/olx_washingmachine_dataset/images/washmachine_77ba359012/12.jpg"", ""/content/drive/MyDrive/olx_washingmachine_dataset/images/washmachine_77ba359012/13.jpg"", ""/content/drive/MyDrive/olx_washingmachine_dataset/images/washmachine_77ba359012/14.jpg""]",14,2025-12-09 07:02:35.139734
washmachine_63a150b6de,https://www.olx.in/item/washing-machines-c1615-washing-machine-fridge-all-type-best-quality-with-warranty-also-in-ravet-pune-iid-1759704559,WASHING MACHINE & FRIDGE all type best Quality & with WARRANTY also,"Hi Welcome to Marf Electronics & we are here for you. Photos for sample purpose @ FREE DELIVERY in all Pune & PCMC. Contact for more details We provide 2nd hand washing machine & Fridges for SELL also FURNITURE on RENT 1) single door Fridges st.@ 5501 2)Double door @ 6501 3) Top load Washing machine @ 5501 4) Front load st. 8000 # 12 months warranty on compressor & wash motor 3 months all technical part warranty 5) WE ALSO PROVIDE FURNITURE ITEMS ,Washing machine & Fridges ON RENT for Rent contact for more details Address: Wakad - Washing Machines",5800,"[""/content/drive/MyDrive/olx_washingmachine_dataset/images/washmachine_63a150b6de/1.jpg"", ""/content/drive/MyDrive/olx_washingmachine_dataset/images/washmachine_63a150b6de/2.jpg"", ""/content/drive/MyDrive/olx_washingmachine_dataset/images/washmachine_63a150b6de/3.jpg"", ""/content/drive/MyDrive/olx_washingmachine_dataset/images/washmachine_63a150b6de/4.jpg"", ""/content/drive/MyDrive/olx_washingmachine_dataset/images/washmachine_63a150b6de/5.jpg"", ""/content/drive/MyDrive/olx_washingmachine_dataset/images/washmachine_63a150b6de/6.jpg"", ""/content/drive/MyDrive/olx_washingmachine_dataset/images/washmachine_63a150b6de/7.jpg"", ""/content/drive/MyDrive/olx_washingmachine_dataset/images/washmachine_63a150b6de/8.jpg""]",8,2025-12-09 07:02:41.819107
washmachine_e53878c6d6,https://www.olx.in/item/washing-machines-c1615-washing-machine-on-rent-fridge-on-rent-in-viman-nagar-in-viman-nagar-road-pune-iid-1822697168,Washing machine on Rent & FRIDGE on Rent in Viman Nagar.,"Hello Welcome to Marf Electronic Follow me on Instagram ID: marfelectronic Contact for more details, Call or WhatsApp me We are providing FRIDGE, WASHING MACHINE, BED, SOFA & WARDROBE on Rental basis. Available items on Rental basis Single door 190 litre Double door fridge 240 litre Top load Washing machine 6.12 kg Front load Washing machine 6 kg Wardrobe 2*6 & 3* 6 Bed Queen size 5*6 Sofa 3 & 3+1+1 available Sofa centre table available Shoe Rack - Washing Machines",499,"[""/content/drive/MyDrive/olx_washingmachine_dataset/images/washmachine_e53878c6d6/1.jpg"", ""/content/drive/MyDrive/olx_washingmachine_dataset/images/washmachine_e53878c6d6/2.jpg"", ""/content/drive/MyDrive/olx_washingmachine_dataset/images/washmachine_e53878c6d6/3.jpg"", ""/content/drive/MyDrive/olx_washingmachine_dataset/images/washmachine_e53878c6d6/4.jpg"", ""/content/drive/MyDrive/olx_washingmachine_dataset/images/washmachine_e53878c6d6/5.jpg"", ""/content/drive/MyDrive/olx_washingmachine_dataset/images/washmachine_e53878c6d6/6.jpg"", ""/content/drive/MyDrive/olx_washingmachine_dataset/images/washmachine_e53878c6d6/7.jpg"", ""/content/drive/MyDrive/olx_washingmachine_dataset/images/washmachine_e53878c6d6/8.jpg""]",8,2025-12-09 07:02:46.801979
washmachine_a99c5dad79,https://www.olx.in/item/washing-machines-c1615-full-good-condition-lg-washing-in-swaraj-nagari-talegaon-dabhade-iid-1828720098,Full good condition LG washing,LG washing machine - Washing Machines,4500,"[""/content/drive/MyDrive/olx_washingmachine_dataset/images/washmachine_a99c5dad79/1.jpg"", ""/content/drive/MyDrive/olx_washingmachine_dataset/images/washmachine_a99c5dad79/2.jpg"", ""/content/drive/MyDrive/olx_washingmachine_dataset/images/washmachine_a99c5dad79/3.jpg"", ""/content/drive/MyDrive/olx_washingmachine_dataset/images/washmachine_a99c5dad79/4.jpg"", ""/content/drive/MyDrive/olx_washingmachine_dataset/images/washmachine_a99c5dad79/5.jpg"", ""/content/drive/MyDrive/olx_washingmachine_dataset/images/washmachine_a99c5dad79/6.jpg"", ""/content/drive/MyDrive/olx_washingmachine_dataset/images/washmachine_a99c5dad79/7.jpg"", ""/content/drive/MyDrive/olx_washingmachine_dataset/images/washmachine_a99c5dad79/8.jpg""]",8,2025-12-09 07:03:36.307752
washmachine_ee9ca67ba0,https://www.olx.in/item/washing-machines-c1615-samsung-air-turbo-easy-to-use-top-load-fully-automatic-washing-machine-in-gachibowli-hyderabad-iid-1828721092,Samsung air turbo Easy to Use top load fully automatic washing machine,gently used second hand home appliances *Washing machine starting price :~ Top load washing machine Rs:4999 Front load washing machine Rs:7999 Refrigerator starting price :~ Single door refrigerator Rs:5999 Double door refrigerator Rs:7999 ( TERM N CONDITION ) * Free home delivery in Hyderabad with in 24 hour's * Free installation n demo at the delivery • For washing machine: 6th months warranty on compressor 6th months free door step service * We provide brand new accessories for washing machine only outlet pipe • Refrigerator 6th months warranty on compressor * COD available we accept all UPI payment n cash on delivery * We check the product n make sure that its 100% working by our experts * The product will be genuine n in immaculate working condition - Washing Machines,6200,"[""/content/drive/MyDrive/olx_washingmachine_dataset/images/washmachine_ee9ca67ba0/1.jpg"", ""/content/drive/MyDrive/olx_washingmachine_dataset/images/washmachine_ee9ca67ba0/2.jpg"", ""/content/drive/MyDrive/olx_washingmachine_dataset/images/washmachine_ee9ca67ba0/3.jpg"", ""/content/drive/MyDrive/olx_washingmachine_dataset/images/washmachine_ee9ca67ba0/4.jpg"", ""/content/drive/MyDrive/olx_washingmachine_dataset/images/washmachine_ee9ca67ba0/5.jpg"", ""/content/drive/MyDrive/olx_washingmachine_dataset/images/washmachine_ee9ca67ba0/6.jpg"", ""/content/drive/MyDrive/olx_washingmachine_dataset/images/washmachine_ee9ca67ba0/7.jpg"", ""/content/drive/MyDrive/olx_washingmachine_dataset/images/washmachine_ee9ca67ba0/8.jpg""]",8,2025-12-09 07:04:23.362787
washmachine_31257da54a,https://www.olx.in/item/washing-machines-c1615-washing-machine-fridges-furni-ture-items-on-rental-basis-bed-in-mahalunge-pune-iid-1759702502,"WASHING MACHINE, FRIDGES & FURNI    TURE items on RENTAL basis. Bed","Hi We are here for you from Marf electronics Photos for sample purpose @ FREE maintaince in all Pune & PCMC Contact for more details We provide 2nd hand washing machine & Fridges for Rent n sell also FURNITURE on RENT 1] 500 for Single door Fridge pr month 2] 500 for FULLY AUTOMATIC washing machine 3] 700 for double door per month 4] 600 for Queen size bed 5] 500 for Wardrobe single door Fridges st.@ 6500 Double door @ 8500 Top load Washing machine @ 7000 Front load st. 8500 #1 year warranty on compressor & motor 3 months all technical part warranty WE ALSO PROVIDE FURNITURE ITEMS ,Washing machine & Fridges ON RENT for Rent contact for more details - Washing Machines",500,"[""/content/drive/MyDrive/olx_washingmachine_dataset/images/washmachine_31257da54a/1.jpg"", ""/content/drive/MyDrive/olx_washingmachine_dataset/images/washmachine_31257da54a/2.jpg"", ""/content/drive/MyDrive/olx_washingmachine_dataset/images/washmachine_31257da54a/3.jpg"", ""/content/drive/MyDrive/olx_washingmachine_dataset/images/washmachine_31257da54a/4.jpg"", ""/content/drive/MyDrive/olx_washingmachine_dataset/images/washmachine_31257da54a/5.jpg"", ""/content/drive/MyDrive/olx_washingmachine_dataset/images/washmachine_31257da54a/6.jpg"", ""/content/drive/MyDrive/olx_washingmachine_dataset/images/washmachine_31257da54a/7.jpg"", ""/content/drive/MyDrive/olx_washingmachine_dataset/images/washmachine_31257da54a/8.jpg""]",8,2025-12-09 07:04:31.739257
washmachine_c2549e28de,https://www.olx.in/item/washing-machines-c1615-samsung-diamond-drum-62kg-suprb-working-condition-fully-automatic-wm-in-manikonda-hyderabad-iid-1828721158,Samsung diamond drum 6.2kg suprb working condition fully automatic W/M,gently used second hand home appliances *Washing machine starting price :~ Top load washing machine Rs:4999 Front load washing machine Rs:7999 Refrigerator starting price :~ Single door refrigerator Rs:5999 Double door refrigerator Rs:7999 ( TERM N CONDITION ) * Free home delivery in Hyderabad with in 24 hour's * Free installation n demo at the delivery • For washing machine: 6th months warranty on compressor 6th months free door step service * We provide brand new accessories for washing machine only outlet pipe • Refrigerator 6th months warranty on compressor * COD available we accept all UPI payment n cash on delivery * We check the product n make sure that its 100% working by our experts * The product will be genuine n in immaculate working condition - Washing Machines,6500,"[""/content/drive/MyDrive/olx_washingmachine_dataset/images/washmachine_c2549e28de/1.jpg"", ""/content/drive/MyDrive/olx_washingmachine_dataset/images/washmachine_c2549e28de/2.jpg"", ""/content/drive/MyDrive/olx_washingmachine_dataset/images/washmachine_c2549e28de/3.jpg"", ""/content/drive/MyDrive/olx_washingmachine_dataset/images/washmachine_c2549e28de/4.jpg"", ""/content/drive/MyDrive/olx_washingmachine_dataset/images/washmachine_c2549e28de/5.jpg"", ""/content/drive/MyDrive/olx_washingmachine_dataset/images/washmachine_c2549e28de/6.jpg"", ""/content/drive/MyDrive/olx_washingmachine_dataset/images/washmachine_c2549e28de/7.jpg"", ""/content/drive/MyDrive/olx_washingmachine_dataset/images/washmachine_c2549e28de/8.jpg"", ""/content/drive/MyDrive/olx_washingmachine_dataset/images/washmachine_c2549e28de/9.jpg"", ""/content/drive/MyDrive/olx_washingmachine_dataset/images/washmachine_c2549e28de/10.jpg"", ""/content/drive/MyDrive/olx_washingmachine_dataset/images/washmachine_c2549e28de/11.jpg"", ""/content/drive/MyDrive/olx_washingmachine_dataset/images/washmachine_c2549e28de/12.jpg"", ""/content/drive/MyDrive/olx_washingmachine_dataset/images/washmachine_c2549e28de/13.jpg"", ""/content/drive/MyDrive/olx_washingmachine_dataset/images/washmachine_c2549e28de/14.jpg""]",14,2025-12-09 07:06:47.553809
washmachine_2b00945a7a,https://www.olx.in/item/washing-machines-c1615-washing-machine-whirlpool-65kg-in-birati-kolkata-iid-1826707101,Washing machine whirlpool 6.5kg,It’s totally fine - Washing Machines,5000,"[""/content/drive/MyDrive/olx_washingmachine_dataset/images/washmachine_2b00945a7a/1.jpg"", ""/content/drive/MyDrive/olx_washingmachine_dataset/images/washmachine_2b00945a7a/2.jpg"", ""/content/drive/MyDrive/olx_washingmachine_dataset/images/washmachine_2b00945a7a/3.jpg"", ""/content/drive/MyDrive/olx_washingmachine_dataset/images/washmachine_2b00945a7a/4.jpg"", ""/content/drive/MyDrive/olx_washingmachine_dataset/images/washmachine_2b00945a7a/5.jpg"", ""/content/drive/MyDrive/olx_washingmachine_dataset/images/washmachine_2b00945a7a/6.jpg"", ""/content/drive/MyDrive/olx_washingmachine_dataset/images/washmachine_2b00945a7a/7.jpg"", ""/content/drive/MyDrive/olx_washingmachine_dataset/images/washmachine_2b00945a7a/8.jpg""]",8,2025-12-09 07:06:54.490145
washmachine_2b5f91576c,https://www.olx.in/item/washing-machines-c1615-best-lg-samsungs-4-5-star-fridge-washing-machine-warranty-in-koregaon-park-pune-iid-1759939440,"best LG & Samsung's  4 - 5 star FRIDGE , WASHING MACHINE # WARRANTY+","Hi Welcome to Marf electronics Photos for sample purpose @ FREE DELIVERY in all Pune & PCMC CONTACT FOR MORE DETAILS We provide 2nd hand washing machine & Fridges for SELL ## Also FURNITURE on RENT 1) Single door Fridges st.@ 6002 2)Double door @ 6500 3) Top load Washing machine @ 6003 4) Front load st. 8000 # 6 months warranty on compressor & motor 3 months all technical part warranty 5) WE ALSO PROVIDE FURNITURE ITEMS ,Washing machine & Fridges ON RENT For Rent contact for more details: (i) For Combo Fridge n Washing machine 1000 per month [ Deposit 3000 , transportation 500 ] ii) 500 For Single door Fridge [ 1500 Deposit & 500 transportation chages ] ii) 500 for Automatic Washing machine [ 1500 Deposit, 500 transportation charge ] iii) Queen size bed 600 per month iv) Wardrobe 500 per month & many more things on RENT Address:Wakad - Washing Machines",6100,"[""/content/drive/MyDrive/olx_washingmachine_dataset/images/washmachine_2b5f91576c/1.jpg"", ""/content/drive/MyDrive/olx_washingmachine_dataset/images/washmachine_2b5f91576c/2.jpg"", ""/content/drive/MyDrive/olx_washingmachine_dataset/images/washmachine_2b5f91576c/3.jpg"", ""/content/drive/MyDrive/olx_washingmachine_dataset/images/washmachine_2b5f91576c/4.jpg"", ""/content/drive/MyDrive/olx_washingmachine_dataset/images/washmachine_2b5f91576c/5.jpg"", ""/content/drive/MyDrive/olx_washingmachine_dataset/images/washmachine_2b5f91576c/6.jpg"", ""/content/drive/MyDrive/olx_washingmachine_dataset/images/washmachine_2b5f91576c/7.jpg"", ""/content/drive/MyDrive/olx_washingmachine_dataset/images/washmachine_2b5f91576c/8.jpg""]",8,2025-12-09 07:08:25.601840
washmachine_203bbf5a64,https://www.olx.in/item/washing-machines-c1615-samsung-230ltrs-sd-ref-and-videocon-topload-fully-automatic-wm-in-doddakannalli-bengaluru-iid-1798120895,¥€$¥SAMSUNG 230ltrs S/D REF AND VIDEOCON TOPLOAD FULLY AUTOMATIC W/M,Visit to our store SARJAPURA MAIN ROAD @KASAVANAHALLI Get-electronics Washing machines and fridges available with free shipping Top load starting price is 6000 Front load starting price is 8000 Single door starting price is 6000 Double door starting price is 8000 Combo offer Top load washing machine and single door fridge is 12000 Top load washing machine and double door refrigerator starting price is 6000 Front load washing machine and single door fridge starting price is 15000 Front load washing machine and double door refrigerator starting price is 6000 Warranty One year warranty on motor for washing machines with 6 months free service @ your door step One year warranty on compressor for refrigerator with 6 months free service @ your door step Delivery: free home delivery @ your door step Get electronic's - Washing Machines,14499,"[""/content/drive/MyDrive/olx_washingmachine_dataset/images/washmachine_203bbf5a64/1.jpg"", ""/content/drive/MyDrive/olx_washingmachine_dataset/images/washmachine_203bbf5a64/2.jpg"", ""/content/drive/MyDrive/olx_washingmachine_dataset/images/washmachine_203bbf5a64/3.jpg"", ""/content/drive/MyDrive/olx_washingmachine_dataset/images/washmachine_203bbf5a64/4.jpg"", ""/content/drive/MyDrive/olx_washingmachine_dataset/images/washmachine_203bbf5a64/5.jpg"", ""/content/drive/MyDrive/olx_washingmachine_dataset/images/washmachine_203bbf5a64/6.jpg"", ""/content/drive/MyDrive/olx_washingmachine_dataset/images/washmachine_203bbf5a64/7.jpg"", ""/content/drive/MyDrive/olx_washingmachine_dataset/images/washmachine_203bbf5a64/8.jpg"", ""/content/drive/MyDrive/olx_washingmachine_dataset/images/washmachine_203bbf5a64/9.jpg"", ""/content/drive/MyDrive/olx_washingmachine_dataset/images/washmachine_203bbf5a64/10.jpg"", ""/content/drive/MyDrive/olx_washingmachine_dataset/images/washmachine_203bbf5a64/11.jpg"", ""/content/drive/MyDrive/olx_washingmachine_dataset/images/washmachine_203bbf5a64/12.jpg"", ""/content/drive/MyDrive/olx_washingmachine_dataset/images/washmachine_203bbf5a64/13.jpg"", ""/content/drive/MyDrive/olx_washingmachine_dataset/images/washmachine_203bbf5a64/14.jpg""]",14,2025-12-09 07:08:35.236604
washmachine_4bc7a0ca38,https://www.olx.in/item/washing-machines-c1615-lg-semi-automatic-62-kg-in-old-washermanpet-seven-wells-chennai-iid-1825005075,LG semi automatic 6.2 kg,"Washing and dryer good condition, No damages, without washing top door, 6 months wash and spin motors warranty. - Washing Machines",3500,"[""/content/drive/MyDrive/olx_washingmachine_dataset/images/washmachine_4bc7a0ca38/1.jpg"", ""/content/drive/MyDrive/olx_washingmachine_dataset/images/washmachine_4bc7a0ca38/2.jpg"", ""/content/drive/MyDrive/olx_washingmachine_dataset/images/washmachine_4bc7a0ca38/3.jpg"", ""/content/drive/MyDrive/olx_washingmachine_dataset/images/washmachine_4bc7a0ca38/4.jpg"", ""/content/drive/MyDrive/olx_washingmachine_dataset/images/washmachine_4bc7a0ca38/5.jpg"", ""/content/drive/MyDrive/olx_washingmachine_dataset/images/washmachine_4bc7a0ca38/6.jpg"", ""/content/drive/MyDrive/olx_washingmachine_dataset/images/washmachine_4bc7a0ca38/7.jpg"", ""/content/drive/MyDrive/olx_washingmachine_dataset/images/washmachine_4bc7a0ca38/8.jpg""]",8,2025-12-09 07:08:41.110730
washmachine_5d5c69a9c1,https://www.olx.in/item/washing-machines-c1615-new-samsung-ecobubble8-kg-5star-inverter-top-load-washing-machine-in-khunipur-gorakhpur-iid-1828719805,New Samsung Ecobubble.8 kg 5star inverter top load washing machine,"Samsung Ecobubble.8 kg 5star inverter top load washing machine केवल 3 महीना use की हुई, वारंटी के अंदर है, बेहतरीन मशीन साफ सुथरी कोई स्क्रेच नहीं. New बहुत कम use की हुई - Washing Machines",19500,"[""/content/drive/MyDrive/olx_washingmachine_dataset/images/washmachine_5d5c69a9c1/1.jpg"", ""/content/drive/MyDrive/olx_washingmachine_dataset/images/washmachine_5d5c69a9c1/2.jpg"", ""/content/drive/MyDrive/olx_washingmachine_dataset/images/washmachine_5d5c69a9c1/3.jpg"", ""/content/drive/MyDrive/olx_washingmachine_dataset/images/washmachine_5d5c69a9c1/4.jpg"", ""/content/drive/MyDrive/olx_washingmachine_dataset/images/washmachine_5d5c69a9c1/5.jpg"", ""/content/drive/MyDrive/olx_washingmachine_dataset/images/washmachine_5d5c69a9c1/6.jpg"", ""/content/drive/MyDrive/olx_washingmachine_dataset/images/washmachine_5d5c69a9c1/7.jpg"", ""/content/drive/MyDrive/olx_washingmachine_dataset/images/washmachine_5d5c69a9c1/8.jpg""]",8,2025-12-09 07:08:49.265304
washmachine_b9e2f8bd4c,https://www.olx.in/item/washing-machines-c1615-lgh02d-lg-smart-inverter-very-good-working-condition-fully-automatic-in-kondapur-hyderabad-iid-1828721254,Lgh02d LG smart inverter very good working condition fully automatic,gently used second hand home appliances *Washing machine starting price :~ Top load washing machine Rs:4999 Front load washing machine Rs:7999 Refrigerator starting price :~ Single door refrigerator Rs:5999 Double door refrigerator Rs:7999 ( TERM N CONDITION ) * Free home delivery in Hyderabad with in 24 hour's * Free installation n demo at the delivery • For washing machine: 6th months warranty on compressor 6th months free door step service * We provide brand new accessories for washing machine only outlet pipe • Refrigerator 6th months warranty on compressor * COD available we accept all UPI payment n cash on delivery * We check the product n make sure that its 100% working by our experts * The product will be genuine n in immaculate working condition - Washing Machines,8000,"[""/content/drive/MyDrive/olx_washingmachine_dataset/images/washmachine_b9e2f8bd4c/1.jpg"", ""/content/drive/MyDrive/olx_washingmachine_dataset/images/washmachine_b9e2f8bd4c/2.jpg"", ""/content/drive/MyDrive/olx_washingmachine_dataset/images/washmachine_b9e2f8bd4c/3.jpg"", ""/content/drive/MyDrive/olx_washingmachine_dataset/images/washmachine_b9e2f8bd4c/4.jpg"", ""/content/drive/MyDrive/olx_washingmachine_dataset/images/washmachine_b9e2f8bd4c/5.jpg"", ""/content/drive/MyDrive/olx_washingmachine_dataset/images/washmachine_b9e2f8bd4c/6.jpg"", ""/content/drive/MyDrive/olx_washingmachine_dataset/images/washmachine_b9e2f8bd4c/7.jpg"", ""/content/drive/MyDrive/olx_washingmachine_dataset/images/washmachine_b9e2f8bd4c/8.jpg""]",8,2025-12-09 07:08:56.345505
washmachine_7aedd2593e,https://www.olx.in/item/washing-machines-c1615-bosch-front-load-washing-machine-not-working-door-jam-issue-in-laggere-road-bengaluru-iid-1827198692,Bosch Front Load Washing Machine – Not Working (Door Jam Issue),"Selling my Bosch front load washing machine. The machine is in overall good condition but the door is jammed, so it needs repair. Not interested in repairing it, selling as-is. Brand: Bosch Type: Front Load Condition: Not working (door jam) All other parts in original condition No major dents or rust Good for technicians, repair shops, or spare parts - Washing Machines",9000,"[""/content/drive/MyDrive/olx_washingmachine_dataset/images/washmachine_7aedd2593e/1.jpg"", ""/content/drive/MyDrive/olx_washingmachine_dataset/images/washmachine_7aedd2593e/2.jpg"", ""/content/drive/MyDrive/olx_washingmachine_dataset/images/washmachine_7aedd2593e/3.jpg"", ""/content/drive/MyDrive/olx_washingmachine_dataset/images/washmachine_7aedd2593e/4.jpg"", ""/content/drive/MyDrive/olx_washingmachine_dataset/images/washmachine_7aedd2593e/5.jpg"", ""/content/drive/MyDrive/olx_washingmachine_dataset/images/washmachine_7aedd2593e/6.jpg"", ""/content/drive/MyDrive/olx_washingmachine_dataset/images/washmachine_7aedd2593e/7.jpg"", ""/content/drive/MyDrive/olx_washingmachine_dataset/images/washmachine_7aedd2593e/8.jpg""]",8,2025-12-09 07:09:06.176291
washmachine_5424097648,https://www.olx.in/item/washing-machines-c1615-panasonic-washing-machine-used-in-khairatabad-hyderabad-iid-1828719526,Panasonic Washing machine used,Selling used Washing machine good condition and running. *Dry machine not working* Cloth washing machine good working. All body good condition - Washing Machines,3200,"[""/content/drive/MyDrive/olx_washingmachine_dataset/images/washmachine_5424097648/1.jpg"", ""/content/drive/MyDrive/olx_washingmachine_dataset/images/washmachine_5424097648/2.jpg"", ""/content/drive/MyDrive/olx_washingmachine_dataset/images/washmachine_5424097648/3.jpg"", ""/content/drive/MyDrive/olx_washingmachine_dataset/images/washmachine_5424097648/4.jpg"", ""/content/drive/MyDrive/olx_washingmachine_dataset/images/washmachine_5424097648/5.jpg"", ""/content/drive/MyDrive/olx_washingmachine_dataset/images/washmachine_5424097648/6.jpg"", ""/content/drive/MyDrive/olx_washingmachine_dataset/images/washmachine_5424097648/7.jpg"", ""/content/drive/MyDrive/olx_washingmachine_dataset/images/washmachine_5424097648/8.jpg""]",8,2025-12-09 07:09:11.730031
washmachine_e062dfeea1,https://www.olx.in/item/washing-machines-c1615-lgh01d-samsung-active-wash-lite-green-top-load-fully-automatic-wm-in-tellapur-hyderabad-iid-1828721314,Lgh01d Samsung active wash lite green top load fully automatic W/M,gently used second hand home appliances *Washing machine starting price :~ Top load washing machine Rs:4999 Front load washing machine Rs:7999 Refrigerator starting price :~ Single door refrigerator Rs:5999 Double door refrigerator Rs:7999 ( TERM N CONDITION ) * Free home delivery in Hyderabad with in 24 hour's * Free installation n demo at the delivery • For washing machine: 6th months warranty on compressor 6th months free door step service * We provide brand new accessories for washing machine only outlet pipe • Refrigerator 6th months warranty on compressor * COD available we accept all UPI payment n cash on delivery * We check the product n make sure that its 100% working by our experts * The product will be genuine n in immaculate working condition - Washing Machines,7000,"[""/content/drive/MyDrive/olx_washingmachine_dataset/images/washmachine_e062dfeea1/1.jpg"", ""/content/drive/MyDrive/olx_washingmachine_dataset/images/washmachine_e062dfeea1/2.jpg"", ""/content/drive/MyDrive/olx_washingmachine_dataset/images/washmachine_e062dfeea1/3.jpg"", ""/content/drive/MyDrive/olx_washingmachine_dataset/images/washmachine_e062dfeea1/4.jpg"", ""/content/drive/MyDrive/olx_washingmachine_dataset/images/washmachine_e062dfeea1/5.jpg"", ""/content/drive/MyDrive/olx_washingmachine_dataset/images/washmachine_e062dfeea1/6.jpg"", ""/content/drive/MyDrive/olx_washingmachine_dataset/images/washmachine_e062dfeea1/7.jpg"", ""/content/drive/MyDrive/olx_washingmachine_dataset/images/washmachine_e062dfeea1/8.jpg""]",8,2025-12-09 07:09:58.673389
washmachine_4d5f77c791,https://www.olx.in/item/washing-machines-c1615-5-star-semi-automatic-washing-machine-in-kannamwar-nagar-mumbai-iid-1828720463,5 star semi automatic washing machine,"6.5kg semi automatic washing, Tata croma only 4-5 months old in warranty like new. - Washing Machines",6500,"[""/content/drive/MyDrive/olx_washingmachine_dataset/images/washmachine_4d5f77c791/1.jpg"", ""/content/drive/MyDrive/olx_washingmachine_dataset/images/washmachine_4d5f77c791/2.jpg"", ""/content/drive/MyDrive/olx_washingmachine_dataset/images/washmachine_4d5f77c791/3.jpg"", ""/content/drive/MyDrive/olx_washingmachine_dataset/images/washmachine_4d5f77c791/4.jpg"", ""/content/drive/MyDrive/olx_washingmachine_dataset/images/washmachine_4d5f77c791/5.jpg"", ""/content/drive/MyDrive/olx_washingmachine_dataset/images/washmachine_4d5f77c791/6.jpg"", ""/content/drive/MyDrive/olx_washingmachine_dataset/images/washmachine_4d5f77c791/7.jpg"", ""/content/drive/MyDrive/olx_washingmachine_dataset/images/washmachine_4d5f77c791/8.jpg""]",8,2025-12-09 07:10:46.544285
washmachine_cff3058e82,https://www.olx.in/item/washing-machines-c1615-fully-automatic-and-semi-automatic-washing-machine-available-in-sector-137-noida-iid-1774266951,Fully automatic and semi automatic washing machine available,Good condition used washing machines available for sale. One year Warranty. Door step delivery and installation charges extra. Inlet outlet pipes free. - Washing Machines,4850,"[""/content/drive/MyDrive/olx_washingmachine_dataset/images/washmachine_cff3058e82/1.jpg"", ""/content/drive/MyDrive/olx_washingmachine_dataset/images/washmachine_cff3058e82/2.jpg"", ""/content/drive/MyDrive/olx_washingmachine_dataset/images/washmachine_cff3058e82/3.jpg"", ""/content/drive/MyDrive/olx_washingmachine_dataset/images/washmachine_cff3058e82/4.jpg"", ""/content/drive/MyDrive/olx_washingmachine_dataset/images/washmachine_cff3058e82/5.jpg"", ""/content/drive/MyDrive/olx_washingmachine_dataset/images/washmachine_cff3058e82/6.jpg"", ""/content/drive/MyDrive/olx_washingmachine_dataset/images/washmachine_cff3058e82/7.jpg"", ""/content/drive/MyDrive/olx_washingmachine_dataset/images/washmachine_cff3058e82/8.jpg""]",8,2025-12-09 07:11:35.540452
washmachine_88cc41288b,https://www.olx.in/item/washing-machines-c1615-hot-deal-6-month-warranty-affordable-price-best-quality-in-powai-mumbai-iid-1819242882,HOT DEAL  {6 MONTH WARRANTY} [AFFORDABLE PRICE] BEST QUALITY,"SUPER QUALITY PRODUCTS AVAILABLE.. BEST SERVICE PROVIDER IN MUMBAI AND NAVI MUMBAI... LOW COST... WASHING MACHINE AC AND FRIDGE AVAILABLE... COOL DEAL MUMBAI •)Your Affordable Appliance Partner in Mumbai BUY RENT EXCHANGE – Fridge, Washing Machine & AC Available WHAT WE OFFER •) Fridges – Single & Double Door •)Washing Machines – Fully Automatic, Top Load •)ACs – Split & Window ALL PRODUCTS COME WITH (6__ MONTHS WARRANTY) Hardly Used Best Condition Branded Appliances PRICE RANGE •) Fridge – ₹6,500 to ₹8,500 •) Washing Machine – ₹6,500 to ₹7,500 •)Split AC – Starting ₹13,500 •) Window AC – Starting ₹11,500 WHY CHOOSE US? •) 1 Year Compressor Warranty (Fridge) •)1 Year Motor Warranty (Washing Machine) •) 6 Months Warranty on All Parts •)Free 1.5 Meter Pipe & Installation (Washing Machine) •)Available for Rent (Terms & Conditions Apply) CALL OR WHATSAPP NOW •) Product Photos, Prices & Details Sent Instantly on WhatsApp Visit Us At: *Krishna CHS limited,* Shop No-01, *Near sai lila Garden* , Opp- Punjab national bank , near patel terrace, _Pump house Andheri East,_ Mumbai (400093) ( Timings: 10:00 AM to 10:00 PM – Open Daily). - Washing Machines",6500,"[""/content/drive/MyDrive/olx_washingmachine_dataset/images/washmachine_88cc41288b/1.jpg"", ""/content/drive/MyDrive/olx_washingmachine_dataset/images/washmachine_88cc41288b/2.jpg"", ""/content/drive/MyDrive/olx_washingmachine_dataset/images/washmachine_88cc41288b/3.jpg"", ""/content/drive/MyDrive/olx_washingmachine_dataset/images/washmachine_88cc41288b/4.jpg"", ""/content/drive/MyDrive/olx_washingmachine_dataset/images/washmachine_88cc41288b/5.jpg"", ""/content/drive/MyDrive/olx_washingmachine_dataset/images/washmachine_88cc41288b/6.jpg"", ""/content/drive/MyDrive/olx_washingmachine_dataset/images/washmachine_88cc41288b/7.jpg"", ""/content/drive/MyDrive/olx_washingmachine_dataset/images/washmachine_88cc41288b/8.jpg"", ""/content/drive/MyDrive/olx_washingmachine_dataset/images/washmachine_88cc41288b/9.jpg"", ""/content/drive/MyDrive/olx_washingmachine_dataset/images/washmachine_88cc41288b/10.jpg""]",10,2025-12-09 07:11:46.613212
washmachine_1c5bae2e06,https://www.olx.in/item/washing-machines-c1615-washing-machine-fridge-on-rent-in-bavdhan-pune-iid-1818806852,WASHING MACHINE & FRIDGE on Rent ..,"Hello Contact for More details, Call or WhatsApp me your requirement. Welcome to Marf Electronics. We are providing best service in this Category Photos for sample purpose @ FREE maintaince in all Pune & PCMC We provide used washing machine & Fridges for Rent ## Also FURNITURE on RENT 1] 499 for Single door Fridge pr month 2] 500 for FULLY AUTOMATIC washing machine 3] 700 for double door per month 4] 600 for Queen size bed 5] 500 for Wardrobe ## WE ALSO PROVIDE FURNITURE ITEMS ,Washing machine & Fridges ON RENT for Rent contact for more details - Washing Machines",999,"[""/content/drive/MyDrive/olx_washingmachine_dataset/images/washmachine_1c5bae2e06/1.jpg"", ""/content/drive/MyDrive/olx_washingmachine_dataset/images/washmachine_1c5bae2e06/2.jpg"", ""/content/drive/MyDrive/olx_washingmachine_dataset/images/washmachine_1c5bae2e06/3.jpg"", ""/content/drive/MyDrive/olx_washingmachine_dataset/images/washmachine_1c5bae2e06/4.jpg"", ""/content/drive/MyDrive/olx_washingmachine_dataset/images/washmachine_1c5bae2e06/5.jpg"", ""/content/drive/MyDrive/olx_washingmachine_dataset/images/washmachine_1c5bae2e06/6.jpg"", ""/content/drive/MyDrive/olx_washingmachine_dataset/images/washmachine_1c5bae2e06/7.jpg"", ""/content/drive/MyDrive/olx_washingmachine_dataset/images/washmachine_1c5bae2e06/8.jpg""]",8,2025-12-09 07:11:51.488570
washmachine_025ec8e7e4,https://www.olx.in/item/washing-machines-c1615-new-washing-machine-semi-automatic-in-om-vihar-delhi-iid-1768616329,New Washing machine Semi Automatic,New LG Washing machine semi Automatic new packed 8 kg sealed packed washing machine - Washing Machines,13500,"[""/content/drive/MyDrive/olx_washingmachine_dataset/images/washmachine_025ec8e7e4/1.jpg"", ""/content/drive/MyDrive/olx_washingmachine_dataset/images/washmachine_025ec8e7e4/2.jpg"", ""/content/drive/MyDrive/olx_washingmachine_dataset/images/washmachine_025ec8e7e4/3.jpg"", ""/content/drive/MyDrive/olx_washingmachine_dataset/images/washmachine_025ec8e7e4/4.jpg"", ""/content/drive/MyDrive/olx_washingmachine_dataset/images/washmachine_025ec8e7e4/5.jpg"", ""/content/drive/MyDrive/olx_washingmachine_dataset/images/washmachine_025ec8e7e4/6.jpg"", ""/content/drive/MyDrive/olx_washingmachine_dataset/images/washmachine_025ec8e7e4/7.jpg"", ""/content/drive/MyDrive/olx_washingmachine_dataset/images/washmachine_025ec8e7e4/8.jpg""]",8,2025-12-09 07:11:58.103774
washmachine_ececf8b559,https://www.olx.in/item/washing-machines-c1615-samsung-65-kg-7kg-8-kg-front-load-washing-machine-in-best-condition-in-shivaji-nagar-pune-iid-1813958294,"Samsung 6.5 kg ,7kg, 8 kg Front load Washing Machine in Best Condition","Hi Welcome to Marf Electronics & we are here for you. Photos for sample purpose @ FREE DELIVERY in all Pune & PCMC Contact for more details We provide 2nd hand washing machine & Fridges for SELL ## also FURNITURE on RENT 1) single door Fridges st.@ 5801 2)Double door @ 8000 3) Top load Washing machine @ 6002 4) Front load st. 9500.. # 12 months warranty on compressor & wash motor 3 months all technical part warranty 5) ## WE ALSO PROVIDE FURNITURE ITEMS ,Washing machine & Fridges ON RENT for Rent contact for more details Address: Wakad.. - Washing Machines",13000,"[""/content/drive/MyDrive/olx_washingmachine_dataset/images/washmachine_ececf8b559/1.jpg"", ""/content/drive/MyDrive/olx_washingmachine_dataset/images/washmachine_ececf8b559/2.jpg"", ""/content/drive/MyDrive/olx_washingmachine_dataset/images/washmachine_ececf8b559/3.jpg"", ""/content/drive/MyDrive/olx_washingmachine_dataset/images/washmachine_ececf8b559/4.jpg"", ""/content/drive/MyDrive/olx_washingmachine_dataset/images/washmachine_ececf8b559/5.jpg"", ""/content/drive/MyDrive/olx_washingmachine_dataset/images/washmachine_ececf8b559/6.jpg"", ""/content/drive/MyDrive/olx_washingmachine_dataset/images/washmachine_ececf8b559/7.jpg"", ""/content/drive/MyDrive/olx_washingmachine_dataset/images/washmachine_ececf8b559/8.jpg"", ""/content/drive/MyDrive/olx_washingmachine_dataset/images/washmachine_ececf8b559/9.jpg"", ""/content/drive/MyDrive/olx_washingmachine_dataset/images/washmachine_ececf8b559/10.jpg"", ""/content/drive/MyDrive/olx_washingmachine_dataset/images/washmachine_ececf8b559/11.jpg"", ""/content/drive/MyDrive/olx_washingmachine_dataset/images/washmachine_ececf8b559/12.jpg"", ""/content/drive/MyDrive/olx_washingmachine_dataset/images/washmachine_ececf8b559/13.jpg"", ""/content/drive/MyDrive/olx_washingmachine_dataset/images/washmachine_ececf8b559/14.jpg""]",14,2025-12-09 07:12:07.714316
washmachine_ad02992ddd,https://www.olx.in/item/washing-machines-c1615-washing-machine-fridge-available-in-best-condition-with-warranty-in-baner-pune-iid-1818801578,WASHING MACHINE & Fridge available in best Condition with Warranty,"Hello Welcome to Marf Electronics. Photos for sample purpose @ FREE DELIVERY in all Pune & PCMC Contact for more details We provide 2nd hand washing machine & Fridges for SELL ## Also FURNITURE on RENT 1) single door Fridges st.@ 5501 2)Double door st. @ 7010 3) Top load Washing machine st. @ 6002 4) Front load st. 8500.. # 12 months warranty on compressor & wash motor 3 months all technical part warranty 5) ## WE ALSO PROVIDE FURNITURE ITEMS ,Washing machine & Fridges ON RENT for Rent contact for more details Address: Wakad.. - Washing Machines",5899,"[""/content/drive/MyDrive/olx_washingmachine_dataset/images/washmachine_ad02992ddd/1.jpg"", ""/content/drive/MyDrive/olx_washingmachine_dataset/images/washmachine_ad02992ddd/2.jpg"", ""/content/drive/MyDrive/olx_washingmachine_dataset/images/washmachine_ad02992ddd/3.jpg"", ""/content/drive/MyDrive/olx_washingmachine_dataset/images/washmachine_ad02992ddd/4.jpg"", ""/content/drive/MyDrive/olx_washingmachine_dataset/images/washmachine_ad02992ddd/5.jpg"", ""/content/drive/MyDrive/olx_washingmachine_dataset/images/washmachine_ad02992ddd/6.jpg"", ""/content/drive/MyDrive/olx_washingmachine_dataset/images/washmachine_ad02992ddd/7.jpg"", ""/content/drive/MyDrive/olx_washingmachine_dataset/images/washmachine_ad02992ddd/8.jpg""]",8,2025-12-09 07:12:15.735774
washmachine_5abad080c9,https://www.olx.in/item/washing-machines-c1615-7kg-five-star-fully-automatic-machine-in-main-bandh-road-faridabad-iid-1827760492,7KG Five Star Fully Automatic Machine,Purchase on Oct 2022 and has 17 years warranty on Motor Still valid - Washing Machines,10000,"[""/content/drive/MyDrive/olx_washingmachine_dataset/images/washmachine_5abad080c9/1.jpg"", ""/content/drive/MyDrive/olx_washingmachine_dataset/images/washmachine_5abad080c9/2.jpg"", ""/content/drive/MyDrive/olx_washingmachine_dataset/images/washmachine_5abad080c9/3.jpg"", ""/content/drive/MyDrive/olx_washingmachine_dataset/images/washmachine_5abad080c9/4.jpg"", ""/content/drive/MyDrive/olx_washingmachine_dataset/images/washmachine_5abad080c9/5.jpg"", ""/content/drive/MyDrive/olx_washingmachine_dataset/images/washmachine_5abad080c9/6.jpg"", ""/content/drive/MyDrive/olx_washingmachine_dataset/images/washmachine_5abad080c9/7.jpg"", ""/content/drive/MyDrive/olx_washingmachine_dataset/images/washmachine_5abad080c9/8.jpg""]",8,2025-12-09 07:13:04.892732
washmachine_02f899c008,https://www.olx.in/item/washing-machines-c1615-best-condition-washing-machine-fridge-available-for-selling-in-ravet-pune-iid-1818818635,Best Condition Washing Machine & Fridge available for Selling,"Hello Contact me for more details, Call or WhatsApp me your requirement. Welcome to Marf Electronics. We are giving best Service in this category Photos for sample purpose @ FREE DELIVERY in all Pune & PCMC We provide 2nd hand washing machine & Fridges for SELL ## Also FURNITURE on RENT 1) single door Fridges st.@ 5501 2)Double door st. @ 7010 3) Top load Washing machine st. @ 6002 4) Front load st. 8500.. # 12 months warranty on compressor & 24 wash motor warranty 3 months all technical part warranty 5) ## WE ALSO PROVIDE FURNITURE ITEMS ,Washing machine & Fridges ON RENT for Rent contact for more details Address: Wakad.. - Washing Machines",6000,"[""/content/drive/MyDrive/olx_washingmachine_dataset/images/washmachine_02f899c008/1.jpg"", ""/content/drive/MyDrive/olx_washingmachine_dataset/images/washmachine_02f899c008/2.jpg"", ""/content/drive/MyDrive/olx_washingmachine_dataset/images/washmachine_02f899c008/3.jpg"", ""/content/drive/MyDrive/olx_washingmachine_dataset/images/washmachine_02f899c008/4.jpg"", ""/content/drive/MyDrive/olx_washingmachine_dataset/images/washmachine_02f899c008/5.jpg"", ""/content/drive/MyDrive/olx_washingmachine_dataset/images/washmachine_02f899c008/6.jpg"", ""/content/drive/MyDrive/olx_washingmachine_dataset/images/washmachine_02f899c008/7.jpg"", ""/content/drive/MyDrive/olx_washingmachine_dataset/images/washmachine_02f899c008/8.jpg""]",8,2025-12-09 07:13:11.941988
washmachine_6fe231d1f0,https://www.olx.in/item/washing-machines-c1615-washing-machine-for-sale-5-6-years-old-for-repair-or-scrap-in-murugeshpalya-bengaluru-iid-1828719591,Washing Machine for Sale (5-6 Years Old) – For Repair or Scrap,"Selling our old washing machine as it has stopped working. The technician said the repair would cost around ₹3,500–4,000, so we decided to buy a new one instead. If you’re someone who can repair it on your own or needs parts/scrap, this is a good option. Body is in decent condition and all other parts are intact. Details: Age: 5-6 years Condition: Not working Suitable for: Repair or scrap use Price: 2k Pickup location: Murugeshpalya - Washing Machines",2500,"[""/content/drive/MyDrive/olx_washingmachine_dataset/images/washmachine_6fe231d1f0/1.jpg"", ""/content/drive/MyDrive/olx_washingmachine_dataset/images/washmachine_6fe231d1f0/2.jpg"", ""/content/drive/MyDrive/olx_washingmachine_dataset/images/washmachine_6fe231d1f0/3.jpg"", ""/content/drive/MyDrive/olx_washingmachine_dataset/images/washmachine_6fe231d1f0/4.jpg"", ""/content/drive/MyDrive/olx_washingmachine_dataset/images/washmachine_6fe231d1f0/5.jpg"", ""/content/drive/MyDrive/olx_washingmachine_dataset/images/washmachine_6fe231d1f0/6.jpg"", ""/content/drive/MyDrive/olx_washingmachine_dataset/images/washmachine_6fe231d1f0/7.jpg"", ""/content/drive/MyDrive/olx_washingmachine_dataset/images/washmachine_6fe231d1f0/8.jpg""]",8,2025-12-09 07:13:59.954698
washmachine_10ec3e12a8,https://www.olx.in/item/washing-machines-c1615-croma-8kg-washing-machine-in-sector-45a-chandigarh-iid-1828720376,Croma 8Kg washing Machine,"Child LockNo Dryer Capacity5.5 Kg Washer Capacity8 Kg Water Consumption (In Litres)16.70 Kg Additional Washer & Dryer FeaturesWaterfall, Buzzer, Swift Dry, Soak Function, Multi Wash Program Washing TechnologyPulsator Pulsator TypePunch Type with 3 Mini Rotors Inverter TechnologyNo Water TypeCold Water Drying TechnologyAir Dry Water Level Settings3 - Washing Machines",6000,"[""/content/drive/MyDrive/olx_washingmachine_dataset/images/washmachine_10ec3e12a8/1.jpg"", ""/content/drive/MyDrive/olx_washingmachine_dataset/images/washmachine_10ec3e12a8/2.jpg"", ""/content/drive/MyDrive/olx_washingmachine_dataset/images/washmachine_10ec3e12a8/3.jpg"", ""/content/drive/MyDrive/olx_washingmachine_dataset/images/washmachine_10ec3e12a8/4.jpg"", ""/content/drive/MyDrive/olx_washingmachine_dataset/images/washmachine_10ec3e12a8/5.jpg"", ""/content/drive/MyDrive/olx_washingmachine_dataset/images/washmachine_10ec3e12a8/6.jpg"", ""/content/drive/MyDrive/olx_washingmachine_dataset/images/washmachine_10ec3e12a8/7.jpg"", ""/content/drive/MyDrive/olx_washingmachine_dataset/images/washmachine_10ec3e12a8/8.jpg""]",8,2025-12-09 07:14:06.436785
washmachine_1d151b71a7,https://www.olx.in/item/washing-machines-c1615-all-brand-top-load-and-singl-door-or-available-hereyourchoiz-hurry-up-in-malleshwaram-bengaluru-iid-1757228574,All brand Top load and Singl door or available here@yourchoiz hurry up,From Used to Ready to Use - the Yourchoiz way Electronics Refrigerator Price Single door starting price 4999 Double door starting price 6499 Washing Machine Price Top load fully automatic starting price 4999 Front load fully automatic starting price 6499 Every Refrigerator & Washing Machine is quality checked and thoroughly tested by Yourchoiz engineers. This Refrigerator & Washing Machine is in good condition. Warranty? 1 Year Warranty on Motor & 6 Months Free Door Step Service Delivery & installation? Free Home Delivery with Installation Accessories? Brand new inlet and outlet pipes free (Our branches) 1. Marathahalli 2. Nagawara main road - Washing Machines,4999,"[""/content/drive/MyDrive/olx_washingmachine_dataset/images/washmachine_1d151b71a7/1.jpg"", ""/content/drive/MyDrive/olx_washingmachine_dataset/images/washmachine_1d151b71a7/2.jpg"", ""/content/drive/MyDrive/olx_washingmachine_dataset/images/washmachine_1d151b71a7/3.jpg"", ""/content/drive/MyDrive/olx_washingmachine_dataset/images/washmachine_1d151b71a7/4.jpg"", ""/content/drive/MyDrive/olx_washingmachine_dataset/images/washmachine_1d151b71a7/5.jpg"", ""/content/drive/MyDrive/olx_washingmachine_dataset/images/washmachine_1d151b71a7/6.jpg"", ""/content/drive/MyDrive/olx_washingmachine_dataset/images/washmachine_1d151b71a7/7.jpg"", ""/content/drive/MyDrive/olx_washingmachine_dataset/images/washmachine_1d151b71a7/8.jpg""]",8,2025-12-09 07:14:53.676944
washmachine_1dd4cda25c,https://www.olx.in/item/washing-machines-c1615-steam-press-builer-complete-setup-in-chand-pol-jaipur-iid-1828720117,Steam press builer complete setup,Steam press boiler new condition Complete setup high quality Only industrial use 12 kw wott 2 table hain Table options 6 hain My many problems Urgent sell - Washing Machines,52500,"[""/content/drive/MyDrive/olx_washingmachine_dataset/images/washmachine_1dd4cda25c/1.jpg"", ""/content/drive/MyDrive/olx_washingmachine_dataset/images/washmachine_1dd4cda25c/2.jpg"", ""/content/drive/MyDrive/olx_washingmachine_dataset/images/washmachine_1dd4cda25c/3.jpg"", ""/content/drive/MyDrive/olx_washingmachine_dataset/images/washmachine_1dd4cda25c/4.jpg"", ""/content/drive/MyDrive/olx_washingmachine_dataset/images/washmachine_1dd4cda25c/5.jpg"", ""/content/drive/MyDrive/olx_washingmachine_dataset/images/washmachine_1dd4cda25c/6.jpg"", ""/content/drive/MyDrive/olx_washingmachine_dataset/images/washmachine_1dd4cda25c/7.jpg"", ""/content/drive/MyDrive/olx_washingmachine_dataset/images/washmachine_1dd4cda25c/8.jpg""]",8,2025-12-09 07:15:01.946060
washmachine_61f3c6af50,https://www.olx.in/item/washing-machines-c1615-semi-automatic-washing-machine-in-channasandra-bengaluru-iid-1828719482,Semi Automatic Washing Machine,Washing machine is working smoothly.Bought in December 2022. All bills are present - Washing Machines,5500,"[""/content/drive/MyDrive/olx_washingmachine_dataset/images/washmachine_61f3c6af50/1.jpg"", ""/content/drive/MyDrive/olx_washingmachine_dataset/images/washmachine_61f3c6af50/2.jpg"", ""/content/drive/MyDrive/olx_washingmachine_dataset/images/washmachine_61f3c6af50/3.jpg"", ""/content/drive/MyDrive/olx_washingmachine_dataset/images/washmachine_61f3c6af50/4.jpg"", ""/content/drive/MyDrive/olx_washingmachine_dataset/images/washmachine_61f3c6af50/5.jpg"", ""/content/drive/MyDrive/olx_washingmachine_dataset/images/washmachine_61f3c6af50/6.jpg"", ""/content/drive/MyDrive/olx_washingmachine_dataset/images/washmachine_61f3c6af50/7.jpg"", ""/content/drive/MyDrive/olx_washingmachine_dataset/images/washmachine_61f3c6af50/8.jpg""]",8,2025-12-09 07:15:48.960332
washmachine_1406a487e2,https://www.olx.in/item/washing-machines-c1615-washing-machine-front-load-lg-free-delivery-also-fridge-in-kalyani-nagar-pune-iid-1758676353,"WASHING MACHINE FRONT LOAD  LG, # FREE DELIVERY also FRIDGE","Hello Welcome to Marf electronics Photos for sample purpose & above price for LG 5.5 kg Front Load washing machine CONTACT FOR MORE DETAILS @ FREE DELIVERY in all Pune & PCMC We provide 2nd hand washing machine & Fridges for SELL ## Also FURNITURE on RENT 1) Single door Fridges st.@ 5809 2)Double door @ 6605 3) Top load Washing machine @ 6005 4) Front load st. 8305 # 6 months warranty on compressor & motor 3 months all technical part warranty 5) ## WE ALSO PROVIDE FURNITURE ITEMS ,Washing machine & Fridges ON RENT For Rent contact for more details: (i) For Combo Fridge n Washing machine 1000 per month [ Deposit 3000 , transportation 500 ] ii) 500 For Single door Fridge [ 1500 Deposit & 500 transportation chages ] ii) 500 for Automatic Washing machine [ 1500 Deposit, 500 transportation charge ] iii) Queen size bed 600 per month iv) Wardrobe 500 per month & many more things on RENT like 1 bhk Package 2 bhk package Address:Wakad - Washing Machines",9000,"[""/content/drive/MyDrive/olx_washingmachine_dataset/images/washmachine_1406a487e2/1.jpg"", ""/content/drive/MyDrive/olx_washingmachine_dataset/images/washmachine_1406a487e2/2.jpg"", ""/content/drive/MyDrive/olx_washingmachine_dataset/images/washmachine_1406a487e2/3.jpg"", ""/content/drive/MyDrive/olx_washingmachine_dataset/images/washmachine_1406a487e2/4.jpg"", ""/content/drive/MyDrive/olx_washingmachine_dataset/images/washmachine_1406a487e2/5.jpg"", ""/content/drive/MyDrive/olx_washingmachine_dataset/images/washmachine_1406a487e2/6.jpg"", ""/content/drive/MyDrive/olx_washingmachine_dataset/images/washmachine_1406a487e2/7.jpg"", ""/content/drive/MyDrive/olx_washingmachine_dataset/images/washmachine_1406a487e2/8.jpg"", ""/content/drive/MyDrive/olx_washingmachine_dataset/images/washmachine_1406a487e2/9.jpg"", ""/content/drive/MyDrive/olx_washingmachine_dataset/images/washmachine_1406a487e2/10.jpg"", ""/content/drive/MyDrive/olx_washingmachine_dataset/images/washmachine_1406a487e2/11.jpg"", ""/content/drive/MyDrive/olx_washingmachine_dataset/images/washmachine_1406a487e2/12.jpg"", ""/content/drive/MyDrive/olx_washingmachine_dataset/images/washmachine_1406a487e2/13.jpg"", ""/content/drive/MyDrive/olx_washingmachine_dataset/images/washmachine_1406a487e2/14.jpg""]",14,2025-12-09 07:16:38.848824
washmachine_523b6f3a08,https://www.olx.in/item/washing-machines-c1615-washing-machine-on-rent-fridge-on-rent-in-bavdhan-in-bavdhan-pune-iid-1822697507,WASHING MACHINE on Rent & FRIDGE on Rent in Bavdhan,"Hello Welcome to Marf Electronic Follow me on Instagram ID: marfelectronic Contact for more details, Call or WhatsApp me We are providing FRIDGE, WASHING MACHINE, BED, SOFA & WARDROBE on Rental basis. Available items on Rent Single door 190 litre Double door fridge 240 litre Top load Washing machine 6.5 kg Front load Washing machine 5.5kg Wardrobe 2*6 & 3* 6 Bed Queen size 5*6 Sofa 3 seater available Sofa centre table available Shoe Rack - Washing Machines",500,"[""/content/drive/MyDrive/olx_washingmachine_dataset/images/washmachine_523b6f3a08/1.jpg"", ""/content/drive/MyDrive/olx_washingmachine_dataset/images/washmachine_523b6f3a08/2.jpg"", ""/content/drive/MyDrive/olx_washingmachine_dataset/images/washmachine_523b6f3a08/3.jpg"", ""/content/drive/MyDrive/olx_washingmachine_dataset/images/washmachine_523b6f3a08/4.jpg"", ""/content/drive/MyDrive/olx_washingmachine_dataset/images/washmachine_523b6f3a08/5.jpg"", ""/content/drive/MyDrive/olx_washingmachine_dataset/images/washmachine_523b6f3a08/6.jpg"", ""/content/drive/MyDrive/olx_washingmachine_dataset/images/washmachine_523b6f3a08/7.jpg"", ""/content/drive/MyDrive/olx_washingmachine_dataset/images/washmachine_523b6f3a08/8.jpg"", ""/content/drive/MyDrive/olx_washingmachine_dataset/images/washmachine_523b6f3a08/9.jpg"", ""/content/drive/MyDrive/olx_washingmachine_dataset/images/washmachine_523b6f3a08/10.jpg"", ""/content/drive/MyDrive/olx_washingmachine_dataset/images/washmachine_523b6f3a08/11.jpg"", ""/content/drive/MyDrive/olx_washingmachine_dataset/images/washmachine_523b6f3a08/12.jpg"", ""/content/drive/MyDrive/olx_washingmachine_dataset/images/washmachine_523b6f3a08/13.jpg"", ""/content/drive/MyDrive/olx_washingmachine_dataset/images/washmachine_523b6f3a08/14.jpg""]",14,2025-12-09 07:16:47.615135
washmachine_a6bef33d84,https://www.olx.in/item/washing-machines-c1615-fridge-washing-machine-bed-wardrobe-sofa-on-rental-basis-in-kharadi-pune-iid-1759940167,"FRIDGE, WASHING MACHINE, BED, WARDROBE & SOFA on Rental basis..","Hi We are here for you from Marf electronics Photos for sample purpose @ FREE maintaince in all Pune & PCMC Contact for more details ( WhatsApp or Call) We provide 2nd hand washing machine & Fridges for Rent n sell ## also FURNITURE on RENT 1] 500 for Single door Fridge pr month 2] 600 for FULLY AUTOMATIC washing machine 3] 700 for double door per month 4] 580 for Queen size bed 5] 450 for Wardrobe single door Fridges st.@ 5700 Double door @ 6500 Top load Washing machine @ 6000 Front load st. 8000 # 6 months warranty on compressor & motor 3 months all technical part warranty WE ALSO PROVIDE FURNITURE ITEMS ,Washing machine & Fridges ON RENT for Rent contact for more details - Washing Machines",499,"[""/content/drive/MyDrive/olx_washingmachine_dataset/images/washmachine_a6bef33d84/1.jpg"", ""/content/drive/MyDrive/olx_washingmachine_dataset/images/washmachine_a6bef33d84/2.jpg"", ""/content/drive/MyDrive/olx_washingmachine_dataset/images/washmachine_a6bef33d84/3.jpg"", ""/content/drive/MyDrive/olx_washingmachine_dataset/images/washmachine_a6bef33d84/4.jpg"", ""/content/drive/MyDrive/olx_washingmachine_dataset/images/washmachine_a6bef33d84/5.jpg"", ""/content/drive/MyDrive/olx_washingmachine_dataset/images/washmachine_a6bef33d84/6.jpg"", ""/content/drive/MyDrive/olx_washingmachine_dataset/images/washmachine_a6bef33d84/7.jpg"", ""/content/drive/MyDrive/olx_washingmachine_dataset/images/washmachine_a6bef33d84/8.jpg""]",8,2025-12-09 07:20:32.459747
washmachine_25ba8a4429,https://www.olx.in/item/washing-machines-c1615-washing-machine-fridge-2nd-hand-with-warranty-delivery-in-kharadi-pune-iid-1759709001,WASHING MACHINE & FRIDGE 2nd hand with WARRANTY & DELIVERY,"Hello Welcome to Marf Electronics & we are here for you. Photos for sample purpose @ FREE DELIVERY in all Pune & PCMC Contact for more details We provide 2nd hand washing machine & Fridges for SELL #Also FURNITURE on RENT 1) single door Fridges st.@ 5500 2)Double door @ 6501 3) Top load Washing machine @ 6001 4) Front load st. 8001 # 12 months warranty on compressor & wash motor 3 months all technical part warranty 5) WE ALSO PROVIDE FURNITURE ITEMS ,Washing machine & Fridges ON RENT for Rent contact for more details Address: Wakad. - Washing Machines",6500,"[""/content/drive/MyDrive/olx_washingmachine_dataset/images/washmachine_25ba8a4429/1.jpg"", ""/content/drive/MyDrive/olx_washingmachine_dataset/images/washmachine_25ba8a4429/2.jpg"", ""/content/drive/MyDrive/olx_washingmachine_dataset/images/washmachine_25ba8a4429/3.jpg"", ""/content/drive/MyDrive/olx_washingmachine_dataset/images/washmachine_25ba8a4429/4.jpg"", ""/content/drive/MyDrive/olx_washingmachine_dataset/images/washmachine_25ba8a4429/5.jpg"", ""/content/drive/MyDrive/olx_washingmachine_dataset/images/washmachine_25ba8a4429/6.jpg"", ""/content/drive/MyDrive/olx_washingmachine_dataset/images/washmachine_25ba8a4429/7.jpg"", ""/content/drive/MyDrive/olx_washingmachine_dataset/images/washmachine_25ba8a4429/8.jpg""]",8,2025-12-09 07:22:45.587755
washmachine_11366a2a52,https://www.olx.in/item/washing-machines-c1615-lg-inverter-7kg-original-condition-top-load-fully-automatic-washing-m-in-mehdipatnam-hyderabad-iid-1828721115,LG inverter 7kg original condition top load fully automatic washing m,gently used second hand home appliances *Washing machine starting price :~ Top load washing machine Rs:4999 Front load washing machine Rs:7999 Refrigerator starting price :~ Single door refrigerator Rs:5999 Double door refrigerator Rs:7999 ( TERM N CONDITION ) * Free home delivery in Hyderabad with in 24 hour's * Free installation n demo at the delivery • For washing machine: 6th months warranty on compressor 6th months free door step service * We provide brand new accessories for washing machine only outlet pipe • Refrigerator 6th months warranty on compressor * COD available we accept all UPI payment n cash on delivery * We check the product n make sure that its 100% working by our experts * The product will be genuine n in immaculate working condition - Washing Machines,7300,"[""/content/drive/MyDrive/olx_washingmachine_dataset/images/washmachine_11366a2a52/1.jpg"", ""/content/drive/MyDrive/olx_washingmachine_dataset/images/washmachine_11366a2a52/2.jpg"", ""/content/drive/MyDrive/olx_washingmachine_dataset/images/washmachine_11366a2a52/3.jpg"", ""/content/drive/MyDrive/olx_washingmachine_dataset/images/washmachine_11366a2a52/4.jpg"", ""/content/drive/MyDrive/olx_washingmachine_dataset/images/washmachine_11366a2a52/5.jpg"", ""/content/drive/MyDrive/olx_washingmachine_dataset/images/washmachine_11366a2a52/6.jpg"", ""/content/drive/MyDrive/olx_washingmachine_dataset/images/washmachine_11366a2a52/7.jpg"", ""/content/drive/MyDrive/olx_washingmachine_dataset/images/washmachine_11366a2a52/8.jpg""]",8,2025-12-09 07:23:32.524491
washmachine_f9afcb5ea0,https://www.olx.in/item/washing-machines-c1615-front-load-washing-machine-double-door-fridge-in-best-condition-in-viman-nagar-pune-iid-1818819402,FRONT LOAD Washing Machine & Double door Fridge in best condition,"Hello Contact me for more details, Call or WhatsApp me your requirement. Welcome to Marf Electronics. We are giving best Service in this category. Photos for sample purpose @ FREE DELIVERY in all Pune & PCMC We provide 2nd hand washing machine & Fridges for SELL ## Also FURNITURE on RENT 1) single door Fridges st.@ 5501 2)Double door st. @ 7500 3) Top load Washing machine st. @ 6002 4) Front load st. 8500.. # 12 months warranty on compressor & 24 month wash motor warranty 3 months all technical part warranty 5) ## WE ALSO PROVIDE FURNITURE ITEMS ,Washing machine & Fridges ON RENT for Rent contact for more details Address: Wakad.. - Washing Machines",8999,"[""/content/drive/MyDrive/olx_washingmachine_dataset/images/washmachine_f9afcb5ea0/1.jpg"", ""/content/drive/MyDrive/olx_washingmachine_dataset/images/washmachine_f9afcb5ea0/2.jpg"", ""/content/drive/MyDrive/olx_washingmachine_dataset/images/washmachine_f9afcb5ea0/3.jpg"", ""/content/drive/MyDrive/olx_washingmachine_dataset/images/washmachine_f9afcb5ea0/4.jpg"", ""/content/drive/MyDrive/olx_washingmachine_dataset/images/washmachine_f9afcb5ea0/5.jpg"", ""/content/drive/MyDrive/olx_washingmachine_dataset/images/washmachine_f9afcb5ea0/6.jpg"", ""/content/drive/MyDrive/olx_washingmachine_dataset/images/washmachine_f9afcb5ea0/7.jpg"", ""/content/drive/MyDrive/olx_washingmachine_dataset/images/washmachine_f9afcb5ea0/8.jpg""]",8,2025-12-09 07:24:24.909629
washmachine_6b0cfcb8e4,https://www.olx.in/item/washing-machines-c1615-washing-machine-microwave-oven-repair-done-here-in-nayanda-halli-bengaluru-iid-1828721067,Washing machine microwave oven repair done here,Repair appliances washing machine microwave - Washing Machines,150,"[""/content/drive/MyDrive/olx_washingmachine_dataset/images/washmachine_6b0cfcb8e4/1.jpg"", ""/content/drive/MyDrive/olx_washingmachine_dataset/images/washmachine_6b0cfcb8e4/2.jpg"", ""/content/drive/MyDrive/olx_washingmachine_dataset/images/washmachine_6b0cfcb8e4/3.jpg"", ""/content/drive/MyDrive/olx_washingmachine_dataset/images/washmachine_6b0cfcb8e4/4.jpg"", ""/content/drive/MyDrive/olx_washingmachine_dataset/images/washmachine_6b0cfcb8e4/5.jpg"", ""/content/drive/MyDrive/olx_washingmachine_dataset/images/washmachine_6b0cfcb8e4/6.jpg"", ""/content/drive/MyDrive/olx_washingmachine_dataset/images/washmachine_6b0cfcb8e4/7.jpg"", ""/content/drive/MyDrive/olx_washingmachine_dataset/images/washmachine_6b0cfcb8e4/8.jpg""]",8,2025-12-09 07:24:32.214909
washmachine_a1bf96bd20,https://www.olx.in/item/washing-machines-c1615-new-lloyd-7kg-semi-automatic-washing-machine-in-ida-scheme-no-140-indore-iid-1828250399,New Lloyd 7kg semi automatic washing machine,LLoyd Brand New washing machine for sale - Washing Machines,9000,"[""/content/drive/MyDrive/olx_washingmachine_dataset/images/washmachine_a1bf96bd20/1.jpg"", ""/content/drive/MyDrive/olx_washingmachine_dataset/images/washmachine_a1bf96bd20/2.jpg"", ""/content/drive/MyDrive/olx_washingmachine_dataset/images/washmachine_a1bf96bd20/3.jpg"", ""/content/drive/MyDrive/olx_washingmachine_dataset/images/washmachine_a1bf96bd20/4.jpg"", ""/content/drive/MyDrive/olx_washingmachine_dataset/images/washmachine_a1bf96bd20/5.jpg"", ""/content/drive/MyDrive/olx_washingmachine_dataset/images/washmachine_a1bf96bd20/6.jpg"", ""/content/drive/MyDrive/olx_washingmachine_dataset/images/washmachine_a1bf96bd20/7.jpg"", ""/content/drive/MyDrive/olx_washingmachine_dataset/images/washmachine_a1bf96bd20/8.jpg""]",8,2025-12-09 07:25:18.220505
washmachine_fdb3fbeae7,https://www.olx.in/item/washing-machines-c1615-lg-8kg-semi-automatic-machine-in-sanpada-navi-mumbai-iid-1828719802,LG 8KG SEMI AUTOMATIC MACHINE,Good and workable condition - Washing Machines,3000,"[""/content/drive/MyDrive/olx_washingmachine_dataset/images/washmachine_fdb3fbeae7/1.jpg"", ""/content/drive/MyDrive/olx_washingmachine_dataset/images/washmachine_fdb3fbeae7/2.jpg"", ""/content/drive/MyDrive/olx_washingmachine_dataset/images/washmachine_fdb3fbeae7/3.jpg"", ""/content/drive/MyDrive/olx_washingmachine_dataset/images/washmachine_fdb3fbeae7/4.jpg"", ""/content/drive/MyDrive/olx_washingmachine_dataset/images/washmachine_fdb3fbeae7/5.jpg"", ""/content/drive/MyDrive/olx_washingmachine_dataset/images/washmachine_fdb3fbeae7/6.jpg"", ""/content/drive/MyDrive/olx_washingmachine_dataset/images/washmachine_fdb3fbeae7/7.jpg"", ""/content/drive/MyDrive/olx_washingmachine_dataset/images/washmachine_fdb3fbeae7/8.jpg""]",8,2025-12-09 07:26:06.674786
washmachine_8c1ff1546c,https://www.olx.in/item/washing-machines-c1615-dmr-excellent-washing-machine-in-mira-road-east-mumbai-iid-1828720162,ExcellentBrand Washing machine,With Parents Excellent condition Hardly used like brand New Specification International brand DMR DMR Brand Portable 3 kg 2 Star Single Tub Top Load Mini Washing Machine with 1.5 kg Dryer Basket (Blue) Original Price- 6500 - Washing Machines,2000,"[""/content/drive/MyDrive/olx_washingmachine_dataset/images/washmachine_8c1ff1546c/1.jpg"", ""/content/drive/MyDrive/olx_washingmachine_dataset/images/washmachine_8c1ff1546c/2.jpg"", ""/content/drive/MyDrive/olx_washingmachine_dataset/images/washmachine_8c1ff1546c/3.jpg"", ""/content/drive/MyDrive/olx_washingmachine_dataset/images/washmachine_8c1ff1546c/4.jpg"", ""/content/drive/MyDrive/olx_washingmachine_dataset/images/washmachine_8c1ff1546c/5.jpg"", ""/content/drive/MyDrive/olx_washingmachine_dataset/images/washmachine_8c1ff1546c/6.jpg"", ""/content/drive/MyDrive/olx_washingmachine_dataset/images/washmachine_8c1ff1546c/7.jpg"", ""/content/drive/MyDrive/olx_washingmachine_dataset/images/washmachine_8c1ff1546c/8.jpg""]",8,2025-12-09 07:26:12.815904
washmachine_e2a066c7cb,https://www.olx.in/item/washing-machines-c1615-front-load-washing-machine-combo-available-free-shipping-in-kaggadasapura-bengaluru-iid-1807207111,$^`π×- front load washing machine combo available free shipping,( TERM N CONDITION ) * Free home delivery all over Bangalore within 24 hours * Free installation n demo at the delivery * We provide 12 months of motor warranty n 6 months service warranty at ur door step * We provide brand new accessories for washing machine ie inlet pipe n outlet pipe * COD availabile we accept all phone wallets n imps net bankings ( BRANCH'S AVAILABLE ) * MARATHAHALLI * HSR * NAGAWARA MAIN ROAD ( ASSESSMENT ) * We check the product n make sure tat its 100% working by our experts b4 n while the tym of delivery * The product will be genuine n in immaculate working condition ( BUY BACK GUARANTEE ) * We provide return policy of 50% cashback upto 12 to 15 months Contact for more info ! Regards : Get electronics ( marathahalli branch) - Washing Machines,16000,"[""/content/drive/MyDrive/olx_washingmachine_dataset/images/washmachine_e2a066c7cb/1.jpg"", ""/content/drive/MyDrive/olx_washingmachine_dataset/images/washmachine_e2a066c7cb/2.jpg"", ""/content/drive/MyDrive/olx_washingmachine_dataset/images/washmachine_e2a066c7cb/3.jpg"", ""/content/drive/MyDrive/olx_washingmachine_dataset/images/washmachine_e2a066c7cb/4.jpg"", ""/content/drive/MyDrive/olx_washingmachine_dataset/images/washmachine_e2a066c7cb/5.jpg"", ""/content/drive/MyDrive/olx_washingmachine_dataset/images/washmachine_e2a066c7cb/6.jpg"", ""/content/drive/MyDrive/olx_washingmachine_dataset/images/washmachine_e2a066c7cb/7.jpg"", ""/content/drive/MyDrive/olx_washingmachine_dataset/images/washmachine_e2a066c7cb/8.jpg"", ""/content/drive/MyDrive/olx_washingmachine_dataset/images/washmachine_e2a066c7cb/9.jpg"", ""/content/drive/MyDrive/olx_washingmachine_dataset/images/washmachine_e2a066c7cb/10.jpg""]",10,2025-12-09 07:26:26.480550
washmachine_46cc04899e,https://www.olx.in/item/washing-machines-c1615-godrej-8kg-semi-automatic-washing-machine-in-diva-thane-iid-1828718155,Godrej 8kg semi automatic washing machine,Godrej 8kg semi automatic washing machine - Washing Machines,10000,"[""/content/drive/MyDrive/olx_washingmachine_dataset/images/washmachine_46cc04899e/1.jpg"", ""/content/drive/MyDrive/olx_washingmachine_dataset/images/washmachine_46cc04899e/2.jpg"", ""/content/drive/MyDrive/olx_washingmachine_dataset/images/washmachine_46cc04899e/3.jpg"", ""/content/drive/MyDrive/olx_washingmachine_dataset/images/washmachine_46cc04899e/4.jpg"", ""/content/drive/MyDrive/olx_washingmachine_dataset/images/washmachine_46cc04899e/5.jpg"", ""/content/drive/MyDrive/olx_washingmachine_dataset/images/washmachine_46cc04899e/6.jpg"", ""/content/drive/MyDrive/olx_washingmachine_dataset/images/washmachine_46cc04899e/7.jpg"", ""/content/drive/MyDrive/olx_washingmachine_dataset/images/washmachine_46cc04899e/8.jpg"", ""/content/drive/MyDrive/olx_washingmachine_dataset/images/washmachine_46cc04899e/9.jpg"", ""/content/drive/MyDrive/olx_washingmachine_dataset/images/washmachine_46cc04899e/10.jpg"", ""/content/drive/MyDrive/olx_washingmachine_dataset/images/washmachine_46cc04899e/11.jpg"", ""/content/drive/MyDrive/olx_washingmachine_dataset/images/washmachine_46cc04899e/12.jpg"", ""/content/drive/MyDrive/olx_washingmachine_dataset/images/washmachine_46cc04899e/13.jpg"", ""/content/drive/MyDrive/olx_washingmachine_dataset/images/washmachine_46cc04899e/14.jpg""]",14,2025-12-09 07:26:35.894196
washmachine_90dce9e3ab,https://www.olx.in/item/washing-machines-c1615-rent-a-fully-automatic-lg-washing-machine-in-lohegaon-pune-iid-1825975798,Rent a Fully automatic LG washing machine,All good condition rent/month Porter updown your side You discuss for more details Address aadarsh nagar lohegaon pune 411047 You can come to location check and buy - Washing Machines,500,"[""/content/drive/MyDrive/olx_washingmachine_dataset/images/washmachine_90dce9e3ab/1.jpg"", ""/content/drive/MyDrive/olx_washingmachine_dataset/images/washmachine_90dce9e3ab/2.jpg"", ""/content/drive/MyDrive/olx_washingmachine_dataset/images/washmachine_90dce9e3ab/3.jpg"", ""/content/drive/MyDrive/olx_washingmachine_dataset/images/washmachine_90dce9e3ab/4.jpg"", ""/content/drive/MyDrive/olx_washingmachine_dataset/images/washmachine_90dce9e3ab/5.jpg"", ""/content/drive/MyDrive/olx_washingmachine_dataset/images/washmachine_90dce9e3ab/6.jpg"", ""/content/drive/MyDrive/olx_washingmachine_dataset/images/washmachine_90dce9e3ab/7.jpg"", ""/content/drive/MyDrive/olx_washingmachine_dataset/images/washmachine_90dce9e3ab/8.jpg""]",8,2025-12-09 07:26:42.047220
washmachine_38f4aa5a55,https://www.olx.in/item/washing-machines-c1615-lg-samsung-washing-machine-with-warranty-free-delivery-accesories-in-laxmi-nagar-delhi-iid-1802773234,"LG/ Samsung Washing Machine with Warranty, Free Delivery & accesories","Keerat Electronics We deal Gently Used Products Like Refrigerator, Washing Machine, Cooler, etc We Never Brake Customer Trust Fixed Price Shop - Washing Machines",5000,"[""/content/drive/MyDrive/olx_washingmachine_dataset/images/washmachine_38f4aa5a55/1.jpg"", ""/content/drive/MyDrive/olx_washingmachine_dataset/images/washmachine_38f4aa5a55/2.jpg"", ""/content/drive/MyDrive/olx_washingmachine_dataset/images/washmachine_38f4aa5a55/3.jpg"", ""/content/drive/MyDrive/olx_washingmachine_dataset/images/washmachine_38f4aa5a55/4.jpg"", ""/content/drive/MyDrive/olx_washingmachine_dataset/images/washmachine_38f4aa5a55/5.jpg"", ""/content/drive/MyDrive/olx_washingmachine_dataset/images/washmachine_38f4aa5a55/6.jpg"", ""/content/drive/MyDrive/olx_washingmachine_dataset/images/washmachine_38f4aa5a55/7.jpg"", ""/content/drive/MyDrive/olx_washingmachine_dataset/images/washmachine_38f4aa5a55/8.jpg""]",8,2025-12-09 07:26:49.581805
washmachine_79bfa043f2,https://www.olx.in/item/washing-machines-c1615-semi-automatic-washing-machine-7kg-voltas-beko-7-kg-in-pallikaranai-quademella-nagar-chennai-iid-1828415647,Semi-Automatic Washing Machine – 7kg Voltas beko 7 kg,"Semi-Automatic Washing Machine – 7kg Excellent Condition Just 1 Year Old Selling my 7kg semi-automatic washing machine, used for only 1 year and maintained in very good condition. The machine is fully functional, has no issues, and comes with: ️ Original Invoice ️ Valid Brand Warranty ️ Original Packaging Perfect for families looking for a reliable and budget-friendly washing solution. If interested, feel free to message me for more details or to schedule a pickup - Washing Machines",8000,"[""/content/drive/MyDrive/olx_washingmachine_dataset/images/washmachine_79bfa043f2/1.jpg"", ""/content/drive/MyDrive/olx_washingmachine_dataset/images/washmachine_79bfa043f2/2.jpg"", ""/content/drive/MyDrive/olx_washingmachine_dataset/images/washmachine_79bfa043f2/3.jpg"", ""/content/drive/MyDrive/olx_washingmachine_dataset/images/washmachine_79bfa043f2/4.jpg"", ""/content/drive/MyDrive/olx_washingmachine_dataset/images/washmachine_79bfa043f2/5.jpg"", ""/content/drive/MyDrive/olx_washingmachine_dataset/images/washmachine_79bfa043f2/6.jpg"", ""/content/drive/MyDrive/olx_washingmachine_dataset/images/washmachine_79bfa043f2/7.jpg"", ""/content/drive/MyDrive/olx_washingmachine_dataset/images/washmachine_79bfa043f2/8.jpg""]",8,2025-12-09 07:27:36.865049
washmachine_70962654ac,https://www.olx.in/item/washing-machines-c1615-d-washing-machine-top-load-automatic-combo-is-available-in-in-marathahalli-bengaluru-iid-1807218160,+'^√¢d washing machine top load automatic combo is available in,"Visit to our store M R heights, site no 11 opp to Keerthana kings place, Lakshmi narayanaswamy temple road munnekolla, Marathahalli,bangalore-560037 Branches:- Marathahalli munnekolla,HSR, nagawara ( GET ELECTRONIC) Washing machines and fridges available with free shipping Top load starting price is 6000 Front load starting price is 9000 Single door starting price is 6000 Double door starting price is 8000 Combo offer Top load washing machine and single door fridge is 12500 Top load washing machine and double door refrigerator starting price is 14000 Front load washing machine and single door fridge starting price is 15000 Front load washing machine and double door refrigerator starting price is 16000 Warranty One year warranty on motor for washing machines with 6 months free service @ your door step One year warranty on compressor for refrigerator with 6 months free service @ your door step Delivery: free home delivery @ your door step - Washing Machines",12000,"[""/content/drive/MyDrive/olx_washingmachine_dataset/images/washmachine_70962654ac/1.jpg"", ""/content/drive/MyDrive/olx_washingmachine_dataset/images/washmachine_70962654ac/2.jpg"", ""/content/drive/MyDrive/olx_washingmachine_dataset/images/washmachine_70962654ac/3.jpg"", ""/content/drive/MyDrive/olx_washingmachine_dataset/images/washmachine_70962654ac/4.jpg"", ""/content/drive/MyDrive/olx_washingmachine_dataset/images/washmachine_70962654ac/5.jpg"", ""/content/drive/MyDrive/olx_washingmachine_dataset/images/washmachine_70962654ac/6.jpg"", ""/content/drive/MyDrive/olx_washingmachine_dataset/images/washmachine_70962654ac/7.jpg"", ""/content/drive/MyDrive/olx_washingmachine_dataset/images/washmachine_70962654ac/8.jpg"", ""/content/drive/MyDrive/olx_washingmachine_dataset/images/washmachine_70962654ac/9.jpg"", ""/content/drive/MyDrive/olx_washingmachine_dataset/images/washmachine_70962654ac/10.jpg""]",10,2025-12-09 07:27:44.647053
washmachine_e9309e4654,https://www.olx.in/item/washing-machines-c1615-whirlpool-washing-machine-top-load-in-manjari-pune-iid-1828719462,Whirlpool Washing Machine Top Load,7.2 kg Fully Automatic Whirlpool washing machine top load. It is in good condition. There is hard water filter also included at backside in water inlet. - Washing Machines,5000,"[""/content/drive/MyDrive/olx_washingmachine_dataset/images/washmachine_e9309e4654/1.jpg"", ""/content/drive/MyDrive/olx_washingmachine_dataset/images/washmachine_e9309e4654/2.jpg"", ""/content/drive/MyDrive/olx_washingmachine_dataset/images/washmachine_e9309e4654/3.jpg"", ""/content/drive/MyDrive/olx_washingmachine_dataset/images/washmachine_e9309e4654/4.jpg"", ""/content/drive/MyDrive/olx_washingmachine_dataset/images/washmachine_e9309e4654/5.jpg"", ""/content/drive/MyDrive/olx_washingmachine_dataset/images/washmachine_e9309e4654/6.jpg"", ""/content/drive/MyDrive/olx_washingmachine_dataset/images/washmachine_e9309e4654/7.jpg"", ""/content/drive/MyDrive/olx_washingmachine_dataset/images/washmachine_e9309e4654/8.jpg""]",8,2025-12-09 07:28:33.309258
washmachine_fee8b3c02b,https://www.olx.in/item/washing-machines-c1615-front-load-75-kg-washing-machine-with-inbuilt-heater-in-sunny-enclave-kharar-iid-1827681201,Front load 7.5 kg washing machine with inbuilt heater,Front load 7.5 kg washing machine with inbuilt heater upto 90 Degree wash Like brand New - Washing Machines,17000,"[""/content/drive/MyDrive/olx_washingmachine_dataset/images/washmachine_fee8b3c02b/1.jpg"", ""/content/drive/MyDrive/olx_washingmachine_dataset/images/washmachine_fee8b3c02b/2.jpg"", ""/content/drive/MyDrive/olx_washingmachine_dataset/images/washmachine_fee8b3c02b/3.jpg"", ""/content/drive/MyDrive/olx_washingmachine_dataset/images/washmachine_fee8b3c02b/4.jpg"", ""/content/drive/MyDrive/olx_washingmachine_dataset/images/washmachine_fee8b3c02b/5.jpg"", ""/content/drive/MyDrive/olx_washingmachine_dataset/images/washmachine_fee8b3c02b/6.jpg"", ""/content/drive/MyDrive/olx_washingmachine_dataset/images/washmachine_fee8b3c02b/7.jpg"", ""/content/drive/MyDrive/olx_washingmachine_dataset/images/washmachine_fee8b3c02b/8.jpg""]",8,2025-12-09 07:29:20.532861
washmachine_265d5ffac4,https://www.olx.in/item/washing-machines-c1615-samsung-95-kg-5-star-in-thakurganj-lucknow-iid-1828719399,Samsung 9.5 kg 5 star,Samsung 9.5 kg 5 star semi automatic machine. Very good condition. Working properly without any fault - Washing Machines,10000,"[""/content/drive/MyDrive/olx_washingmachine_dataset/images/washmachine_265d5ffac4/1.jpg"", ""/content/drive/MyDrive/olx_washingmachine_dataset/images/washmachine_265d5ffac4/2.jpg"", ""/content/drive/MyDrive/olx_washingmachine_dataset/images/washmachine_265d5ffac4/3.jpg"", ""/content/drive/MyDrive/olx_washingmachine_dataset/images/washmachine_265d5ffac4/4.jpg"", ""/content/drive/MyDrive/olx_washingmachine_dataset/images/washmachine_265d5ffac4/5.jpg"", ""/content/drive/MyDrive/olx_washingmachine_dataset/images/washmachine_265d5ffac4/6.jpg"", ""/content/drive/MyDrive/olx_washingmachine_dataset/images/washmachine_265d5ffac4/7.jpg"", ""/content/drive/MyDrive/olx_washingmachine_dataset/images/washmachine_265d5ffac4/8.jpg""]",8,2025-12-09 07:29:26.883305
washmachine_9d790cd744,https://www.olx.in/item/washing-machines-c1615-lg-front-load-washing-machine-in-cooch-behar-west-bengal-iid-1827039446,LG Front Load Washing Machine,Brand: LG Capacity: 5.5 KG Loading Type: Front Load Condition: Working The Washing Machine is in working condition. All the buttons work perfectly except for the central mode selection wheel. Only interested buyers are requested to contact. - Washing Machines,6149,"[""/content/drive/MyDrive/olx_washingmachine_dataset/images/washmachine_9d790cd744/1.jpg"", ""/content/drive/MyDrive/olx_washingmachine_dataset/images/washmachine_9d790cd744/2.jpg"", ""/content/drive/MyDrive/olx_washingmachine_dataset/images/washmachine_9d790cd744/3.jpg"", ""/content/drive/MyDrive/olx_washingmachine_dataset/images/washmachine_9d790cd744/4.jpg"", ""/content/drive/MyDrive/olx_washingmachine_dataset/images/washmachine_9d790cd744/5.jpg"", ""/content/drive/MyDrive/olx_washingmachine_dataset/images/washmachine_9d790cd744/6.jpg"", ""/content/drive/MyDrive/olx_washingmachine_dataset/images/washmachine_9d790cd744/7.jpg"", ""/content/drive/MyDrive/olx_washingmachine_dataset/images/washmachine_9d790cd744/8.jpg""]",8,2025-12-09 07:30:14.877387
washmachine_8ea839146f,https://www.olx.in/item/washing-machines-c1615-enjoy-the-benefits-of-a-washing-machine-fridge-combo-yourchoice-in-gachibowli-hyderabad-iid-1828166246,Enjoy The Benefits Of A Washing Machine & Fridge Combo @YourChoice***,gently used second hand home appliances *Washing machine starting price :~ Top load washing machine Rs:4999 Front load washing machine Rs:7999 Refrigerator starting price :~ Single door refrigerator Rs:5999 Double door refrigerator Rs:7999 ( TERM N CONDITION ) * Free home delivery in Hyderabad with in 24 hour's * Free installation n demo at the delivery • For washing machine: 6th months warranty on compressor 6th months free door step service * We provide brand new accessories for washing machine only outlet pipe • Refrigerator 6th months warranty on compressor * COD available we accept all UPI payment n cash on delivery * We check the product n make sure that its 100% working by our experts * The product will be genuine n in immaculate working condition - Washing Machines,4999,"[""/content/drive/MyDrive/olx_washingmachine_dataset/images/washmachine_8ea839146f/1.jpg"", ""/content/drive/MyDrive/olx_washingmachine_dataset/images/washmachine_8ea839146f/2.jpg"", ""/content/drive/MyDrive/olx_washingmachine_dataset/images/washmachine_8ea839146f/3.jpg"", ""/content/drive/MyDrive/olx_washingmachine_dataset/images/washmachine_8ea839146f/4.jpg"", ""/content/drive/MyDrive/olx_washingmachine_dataset/images/washmachine_8ea839146f/5.jpg"", ""/content/drive/MyDrive/olx_washingmachine_dataset/images/washmachine_8ea839146f/6.jpg"", ""/content/drive/MyDrive/olx_washingmachine_dataset/images/washmachine_8ea839146f/7.jpg"", ""/content/drive/MyDrive/olx_washingmachine_dataset/images/washmachine_8ea839146f/8.jpg""]",8,2025-12-09 07:30:20.548999
washmachine_c9f37bdaac,https://www.olx.in/item/washing-machines-c1615-whirlpools-washing-machine-available-samsung-in-jai-bheema-nagar-bengaluru-iid-1794893811,Whirlpool's washing machine available Samsung,Free delivery Free installation Free demo Free brand new inlet and outlet pipes free 1 year warranty & 6 months free service 15 months if u want to return 50 percent cash back - Washing Machines,14500,"[""/content/drive/MyDrive/olx_washingmachine_dataset/images/washmachine_c9f37bdaac/1.jpg"", ""/content/drive/MyDrive/olx_washingmachine_dataset/images/washmachine_c9f37bdaac/2.jpg"", ""/content/drive/MyDrive/olx_washingmachine_dataset/images/washmachine_c9f37bdaac/3.jpg"", ""/content/drive/MyDrive/olx_washingmachine_dataset/images/washmachine_c9f37bdaac/4.jpg"", ""/content/drive/MyDrive/olx_washingmachine_dataset/images/washmachine_c9f37bdaac/5.jpg"", ""/content/drive/MyDrive/olx_washingmachine_dataset/images/washmachine_c9f37bdaac/6.jpg"", ""/content/drive/MyDrive/olx_washingmachine_dataset/images/washmachine_c9f37bdaac/7.jpg"", ""/content/drive/MyDrive/olx_washingmachine_dataset/images/washmachine_c9f37bdaac/8.jpg""]",8,2025-12-09 07:32:35.050450
washmachine_059341020c,https://www.olx.in/item/washing-machines-c1615-top-condition-washing-machine-in-vinay-nagar-nashik-iid-1824285171,Top condition washing Machine,Not new but Like new condition Washing machine Fridge Microwave Avelble - Washing Machines,6000,"[""/content/drive/MyDrive/olx_washingmachine_dataset/images/washmachine_059341020c/1.jpg"", ""/content/drive/MyDrive/olx_washingmachine_dataset/images/washmachine_059341020c/2.jpg"", ""/content/drive/MyDrive/olx_washingmachine_dataset/images/washmachine_059341020c/3.jpg"", ""/content/drive/MyDrive/olx_washingmachine_dataset/images/washmachine_059341020c/4.jpg"", ""/content/drive/MyDrive/olx_washingmachine_dataset/images/washmachine_059341020c/5.jpg"", ""/content/drive/MyDrive/olx_washingmachine_dataset/images/washmachine_059341020c/6.jpg"", ""/content/drive/MyDrive/olx_washingmachine_dataset/images/washmachine_059341020c/7.jpg"", ""/content/drive/MyDrive/olx_washingmachine_dataset/images/washmachine_059341020c/8.jpg"", ""/content/drive/MyDrive/olx_washingmachine_dataset/images/washmachine_059341020c/9.jpg"", ""/content/drive/MyDrive/olx_washingmachine_dataset/images/washmachine_059341020c/10.jpg""]",10,2025-12-09 07:34:49.215371
washmachine_e3436361ca,https://www.olx.in/item/washing-machines-c1615-6500-washing-machine-fridge-delivery-aval-in-andheri-east-mumbai-iid-1828717522,6500/- [ WASHING MACHINE ] FRIDGE [ DELIVERY AVAL ],"Very low price washing machine available with 5 years warranty Good looking washing machine fully automatic Fast service available @@ WE ARE FROM SHIFA ELECTRONICS OUR SHOP CAN PROVIDE HARDLY USED APPLIANCE @ BEST 5 YEAR'S WARRANTY FRIDGE /WASHING MACHINE AND TECHNICIANS SERVICE ALL OVER MUMBAI,, *WE CAN PROVIDE APPLIANCES LIKE * JUST SECOND HAND 2/3 YEAR'S USED APPLIANCE =[ BRAND =] = LG, SAMSUNG, WHIRLPOOL, HAIR, FRIDGE =] SINGLE DOOR FRIDGE AVAILABLE =] DOUBLE DOOR FRIDGE AVAILABLE WASHING MACHINE =] TOP LOAD FULLY AUTOMATIC WASHING MACHINE AVAILABLE =] SEMI WASHING MACHINE AVAILABLE 1. FRIDGE Single door :- 6500/- to 7500/- double door:- 8500/- to 15500/- 2. WASHING MACHINE Washing machine:- 6500/- to 12500/- 3. WINDOWS AC AVAILABLE 4. SPLIT AC AVAILABLE =[ WARRANTY ON APPLIANCE = = @ 5 YEAR'S COMPRESSOR WARRANTY ON FRIDGE. =@ 5 YEAR'S MOTOR WARRANTY ON WASHING MACHINE =@ NEW INLET AND OUT LET PIPE FREE FOR WASHING MACHINE ALSO AVAILABLE ON RENT BASIS 1) 500/- par month single door fridge 2) 500/- par month washing machine. 2) 700 /- par month double door fridge. FOR MORE DETAILS CALL US. SHIFA ELECTRONICS , PREM NAGAR, FISH MARKET, JOGESHWARI EAST. MUMBAI. Pin -400060. - Washing Machines",6500,"[""/content/drive/MyDrive/olx_washingmachine_dataset/images/washmachine_e3436361ca/1.jpg"", ""/content/drive/MyDrive/olx_washingmachine_dataset/images/washmachine_e3436361ca/2.jpg"", ""/content/drive/MyDrive/olx_washingmachine_dataset/images/washmachine_e3436361ca/3.jpg"", ""/content/drive/MyDrive/olx_washingmachine_dataset/images/washmachine_e3436361ca/4.jpg"", ""/content/drive/MyDrive/olx_washingmachine_dataset/images/washmachine_e3436361ca/5.jpg"", ""/content/drive/MyDrive/olx_washingmachine_dataset/images/washmachine_e3436361ca/6.jpg"", ""/content/drive/MyDrive/olx_washingmachine_dataset/images/washmachine_e3436361ca/7.jpg"", ""/content/drive/MyDrive/olx_washingmachine_dataset/images/washmachine_e3436361ca/8.jpg""]",8,2025-12-09 07:34:54.145192
washmachine_79108a1bbb,https://www.olx.in/item/washing-machines-c1615-washing-machine-for-sale-in-othakalmandapam-coimbatore-iid-1828716508,Washing machine for sale,Semiautomatic 7 kg well maintained washing machine for sale for 8000 rupees..Negotiable - Washing Machines,8000,"[""/content/drive/MyDrive/olx_washingmachine_dataset/images/washmachine_79108a1bbb/1.jpg"", ""/content/drive/MyDrive/olx_washingmachine_dataset/images/washmachine_79108a1bbb/2.jpg"", ""/content/drive/MyDrive/olx_washingmachine_dataset/images/washmachine_79108a1bbb/3.jpg"", ""/content/drive/MyDrive/olx_washingmachine_dataset/images/washmachine_79108a1bbb/4.jpg"", ""/content/drive/MyDrive/olx_washingmachine_dataset/images/washmachine_79108a1bbb/5.jpg"", ""/content/drive/MyDrive/olx_washingmachine_dataset/images/washmachine_79108a1bbb/6.jpg"", ""/content/drive/MyDrive/olx_washingmachine_dataset/images/washmachine_79108a1bbb/7.jpg"", ""/content/drive/MyDrive/olx_washingmachine_dataset/images/washmachine_79108a1bbb/8.jpg""]",8,2025-12-09 07:35:40.077796
washmachine_7e11a49287,https://www.olx.in/item/washing-machines-c1615-its-good-working-condition-in-ragavendra-nagar-bengaluru-iid-1828716418,It's good  working condition.,"Plane new machine because of selling, it's good condition - Washing Machines",4000,"[""/content/drive/MyDrive/olx_washingmachine_dataset/images/washmachine_7e11a49287/1.jpg"", ""/content/drive/MyDrive/olx_washingmachine_dataset/images/washmachine_7e11a49287/2.jpg"", ""/content/drive/MyDrive/olx_washingmachine_dataset/images/washmachine_7e11a49287/3.jpg"", ""/content/drive/MyDrive/olx_washingmachine_dataset/images/washmachine_7e11a49287/4.jpg"", ""/content/drive/MyDrive/olx_washingmachine_dataset/images/washmachine_7e11a49287/5.jpg"", ""/content/drive/MyDrive/olx_washingmachine_dataset/images/washmachine_7e11a49287/6.jpg"", ""/content/drive/MyDrive/olx_washingmachine_dataset/images/washmachine_7e11a49287/7.jpg"", ""/content/drive/MyDrive/olx_washingmachine_dataset/images/washmachine_7e11a49287/8.jpg""]",8,2025-12-09 07:37:53.509223
washmachine_3738a1b2a1,https://www.olx.in/item/washing-machines-c1615-motersemi-automatic-washing-machine-in-kalkulam-kulasekaram-iid-1828715858,Moter(semi automatic washing machine),Moter aluminum coil - Washing Machines,1500,"[""/content/drive/MyDrive/olx_washingmachine_dataset/images/washmachine_3738a1b2a1/1.jpg"", ""/content/drive/MyDrive/olx_washingmachine_dataset/images/washmachine_3738a1b2a1/2.jpg"", ""/content/drive/MyDrive/olx_washingmachine_dataset/images/washmachine_3738a1b2a1/3.jpg"", ""/content/drive/MyDrive/olx_washingmachine_dataset/images/washmachine_3738a1b2a1/4.jpg"", ""/content/drive/MyDrive/olx_washingmachine_dataset/images/washmachine_3738a1b2a1/5.jpg"", ""/content/drive/MyDrive/olx_washingmachine_dataset/images/washmachine_3738a1b2a1/6.jpg"", ""/content/drive/MyDrive/olx_washingmachine_dataset/images/washmachine_3738a1b2a1/7.jpg"", ""/content/drive/MyDrive/olx_washingmachine_dataset/images/washmachine_3738a1b2a1/8.jpg""]",8,2025-12-09 07:38:00.530380
washmachine_3e94ae0798,https://www.olx.in/item/washing-machines-c1615-washing-machine-in-kurla-west-mumbai-iid-1828718883,Washing Machine,"1-year-old washing machine in mint condition looks and performs like new. 6.5kg, Fully Automatic. Received as gift (no bill). Only faint cosmetic marks from minimal use, zero functional issues. Exceptional value Ready to Negotiate (Slightly) - Washing Machines",7000,"[""/content/drive/MyDrive/olx_washingmachine_dataset/images/washmachine_3e94ae0798/1.jpg"", ""/content/drive/MyDrive/olx_washingmachine_dataset/images/washmachine_3e94ae0798/2.jpg"", ""/content/drive/MyDrive/olx_washingmachine_dataset/images/washmachine_3e94ae0798/3.jpg"", ""/content/drive/MyDrive/olx_washingmachine_dataset/images/washmachine_3e94ae0798/4.jpg"", ""/content/drive/MyDrive/olx_washingmachine_dataset/images/washmachine_3e94ae0798/5.jpg"", ""/content/drive/MyDrive/olx_washingmachine_dataset/images/washmachine_3e94ae0798/6.jpg"", ""/content/drive/MyDrive/olx_washingmachine_dataset/images/washmachine_3e94ae0798/7.jpg"", ""/content/drive/MyDrive/olx_washingmachine_dataset/images/washmachine_3e94ae0798/8.jpg""]",8,2025-12-09 07:38:07.275228
washmachine_613b9d50ed,https://www.olx.in/item/washing-machines-c1615-0093a-washing-machine-collar-wash-top-load-fully-automatic-in-yelahanka-bengaluru-iid-1816481278,0093;a washing machine collar wash top load fully automatic,"*Get - electronics* Price range 1. top load washing machine starts from [5500] 2. front load washing machine starts from [7000] 3. single door refrigerator starts from [6000] 4. Double door refrigerator starts from [7000] 5. Combo offers available both washing machine & refrigerator *DELIVERY* Hassle free same day delivery & installation in all over bangalore *INSTALLATION* we provide installation with new inlet & outlet pipes for washing machine *WARRANTY* 1. 1 year warranty on compressor & 6 months free service for refrigerator 2. 1 year warranty on motor & 6 months free service for washing machine *PAYMENT MODE* we accept card/COD/internet banking/phonepay/Gpay. *ABOUT OUR PRODUCTS* Certified every product undergo rigorous testing & are in flawless working condition. some parts may have been replaced with high quality, OEM parts in ensure full functionality. - Washing Machines",9000,"[""/content/drive/MyDrive/olx_washingmachine_dataset/images/washmachine_613b9d50ed/1.jpg"", ""/content/drive/MyDrive/olx_washingmachine_dataset/images/washmachine_613b9d50ed/2.jpg"", ""/content/drive/MyDrive/olx_washingmachine_dataset/images/washmachine_613b9d50ed/3.jpg"", ""/content/drive/MyDrive/olx_washingmachine_dataset/images/washmachine_613b9d50ed/4.jpg"", ""/content/drive/MyDrive/olx_washingmachine_dataset/images/washmachine_613b9d50ed/5.jpg"", ""/content/drive/MyDrive/olx_washingmachine_dataset/images/washmachine_613b9d50ed/6.jpg"", ""/content/drive/MyDrive/olx_washingmachine_dataset/images/washmachine_613b9d50ed/7.jpg"", ""/content/drive/MyDrive/olx_washingmachine_dataset/images/washmachine_613b9d50ed/8.jpg""]",8,2025-12-09 07:38:53.251073
washmachine_693b05dc69,https://www.olx.in/item/washing-machines-c1615-lg-perfect-condition-fully-automatic-with-delivery-and-1-year-warrnty-in-sector-56-gurgaon-iid-1747571664,LG perfect condition fully automatic with delivery and 1 year warrnty,4 year old new condition LG turbo drum 6 kg fully automatic washing machine at just rs 6500 only with- Free home delivery Free inlet outlet pipes worth rs 500 Free installation on normal tap 1 year warranty on motor 3 month warranty on all parts U can follow us on Instagram to see all available models it's 'Twice Nice Home Appliances' OR U can order on whatsapp and pay cash on delivery after proper demo and testing OR Visit our pre owned home appliances store located at opposite hype Gym Cross roads complex DLF phase 3 near guru dronacharaya metro station gurgaon - Washing Machines,6500,"[""/content/drive/MyDrive/olx_washingmachine_dataset/images/washmachine_693b05dc69/1.jpg"", ""/content/drive/MyDrive/olx_washingmachine_dataset/images/washmachine_693b05dc69/2.jpg"", ""/content/drive/MyDrive/olx_washingmachine_dataset/images/washmachine_693b05dc69/3.jpg"", ""/content/drive/MyDrive/olx_washingmachine_dataset/images/washmachine_693b05dc69/4.jpg"", ""/content/drive/MyDrive/olx_washingmachine_dataset/images/washmachine_693b05dc69/5.jpg"", ""/content/drive/MyDrive/olx_washingmachine_dataset/images/washmachine_693b05dc69/6.jpg"", ""/content/drive/MyDrive/olx_washingmachine_dataset/images/washmachine_693b05dc69/7.jpg"", ""/content/drive/MyDrive/olx_washingmachine_dataset/images/washmachine_693b05dc69/8.jpg""]",8,2025-12-09 07:39:39.469087
washmachine_a2c3bfb885,https://www.olx.in/item/washing-machines-c1615-combo-deals-washer-fridgee-home-essentials-sale-washers-fridg-in-hbr-layout-bengaluru-iid-1827797156,Combo Deals (Washer + Fridgee Home Essentials Sale - Washers & Fridg,"> Visit our website for more options: www .yourchoiz. in Flat ₹500 OFF + Cash on Delivery Use code: NAMMAYOURCHOIZ at www .yourchoiz. in Refurbished Appliances at Best Price – Quality You Can Trust! Looking for affordable home appliances without compromising on quality? Our refurbished refrigerators and washing machines are carefully inspected, fully tested, and restored to perfect working condition by experts. Why Choose Us? Fully tested and repaired if needed Professionally cleaned and sanitized Minor cosmetic marks possible, but 100% functional Environment-friendly and budget-friendly Available Products: Single Door Refrigerator – Starting at just ₹4,999 Double Door Refrigerator – Starting at ₹6,999 Top Load Washing Machine – Starting at ₹4,999 Front Load Washing Machine – Starting at ₹6,999 Warranty: 1 Year Warranty on Motor and Compressor Free delivery available in Bangalore Visit us today and give your home a smart upgrade at a smart price! - Washing Machines",11499,"[""/content/drive/MyDrive/olx_washingmachine_dataset/images/washmachine_a2c3bfb885/1.jpg"", ""/content/drive/MyDrive/olx_washingmachine_dataset/images/washmachine_a2c3bfb885/2.jpg"", ""/content/drive/MyDrive/olx_washingmachine_dataset/images/washmachine_a2c3bfb885/3.jpg"", ""/content/drive/MyDrive/olx_washingmachine_dataset/images/washmachine_a2c3bfb885/4.jpg"", ""/content/drive/MyDrive/olx_washingmachine_dataset/images/washmachine_a2c3bfb885/5.jpg"", ""/content/drive/MyDrive/olx_washingmachine_dataset/images/washmachine_a2c3bfb885/6.jpg"", ""/content/drive/MyDrive/olx_washingmachine_dataset/images/washmachine_a2c3bfb885/7.jpg"", ""/content/drive/MyDrive/olx_washingmachine_dataset/images/washmachine_a2c3bfb885/8.jpg""]",8,2025-12-09 07:40:27.733249
washmachine_98d91baa64,https://www.olx.in/item/washing-machines-c1615-in-farrukhabad-industrial-area-farrukhabad-iid-1816514338,अंब्रेला सिलाई मशीन बढ़िया गुड कंडीशन,₹5000 ओन्ली - Washing Machines,2500,"[""/content/drive/MyDrive/olx_washingmachine_dataset/images/washmachine_98d91baa64/1.jpg"", ""/content/drive/MyDrive/olx_washingmachine_dataset/images/washmachine_98d91baa64/2.jpg"", ""/content/drive/MyDrive/olx_washingmachine_dataset/images/washmachine_98d91baa64/3.jpg"", ""/content/drive/MyDrive/olx_washingmachine_dataset/images/washmachine_98d91baa64/4.jpg"", ""/content/drive/MyDrive/olx_washingmachine_dataset/images/washmachine_98d91baa64/5.jpg"", ""/content/drive/MyDrive/olx_washingmachine_dataset/images/washmachine_98d91baa64/6.jpg"", ""/content/drive/MyDrive/olx_washingmachine_dataset/images/washmachine_98d91baa64/7.jpg"", ""/content/drive/MyDrive/olx_washingmachine_dataset/images/washmachine_98d91baa64/8.jpg""]",8,2025-12-09 07:41:16.437958
washmachine_3f4a034c9f,https://www.olx.in/item/washing-machines-c1615-65-kg-5-star-fully-automatic-samsung-washing-machine-in-crossings-republik-ghaziabad-iid-1824065346,6.5 kg 5 star fully automatic Samsung washing machine,"6.5 kg 5 star fully automatic Samsung washing machine= 10,000 rs, 1.5 ton 5 star Voltas split AC, 1.5 ton 5 star Godrej window AC, 212 Liter 5 star Samsung refrigerator. - Washing Machines",9000,"[""/content/drive/MyDrive/olx_washingmachine_dataset/images/washmachine_3f4a034c9f/1.jpg"", ""/content/drive/MyDrive/olx_washingmachine_dataset/images/washmachine_3f4a034c9f/2.jpg"", ""/content/drive/MyDrive/olx_washingmachine_dataset/images/washmachine_3f4a034c9f/3.jpg"", ""/content/drive/MyDrive/olx_washingmachine_dataset/images/washmachine_3f4a034c9f/4.jpg"", ""/content/drive/MyDrive/olx_washingmachine_dataset/images/washmachine_3f4a034c9f/5.jpg"", ""/content/drive/MyDrive/olx_washingmachine_dataset/images/washmachine_3f4a034c9f/6.jpg"", ""/content/drive/MyDrive/olx_washingmachine_dataset/images/washmachine_3f4a034c9f/7.jpg"", ""/content/drive/MyDrive/olx_washingmachine_dataset/images/washmachine_3f4a034c9f/8.jpg""]",8,2025-12-09 07:42:45.439572
washmachine_ca351661a2,https://www.olx.in/item/washing-machines-c1615-i-7xt-ifb-top-load-automated-free-shipping-in-marathahalli-bengaluru-iid-1816491384,I;-£7£#xt ifb top load automated free shipping,( TERM N CONDITION ) * Free home delivery all over Bangalore within 24 hours * Free installation n demo at the delivery * We provide 12 months of motor warranty n 6 months service warranty at ur door step * We provide brand new accessories for washing machine ie inlet pipe n outlet pipe * COD availabile we accept all phone wallets n imps net bankings ( BRANCH'S AVAILABLE ) * MARATHAHALLI * HSR * NAGAWARA MAIN ROAD ( ASSESSMENT ) * We check the product n make sure tat its 100% working by our experts b4 n while the tym of delivery * The product will be genuine n in immaculate working condition ( BUY BACK GUARANTEE ) * We provide return policy of 50% cashback upto 12 to 15 months Contact for more info ! Regards : Get electronics ( marathahalli branch) - Washing Machines,8500,"[""/content/drive/MyDrive/olx_washingmachine_dataset/images/washmachine_ca351661a2/1.jpg"", ""/content/drive/MyDrive/olx_washingmachine_dataset/images/washmachine_ca351661a2/2.jpg"", ""/content/drive/MyDrive/olx_washingmachine_dataset/images/washmachine_ca351661a2/3.jpg"", ""/content/drive/MyDrive/olx_washingmachine_dataset/images/washmachine_ca351661a2/4.jpg"", ""/content/drive/MyDrive/olx_washingmachine_dataset/images/washmachine_ca351661a2/5.jpg"", ""/content/drive/MyDrive/olx_washingmachine_dataset/images/washmachine_ca351661a2/6.jpg"", ""/content/drive/MyDrive/olx_washingmachine_dataset/images/washmachine_ca351661a2/7.jpg"", ""/content/drive/MyDrive/olx_washingmachine_dataset/images/washmachine_ca351661a2/8.jpg""]",8,2025-12-09 07:44:17.214613
washmachine_697a1ae191,https://www.olx.in/item/washing-machines-c1615-odhueh-onida-top-load-lastest-fully-automatic-machine-free-in-marathahalli-bengaluru-iid-1816489633,O¢==£+dhueh onida top load lastest fully automatic machine free,Free delivery Free installation Free demo Free brand new inlet and outlet pipes Free 1 year warranty Free 6 months free service pick up before 12 to 15 months if u want to return ( pick up charges) 50 percent cash back Ground floor & first floor Free delivery - Washing Machines,7500,"[""/content/drive/MyDrive/olx_washingmachine_dataset/images/washmachine_697a1ae191/1.jpg"", ""/content/drive/MyDrive/olx_washingmachine_dataset/images/washmachine_697a1ae191/2.jpg"", ""/content/drive/MyDrive/olx_washingmachine_dataset/images/washmachine_697a1ae191/3.jpg"", ""/content/drive/MyDrive/olx_washingmachine_dataset/images/washmachine_697a1ae191/4.jpg"", ""/content/drive/MyDrive/olx_washingmachine_dataset/images/washmachine_697a1ae191/5.jpg"", ""/content/drive/MyDrive/olx_washingmachine_dataset/images/washmachine_697a1ae191/6.jpg"", ""/content/drive/MyDrive/olx_washingmachine_dataset/images/washmachine_697a1ae191/7.jpg"", ""/content/drive/MyDrive/olx_washingmachine_dataset/images/washmachine_697a1ae191/8.jpg""]",8,2025-12-09 07:46:30.213217
washmachine_6c7dc22d8e,https://www.olx.in/item/washing-machines-c1615-whirlpool-washing-machine-in-kalaighata-ranaghat-iid-1828716381,Whirlpool washing Machine,"Two Years Old Brand New Whirlpool White Magic Elite Fully Automatic Washing Machine For Sale In The Ranaghat, West Bengal. 6.5kg Top Load. - Washing Machines",10000,"[""/content/drive/MyDrive/olx_washingmachine_dataset/images/washmachine_6c7dc22d8e/1.jpg"", ""/content/drive/MyDrive/olx_washingmachine_dataset/images/washmachine_6c7dc22d8e/2.jpg"", ""/content/drive/MyDrive/olx_washingmachine_dataset/images/washmachine_6c7dc22d8e/3.jpg"", ""/content/drive/MyDrive/olx_washingmachine_dataset/images/washmachine_6c7dc22d8e/4.jpg"", ""/content/drive/MyDrive/olx_washingmachine_dataset/images/washmachine_6c7dc22d8e/5.jpg"", ""/content/drive/MyDrive/olx_washingmachine_dataset/images/washmachine_6c7dc22d8e/6.jpg"", ""/content/drive/MyDrive/olx_washingmachine_dataset/images/washmachine_6c7dc22d8e/7.jpg"", ""/content/drive/MyDrive/olx_washingmachine_dataset/images/washmachine_6c7dc22d8e/8.jpg""]",8,2025-12-09 07:46:34.885617
washmachine_07efaad850,https://www.olx.in/item/washing-machines-c1615-ifb-washing-machine-in-sector-16d-chandigarh-iid-1828228447,IFB washing machine,I want to sell my newly purchased IFB washing machine - Washing Machines,20000,"[""/content/drive/MyDrive/olx_washingmachine_dataset/images/washmachine_07efaad850/1.jpg"", ""/content/drive/MyDrive/olx_washingmachine_dataset/images/washmachine_07efaad850/2.jpg"", ""/content/drive/MyDrive/olx_washingmachine_dataset/images/washmachine_07efaad850/3.jpg"", ""/content/drive/MyDrive/olx_washingmachine_dataset/images/washmachine_07efaad850/4.jpg"", ""/content/drive/MyDrive/olx_washingmachine_dataset/images/washmachine_07efaad850/5.jpg"", ""/content/drive/MyDrive/olx_washingmachine_dataset/images/washmachine_07efaad850/6.jpg"", ""/content/drive/MyDrive/olx_washingmachine_dataset/images/washmachine_07efaad850/7.jpg"", ""/content/drive/MyDrive/olx_washingmachine_dataset/images/washmachine_07efaad850/8.jpg""]",8,2025-12-09 07:48:54.109238
washmachine_cc29531460,https://www.olx.in/item/washing-machines-c1615-6509-washing-machine-5-years-warranty-delivery-aval-in-chandivali-mumbai-iid-1828717663,6509/- [ WASHING MACHINE ] 5 YEARS WARRANTY [ DELIVERY AVAL ],"6500/- only washing machine with 5 years warranty Fast service available with Mumbai Good looking Full automatic @@ WE ARE FROM SHIFA ELECTRONICS OUR SHOP CAN PROVIDE HARDLY USED APPLIANCE @ BEST 5 YEAR'S WARRANTY FRIDGE /WASHING MACHINE AND TECHNICIANS SERVICE ALL OVER MUMBAI,, *WE CAN PROVIDE APPLIANCES LIKE * JUST SECOND HAND 2/3 YEAR'S USED APPLIANCE =[ BRAND =] = LG, SAMSUNG, WHIRLPOOL, HAIR, FRIDGE =] SINGLE DOOR FRIDGE AVAILABLE =] DOUBLE DOOR FRIDGE AVAILABLE WASHING MACHINE =] TOP LOAD FULLY AUTOMATIC WASHING MACHINE AVAILABLE =] SEMI WASHING MACHINE AVAILABLE 1. FRIDGE Single door :- 6500/- to 7500/- double door:- 8500/- to 15500/- 2. WASHING MACHINE Washing machine:- 6500/- to 12500/- 3. WINDOWS AC AVAILABLE 4. SPLIT AC AVAILABLE =[ WARRANTY ON APPLIANCE = = @ 5 YEAR'S COMPRESSOR WARRANTY ON FRIDGE. =@ 5 YEAR'S MOTOR WARRANTY ON WASHING MACHINE =@ NEW INLET AND OUT LET PIPE FREE FOR WASHING MACHINE ALSO AVAILABLE ON RENT BASIS 1) 500/- par month single door fridge 2) 500/- par month washing machine. 2) 700 /- par month double door fridge. FOR MORE DETAILS CALL US. SHIFA ELECTRONICS , PREM NAGAR, FISH MARKET, JOGESHWARI EAST. MUMBAI. Pin -400060. - Washing Machines",6500,"[""/content/drive/MyDrive/olx_washingmachine_dataset/images/washmachine_cc29531460/1.jpg"", ""/content/drive/MyDrive/olx_washingmachine_dataset/images/washmachine_cc29531460/2.jpg"", ""/content/drive/MyDrive/olx_washingmachine_dataset/images/washmachine_cc29531460/3.jpg"", ""/content/drive/MyDrive/olx_washingmachine_dataset/images/washmachine_cc29531460/4.jpg"", ""/content/drive/MyDrive/olx_washingmachine_dataset/images/washmachine_cc29531460/5.jpg"", ""/content/drive/MyDrive/olx_washingmachine_dataset/images/washmachine_cc29531460/6.jpg"", ""/content/drive/MyDrive/olx_washingmachine_dataset/images/washmachine_cc29531460/7.jpg"", ""/content/drive/MyDrive/olx_washingmachine_dataset/images/washmachine_cc29531460/8.jpg""]",8,2025-12-09 07:48:59.902908
washmachine_c77255516a,https://www.olx.in/item/washing-machines-c1615-whirlpool-8kg-automatic-top-load-washing-machine-in-tiarpara-katihar-iid-1828294135,WHIRLPOOL 8kg automatic top load washing machine.,With bill Under warranty New brand Sealed in box Model-31635 Manufacturing-25/6/25 Capacity-8kg - Washing Machines,17500,"[""/content/drive/MyDrive/olx_washingmachine_dataset/images/washmachine_c77255516a/1.jpg"", ""/content/drive/MyDrive/olx_washingmachine_dataset/images/washmachine_c77255516a/2.jpg"", ""/content/drive/MyDrive/olx_washingmachine_dataset/images/washmachine_c77255516a/3.jpg"", ""/content/drive/MyDrive/olx_washingmachine_dataset/images/washmachine_c77255516a/4.jpg"", ""/content/drive/MyDrive/olx_washingmachine_dataset/images/washmachine_c77255516a/5.jpg"", ""/content/drive/MyDrive/olx_washingmachine_dataset/images/washmachine_c77255516a/6.jpg"", ""/content/drive/MyDrive/olx_washingmachine_dataset/images/washmachine_c77255516a/7.jpg"", ""/content/drive/MyDrive/olx_washingmachine_dataset/images/washmachine_c77255516a/8.jpg""]",8,2025-12-09 07:49:05.739375
washmachine_b09be3ac2c,https://www.olx.in/item/washing-machines-c1615-automatic-washing-machine-7-kg-in-magdum-colony-ichalkaranji-iid-1801153579,Automatic washing machine 7 kg,7 kg automatic washing machine Godrej company. Just like new condition.please dont message with cheap offers. - Washing Machines,9500,"[""/content/drive/MyDrive/olx_washingmachine_dataset/images/washmachine_b09be3ac2c/1.jpg"", ""/content/drive/MyDrive/olx_washingmachine_dataset/images/washmachine_b09be3ac2c/2.jpg"", ""/content/drive/MyDrive/olx_washingmachine_dataset/images/washmachine_b09be3ac2c/3.jpg"", ""/content/drive/MyDrive/olx_washingmachine_dataset/images/washmachine_b09be3ac2c/4.jpg"", ""/content/drive/MyDrive/olx_washingmachine_dataset/images/washmachine_b09be3ac2c/5.jpg"", ""/content/drive/MyDrive/olx_washingmachine_dataset/images/washmachine_b09be3ac2c/6.jpg"", ""/content/drive/MyDrive/olx_washingmachine_dataset/images/washmachine_b09be3ac2c/7.jpg"", ""/content/drive/MyDrive/olx_washingmachine_dataset/images/washmachine_b09be3ac2c/8.jpg""]",8,2025-12-09 07:49:12.228109
washmachine_18bda0c0ce,https://www.olx.in/item/washing-machines-c1615-washing-machine-in-madh-island-mumbai-iid-1828716177,Washing machine,Fully automatic washing machine - Washing Machines,5000,"[""/content/drive/MyDrive/olx_washingmachine_dataset/images/washmachine_18bda0c0ce/1.jpg"", ""/content/drive/MyDrive/olx_washingmachine_dataset/images/washmachine_18bda0c0ce/2.jpg"", ""/content/drive/MyDrive/olx_washingmachine_dataset/images/washmachine_18bda0c0ce/3.jpg"", ""/content/drive/MyDrive/olx_washingmachine_dataset/images/washmachine_18bda0c0ce/4.jpg"", ""/content/drive/MyDrive/olx_washingmachine_dataset/images/washmachine_18bda0c0ce/5.jpg"", ""/content/drive/MyDrive/olx_washingmachine_dataset/images/washmachine_18bda0c0ce/6.jpg"", ""/content/drive/MyDrive/olx_washingmachine_dataset/images/washmachine_18bda0c0ce/7.jpg"", ""/content/drive/MyDrive/olx_washingmachine_dataset/images/washmachine_18bda0c0ce/8.jpg""]",8,2025-12-09 07:51:27.127413
washmachine_f61ef051c9,https://www.olx.in/item/washing-machines-c1615-5-rs-dhamaka-warranty-washing-machine-delivery-free-in-airoli-navi-mumbai-iid-1654441379,5 ¥RS DHAMAKA WARRANTY [ WASHING MACHINE ] DELIVERY FREE,"[ GOOD LOOKING SECOND HAND USED PRODUCTS WITH WARRANTY AND DELIVERY FREE ] [ BEST WORKING CONDITION AND DELIVERY FREE FAST DELIVERY FREE AND FAST SERVICE IN NAVI MUMBAI. BEST WARRANTY AND SERVICE WITH DELIVERY FREE $ DHAMAKA WARRANTY AND FAST DELIVERY $ [ BEST CONDITION GOOD LOOKING WINDOWS AC, SPLIT AC AVAILABLE ] [ BEST CONDITION BEST COLORS ] [ FAST SERVICE AND FAST DELIVERY ] FAST DELIVERY FREE AND FAST SERVICE =} GOOD LOOKING SINGLE DOOR FRIDGE AVAILABLE =} CAPACITY= 190 LITER =} GOOD LOOKING DOUBLE DOOR FRIDGE AVAILABLE =} CAPACITY = 250 LITER TO 600 LITER =} FULLY AUTOMATIC WASHING MACHINE AVAILABLE CAPACITY = 6 KG TO 9 KG WASHING MACHINE AVAILABLE PRISE =} 6500/- TO 35000/- FRIDGE AND WASHING MACHINE. CAPACITY =[ 1 TON, 1.5 TON ] SPLIT AC. PRISE =[ 13500/- TO 19500/- ] SPLIT AC. CAPACITY =[ 1 TON, 1.5 TON ] WINDOW AC. PRISE =[ 10500/- TO 15500/- ] WINDOW AC. BRAND [ LG, SAMSUNG, LLYOD, VOLTAS,] [ WARRANTY ON AC ] [ SPLIT AC,/ WINDOWS AC ] =] 1 YEAR'S COMPRESSOR WARRANTY ON AC. =} 5 YEAR'S COMPRESSOR WARRANTY ON FRIDGE =} 5 YEAR'S MOTOR WARRANTY ON WASHING MACHINE =] DELIVERY FREE =] INSTALLATION FREE ONLY [ WINDOWS AC ] =} INSTALLATION FREE WASHING MACHINE [ FAST DELIVERY FREE IN NAVI MUMBAI ] Contact Aman AIR COOL CENTER Shop no. 4 Yadav colony, Near orange tree school, Opposite trans apartment, Mahakali caves road, Andheri East, Mumbai 400093. LAND MARK :- Shri Sathya Sai Baba dharmakshetra & school Shop time:- 10 am to 10 pm All day open - Washing Machines",6500,"[""/content/drive/MyDrive/olx_washingmachine_dataset/images/washmachine_f61ef051c9/1.jpg"", ""/content/drive/MyDrive/olx_washingmachine_dataset/images/washmachine_f61ef051c9/2.jpg"", ""/content/drive/MyDrive/olx_washingmachine_dataset/images/washmachine_f61ef051c9/3.jpg"", ""/content/drive/MyDrive/olx_washingmachine_dataset/images/washmachine_f61ef051c9/4.jpg"", ""/content/drive/MyDrive/olx_washingmachine_dataset/images/washmachine_f61ef051c9/5.jpg"", ""/content/drive/MyDrive/olx_washingmachine_dataset/images/washmachine_f61ef051c9/6.jpg"", ""/content/drive/MyDrive/olx_washingmachine_dataset/images/washmachine_f61ef051c9/7.jpg"", ""/content/drive/MyDrive/olx_washingmachine_dataset/images/washmachine_f61ef051c9/8.jpg""]",8,2025-12-09 07:52:14.311787
washmachine_8729ffdcf3,https://www.olx.in/item/washing-machines-c1615-whirlpool-ace-washing-machinecarries-up-to-15kgmoves-clothesproperly-in-bergum-habra-iid-1827961115,"Whirlpool ace washing machine,carries up to 15kg,moves clothesproperly",It's not used by anyone and we need another phone in house for a member so . - Washing Machines,10000,"[""/content/drive/MyDrive/olx_washingmachine_dataset/images/washmachine_8729ffdcf3/1.jpg"", ""/content/drive/MyDrive/olx_washingmachine_dataset/images/washmachine_8729ffdcf3/2.jpg"", ""/content/drive/MyDrive/olx_washingmachine_dataset/images/washmachine_8729ffdcf3/3.jpg"", ""/content/drive/MyDrive/olx_washingmachine_dataset/images/washmachine_8729ffdcf3/4.jpg"", ""/content/drive/MyDrive/olx_washingmachine_dataset/images/washmachine_8729ffdcf3/5.jpg"", ""/content/drive/MyDrive/olx_washingmachine_dataset/images/washmachine_8729ffdcf3/6.jpg"", ""/content/drive/MyDrive/olx_washingmachine_dataset/images/washmachine_8729ffdcf3/7.jpg"", ""/content/drive/MyDrive/olx_washingmachine_dataset/images/washmachine_8729ffdcf3/8.jpg""]",8,2025-12-09 07:52:21.399866
washmachine_ee28caa0e0,https://www.olx.in/item/washing-machines-c1615-samsung-washing-machine-5-years-warranty-delivery-available-in-aarey-road-mumbai-iid-1828717745,Samsung washing machine [ 5 years warranty ] delivery available,"Samsung top load fully automatic washing machine with delivery available Good looking proper working condition Best working @@ WE ARE FROM SHIFA ELECTRONICS OUR SHOP CAN PROVIDE HARDLY USED APPLIANCE @ BEST 5 YEAR'S WARRANTY FRIDGE /WASHING MACHINE AND TECHNICIANS SERVICE ALL OVER MUMBAI,, *WE CAN PROVIDE APPLIANCES LIKE * JUST SECOND HAND 2/3 YEAR'S USED APPLIANCE =[ BRAND =] = LG, SAMSUNG, WHIRLPOOL, HAIR, FRIDGE =] SINGLE DOOR FRIDGE AVAILABLE =] DOUBLE DOOR FRIDGE AVAILABLE WASHING MACHINE =] TOP LOAD FULLY AUTOMATIC WASHING MACHINE AVAILABLE =] SEMI WASHING MACHINE AVAILABLE 1. FRIDGE Single door :- 6500/- to 7500/- double door:- 8500/- to 15500/- 2. WASHING MACHINE Washing machine:- 6500/- to 12500/- 3. WINDOWS AC AVAILABLE 4. SPLIT AC AVAILABLE =[ WARRANTY ON APPLIANCE = = @ 5 YEAR'S COMPRESSOR WARRANTY ON FRIDGE. =@ 5 YEAR'S MOTOR WARRANTY ON WASHING MACHINE =@ NEW INLET AND OUT LET PIPE FREE FOR WASHING MACHINE ALSO AVAILABLE ON RENT BASIS 1) 500/- par month single door fridge 2) 500/- par month washing machine. 2) 700 /- par month double door fridge. FOR MORE DETAILS CALL US. SHIFA ELECTRONICS , PREM NAGAR, FISH MARKET, JOGESHWARI EAST. MUMBAI. Pin -400060. - Washing Machines",6500,"[""/content/drive/MyDrive/olx_washingmachine_dataset/images/washmachine_ee28caa0e0/1.jpg"", ""/content/drive/MyDrive/olx_washingmachine_dataset/images/washmachine_ee28caa0e0/2.jpg"", ""/content/drive/MyDrive/olx_washingmachine_dataset/images/washmachine_ee28caa0e0/3.jpg"", ""/content/drive/MyDrive/olx_washingmachine_dataset/images/washmachine_ee28caa0e0/4.jpg"", ""/content/drive/MyDrive/olx_washingmachine_dataset/images/washmachine_ee28caa0e0/5.jpg"", ""/content/drive/MyDrive/olx_washingmachine_dataset/images/washmachine_ee28caa0e0/6.jpg"", ""/content/drive/MyDrive/olx_washingmachine_dataset/images/washmachine_ee28caa0e0/7.jpg"", ""/content/drive/MyDrive/olx_washingmachine_dataset/images/washmachine_ee28caa0e0/8.jpg""]",8,2025-12-09 07:52:27.345953
washmachine_711c7ecb47,https://www.olx.in/item/washing-machines-c1615-branded-ifb-top-load-washing-machine-in-annavaram-andhra-pradesh-iid-1828716466,BRANDED IFB Top load washing machine,"IFB 6.5 Kg 5 Star Fully Automatic Top Load Washing Machine Aqua Conserve (TL-RSS 6.5KG AQUA, WHITE colour, Hard Water Wash) - Washing Machines",8000,"[""/content/drive/MyDrive/olx_washingmachine_dataset/images/washmachine_711c7ecb47/1.jpg"", ""/content/drive/MyDrive/olx_washingmachine_dataset/images/washmachine_711c7ecb47/2.jpg"", ""/content/drive/MyDrive/olx_washingmachine_dataset/images/washmachine_711c7ecb47/3.jpg"", ""/content/drive/MyDrive/olx_washingmachine_dataset/images/washmachine_711c7ecb47/4.jpg"", ""/content/drive/MyDrive/olx_washingmachine_dataset/images/washmachine_711c7ecb47/5.jpg"", ""/content/drive/MyDrive/olx_washingmachine_dataset/images/washmachine_711c7ecb47/6.jpg"", ""/content/drive/MyDrive/olx_washingmachine_dataset/images/washmachine_711c7ecb47/7.jpg"", ""/content/drive/MyDrive/olx_washingmachine_dataset/images/washmachine_711c7ecb47/8.jpg""]",8,2025-12-09 07:53:15.285101
washmachine_e6a2fcaf03,https://www.olx.in/item/washing-machines-c1615-lg-washing-machine-85-kgs-in-bharat-nagar-hyderabad-iid-1828715992,LG WASHING MACHINE 8.5 kgs,11 months old - Washing Machines,7500,"[""/content/drive/MyDrive/olx_washingmachine_dataset/images/washmachine_e6a2fcaf03/1.jpg"", ""/content/drive/MyDrive/olx_washingmachine_dataset/images/washmachine_e6a2fcaf03/2.jpg"", ""/content/drive/MyDrive/olx_washingmachine_dataset/images/washmachine_e6a2fcaf03/3.jpg"", ""/content/drive/MyDrive/olx_washingmachine_dataset/images/washmachine_e6a2fcaf03/4.jpg"", ""/content/drive/MyDrive/olx_washingmachine_dataset/images/washmachine_e6a2fcaf03/5.jpg"", ""/content/drive/MyDrive/olx_washingmachine_dataset/images/washmachine_e6a2fcaf03/6.jpg"", ""/content/drive/MyDrive/olx_washingmachine_dataset/images/washmachine_e6a2fcaf03/7.jpg"", ""/content/drive/MyDrive/olx_washingmachine_dataset/images/washmachine_e6a2fcaf03/8.jpg""]",8,2025-12-09 07:54:02.401099
washmachine_478a628716,https://www.olx.in/item/washing-machines-c1615-washing-machine-study-table-and-cabinet-moving-out-offer-in-gummanahalli-bengaluru-iid-1821439683,Washing Machine Study Table and cabinet - moving out offer,"Washing Machine , Study Table and storage cabinet - Washing Machines",8000,"[""/content/drive/MyDrive/olx_washingmachine_dataset/images/washmachine_478a628716/1.jpg"", ""/content/drive/MyDrive/olx_washingmachine_dataset/images/washmachine_478a628716/2.jpg"", ""/content/drive/MyDrive/olx_washingmachine_dataset/images/washmachine_478a628716/3.jpg"", ""/content/drive/MyDrive/olx_washingmachine_dataset/images/washmachine_478a628716/4.jpg"", ""/content/drive/MyDrive/olx_washingmachine_dataset/images/washmachine_478a628716/5.jpg"", ""/content/drive/MyDrive/olx_washingmachine_dataset/images/washmachine_478a628716/6.jpg"", ""/content/drive/MyDrive/olx_washingmachine_dataset/images/washmachine_478a628716/7.jpg"", ""/content/drive/MyDrive/olx_washingmachine_dataset/images/washmachine_478a628716/8.jpg""]",8,2025-12-09 07:54:08.224367
washmachine_c9a562075d,https://www.olx.in/item/washing-machines-c1615-very-good-condition-in-sitaram-mohal-kanpur-iid-1828717029,Very good condition,Washing machine 7 kg samsung semi auto - Washing Machines,3500,"[""/content/drive/MyDrive/olx_washingmachine_dataset/images/washmachine_c9a562075d/1.jpg"", ""/content/drive/MyDrive/olx_washingmachine_dataset/images/washmachine_c9a562075d/2.jpg"", ""/content/drive/MyDrive/olx_washingmachine_dataset/images/washmachine_c9a562075d/3.jpg"", ""/content/drive/MyDrive/olx_washingmachine_dataset/images/washmachine_c9a562075d/4.jpg"", ""/content/drive/MyDrive/olx_washingmachine_dataset/images/washmachine_c9a562075d/5.jpg"", ""/content/drive/MyDrive/olx_washingmachine_dataset/images/washmachine_c9a562075d/6.jpg"", ""/content/drive/MyDrive/olx_washingmachine_dataset/images/washmachine_c9a562075d/7.jpg"", ""/content/drive/MyDrive/olx_washingmachine_dataset/images/washmachine_c9a562075d/8.jpg""]",8,2025-12-09 07:54:15.116871
washmachine_8a0870d5e3,https://www.olx.in/item/washing-machines-c1615-good-condition-washing-machine-for-sale-in-madanaiyakanahalli-bengaluru-iid-1828717601,Good condition washing machine for sale,"A very good condition, working top load LG washing machine for sale - Washing Machines",6500,"[""/content/drive/MyDrive/olx_washingmachine_dataset/images/washmachine_8a0870d5e3/1.jpg"", ""/content/drive/MyDrive/olx_washingmachine_dataset/images/washmachine_8a0870d5e3/2.jpg"", ""/content/drive/MyDrive/olx_washingmachine_dataset/images/washmachine_8a0870d5e3/3.jpg"", ""/content/drive/MyDrive/olx_washingmachine_dataset/images/washmachine_8a0870d5e3/4.jpg"", ""/content/drive/MyDrive/olx_washingmachine_dataset/images/washmachine_8a0870d5e3/5.jpg"", ""/content/drive/MyDrive/olx_washingmachine_dataset/images/washmachine_8a0870d5e3/6.jpg"", ""/content/drive/MyDrive/olx_washingmachine_dataset/images/washmachine_8a0870d5e3/7.jpg"", ""/content/drive/MyDrive/olx_washingmachine_dataset/images/washmachine_8a0870d5e3/8.jpg""]",8,2025-12-09 07:54:22.713147
washmachine_6763c605e0,https://www.olx.in/item/washing-machines-c1615-haier-washing-machine-for-immediate-sale-in-padi-tada-iid-1828715872,Haier washing machine for immediate sale,"Haier washing machine top load 6 kgs bought 3 months back, is on immediate sale - Washing Machines",10000,"[""/content/drive/MyDrive/olx_washingmachine_dataset/images/washmachine_6763c605e0/1.jpg"", ""/content/drive/MyDrive/olx_washingmachine_dataset/images/washmachine_6763c605e0/2.jpg"", ""/content/drive/MyDrive/olx_washingmachine_dataset/images/washmachine_6763c605e0/3.jpg"", ""/content/drive/MyDrive/olx_washingmachine_dataset/images/washmachine_6763c605e0/4.jpg"", ""/content/drive/MyDrive/olx_washingmachine_dataset/images/washmachine_6763c605e0/5.jpg"", ""/content/drive/MyDrive/olx_washingmachine_dataset/images/washmachine_6763c605e0/6.jpg"", ""/content/drive/MyDrive/olx_washingmachine_dataset/images/washmachine_6763c605e0/7.jpg"", ""/content/drive/MyDrive/olx_washingmachine_dataset/images/washmachine_6763c605e0/8.jpg""]",8,2025-12-09 07:54:30.416892
washmachine_fc05a26a1e,https://www.olx.in/item/washing-machines-c1615-fully-automatic-washing-machines-on-monthly-rent-in-laxmi-nagar-delhi-iid-1825709642,Fully automatic washing machines on monthly rent,Get latest fully automatic top load washing machines on monthly rent at just rs 500 per month only with benefits like Free home delivery Free repair and maintenance Free installation on compatible tap Free repair and maintenance Free relocation No kyc Instant delivery - Washing Machines,500,"[""/content/drive/MyDrive/olx_washingmachine_dataset/images/washmachine_fc05a26a1e/1.jpg"", ""/content/drive/MyDrive/olx_washingmachine_dataset/images/washmachine_fc05a26a1e/2.jpg"", ""/content/drive/MyDrive/olx_washingmachine_dataset/images/washmachine_fc05a26a1e/3.jpg"", ""/content/drive/MyDrive/olx_washingmachine_dataset/images/washmachine_fc05a26a1e/4.jpg"", ""/content/drive/MyDrive/olx_washingmachine_dataset/images/washmachine_fc05a26a1e/5.jpg"", ""/content/drive/MyDrive/olx_washingmachine_dataset/images/washmachine_fc05a26a1e/6.jpg"", ""/content/drive/MyDrive/olx_washingmachine_dataset/images/washmachine_fc05a26a1e/7.jpg"", ""/content/drive/MyDrive/olx_washingmachine_dataset/images/washmachine_fc05a26a1e/8.jpg""]",8,2025-12-09 07:54:36.129193
washmachine_c921f53da2,https://www.olx.in/item/washing-machines-c1615-ifb-65kg-1000-rpm-good-condition-in-manayata-tech-park-bengaluru-iid-1822138703,Ifb 6.5kg 1000 rpm Good condition,"Visit our website for more options: www .yourchoiz. in Flat ₹500 OFF + Cash on Delivery Use code: NAMMAYOURCHOIZ at www .yourchoiz. in Refurbished Appliances at Best Price – Quality You Can Trust! Looking for affordable home appliances without compromising on quality? Our refurbished refrigerators and washing machines are carefully inspected, fully tested, and restored to perfect working condition by experts. Why Choose Us? Fully tested and repaired if needed Professionally cleaned and sanitized Minor cosmetic marks possible, but 100% functional Environment-friendly and budget-friendly Available Products: Single Door Refrigerator – Starting at just ₹5499 Double Door Refrigerator – Starting at ₹7499 Top Load Washing Machine – Starting at ₹5499 Front Load Washing Machine – Starting at ₹7499 Warranty: 1 Year Warranty on Motor and Compressor Free delivery available in Bangalore Visit us today and give your home a smart upgrade at a smart price! - Washing Machines",8999,"[""/content/drive/MyDrive/olx_washingmachine_dataset/images/washmachine_c921f53da2/1.jpg"", ""/content/drive/MyDrive/olx_washingmachine_dataset/images/washmachine_c921f53da2/2.jpg"", ""/content/drive/MyDrive/olx_washingmachine_dataset/images/washmachine_c921f53da2/3.jpg"", ""/content/drive/MyDrive/olx_washingmachine_dataset/images/washmachine_c921f53da2/4.jpg"", ""/content/drive/MyDrive/olx_washingmachine_dataset/images/washmachine_c921f53da2/5.jpg"", ""/content/drive/MyDrive/olx_washingmachine_dataset/images/washmachine_c921f53da2/6.jpg"", ""/content/drive/MyDrive/olx_washingmachine_dataset/images/washmachine_c921f53da2/7.jpg"", ""/content/drive/MyDrive/olx_washingmachine_dataset/images/washmachine_c921f53da2/8.jpg""]",8,2025-12-09 07:54:44.518713
washmachine_a455242295,https://www.olx.in/item/washing-machines-c1615-haier-washing-machine-in-sector-9-ambala-iid-1828442101,HAIER WASHING MACHINE,HAIER New condition RED AND White color Full working condition - Washing Machines,4000,"[""/content/drive/MyDrive/olx_washingmachine_dataset/images/washmachine_a455242295/1.jpg"", ""/content/drive/MyDrive/olx_washingmachine_dataset/images/washmachine_a455242295/2.jpg"", ""/content/drive/MyDrive/olx_washingmachine_dataset/images/washmachine_a455242295/3.jpg"", ""/content/drive/MyDrive/olx_washingmachine_dataset/images/washmachine_a455242295/4.jpg"", ""/content/drive/MyDrive/olx_washingmachine_dataset/images/washmachine_a455242295/5.jpg"", ""/content/drive/MyDrive/olx_washingmachine_dataset/images/washmachine_a455242295/6.jpg"", ""/content/drive/MyDrive/olx_washingmachine_dataset/images/washmachine_a455242295/7.jpg"", ""/content/drive/MyDrive/olx_washingmachine_dataset/images/washmachine_a455242295/8.jpg""]",8,2025-12-09 07:54:50.460010
washmachine_e9c0bcbb2a,https://www.olx.in/item/washing-machines-c1615-washing-machines-on-monthly-rent-at-500-per-month-only-in-karol-bagh-delhi-iid-1800131042,Washing machines on monthly rent at 500 per month only,"Get latest fully automatic top load washing machines on monthly rent at just rs 500 per month only with, Free home delivery Free repair and maintenance Free inlet outlet pipes worth rs 500 Free shifting to another location No kyc Lock-in period is just 3 month 24 to 48 hour delivery Cheapest rent in delhi and ncr Call to book now - Washing Machines",500,"[""/content/drive/MyDrive/olx_washingmachine_dataset/images/washmachine_e9c0bcbb2a/1.jpg"", ""/content/drive/MyDrive/olx_washingmachine_dataset/images/washmachine_e9c0bcbb2a/2.jpg"", ""/content/drive/MyDrive/olx_washingmachine_dataset/images/washmachine_e9c0bcbb2a/3.jpg"", ""/content/drive/MyDrive/olx_washingmachine_dataset/images/washmachine_e9c0bcbb2a/4.jpg"", ""/content/drive/MyDrive/olx_washingmachine_dataset/images/washmachine_e9c0bcbb2a/5.jpg"", ""/content/drive/MyDrive/olx_washingmachine_dataset/images/washmachine_e9c0bcbb2a/6.jpg"", ""/content/drive/MyDrive/olx_washingmachine_dataset/images/washmachine_e9c0bcbb2a/7.jpg"", ""/content/drive/MyDrive/olx_washingmachine_dataset/images/washmachine_e9c0bcbb2a/8.jpg""]",8,2025-12-09 07:55:38.448984
washmachine_200e7ccc73,https://www.olx.in/item/washing-machines-c1615-lloyd-washing-machine-in-firdos-nagar-aligarh-iid-1828713656,Lloyd Washing Machine,"I am selling this washing machine, it is in good condition, both motors are new and weights capacity 7.2 kg. - Washing Machines",4500,"[""/content/drive/MyDrive/olx_washingmachine_dataset/images/washmachine_200e7ccc73/1.jpg"", ""/content/drive/MyDrive/olx_washingmachine_dataset/images/washmachine_200e7ccc73/2.jpg"", ""/content/drive/MyDrive/olx_washingmachine_dataset/images/washmachine_200e7ccc73/3.jpg"", ""/content/drive/MyDrive/olx_washingmachine_dataset/images/washmachine_200e7ccc73/4.jpg"", ""/content/drive/MyDrive/olx_washingmachine_dataset/images/washmachine_200e7ccc73/5.jpg"", ""/content/drive/MyDrive/olx_washingmachine_dataset/images/washmachine_200e7ccc73/6.jpg"", ""/content/drive/MyDrive/olx_washingmachine_dataset/images/washmachine_200e7ccc73/7.jpg"", ""/content/drive/MyDrive/olx_washingmachine_dataset/images/washmachine_200e7ccc73/8.jpg""]",8,2025-12-09 07:55:45.664797
washmachine_b443c61f42,https://www.olx.in/item/washing-machines-c1615-ifb-fully-automatic-washing-machine-in-inderpuri-delhi-iid-1828714761,IFB fully automatic washing machine,IFB fully automatic washing machine - Washing Machines,8000,"[""/content/drive/MyDrive/olx_washingmachine_dataset/images/washmachine_b443c61f42/1.jpg"", ""/content/drive/MyDrive/olx_washingmachine_dataset/images/washmachine_b443c61f42/2.jpg"", ""/content/drive/MyDrive/olx_washingmachine_dataset/images/washmachine_b443c61f42/3.jpg"", ""/content/drive/MyDrive/olx_washingmachine_dataset/images/washmachine_b443c61f42/4.jpg"", ""/content/drive/MyDrive/olx_washingmachine_dataset/images/washmachine_b443c61f42/5.jpg"", ""/content/drive/MyDrive/olx_washingmachine_dataset/images/washmachine_b443c61f42/6.jpg"", ""/content/drive/MyDrive/olx_washingmachine_dataset/images/washmachine_b443c61f42/7.jpg"", ""/content/drive/MyDrive/olx_washingmachine_dataset/images/washmachine_b443c61f42/8.jpg""]",8,2025-12-09 07:56:34.882877
washmachine_8291247741,https://www.olx.in/item/washing-machines-c1615-washing-machine-on-monthly-rent-with-free-delivery-and-maintenance-in-sector-56-gurgaon-iid-1770588952,Washing machine on monthly rent with free delivery and maintenance,"Washing machines available for rent at just rs 500 per month with free delivery,free maintenance,free inlet outlet pipes Call for more details - Washing Machines",500,"[""/content/drive/MyDrive/olx_washingmachine_dataset/images/washmachine_8291247741/1.jpg"", ""/content/drive/MyDrive/olx_washingmachine_dataset/images/washmachine_8291247741/2.jpg"", ""/content/drive/MyDrive/olx_washingmachine_dataset/images/washmachine_8291247741/3.jpg"", ""/content/drive/MyDrive/olx_washingmachine_dataset/images/washmachine_8291247741/4.jpg"", ""/content/drive/MyDrive/olx_washingmachine_dataset/images/washmachine_8291247741/5.jpg"", ""/content/drive/MyDrive/olx_washingmachine_dataset/images/washmachine_8291247741/6.jpg"", ""/content/drive/MyDrive/olx_washingmachine_dataset/images/washmachine_8291247741/7.jpg"", ""/content/drive/MyDrive/olx_washingmachine_dataset/images/washmachine_8291247741/8.jpg""]",8,2025-12-09 07:56:41.430758
washmachine_5f1064ccf1,https://www.olx.in/item/washing-machines-c1615-lg-washing-machine-in-mahadeshwara-nagar-bengaluru-iid-1828713746,LG Washing machine,LG fully automatic washing machine 6.2kg good condition . Available after Jan 15th because of room shifting - Washing Machines,7000,"[""/content/drive/MyDrive/olx_washingmachine_dataset/images/washmachine_5f1064ccf1/1.jpg"", ""/content/drive/MyDrive/olx_washingmachine_dataset/images/washmachine_5f1064ccf1/2.jpg"", ""/content/drive/MyDrive/olx_washingmachine_dataset/images/washmachine_5f1064ccf1/3.jpg"", ""/content/drive/MyDrive/olx_washingmachine_dataset/images/washmachine_5f1064ccf1/4.jpg"", ""/content/drive/MyDrive/olx_washingmachine_dataset/images/washmachine_5f1064ccf1/5.jpg"", ""/content/drive/MyDrive/olx_washingmachine_dataset/images/washmachine_5f1064ccf1/6.jpg"", ""/content/drive/MyDrive/olx_washingmachine_dataset/images/washmachine_5f1064ccf1/7.jpg"", ""/content/drive/MyDrive/olx_washingmachine_dataset/images/washmachine_5f1064ccf1/8.jpg""]",8,2025-12-09 07:58:10.670178
washmachine_8686385670,https://www.olx.in/item/washing-machines-c1615-washing-machines-on-monthly-rent-at-just-rs-500-per-month-only-in-sector-67-gurgaon-iid-1807649494,Washing machines on monthly rent at just rs 500 per month only,Get latest fully automatic washing machines on monthly rent at just rs 500 per month only with Free home delivery Free inlet outlet pipes worth rs 500 Free installation on compatible tap Free repair and maintenance No kyc Call to book one today - Washing Machines,500,"[""/content/drive/MyDrive/olx_washingmachine_dataset/images/washmachine_8686385670/1.jpg"", ""/content/drive/MyDrive/olx_washingmachine_dataset/images/washmachine_8686385670/2.jpg"", ""/content/drive/MyDrive/olx_washingmachine_dataset/images/washmachine_8686385670/3.jpg"", ""/content/drive/MyDrive/olx_washingmachine_dataset/images/washmachine_8686385670/4.jpg"", ""/content/drive/MyDrive/olx_washingmachine_dataset/images/washmachine_8686385670/5.jpg"", ""/content/drive/MyDrive/olx_washingmachine_dataset/images/washmachine_8686385670/6.jpg"", ""/content/drive/MyDrive/olx_washingmachine_dataset/images/washmachine_8686385670/7.jpg"", ""/content/drive/MyDrive/olx_washingmachine_dataset/images/washmachine_8686385670/8.jpg""]",8,2025-12-09 07:58:16.305911
washmachine_079b33042a,https://www.olx.in/item/washing-machines-c1615-fridge-n-washing-machine-combo-offer-dont-miss-out-on-the-amzng-deal-in-koramangala-bengaluru-iid-1791514235,#fridge n washing machine combo offer don't miss out on the amzng deal,"> Visit our website for more options: www .yourchoiz. in Flat ₹500 OFF + Cash on Delivery Use code: NAMMAYOURCHOIZ at www .yourchoiz. in Refurbished Appliances at Best Price – Quality You Can Trust! Looking for affordable home appliances without compromising on quality? Our refurbished refrigerators and washing machines are carefully inspected, fully tested, and restored to perfect working condition by experts. Why Choose Us? Fully tested and repaired if needed Professionally cleaned and sanitized Minor cosmetic marks possible, but 100% functional Environment-friendly and budget-friendly Available Products: Single Door Refrigerator – Starting at just ₹4,999 Double Door Refrigerator – Starting at ₹6,999 Top Load Washing Machine – Starting at ₹4,999 Front Load Washing Machine – Starting at ₹6,999 Warranty: 1 Year Warranty on Motor and Compressor Free delivery available in Bangalore Visit us today and give your home a smart upgrade at a smart price! - Washing Machines",11999,"[""/content/drive/MyDrive/olx_washingmachine_dataset/images/washmachine_079b33042a/1.jpg"", ""/content/drive/MyDrive/olx_washingmachine_dataset/images/washmachine_079b33042a/2.jpg"", ""/content/drive/MyDrive/olx_washingmachine_dataset/images/washmachine_079b33042a/3.jpg"", ""/content/drive/MyDrive/olx_washingmachine_dataset/images/washmachine_079b33042a/4.jpg"", ""/content/drive/MyDrive/olx_washingmachine_dataset/images/washmachine_079b33042a/5.jpg"", ""/content/drive/MyDrive/olx_washingmachine_dataset/images/washmachine_079b33042a/6.jpg"", ""/content/drive/MyDrive/olx_washingmachine_dataset/images/washmachine_079b33042a/7.jpg"", ""/content/drive/MyDrive/olx_washingmachine_dataset/images/washmachine_079b33042a/8.jpg""]",8,2025-12-09 07:58:23.199855
washmachine_6ff8a4f201,https://www.olx.in/item/washing-machines-c1615-washing-ifb-in-pes-kyathengere-layout-mandya-iid-1828713391,Washing IFB,Washing the machine - Washing Machines,4500,"[""/content/drive/MyDrive/olx_washingmachine_dataset/images/washmachine_6ff8a4f201/1.jpg"", ""/content/drive/MyDrive/olx_washingmachine_dataset/images/washmachine_6ff8a4f201/2.jpg"", ""/content/drive/MyDrive/olx_washingmachine_dataset/images/washmachine_6ff8a4f201/3.jpg"", ""/content/drive/MyDrive/olx_washingmachine_dataset/images/washmachine_6ff8a4f201/4.jpg"", ""/content/drive/MyDrive/olx_washingmachine_dataset/images/washmachine_6ff8a4f201/5.jpg"", ""/content/drive/MyDrive/olx_washingmachine_dataset/images/washmachine_6ff8a4f201/6.jpg"", ""/content/drive/MyDrive/olx_washingmachine_dataset/images/washmachine_6ff8a4f201/7.jpg"", ""/content/drive/MyDrive/olx_washingmachine_dataset/images/washmachine_6ff8a4f201/8.jpg""]",8,2025-12-09 08:00:37.331390
washmachine_9a0367b955,https://www.olx.in/item/washing-machines-c1615-goodrej-7kg-good-condition-in-hrbr-layout-bengaluru-iid-1822372639,Goodrej 7kg Good condition,"Visit our website for more options: www .yourchoiz. in Flat ₹500 OFF + Cash on Delivery Use code: NAMMAYOURCHOIZ at www .yourchoiz. in Refurbished Appliances at Best Price – Quality You Can Trust! Looking for affordable home appliances without compromising on quality? Our refurbished refrigerators and washing machines are carefully inspected, fully tested, and restored to perfect working condition by experts. Why Choose Us? Fully tested and repaired if needed Professionally cleaned and sanitized Minor cosmetic marks possible, but 100% functional Environment-friendly and budget-friendly Available Products: Single Door Refrigerator – Starting at just ₹5499 Double Door Refrigerator – Starting at ₹7499 Top Load Washing Machine – Starting at ₹5499 Front Load Washing Machine – Starting at ₹7499 Warranty: 1 Year Warranty on Motor and Compressor Free delivery available in Bangalore Visit us today and give your home a smart upgrade at a smart price! - Washing Machines",6499,"[""/content/drive/MyDrive/olx_washingmachine_dataset/images/washmachine_9a0367b955/1.jpg"", ""/content/drive/MyDrive/olx_washingmachine_dataset/images/washmachine_9a0367b955/2.jpg"", ""/content/drive/MyDrive/olx_washingmachine_dataset/images/washmachine_9a0367b955/3.jpg"", ""/content/drive/MyDrive/olx_washingmachine_dataset/images/washmachine_9a0367b955/4.jpg"", ""/content/drive/MyDrive/olx_washingmachine_dataset/images/washmachine_9a0367b955/5.jpg"", ""/content/drive/MyDrive/olx_washingmachine_dataset/images/washmachine_9a0367b955/6.jpg"", ""/content/drive/MyDrive/olx_washingmachine_dataset/images/washmachine_9a0367b955/7.jpg"", ""/content/drive/MyDrive/olx_washingmachine_dataset/images/washmachine_9a0367b955/8.jpg""]",8,2025-12-09 08:00:44.749626
washmachine_e274f725d9,https://www.olx.in/item/washing-machines-c1615-onida-washing-machine-in-jalipa-barmer-iid-1828715495,Onida washing machine,Onida 6.5kg washing machine - Washing Machines,5000,"[""/content/drive/MyDrive/olx_washingmachine_dataset/images/washmachine_e274f725d9/1.jpg"", ""/content/drive/MyDrive/olx_washingmachine_dataset/images/washmachine_e274f725d9/2.jpg"", ""/content/drive/MyDrive/olx_washingmachine_dataset/images/washmachine_e274f725d9/3.jpg"", ""/content/drive/MyDrive/olx_washingmachine_dataset/images/washmachine_e274f725d9/4.jpg"", ""/content/drive/MyDrive/olx_washingmachine_dataset/images/washmachine_e274f725d9/5.jpg"", ""/content/drive/MyDrive/olx_washingmachine_dataset/images/washmachine_e274f725d9/6.jpg"", ""/content/drive/MyDrive/olx_washingmachine_dataset/images/washmachine_e274f725d9/7.jpg"", ""/content/drive/MyDrive/olx_washingmachine_dataset/images/washmachine_e274f725d9/8.jpg""]",8,2025-12-09 08:03:48.789201
washmachine_a51bd557ee,https://www.olx.in/item/washing-machines-c1615-lg-6-kg-front-load-in-magarpatta-city-pune-iid-1826307943,Lg 6 kg front load,Lg 6 kg front load Properly working condition Good looking - Washing Machines,4900,"[""/content/drive/MyDrive/olx_washingmachine_dataset/images/washmachine_a51bd557ee/1.jpg"", ""/content/drive/MyDrive/olx_washingmachine_dataset/images/washmachine_a51bd557ee/2.jpg"", ""/content/drive/MyDrive/olx_washingmachine_dataset/images/washmachine_a51bd557ee/3.jpg"", ""/content/drive/MyDrive/olx_washingmachine_dataset/images/washmachine_a51bd557ee/4.jpg"", ""/content/drive/MyDrive/olx_washingmachine_dataset/images/washmachine_a51bd557ee/5.jpg"", ""/content/drive/MyDrive/olx_washingmachine_dataset/images/washmachine_a51bd557ee/6.jpg"", ""/content/drive/MyDrive/olx_washingmachine_dataset/images/washmachine_a51bd557ee/7.jpg"", ""/content/drive/MyDrive/olx_washingmachine_dataset/images/washmachine_a51bd557ee/8.jpg""]",8,2025-12-09 08:03:55.552505
washmachine_22417a541f,https://www.olx.in/item/washing-machines-c1615-samsung-65kg-top-load-automatic-washing-machine-wobble-technology-in-btm-layout-stage-2-bengaluru-iid-1828713045,Samsung 6.5kg Top load automatic washing machine (wobble technology),"Selling my Samsung Wobble 6.5kg fully automatic top-load washing machine, bought from Trust Tronics in July. The machine is in excellent working condition, well-maintained, and has no issues at all. Perfect for small to medium families. Price: ₹5,500 (Non-negotiable) Reason for selling: Not needed anymore Delivery: Transportation / delivery charges to be borne by the buyer. Features: ️ 6.5 kg capacity ️ Samsung Wobble Technology (gentle on clothes, prevents tangling) ️ Fully automatic – hassle-free wash ️ Smooth, noise-free operation If you’re interested, feel free to message me. First come, first served! - Washing Machines",5500,"[""/content/drive/MyDrive/olx_washingmachine_dataset/images/washmachine_22417a541f/1.jpg"", ""/content/drive/MyDrive/olx_washingmachine_dataset/images/washmachine_22417a541f/2.jpg"", ""/content/drive/MyDrive/olx_washingmachine_dataset/images/washmachine_22417a541f/3.jpg"", ""/content/drive/MyDrive/olx_washingmachine_dataset/images/washmachine_22417a541f/4.jpg"", ""/content/drive/MyDrive/olx_washingmachine_dataset/images/washmachine_22417a541f/5.jpg"", ""/content/drive/MyDrive/olx_washingmachine_dataset/images/washmachine_22417a541f/6.jpg"", ""/content/drive/MyDrive/olx_washingmachine_dataset/images/washmachine_22417a541f/7.jpg"", ""/content/drive/MyDrive/olx_washingmachine_dataset/images/washmachine_22417a541f/8.jpg""]",8,2025-12-09 08:04:01.257014
washmachine_cb71013c19,https://www.olx.in/item/washing-machines-c1615-urgent-money-top-load-fully-automatic-washing-machine-in-bhagvat-nagar-patna-iid-1821712888,Urgent money top load fully automatic washing machine,Top load fully automatic washing machine - Washing Machines,15000,"[""/content/drive/MyDrive/olx_washingmachine_dataset/images/washmachine_cb71013c19/1.jpg"", ""/content/drive/MyDrive/olx_washingmachine_dataset/images/washmachine_cb71013c19/2.jpg"", ""/content/drive/MyDrive/olx_washingmachine_dataset/images/washmachine_cb71013c19/3.jpg"", ""/content/drive/MyDrive/olx_washingmachine_dataset/images/washmachine_cb71013c19/4.jpg"", ""/content/drive/MyDrive/olx_washingmachine_dataset/images/washmachine_cb71013c19/5.jpg"", ""/content/drive/MyDrive/olx_washingmachine_dataset/images/washmachine_cb71013c19/6.jpg"", ""/content/drive/MyDrive/olx_washingmachine_dataset/images/washmachine_cb71013c19/7.jpg"", ""/content/drive/MyDrive/olx_washingmachine_dataset/images/washmachine_cb71013c19/8.jpg""]",8,2025-12-09 08:04:11.242163
washmachine_f42ce6bee9,https://www.olx.in/item/washing-machines-c1615-samsung-fully-automatic-washing-machine-with-delivery-and-warranty-dm-in-azadpur-delhi-iid-1812887393,Samsung Fully automatic washing machine with delivery and warranty (Dm,"Dhingra Electronic private limited We provide Rufurbhied appliance like Refrigerator, Washing Machine, Microwave etc We also provide free delivery at your doorstep Fixed price shop - Washing Machines",5800,"[""/content/drive/MyDrive/olx_washingmachine_dataset/images/washmachine_f42ce6bee9/1.jpg"", ""/content/drive/MyDrive/olx_washingmachine_dataset/images/washmachine_f42ce6bee9/2.jpg"", ""/content/drive/MyDrive/olx_washingmachine_dataset/images/washmachine_f42ce6bee9/3.jpg"", ""/content/drive/MyDrive/olx_washingmachine_dataset/images/washmachine_f42ce6bee9/4.jpg"", ""/content/drive/MyDrive/olx_washingmachine_dataset/images/washmachine_f42ce6bee9/5.jpg"", ""/content/drive/MyDrive/olx_washingmachine_dataset/images/washmachine_f42ce6bee9/6.jpg"", ""/content/drive/MyDrive/olx_washingmachine_dataset/images/washmachine_f42ce6bee9/7.jpg"", ""/content/drive/MyDrive/olx_washingmachine_dataset/images/washmachine_f42ce6bee9/8.jpg""]",8,2025-12-09 08:04:16.162566
washmachine_2c1e4dc490,https://www.olx.in/item/washing-machines-c1615-samsung-62kg-good-condition-in-mathikere-bengaluru-iid-1823173698,Samsung 6.2kg good condition,"Visit our website for more options: www .yourchoiz. in Flat ₹500 OFF + Cash on Delivery Use code: NAMMAYOURCHOIZ at www .yourchoiz. in Refurbished Appliances at Best Price – Quality You Can Trust! Looking for affordable home appliances without compromising on quality? Our refurbished refrigerators and washing machines are carefully inspected, fully tested, and restored to perfect working condition by experts. Why Choose Us? Fully tested and repaired if needed Professionally cleaned and sanitized Minor cosmetic marks possible, but 100% functional Environment-friendly and budget-friendly Available Products: Single Door Refrigerator – Starting at just ₹5499 Double Door Refrigerator – Starting at ₹7499 Top Load Washing Machine – Starting at ₹5499 Front Load Washing Machine – Starting at ₹7499 Warranty: 1 Year Warranty on Motor and Compressor Free delivery available in Bangalore Visit us today and give your home a smart upgrade at a smart price! - Washing Machines",5999,"[""/content/drive/MyDrive/olx_washingmachine_dataset/images/washmachine_2c1e4dc490/1.jpg"", ""/content/drive/MyDrive/olx_washingmachine_dataset/images/washmachine_2c1e4dc490/2.jpg"", ""/content/drive/MyDrive/olx_washingmachine_dataset/images/washmachine_2c1e4dc490/3.jpg"", ""/content/drive/MyDrive/olx_washingmachine_dataset/images/washmachine_2c1e4dc490/4.jpg"", ""/content/drive/MyDrive/olx_washingmachine_dataset/images/washmachine_2c1e4dc490/5.jpg"", ""/content/drive/MyDrive/olx_washingmachine_dataset/images/washmachine_2c1e4dc490/6.jpg"", ""/content/drive/MyDrive/olx_washingmachine_dataset/images/washmachine_2c1e4dc490/7.jpg"", ""/content/drive/MyDrive/olx_washingmachine_dataset/images/washmachine_2c1e4dc490/8.jpg""]",8,2025-12-09 08:05:03.306883
washmachine_881635e520,https://www.olx.in/item/washing-machines-c1615-lg-front-load-65kg-1year-warranty-for-drum-for-sale-in-coimbatore-in-saravanampatti-coimbatore-iid-1828714278,Lg front load 6.5kg 1YEAR WARRANTY FOR DRUM FOR SALE IN coimbatore,All brands washing machine for sale in coimbatore cl me - Washing Machines,12500,"[""/content/drive/MyDrive/olx_washingmachine_dataset/images/washmachine_881635e520/1.jpg"", ""/content/drive/MyDrive/olx_washingmachine_dataset/images/washmachine_881635e520/2.jpg"", ""/content/drive/MyDrive/olx_washingmachine_dataset/images/washmachine_881635e520/3.jpg"", ""/content/drive/MyDrive/olx_washingmachine_dataset/images/washmachine_881635e520/4.jpg"", ""/content/drive/MyDrive/olx_washingmachine_dataset/images/washmachine_881635e520/5.jpg"", ""/content/drive/MyDrive/olx_washingmachine_dataset/images/washmachine_881635e520/6.jpg"", ""/content/drive/MyDrive/olx_washingmachine_dataset/images/washmachine_881635e520/7.jpg"", ""/content/drive/MyDrive/olx_washingmachine_dataset/images/washmachine_881635e520/8.jpg""]",8,2025-12-09 08:05:08.617065
washmachine_d85c03299d,https://www.olx.in/item/washing-machines-c1615-haier-washing-machine-in-gandhi-chowk-sujangarh-iid-1828715013,Haier washing machine,Low price machine available. Dryer machine not working and dryer brokan. Only washable. Wash machine working properly. - Washing Machines,3499,"[""/content/drive/MyDrive/olx_washingmachine_dataset/images/washmachine_d85c03299d/1.jpg"", ""/content/drive/MyDrive/olx_washingmachine_dataset/images/washmachine_d85c03299d/2.jpg"", ""/content/drive/MyDrive/olx_washingmachine_dataset/images/washmachine_d85c03299d/3.jpg"", ""/content/drive/MyDrive/olx_washingmachine_dataset/images/washmachine_d85c03299d/4.jpg"", ""/content/drive/MyDrive/olx_washingmachine_dataset/images/washmachine_d85c03299d/5.jpg"", ""/content/drive/MyDrive/olx_washingmachine_dataset/images/washmachine_d85c03299d/6.jpg"", ""/content/drive/MyDrive/olx_washingmachine_dataset/images/washmachine_d85c03299d/7.jpg"", ""/content/drive/MyDrive/olx_washingmachine_dataset/images/washmachine_d85c03299d/8.jpg""]",8,2025-12-09 08:07:20.650384
washmachine_7d80e90ff8,https://www.olx.in/item/washing-machines-c1615-fully-automatic-washing-machines-on-monthly-rent-in-sector-15-2-gurgaon-iid-1795364345,Fully automatic washing machines on monthly rent,Get latest fully automatic top load washing machines on monthly rent at just rs 500 per month with Free home delivery Free inlet outlet pipes Free setup Free repair and maintenance Call for more details - Washing Machines,500,"[""/content/drive/MyDrive/olx_washingmachine_dataset/images/washmachine_7d80e90ff8/1.jpg"", ""/content/drive/MyDrive/olx_washingmachine_dataset/images/washmachine_7d80e90ff8/2.jpg"", ""/content/drive/MyDrive/olx_washingmachine_dataset/images/washmachine_7d80e90ff8/3.jpg"", ""/content/drive/MyDrive/olx_washingmachine_dataset/images/washmachine_7d80e90ff8/4.jpg"", ""/content/drive/MyDrive/olx_washingmachine_dataset/images/washmachine_7d80e90ff8/5.jpg"", ""/content/drive/MyDrive/olx_washingmachine_dataset/images/washmachine_7d80e90ff8/6.jpg"", ""/content/drive/MyDrive/olx_washingmachine_dataset/images/washmachine_7d80e90ff8/7.jpg"", ""/content/drive/MyDrive/olx_washingmachine_dataset/images/washmachine_7d80e90ff8/8.jpg""]",8,2025-12-09 08:08:49.027252
washmachine_5b307070d7,https://www.olx.in/item/washing-machines-c1615-good-kandeshan-in-mora-mustahkam-moradabad-iid-1828714863,Good kandeshan,Do Ho Gai isliye bach raha hai - Washing Machines,4750,"[""/content/drive/MyDrive/olx_washingmachine_dataset/images/washmachine_5b307070d7/1.jpg"", ""/content/drive/MyDrive/olx_washingmachine_dataset/images/washmachine_5b307070d7/2.jpg"", ""/content/drive/MyDrive/olx_washingmachine_dataset/images/washmachine_5b307070d7/3.jpg"", ""/content/drive/MyDrive/olx_washingmachine_dataset/images/washmachine_5b307070d7/4.jpg"", ""/content/drive/MyDrive/olx_washingmachine_dataset/images/washmachine_5b307070d7/5.jpg"", ""/content/drive/MyDrive/olx_washingmachine_dataset/images/washmachine_5b307070d7/6.jpg"", ""/content/drive/MyDrive/olx_washingmachine_dataset/images/washmachine_5b307070d7/7.jpg"", ""/content/drive/MyDrive/olx_washingmachine_dataset/images/washmachine_5b307070d7/8.jpg""]",8,2025-12-09 08:10:19.844832
washmachine_6f9543f7f4,https://www.olx.in/item/washing-machines-c1615-usedsecond-washing-mechine-in-calicut-civil-station-kozhikode-iid-1827772973,"Used,second washing mechine","Good working condition,Neat and clean,free delivery,one month warranty - Washing Machines",12500,"[""/content/drive/MyDrive/olx_washingmachine_dataset/images/washmachine_6f9543f7f4/1.jpg"", ""/content/drive/MyDrive/olx_washingmachine_dataset/images/washmachine_6f9543f7f4/2.jpg"", ""/content/drive/MyDrive/olx_washingmachine_dataset/images/washmachine_6f9543f7f4/3.jpg"", ""/content/drive/MyDrive/olx_washingmachine_dataset/images/washmachine_6f9543f7f4/4.jpg"", ""/content/drive/MyDrive/olx_washingmachine_dataset/images/washmachine_6f9543f7f4/5.jpg"", ""/content/drive/MyDrive/olx_washingmachine_dataset/images/washmachine_6f9543f7f4/6.jpg"", ""/content/drive/MyDrive/olx_washingmachine_dataset/images/washmachine_6f9543f7f4/7.jpg"", ""/content/drive/MyDrive/olx_washingmachine_dataset/images/washmachine_6f9543f7f4/8.jpg""]",8,2025-12-09 08:11:49.146794
washmachine_189aaf3aca,https://www.olx.in/item/washing-machines-c1615-gently-used-fully-washing-machine-with-warranty-and-free-delivery-in-malviya-nagar-delhi-iid-1813032686,Gently used fully washing machine with warranty and free delivery,"Dhingra Electronic private limited We provide Rufurbhied appliance like Refrigerator, Washing Machine, Microwave etc We also provide free delivery at your doorstep Fixed price shop - Washing Machines",5100,"[""/content/drive/MyDrive/olx_washingmachine_dataset/images/washmachine_189aaf3aca/1.jpg"", ""/content/drive/MyDrive/olx_washingmachine_dataset/images/washmachine_189aaf3aca/2.jpg"", ""/content/drive/MyDrive/olx_washingmachine_dataset/images/washmachine_189aaf3aca/3.jpg"", ""/content/drive/MyDrive/olx_washingmachine_dataset/images/washmachine_189aaf3aca/4.jpg"", ""/content/drive/MyDrive/olx_washingmachine_dataset/images/washmachine_189aaf3aca/5.jpg"", ""/content/drive/MyDrive/olx_washingmachine_dataset/images/washmachine_189aaf3aca/6.jpg"", ""/content/drive/MyDrive/olx_washingmachine_dataset/images/washmachine_189aaf3aca/7.jpg"", ""/content/drive/MyDrive/olx_washingmachine_dataset/images/washmachine_189aaf3aca/8.jpg""]",8,2025-12-09 08:13:18.560963
washmachine_9504a1c23f,https://www.olx.in/item/washing-machines-c1615-whirlpool-washing-machine-in-vinod-nagar-delhi-iid-1828714061,WHIRLPOOL- Washing Machine,Whirlpool washing machine 7.5kg Only sound problem and spinning problem Can be repaired in around 1k-1.5k - Washing Machines,3500,"[""/content/drive/MyDrive/olx_washingmachine_dataset/images/washmachine_9504a1c23f/1.jpg"", ""/content/drive/MyDrive/olx_washingmachine_dataset/images/washmachine_9504a1c23f/2.jpg"", ""/content/drive/MyDrive/olx_washingmachine_dataset/images/washmachine_9504a1c23f/3.jpg"", ""/content/drive/MyDrive/olx_washingmachine_dataset/images/washmachine_9504a1c23f/4.jpg"", ""/content/drive/MyDrive/olx_washingmachine_dataset/images/washmachine_9504a1c23f/5.jpg"", ""/content/drive/MyDrive/olx_washingmachine_dataset/images/washmachine_9504a1c23f/6.jpg"", ""/content/drive/MyDrive/olx_washingmachine_dataset/images/washmachine_9504a1c23f/7.jpg"", ""/content/drive/MyDrive/olx_washingmachine_dataset/images/washmachine_9504a1c23f/8.jpg""]",8,2025-12-09 08:14:48.735780
washmachine_354dcbd390,https://www.olx.in/item/washing-machines-c1615-washing-machine-for-sale-rs3500-in-vaishali-sector-3-ghaziabad-iid-1822307291,Washing machine for sale - Rs.3500,Semi-automatic LG 7 kgs Washing machine in very good condition for sale at Rs.3500. Reason to sell-we bought fully automatic washing machine. - Washing Machines,3500,"[""/content/drive/MyDrive/olx_washingmachine_dataset/images/washmachine_354dcbd390/1.jpg"", ""/content/drive/MyDrive/olx_washingmachine_dataset/images/washmachine_354dcbd390/2.jpg"", ""/content/drive/MyDrive/olx_washingmachine_dataset/images/washmachine_354dcbd390/3.jpg"", ""/content/drive/MyDrive/olx_washingmachine_dataset/images/washmachine_354dcbd390/4.jpg"", ""/content/drive/MyDrive/olx_washingmachine_dataset/images/washmachine_354dcbd390/5.jpg"", ""/content/drive/MyDrive/olx_washingmachine_dataset/images/washmachine_354dcbd390/6.jpg"", ""/content/drive/MyDrive/olx_washingmachine_dataset/images/washmachine_354dcbd390/7.jpg"", ""/content/drive/MyDrive/olx_washingmachine_dataset/images/washmachine_354dcbd390/8.jpg""]",8,2025-12-09 08:15:36.818612
washmachine_bee66c4fb2,https://www.olx.in/item/washing-machines-c1615-fully-automatic-washing-machines-on-rent-at-just-rs-499-per-month-in-safdarjung-delhi-iid-1787947888,Fully automatic washing machines on rent at just rs 499 per month,Get latest fully automatic top load washing machine on rent at just rs 499 per month with Free home delivery Free inlet outlet pipes worth rs 500 Free installation on normal tap Free maintenance Less documentation - Washing Machines,499,"[""/content/drive/MyDrive/olx_washingmachine_dataset/images/washmachine_bee66c4fb2/1.jpg"", ""/content/drive/MyDrive/olx_washingmachine_dataset/images/washmachine_bee66c4fb2/2.jpg"", ""/content/drive/MyDrive/olx_washingmachine_dataset/images/washmachine_bee66c4fb2/3.jpg"", ""/content/drive/MyDrive/olx_washingmachine_dataset/images/washmachine_bee66c4fb2/4.jpg"", ""/content/drive/MyDrive/olx_washingmachine_dataset/images/washmachine_bee66c4fb2/5.jpg"", ""/content/drive/MyDrive/olx_washingmachine_dataset/images/washmachine_bee66c4fb2/6.jpg"", ""/content/drive/MyDrive/olx_washingmachine_dataset/images/washmachine_bee66c4fb2/7.jpg"", ""/content/drive/MyDrive/olx_washingmachine_dataset/images/washmachine_bee66c4fb2/8.jpg""]",8,2025-12-09 08:16:22.773142
washmachine_c218343fe0,https://www.olx.in/item/washing-machines-c1615-samsung-fully-automatic-with-free-home-delivery-and-1-year-warranty-in-new-palam-vihar-phase-2-gurgaon-iid-1784119827,Samsung fully automatic with free home delivery and 1 year warranty,"4 year old perfectly working condition samsung 6.5 kg fully automatic top load washing machine in new condition at just rs 6500 only with Free home delivery Free inlet outlet pipes worth rs 500 Free demo 1 year warranty on motor 3 month warranty on all parts U can order on WhatsApp and pay cash on delivery OR U can follow us on Instagram to see all available models it's'Twice Nice Home Appliances' OR Visit our pre owned home appliances store located at opposite kitchen of RA, KL house, Cross road complex, DLF phase 3 near guru dronacharaya metro station gurgaon - Washing Machines",6500,"[""/content/drive/MyDrive/olx_washingmachine_dataset/images/washmachine_c218343fe0/1.jpg"", ""/content/drive/MyDrive/olx_washingmachine_dataset/images/washmachine_c218343fe0/2.jpg"", ""/content/drive/MyDrive/olx_washingmachine_dataset/images/washmachine_c218343fe0/3.jpg"", ""/content/drive/MyDrive/olx_washingmachine_dataset/images/washmachine_c218343fe0/4.jpg"", ""/content/drive/MyDrive/olx_washingmachine_dataset/images/washmachine_c218343fe0/5.jpg"", ""/content/drive/MyDrive/olx_washingmachine_dataset/images/washmachine_c218343fe0/6.jpg"", ""/content/drive/MyDrive/olx_washingmachine_dataset/images/washmachine_c218343fe0/7.jpg"", ""/content/drive/MyDrive/olx_washingmachine_dataset/images/washmachine_c218343fe0/8.jpg""]",8,2025-12-09 08:17:10.093522
washmachine_769a26e020,https://www.olx.in/item/washing-machines-c1615-washing-machine-available-for-6000-starring-with-free-delivery-50-in-whitefield-bengaluru-iid-1791854287,Washing machine available for 6000 starring with free delivery 50%,( TERM N CONDITION ) * Free home delivery all over Bangalore within 24 hours * Free installation n demo at the delivery * We provide 12 months of motor warranty n 6 months service warranty at ur door step * We provide brand new accessories for washing machine ie inlet pipe n outlet pipe * COD availabile we accept all phone wallets n imps net bankings ( BRANCH'S AVAILABLE ) * MARATHAHALLI * HSR * NAGAWARA MAIN ROAD ( ASSESSMENT ) * We check the product n make sure tat its 100% working by our experts b4 n while the tym of delivery * The product will be genuine n in immaculate working condition ( BUY BACK GUARANTEE ) * We provide return policy of 50% cashback upto 12 to 15 months Contact for more info ! Regards : Get electronics ( marathahalli branch) - Washing Machines,5999,"[""/content/drive/MyDrive/olx_washingmachine_dataset/images/washmachine_769a26e020/1.jpg"", ""/content/drive/MyDrive/olx_washingmachine_dataset/images/washmachine_769a26e020/2.jpg"", ""/content/drive/MyDrive/olx_washingmachine_dataset/images/washmachine_769a26e020/3.jpg"", ""/content/drive/MyDrive/olx_washingmachine_dataset/images/washmachine_769a26e020/4.jpg"", ""/content/drive/MyDrive/olx_washingmachine_dataset/images/washmachine_769a26e020/5.jpg"", ""/content/drive/MyDrive/olx_washingmachine_dataset/images/washmachine_769a26e020/6.jpg"", ""/content/drive/MyDrive/olx_washingmachine_dataset/images/washmachine_769a26e020/7.jpg"", ""/content/drive/MyDrive/olx_washingmachine_dataset/images/washmachine_769a26e020/8.jpg""]",8,2025-12-09 08:17:56.522278
washmachine_4bad1409c1,https://www.olx.in/item/washing-machines-c1615-lg-washing-machine-7kg-in-ghatkopar-west-mumbai-iid-1827639082,LG Washing Machine 7KG,LG washing machine 7 kg direct drive in good condition only panel needs to be repaired - Washing Machines,8000,"[""/content/drive/MyDrive/olx_washingmachine_dataset/images/washmachine_4bad1409c1/1.jpg"", ""/content/drive/MyDrive/olx_washingmachine_dataset/images/washmachine_4bad1409c1/2.jpg"", ""/content/drive/MyDrive/olx_washingmachine_dataset/images/washmachine_4bad1409c1/3.jpg"", ""/content/drive/MyDrive/olx_washingmachine_dataset/images/washmachine_4bad1409c1/4.jpg"", ""/content/drive/MyDrive/olx_washingmachine_dataset/images/washmachine_4bad1409c1/5.jpg"", ""/content/drive/MyDrive/olx_washingmachine_dataset/images/washmachine_4bad1409c1/6.jpg"", ""/content/drive/MyDrive/olx_washingmachine_dataset/images/washmachine_4bad1409c1/7.jpg"", ""/content/drive/MyDrive/olx_washingmachine_dataset/images/washmachine_4bad1409c1/8.jpg""]",8,2025-12-09 08:18:03.601985
washmachine_e36c497ccf,https://www.olx.in/item/washing-machines-c1615-991-certified-tested-washing-machine-available-tlfl-single-door-in-btm-layout-bengaluru-iid-1800981178,"¥¥991~ certified tested washing machine available T/L,F/L Single Door","PRIME ELECTRONICSS HOME APPLIANCES Price range 1.) Top load fully automatic washing machine starts from (5500) 2.) Front load fully automatic washing machine starts from (7000) 3.) Single door refrigerator starts from (6000) 4.) Doble door refrigerator starts from (8000) 5.) Combo offers available refrigerator and washing machine starts from (12000) Delivery : delivery will be done by our experience driver with in 12 hours one's the order is taken Warranty : six months of service warranty and one year moter warranty for the washing machine and one year of compressor warranty for the refrigerator Instalation : we provides institution with new Accessories like inlet and outlet pipes for washing machine Certified every product undergo rigorous testing and are in flawless working condition. Some parts may have been replaced with high-quality, OEM parts to ensure full functionality. Service : one's you raise the complete to the service senter with in 24 to 48 house service will be done COD : we accept gpay/phone pe/cash on delivery. for more details contact - Washing Machines",6499,"[""/content/drive/MyDrive/olx_washingmachine_dataset/images/washmachine_e36c497ccf/1.jpg"", ""/content/drive/MyDrive/olx_washingmachine_dataset/images/washmachine_e36c497ccf/2.jpg"", ""/content/drive/MyDrive/olx_washingmachine_dataset/images/washmachine_e36c497ccf/3.jpg"", ""/content/drive/MyDrive/olx_washingmachine_dataset/images/washmachine_e36c497ccf/4.jpg"", ""/content/drive/MyDrive/olx_washingmachine_dataset/images/washmachine_e36c497ccf/5.jpg"", ""/content/drive/MyDrive/olx_washingmachine_dataset/images/washmachine_e36c497ccf/6.jpg"", ""/content/drive/MyDrive/olx_washingmachine_dataset/images/washmachine_e36c497ccf/7.jpg"", ""/content/drive/MyDrive/olx_washingmachine_dataset/images/washmachine_e36c497ccf/8.jpg""]",8,2025-12-09 08:20:18.664991
washmachine_de95606245,https://www.olx.in/item/washing-machines-c1615-fully-automatic-washing-machines-on-monthly-rent-in-old-rajendra-nagar-delhi-iid-1804044142,Fully automatic washing machines on monthly rent,Y buy new when u can get latest fully automatic top load washing machine on monthly rent at just rs 500 per month with Free home delivery Free inlet outlet pipes Free installation on compatible tap Free relocation Free repair and maintenance Cheapest rent in delhi and ncr Call now to book one - Washing Machines,500,"[""/content/drive/MyDrive/olx_washingmachine_dataset/images/washmachine_de95606245/1.jpg"", ""/content/drive/MyDrive/olx_washingmachine_dataset/images/washmachine_de95606245/2.jpg"", ""/content/drive/MyDrive/olx_washingmachine_dataset/images/washmachine_de95606245/3.jpg"", ""/content/drive/MyDrive/olx_washingmachine_dataset/images/washmachine_de95606245/4.jpg"", ""/content/drive/MyDrive/olx_washingmachine_dataset/images/washmachine_de95606245/5.jpg"", ""/content/drive/MyDrive/olx_washingmachine_dataset/images/washmachine_de95606245/6.jpg"", ""/content/drive/MyDrive/olx_washingmachine_dataset/images/washmachine_de95606245/7.jpg"", ""/content/drive/MyDrive/olx_washingmachine_dataset/images/washmachine_de95606245/8.jpg""]",8,2025-12-09 08:21:07.459307
washmachine_fb0c670db8,https://www.olx.in/item/washing-machines-c1615-weekend-offers-less-prodect-available-in-kr-puram-bengaluru-iid-1825063411,Weekend offers less prodect available,"Visit our website for more options: www .yourchoiz. in Flat ₹500 OFF + Cash on Delivery Use code: NAMMAYOURCHOIZ at www .yourchoiz. in Refurbished Appliances at Best Price – Quality You Can Trust! Looking for affordable home appliances without compromising on quality? Our refurbished refrigerators and washing machines are carefully inspected, fully tested, and restored to perfect working condition by experts. Why Choose Us? Fully tested and repaired if needed Professionally cleaned and sanitized Minor cosmetic marks possible, but 100% functional Environment-friendly and budget-friendly Available Products: Single Door Refrigerator – Starting at just ₹5499 Double Door Refrigerator – Starting at ₹7499 Top Load Washing Machine – Starting at ₹5499 Front Load Washing Machine – Starting at ₹7499 Warranty: 1 Year Warranty on Motor and Compressor Free delivery available in Bangalore Visit us today and give your home a smart upgrade at a smart price! - Washing Machines",11999,"[""/content/drive/MyDrive/olx_washingmachine_dataset/images/washmachine_fb0c670db8/1.jpg"", ""/content/drive/MyDrive/olx_washingmachine_dataset/images/washmachine_fb0c670db8/2.jpg"", ""/content/drive/MyDrive/olx_washingmachine_dataset/images/washmachine_fb0c670db8/3.jpg"", ""/content/drive/MyDrive/olx_washingmachine_dataset/images/washmachine_fb0c670db8/4.jpg"", ""/content/drive/MyDrive/olx_washingmachine_dataset/images/washmachine_fb0c670db8/5.jpg"", ""/content/drive/MyDrive/olx_washingmachine_dataset/images/washmachine_fb0c670db8/6.jpg"", ""/content/drive/MyDrive/olx_washingmachine_dataset/images/washmachine_fb0c670db8/7.jpg"", ""/content/drive/MyDrive/olx_washingmachine_dataset/images/washmachine_fb0c670db8/8.jpg""]",8,2025-12-09 08:21:15.301298
washmachine_9df41c991c,https://www.olx.in/item/washing-machines-c1615-washing-machine-top-load-good-condition-in-tejaswi-nagar-hyderabad-iid-1824152993,Washing machine top load good condition,Washing machine top load good condition - Washing Machines,7500,"[""/content/drive/MyDrive/olx_washingmachine_dataset/images/washmachine_9df41c991c/1.jpg"", ""/content/drive/MyDrive/olx_washingmachine_dataset/images/washmachine_9df41c991c/2.jpg"", ""/content/drive/MyDrive/olx_washingmachine_dataset/images/washmachine_9df41c991c/3.jpg"", ""/content/drive/MyDrive/olx_washingmachine_dataset/images/washmachine_9df41c991c/4.jpg"", ""/content/drive/MyDrive/olx_washingmachine_dataset/images/washmachine_9df41c991c/5.jpg"", ""/content/drive/MyDrive/olx_washingmachine_dataset/images/washmachine_9df41c991c/6.jpg"", ""/content/drive/MyDrive/olx_washingmachine_dataset/images/washmachine_9df41c991c/7.jpg"", ""/content/drive/MyDrive/olx_washingmachine_dataset/images/washmachine_9df41c991c/8.jpg""]",8,2025-12-09 08:24:57.962589
washmachine_fb6038c59f,https://www.olx.in/item/washing-machines-c1615-soda-machine-in-model-colony-yamunanagar-iid-1828431425,SODA Machine,SODA Machine use in big shop - Washing Machines,170000,"[""/content/drive/MyDrive/olx_washingmachine_dataset/images/washmachine_fb6038c59f/1.jpg"", ""/content/drive/MyDrive/olx_washingmachine_dataset/images/washmachine_fb6038c59f/2.jpg"", ""/content/drive/MyDrive/olx_washingmachine_dataset/images/washmachine_fb6038c59f/3.jpg"", ""/content/drive/MyDrive/olx_washingmachine_dataset/images/washmachine_fb6038c59f/4.jpg"", ""/content/drive/MyDrive/olx_washingmachine_dataset/images/washmachine_fb6038c59f/5.jpg"", ""/content/drive/MyDrive/olx_washingmachine_dataset/images/washmachine_fb6038c59f/6.jpg"", ""/content/drive/MyDrive/olx_washingmachine_dataset/images/washmachine_fb6038c59f/7.jpg"", ""/content/drive/MyDrive/olx_washingmachine_dataset/images/washmachine_fb6038c59f/8.jpg""]",8,2025-12-09 08:25:03.643813
washmachine_6219343d45,https://www.olx.in/item/washing-machines-c1615-used-washing-machine-good-working-condition-in-hoskote-bengaluru-iid-1820436697,Used Washing Machine - Good Working Condition,"Visit our website for more options: www .yourchoiz. in Flat ₹500 OFF + Cash on Delivery Use code: NAMMAYOURCHOIZ at www .yourchoiz. in Refurbished Appliances at Best Price – Quality You Can Trust! Looking for affordable home appliances without compromising on quality? Our refurbished refrigerators and washing machines are carefully inspected, fully tested, and restored to perfect working condition by experts. Why Choose Us? Fully tested and repaired if needed Professionally cleaned and sanitized Minor cosmetic marks possible, but 100% functional Environment-friendly and budget-friendly Available Products: Single Door Refrigerator – Starting at just ₹5499 Double Door Refrigerator – Starting at ₹7499 Top Load Washing Machine – Starting at ₹5499 Front Load Washing Machine – Starting at ₹7499 Warranty: 1 Year Warranty on Motor and Compressor Free delivery available in Bangalore Visit us today and give your home a smart upgrade at a smart price! - Washing Machines",8999,"[""/content/drive/MyDrive/olx_washingmachine_dataset/images/washmachine_6219343d45/1.jpg"", ""/content/drive/MyDrive/olx_washingmachine_dataset/images/washmachine_6219343d45/2.jpg"", ""/content/drive/MyDrive/olx_washingmachine_dataset/images/washmachine_6219343d45/3.jpg"", ""/content/drive/MyDrive/olx_washingmachine_dataset/images/washmachine_6219343d45/4.jpg"", ""/content/drive/MyDrive/olx_washingmachine_dataset/images/washmachine_6219343d45/5.jpg"", ""/content/drive/MyDrive/olx_washingmachine_dataset/images/washmachine_6219343d45/6.jpg"", ""/content/drive/MyDrive/olx_washingmachine_dataset/images/washmachine_6219343d45/7.jpg"", ""/content/drive/MyDrive/olx_washingmachine_dataset/images/washmachine_6219343d45/8.jpg""]",8,2025-12-09 08:25:09.721280
washmachine_60079bed39,https://www.olx.in/item/washing-machines-c1615-bosch-washing-machine-7kg-fully-automatic-in-patnem-canacona-iid-1825165247,BOSCH WASHING MACHINE 7kg fully automatic,Power wave plus top load 2021 model - Washing Machines,10000,"[""/content/drive/MyDrive/olx_washingmachine_dataset/images/washmachine_60079bed39/1.jpg"", ""/content/drive/MyDrive/olx_washingmachine_dataset/images/washmachine_60079bed39/2.jpg"", ""/content/drive/MyDrive/olx_washingmachine_dataset/images/washmachine_60079bed39/3.jpg"", ""/content/drive/MyDrive/olx_washingmachine_dataset/images/washmachine_60079bed39/4.jpg"", ""/content/drive/MyDrive/olx_washingmachine_dataset/images/washmachine_60079bed39/5.jpg"", ""/content/drive/MyDrive/olx_washingmachine_dataset/images/washmachine_60079bed39/6.jpg"", ""/content/drive/MyDrive/olx_washingmachine_dataset/images/washmachine_60079bed39/7.jpg"", ""/content/drive/MyDrive/olx_washingmachine_dataset/images/washmachine_60079bed39/8.jpg""]",8,2025-12-09 08:25:56.814336
washmachine_6405f3f1fb,https://www.olx.in/item/washing-machines-c1615-machine-for-sale-in-kacheripady-kochi-iid-1828714554,Machine for sale,1800w machine Good condition Price 2k - Washing Machines,2000,"[""/content/drive/MyDrive/olx_washingmachine_dataset/images/washmachine_6405f3f1fb/1.jpg"", ""/content/drive/MyDrive/olx_washingmachine_dataset/images/washmachine_6405f3f1fb/2.jpg"", ""/content/drive/MyDrive/olx_washingmachine_dataset/images/washmachine_6405f3f1fb/3.jpg"", ""/content/drive/MyDrive/olx_washingmachine_dataset/images/washmachine_6405f3f1fb/4.jpg"", ""/content/drive/MyDrive/olx_washingmachine_dataset/images/washmachine_6405f3f1fb/5.jpg"", ""/content/drive/MyDrive/olx_washingmachine_dataset/images/washmachine_6405f3f1fb/6.jpg"", ""/content/drive/MyDrive/olx_washingmachine_dataset/images/washmachine_6405f3f1fb/7.jpg"", ""/content/drive/MyDrive/olx_washingmachine_dataset/images/washmachine_6405f3f1fb/8.jpg""]",8,2025-12-09 08:26:42.774919
washmachine_0bbcc0ef0e,https://www.olx.in/item/washing-machines-c1615-clean-clothes-cool-vibes-stylish-living-starts-hereyourchioz-in-bommanahalli-bengaluru-iid-1816063976,"##Clean Clothes. Cool Vibes.

Stylish living starts here@yourchioz","> Visit our website for more options: www .yourchoiz. in Flat ₹500 OFF + Cash on Delivery Use code: NAMMAYOURCHOIZ at www .yourchoiz. in Refurbished Appliances at Best Price – Quality You Can Trust! Looking for affordable home appliances without compromising on quality? Our refurbished refrigerators and washing machines are carefully inspected, fully tested, and restored to perfect working condition by experts. Why Choose Us? Fully tested and repaired if needed Professionally cleaned and sanitized Minor cosmetic marks possible, but 100% functional Environment-friendly and budget-friendly Available Products: Single Door Refrigerator – Starting at just ₹4,999 Double Door Refrigerator – Starting at ₹6,999 Top Load Washing Machine – Starting at ₹4,999 Front Load Washing Machine – Starting at ₹6,999 Warranty: 1 Year Warranty on Motor and Compressor Free delivery available in Bangalore Visit us today and give your home a smart upgrade at a smart price! - Washing Machines",5499,"[""/content/drive/MyDrive/olx_washingmachine_dataset/images/washmachine_0bbcc0ef0e/1.jpg"", ""/content/drive/MyDrive/olx_washingmachine_dataset/images/washmachine_0bbcc0ef0e/2.jpg"", ""/content/drive/MyDrive/olx_washingmachine_dataset/images/washmachine_0bbcc0ef0e/3.jpg"", ""/content/drive/MyDrive/olx_washingmachine_dataset/images/washmachine_0bbcc0ef0e/4.jpg"", ""/content/drive/MyDrive/olx_washingmachine_dataset/images/washmachine_0bbcc0ef0e/5.jpg"", ""/content/drive/MyDrive/olx_washingmachine_dataset/images/washmachine_0bbcc0ef0e/6.jpg"", ""/content/drive/MyDrive/olx_washingmachine_dataset/images/washmachine_0bbcc0ef0e/7.jpg"", ""/content/drive/MyDrive/olx_washingmachine_dataset/images/washmachine_0bbcc0ef0e/8.jpg""]",8,2025-12-09 08:26:48.795033
washmachine_b3a743b14a,https://www.olx.in/item/washing-machines-c1615-lg-washing-machine-in-malabar-hill-mumbai-iid-1828710764,LG Washing machine,Used 5 year old machine in fully working condition - Washing Machines,2000,"[""/content/drive/MyDrive/olx_washingmachine_dataset/images/washmachine_b3a743b14a/1.jpg"", ""/content/drive/MyDrive/olx_washingmachine_dataset/images/washmachine_b3a743b14a/2.jpg"", ""/content/drive/MyDrive/olx_washingmachine_dataset/images/washmachine_b3a743b14a/3.jpg"", ""/content/drive/MyDrive/olx_washingmachine_dataset/images/washmachine_b3a743b14a/4.jpg"", ""/content/drive/MyDrive/olx_washingmachine_dataset/images/washmachine_b3a743b14a/5.jpg"", ""/content/drive/MyDrive/olx_washingmachine_dataset/images/washmachine_b3a743b14a/6.jpg"", ""/content/drive/MyDrive/olx_washingmachine_dataset/images/washmachine_b3a743b14a/7.jpg"", ""/content/drive/MyDrive/olx_washingmachine_dataset/images/washmachine_b3a743b14a/8.jpg""]",8,2025-12-09 08:26:56.603874
washmachine_cf45c043c7,https://www.olx.in/item/washing-machines-c1615-6-kg-ifb-washing-machine-in-lawspet-puducherry-iid-1828711434,6 kg ifb washing machine,Working condition got some rust on the outer body. - Washing Machines,2500,"[""/content/drive/MyDrive/olx_washingmachine_dataset/images/washmachine_cf45c043c7/1.jpg"", ""/content/drive/MyDrive/olx_washingmachine_dataset/images/washmachine_cf45c043c7/2.jpg"", ""/content/drive/MyDrive/olx_washingmachine_dataset/images/washmachine_cf45c043c7/3.jpg"", ""/content/drive/MyDrive/olx_washingmachine_dataset/images/washmachine_cf45c043c7/4.jpg"", ""/content/drive/MyDrive/olx_washingmachine_dataset/images/washmachine_cf45c043c7/5.jpg"", ""/content/drive/MyDrive/olx_washingmachine_dataset/images/washmachine_cf45c043c7/6.jpg"", ""/content/drive/MyDrive/olx_washingmachine_dataset/images/washmachine_cf45c043c7/7.jpg"", ""/content/drive/MyDrive/olx_washingmachine_dataset/images/washmachine_cf45c043c7/8.jpg""]",8,2025-12-09 08:29:10.932308
washmachine_41ceb892cc,https://www.olx.in/item/washing-machines-c1615-ifb-front-load-8kg-5star-senator-under-warranty-for-sale-in-upkar-nagar-ludhiana-iid-1828712504,IFB front load 8kg 5star Senator under warranty for sale,IFB front load 8kg 5star Senator under warranty for sale - Washing Machines,25000,"[""/content/drive/MyDrive/olx_washingmachine_dataset/images/washmachine_41ceb892cc/1.jpg"", ""/content/drive/MyDrive/olx_washingmachine_dataset/images/washmachine_41ceb892cc/2.jpg"", ""/content/drive/MyDrive/olx_washingmachine_dataset/images/washmachine_41ceb892cc/3.jpg"", ""/content/drive/MyDrive/olx_washingmachine_dataset/images/washmachine_41ceb892cc/4.jpg"", ""/content/drive/MyDrive/olx_washingmachine_dataset/images/washmachine_41ceb892cc/5.jpg"", ""/content/drive/MyDrive/olx_washingmachine_dataset/images/washmachine_41ceb892cc/6.jpg"", ""/content/drive/MyDrive/olx_washingmachine_dataset/images/washmachine_41ceb892cc/7.jpg"", ""/content/drive/MyDrive/olx_washingmachine_dataset/images/washmachine_41ceb892cc/8.jpg""]",8,2025-12-09 08:29:57.576400
washmachine_4aa898f982,https://www.olx.in/item/washing-machines-c1615-best-combo-offer-on-top-load-washing-machine-and-single-door-fridge-in-marathahalli-bengaluru-iid-1791710880,Best combo offer on Top load washing machine and single door fridge,RentOdeal Our Aim is to give the best and excellent product to our customers and we guarantee it for the product and the service which we provide Multi Brand washing Machine And Refrigerator Available with warranty Top load washing machine starting price @ 4999 Front load washing Machine starting price Rs 6499 Single door refrigerator starting price @4999 Double door refrigerator starting price @ 6499 Brand: LG washing machine/ Videocon fridge Capacity: 6.5kg / 180ltrs Warranty: one year Accessories: Brand New inlet and outlet pipe free Shipping: Free Installation & Demo will be provided by RentOdeal service engineer at the time of delivery Each and every product is tested by RentOdeal service engineer Same day delivery through out Bangalore - Washing Machines,9999,"[""/content/drive/MyDrive/olx_washingmachine_dataset/images/washmachine_4aa898f982/1.jpg"", ""/content/drive/MyDrive/olx_washingmachine_dataset/images/washmachine_4aa898f982/2.jpg"", ""/content/drive/MyDrive/olx_washingmachine_dataset/images/washmachine_4aa898f982/3.jpg"", ""/content/drive/MyDrive/olx_washingmachine_dataset/images/washmachine_4aa898f982/4.jpg"", ""/content/drive/MyDrive/olx_washingmachine_dataset/images/washmachine_4aa898f982/5.jpg"", ""/content/drive/MyDrive/olx_washingmachine_dataset/images/washmachine_4aa898f982/6.jpg"", ""/content/drive/MyDrive/olx_washingmachine_dataset/images/washmachine_4aa898f982/7.jpg"", ""/content/drive/MyDrive/olx_washingmachine_dataset/images/washmachine_4aa898f982/8.jpg""]",8,2025-12-09 08:30:03.017515
washmachine_eb16cc4766,https://www.olx.in/item/washing-machines-c1615-panasonic-topload-automatic-65kg-washing-machine-in-chinnappanahalli-bengaluru-iid-1828711373,Panasonic Topload Automatic 6.5kg Washing Machine,Panasonic Topload Automatic 6.5kg Washing Machine - Washing Machines,11000,"[""/content/drive/MyDrive/olx_washingmachine_dataset/images/washmachine_eb16cc4766/1.jpg"", ""/content/drive/MyDrive/olx_washingmachine_dataset/images/washmachine_eb16cc4766/2.jpg"", ""/content/drive/MyDrive/olx_washingmachine_dataset/images/washmachine_eb16cc4766/3.jpg"", ""/content/drive/MyDrive/olx_washingmachine_dataset/images/washmachine_eb16cc4766/4.jpg"", ""/content/drive/MyDrive/olx_washingmachine_dataset/images/washmachine_eb16cc4766/5.jpg"", ""/content/drive/MyDrive/olx_washingmachine_dataset/images/washmachine_eb16cc4766/6.jpg"", ""/content/drive/MyDrive/olx_washingmachine_dataset/images/washmachine_eb16cc4766/7.jpg"", ""/content/drive/MyDrive/olx_washingmachine_dataset/images/washmachine_eb16cc4766/8.jpg""]",8,2025-12-09 08:30:08.848251
washmachine_4585f261f3,https://www.olx.in/item/washing-machines-c1615-8kg-semi-automatic-unused-packed-washing-machine-videocon-in-mahashweta-nagar-ujjain-iid-1828712782,8KG Semi-Automatic Unused Packed Washing Machine Videocon,"Videocon Toughened Glass Lid Semi-Automatic Washing Machine Brand Videocon Model 8 kg Semi Automatic Top Load Washing Machine Function Type Semi Automatic Colours White & Reddish Mehroon Type Top Load Washing Capacity 8 kg Washing Method Pulsator Hot Wash Yes Spin Only Yes Spin & Rinse Yes Water Level Selector Yes Display Features Yes Transparent Window Display Yes (Glass lid) Other Features Hot / Cold Water Inlet, Buzzer / Volt Control - Washing Machines",12000,"[""/content/drive/MyDrive/olx_washingmachine_dataset/images/washmachine_4585f261f3/1.jpg"", ""/content/drive/MyDrive/olx_washingmachine_dataset/images/washmachine_4585f261f3/2.jpg"", ""/content/drive/MyDrive/olx_washingmachine_dataset/images/washmachine_4585f261f3/3.jpg"", ""/content/drive/MyDrive/olx_washingmachine_dataset/images/washmachine_4585f261f3/4.jpg"", ""/content/drive/MyDrive/olx_washingmachine_dataset/images/washmachine_4585f261f3/5.jpg"", ""/content/drive/MyDrive/olx_washingmachine_dataset/images/washmachine_4585f261f3/6.jpg"", ""/content/drive/MyDrive/olx_washingmachine_dataset/images/washmachine_4585f261f3/7.jpg"", ""/content/drive/MyDrive/olx_washingmachine_dataset/images/washmachine_4585f261f3/8.jpg""]",8,2025-12-09 08:30:15.689946
washmachine_72f371dcc3,https://www.olx.in/item/washing-machines-c1615-godrej-washing-machine-in-barsapara-guwahati-iid-1828710462,godrej washing machine,Warking condition - Washing Machines,4000,"[""/content/drive/MyDrive/olx_washingmachine_dataset/images/washmachine_72f371dcc3/1.jpg"", ""/content/drive/MyDrive/olx_washingmachine_dataset/images/washmachine_72f371dcc3/2.jpg"", ""/content/drive/MyDrive/olx_washingmachine_dataset/images/washmachine_72f371dcc3/3.jpg"", ""/content/drive/MyDrive/olx_washingmachine_dataset/images/washmachine_72f371dcc3/4.jpg"", ""/content/drive/MyDrive/olx_washingmachine_dataset/images/washmachine_72f371dcc3/5.jpg"", ""/content/drive/MyDrive/olx_washingmachine_dataset/images/washmachine_72f371dcc3/6.jpg"", ""/content/drive/MyDrive/olx_washingmachine_dataset/images/washmachine_72f371dcc3/7.jpg"", ""/content/drive/MyDrive/olx_washingmachine_dataset/images/washmachine_72f371dcc3/8.jpg""]",8,2025-12-09 08:31:05.138503
washmachine_668f4114ff,https://www.olx.in/item/washing-machines-c1615-welcondition-washing-machine-in-virar-east-mumbai-iid-1828709767,Welcondition washing machine,Orpel washing machine in company warranty guaranty 12000 price. - Washing Machines,11500,"[""/content/drive/MyDrive/olx_washingmachine_dataset/images/washmachine_668f4114ff/1.jpg"", ""/content/drive/MyDrive/olx_washingmachine_dataset/images/washmachine_668f4114ff/2.jpg"", ""/content/drive/MyDrive/olx_washingmachine_dataset/images/washmachine_668f4114ff/3.jpg"", ""/content/drive/MyDrive/olx_washingmachine_dataset/images/washmachine_668f4114ff/4.jpg"", ""/content/drive/MyDrive/olx_washingmachine_dataset/images/washmachine_668f4114ff/5.jpg"", ""/content/drive/MyDrive/olx_washingmachine_dataset/images/washmachine_668f4114ff/6.jpg"", ""/content/drive/MyDrive/olx_washingmachine_dataset/images/washmachine_668f4114ff/7.jpg"", ""/content/drive/MyDrive/olx_washingmachine_dataset/images/washmachine_668f4114ff/8.jpg"", ""/content/drive/MyDrive/olx_washingmachine_dataset/images/washmachine_668f4114ff/9.jpg"", ""/content/drive/MyDrive/olx_washingmachine_dataset/images/washmachine_668f4114ff/10.jpg"", ""/content/drive/MyDrive/olx_washingmachine_dataset/images/washmachine_668f4114ff/11.jpg"", ""/content/drive/MyDrive/olx_washingmachine_dataset/images/washmachine_668f4114ff/12.jpg"", ""/content/drive/MyDrive/olx_washingmachine_dataset/images/washmachine_668f4114ff/13.jpg"", ""/content/drive/MyDrive/olx_washingmachine_dataset/images/washmachine_668f4114ff/14.jpg""]",14,2025-12-09 08:32:37.793362
washmachine_eea4799bb4,https://www.olx.in/item/washing-machines-c1615-branded-washing-machine-with-warranty-free-delivery-accesories-in-ramesh-nagar-delhi-iid-1802772847,"Branded Washing Machine with Warranty, Free Delivery & accesories","Keerat Electronics We used gently Used and Our Brand New Products Like Refrigerator, Washing Machine, Cooler, Mircowave. We Never Brake Customer Trust Fixed Price Shop No Bargain - Washing Machines",4900,"[""/content/drive/MyDrive/olx_washingmachine_dataset/images/washmachine_eea4799bb4/1.jpg"", ""/content/drive/MyDrive/olx_washingmachine_dataset/images/washmachine_eea4799bb4/2.jpg"", ""/content/drive/MyDrive/olx_washingmachine_dataset/images/washmachine_eea4799bb4/3.jpg"", ""/content/drive/MyDrive/olx_washingmachine_dataset/images/washmachine_eea4799bb4/4.jpg"", ""/content/drive/MyDrive/olx_washingmachine_dataset/images/washmachine_eea4799bb4/5.jpg"", ""/content/drive/MyDrive/olx_washingmachine_dataset/images/washmachine_eea4799bb4/6.jpg"", ""/content/drive/MyDrive/olx_washingmachine_dataset/images/washmachine_eea4799bb4/7.jpg"", ""/content/drive/MyDrive/olx_washingmachine_dataset/images/washmachine_eea4799bb4/8.jpg""]",8,2025-12-09 08:32:45.046005
washmachine_3315e74848,https://www.olx.in/item/washing-machines-c1615-all-basic-models-to-high-models-available-on-prime-get-it-now-in-btm-layout-bengaluru-iid-1825289497,: all basic models to high models available on prime get it now  *,"PRIME ELECTRONICSS HOME APPLIANCES Price range 1.) Top load fully automatic washing machine starts from (5500) 2.) Front load fully automatic washing machine starts from (7000) 3.) Single door refrigerator starts from (6000) 4.) Doble door refrigerator starts from (8000) 5.) Combo offers available refrigerator and washing machine starts from (12000) Delivery : delivery will be done by our experience driver with in 12 hours one's the order is taken Warranty : six months of service warranty and one year moter warranty for the washing machine and one year of compressor warranty for the refrigerator Instalation : we provides institution with new Accessories like inlet and outlet pipes for washing machine Certified every product undergo rigorous testing and are in flawless working condition. Some parts may have been replaced with high-quality, OEM parts to ensure full functionality. Service : one's you raise the complete to the service senter with in 24 to 48 house service will be done COD : we accept gpay/phone pe/cash on delivery. for more details contact - Washing Machines",7000,"[""/content/drive/MyDrive/olx_washingmachine_dataset/images/washmachine_3315e74848/1.jpg"", ""/content/drive/MyDrive/olx_washingmachine_dataset/images/washmachine_3315e74848/2.jpg"", ""/content/drive/MyDrive/olx_washingmachine_dataset/images/washmachine_3315e74848/3.jpg"", ""/content/drive/MyDrive/olx_washingmachine_dataset/images/washmachine_3315e74848/4.jpg"", ""/content/drive/MyDrive/olx_washingmachine_dataset/images/washmachine_3315e74848/5.jpg"", ""/content/drive/MyDrive/olx_washingmachine_dataset/images/washmachine_3315e74848/6.jpg"", ""/content/drive/MyDrive/olx_washingmachine_dataset/images/washmachine_3315e74848/7.jpg"", ""/content/drive/MyDrive/olx_washingmachine_dataset/images/washmachine_3315e74848/8.jpg""]",8,2025-12-09 08:32:50.778521
washmachine_cfc0b006b2,https://www.olx.in/item/washing-machines-c1615-front-load-lg-washing-machine-for-sales-in-kurmannapalem-visakhapatnam-iid-1828463582,FRONT LOAD LG WASHING MACHINE FOR SALE'S,All types of companies are available Good looking Good condition Top load washing machine Front load washing machine Semi automatic washing machine - Washing Machines,12500,"[""/content/drive/MyDrive/olx_washingmachine_dataset/images/washmachine_cfc0b006b2/1.jpg"", ""/content/drive/MyDrive/olx_washingmachine_dataset/images/washmachine_cfc0b006b2/2.jpg"", ""/content/drive/MyDrive/olx_washingmachine_dataset/images/washmachine_cfc0b006b2/3.jpg"", ""/content/drive/MyDrive/olx_washingmachine_dataset/images/washmachine_cfc0b006b2/4.jpg"", ""/content/drive/MyDrive/olx_washingmachine_dataset/images/washmachine_cfc0b006b2/5.jpg"", ""/content/drive/MyDrive/olx_washingmachine_dataset/images/washmachine_cfc0b006b2/6.jpg"", ""/content/drive/MyDrive/olx_washingmachine_dataset/images/washmachine_cfc0b006b2/7.jpg"", ""/content/drive/MyDrive/olx_washingmachine_dataset/images/washmachine_cfc0b006b2/8.jpg""]",8,2025-12-09 08:33:37.609018
washmachine_ef59c2baad,https://www.olx.in/item/washing-machines-c1615-new-fully-automatic-washing-machine-with-5-year-warranty-in-eldeco-green-lucknow-iid-1828711701,New Fully Automatic Washing Machine with 5 year warranty,Totally New realme TechLife 8 kg 5 Star Fully Automatic Top Load Washing Machine with full 5 year warranty and Bill 1. It has Diamond Drum for fabric safe wash. 2. The machine offers 10 wash programs. 3. It has a rust-resistant body and promotes energy saving. 4. The product has a 5-star energy rating. - Washing Machines,9500,"[""/content/drive/MyDrive/olx_washingmachine_dataset/images/washmachine_ef59c2baad/1.jpg"", ""/content/drive/MyDrive/olx_washingmachine_dataset/images/washmachine_ef59c2baad/2.jpg"", ""/content/drive/MyDrive/olx_washingmachine_dataset/images/washmachine_ef59c2baad/3.jpg"", ""/content/drive/MyDrive/olx_washingmachine_dataset/images/washmachine_ef59c2baad/4.jpg"", ""/content/drive/MyDrive/olx_washingmachine_dataset/images/washmachine_ef59c2baad/5.jpg"", ""/content/drive/MyDrive/olx_washingmachine_dataset/images/washmachine_ef59c2baad/6.jpg"", ""/content/drive/MyDrive/olx_washingmachine_dataset/images/washmachine_ef59c2baad/7.jpg"", ""/content/drive/MyDrive/olx_washingmachine_dataset/images/washmachine_ef59c2baad/8.jpg""]",8,2025-12-09 08:33:44.362291
washmachine_29c8f3df15,https://www.olx.in/item/washing-machines-c1615-4-yrs-old-whirlpool-washing-machine-74-kg-fully-automatic-top-loading-in-bavdhan-pune-iid-1827490289,4 yrs old Whirlpool Washing Machine 7.4 kg Fully Automatic Top Loading,"Selling my 4 yrs old Whirlpool Washing Machine 7.5 kg Fully Automatic Top Loading with Steel Drum in top notch condition (Whilrpool 360 Bloomwash Pro) . I am selling this as i am moving in a new house with new appliances.to be sold immediately in this week. Sale Price - 15,000 (Negotiable) - Washing Machines",15000,"[""/content/drive/MyDrive/olx_washingmachine_dataset/images/washmachine_29c8f3df15/1.jpg"", ""/content/drive/MyDrive/olx_washingmachine_dataset/images/washmachine_29c8f3df15/2.jpg"", ""/content/drive/MyDrive/olx_washingmachine_dataset/images/washmachine_29c8f3df15/3.jpg"", ""/content/drive/MyDrive/olx_washingmachine_dataset/images/washmachine_29c8f3df15/4.jpg"", ""/content/drive/MyDrive/olx_washingmachine_dataset/images/washmachine_29c8f3df15/5.jpg"", ""/content/drive/MyDrive/olx_washingmachine_dataset/images/washmachine_29c8f3df15/6.jpg"", ""/content/drive/MyDrive/olx_washingmachine_dataset/images/washmachine_29c8f3df15/7.jpg"", ""/content/drive/MyDrive/olx_washingmachine_dataset/images/washmachine_29c8f3df15/8.jpg""]",8,2025-12-09 08:33:52.251083
washmachine_025c8584d6,https://www.olx.in/item/washing-machines-c1615-haier-automatic-new-box-pack-washing-machine-on-rent-in-thergaon-pune-iid-1812264584,Haier automatic new box pack washing machine on rent,"FREE DELIVERY, FREE INSTALLATION. CONTACT US FOR MORE DETAILS. - Washing Machines",499,"[""/content/drive/MyDrive/olx_washingmachine_dataset/images/washmachine_025c8584d6/1.jpg"", ""/content/drive/MyDrive/olx_washingmachine_dataset/images/washmachine_025c8584d6/2.jpg"", ""/content/drive/MyDrive/olx_washingmachine_dataset/images/washmachine_025c8584d6/3.jpg"", ""/content/drive/MyDrive/olx_washingmachine_dataset/images/washmachine_025c8584d6/4.jpg"", ""/content/drive/MyDrive/olx_washingmachine_dataset/images/washmachine_025c8584d6/5.jpg"", ""/content/drive/MyDrive/olx_washingmachine_dataset/images/washmachine_025c8584d6/6.jpg"", ""/content/drive/MyDrive/olx_washingmachine_dataset/images/washmachine_025c8584d6/7.jpg"", ""/content/drive/MyDrive/olx_washingmachine_dataset/images/washmachine_025c8584d6/8.jpg""]",8,2025-12-09 08:36:53.264116
washmachine_e2c254ff6c,https://www.olx.in/item/washing-machines-c1615-lg-inverter-technology-7kg-washing-machine-mistashi-microwave-in-sector-86-mohali-iid-1828711541,LG Inverter Technology 7Kg washing machine & Mistashi Microwave,Buy both at 10K together - Perfectly working and Never repaired All Original & Well Maintained LG Washing Machine 7Kg Inverter Technology Fully Automatic at 7800 Mitashi Microwave at 2800 - Washing Machines,7800,"[""/content/drive/MyDrive/olx_washingmachine_dataset/images/washmachine_e2c254ff6c/1.jpg"", ""/content/drive/MyDrive/olx_washingmachine_dataset/images/washmachine_e2c254ff6c/2.jpg"", ""/content/drive/MyDrive/olx_washingmachine_dataset/images/washmachine_e2c254ff6c/3.jpg"", ""/content/drive/MyDrive/olx_washingmachine_dataset/images/washmachine_e2c254ff6c/4.jpg"", ""/content/drive/MyDrive/olx_washingmachine_dataset/images/washmachine_e2c254ff6c/5.jpg"", ""/content/drive/MyDrive/olx_washingmachine_dataset/images/washmachine_e2c254ff6c/6.jpg"", ""/content/drive/MyDrive/olx_washingmachine_dataset/images/washmachine_e2c254ff6c/7.jpg"", ""/content/drive/MyDrive/olx_washingmachine_dataset/images/washmachine_e2c254ff6c/8.jpg""]",8,2025-12-09 08:37:39.864222
washmachine_3a4f734c54,https://www.olx.in/item/washing-machines-c1615-energy-saver-uses-less-power-and-gives-powerful-cleaning-results-in-a-narayanapura-bengaluru-iid-1824843581,#Energy Saver! Uses less power and gives powerful cleaning results.,"> Visit our website for more options: www .yourchoiz. in Flat ₹500 OFF + Cash on Delivery Use code: NAMMAYOURCHOIZ at www .yourchoiz. in Refurbished Appliances at Best Price – Quality You Can Trust! Looking for affordable home appliances without compromising on quality? Our refurbished refrigerators and washing machines are carefully inspected, fully tested, and restored to perfect working condition by experts. Why Choose Us? Fully tested and repaired if needed Professionally cleaned and sanitized Minor cosmetic marks possible, but 100% functional Environment-friendly and budget-friendly Available Products: Single Door Refrigerator – Starting at just ₹4,999 Double Door Refrigerator – Starting at ₹6,999 Top Load Washing Machine – Starting at ₹4,999 Front Load Washing Machine – Starting at ₹6,999 Warranty: 1 Year Warranty on Motor and Compressor Free delivery available in Bangalore Visit us today and give your home a smart upgrade at a smart price! - Washing Machines",5499,"[""/content/drive/MyDrive/olx_washingmachine_dataset/images/washmachine_3a4f734c54/1.jpg"", ""/content/drive/MyDrive/olx_washingmachine_dataset/images/washmachine_3a4f734c54/2.jpg"", ""/content/drive/MyDrive/olx_washingmachine_dataset/images/washmachine_3a4f734c54/3.jpg"", ""/content/drive/MyDrive/olx_washingmachine_dataset/images/washmachine_3a4f734c54/4.jpg"", ""/content/drive/MyDrive/olx_washingmachine_dataset/images/washmachine_3a4f734c54/5.jpg"", ""/content/drive/MyDrive/olx_washingmachine_dataset/images/washmachine_3a4f734c54/6.jpg"", ""/content/drive/MyDrive/olx_washingmachine_dataset/images/washmachine_3a4f734c54/7.jpg"", ""/content/drive/MyDrive/olx_washingmachine_dataset/images/washmachine_3a4f734c54/8.jpg""]",8,2025-12-09 08:37:46.531878
washmachine_1d9080f2bf,https://www.olx.in/item/washing-machines-c1615-fully-automatic-washing-machine-in-jawalaheri-delhi-iid-1828712588,Buy & Sell Washing Machines in Jawalaheri,Buy and sell second hand Washing Machines in Jawalaheri. OLX provides the best Free Online Classified Advertising in India.,5000,"[""/content/drive/MyDrive/olx_washingmachine_dataset/images/washmachine_1d9080f2bf/1.jpg"", ""/content/drive/MyDrive/olx_washingmachine_dataset/images/washmachine_1d9080f2bf/2.jpg"", ""/content/drive/MyDrive/olx_washingmachine_dataset/images/washmachine_1d9080f2bf/3.jpg"", ""/content/drive/MyDrive/olx_washingmachine_dataset/images/washmachine_1d9080f2bf/4.jpg"", ""/content/drive/MyDrive/olx_washingmachine_dataset/images/washmachine_1d9080f2bf/5.jpg"", ""/content/drive/MyDrive/olx_washingmachine_dataset/images/washmachine_1d9080f2bf/6.jpg"", ""/content/drive/MyDrive/olx_washingmachine_dataset/images/washmachine_1d9080f2bf/7.jpg"", ""/content/drive/MyDrive/olx_washingmachine_dataset/images/washmachine_1d9080f2bf/8.jpg"", ""/content/drive/MyDrive/olx_washingmachine_dataset/images/washmachine_1d9080f2bf/9.jpg"", ""/content/drive/MyDrive/olx_washingmachine_dataset/images/washmachine_1d9080f2bf/10.jpg"", ""/content/drive/MyDrive/olx_washingmachine_dataset/images/washmachine_1d9080f2bf/11.jpg"", ""/content/drive/MyDrive/olx_washingmachine_dataset/images/washmachine_1d9080f2bf/12.jpg"", ""/content/drive/MyDrive/olx_washingmachine_dataset/images/washmachine_1d9080f2bf/13.jpg"", ""/content/drive/MyDrive/olx_washingmachine_dataset/images/washmachine_1d9080f2bf/14.jpg"", ""/content/drive/MyDrive/olx_washingmachine_dataset/images/washmachine_1d9080f2bf/15.jpg"", ""/content/drive/MyDrive/olx_washingmachine_dataset/images/washmachine_1d9080f2bf/16.jpg"", ""/content/drive/MyDrive/olx_washingmachine_dataset/images/washmachine_1d9080f2bf/17.jpg"", ""/content/drive/MyDrive/olx_washingmachine_dataset/images/washmachine_1d9080f2bf/18.jpg"", ""/content/drive/MyDrive/olx_washingmachine_dataset/images/washmachine_1d9080f2bf/19.jpg"", ""/content/drive/MyDrive/olx_washingmachine_dataset/images/washmachine_1d9080f2bf/20.jpg"", ""/content/drive/MyDrive/olx_washingmachine_dataset/images/washmachine_1d9080f2bf/21.jpg"", ""/content/drive/MyDrive/olx_washingmachine_dataset/images/washmachine_1d9080f2bf/22.jpg"", ""/content/drive/MyDrive/olx_washingmachine_dataset/images/washmachine_1d9080f2bf/23.jpg"", ""/content/drive/MyDrive/olx_washingmachine_dataset/images/washmachine_1d9080f2bf/24.jpg"", ""/content/drive/MyDrive/olx_washingmachine_dataset/images/washmachine_1d9080f2bf/25.jpg"", ""/content/drive/MyDrive/olx_washingmachine_dataset/images/washmachine_1d9080f2bf/26.jpg"", ""/content/drive/MyDrive/olx_washingmachine_dataset/images/washmachine_1d9080f2bf/27.jpg"", ""/content/drive/MyDrive/olx_washingmachine_dataset/images/washmachine_1d9080f2bf/28.jpg"", ""/content/drive/MyDrive/olx_washingmachine_dataset/images/washmachine_1d9080f2bf/29.jpg"", ""/content/drive/MyDrive/olx_washingmachine_dataset/images/washmachine_1d9080f2bf/30.jpg"", ""/content/drive/MyDrive/olx_washingmachine_dataset/images/washmachine_1d9080f2bf/31.jpg"", ""/content/drive/MyDrive/olx_washingmachine_dataset/images/washmachine_1d9080f2bf/32.jpg"", ""/content/drive/MyDrive/olx_washingmachine_dataset/images/washmachine_1d9080f2bf/33.jpg"", ""/content/drive/MyDrive/olx_washingmachine_dataset/images/washmachine_1d9080f2bf/34.jpg"", ""/content/drive/MyDrive/olx_washingmachine_dataset/images/washmachine_1d9080f2bf/35.jpg"", ""/content/drive/MyDrive/olx_washingmachine_dataset/images/washmachine_1d9080f2bf/36.jpg"", ""/content/drive/MyDrive/olx_washingmachine_dataset/images/washmachine_1d9080f2bf/37.jpg"", ""/content/drive/MyDrive/olx_washingmachine_dataset/images/washmachine_1d9080f2bf/38.jpg"", ""/content/drive/MyDrive/olx_washingmachine_dataset/images/washmachine_1d9080f2bf/39.jpg"", ""/content/drive/MyDrive/olx_washingmachine_dataset/images/washmachine_1d9080f2bf/40.jpg"", ""/content/drive/MyDrive/olx_washingmachine_dataset/images/washmachine_1d9080f2bf/41.jpg"", ""/content/drive/MyDrive/olx_washingmachine_dataset/images/washmachine_1d9080f2bf/42.jpg"", ""/content/drive/MyDrive/olx_washingmachine_dataset/images/washmachine_1d9080f2bf/43.jpg"", ""/content/drive/MyDrive/olx_washingmachine_dataset/images/washmachine_1d9080f2bf/44.jpg"", ""/content/drive/MyDrive/olx_washingmachine_dataset/images/washmachine_1d9080f2bf/45.jpg"", ""/content/drive/MyDrive/olx_washingmachine_dataset/images/washmachine_1d9080f2bf/46.jpg"", ""/content/drive/MyDrive/olx_washingmachine_dataset/images/washmachine_1d9080f2bf/47.jpg"", ""/content/drive/MyDrive/olx_washingmachine_dataset/images/washmachine_1d9080f2bf/48.jpg"", ""/content/drive/MyDrive/olx_washingmachine_dataset/images/washmachine_1d9080f2bf/49.jpg"", ""/content/drive/MyDrive/olx_washingmachine_dataset/images/washmachine_1d9080f2bf/50.jpg""]",50,2025-12-09 08:38:35.303169
washmachine_f4355ba67e,https://www.olx.in/item/washing-machines-c1615-fully-matained-scratch-less-very-less-used-with-5star-safety-rating-in-latto-masjid-srinagar-iid-1828708282,",fully matained scratch less & very less used with 5star safety rating",LG 7KG WASHING MACHINE. - Washing Machines,18500,"[""/content/drive/MyDrive/olx_washingmachine_dataset/images/washmachine_f4355ba67e/1.jpg"", ""/content/drive/MyDrive/olx_washingmachine_dataset/images/washmachine_f4355ba67e/2.jpg"", ""/content/drive/MyDrive/olx_washingmachine_dataset/images/washmachine_f4355ba67e/3.jpg"", ""/content/drive/MyDrive/olx_washingmachine_dataset/images/washmachine_f4355ba67e/4.jpg"", ""/content/drive/MyDrive/olx_washingmachine_dataset/images/washmachine_f4355ba67e/5.jpg"", ""/content/drive/MyDrive/olx_washingmachine_dataset/images/washmachine_f4355ba67e/6.jpg"", ""/content/drive/MyDrive/olx_washingmachine_dataset/images/washmachine_f4355ba67e/7.jpg"", ""/content/drive/MyDrive/olx_washingmachine_dataset/images/washmachine_f4355ba67e/8.jpg""]",8,2025-12-09 08:39:23.209881
washmachine_467079c9b1,https://www.olx.in/item/washing-machines-c1615-designed-with-ai-sensors-to-adjust-wash-cycles-for-fabric-care-in-hennur-bengaluru-iid-1820720190,#Designed with AI sensors to adjust wash cycles for fabric care,"> Visit our website for more options: www .yourchoiz. in Flat ₹500 OFF + Cash on Delivery Use code: NAMMAYOURCHOIZ at www .yourchoiz. in Refurbished Appliances at Best Price – Quality You Can Trust! Looking for affordable home appliances without compromising on quality? Our refurbished refrigerators and washing machines are carefully inspected, fully tested, and restored to perfect working condition by experts. Why Choose Us? Fully tested and repaired if needed Professionally cleaned and sanitized Minor cosmetic marks possible, but 100% functional Environment-friendly and budget-friendly Available Products: Single Door Refrigerator – Starting at just ₹4,999 Double Door Refrigerator – Starting at ₹6,999 Top Load Washing Machine – Starting at ₹4,999 Front Load Washing Machine – Starting at ₹6,999 Warranty: 1 Year Warranty on Motor and Compressor Free delivery available in Bangalore Visit us today and give your home a smart upgrade at a smart price! - Washing Machines",5999,"[""/content/drive/MyDrive/olx_washingmachine_dataset/images/washmachine_467079c9b1/1.jpg"", ""/content/drive/MyDrive/olx_washingmachine_dataset/images/washmachine_467079c9b1/2.jpg"", ""/content/drive/MyDrive/olx_washingmachine_dataset/images/washmachine_467079c9b1/3.jpg"", ""/content/drive/MyDrive/olx_washingmachine_dataset/images/washmachine_467079c9b1/4.jpg"", ""/content/drive/MyDrive/olx_washingmachine_dataset/images/washmachine_467079c9b1/5.jpg"", ""/content/drive/MyDrive/olx_washingmachine_dataset/images/washmachine_467079c9b1/6.jpg"", ""/content/drive/MyDrive/olx_washingmachine_dataset/images/washmachine_467079c9b1/7.jpg"", ""/content/drive/MyDrive/olx_washingmachine_dataset/images/washmachine_467079c9b1/8.jpg""]",8,2025-12-09 08:39:28.317993
washmachine_59d9cc6541,https://www.olx.in/item/washing-machines-c1615-lg-62-kg-washing-machine-in-sompura-bengaluru-iid-1828712401,LG 6.2 KG Washing Machine,LG 6.2 KG Washing Machine - Washing Machines,5000,"[""/content/drive/MyDrive/olx_washingmachine_dataset/images/washmachine_59d9cc6541/1.jpg"", ""/content/drive/MyDrive/olx_washingmachine_dataset/images/washmachine_59d9cc6541/2.jpg"", ""/content/drive/MyDrive/olx_washingmachine_dataset/images/washmachine_59d9cc6541/3.jpg"", ""/content/drive/MyDrive/olx_washingmachine_dataset/images/washmachine_59d9cc6541/4.jpg"", ""/content/drive/MyDrive/olx_washingmachine_dataset/images/washmachine_59d9cc6541/5.jpg"", ""/content/drive/MyDrive/olx_washingmachine_dataset/images/washmachine_59d9cc6541/6.jpg"", ""/content/drive/MyDrive/olx_washingmachine_dataset/images/washmachine_59d9cc6541/7.jpg"", ""/content/drive/MyDrive/olx_washingmachine_dataset/images/washmachine_59d9cc6541/8.jpg""]",8,2025-12-09 08:39:34.959655
washmachine_0307dbd04f,https://www.olx.in/item/washing-machines-c1615-semi-automatic-in-vazhuthacaud-thiruvananthapuram-iid-1827420281,Semi automatic,1months used going abroad - Washing Machines,8000,"[""/content/drive/MyDrive/olx_washingmachine_dataset/images/washmachine_0307dbd04f/1.jpg"", ""/content/drive/MyDrive/olx_washingmachine_dataset/images/washmachine_0307dbd04f/2.jpg"", ""/content/drive/MyDrive/olx_washingmachine_dataset/images/washmachine_0307dbd04f/3.jpg"", ""/content/drive/MyDrive/olx_washingmachine_dataset/images/washmachine_0307dbd04f/4.jpg"", ""/content/drive/MyDrive/olx_washingmachine_dataset/images/washmachine_0307dbd04f/5.jpg"", ""/content/drive/MyDrive/olx_washingmachine_dataset/images/washmachine_0307dbd04f/6.jpg"", ""/content/drive/MyDrive/olx_washingmachine_dataset/images/washmachine_0307dbd04f/7.jpg"", ""/content/drive/MyDrive/olx_washingmachine_dataset/images/washmachine_0307dbd04f/8.jpg""]",8,2025-12-09 08:41:05.087520
washmachine_ee23920e29,https://www.olx.in/item/washing-machines-c1615-ifb-washing-machine-fully-automatic-in-kuttikkattil-junction-karunagappally-iid-1828411838,IFB Washing Machine Fully Automatic,"The IFB Elena VX is a fully automatic, front-load washing machine with a 6 kg capacity and an 800 RPM maximum spin speed.. - Washing Machines",3500,"[""/content/drive/MyDrive/olx_washingmachine_dataset/images/washmachine_ee23920e29/1.jpg"", ""/content/drive/MyDrive/olx_washingmachine_dataset/images/washmachine_ee23920e29/2.jpg"", ""/content/drive/MyDrive/olx_washingmachine_dataset/images/washmachine_ee23920e29/3.jpg"", ""/content/drive/MyDrive/olx_washingmachine_dataset/images/washmachine_ee23920e29/4.jpg"", ""/content/drive/MyDrive/olx_washingmachine_dataset/images/washmachine_ee23920e29/5.jpg"", ""/content/drive/MyDrive/olx_washingmachine_dataset/images/washmachine_ee23920e29/6.jpg"", ""/content/drive/MyDrive/olx_washingmachine_dataset/images/washmachine_ee23920e29/7.jpg"", ""/content/drive/MyDrive/olx_washingmachine_dataset/images/washmachine_ee23920e29/8.jpg"", ""/content/drive/MyDrive/olx_washingmachine_dataset/images/washmachine_ee23920e29/9.jpg"", ""/content/drive/MyDrive/olx_washingmachine_dataset/images/washmachine_ee23920e29/10.jpg"", ""/content/drive/MyDrive/olx_washingmachine_dataset/images/washmachine_ee23920e29/11.jpg"", ""/content/drive/MyDrive/olx_washingmachine_dataset/images/washmachine_ee23920e29/12.jpg"", ""/content/drive/MyDrive/olx_washingmachine_dataset/images/washmachine_ee23920e29/13.jpg"", ""/content/drive/MyDrive/olx_washingmachine_dataset/images/washmachine_ee23920e29/14.jpg""]",14,2025-12-09 08:41:14.511517
washmachine_8dfb0d910c,https://www.olx.in/item/washing-machines-c1615-lg-top-load-fully-automatic-washing-machine-in-bala-nagar-hyderabad-iid-1828712081,LG top load fully automatic washing machine,"12 yr old, working condition washing machine lg fully automatic at Balanagar hyderabad - Washing Machines",2700,"[""/content/drive/MyDrive/olx_washingmachine_dataset/images/washmachine_8dfb0d910c/1.jpg"", ""/content/drive/MyDrive/olx_washingmachine_dataset/images/washmachine_8dfb0d910c/2.jpg"", ""/content/drive/MyDrive/olx_washingmachine_dataset/images/washmachine_8dfb0d910c/3.jpg"", ""/content/drive/MyDrive/olx_washingmachine_dataset/images/washmachine_8dfb0d910c/4.jpg"", ""/content/drive/MyDrive/olx_washingmachine_dataset/images/washmachine_8dfb0d910c/5.jpg"", ""/content/drive/MyDrive/olx_washingmachine_dataset/images/washmachine_8dfb0d910c/6.jpg"", ""/content/drive/MyDrive/olx_washingmachine_dataset/images/washmachine_8dfb0d910c/7.jpg"", ""/content/drive/MyDrive/olx_washingmachine_dataset/images/washmachine_8dfb0d910c/8.jpg""]",8,2025-12-09 08:41:21.234566
washmachine_ad996e956f,https://www.olx.in/item/washing-machines-c1615-portable-foldable-washing-machine-16l-in-radhika-park-rajkot-iid-1828710868,Portable Foldable Washing Machine 16L,"With Spin Basket, Small Portable Washer Machine Suitable for Underwear, Small Clothes, Foldable Design (MADE IN CHINA) - Washing Machines",900,"[""/content/drive/MyDrive/olx_washingmachine_dataset/images/washmachine_ad996e956f/1.jpg"", ""/content/drive/MyDrive/olx_washingmachine_dataset/images/washmachine_ad996e956f/2.jpg"", ""/content/drive/MyDrive/olx_washingmachine_dataset/images/washmachine_ad996e956f/3.jpg"", ""/content/drive/MyDrive/olx_washingmachine_dataset/images/washmachine_ad996e956f/4.jpg"", ""/content/drive/MyDrive/olx_washingmachine_dataset/images/washmachine_ad996e956f/5.jpg"", ""/content/drive/MyDrive/olx_washingmachine_dataset/images/washmachine_ad996e956f/6.jpg"", ""/content/drive/MyDrive/olx_washingmachine_dataset/images/washmachine_ad996e956f/7.jpg"", ""/content/drive/MyDrive/olx_washingmachine_dataset/images/washmachine_ad996e956f/8.jpg""]",8,2025-12-09 08:42:08.395550
washmachine_1709b0e940,https://www.olx.in/item/washing-machines-c1615-samsung-semi-automatic-washing-machin-72-kg-for-sale-in-andheri-west-mumbai-iid-1827969389,Samsung Semi Automatic washing Machin 7.2 Kg for sale,Samsung Semi Automatic washing Machin 7.2 Kg for sale fully good and working condition Andher West s v road. - Washing Machines,5000,"[""/content/drive/MyDrive/olx_washingmachine_dataset/images/washmachine_1709b0e940/1.jpg"", ""/content/drive/MyDrive/olx_washingmachine_dataset/images/washmachine_1709b0e940/2.jpg"", ""/content/drive/MyDrive/olx_washingmachine_dataset/images/washmachine_1709b0e940/3.jpg"", ""/content/drive/MyDrive/olx_washingmachine_dataset/images/washmachine_1709b0e940/4.jpg"", ""/content/drive/MyDrive/olx_washingmachine_dataset/images/washmachine_1709b0e940/5.jpg"", ""/content/drive/MyDrive/olx_washingmachine_dataset/images/washmachine_1709b0e940/6.jpg"", ""/content/drive/MyDrive/olx_washingmachine_dataset/images/washmachine_1709b0e940/7.jpg"", ""/content/drive/MyDrive/olx_washingmachine_dataset/images/washmachine_1709b0e940/8.jpg""]",8,2025-12-09 08:42:57.247409
washmachine_9275fbd2b7,https://www.olx.in/item/washing-machines-c1615-godrej-frig-okh-lene-wale-design-kare-in-kashyap-colony-panipat-iid-1826316623,Godrej  frig okh lene wale design kare,Godrej farig. Koi kami nhi h - Washing Machines,3100,"[""/content/drive/MyDrive/olx_washingmachine_dataset/images/washmachine_9275fbd2b7/1.jpg"", ""/content/drive/MyDrive/olx_washingmachine_dataset/images/washmachine_9275fbd2b7/2.jpg"", ""/content/drive/MyDrive/olx_washingmachine_dataset/images/washmachine_9275fbd2b7/3.jpg"", ""/content/drive/MyDrive/olx_washingmachine_dataset/images/washmachine_9275fbd2b7/4.jpg"", ""/content/drive/MyDrive/olx_washingmachine_dataset/images/washmachine_9275fbd2b7/5.jpg"", ""/content/drive/MyDrive/olx_washingmachine_dataset/images/washmachine_9275fbd2b7/6.jpg"", ""/content/drive/MyDrive/olx_washingmachine_dataset/images/washmachine_9275fbd2b7/7.jpg"", ""/content/drive/MyDrive/olx_washingmachine_dataset/images/washmachine_9275fbd2b7/8.jpg""]",8,2025-12-09 08:43:03.887869
washmachine_f8f6e340ea,https://www.olx.in/item/washing-machines-c1615-ifb-washing-machine-for-sale-in-municipal-colony-rajahmundry-iid-1828710742,IFB washing machine for sale,IFB good condition 6.5 kg top load washing machine for sale - Washing Machines,8500,"[""/content/drive/MyDrive/olx_washingmachine_dataset/images/washmachine_f8f6e340ea/1.jpg"", ""/content/drive/MyDrive/olx_washingmachine_dataset/images/washmachine_f8f6e340ea/2.jpg"", ""/content/drive/MyDrive/olx_washingmachine_dataset/images/washmachine_f8f6e340ea/3.jpg"", ""/content/drive/MyDrive/olx_washingmachine_dataset/images/washmachine_f8f6e340ea/4.jpg"", ""/content/drive/MyDrive/olx_washingmachine_dataset/images/washmachine_f8f6e340ea/5.jpg"", ""/content/drive/MyDrive/olx_washingmachine_dataset/images/washmachine_f8f6e340ea/6.jpg"", ""/content/drive/MyDrive/olx_washingmachine_dataset/images/washmachine_f8f6e340ea/7.jpg"", ""/content/drive/MyDrive/olx_washingmachine_dataset/images/washmachine_f8f6e340ea/8.jpg""]",8,2025-12-09 08:43:10.944972
washmachine_1137c09656,https://www.olx.in/item/washing-machines-c1615-selling-a-good-condition-tower-acs-in-nampally-hyderabad-iid-1828711760,Selling a good condition Tower acs..,We are selling Tower ACs in good condition 2 ton 3 ton and 4 ton available 6 months compressor guarantee only.. - Washing Machines,26000,"[""/content/drive/MyDrive/olx_washingmachine_dataset/images/washmachine_1137c09656/1.jpg"", ""/content/drive/MyDrive/olx_washingmachine_dataset/images/washmachine_1137c09656/2.jpg"", ""/content/drive/MyDrive/olx_washingmachine_dataset/images/washmachine_1137c09656/3.jpg"", ""/content/drive/MyDrive/olx_washingmachine_dataset/images/washmachine_1137c09656/4.jpg"", ""/content/drive/MyDrive/olx_washingmachine_dataset/images/washmachine_1137c09656/5.jpg"", ""/content/drive/MyDrive/olx_washingmachine_dataset/images/washmachine_1137c09656/6.jpg"", ""/content/drive/MyDrive/olx_washingmachine_dataset/images/washmachine_1137c09656/7.jpg"", ""/content/drive/MyDrive/olx_washingmachine_dataset/images/washmachine_1137c09656/8.jpg""]",8,2025-12-09 08:43:17.793536
washmachine_ea80a5cfbe,https://www.olx.in/item/washing-machines-c1615-samsung-washing-machine-5kg-full-automatic-5-star-in-virhathod-jaipur-iid-1828710189,Samsung Washing machine 5KG Full Automatic 5 star,Want to sell urgent BILL AVAILABLE 2 MONTHS OLD ONLY - Washing Machines,21000,"[""/content/drive/MyDrive/olx_washingmachine_dataset/images/washmachine_ea80a5cfbe/1.jpg"", ""/content/drive/MyDrive/olx_washingmachine_dataset/images/washmachine_ea80a5cfbe/2.jpg"", ""/content/drive/MyDrive/olx_washingmachine_dataset/images/washmachine_ea80a5cfbe/3.jpg"", ""/content/drive/MyDrive/olx_washingmachine_dataset/images/washmachine_ea80a5cfbe/4.jpg"", ""/content/drive/MyDrive/olx_washingmachine_dataset/images/washmachine_ea80a5cfbe/5.jpg"", ""/content/drive/MyDrive/olx_washingmachine_dataset/images/washmachine_ea80a5cfbe/6.jpg"", ""/content/drive/MyDrive/olx_washingmachine_dataset/images/washmachine_ea80a5cfbe/7.jpg"", ""/content/drive/MyDrive/olx_washingmachine_dataset/images/washmachine_ea80a5cfbe/8.jpg""]",8,2025-12-09 08:43:23.674199
washmachine_f6cca6c565,https://www.olx.in/item/washing-machines-c1615-first-hand-washing-machine-2021-in-mahesana-nagar-vadodara-iid-1828616718,First hand washing machine (2021),"Samsung (6 kg), semi automatic, 5 star, working 100%, but sometimes the timer might stops randomly, first hand (4 years use). - Washing Machines",4999,"[""/content/drive/MyDrive/olx_washingmachine_dataset/images/washmachine_f6cca6c565/1.jpg"", ""/content/drive/MyDrive/olx_washingmachine_dataset/images/washmachine_f6cca6c565/2.jpg"", ""/content/drive/MyDrive/olx_washingmachine_dataset/images/washmachine_f6cca6c565/3.jpg"", ""/content/drive/MyDrive/olx_washingmachine_dataset/images/washmachine_f6cca6c565/4.jpg"", ""/content/drive/MyDrive/olx_washingmachine_dataset/images/washmachine_f6cca6c565/5.jpg"", ""/content/drive/MyDrive/olx_washingmachine_dataset/images/washmachine_f6cca6c565/6.jpg"", ""/content/drive/MyDrive/olx_washingmachine_dataset/images/washmachine_f6cca6c565/7.jpg"", ""/content/drive/MyDrive/olx_washingmachine_dataset/images/washmachine_f6cca6c565/8.jpg""]",8,2025-12-09 08:43:31.050918
washmachine_f75454c632,https://www.olx.in/item/washing-machines-c1615-washing-machine-in-nanjappa-reddy-colony-bengaluru-iid-1828708676,Washing machine,Godrej fully automatic top load 7kg capacity brand new pack piece MRP 27000 - Washing Machines,14000,"[""/content/drive/MyDrive/olx_washingmachine_dataset/images/washmachine_f75454c632/1.jpg"", ""/content/drive/MyDrive/olx_washingmachine_dataset/images/washmachine_f75454c632/2.jpg"", ""/content/drive/MyDrive/olx_washingmachine_dataset/images/washmachine_f75454c632/3.jpg"", ""/content/drive/MyDrive/olx_washingmachine_dataset/images/washmachine_f75454c632/4.jpg"", ""/content/drive/MyDrive/olx_washingmachine_dataset/images/washmachine_f75454c632/5.jpg"", ""/content/drive/MyDrive/olx_washingmachine_dataset/images/washmachine_f75454c632/6.jpg"", ""/content/drive/MyDrive/olx_washingmachine_dataset/images/washmachine_f75454c632/7.jpg"", ""/content/drive/MyDrive/olx_washingmachine_dataset/images/washmachine_f75454c632/8.jpg""]",8,2025-12-09 08:43:36.217854
washmachine_88289038bb,https://www.olx.in/item/washing-machines-c1615-samsung-front-load-automatic-machine-in-ashok-nagar-jalandhar-iid-1828712230,Samsung front load automatic machine,Samsung front load automatic machine - Washing Machines,7000,"[""/content/drive/MyDrive/olx_washingmachine_dataset/images/washmachine_88289038bb/1.jpg"", ""/content/drive/MyDrive/olx_washingmachine_dataset/images/washmachine_88289038bb/2.jpg"", ""/content/drive/MyDrive/olx_washingmachine_dataset/images/washmachine_88289038bb/3.jpg"", ""/content/drive/MyDrive/olx_washingmachine_dataset/images/washmachine_88289038bb/4.jpg"", ""/content/drive/MyDrive/olx_washingmachine_dataset/images/washmachine_88289038bb/5.jpg"", ""/content/drive/MyDrive/olx_washingmachine_dataset/images/washmachine_88289038bb/6.jpg"", ""/content/drive/MyDrive/olx_washingmachine_dataset/images/washmachine_88289038bb/7.jpg"", ""/content/drive/MyDrive/olx_washingmachine_dataset/images/washmachine_88289038bb/8.jpg""]",8,2025-12-09 08:45:53.000861
washmachine_ec6d2d8549,https://www.olx.in/item/washing-machines-c1615-ifb-front-load-washing-machine-automatic-in-nayapalli-bhubaneshwar-iid-1799887828,IFB front load washing machine automatic,"IFB front load automatic washing machine 6kg in working condition with no issues, sept 2017 purchase . Selling as I have another one to use. - Washing Machines",8500,"[""/content/drive/MyDrive/olx_washingmachine_dataset/images/washmachine_ec6d2d8549/1.jpg"", ""/content/drive/MyDrive/olx_washingmachine_dataset/images/washmachine_ec6d2d8549/2.jpg"", ""/content/drive/MyDrive/olx_washingmachine_dataset/images/washmachine_ec6d2d8549/3.jpg"", ""/content/drive/MyDrive/olx_washingmachine_dataset/images/washmachine_ec6d2d8549/4.jpg"", ""/content/drive/MyDrive/olx_washingmachine_dataset/images/washmachine_ec6d2d8549/5.jpg"", ""/content/drive/MyDrive/olx_washingmachine_dataset/images/washmachine_ec6d2d8549/6.jpg"", ""/content/drive/MyDrive/olx_washingmachine_dataset/images/washmachine_ec6d2d8549/7.jpg"", ""/content/drive/MyDrive/olx_washingmachine_dataset/images/washmachine_ec6d2d8549/8.jpg""]",8,2025-12-09 08:47:22.022616
washmachine_ed4208af3c,https://www.olx.in/item/washing-machines-c1615-washing-machine-clean-durable-and-ready-to-make-ur-home-complete-in-kr-puram-bengaluru-iid-1825642128,"#Washing Machine! Clean, durable, and ready to make ur home complete.","> Visit our website for more options: www .yourchoiz. in Flat ₹500 OFF + Cash on Delivery Use code: NAMMAYOURCHOIZ at www .yourchoiz. in Refurbished Appliances at Best Price – Quality You Can Trust! Looking for affordable home appliances without compromising on quality? Our refurbished refrigerators and washing machines are carefully inspected, fully tested, and restored to perfect working condition by experts. Why Choose Us? Fully tested and repaired if needed Professionally cleaned and sanitized Minor cosmetic marks possible, but 100% functional Environment-friendly and budget-friendly Available Products: Single Door Refrigerator – Starting at just ₹4,999 Double Door Refrigerator – Starting at ₹6,999 Top Load Washing Machine – Starting at ₹4,999 Front Load Washing Machine – Starting at ₹6,999 Warranty: 1 Year Warranty on Motor and Compressor Free delivery available in Bangalore Visit us today and give your home a smart upgrade at a smart price! - Washing Machines",5999,"[""/content/drive/MyDrive/olx_washingmachine_dataset/images/washmachine_ed4208af3c/1.jpg"", ""/content/drive/MyDrive/olx_washingmachine_dataset/images/washmachine_ed4208af3c/2.jpg"", ""/content/drive/MyDrive/olx_washingmachine_dataset/images/washmachine_ed4208af3c/3.jpg"", ""/content/drive/MyDrive/olx_washingmachine_dataset/images/washmachine_ed4208af3c/4.jpg"", ""/content/drive/MyDrive/olx_washingmachine_dataset/images/washmachine_ed4208af3c/5.jpg"", ""/content/drive/MyDrive/olx_washingmachine_dataset/images/washmachine_ed4208af3c/6.jpg"", ""/content/drive/MyDrive/olx_washingmachine_dataset/images/washmachine_ed4208af3c/7.jpg"", ""/content/drive/MyDrive/olx_washingmachine_dataset/images/washmachine_ed4208af3c/8.jpg""]",8,2025-12-09 08:47:26.757026
washmachine_89ea480fb9,https://www.olx.in/item/washing-machines-c1615-whirlpool-washing-machine-72kg-in-palavanthagal-chennai-iid-1827213528,Whirlpool washing machine 7.2kg,Whirlpool washing machine top load 7.2 kg. Shop address Palavanthangal - Washing Machines,5500,"[""/content/drive/MyDrive/olx_washingmachine_dataset/images/washmachine_89ea480fb9/1.jpg"", ""/content/drive/MyDrive/olx_washingmachine_dataset/images/washmachine_89ea480fb9/2.jpg"", ""/content/drive/MyDrive/olx_washingmachine_dataset/images/washmachine_89ea480fb9/3.jpg"", ""/content/drive/MyDrive/olx_washingmachine_dataset/images/washmachine_89ea480fb9/4.jpg"", ""/content/drive/MyDrive/olx_washingmachine_dataset/images/washmachine_89ea480fb9/5.jpg"", ""/content/drive/MyDrive/olx_washingmachine_dataset/images/washmachine_89ea480fb9/6.jpg"", ""/content/drive/MyDrive/olx_washingmachine_dataset/images/washmachine_89ea480fb9/7.jpg"", ""/content/drive/MyDrive/olx_washingmachine_dataset/images/washmachine_89ea480fb9/8.jpg""]",8,2025-12-09 08:47:31.792758
washmachine_4175c80fc6,https://www.olx.in/item/washing-machines-c1615-whirlpool-washing-machine-with-dryer-in-badangpet-hyderabad-iid-1769478612,Whirlpool washing machine with dryer,Whirlpool washing machine with dryer. Used sparingly 15yrs old and still in good working condition. 7.5kg. Capacity. Genuine buyers please contact immediately. - Washing Machines,3500,"[""/content/drive/MyDrive/olx_washingmachine_dataset/images/washmachine_4175c80fc6/1.jpg"", ""/content/drive/MyDrive/olx_washingmachine_dataset/images/washmachine_4175c80fc6/2.jpg"", ""/content/drive/MyDrive/olx_washingmachine_dataset/images/washmachine_4175c80fc6/3.jpg"", ""/content/drive/MyDrive/olx_washingmachine_dataset/images/washmachine_4175c80fc6/4.jpg"", ""/content/drive/MyDrive/olx_washingmachine_dataset/images/washmachine_4175c80fc6/5.jpg"", ""/content/drive/MyDrive/olx_washingmachine_dataset/images/washmachine_4175c80fc6/6.jpg"", ""/content/drive/MyDrive/olx_washingmachine_dataset/images/washmachine_4175c80fc6/7.jpg"", ""/content/drive/MyDrive/olx_washingmachine_dataset/images/washmachine_4175c80fc6/8.jpg""]",8,2025-12-09 08:47:37.467110
washmachine_f46746338c,https://www.olx.in/item/washing-machines-c1615-haier-washing-machine-for-sell-in-atladara-vadodara-iid-1828712491,Haier washing machine for sell,Hier Brand few use washing machine FRONT LOAD Running condition start to use for sell At ataladara Vadodara Krishna Kumar - Washing Machines,10000,"[""/content/drive/MyDrive/olx_washingmachine_dataset/images/washmachine_f46746338c/1.jpg"", ""/content/drive/MyDrive/olx_washingmachine_dataset/images/washmachine_f46746338c/2.jpg"", ""/content/drive/MyDrive/olx_washingmachine_dataset/images/washmachine_f46746338c/3.jpg"", ""/content/drive/MyDrive/olx_washingmachine_dataset/images/washmachine_f46746338c/4.jpg"", ""/content/drive/MyDrive/olx_washingmachine_dataset/images/washmachine_f46746338c/5.jpg"", ""/content/drive/MyDrive/olx_washingmachine_dataset/images/washmachine_f46746338c/6.jpg"", ""/content/drive/MyDrive/olx_washingmachine_dataset/images/washmachine_f46746338c/7.jpg"", ""/content/drive/MyDrive/olx_washingmachine_dataset/images/washmachine_f46746338c/8.jpg""]",8,2025-12-09 08:47:43.578376
washmachine_63c575e59d,https://www.olx.in/item/washing-machines-c1615-bosch-washing-machine-for-sale-front-door-6-kg-in-malleshpalya-bengaluru-iid-1828710257,Bosch Washing machine for sale (Front door 6 KG),Item working in excellent condition purchased in October 2021 Function Type Fully Automatic Front Load Model- WLJ2016EIN (2021) Power Consumption-2300 w Tub Material-Stainless steel Delay start option-yes Rat mesh-yes - Washing Machines,13500,"[""/content/drive/MyDrive/olx_washingmachine_dataset/images/washmachine_63c575e59d/1.jpg"", ""/content/drive/MyDrive/olx_washingmachine_dataset/images/washmachine_63c575e59d/2.jpg"", ""/content/drive/MyDrive/olx_washingmachine_dataset/images/washmachine_63c575e59d/3.jpg"", ""/content/drive/MyDrive/olx_washingmachine_dataset/images/washmachine_63c575e59d/4.jpg"", ""/content/drive/MyDrive/olx_washingmachine_dataset/images/washmachine_63c575e59d/5.jpg"", ""/content/drive/MyDrive/olx_washingmachine_dataset/images/washmachine_63c575e59d/6.jpg"", ""/content/drive/MyDrive/olx_washingmachine_dataset/images/washmachine_63c575e59d/7.jpg"", ""/content/drive/MyDrive/olx_washingmachine_dataset/images/washmachine_63c575e59d/8.jpg""]",8,2025-12-09 08:47:50.308191
washmachine_0dbf2a42db,https://www.olx.in/item/washing-machines-c1615-whirlpool-8kg-washing-machine15-year-old-good-condition-with-cover-in-taragana-bhadrak-iid-1824189640,"Whirlpool 8kg Washing Machine–1.5 Year Old, Good Condition with cover.","Selling my Whirlpool 8kg semi automatic washing machine. It is just 1 year old and rarely used, in very good working condition. No issues at all, looks and functions like new. Suitable for family use with efficient wash and low noise performance. Cover free. - Washing Machines",6000,"[""/content/drive/MyDrive/olx_washingmachine_dataset/images/washmachine_0dbf2a42db/1.jpg"", ""/content/drive/MyDrive/olx_washingmachine_dataset/images/washmachine_0dbf2a42db/2.jpg"", ""/content/drive/MyDrive/olx_washingmachine_dataset/images/washmachine_0dbf2a42db/3.jpg"", ""/content/drive/MyDrive/olx_washingmachine_dataset/images/washmachine_0dbf2a42db/4.jpg"", ""/content/drive/MyDrive/olx_washingmachine_dataset/images/washmachine_0dbf2a42db/5.jpg"", ""/content/drive/MyDrive/olx_washingmachine_dataset/images/washmachine_0dbf2a42db/6.jpg"", ""/content/drive/MyDrive/olx_washingmachine_dataset/images/washmachine_0dbf2a42db/7.jpg"", ""/content/drive/MyDrive/olx_washingmachine_dataset/images/washmachine_0dbf2a42db/8.jpg""]",8,2025-12-09 08:47:56.231732
washmachine_3bf703d910,https://www.olx.in/item/washing-machines-c1615-lg-62-top-loading-washing-machine-available-for-sell-in-ghansoli-navi-mumbai-iid-1828705876,LG 6.2 Top Loading washing machine available for sell,"Good condition, working LG 6.2 Top Loading washing machine available for sell. It is 10 year old machine - Washing Machines",6000,"[""/content/drive/MyDrive/olx_washingmachine_dataset/images/washmachine_3bf703d910/1.jpg"", ""/content/drive/MyDrive/olx_washingmachine_dataset/images/washmachine_3bf703d910/2.jpg"", ""/content/drive/MyDrive/olx_washingmachine_dataset/images/washmachine_3bf703d910/3.jpg"", ""/content/drive/MyDrive/olx_washingmachine_dataset/images/washmachine_3bf703d910/4.jpg"", ""/content/drive/MyDrive/olx_washingmachine_dataset/images/washmachine_3bf703d910/5.jpg"", ""/content/drive/MyDrive/olx_washingmachine_dataset/images/washmachine_3bf703d910/6.jpg"", ""/content/drive/MyDrive/olx_washingmachine_dataset/images/washmachine_3bf703d910/7.jpg"", ""/content/drive/MyDrive/olx_washingmachine_dataset/images/washmachine_3bf703d910/8.jpg""]",8,2025-12-09 08:48:02.400276
washmachine_44d511050c,https://www.olx.in/item/washing-machines-c1615-washing-machine-in-khristian-sahi-cuttack-iid-1828189747,Washing Machine,Samsung Automatic Washing Machine Capacity - 8kg Condition - Good Price - Negotiable - Washing Machines,8500,"[""/content/drive/MyDrive/olx_washingmachine_dataset/images/washmachine_44d511050c/1.jpg"", ""/content/drive/MyDrive/olx_washingmachine_dataset/images/washmachine_44d511050c/2.jpg"", ""/content/drive/MyDrive/olx_washingmachine_dataset/images/washmachine_44d511050c/3.jpg"", ""/content/drive/MyDrive/olx_washingmachine_dataset/images/washmachine_44d511050c/4.jpg"", ""/content/drive/MyDrive/olx_washingmachine_dataset/images/washmachine_44d511050c/5.jpg"", ""/content/drive/MyDrive/olx_washingmachine_dataset/images/washmachine_44d511050c/6.jpg"", ""/content/drive/MyDrive/olx_washingmachine_dataset/images/washmachine_44d511050c/7.jpg"", ""/content/drive/MyDrive/olx_washingmachine_dataset/images/washmachine_44d511050c/8.jpg""]",8,2025-12-09 08:48:10.031304
washmachine_d37eac4043,https://www.olx.in/item/washing-machines-c1615-samsungs-fully-automatic-in-guru-angad-nagar-delhi-iid-1828574560,SAMSUNG'S Fully Automatic,Top Load 7.KG Digital Inverter Purchase in 2020 Proper Working Under Extended Warranty till Mar2026 - Washing Machines,9999,"[""/content/drive/MyDrive/olx_washingmachine_dataset/images/washmachine_d37eac4043/1.jpg"", ""/content/drive/MyDrive/olx_washingmachine_dataset/images/washmachine_d37eac4043/2.jpg"", ""/content/drive/MyDrive/olx_washingmachine_dataset/images/washmachine_d37eac4043/3.jpg"", ""/content/drive/MyDrive/olx_washingmachine_dataset/images/washmachine_d37eac4043/4.jpg"", ""/content/drive/MyDrive/olx_washingmachine_dataset/images/washmachine_d37eac4043/5.jpg"", ""/content/drive/MyDrive/olx_washingmachine_dataset/images/washmachine_d37eac4043/6.jpg"", ""/content/drive/MyDrive/olx_washingmachine_dataset/images/washmachine_d37eac4043/7.jpg"", ""/content/drive/MyDrive/olx_washingmachine_dataset/images/washmachine_d37eac4043/8.jpg""]",8,2025-12-09 08:48:56.876824
washmachine_07b3fc2d57,https://www.olx.in/item/washing-machines-c1615-washing-machine-in-sainikpuri-hyderabad-iid-1825940074,Washing machine,Videocon strom 6 kg in excellent condition - Washing Machines,4000,"[""/content/drive/MyDrive/olx_washingmachine_dataset/images/washmachine_07b3fc2d57/1.jpg"", ""/content/drive/MyDrive/olx_washingmachine_dataset/images/washmachine_07b3fc2d57/2.jpg"", ""/content/drive/MyDrive/olx_washingmachine_dataset/images/washmachine_07b3fc2d57/3.jpg"", ""/content/drive/MyDrive/olx_washingmachine_dataset/images/washmachine_07b3fc2d57/4.jpg"", ""/content/drive/MyDrive/olx_washingmachine_dataset/images/washmachine_07b3fc2d57/5.jpg"", ""/content/drive/MyDrive/olx_washingmachine_dataset/images/washmachine_07b3fc2d57/6.jpg"", ""/content/drive/MyDrive/olx_washingmachine_dataset/images/washmachine_07b3fc2d57/7.jpg"", ""/content/drive/MyDrive/olx_washingmachine_dataset/images/washmachine_07b3fc2d57/8.jpg""]",8,2025-12-09 08:51:09.737579
washmachine_c5c4dedeee,https://www.olx.in/item/washing-machines-c1615-ifb-washing-machine-6-kgautomatic-in-kalinga-nagar-ghatikia-bhubaneshwar-iid-1828706250,IFB washing Machine 6 KG(Automatic),IFB Washing Machine 6 KG (Automatic) - Washing Machines,25000,"[""/content/drive/MyDrive/olx_washingmachine_dataset/images/washmachine_c5c4dedeee/1.jpg"", ""/content/drive/MyDrive/olx_washingmachine_dataset/images/washmachine_c5c4dedeee/2.jpg"", ""/content/drive/MyDrive/olx_washingmachine_dataset/images/washmachine_c5c4dedeee/3.jpg"", ""/content/drive/MyDrive/olx_washingmachine_dataset/images/washmachine_c5c4dedeee/4.jpg"", ""/content/drive/MyDrive/olx_washingmachine_dataset/images/washmachine_c5c4dedeee/5.jpg"", ""/content/drive/MyDrive/olx_washingmachine_dataset/images/washmachine_c5c4dedeee/6.jpg"", ""/content/drive/MyDrive/olx_washingmachine_dataset/images/washmachine_c5c4dedeee/7.jpg"", ""/content/drive/MyDrive/olx_washingmachine_dataset/images/washmachine_c5c4dedeee/8.jpg""]",8,2025-12-09 08:51:57.783322
washmachine_bff7198cad,https://www.olx.in/item/washing-machines-c1615-ifb-washing-machine-in-sivarampalli-hyderabad-iid-1828706321,Ifb washing machine,Ifb washing machine with aqua energy eco saving - Washing Machines,23000,"[""/content/drive/MyDrive/olx_washingmachine_dataset/images/washmachine_bff7198cad/1.jpg"", ""/content/drive/MyDrive/olx_washingmachine_dataset/images/washmachine_bff7198cad/2.jpg"", ""/content/drive/MyDrive/olx_washingmachine_dataset/images/washmachine_bff7198cad/3.jpg"", ""/content/drive/MyDrive/olx_washingmachine_dataset/images/washmachine_bff7198cad/4.jpg"", ""/content/drive/MyDrive/olx_washingmachine_dataset/images/washmachine_bff7198cad/5.jpg"", ""/content/drive/MyDrive/olx_washingmachine_dataset/images/washmachine_bff7198cad/6.jpg"", ""/content/drive/MyDrive/olx_washingmachine_dataset/images/washmachine_bff7198cad/7.jpg"", ""/content/drive/MyDrive/olx_washingmachine_dataset/images/washmachine_bff7198cad/8.jpg""]",8,2025-12-09 08:52:48.789600
washmachine_682181483e,https://www.olx.in/item/washing-machines-c1615-second-hand-used-washing-machine-in-sector-22-noida-iid-1828069613,SECOND HAND USED WASHING MACHINE,Dashmesh Electronics Co. Sale top load washing machine Warranty on all products Delivery available at reasonable price - Washing Machines,5099,"[""/content/drive/MyDrive/olx_washingmachine_dataset/images/washmachine_682181483e/1.jpg"", ""/content/drive/MyDrive/olx_washingmachine_dataset/images/washmachine_682181483e/2.jpg"", ""/content/drive/MyDrive/olx_washingmachine_dataset/images/washmachine_682181483e/3.jpg"", ""/content/drive/MyDrive/olx_washingmachine_dataset/images/washmachine_682181483e/4.jpg"", ""/content/drive/MyDrive/olx_washingmachine_dataset/images/washmachine_682181483e/5.jpg"", ""/content/drive/MyDrive/olx_washingmachine_dataset/images/washmachine_682181483e/6.jpg"", ""/content/drive/MyDrive/olx_washingmachine_dataset/images/washmachine_682181483e/7.jpg"", ""/content/drive/MyDrive/olx_washingmachine_dataset/images/washmachine_682181483e/8.jpg""]",8,2025-12-09 08:53:36.569151
washmachine_25d805be6e,https://www.olx.in/item/washing-machines-c1615-washing-machine-in-west-mambalam-ramkrishna-puram-chennai-iid-1828706829,Washing machine,"Panasonic 6.2 kg fully automatic top load washing machine, maintained in excellent working condition. - Washing Machines",5000,"[""/content/drive/MyDrive/olx_washingmachine_dataset/images/washmachine_25d805be6e/1.jpg"", ""/content/drive/MyDrive/olx_washingmachine_dataset/images/washmachine_25d805be6e/2.jpg"", ""/content/drive/MyDrive/olx_washingmachine_dataset/images/washmachine_25d805be6e/3.jpg"", ""/content/drive/MyDrive/olx_washingmachine_dataset/images/washmachine_25d805be6e/4.jpg"", ""/content/drive/MyDrive/olx_washingmachine_dataset/images/washmachine_25d805be6e/5.jpg"", ""/content/drive/MyDrive/olx_washingmachine_dataset/images/washmachine_25d805be6e/6.jpg"", ""/content/drive/MyDrive/olx_washingmachine_dataset/images/washmachine_25d805be6e/7.jpg"", ""/content/drive/MyDrive/olx_washingmachine_dataset/images/washmachine_25d805be6e/8.jpg""]",8,2025-12-09 08:53:42.419007
washmachine_39b22a5dd2,https://www.olx.in/item/washing-machines-c1615-lg-washing-machine-in-alipur-kolkata-iid-1828704740,LG Washing machine,LG washing Machine 6.2 litre - Washing Machines,3000,"[""/content/drive/MyDrive/olx_washingmachine_dataset/images/washmachine_39b22a5dd2/1.jpg"", ""/content/drive/MyDrive/olx_washingmachine_dataset/images/washmachine_39b22a5dd2/2.jpg"", ""/content/drive/MyDrive/olx_washingmachine_dataset/images/washmachine_39b22a5dd2/3.jpg"", ""/content/drive/MyDrive/olx_washingmachine_dataset/images/washmachine_39b22a5dd2/4.jpg"", ""/content/drive/MyDrive/olx_washingmachine_dataset/images/washmachine_39b22a5dd2/5.jpg"", ""/content/drive/MyDrive/olx_washingmachine_dataset/images/washmachine_39b22a5dd2/6.jpg"", ""/content/drive/MyDrive/olx_washingmachine_dataset/images/washmachine_39b22a5dd2/7.jpg"", ""/content/drive/MyDrive/olx_washingmachine_dataset/images/washmachine_39b22a5dd2/8.jpg""]",8,2025-12-09 08:54:28.614629
washmachine_2f132dc7fa,https://www.olx.in/item/washing-machines-c1615-godrej-washing-machine-fully-automatic-in-alakanoor-udma-iid-1828463479,Godrej Washing Machine fully automatic,Washing Machine - Washing Machines,3500,"[""/content/drive/MyDrive/olx_washingmachine_dataset/images/washmachine_2f132dc7fa/1.jpg"", ""/content/drive/MyDrive/olx_washingmachine_dataset/images/washmachine_2f132dc7fa/2.jpg"", ""/content/drive/MyDrive/olx_washingmachine_dataset/images/washmachine_2f132dc7fa/3.jpg"", ""/content/drive/MyDrive/olx_washingmachine_dataset/images/washmachine_2f132dc7fa/4.jpg"", ""/content/drive/MyDrive/olx_washingmachine_dataset/images/washmachine_2f132dc7fa/5.jpg"", ""/content/drive/MyDrive/olx_washingmachine_dataset/images/washmachine_2f132dc7fa/6.jpg"", ""/content/drive/MyDrive/olx_washingmachine_dataset/images/washmachine_2f132dc7fa/7.jpg"", ""/content/drive/MyDrive/olx_washingmachine_dataset/images/washmachine_2f132dc7fa/8.jpg""]",8,2025-12-09 08:55:14.827559
washmachine_a41013676b,https://www.olx.in/item/washing-machines-c1615-5-year-warranty-washing-machine-fridge-ac-free-delivery-less-use-in-dombivli-west-mumbai-iid-1828664650,5 YEAR WARRANTY_ WASHING MACHINE_ FRIDGE_ AC_ FREE DELIVERY_ LESS USE,"@@ WE ARE FROM AIR COOL CENTER . OUR SHOP CAN PROVIDE HARDLY USED APPLIANCES @@ ## BEST 5 YEAR WARRANTY WITH FRIDGES/ WASHING MACHINE DELIVERY FREE AND TECHNICIAN SERVICE TO ALL MUMBAI , THANE , NAVI MUMBAI ## ** WE CAN PROVIDE APPLIANCES LIKE :- ** '' 1) FRIDGES { SINGAL DOOR , DOUBLE DOOR AND BIG SIZE DOUBLE DOOR AVAILABLE ALSO SIDE BY SIDE AVAILABLE } '' '' 2)WASHING MACHINE { FULLY AUTOMATIC } '' '' 3)AC {SPLIT AC AND WINDOW AC } '' ** BEST PRICES OF APPLIANCES LIKE:- ** @ 1) FRIDGE :- i) singal door :- 6500 /- TO 7500/- ii) double door :- 8500/- TO 35000/- @ @ 2) WASHING MACHINE :- i)fully automatic :- 6500/- TO 15500/- @ @ 3) WINDOW AC :- i) 1 ton window ac :- 10500 /- {brand :- lg , samsung } ii) 1.5 ton window ac :- 13500/- {brand :- lg , samsung} @ @ 4) SPLIT AC :- i) 1 ton split ac :- 13500/- TO 15500/- ii) 1.5 ton split ac :- 15500/- TO 18500/- @@ JUST 2.5 YEAR USED APPLIANCE @@ *** NOTE :- *** 1) 5 year warranty on compressor of fridge and motor of washing machine 2) Delivery free all Mumbai/ Thane / Navi Mumbai. 3) Inlet /Outlet pipes free with washing machine . 4) Also available on Rent basis :- i) Rs.500/-per month for washing machine single door fridge ii) Rs.700/-per month for double door fridge[below 280 lit fridge] iii) Rs.800/-per month for 1 ton window Ac iv) Rs.1000/- per month for 1.5 ton window Ac 5) 50% cash back facility too. $ for more details call us and same number for whatsapp information $ *Air cool center* More details Shop no. 4 Yadav colony, Near orange tree school, Opposite trans apartment, Mahakali caves road, Andheri East, Mumbai 400093. Land mark :- Satya sai baba dharmkshetra & School Shop time:- 10 am to 10 pm All day open - Washing Machines",6500,"[""/content/drive/MyDrive/olx_washingmachine_dataset/images/washmachine_a41013676b/1.jpg"", ""/content/drive/MyDrive/olx_washingmachine_dataset/images/washmachine_a41013676b/2.jpg"", ""/content/drive/MyDrive/olx_washingmachine_dataset/images/washmachine_a41013676b/3.jpg"", ""/content/drive/MyDrive/olx_washingmachine_dataset/images/washmachine_a41013676b/4.jpg"", ""/content/drive/MyDrive/olx_washingmachine_dataset/images/washmachine_a41013676b/5.jpg"", ""/content/drive/MyDrive/olx_washingmachine_dataset/images/washmachine_a41013676b/6.jpg"", ""/content/drive/MyDrive/olx_washingmachine_dataset/images/washmachine_a41013676b/7.jpg"", ""/content/drive/MyDrive/olx_washingmachine_dataset/images/washmachine_a41013676b/8.jpg""]",8,2025-12-09 08:56:03.713605
washmachine_ae68b01c04,https://www.olx.in/item/washing-machines-c1615-washing-machine-automatic-top-load-with-warranty-in-borivali-west-mumbai-iid-1826849638,Washing machine automatic top load with warranty,"Description WE ARE FROM ZCOOL INDIA. OUR SHOP CAN PROVIDE HARDLY USED APPLIANCES BEST 5 YEAR WARRANTY WITH FRIDGES/ WASHING MACHINE DELIVERY FREE AND TECHNICIAN SERVICE TO ALL MUMBAI, THANE, NAVI MUMBAI WE CAN PROVIDE APPLIANCES LIKE:- 1) FRIDGES (SINGAL DOOR, DOUBLE DOOR AND BIG SIZE DOUBLE DOOR AVAILABLE ALSO SIDE BY SIDE AVAILABLE} 2)WASHING MACHINE (FULLY AUTOMATIC SEMI AUTOMATIC} * 3)AC (SPLIT AC AND WINDOW AC} BEST PRICES OF APPLIANCES LIKE:- 1) FRIDGE: i) singal door: 6000/- TO 7500/- ii) double door :- 7500/- TO 35000/- 2) WASHING MACHINE:- i)fully automatic 6500/- TO 10000/- 3) WINDOW AC- i) 1 ton window ac 10500/- (brand:- Ig, samsung} ii) 1.5 ton window ac: 13500/- 4) SPLIT AC- i) 1 ton split ac 12500/- TO 13500/- ii) 1.5 ton split ac- 14500/- TO 18500/- JUST 2.5 YEAR USED APPLIANCE NOTE:- 1) 5 year warranty on compressor of fridge and motor of washing machine. 2) 6 months A to Z technical parts warranty 3) Delivery all Mumbai/ Thane / Navi - Washing Machines",6000,"[""/content/drive/MyDrive/olx_washingmachine_dataset/images/washmachine_ae68b01c04/1.jpg"", ""/content/drive/MyDrive/olx_washingmachine_dataset/images/washmachine_ae68b01c04/2.jpg"", ""/content/drive/MyDrive/olx_washingmachine_dataset/images/washmachine_ae68b01c04/3.jpg"", ""/content/drive/MyDrive/olx_washingmachine_dataset/images/washmachine_ae68b01c04/4.jpg"", ""/content/drive/MyDrive/olx_washingmachine_dataset/images/washmachine_ae68b01c04/5.jpg"", ""/content/drive/MyDrive/olx_washingmachine_dataset/images/washmachine_ae68b01c04/6.jpg"", ""/content/drive/MyDrive/olx_washingmachine_dataset/images/washmachine_ae68b01c04/7.jpg"", ""/content/drive/MyDrive/olx_washingmachine_dataset/images/washmachine_ae68b01c04/8.jpg"", ""/content/drive/MyDrive/olx_washingmachine_dataset/images/washmachine_ae68b01c04/9.jpg"", ""/content/drive/MyDrive/olx_washingmachine_dataset/images/washmachine_ae68b01c04/10.jpg""]",10,2025-12-09 08:56:52.841173
washmachine_cf8a760eb3,https://www.olx.in/item/washing-machines-c1615-lg-semi-automatic-washing-machine-in-bhel-hyderabad-iid-1828703747,LG semi automatic washing machine,LG semi automatic washing machine for sale. 2018 model 7kg. Working in good condition. - Washing Machines,5000,"[""/content/drive/MyDrive/olx_washingmachine_dataset/images/washmachine_cf8a760eb3/1.jpg"", ""/content/drive/MyDrive/olx_washingmachine_dataset/images/washmachine_cf8a760eb3/2.jpg"", ""/content/drive/MyDrive/olx_washingmachine_dataset/images/washmachine_cf8a760eb3/3.jpg"", ""/content/drive/MyDrive/olx_washingmachine_dataset/images/washmachine_cf8a760eb3/4.jpg"", ""/content/drive/MyDrive/olx_washingmachine_dataset/images/washmachine_cf8a760eb3/5.jpg"", ""/content/drive/MyDrive/olx_washingmachine_dataset/images/washmachine_cf8a760eb3/6.jpg"", ""/content/drive/MyDrive/olx_washingmachine_dataset/images/washmachine_cf8a760eb3/7.jpg"", ""/content/drive/MyDrive/olx_washingmachine_dataset/images/washmachine_cf8a760eb3/8.jpg""]",8,2025-12-09 08:58:22.912230
washmachine_7731d75aa4,https://www.olx.in/item/washing-machines-c1615-running-condition-lg-washing-machine-big-size-62kg-in-radha-kunj-ghaziabad-iid-1828707616,Running condition LG washing machine big size 6.2kg,Kapde sukhane wala ka waire cut ho gaya h repair karwa Lena baki ekdum mast h - Washing Machines,2500,"[""/content/drive/MyDrive/olx_washingmachine_dataset/images/washmachine_7731d75aa4/1.jpg"", ""/content/drive/MyDrive/olx_washingmachine_dataset/images/washmachine_7731d75aa4/2.jpg"", ""/content/drive/MyDrive/olx_washingmachine_dataset/images/washmachine_7731d75aa4/3.jpg"", ""/content/drive/MyDrive/olx_washingmachine_dataset/images/washmachine_7731d75aa4/4.jpg"", ""/content/drive/MyDrive/olx_washingmachine_dataset/images/washmachine_7731d75aa4/5.jpg"", ""/content/drive/MyDrive/olx_washingmachine_dataset/images/washmachine_7731d75aa4/6.jpg"", ""/content/drive/MyDrive/olx_washingmachine_dataset/images/washmachine_7731d75aa4/7.jpg"", ""/content/drive/MyDrive/olx_washingmachine_dataset/images/washmachine_7731d75aa4/8.jpg""]",8,2025-12-09 08:59:09.345795
washmachine_89953084fd,https://www.olx.in/item/washing-machines-c1615-samsung-new-washing-machine-8kg-in-rayakottah-housing-board-hosur-iid-1828707386,Samsung new washing machine 8kg,Automatic washing machine sales - Washing Machines,18999,"[""/content/drive/MyDrive/olx_washingmachine_dataset/images/washmachine_89953084fd/1.jpg"", ""/content/drive/MyDrive/olx_washingmachine_dataset/images/washmachine_89953084fd/2.jpg"", ""/content/drive/MyDrive/olx_washingmachine_dataset/images/washmachine_89953084fd/3.jpg"", ""/content/drive/MyDrive/olx_washingmachine_dataset/images/washmachine_89953084fd/4.jpg"", ""/content/drive/MyDrive/olx_washingmachine_dataset/images/washmachine_89953084fd/5.jpg"", ""/content/drive/MyDrive/olx_washingmachine_dataset/images/washmachine_89953084fd/6.jpg"", ""/content/drive/MyDrive/olx_washingmachine_dataset/images/washmachine_89953084fd/7.jpg"", ""/content/drive/MyDrive/olx_washingmachine_dataset/images/washmachine_89953084fd/8.jpg""]",8,2025-12-09 08:59:55.331404
washmachine_87792f5548,https://www.olx.in/item/washing-machines-c1615-lg-washing-machin-for-sale-78kg-in-hindwadi-belagavi-iid-1828707366,LG WASHING MACHIN FOR SALE 7.8KG,I wanted to sale my running condition wahing machin - Washing Machines,4500,"[""/content/drive/MyDrive/olx_washingmachine_dataset/images/washmachine_87792f5548/1.jpg"", ""/content/drive/MyDrive/olx_washingmachine_dataset/images/washmachine_87792f5548/2.jpg"", ""/content/drive/MyDrive/olx_washingmachine_dataset/images/washmachine_87792f5548/3.jpg"", ""/content/drive/MyDrive/olx_washingmachine_dataset/images/washmachine_87792f5548/4.jpg"", ""/content/drive/MyDrive/olx_washingmachine_dataset/images/washmachine_87792f5548/5.jpg"", ""/content/drive/MyDrive/olx_washingmachine_dataset/images/washmachine_87792f5548/6.jpg"", ""/content/drive/MyDrive/olx_washingmachine_dataset/images/washmachine_87792f5548/7.jpg"", ""/content/drive/MyDrive/olx_washingmachine_dataset/images/washmachine_87792f5548/8.jpg""]",8,2025-12-09 09:01:24.230032
washmachine_0c70a51d35,https://www.olx.in/item/washing-machines-c1615-lg-7kg-semi-automatic-washing-machine-in-sushant-lok-phase-3-gurgaon-iid-1828705044,Lg 7kg semi automatic washing machine,Lg 7kg semi automatic washing machine in good working condition - Washing Machines,4200,"[""/content/drive/MyDrive/olx_washingmachine_dataset/images/washmachine_0c70a51d35/1.jpg"", ""/content/drive/MyDrive/olx_washingmachine_dataset/images/washmachine_0c70a51d35/2.jpg"", ""/content/drive/MyDrive/olx_washingmachine_dataset/images/washmachine_0c70a51d35/3.jpg"", ""/content/drive/MyDrive/olx_washingmachine_dataset/images/washmachine_0c70a51d35/4.jpg"", ""/content/drive/MyDrive/olx_washingmachine_dataset/images/washmachine_0c70a51d35/5.jpg"", ""/content/drive/MyDrive/olx_washingmachine_dataset/images/washmachine_0c70a51d35/6.jpg"", ""/content/drive/MyDrive/olx_washingmachine_dataset/images/washmachine_0c70a51d35/7.jpg"", ""/content/drive/MyDrive/olx_washingmachine_dataset/images/washmachine_0c70a51d35/8.jpg""]",8,2025-12-09 09:01:29.912485
washmachine_7be91c8835,https://www.olx.in/item/washing-machines-c1615-sumsung-single-door-refrigerator-195lit-combo-washing-machine-in-panathur-bengaluru-iid-1796125579,SUMSUNG single door refrigerator 195lit combo washing machine,"Product Available : 1) top load Washing machine for 6000 starting with free delivery free installation free demo with brand new inlet and outlet pipes with 1 year warranty on Motor and 6 months free service warranty buy bck 50 perfect 2) single door refrigerator starting from 6000 with free delivery 1 year warranty on compressor 6 months free service warranty @ your door step buy back 50 percent before an year 3) front load starting from 7000 with free delivery free installation free demo with brand new inlet and outlet pipes with 1 year warranty on Motor and 6 months free service warranty buy bck 50 perfect 4) double door refrigerator starting from 7500 with free delivery 1 year warranty on compressor 6 months free service warranty @ your door step buy back 50 percent before an year Branches available in bangalore : HSR MARATHAHALLI AND NAGWARA Product description: Fridge and Washing Machine Combo are the perfect helping hands. Simple, easy and fuss-free, they make moving into a home stress-free and manageable. Store away all your healthy veggies and get your clothes clean within minutes. You can then focus on what you do best. Delivery : delivery will be done buy our experience driver's within 24 hours once the order is taken About the service : once you raise the complaint with in 24 to 48 hours service will be done - Washing Machines",13000,"[""/content/drive/MyDrive/olx_washingmachine_dataset/images/washmachine_7be91c8835/1.jpg"", ""/content/drive/MyDrive/olx_washingmachine_dataset/images/washmachine_7be91c8835/2.jpg"", ""/content/drive/MyDrive/olx_washingmachine_dataset/images/washmachine_7be91c8835/3.jpg"", ""/content/drive/MyDrive/olx_washingmachine_dataset/images/washmachine_7be91c8835/4.jpg"", ""/content/drive/MyDrive/olx_washingmachine_dataset/images/washmachine_7be91c8835/5.jpg"", ""/content/drive/MyDrive/olx_washingmachine_dataset/images/washmachine_7be91c8835/6.jpg"", ""/content/drive/MyDrive/olx_washingmachine_dataset/images/washmachine_7be91c8835/7.jpg"", ""/content/drive/MyDrive/olx_washingmachine_dataset/images/washmachine_7be91c8835/8.jpg""]",8,2025-12-09 09:01:35.055073
washmachine_db974a6a72,https://www.olx.in/item/washing-machines-c1615-l-g-direct-drive-six-k-g-in-water-washing-machine-front-door-in-transit-camp-residential-area-delhi-iid-1828121617,L g direct drive six k g in water washing machine front door,"In water front door direct drive motor in water washing machine. Even condition, all things are good working properly. I have to save somewhere else. That's why i'm selling this - Washing Machines",9000,"[""/content/drive/MyDrive/olx_washingmachine_dataset/images/washmachine_db974a6a72/1.jpg"", ""/content/drive/MyDrive/olx_washingmachine_dataset/images/washmachine_db974a6a72/2.jpg"", ""/content/drive/MyDrive/olx_washingmachine_dataset/images/washmachine_db974a6a72/3.jpg"", ""/content/drive/MyDrive/olx_washingmachine_dataset/images/washmachine_db974a6a72/4.jpg"", ""/content/drive/MyDrive/olx_washingmachine_dataset/images/washmachine_db974a6a72/5.jpg"", ""/content/drive/MyDrive/olx_washingmachine_dataset/images/washmachine_db974a6a72/6.jpg"", ""/content/drive/MyDrive/olx_washingmachine_dataset/images/washmachine_db974a6a72/7.jpg"", ""/content/drive/MyDrive/olx_washingmachine_dataset/images/washmachine_db974a6a72/8.jpg""]",8,2025-12-09 09:04:38.124390
washmachine_c1e7b44f33,https://www.olx.in/item/washing-machines-c1615-lg-fully-automatic-machine-top-load-good-working-in-zakhir-colony-meerut-iid-1826650425,LG fully automatic machine top load good working,LG fully automatic machine top load 6.2 kg working good condition 2 year old original machine original colour koi kami nahi hai - Washing Machines,6600,"[""/content/drive/MyDrive/olx_washingmachine_dataset/images/washmachine_c1e7b44f33/1.jpg"", ""/content/drive/MyDrive/olx_washingmachine_dataset/images/washmachine_c1e7b44f33/2.jpg"", ""/content/drive/MyDrive/olx_washingmachine_dataset/images/washmachine_c1e7b44f33/3.jpg"", ""/content/drive/MyDrive/olx_washingmachine_dataset/images/washmachine_c1e7b44f33/4.jpg"", ""/content/drive/MyDrive/olx_washingmachine_dataset/images/washmachine_c1e7b44f33/5.jpg"", ""/content/drive/MyDrive/olx_washingmachine_dataset/images/washmachine_c1e7b44f33/6.jpg"", ""/content/drive/MyDrive/olx_washingmachine_dataset/images/washmachine_c1e7b44f33/7.jpg"", ""/content/drive/MyDrive/olx_washingmachine_dataset/images/washmachine_c1e7b44f33/8.jpg""]",8,2025-12-09 09:04:45.561917
washmachine_f2bc66e293,https://www.olx.in/item/washing-machines-c1615-ifb-front-load-fully-automatic-in-palarivattom-kochi-iid-1828075440,IFB front load fully automatic,IFB front load fully automatic in a good working condition - Washing Machines,8500,"[""/content/drive/MyDrive/olx_washingmachine_dataset/images/washmachine_f2bc66e293/1.jpg"", ""/content/drive/MyDrive/olx_washingmachine_dataset/images/washmachine_f2bc66e293/2.jpg"", ""/content/drive/MyDrive/olx_washingmachine_dataset/images/washmachine_f2bc66e293/3.jpg"", ""/content/drive/MyDrive/olx_washingmachine_dataset/images/washmachine_f2bc66e293/4.jpg"", ""/content/drive/MyDrive/olx_washingmachine_dataset/images/washmachine_f2bc66e293/5.jpg"", ""/content/drive/MyDrive/olx_washingmachine_dataset/images/washmachine_f2bc66e293/6.jpg"", ""/content/drive/MyDrive/olx_washingmachine_dataset/images/washmachine_f2bc66e293/7.jpg"", ""/content/drive/MyDrive/olx_washingmachine_dataset/images/washmachine_f2bc66e293/8.jpg""]",8,2025-12-09 09:06:13.628087
washmachine_571b9a750b,https://www.olx.in/item/washing-machines-c1615-motorola-105kg-front-load-smart-washing-machine-6-months-warranty-in-beeramguda-hyderabad-iid-1828707557,Motorola 10.5kg Front Load Smart Washing Machine 6 months warranty,Motorola 10.5 kg Smart Wifi Washing Machine - Washing Machines,17500,"[""/content/drive/MyDrive/olx_washingmachine_dataset/images/washmachine_571b9a750b/1.jpg"", ""/content/drive/MyDrive/olx_washingmachine_dataset/images/washmachine_571b9a750b/2.jpg"", ""/content/drive/MyDrive/olx_washingmachine_dataset/images/washmachine_571b9a750b/3.jpg"", ""/content/drive/MyDrive/olx_washingmachine_dataset/images/washmachine_571b9a750b/4.jpg"", ""/content/drive/MyDrive/olx_washingmachine_dataset/images/washmachine_571b9a750b/5.jpg"", ""/content/drive/MyDrive/olx_washingmachine_dataset/images/washmachine_571b9a750b/6.jpg"", ""/content/drive/MyDrive/olx_washingmachine_dataset/images/washmachine_571b9a750b/7.jpg"", ""/content/drive/MyDrive/olx_washingmachine_dataset/images/washmachine_571b9a750b/8.jpg""]",8,2025-12-09 09:06:20.735086
washmachine_85532dcd3e,https://www.olx.in/item/washing-machines-c1615-lg-top-load-automatic-7kg-washing-machine-in-hafeezpet-hyderabad-iid-1828704005,LG Top Load Automatic 7Kg Washing Machine,"Full Automatic, Top Load, 7kg capacity Washing Machine. Fully functional - Washing Machines",8000,"[""/content/drive/MyDrive/olx_washingmachine_dataset/images/washmachine_85532dcd3e/1.jpg"", ""/content/drive/MyDrive/olx_washingmachine_dataset/images/washmachine_85532dcd3e/2.jpg"", ""/content/drive/MyDrive/olx_washingmachine_dataset/images/washmachine_85532dcd3e/3.jpg"", ""/content/drive/MyDrive/olx_washingmachine_dataset/images/washmachine_85532dcd3e/4.jpg"", ""/content/drive/MyDrive/olx_washingmachine_dataset/images/washmachine_85532dcd3e/5.jpg"", ""/content/drive/MyDrive/olx_washingmachine_dataset/images/washmachine_85532dcd3e/6.jpg"", ""/content/drive/MyDrive/olx_washingmachine_dataset/images/washmachine_85532dcd3e/7.jpg"", ""/content/drive/MyDrive/olx_washingmachine_dataset/images/washmachine_85532dcd3e/8.jpg""]",8,2025-12-09 09:06:26.622376
washmachine_8054395d9c,https://www.olx.in/item/washing-machines-c1615-whirlpool-new-model-midium-size-in-villivakkam-chennai-iid-1828704637,Whirlpool  new model midium size,We went to abroad - Washing Machines,13000,"[""/content/drive/MyDrive/olx_washingmachine_dataset/images/washmachine_8054395d9c/1.jpg"", ""/content/drive/MyDrive/olx_washingmachine_dataset/images/washmachine_8054395d9c/2.jpg"", ""/content/drive/MyDrive/olx_washingmachine_dataset/images/washmachine_8054395d9c/3.jpg"", ""/content/drive/MyDrive/olx_washingmachine_dataset/images/washmachine_8054395d9c/4.jpg"", ""/content/drive/MyDrive/olx_washingmachine_dataset/images/washmachine_8054395d9c/5.jpg"", ""/content/drive/MyDrive/olx_washingmachine_dataset/images/washmachine_8054395d9c/6.jpg"", ""/content/drive/MyDrive/olx_washingmachine_dataset/images/washmachine_8054395d9c/7.jpg"", ""/content/drive/MyDrive/olx_washingmachine_dataset/images/washmachine_8054395d9c/8.jpg""]",8,2025-12-09 09:06:32.442327
washmachine_cf610fbbfb,https://www.olx.in/item/washing-machines-c1615-fridge-and-washing-machine-started-at-4997-in-ashok-vihar-delhi-iid-1744688329,Fridge and washing Machine started at 4997,Fully Automatic washing machine available with 2 year warranty Fridge available double door and single door Condition :- used like new Brands :- Samsung LG whirlpool IFB godrej etc All delhi ncr delivery available ( charges applicable) You can also book online via whatshapp or you can also visit to our store Home delivery available also - Washing Machines,4997,"[""/content/drive/MyDrive/olx_washingmachine_dataset/images/washmachine_cf610fbbfb/1.jpg"", ""/content/drive/MyDrive/olx_washingmachine_dataset/images/washmachine_cf610fbbfb/2.jpg"", ""/content/drive/MyDrive/olx_washingmachine_dataset/images/washmachine_cf610fbbfb/3.jpg"", ""/content/drive/MyDrive/olx_washingmachine_dataset/images/washmachine_cf610fbbfb/4.jpg"", ""/content/drive/MyDrive/olx_washingmachine_dataset/images/washmachine_cf610fbbfb/5.jpg"", ""/content/drive/MyDrive/olx_washingmachine_dataset/images/washmachine_cf610fbbfb/6.jpg"", ""/content/drive/MyDrive/olx_washingmachine_dataset/images/washmachine_cf610fbbfb/7.jpg"", ""/content/drive/MyDrive/olx_washingmachine_dataset/images/washmachine_cf610fbbfb/8.jpg""]",8,2025-12-09 09:06:41.051853
washmachine_8c1b5b2af3,https://www.olx.in/item/washing-machines-c1615-bosch-65-kg-fully-automatic-front-loading-washing-machine-in-rekjuani-new-town-iid-1826735215,Bosch 6.5 KG  Fully-Automatic Front Loading Washing Machine,"1000 RPM, Capacity 6.5 KG:Suitable for large Family, Child Lock, Inbuilt Heater. Working in Good condition. - Washing Machines",14500,"[""/content/drive/MyDrive/olx_washingmachine_dataset/images/washmachine_8c1b5b2af3/1.jpg"", ""/content/drive/MyDrive/olx_washingmachine_dataset/images/washmachine_8c1b5b2af3/2.jpg"", ""/content/drive/MyDrive/olx_washingmachine_dataset/images/washmachine_8c1b5b2af3/3.jpg"", ""/content/drive/MyDrive/olx_washingmachine_dataset/images/washmachine_8c1b5b2af3/4.jpg"", ""/content/drive/MyDrive/olx_washingmachine_dataset/images/washmachine_8c1b5b2af3/5.jpg"", ""/content/drive/MyDrive/olx_washingmachine_dataset/images/washmachine_8c1b5b2af3/6.jpg"", ""/content/drive/MyDrive/olx_washingmachine_dataset/images/washmachine_8c1b5b2af3/7.jpg"", ""/content/drive/MyDrive/olx_washingmachine_dataset/images/washmachine_8c1b5b2af3/8.jpg""]",8,2025-12-09 09:07:27.902842
washmachine_4e0966f15d,https://www.olx.in/item/washing-machines-c1615-washing-machine-in-shastri-nagar-chennai-iid-1827841992,Washing machine,Top load samsung washing Machine in good running condition - Washing Machines,8500,"[""/content/drive/MyDrive/olx_washingmachine_dataset/images/washmachine_4e0966f15d/1.jpg"", ""/content/drive/MyDrive/olx_washingmachine_dataset/images/washmachine_4e0966f15d/2.jpg"", ""/content/drive/MyDrive/olx_washingmachine_dataset/images/washmachine_4e0966f15d/3.jpg"", ""/content/drive/MyDrive/olx_washingmachine_dataset/images/washmachine_4e0966f15d/4.jpg"", ""/content/drive/MyDrive/olx_washingmachine_dataset/images/washmachine_4e0966f15d/5.jpg"", ""/content/drive/MyDrive/olx_washingmachine_dataset/images/washmachine_4e0966f15d/6.jpg"", ""/content/drive/MyDrive/olx_washingmachine_dataset/images/washmachine_4e0966f15d/7.jpg"", ""/content/drive/MyDrive/olx_washingmachine_dataset/images/washmachine_4e0966f15d/8.jpg""]",8,2025-12-09 09:09:42.741176
washmachine_d2472b2522,https://www.olx.in/item/washing-machines-c1615-haier-fully-automatic-washing-machine-in-chanda-nagar-hyderabad-iid-1828705883,Haier fully automatic washing machine,Haier fully automatic washing machine for sale good condition - Washing Machines,4000,"[""/content/drive/MyDrive/olx_washingmachine_dataset/images/washmachine_d2472b2522/1.jpg"", ""/content/drive/MyDrive/olx_washingmachine_dataset/images/washmachine_d2472b2522/2.jpg"", ""/content/drive/MyDrive/olx_washingmachine_dataset/images/washmachine_d2472b2522/3.jpg"", ""/content/drive/MyDrive/olx_washingmachine_dataset/images/washmachine_d2472b2522/4.jpg"", ""/content/drive/MyDrive/olx_washingmachine_dataset/images/washmachine_d2472b2522/5.jpg"", ""/content/drive/MyDrive/olx_washingmachine_dataset/images/washmachine_d2472b2522/6.jpg"", ""/content/drive/MyDrive/olx_washingmachine_dataset/images/washmachine_d2472b2522/7.jpg"", ""/content/drive/MyDrive/olx_washingmachine_dataset/images/washmachine_d2472b2522/8.jpg""]",8,2025-12-09 09:10:29.621043
washmachine_a6d0324176,https://www.olx.in/item/washing-machines-c1615-haier-washing-machine-in-byculla-mumbai-iid-1828707838,Haier washing machine,Front load washing machine 9 kg capacity - Washing Machines,5000,"[""/content/drive/MyDrive/olx_washingmachine_dataset/images/washmachine_a6d0324176/1.jpg"", ""/content/drive/MyDrive/olx_washingmachine_dataset/images/washmachine_a6d0324176/2.jpg"", ""/content/drive/MyDrive/olx_washingmachine_dataset/images/washmachine_a6d0324176/3.jpg"", ""/content/drive/MyDrive/olx_washingmachine_dataset/images/washmachine_a6d0324176/4.jpg"", ""/content/drive/MyDrive/olx_washingmachine_dataset/images/washmachine_a6d0324176/5.jpg"", ""/content/drive/MyDrive/olx_washingmachine_dataset/images/washmachine_a6d0324176/6.jpg"", ""/content/drive/MyDrive/olx_washingmachine_dataset/images/washmachine_a6d0324176/7.jpg"", ""/content/drive/MyDrive/olx_washingmachine_dataset/images/washmachine_a6d0324176/8.jpg""]",8,2025-12-09 09:10:38.970246
washmachine_27a6333c5a,https://www.olx.in/item/washing-machines-c1615-samsung-washing-machine-fully-automatic-top-load-in-borivali-east-mumbai-iid-1826849698,Samsung washing machine fully automatic top load,"Description WE ARE FROM ZCOOL INDIA. OUR SHOP CAN PROVIDE HARDLY USED APPLIANCES BEST 5 YEAR WARRANTY WITH FRIDGES/ WASHING MACHINE DELIVERY FREE AND TECHNICIAN SERVICE TO ALL MUMBAI, THANE, NAVI MUMBAI WE CAN PROVIDE APPLIANCES LIKE:- 1) FRIDGES (SINGAL DOOR, DOUBLE DOOR AND BIG SIZE DOUBLE DOOR AVAILABLE ALSO SIDE BY SIDE AVAILABLE} 2)WASHING MACHINE (FULLY AUTOMATIC SEMI AUTOMATIC} * 3)AC (SPLIT AC AND WINDOW AC} BEST PRICES OF APPLIANCES LIKE:- 1) FRIDGE: i) singal door: 6000/- TO 7500/- ii) double door :- 7500/- TO 35000/- 2) WASHING MACHINE:- i)fully automatic 6500/- TO 10000/- 3) WINDOW AC- i) 1 ton window ac 10500/- (brand:- Ig, samsung} ii) 1.5 ton window ac: 13500/- 4) SPLIT AC- i) 1 ton split ac 12500/- TO 13500/- ii) 1.5 ton split ac- 14500/- TO 18500/- JUST 2.5 YEAR USED APPLIANCE NOTE:- 1) 5 year warranty on compressor of fridge and motor of washing machine. 2) 6 months A to Z technical parts warranty 3) Delivery all Mumbai/ Thane / Navi - Washing Machines",6000,"[""/content/drive/MyDrive/olx_washingmachine_dataset/images/washmachine_27a6333c5a/1.jpg"", ""/content/drive/MyDrive/olx_washingmachine_dataset/images/washmachine_27a6333c5a/2.jpg"", ""/content/drive/MyDrive/olx_washingmachine_dataset/images/washmachine_27a6333c5a/3.jpg"", ""/content/drive/MyDrive/olx_washingmachine_dataset/images/washmachine_27a6333c5a/4.jpg"", ""/content/drive/MyDrive/olx_washingmachine_dataset/images/washmachine_27a6333c5a/5.jpg"", ""/content/drive/MyDrive/olx_washingmachine_dataset/images/washmachine_27a6333c5a/6.jpg"", ""/content/drive/MyDrive/olx_washingmachine_dataset/images/washmachine_27a6333c5a/7.jpg"", ""/content/drive/MyDrive/olx_washingmachine_dataset/images/washmachine_27a6333c5a/8.jpg"", ""/content/drive/MyDrive/olx_washingmachine_dataset/images/washmachine_27a6333c5a/9.jpg"", ""/content/drive/MyDrive/olx_washingmachine_dataset/images/washmachine_27a6333c5a/10.jpg""]",10,2025-12-09 09:10:48.750121
washmachine_78f743e188,https://www.olx.in/item/washing-machines-c1615-lg-52-kg-front-load-washing-machine-in-ulkanagari-aurangabad-iid-1827300657,Lg 5.2 kg front load washing machine,Washing machine - Washing Machines,25000,"[""/content/drive/MyDrive/olx_washingmachine_dataset/images/washmachine_78f743e188/1.jpg"", ""/content/drive/MyDrive/olx_washingmachine_dataset/images/washmachine_78f743e188/2.jpg"", ""/content/drive/MyDrive/olx_washingmachine_dataset/images/washmachine_78f743e188/3.jpg"", ""/content/drive/MyDrive/olx_washingmachine_dataset/images/washmachine_78f743e188/4.jpg"", ""/content/drive/MyDrive/olx_washingmachine_dataset/images/washmachine_78f743e188/5.jpg"", ""/content/drive/MyDrive/olx_washingmachine_dataset/images/washmachine_78f743e188/6.jpg"", ""/content/drive/MyDrive/olx_washingmachine_dataset/images/washmachine_78f743e188/7.jpg"", ""/content/drive/MyDrive/olx_washingmachine_dataset/images/washmachine_78f743e188/8.jpg""]",8,2025-12-09 09:12:19.224748
washmachine_8ee851ab26,https://www.olx.in/item/washing-machines-c1615-its-a-washing-machine-in-dwarka-mor-delhi-iid-1828705978,It's a washing machine,I am selling a washing machine with 8kg of capacity and also both of the motors are new and well fitted But the washing side tid is broken little bit Machine is in a good working condition and the dryer side of the washing machine is too good it drys the clothes soo quick That is very much. Helpfull - Washing Machines,6500,"[""/content/drive/MyDrive/olx_washingmachine_dataset/images/washmachine_8ee851ab26/1.jpg"", ""/content/drive/MyDrive/olx_washingmachine_dataset/images/washmachine_8ee851ab26/2.jpg"", ""/content/drive/MyDrive/olx_washingmachine_dataset/images/washmachine_8ee851ab26/3.jpg"", ""/content/drive/MyDrive/olx_washingmachine_dataset/images/washmachine_8ee851ab26/4.jpg"", ""/content/drive/MyDrive/olx_washingmachine_dataset/images/washmachine_8ee851ab26/5.jpg"", ""/content/drive/MyDrive/olx_washingmachine_dataset/images/washmachine_8ee851ab26/6.jpg"", ""/content/drive/MyDrive/olx_washingmachine_dataset/images/washmachine_8ee851ab26/7.jpg"", ""/content/drive/MyDrive/olx_washingmachine_dataset/images/washmachine_8ee851ab26/8.jpg""]",8,2025-12-09 09:13:49.417997
washmachine_3bc12332e8,https://www.olx.in/item/washing-machines-c1615-lg-front-load-washing-machine-in-driver-tola-katihar-iid-1818002645,Lg front load washing machine,White color front door fully maintain - Washing Machines,17100,"[""/content/drive/MyDrive/olx_washingmachine_dataset/images/washmachine_3bc12332e8/1.jpg"", ""/content/drive/MyDrive/olx_washingmachine_dataset/images/washmachine_3bc12332e8/2.jpg"", ""/content/drive/MyDrive/olx_washingmachine_dataset/images/washmachine_3bc12332e8/3.jpg"", ""/content/drive/MyDrive/olx_washingmachine_dataset/images/washmachine_3bc12332e8/4.jpg"", ""/content/drive/MyDrive/olx_washingmachine_dataset/images/washmachine_3bc12332e8/5.jpg"", ""/content/drive/MyDrive/olx_washingmachine_dataset/images/washmachine_3bc12332e8/6.jpg"", ""/content/drive/MyDrive/olx_washingmachine_dataset/images/washmachine_3bc12332e8/7.jpg"", ""/content/drive/MyDrive/olx_washingmachine_dataset/images/washmachine_3bc12332e8/8.jpg""]",8,2025-12-09 09:15:18.745571
washmachine_9089af5c7d,https://www.olx.in/item/washing-machines-c1615-whirlpool-65-kg-top-load-fully-automatic-washing-machine-in-nagarbhavi-bengaluru-iid-1822657469,Whirlpool 6.5 Kg Top Load Fully Automatic Washing Machine,"> Visit our website for more options: www .yourchoiz. in Flat ₹500 OFF + Cash on Delivery Use code: NAMMAYOURCHOIZ at www .yourchoiz. in Refurbished Appliances at Best Price – Quality You Can Trust! Looking for affordable home appliances without compromising on quality? Our refurbished refrigerators and washing machines are carefully inspected, fully tested, and restored to perfect working condition by experts. Why Choose Us? Fully tested and repaired if needed Professionally cleaned and sanitized Minor cosmetic marks possible, but 100% functional Environment-friendly and budget-friendly Available Products: Single Door Refrigerator – Starting at just ₹4,999 Double Door Refrigerator – Starting at ₹6,999 Top Load Washing Machine – Starting at ₹4,999 Front Load Washing Machine – Starting at ₹6,999 Warranty: 1 Year Warranty on Motor and Compressor Free delivery available in Bangalore Visit us today and give your home a smart upgrade at a smart price! - Washing Machines",6499,"[""/content/drive/MyDrive/olx_washingmachine_dataset/images/washmachine_9089af5c7d/1.jpg"", ""/content/drive/MyDrive/olx_washingmachine_dataset/images/washmachine_9089af5c7d/2.jpg"", ""/content/drive/MyDrive/olx_washingmachine_dataset/images/washmachine_9089af5c7d/3.jpg"", ""/content/drive/MyDrive/olx_washingmachine_dataset/images/washmachine_9089af5c7d/4.jpg"", ""/content/drive/MyDrive/olx_washingmachine_dataset/images/washmachine_9089af5c7d/5.jpg"", ""/content/drive/MyDrive/olx_washingmachine_dataset/images/washmachine_9089af5c7d/6.jpg"", ""/content/drive/MyDrive/olx_washingmachine_dataset/images/washmachine_9089af5c7d/7.jpg"", ""/content/drive/MyDrive/olx_washingmachine_dataset/images/washmachine_9089af5c7d/8.jpg""]",8,2025-12-09 09:16:49.809125
washmachine_5910edd5a0,https://www.olx.in/item/washing-machines-c1615-bosch-washing-machine-55kg-front-load-in-miyapur-hyderabad-iid-1826523278,Bosch Washing Machine 5.5kg Front Load,"Bosch Washing Machine (Front Load, fully automatic, 5.5kg) in working condition for sell. - Washing Machines",7000,"[""/content/drive/MyDrive/olx_washingmachine_dataset/images/washmachine_5910edd5a0/1.jpg"", ""/content/drive/MyDrive/olx_washingmachine_dataset/images/washmachine_5910edd5a0/2.jpg"", ""/content/drive/MyDrive/olx_washingmachine_dataset/images/washmachine_5910edd5a0/3.jpg"", ""/content/drive/MyDrive/olx_washingmachine_dataset/images/washmachine_5910edd5a0/4.jpg"", ""/content/drive/MyDrive/olx_washingmachine_dataset/images/washmachine_5910edd5a0/5.jpg"", ""/content/drive/MyDrive/olx_washingmachine_dataset/images/washmachine_5910edd5a0/6.jpg"", ""/content/drive/MyDrive/olx_washingmachine_dataset/images/washmachine_5910edd5a0/7.jpg"", ""/content/drive/MyDrive/olx_washingmachine_dataset/images/washmachine_5910edd5a0/8.jpg""]",8,2025-12-09 09:17:39.014238
washmachine_abc5f57a7f,https://www.olx.in/item/washing-machines-c1615-fully-automatic-washing-machine-for-sale-in-surya-nagar-colony-hyderabad-iid-1828705395,Fully automatic washing machine for sale,"Whirlpool fully automatic washing machine 8kg , msy need small repair - Washing Machines",6000,"[""/content/drive/MyDrive/olx_washingmachine_dataset/images/washmachine_abc5f57a7f/1.jpg"", ""/content/drive/MyDrive/olx_washingmachine_dataset/images/washmachine_abc5f57a7f/2.jpg"", ""/content/drive/MyDrive/olx_washingmachine_dataset/images/washmachine_abc5f57a7f/3.jpg"", ""/content/drive/MyDrive/olx_washingmachine_dataset/images/washmachine_abc5f57a7f/4.jpg"", ""/content/drive/MyDrive/olx_washingmachine_dataset/images/washmachine_abc5f57a7f/5.jpg"", ""/content/drive/MyDrive/olx_washingmachine_dataset/images/washmachine_abc5f57a7f/6.jpg"", ""/content/drive/MyDrive/olx_washingmachine_dataset/images/washmachine_abc5f57a7f/7.jpg"", ""/content/drive/MyDrive/olx_washingmachine_dataset/images/washmachine_abc5f57a7f/8.jpg""]",8,2025-12-09 09:17:46.945927
washmachine_70e42a43fa,https://www.olx.in/item/washing-machines-c1615-branded-refurbished-fully-automatic-washing-machine-with-free-dleivery-in-sector-52-noida-iid-1791412361,Branded Refurbished Fully Automatic washing machine with free dleivery,"Dhingra Electronic Company We provide Rufurbhied appliance like Refrigerator, Washing Machine, Microwave etc We also provide free delivery at your doorstep Fixed price shop no bargain.. - Washing Machines",4999,"[""/content/drive/MyDrive/olx_washingmachine_dataset/images/washmachine_70e42a43fa/1.jpg"", ""/content/drive/MyDrive/olx_washingmachine_dataset/images/washmachine_70e42a43fa/2.jpg"", ""/content/drive/MyDrive/olx_washingmachine_dataset/images/washmachine_70e42a43fa/3.jpg"", ""/content/drive/MyDrive/olx_washingmachine_dataset/images/washmachine_70e42a43fa/4.jpg"", ""/content/drive/MyDrive/olx_washingmachine_dataset/images/washmachine_70e42a43fa/5.jpg"", ""/content/drive/MyDrive/olx_washingmachine_dataset/images/washmachine_70e42a43fa/6.jpg"", ""/content/drive/MyDrive/olx_washingmachine_dataset/images/washmachine_70e42a43fa/7.jpg"", ""/content/drive/MyDrive/olx_washingmachine_dataset/images/washmachine_70e42a43fa/8.jpg""]",8,2025-12-09 09:18:34.480487
washmachine_5eb2682d7f,https://www.olx.in/item/washing-machines-c1615-samsung-washing-machine-fully-automatic-top-load-with-warranty-in-andheri-east-mumbai-iid-1827229218,Samsung washing machine fully automatic top load with warranty,"Description WE ARE FROM ZCOOL INDIA. OUR SHOP CAN PROVIDE HARDLY USED APPLIANCES BEST 5 YEAR WARRANTY WITH FRIDGES/ WASHING MACHINE DELIVERY FREE AND TECHNICIAN SERVICE TO ALL MUMBAI, THANE, NAVI MUMBAI WE CAN PROVIDE APPLIANCES LIKE:- 1) FRIDGES (SINGAL DOOR, DOUBLE DOOR AND BIG SIZE DOUBLE DOOR AVAILABLE ALSO SIDE BY SIDE AVAILABLE} 2)WASHING MACHINE (FULLY AUTOMATIC SEMI AUTOMATIC} * 3)AC (SPLIT AC AND WINDOW AC} BEST PRICES OF APPLIANCES LIKE:- 1) FRIDGE: i) singal door: 6000/- TO 7500/- ii) double door :- 7500/- TO 35000/- 2) WASHING MACHINE:- i)fully automatic 6500/- TO 10000/- 3) WINDOW AC- i) 1 ton window ac 10500/- (brand:- Ig, samsung} ii) 1.5 ton window ac: 13500/- 4) SPLIT AC- i) 1 ton split ac 12500/- TO 13500/- ii) 1.5 ton split ac- 14500/- TO 18500/- JUST 2.5 YEAR USED APPLIANCE NOTE:- 1) 5 year warranty on compressor of fridge and motor of washing machine. 2) 6 months A to Z technical parts warranty 3) Delivery all Mumbai/ Thane / Navi - Washing Machines",6300,"[""/content/drive/MyDrive/olx_washingmachine_dataset/images/washmachine_5eb2682d7f/1.jpg"", ""/content/drive/MyDrive/olx_washingmachine_dataset/images/washmachine_5eb2682d7f/2.jpg"", ""/content/drive/MyDrive/olx_washingmachine_dataset/images/washmachine_5eb2682d7f/3.jpg"", ""/content/drive/MyDrive/olx_washingmachine_dataset/images/washmachine_5eb2682d7f/4.jpg"", ""/content/drive/MyDrive/olx_washingmachine_dataset/images/washmachine_5eb2682d7f/5.jpg"", ""/content/drive/MyDrive/olx_washingmachine_dataset/images/washmachine_5eb2682d7f/6.jpg"", ""/content/drive/MyDrive/olx_washingmachine_dataset/images/washmachine_5eb2682d7f/7.jpg"", ""/content/drive/MyDrive/olx_washingmachine_dataset/images/washmachine_5eb2682d7f/8.jpg"", ""/content/drive/MyDrive/olx_washingmachine_dataset/images/washmachine_5eb2682d7f/9.jpg"", ""/content/drive/MyDrive/olx_washingmachine_dataset/images/washmachine_5eb2682d7f/10.jpg""]",10,2025-12-09 09:18:44.011782
washmachine_194ca7e629,https://www.olx.in/item/washing-machines-c1615-full-atometic-in-jk-puri-kanpur-iid-1828701207,full atometic,gare box problam hai - Washing Machines,10000,"[""/content/drive/MyDrive/olx_washingmachine_dataset/images/washmachine_194ca7e629/1.jpg"", ""/content/drive/MyDrive/olx_washingmachine_dataset/images/washmachine_194ca7e629/2.jpg"", ""/content/drive/MyDrive/olx_washingmachine_dataset/images/washmachine_194ca7e629/3.jpg"", ""/content/drive/MyDrive/olx_washingmachine_dataset/images/washmachine_194ca7e629/4.jpg"", ""/content/drive/MyDrive/olx_washingmachine_dataset/images/washmachine_194ca7e629/5.jpg"", ""/content/drive/MyDrive/olx_washingmachine_dataset/images/washmachine_194ca7e629/6.jpg"", ""/content/drive/MyDrive/olx_washingmachine_dataset/images/washmachine_194ca7e629/7.jpg"", ""/content/drive/MyDrive/olx_washingmachine_dataset/images/washmachine_194ca7e629/8.jpg""]",8,2025-12-09 09:19:32.713675
washmachine_9efefe4523,https://www.olx.in/item/washing-machines-c1615-samsung-top-load-fully-automatic-in-thomas-road-area-ludhiana-iid-1828115259,Samsung top Load fully automatic,10 years old Works great . Well maintained Not even a single issue - Washing Machines,6500,"[""/content/drive/MyDrive/olx_washingmachine_dataset/images/washmachine_9efefe4523/1.jpg"", ""/content/drive/MyDrive/olx_washingmachine_dataset/images/washmachine_9efefe4523/2.jpg"", ""/content/drive/MyDrive/olx_washingmachine_dataset/images/washmachine_9efefe4523/3.jpg"", ""/content/drive/MyDrive/olx_washingmachine_dataset/images/washmachine_9efefe4523/4.jpg"", ""/content/drive/MyDrive/olx_washingmachine_dataset/images/washmachine_9efefe4523/5.jpg"", ""/content/drive/MyDrive/olx_washingmachine_dataset/images/washmachine_9efefe4523/6.jpg"", ""/content/drive/MyDrive/olx_washingmachine_dataset/images/washmachine_9efefe4523/7.jpg"", ""/content/drive/MyDrive/olx_washingmachine_dataset/images/washmachine_9efefe4523/8.jpg""]",8,2025-12-09 09:21:46.900687
washmachine_bcc42ed1ad,https://www.olx.in/item/washing-machines-c1615-semi-automatic-washing-machine-in-lalbagh-road-bengaluru-iid-1828700455,Semi-Automatic Washing Machine,Godrej GWS 6201 Semi-Automatic 6.2 kg Washer Dryer (White). Ratings and reviews. 4.5. - Washing Machines,5500,"[""/content/drive/MyDrive/olx_washingmachine_dataset/images/washmachine_bcc42ed1ad/1.jpg"", ""/content/drive/MyDrive/olx_washingmachine_dataset/images/washmachine_bcc42ed1ad/2.jpg"", ""/content/drive/MyDrive/olx_washingmachine_dataset/images/washmachine_bcc42ed1ad/3.jpg"", ""/content/drive/MyDrive/olx_washingmachine_dataset/images/washmachine_bcc42ed1ad/4.jpg"", ""/content/drive/MyDrive/olx_washingmachine_dataset/images/washmachine_bcc42ed1ad/5.jpg"", ""/content/drive/MyDrive/olx_washingmachine_dataset/images/washmachine_bcc42ed1ad/6.jpg"", ""/content/drive/MyDrive/olx_washingmachine_dataset/images/washmachine_bcc42ed1ad/7.jpg"", ""/content/drive/MyDrive/olx_washingmachine_dataset/images/washmachine_bcc42ed1ad/8.jpg""]",8,2025-12-09 09:21:51.568295
washmachine_00565819be,https://www.olx.in/item/washing-machines-c1615-intex-topload-fully-automatic-washing-machine-n-godrej-single-d-ref-in-doddakallasandra-bengaluru-iid-1796528610,¥€INTEX TOPLOAD FULLY AUTOMATIC WASHING MACHINE N GODREJ SINGLE D REF,Visit to our store SARJAPURA MAIN ROAD @KASAVANAHALLI Get-electronics Washing machines and fridges available with free shipping Top load starting price is 6000 Front load starting price is 8000 Single door starting price is 6000 Double door starting price is 8000 Combo offer Top load washing machine and single door fridge is 12000 Top load washing machine and double door refrigerator starting price is 6000 Front load washing machine and single door fridge starting price is 15000 Front load washing machine and double door refrigerator starting price is 6000 Warranty One year warranty on motor for washing machines with 6 months free service @ your door step One year warranty on compressor for refrigerator with 6 months free service @ your door step Delivery: free home delivery @ your door step Get electronic's - Washing Machines,11999,"[""/content/drive/MyDrive/olx_washingmachine_dataset/images/washmachine_00565819be/1.jpg"", ""/content/drive/MyDrive/olx_washingmachine_dataset/images/washmachine_00565819be/2.jpg"", ""/content/drive/MyDrive/olx_washingmachine_dataset/images/washmachine_00565819be/3.jpg"", ""/content/drive/MyDrive/olx_washingmachine_dataset/images/washmachine_00565819be/4.jpg"", ""/content/drive/MyDrive/olx_washingmachine_dataset/images/washmachine_00565819be/5.jpg"", ""/content/drive/MyDrive/olx_washingmachine_dataset/images/washmachine_00565819be/6.jpg"", ""/content/drive/MyDrive/olx_washingmachine_dataset/images/washmachine_00565819be/7.jpg"", ""/content/drive/MyDrive/olx_washingmachine_dataset/images/washmachine_00565819be/8.jpg""]",8,2025-12-09 09:21:56.571387
washmachine_a5fa467b70,https://www.olx.in/item/washing-machines-c1615-lg-fully-automatic-top-load-washing-machine-65kg-black-free-delivery-in-imamwada-nagpur-iid-1826522221,LG Fully-automatic Top-load Washing Machine 6.5Kg Black  Free Delivery,"Brand. LG Capacity. 6.5 Kilograms Access Location. Top Load Colour. Black Weight. 17182 Grams Material. Plastic, Stainless Steel Top-loading washing machine 7 kg capacity 10 water level selection Powerful washing with multi water flow Turbo drum Free Delivery With New Stand 5 Year's Compressor Warranty With Bill New Inlet Out Let Pipe Free Free Installation Free Demo Power Saving Guide Work Without Stabilizer . . Shop Name..AR Refrigeration - Indora chowk, Road, Bezonbagh, Nagpur, Maharashtra 440014 - Washing Machines",6499,"[""/content/drive/MyDrive/olx_washingmachine_dataset/images/washmachine_a5fa467b70/1.jpg"", ""/content/drive/MyDrive/olx_washingmachine_dataset/images/washmachine_a5fa467b70/2.jpg"", ""/content/drive/MyDrive/olx_washingmachine_dataset/images/washmachine_a5fa467b70/3.jpg"", ""/content/drive/MyDrive/olx_washingmachine_dataset/images/washmachine_a5fa467b70/4.jpg"", ""/content/drive/MyDrive/olx_washingmachine_dataset/images/washmachine_a5fa467b70/5.jpg"", ""/content/drive/MyDrive/olx_washingmachine_dataset/images/washmachine_a5fa467b70/6.jpg"", ""/content/drive/MyDrive/olx_washingmachine_dataset/images/washmachine_a5fa467b70/7.jpg"", ""/content/drive/MyDrive/olx_washingmachine_dataset/images/washmachine_a5fa467b70/8.jpg""]",8,2025-12-09 09:22:43.513596
washmachine_143e2767d1,https://www.olx.in/item/washing-machines-c1615-kelvinator-washing-machine-in-western-park-amreli-iid-1828701912,KELVINATOR WASHING MACHINE,3MONTH OLD ONLY 3 VAR J USE KREL CHE - Washing Machines,16500,"[""/content/drive/MyDrive/olx_washingmachine_dataset/images/washmachine_143e2767d1/1.jpg"", ""/content/drive/MyDrive/olx_washingmachine_dataset/images/washmachine_143e2767d1/2.jpg"", ""/content/drive/MyDrive/olx_washingmachine_dataset/images/washmachine_143e2767d1/3.jpg"", ""/content/drive/MyDrive/olx_washingmachine_dataset/images/washmachine_143e2767d1/4.jpg"", ""/content/drive/MyDrive/olx_washingmachine_dataset/images/washmachine_143e2767d1/5.jpg"", ""/content/drive/MyDrive/olx_washingmachine_dataset/images/washmachine_143e2767d1/6.jpg"", ""/content/drive/MyDrive/olx_washingmachine_dataset/images/washmachine_143e2767d1/7.jpg"", ""/content/drive/MyDrive/olx_washingmachine_dataset/images/washmachine_143e2767d1/8.jpg""]",8,2025-12-09 09:22:50.401154
washmachine_124e6ca279,https://www.olx.in/item/washing-machines-c1615-i-want-sell-my-new-samsung-washing-machine-in-vasanth-nagar-colony-hyderabad-iid-1828634867,I want sell my new samsung washing machine,I want sell my new samsung washing machine 4 months old - Washing Machines,17000,"[""/content/drive/MyDrive/olx_washingmachine_dataset/images/washmachine_124e6ca279/1.jpg"", ""/content/drive/MyDrive/olx_washingmachine_dataset/images/washmachine_124e6ca279/2.jpg"", ""/content/drive/MyDrive/olx_washingmachine_dataset/images/washmachine_124e6ca279/3.jpg"", ""/content/drive/MyDrive/olx_washingmachine_dataset/images/washmachine_124e6ca279/4.jpg"", ""/content/drive/MyDrive/olx_washingmachine_dataset/images/washmachine_124e6ca279/5.jpg"", ""/content/drive/MyDrive/olx_washingmachine_dataset/images/washmachine_124e6ca279/6.jpg"", ""/content/drive/MyDrive/olx_washingmachine_dataset/images/washmachine_124e6ca279/7.jpg"", ""/content/drive/MyDrive/olx_washingmachine_dataset/images/washmachine_124e6ca279/8.jpg""]",8,2025-12-09 09:24:18.628796
washmachine_60a39115d4,https://www.olx.in/item/washing-machines-c1615-washing-machine-in-phalodi-rural-phalodi-iid-1828703484,Washing machine,"6kg Voltage beko semi-automatic washing machine 10 month old only, very less use by me location -Bap phalodi - Washing Machines",6500,"[""/content/drive/MyDrive/olx_washingmachine_dataset/images/washmachine_60a39115d4/1.jpg"", ""/content/drive/MyDrive/olx_washingmachine_dataset/images/washmachine_60a39115d4/2.jpg"", ""/content/drive/MyDrive/olx_washingmachine_dataset/images/washmachine_60a39115d4/3.jpg"", ""/content/drive/MyDrive/olx_washingmachine_dataset/images/washmachine_60a39115d4/4.jpg"", ""/content/drive/MyDrive/olx_washingmachine_dataset/images/washmachine_60a39115d4/5.jpg"", ""/content/drive/MyDrive/olx_washingmachine_dataset/images/washmachine_60a39115d4/6.jpg"", ""/content/drive/MyDrive/olx_washingmachine_dataset/images/washmachine_60a39115d4/7.jpg"", ""/content/drive/MyDrive/olx_washingmachine_dataset/images/washmachine_60a39115d4/8.jpg""]",8,2025-12-09 09:25:06.392069
washmachine_e89428e6a7,https://www.olx.in/item/washing-machines-c1615-brand-new-washing-machine-10kg-green-star-with-warrenty-wholesale-in-sector-86-mohali-iid-1816348451,BRAND NEW WASHING MACHINE 10KG GREEN STAR WITH WARRENTY WHOLESALE,Brand fully automatic mashin 6.5kg 11999 7kg. 12999 7.5kg. 13499 8kg 14500 KHETAN WASHING 7.5kg 7500 KHETAN WASHING 9.2kg 10999 KHETAN WASHING 10.2kg 11500 KHETAN WASHING 12kg 13999 Lloyd ac 1.5 ton 3 star 25000 Lloyd 1.5 ton 5 sart 30000 Lloyd fixspid 1.5ton 25000 Lloyd 2ton 35000 Led tv 32 inch bush 7500 Led tv 40 inch brand new 10999 Led tv 43 inch smart 12500 Led tv 43 inch android 13500 Led tv Web voice 16500 50 inch led tv 22500 50 inch web voice 25000 55 inch led tv 26000 55 inch web voice 3000 Samsung 32 inch 11000 Sony 32 inch 11000 Samsung 43inch 18500 One plus 43 inch 17500 Realme 43 inch 18500 50 inch realme 23000 55 inch 30000 65 inch 45000 Geyser 25ltr five star 3500 Aquafresh ro 3190 Chimney 4500 Chula 2000 - Washing Machines,9999,"[""/content/drive/MyDrive/olx_washingmachine_dataset/images/washmachine_e89428e6a7/1.jpg"", ""/content/drive/MyDrive/olx_washingmachine_dataset/images/washmachine_e89428e6a7/2.jpg"", ""/content/drive/MyDrive/olx_washingmachine_dataset/images/washmachine_e89428e6a7/3.jpg"", ""/content/drive/MyDrive/olx_washingmachine_dataset/images/washmachine_e89428e6a7/4.jpg"", ""/content/drive/MyDrive/olx_washingmachine_dataset/images/washmachine_e89428e6a7/5.jpg"", ""/content/drive/MyDrive/olx_washingmachine_dataset/images/washmachine_e89428e6a7/6.jpg"", ""/content/drive/MyDrive/olx_washingmachine_dataset/images/washmachine_e89428e6a7/7.jpg"", ""/content/drive/MyDrive/olx_washingmachine_dataset/images/washmachine_e89428e6a7/8.jpg"", ""/content/drive/MyDrive/olx_washingmachine_dataset/images/washmachine_e89428e6a7/9.jpg"", ""/content/drive/MyDrive/olx_washingmachine_dataset/images/washmachine_e89428e6a7/10.jpg""]",10,2025-12-09 09:25:14.586318
washmachine_29ba1bdd40,https://www.olx.in/item/washing-machines-c1615-godrej-washing-machine-8kg-black-colour-top-condition-in-chittawadegi-hosapete-iid-1828340623,Godrej washing machine 8KG black colour top condition,Washing machine 8KG black colour 3 Month use only no problem condition ok - Washing Machines,13000,"[""/content/drive/MyDrive/olx_washingmachine_dataset/images/washmachine_29ba1bdd40/1.jpg"", ""/content/drive/MyDrive/olx_washingmachine_dataset/images/washmachine_29ba1bdd40/2.jpg"", ""/content/drive/MyDrive/olx_washingmachine_dataset/images/washmachine_29ba1bdd40/3.jpg"", ""/content/drive/MyDrive/olx_washingmachine_dataset/images/washmachine_29ba1bdd40/4.jpg"", ""/content/drive/MyDrive/olx_washingmachine_dataset/images/washmachine_29ba1bdd40/5.jpg"", ""/content/drive/MyDrive/olx_washingmachine_dataset/images/washmachine_29ba1bdd40/6.jpg"", ""/content/drive/MyDrive/olx_washingmachine_dataset/images/washmachine_29ba1bdd40/7.jpg"", ""/content/drive/MyDrive/olx_washingmachine_dataset/images/washmachine_29ba1bdd40/8.jpg""]",8,2025-12-09 09:27:26.776218
washmachine_3975b8474a,https://www.olx.in/item/washing-machines-c1615-videocon-75-kg-semi-automatic-washing-machine-in-model-town-jaipur-iid-1828702330,"Videocon 7.5 Kg semi automatic washing machine,",Videocon 7.5 kg semi automatic washing machine for sale. - Washing Machines,5000,"[""/content/drive/MyDrive/olx_washingmachine_dataset/images/washmachine_3975b8474a/1.jpg"", ""/content/drive/MyDrive/olx_washingmachine_dataset/images/washmachine_3975b8474a/2.jpg"", ""/content/drive/MyDrive/olx_washingmachine_dataset/images/washmachine_3975b8474a/3.jpg"", ""/content/drive/MyDrive/olx_washingmachine_dataset/images/washmachine_3975b8474a/4.jpg"", ""/content/drive/MyDrive/olx_washingmachine_dataset/images/washmachine_3975b8474a/5.jpg"", ""/content/drive/MyDrive/olx_washingmachine_dataset/images/washmachine_3975b8474a/6.jpg"", ""/content/drive/MyDrive/olx_washingmachine_dataset/images/washmachine_3975b8474a/7.jpg"", ""/content/drive/MyDrive/olx_washingmachine_dataset/images/washmachine_3975b8474a/8.jpg""]",8,2025-12-09 09:34:49.222642
washmachine_5f1ab6c7cb,https://www.olx.in/item/washing-machines-c1615-second-hand-washing-machine-available-good-condition-in-bhandari-bagh-dehradun-iid-1824770161,Second hand washing machine available good condition,Starting price 3500 Good condition washing machine available Semi automatic available Fully automatic available Contact number = ⁹⁸ ³⁷ ⁴⁰ and ³⁷ ³¹ Home delivery available - Washing Machines,4800,"[""/content/drive/MyDrive/olx_washingmachine_dataset/images/washmachine_5f1ab6c7cb/1.jpg"", ""/content/drive/MyDrive/olx_washingmachine_dataset/images/washmachine_5f1ab6c7cb/2.jpg"", ""/content/drive/MyDrive/olx_washingmachine_dataset/images/washmachine_5f1ab6c7cb/3.jpg"", ""/content/drive/MyDrive/olx_washingmachine_dataset/images/washmachine_5f1ab6c7cb/4.jpg"", ""/content/drive/MyDrive/olx_washingmachine_dataset/images/washmachine_5f1ab6c7cb/5.jpg"", ""/content/drive/MyDrive/olx_washingmachine_dataset/images/washmachine_5f1ab6c7cb/6.jpg"", ""/content/drive/MyDrive/olx_washingmachine_dataset/images/washmachine_5f1ab6c7cb/7.jpg"", ""/content/drive/MyDrive/olx_washingmachine_dataset/images/washmachine_5f1ab6c7cb/8.jpg""]",8,2025-12-09 09:34:57.694171
washmachine_b2fb98fe0f,https://www.olx.in/item/washing-machines-c1615-lg-fully-automatic-top-load-7kg-washing-machine-in-civil-lines-south-muzaffarnagar-iid-1827868584,LG fully automatic top load 7kg washing machine,LG fully automatic top load 7kg washing machine( 2019 version) is in very good working condition. It is suitable for family having 4-5 members. Motor is quite powerful. Body is full maintained and has not dents and damages at all. Because I need a bigger washing machine that's why I am selling it. - Washing Machines,6500,"[""/content/drive/MyDrive/olx_washingmachine_dataset/images/washmachine_b2fb98fe0f/1.jpg"", ""/content/drive/MyDrive/olx_washingmachine_dataset/images/washmachine_b2fb98fe0f/2.jpg"", ""/content/drive/MyDrive/olx_washingmachine_dataset/images/washmachine_b2fb98fe0f/3.jpg"", ""/content/drive/MyDrive/olx_washingmachine_dataset/images/washmachine_b2fb98fe0f/4.jpg"", ""/content/drive/MyDrive/olx_washingmachine_dataset/images/washmachine_b2fb98fe0f/5.jpg"", ""/content/drive/MyDrive/olx_washingmachine_dataset/images/washmachine_b2fb98fe0f/6.jpg"", ""/content/drive/MyDrive/olx_washingmachine_dataset/images/washmachine_b2fb98fe0f/7.jpg"", ""/content/drive/MyDrive/olx_washingmachine_dataset/images/washmachine_b2fb98fe0f/8.jpg""]",8,2025-12-09 09:35:11.712551
washmachine_42d53ee442,https://www.olx.in/item/washing-machines-c1615-faber-geyser-6-litter-5star-in-dal-mandai-ahmadnagar-iid-1828702325,Faber Geyser 6 litter 5star,Faber Geyser 6L 5star very good product - Washing Machines,4000,"[""/content/drive/MyDrive/olx_washingmachine_dataset/images/washmachine_42d53ee442/1.jpg"", ""/content/drive/MyDrive/olx_washingmachine_dataset/images/washmachine_42d53ee442/2.jpg"", ""/content/drive/MyDrive/olx_washingmachine_dataset/images/washmachine_42d53ee442/3.jpg"", ""/content/drive/MyDrive/olx_washingmachine_dataset/images/washmachine_42d53ee442/4.jpg"", ""/content/drive/MyDrive/olx_washingmachine_dataset/images/washmachine_42d53ee442/5.jpg"", ""/content/drive/MyDrive/olx_washingmachine_dataset/images/washmachine_42d53ee442/6.jpg"", ""/content/drive/MyDrive/olx_washingmachine_dataset/images/washmachine_42d53ee442/7.jpg"", ""/content/drive/MyDrive/olx_washingmachine_dataset/images/washmachine_42d53ee442/8.jpg""]",8,2025-12-09 09:35:58.470173
washmachine_4c8d41d9a5,https://www.olx.in/item/washing-machines-c1615-lg-washing-machine-top-load-6kg-in-surya-nagar-madurai-iid-1828128344,lg washing machine top load 6kg,one year warranty good condition - Washing Machines,6000,"[""/content/drive/MyDrive/olx_washingmachine_dataset/images/washmachine_4c8d41d9a5/1.jpg"", ""/content/drive/MyDrive/olx_washingmachine_dataset/images/washmachine_4c8d41d9a5/2.jpg"", ""/content/drive/MyDrive/olx_washingmachine_dataset/images/washmachine_4c8d41d9a5/3.jpg"", ""/content/drive/MyDrive/olx_washingmachine_dataset/images/washmachine_4c8d41d9a5/4.jpg"", ""/content/drive/MyDrive/olx_washingmachine_dataset/images/washmachine_4c8d41d9a5/5.jpg"", ""/content/drive/MyDrive/olx_washingmachine_dataset/images/washmachine_4c8d41d9a5/6.jpg"", ""/content/drive/MyDrive/olx_washingmachine_dataset/images/washmachine_4c8d41d9a5/7.jpg"", ""/content/drive/MyDrive/olx_washingmachine_dataset/images/washmachine_4c8d41d9a5/8.jpg""]",8,2025-12-09 09:36:04.501162
washmachine_af94debd10,https://www.olx.in/item/washing-machines-c1615-samsung-top-load-washing-machine-in-munnekollal-sai-layout-bengaluru-iid-1822627693,Samsung top load washing machine,"> Visit our website for more options: www .yourchoiz. in Flat ₹500 OFF + Cash on Delivery Use code: NAMMAYOURCHOIZ at www .yourchoiz. in Refurbished Appliances at Best Price – Quality You Can Trust! Looking for affordable home appliances without compromising on quality? Our refurbished refrigerators and washing machines are carefully inspected, fully tested, and restored to perfect working condition by experts. Why Choose Us? Fully tested and repaired if needed Professionally cleaned and sanitized Minor cosmetic marks possible, but 100% functional Environment-friendly and budget-friendly Available Products: Single Door Refrigerator – Starting at just ₹4,999 Double Door Refrigerator – Starting at ₹6,999 Top Load Washing Machine – Starting at ₹4,999 Front Load Washing Machine – Starting at ₹6,999 Warranty: 1 Year Warranty on Motor and Compressor Free delivery available in Bangalore Visit us today and give your home a smart upgrade at a smart price! - Washing Machines",6999,"[""/content/drive/MyDrive/olx_washingmachine_dataset/images/washmachine_af94debd10/1.jpg"", ""/content/drive/MyDrive/olx_washingmachine_dataset/images/washmachine_af94debd10/2.jpg"", ""/content/drive/MyDrive/olx_washingmachine_dataset/images/washmachine_af94debd10/3.jpg"", ""/content/drive/MyDrive/olx_washingmachine_dataset/images/washmachine_af94debd10/4.jpg"", ""/content/drive/MyDrive/olx_washingmachine_dataset/images/washmachine_af94debd10/5.jpg"", ""/content/drive/MyDrive/olx_washingmachine_dataset/images/washmachine_af94debd10/6.jpg"", ""/content/drive/MyDrive/olx_washingmachine_dataset/images/washmachine_af94debd10/7.jpg"", ""/content/drive/MyDrive/olx_washingmachine_dataset/images/washmachine_af94debd10/8.jpg""]",8,2025-12-09 09:36:09.501606
washmachine_557ec03945,https://www.olx.in/item/washing-machines-c1615-samung-65kg-wm-in-prasadampadu-vijayawada-iid-1828703265,Samung 6.5KG WM,10 Years Motor Warranty - Washing Machines,10000,"[""/content/drive/MyDrive/olx_washingmachine_dataset/images/washmachine_557ec03945/1.jpg"", ""/content/drive/MyDrive/olx_washingmachine_dataset/images/washmachine_557ec03945/2.jpg"", ""/content/drive/MyDrive/olx_washingmachine_dataset/images/washmachine_557ec03945/3.jpg"", ""/content/drive/MyDrive/olx_washingmachine_dataset/images/washmachine_557ec03945/4.jpg"", ""/content/drive/MyDrive/olx_washingmachine_dataset/images/washmachine_557ec03945/5.jpg"", ""/content/drive/MyDrive/olx_washingmachine_dataset/images/washmachine_557ec03945/6.jpg"", ""/content/drive/MyDrive/olx_washingmachine_dataset/images/washmachine_557ec03945/7.jpg"", ""/content/drive/MyDrive/olx_washingmachine_dataset/images/washmachine_557ec03945/8.jpg""]",8,2025-12-09 09:36:16.640583
washmachine_e48c3d7a0a,https://www.olx.in/item/washing-machines-c1615-drayer-not-working-whirlpool-washing-machine-85-kg-in-uttam-nagar-delhi-iid-1827900381,Drayer not working Whirlpool washing Machine 8.5 kg,dry not working Spin working - Washing Machines,2500,"[""/content/drive/MyDrive/olx_washingmachine_dataset/images/washmachine_e48c3d7a0a/1.jpg"", ""/content/drive/MyDrive/olx_washingmachine_dataset/images/washmachine_e48c3d7a0a/2.jpg"", ""/content/drive/MyDrive/olx_washingmachine_dataset/images/washmachine_e48c3d7a0a/3.jpg"", ""/content/drive/MyDrive/olx_washingmachine_dataset/images/washmachine_e48c3d7a0a/4.jpg"", ""/content/drive/MyDrive/olx_washingmachine_dataset/images/washmachine_e48c3d7a0a/5.jpg"", ""/content/drive/MyDrive/olx_washingmachine_dataset/images/washmachine_e48c3d7a0a/6.jpg"", ""/content/drive/MyDrive/olx_washingmachine_dataset/images/washmachine_e48c3d7a0a/7.jpg"", ""/content/drive/MyDrive/olx_washingmachine_dataset/images/washmachine_e48c3d7a0a/8.jpg""]",8,2025-12-09 09:37:04.911616
washmachine_f03d6fd7e8,https://www.olx.in/item/washing-machines-c1615-unused-new-fully-automatic-washing-machine-in-dhayri-pune-iid-1828700294,Unused new fully automatic washing machine,"Acer 7kg washing machine, unused, with pipes and proper bill. - Washing Machines",13000,"[""/content/drive/MyDrive/olx_washingmachine_dataset/images/washmachine_f03d6fd7e8/1.jpg"", ""/content/drive/MyDrive/olx_washingmachine_dataset/images/washmachine_f03d6fd7e8/2.jpg"", ""/content/drive/MyDrive/olx_washingmachine_dataset/images/washmachine_f03d6fd7e8/3.jpg"", ""/content/drive/MyDrive/olx_washingmachine_dataset/images/washmachine_f03d6fd7e8/4.jpg"", ""/content/drive/MyDrive/olx_washingmachine_dataset/images/washmachine_f03d6fd7e8/5.jpg"", ""/content/drive/MyDrive/olx_washingmachine_dataset/images/washmachine_f03d6fd7e8/6.jpg"", ""/content/drive/MyDrive/olx_washingmachine_dataset/images/washmachine_f03d6fd7e8/7.jpg"", ""/content/drive/MyDrive/olx_washingmachine_dataset/images/washmachine_f03d6fd7e8/8.jpg"", ""/content/drive/MyDrive/olx_washingmachine_dataset/images/washmachine_f03d6fd7e8/9.jpg"", ""/content/drive/MyDrive/olx_washingmachine_dataset/images/washmachine_f03d6fd7e8/10.jpg"", ""/content/drive/MyDrive/olx_washingmachine_dataset/images/washmachine_f03d6fd7e8/11.jpg"", ""/content/drive/MyDrive/olx_washingmachine_dataset/images/washmachine_f03d6fd7e8/12.jpg"", ""/content/drive/MyDrive/olx_washingmachine_dataset/images/washmachine_f03d6fd7e8/13.jpg"", ""/content/drive/MyDrive/olx_washingmachine_dataset/images/washmachine_f03d6fd7e8/14.jpg""]",14,2025-12-09 09:40:11.251902
washmachine_a077746f7b,https://www.olx.in/item/washing-machines-c1615-1-ton-split-ac-with-warranty-1-year-old-good-condition-in-oshiwara-mumbai-iid-1827961041,1 ton split AC with warranty 1 year old good condition,"Description WE ARE FROM ZCOOL INDIA. OUR SHOP CAN PROVIDE HARDLY USED APPLIANCES BEST 5 YEAR WARRANTY WITH FRIDGES/ WASHING MACHINE DELIVERY FREE AND TECHNICIAN SERVICE TO ALL MUMBAI, THANE, NAVI MUMBAI WE CAN PROVIDE APPLIANCES LIKE:- 1) FRIDGES (SINGAL DOOR, DOUBLE DOOR AND BIG SIZE DOUBLE DOOR AVAILABLE ALSO SIDE BY SIDE AVAILABLE} 2)WASHING MACHINE (FULLY AUTOMATIC SEMI AUTOMATIC} * 3)AC (SPLIT AC AND WINDOW AC} BEST PRICES OF APPLIANCES LIKE:- 1) FRIDGE: i) singal door: 6000/- TO 7500/- ii) double door :- 7500/- TO 35000/- 2) WASHING MACHINE:- i)fully automatic 6500/- TO 10000/- 3) WINDOW AC- i) 1 ton window ac 10500/- (brand:- Ig, samsung} ii) 1.5 ton window ac: 13500/- 4) SPLIT AC- i) 1 ton split ac 12500/- TO 13500/- ii) 1.5 ton split ac- 14500/- TO 18500/- JUST 2.5 YEAR USED APPLIANCE NOTE:- 1) 5 year warranty on compressor of fridge and motor of washing machine. 2) 6 months A to Z technical parts warranty 3) Delivery all Mumbai/ Thane / Navi - Washing Machines",11500,"[""/content/drive/MyDrive/olx_washingmachine_dataset/images/washmachine_a077746f7b/1.jpg"", ""/content/drive/MyDrive/olx_washingmachine_dataset/images/washmachine_a077746f7b/2.jpg"", ""/content/drive/MyDrive/olx_washingmachine_dataset/images/washmachine_a077746f7b/3.jpg"", ""/content/drive/MyDrive/olx_washingmachine_dataset/images/washmachine_a077746f7b/4.jpg"", ""/content/drive/MyDrive/olx_washingmachine_dataset/images/washmachine_a077746f7b/5.jpg"", ""/content/drive/MyDrive/olx_washingmachine_dataset/images/washmachine_a077746f7b/6.jpg"", ""/content/drive/MyDrive/olx_washingmachine_dataset/images/washmachine_a077746f7b/7.jpg"", ""/content/drive/MyDrive/olx_washingmachine_dataset/images/washmachine_a077746f7b/8.jpg"", ""/content/drive/MyDrive/olx_washingmachine_dataset/images/washmachine_a077746f7b/9.jpg"", ""/content/drive/MyDrive/olx_washingmachine_dataset/images/washmachine_a077746f7b/10.jpg""]",10,2025-12-09 09:40:20.050311
washmachine_10a32f7deb,https://www.olx.in/item/washing-machines-c1615-washing-machine-in-aashi-colony-siwan-iid-1828265242,Washing machine,Lg washing machine good condition - Washing Machines,10000,"[""/content/drive/MyDrive/olx_washingmachine_dataset/images/washmachine_10a32f7deb/1.jpg"", ""/content/drive/MyDrive/olx_washingmachine_dataset/images/washmachine_10a32f7deb/2.jpg"", ""/content/drive/MyDrive/olx_washingmachine_dataset/images/washmachine_10a32f7deb/3.jpg"", ""/content/drive/MyDrive/olx_washingmachine_dataset/images/washmachine_10a32f7deb/4.jpg"", ""/content/drive/MyDrive/olx_washingmachine_dataset/images/washmachine_10a32f7deb/5.jpg"", ""/content/drive/MyDrive/olx_washingmachine_dataset/images/washmachine_10a32f7deb/6.jpg"", ""/content/drive/MyDrive/olx_washingmachine_dataset/images/washmachine_10a32f7deb/7.jpg"", ""/content/drive/MyDrive/olx_washingmachine_dataset/images/washmachine_10a32f7deb/8.jpg""]",8,2025-12-09 09:41:08.680153
washmachine_fb856145e4,https://www.olx.in/item/washing-machines-c1615-5-year-warranty-washing-machine-fridge-ac-free-delivery-less-used-in-santacruz-east-mumbai-iid-1817936189,5 YEAR WARRANTY_ WASHING MACHINE FRIDGE AC _FREE DELIVERY _LESS USED,"@@ WE ARE FROM AIR COOL CENTER . OUR SHOP CAN PROVIDE HARDLY USED APPLIANCES @@ ## BEST 5 YEAR WARRANTY WITH FRIDGES/ WASHING MACHINE AND DELIVERY FREE MUMBAI , THANE , NAVI MUMBAI ## ** WE CAN PROVIDE APPLIANCES LIKE :- ** '' 1) FRIDGES { SINGAL DOOR , DOUBLE DOOR AND BIG SIZE DOUBLE DOOR AVAILABLE ALSO SIDE BY SIDE AVAILABLE } '' '' 2)WASHING MACHINE { FULLY AUTOMATIC } '' '' 3)AC {SPLIT AC AND WINDOW AC } '' ** BEST PRICES OF APPLIANCES LIKE:- ** @ 1) FRIDGE :- i) singal door :- 6500 /- TO 7500/- ii) double door :- 8500/- TO 45000/- @ @ 2) WASHING MACHINE :- i)fully automatic :- 6500/- TO 14500/- @ @ 3) WINDOW AC :- i) 1 ton window ac :- 10500/- TO 14500/- {brand :- lg , samsung } ii) 1.5 ton window ac :- 14500/- TO 16500/- {brand :- lg , samsung} @ @ 4) SPLIT AC :- i) 1 ton split ac :- 13500/- TO 14500/- ii) 1.5 ton split ac :- 15500/- TO 18500/- @ @@ JUST 2 TO 3 YEAR USED APPLIANCE @@ *** NOTE :- *** 1) 5 year warranty on compressor of fridge and motor of washing machine. 2) Delivery free all Mumbai/ Thane / Navi Mumbai. 3) Inlet /Outlet pipes free with washing machine . 4) Also available on Rent basis :- i) Rs.500/-per month for washing machine single door fridge ii) Rs.700/-per month for double door fridge[below 280 lit fridge] iii) Rs.800/-per month for 1 ton window Ac iv) Rs.1000/- per month for 1.5 ton window Ac 6) 50% cash back facility too. $ for more details call us and same number for whatsapp information $ *Air cool centre* More details:- Contact pooja Shop no. 4 Yadav colony, Near orange tree school, Opposite trans apartment, Mahakali caves road, Andheri East, Mumbai 400093. LAND MARK :- Shri Sathya Sai Baba dharmakshetra & school Shop time:- 10 am to 10 pm All day open F F X - Washing Machines",6500,"[""/content/drive/MyDrive/olx_washingmachine_dataset/images/washmachine_fb856145e4/1.jpg"", ""/content/drive/MyDrive/olx_washingmachine_dataset/images/washmachine_fb856145e4/2.jpg"", ""/content/drive/MyDrive/olx_washingmachine_dataset/images/washmachine_fb856145e4/3.jpg"", ""/content/drive/MyDrive/olx_washingmachine_dataset/images/washmachine_fb856145e4/4.jpg"", ""/content/drive/MyDrive/olx_washingmachine_dataset/images/washmachine_fb856145e4/5.jpg"", ""/content/drive/MyDrive/olx_washingmachine_dataset/images/washmachine_fb856145e4/6.jpg"", ""/content/drive/MyDrive/olx_washingmachine_dataset/images/washmachine_fb856145e4/7.jpg"", ""/content/drive/MyDrive/olx_washingmachine_dataset/images/washmachine_fb856145e4/8.jpg"", ""/content/drive/MyDrive/olx_washingmachine_dataset/images/washmachine_fb856145e4/9.jpg"", ""/content/drive/MyDrive/olx_washingmachine_dataset/images/washmachine_fb856145e4/10.jpg""]",10,2025-12-09 09:41:57.221055
washmachine_5645d3f995,https://www.olx.in/item/washing-machines-c1615-fully-automatic-75kg-washing-machine-in-sector-74-noida-iid-1828702148,Fully automatic 7.5kg washing machine,"Available in Supertech Capetown Society, Sector 74, Noida - Washing Machines",3500,"[""/content/drive/MyDrive/olx_washingmachine_dataset/images/washmachine_5645d3f995/1.jpg"", ""/content/drive/MyDrive/olx_washingmachine_dataset/images/washmachine_5645d3f995/2.jpg"", ""/content/drive/MyDrive/olx_washingmachine_dataset/images/washmachine_5645d3f995/3.jpg"", ""/content/drive/MyDrive/olx_washingmachine_dataset/images/washmachine_5645d3f995/4.jpg"", ""/content/drive/MyDrive/olx_washingmachine_dataset/images/washmachine_5645d3f995/5.jpg"", ""/content/drive/MyDrive/olx_washingmachine_dataset/images/washmachine_5645d3f995/6.jpg"", ""/content/drive/MyDrive/olx_washingmachine_dataset/images/washmachine_5645d3f995/7.jpg"", ""/content/drive/MyDrive/olx_washingmachine_dataset/images/washmachine_5645d3f995/8.jpg""]",8,2025-12-09 09:42:04.093590
washmachine_ebbca6ba18,https://www.olx.in/item/washing-machines-c1615-videocon-semi-automatic-in-old-washermanpet-chennai-iid-1828702118,Videocon semi automatic,Videocon semi automatic washing machine 7.3 kg Eco wash with Air Dry. Good working condition. - Washing Machines,6000,"[""/content/drive/MyDrive/olx_washingmachine_dataset/images/washmachine_ebbca6ba18/1.jpg"", ""/content/drive/MyDrive/olx_washingmachine_dataset/images/washmachine_ebbca6ba18/2.jpg"", ""/content/drive/MyDrive/olx_washingmachine_dataset/images/washmachine_ebbca6ba18/3.jpg"", ""/content/drive/MyDrive/olx_washingmachine_dataset/images/washmachine_ebbca6ba18/4.jpg"", ""/content/drive/MyDrive/olx_washingmachine_dataset/images/washmachine_ebbca6ba18/5.jpg"", ""/content/drive/MyDrive/olx_washingmachine_dataset/images/washmachine_ebbca6ba18/6.jpg"", ""/content/drive/MyDrive/olx_washingmachine_dataset/images/washmachine_ebbca6ba18/7.jpg"", ""/content/drive/MyDrive/olx_washingmachine_dataset/images/washmachine_ebbca6ba18/8.jpg""]",8,2025-12-09 09:42:53.067761
washmachine_623f4aaafb,https://www.olx.in/item/washing-machines-c1615-voltas-beko-washing-machine-in-byagadadenahalli-bengaluru-iid-1828703731,Voltas beko washing machine,"Almost new Voltas beko washing machine 7.5 kg Washer only Maroon, White Hardly used Just over 1 year 4 year motor warranty remaining - Washing Machines",4000,"[""/content/drive/MyDrive/olx_washingmachine_dataset/images/washmachine_623f4aaafb/1.jpg"", ""/content/drive/MyDrive/olx_washingmachine_dataset/images/washmachine_623f4aaafb/2.jpg"", ""/content/drive/MyDrive/olx_washingmachine_dataset/images/washmachine_623f4aaafb/3.jpg"", ""/content/drive/MyDrive/olx_washingmachine_dataset/images/washmachine_623f4aaafb/4.jpg"", ""/content/drive/MyDrive/olx_washingmachine_dataset/images/washmachine_623f4aaafb/5.jpg"", ""/content/drive/MyDrive/olx_washingmachine_dataset/images/washmachine_623f4aaafb/6.jpg"", ""/content/drive/MyDrive/olx_washingmachine_dataset/images/washmachine_623f4aaafb/7.jpg"", ""/content/drive/MyDrive/olx_washingmachine_dataset/images/washmachine_623f4aaafb/8.jpg""]",8,2025-12-09 09:42:57.851055
washmachine_f4aead8dd5,https://www.olx.in/item/washing-machines-c1615-in-warranty-3-years-old-8kg-ifb-front-loaded-washing-machine-in-sector-84-faridabad-iid-1826052352,In warranty 3 years old 8kg IFB Front Loaded washing machine,3 years old 8kg IFB Front Loaded washing machine perfect condition 2 months warranty left - Washing Machines,14000,"[""/content/drive/MyDrive/olx_washingmachine_dataset/images/washmachine_f4aead8dd5/1.jpg"", ""/content/drive/MyDrive/olx_washingmachine_dataset/images/washmachine_f4aead8dd5/2.jpg"", ""/content/drive/MyDrive/olx_washingmachine_dataset/images/washmachine_f4aead8dd5/3.jpg"", ""/content/drive/MyDrive/olx_washingmachine_dataset/images/washmachine_f4aead8dd5/4.jpg"", ""/content/drive/MyDrive/olx_washingmachine_dataset/images/washmachine_f4aead8dd5/5.jpg"", ""/content/drive/MyDrive/olx_washingmachine_dataset/images/washmachine_f4aead8dd5/6.jpg"", ""/content/drive/MyDrive/olx_washingmachine_dataset/images/washmachine_f4aead8dd5/7.jpg"", ""/content/drive/MyDrive/olx_washingmachine_dataset/images/washmachine_f4aead8dd5/8.jpg""]",8,2025-12-09 09:44:27.040216
washmachine_d6c5ed3f3f,https://www.olx.in/item/washing-machines-c1615-whirlpool-8-kg-semi-automatic-top-load-washing-machine-blue-in-arulpuram-tiruppur-iid-1828702461,Whirlpool 8 kg Semi Automatic Top Load Washing Machine Blue,Washing machine and dryer with semi automatic 9kg working condition 2017 model - Washing Machines,3000,"[""/content/drive/MyDrive/olx_washingmachine_dataset/images/washmachine_d6c5ed3f3f/1.jpg"", ""/content/drive/MyDrive/olx_washingmachine_dataset/images/washmachine_d6c5ed3f3f/2.jpg"", ""/content/drive/MyDrive/olx_washingmachine_dataset/images/washmachine_d6c5ed3f3f/3.jpg"", ""/content/drive/MyDrive/olx_washingmachine_dataset/images/washmachine_d6c5ed3f3f/4.jpg"", ""/content/drive/MyDrive/olx_washingmachine_dataset/images/washmachine_d6c5ed3f3f/5.jpg"", ""/content/drive/MyDrive/olx_washingmachine_dataset/images/washmachine_d6c5ed3f3f/6.jpg"", ""/content/drive/MyDrive/olx_washingmachine_dataset/images/washmachine_d6c5ed3f3f/7.jpg"", ""/content/drive/MyDrive/olx_washingmachine_dataset/images/washmachine_d6c5ed3f3f/8.jpg""]",8,2025-12-09 09:46:41.965552
washmachine_44a622ae32,https://www.olx.in/item/washing-machines-c1615-75kg-washing-machine-khetan-brand-new-with-warrenty-5year-in-peer-muchalla-zirakpur-iid-1813867980,7.5kg washing machine Khetan brand new with warrenty 5year,Brand fully automatic mashin 6.5kg 11999 7kg. 12999 7.5kg. 13499 8kg 14500 Lloyd ac 1.5 ton 3 star 25000 Lloyd 1.5 ton 5 sart 30000 Lloyd fixspid 1.5ton 25000 Lloyd 2ton 35000 Led tv 32 inch bush 7500 Samsung 32 inch 11000 Sony 32 inch 11000 Samsung 43inch 18500 One plus 43 inch 17500 Realme 43 inch 18500 50 inch realme 23000 55 inch 30000 65 inch 45000 Geyser 25ltr five star 3500 Aquafresh ro 3190 Chimney 4500 Chula 2000 - Washing Machines,7499,"[""/content/drive/MyDrive/olx_washingmachine_dataset/images/washmachine_44a622ae32/1.jpg"", ""/content/drive/MyDrive/olx_washingmachine_dataset/images/washmachine_44a622ae32/2.jpg"", ""/content/drive/MyDrive/olx_washingmachine_dataset/images/washmachine_44a622ae32/3.jpg"", ""/content/drive/MyDrive/olx_washingmachine_dataset/images/washmachine_44a622ae32/4.jpg"", ""/content/drive/MyDrive/olx_washingmachine_dataset/images/washmachine_44a622ae32/5.jpg"", ""/content/drive/MyDrive/olx_washingmachine_dataset/images/washmachine_44a622ae32/6.jpg"", ""/content/drive/MyDrive/olx_washingmachine_dataset/images/washmachine_44a622ae32/7.jpg"", ""/content/drive/MyDrive/olx_washingmachine_dataset/images/washmachine_44a622ae32/8.jpg"", ""/content/drive/MyDrive/olx_washingmachine_dataset/images/washmachine_44a622ae32/9.jpg"", ""/content/drive/MyDrive/olx_washingmachine_dataset/images/washmachine_44a622ae32/10.jpg""]",10,2025-12-09 09:48:58.594525
washmachine_b1bf0d7a77,https://www.olx.in/item/washing-machines-c1615-samsung-top-loader-washing-machine-in-loknath-nagar-gurdaspur-iid-1827668536,"Samsung top loader,, washing machine",6•5kg bubble wash minor problem repair cost 2000 rs circut All touch pannel working Motor working - Washing Machines,3800,"[""/content/drive/MyDrive/olx_washingmachine_dataset/images/washmachine_b1bf0d7a77/1.jpg"", ""/content/drive/MyDrive/olx_washingmachine_dataset/images/washmachine_b1bf0d7a77/2.jpg"", ""/content/drive/MyDrive/olx_washingmachine_dataset/images/washmachine_b1bf0d7a77/3.jpg"", ""/content/drive/MyDrive/olx_washingmachine_dataset/images/washmachine_b1bf0d7a77/4.jpg"", ""/content/drive/MyDrive/olx_washingmachine_dataset/images/washmachine_b1bf0d7a77/5.jpg"", ""/content/drive/MyDrive/olx_washingmachine_dataset/images/washmachine_b1bf0d7a77/6.jpg"", ""/content/drive/MyDrive/olx_washingmachine_dataset/images/washmachine_b1bf0d7a77/7.jpg"", ""/content/drive/MyDrive/olx_washingmachine_dataset/images/washmachine_b1bf0d7a77/8.jpg""]",8,2025-12-09 09:49:48.239200
washmachine_14d3e9790c,https://www.olx.in/item/washing-machines-c1615-samsung-washing-machine-in-angarjori-charibatia-iid-1828700685,Samsung washing machine,Washing machine 6.0kg fully automatic automatic - Washing Machines,3700,"[""/content/drive/MyDrive/olx_washingmachine_dataset/images/washmachine_14d3e9790c/1.jpg"", ""/content/drive/MyDrive/olx_washingmachine_dataset/images/washmachine_14d3e9790c/2.jpg"", ""/content/drive/MyDrive/olx_washingmachine_dataset/images/washmachine_14d3e9790c/3.jpg"", ""/content/drive/MyDrive/olx_washingmachine_dataset/images/washmachine_14d3e9790c/4.jpg"", ""/content/drive/MyDrive/olx_washingmachine_dataset/images/washmachine_14d3e9790c/5.jpg"", ""/content/drive/MyDrive/olx_washingmachine_dataset/images/washmachine_14d3e9790c/6.jpg"", ""/content/drive/MyDrive/olx_washingmachine_dataset/images/washmachine_14d3e9790c/7.jpg"", ""/content/drive/MyDrive/olx_washingmachine_dataset/images/washmachine_14d3e9790c/8.jpg""]",8,2025-12-09 09:49:55.754355
washmachine_eff36f43b6,https://www.olx.in/item/washing-machines-c1615-samsung-washing-machine-fully-automatic-top-load-with-warranty-in-oshiwara-mumbai-iid-1827594322,Samsung washing machine fully automatic top load with warranty,"Description WE ARE FROM ZCOOL INDIA. OUR SHOP CAN PROVIDE HARDLY USED APPLIANCES BEST 5 YEAR WARRANTY WITH FRIDGES/ WASHING MACHINE DELIVERY FREE AND TECHNICIAN SERVICE TO ALL MUMBAI, THANE, NAVI MUMBAI WE CAN PROVIDE APPLIANCES LIKE:- 1) FRIDGES (SINGAL DOOR, DOUBLE DOOR AND BIG SIZE DOUBLE DOOR AVAILABLE ALSO SIDE BY SIDE AVAILABLE} 2)WASHING MACHINE (FULLY AUTOMATIC SEMI AUTOMATIC} * 3)AC (SPLIT AC AND WINDOW AC} BEST PRICES OF APPLIANCES LIKE:- 1) FRIDGE: i) singal door: 6000/- TO 7500/- ii) double door :- 7500/- TO 35000/- 2) WASHING MACHINE:- i)fully automatic 6500/- TO 10000/- 3) WINDOW AC- i) 1 ton window ac 10500/- (brand:- Ig, samsung} ii) 1.5 ton window ac: 13500/- 4) SPLIT AC- i) 1 ton split ac 12500/- TO 13500/- ii) 1.5 ton split ac- 14500/- TO 18500/- JUST 2.5 YEAR USED APPLIANCE NOTE:- 1) 5 year warranty on compressor of fridge and motor of washing machine. 2) 6 months A to Z technical parts warranty 3) Delivery all Mumbai/ Thane / Navi - Washing Machines",6300,"[""/content/drive/MyDrive/olx_washingmachine_dataset/images/washmachine_eff36f43b6/1.jpg"", ""/content/drive/MyDrive/olx_washingmachine_dataset/images/washmachine_eff36f43b6/2.jpg"", ""/content/drive/MyDrive/olx_washingmachine_dataset/images/washmachine_eff36f43b6/3.jpg"", ""/content/drive/MyDrive/olx_washingmachine_dataset/images/washmachine_eff36f43b6/4.jpg"", ""/content/drive/MyDrive/olx_washingmachine_dataset/images/washmachine_eff36f43b6/5.jpg"", ""/content/drive/MyDrive/olx_washingmachine_dataset/images/washmachine_eff36f43b6/6.jpg"", ""/content/drive/MyDrive/olx_washingmachine_dataset/images/washmachine_eff36f43b6/7.jpg"", ""/content/drive/MyDrive/olx_washingmachine_dataset/images/washmachine_eff36f43b6/8.jpg"", ""/content/drive/MyDrive/olx_washingmachine_dataset/images/washmachine_eff36f43b6/9.jpg"", ""/content/drive/MyDrive/olx_washingmachine_dataset/images/washmachine_eff36f43b6/10.jpg""]",10,2025-12-09 09:51:25.156171
washmachine_d219c4336e,https://www.olx.in/item/washing-machines-c1615-semi-automatic-wirpool-washing-machine-in-dewas-madhya-pradesh-iid-1828703375,Semi automatic wirpool washing machine,Superwash 65I 6.5kg - Washing Machines,6000,"[""/content/drive/MyDrive/olx_washingmachine_dataset/images/washmachine_d219c4336e/1.jpg"", ""/content/drive/MyDrive/olx_washingmachine_dataset/images/washmachine_d219c4336e/2.jpg"", ""/content/drive/MyDrive/olx_washingmachine_dataset/images/washmachine_d219c4336e/3.jpg"", ""/content/drive/MyDrive/olx_washingmachine_dataset/images/washmachine_d219c4336e/4.jpg"", ""/content/drive/MyDrive/olx_washingmachine_dataset/images/washmachine_d219c4336e/5.jpg"", ""/content/drive/MyDrive/olx_washingmachine_dataset/images/washmachine_d219c4336e/6.jpg"", ""/content/drive/MyDrive/olx_washingmachine_dataset/images/washmachine_d219c4336e/7.jpg"", ""/content/drive/MyDrive/olx_washingmachine_dataset/images/washmachine_d219c4336e/8.jpg""]",8,2025-12-09 09:51:33.618505
washmachine_e470093e17,https://www.olx.in/item/washing-machines-c1615-automatic-washing-machine-top-load-sell-in-palam-delhi-iid-1827987168,Automatic washing machine top load sell,Sk Electronic used fridge and washing machine sell - Washing Machines,5500,"[""/content/drive/MyDrive/olx_washingmachine_dataset/images/washmachine_e470093e17/1.jpg"", ""/content/drive/MyDrive/olx_washingmachine_dataset/images/washmachine_e470093e17/2.jpg"", ""/content/drive/MyDrive/olx_washingmachine_dataset/images/washmachine_e470093e17/3.jpg"", ""/content/drive/MyDrive/olx_washingmachine_dataset/images/washmachine_e470093e17/4.jpg"", ""/content/drive/MyDrive/olx_washingmachine_dataset/images/washmachine_e470093e17/5.jpg"", ""/content/drive/MyDrive/olx_washingmachine_dataset/images/washmachine_e470093e17/6.jpg"", ""/content/drive/MyDrive/olx_washingmachine_dataset/images/washmachine_e470093e17/7.jpg"", ""/content/drive/MyDrive/olx_washingmachine_dataset/images/washmachine_e470093e17/8.jpg""]",8,2025-12-09 09:52:20.220559
washmachine_c57cec9d5e,https://www.olx.in/item/washing-machines-c1615-brand-new-washing-machine-10kg-green-star-with-warrenty-wholesale-in-hmt-pinjore-pinjore-iid-1816348681,BRAND NEW WASHING MACHINE 10KG GREEN STAR WITH WARRENTY WHOLESALE,Brand fully automatic mashin 6.5kg 11999 7kg. 12999 7.5kg. 13499 8kg 14500 KHETAN WASHING 7.5kg 7500 KHETAN WASHING 9.2kg 10999 KHETAN WASHING 10.2kg 11500 KHETAN WASHING 12kg 13999 Lloyd ac 1.5 ton 3 star 25000 Lloyd 1.5 ton 5 sart 30000 Lloyd fixspid 1.5ton 25000 Lloyd 2ton 35000 Led tv 32 inch bush 7500 Led tv 40 inch brand new 10999 Led tv 43 inch smart 12500 Led tv 43 inch android 13500 Led tv Web voice 16500 50 inch led tv 22500 50 inch web voice 25000 55 inch led tv 26000 55 inch web voice 3000 Samsung 32 inch 11000 Sony 32 inch 11000 Samsung 43inch 18500 One plus 43 inch 17500 Realme 43 inch 18500 50 inch realme 23000 55 inch 30000 65 inch 45000 Geyser 25ltr five star 3500 Aquafresh ro 3190 Chimney 4500 Chula 2000 - Washing Machines,9999,"[""/content/drive/MyDrive/olx_washingmachine_dataset/images/washmachine_c57cec9d5e/1.jpg"", ""/content/drive/MyDrive/olx_washingmachine_dataset/images/washmachine_c57cec9d5e/2.jpg"", ""/content/drive/MyDrive/olx_washingmachine_dataset/images/washmachine_c57cec9d5e/3.jpg"", ""/content/drive/MyDrive/olx_washingmachine_dataset/images/washmachine_c57cec9d5e/4.jpg"", ""/content/drive/MyDrive/olx_washingmachine_dataset/images/washmachine_c57cec9d5e/5.jpg"", ""/content/drive/MyDrive/olx_washingmachine_dataset/images/washmachine_c57cec9d5e/6.jpg"", ""/content/drive/MyDrive/olx_washingmachine_dataset/images/washmachine_c57cec9d5e/7.jpg"", ""/content/drive/MyDrive/olx_washingmachine_dataset/images/washmachine_c57cec9d5e/8.jpg""]",8,2025-12-09 09:52:25.974350
washmachine_f5006cc96c,https://www.olx.in/item/washing-machines-c1615-lg-combo-refrigerator-washing-machine-free-delivery-option-in-marathahalli-bengaluru-iid-1826555856,***LG combo refrigerator & washing machine free delivery option,"*Get - electronics* Price range 1. top load washing machine starts from [5500] 2. front load washing machine starts from [7000] 3. single door refrigerator starts from [6000] 4. Double door refrigerator starts from [7000] 5. Combo offers available both washing machine & refrigerator *DELIVERY* Hassle free same day delivery & installation in all over bangalore *INSTALLATION* we provide installation with new inlet & outlet pipes for washing machine *WARRANTY* 1. 1 year warranty on compressor & 6 months free service for refrigerator 2. 1 year warranty on motor & 6 months free service for washing machine *PAYMENT MODE* we accept card/COD/internet banking/phonepay/Gpay. *ABOUT OUR PRODUCTS* Certified every product undergo rigorous testing & are in flawless working condition. some parts may have been replaced with high quality, OEM parts in ensure full functionality. - Washing Machines",13999,"[""/content/drive/MyDrive/olx_washingmachine_dataset/images/washmachine_f5006cc96c/1.jpg"", ""/content/drive/MyDrive/olx_washingmachine_dataset/images/washmachine_f5006cc96c/2.jpg"", ""/content/drive/MyDrive/olx_washingmachine_dataset/images/washmachine_f5006cc96c/3.jpg"", ""/content/drive/MyDrive/olx_washingmachine_dataset/images/washmachine_f5006cc96c/4.jpg"", ""/content/drive/MyDrive/olx_washingmachine_dataset/images/washmachine_f5006cc96c/5.jpg"", ""/content/drive/MyDrive/olx_washingmachine_dataset/images/washmachine_f5006cc96c/6.jpg"", ""/content/drive/MyDrive/olx_washingmachine_dataset/images/washmachine_f5006cc96c/7.jpg"", ""/content/drive/MyDrive/olx_washingmachine_dataset/images/washmachine_f5006cc96c/8.jpg""]",8,2025-12-09 09:54:40.381513
washmachine_44efdcc042,https://www.olx.in/item/washing-machines-c1615-refrigerator-lg-samsungwashing-machine-whirlpool-samsung-in-kandivali-west-mumbai-iid-1826848391,Refrigerator (LG / Samsung)Washing Machine (Whirlpool / Samsung,"##WE CAN PROVIDE HOME APPLIANCES## 1. FRIDGES (single door , Double door and big size Double door available) 2. Washing machine (fully automatic) 3. AC (split ac and window ac) ##BEST PRICE OF APPLIANCES ## 1. FRIDGE:. i)Single door starting price Rs 6500/ ii)Double door starting price Rs 8500/ 2. Washing machine fully automatic starting price RS.6500/ 3. Split ac starting price Rs.12500/ 4. Window ac starting price RS.10500/ ##NOTE## i) Delivery free ii) Inlet pipe and outlet pipe free with washing machine iii)50% cash back facility ## SANVI AIRCOOL ## shop no2 shree rampal chawl near little flower high school mahakali caves road Andheri East Mumbai 400093 Detail Example Information (Fill in yours) Brand & Model: LG Double Door Refrigerator Capacity & Rating: 260 Litres, 3-Star Energy Rating Type: Frost-Free with Smart Inverter Technology Age & Condition: 12 month Old - Washing Machines",6500,"[""/content/drive/MyDrive/olx_washingmachine_dataset/images/washmachine_44efdcc042/1.jpg"", ""/content/drive/MyDrive/olx_washingmachine_dataset/images/washmachine_44efdcc042/2.jpg"", ""/content/drive/MyDrive/olx_washingmachine_dataset/images/washmachine_44efdcc042/3.jpg"", ""/content/drive/MyDrive/olx_washingmachine_dataset/images/washmachine_44efdcc042/4.jpg"", ""/content/drive/MyDrive/olx_washingmachine_dataset/images/washmachine_44efdcc042/5.jpg"", ""/content/drive/MyDrive/olx_washingmachine_dataset/images/washmachine_44efdcc042/6.jpg"", ""/content/drive/MyDrive/olx_washingmachine_dataset/images/washmachine_44efdcc042/7.jpg"", ""/content/drive/MyDrive/olx_washingmachine_dataset/images/washmachine_44efdcc042/8.jpg"", ""/content/drive/MyDrive/olx_washingmachine_dataset/images/washmachine_44efdcc042/9.jpg"", ""/content/drive/MyDrive/olx_washingmachine_dataset/images/washmachine_44efdcc042/10.jpg""]",10,2025-12-09 09:56:11.541616
washmachine_efbe02e241,https://www.olx.in/item/washing-machines-c1615-5-year-warranty-washing-machine-fridge-ac-free-delivery-less-used-in-oshiwara-mumbai-iid-1819975834,5 YEAR WARRANTY_ WASHING MACHINE FRIDGE AC _FREE DELIVERY_ LESS USED,"@@ WE ARE FROM AIR COOL CENTER . OUR SHOP CAN PROVIDE HARDLY USED APPLIANCES @@ ## BEST 5 YEAR WARRANTY WITH FRIDGES/ WASHING MACHINE AND DELIVERY FREE MUMBAI , THANE , NAVI MUMBAI ## ** WE CAN PROVIDE APPLIANCES LIKE :- ** '' 1) FRIDGES { SINGAL DOOR , DOUBLE DOOR AND BIG SIZE DOUBLE DOOR AVAILABLE ALSO SIDE BY SIDE AVAILABLE } '' '' 2)WASHING MACHINE { FULLY AUTOMATIC } '' '' 3)AC {SPLIT AC AND WINDOW AC } '' ** BEST PRICES OF APPLIANCES LIKE:- ** @ 1) FRIDGE :- i) singal door :- 6500 /- TO 7500/- ii) double door :- 8500/- TO 45000/- @ @ 2) WASHING MACHINE :- i)fully automatic :- 6500/- TO 14500/- @ @ 3) WINDOW AC :- i) 1 ton window ac :- 10500/- TO 14500/- {brand :- lg , samsung } ii) 1.5 ton window ac :- 14500/- TO 16500/- {brand :- lg , samsung} @ @ 4) SPLIT AC :- i) 1 ton split ac :- 13500/- TO 15500/- ii) 1.5 ton split ac :- 15500/- TO 18500/- @ @@ JUST 2 TO 3 YEAR USED APPLIANCE @@ *** NOTE :- *** 1) 5 year warranty on compressor of fridge and motor of washing machine. 2) Delivery free all Mumbai/ Thane / Navi Mumbai. 3) Inlet /Outlet pipes free with washing machine . 4) Also available on Rent basis :- i) Rs.500/-per month for washing machine single door fridge ii) Rs.700/-per month for double door fridge[below 280 lit fridge] iii) Rs.800/-per month for 1 ton window Ac iv) Rs.1000/- per month for 1.5 ton window Ac 6) 50% cash back facility too. $ for more details call us and same number for whatsapp information $ *Air cool centre* More details:- Contact pooja Shop no. 4 Yadav colony, Near orange tree school, Opposite trans apartment, Mahakali caves road, Andheri East, Mumbai 400093. LAND MARK :- Shri Sathya Sai Baba dharmakshetra & school Shop time:- 10 am to 10 pm All day open Fd D - Washing Machines",6499,"[""/content/drive/MyDrive/olx_washingmachine_dataset/images/washmachine_efbe02e241/1.jpg"", ""/content/drive/MyDrive/olx_washingmachine_dataset/images/washmachine_efbe02e241/2.jpg"", ""/content/drive/MyDrive/olx_washingmachine_dataset/images/washmachine_efbe02e241/3.jpg"", ""/content/drive/MyDrive/olx_washingmachine_dataset/images/washmachine_efbe02e241/4.jpg"", ""/content/drive/MyDrive/olx_washingmachine_dataset/images/washmachine_efbe02e241/5.jpg"", ""/content/drive/MyDrive/olx_washingmachine_dataset/images/washmachine_efbe02e241/6.jpg"", ""/content/drive/MyDrive/olx_washingmachine_dataset/images/washmachine_efbe02e241/7.jpg"", ""/content/drive/MyDrive/olx_washingmachine_dataset/images/washmachine_efbe02e241/8.jpg"", ""/content/drive/MyDrive/olx_washingmachine_dataset/images/washmachine_efbe02e241/9.jpg"", ""/content/drive/MyDrive/olx_washingmachine_dataset/images/washmachine_efbe02e241/10.jpg""]",10,2025-12-09 09:57:42.436315
washmachine_f3f7e26110,https://www.olx.in/item/washing-machines-c1615-bosch-top-loaded-fully-automatic-machine-7-kg-in-patrakar-colony-vadodara-iid-1828698992,Bosch Top loaded fully automatic Machine 7 kg,"Fully automatic Boasch washing Machine, In very good condition. - Washing Machines",9500,"[""/content/drive/MyDrive/olx_washingmachine_dataset/images/washmachine_f3f7e26110/1.jpg"", ""/content/drive/MyDrive/olx_washingmachine_dataset/images/washmachine_f3f7e26110/2.jpg"", ""/content/drive/MyDrive/olx_washingmachine_dataset/images/washmachine_f3f7e26110/3.jpg"", ""/content/drive/MyDrive/olx_washingmachine_dataset/images/washmachine_f3f7e26110/4.jpg"", ""/content/drive/MyDrive/olx_washingmachine_dataset/images/washmachine_f3f7e26110/5.jpg"", ""/content/drive/MyDrive/olx_washingmachine_dataset/images/washmachine_f3f7e26110/6.jpg"", ""/content/drive/MyDrive/olx_washingmachine_dataset/images/washmachine_f3f7e26110/7.jpg"", ""/content/drive/MyDrive/olx_washingmachine_dataset/images/washmachine_f3f7e26110/8.jpg""]",8,2025-12-09 09:58:28.512121
washmachine_2ccc3984d3,https://www.olx.in/item/washing-machines-c1615-cnew-lloyd-top-lod-fully-automatic-washing-machine-65kg-in-chandigarh-airport-area-chandigarh-iid-1752918310,c]New Lloyd top lod fully automatic washing machine 6.5kg,lloyad Ac 1.5ton invetar modalprice 24999 fix price Lloyad AC 1.5 ton inverter five star 27999/- Lloyad AC 1 ton 3 star invetar 23999/- Lloyad 2 ton 3 satr invetar 33000/- Lloyad fully automatic washing machine 6.5kg ..11999/- 7kg 12999/ -7.5kg 13499/ 8.kg 13999/- Lloyd Frant lod 6kg 15999/ - 7kg 18499 - 8k 20500/ 10kg 28000/- AQUAFRESH Ro = 3200/- AQUAFRESH Geyser 25ltr =3499/- - Washing Machines,11999,"[""/content/drive/MyDrive/olx_washingmachine_dataset/images/washmachine_2ccc3984d3/1.jpg"", ""/content/drive/MyDrive/olx_washingmachine_dataset/images/washmachine_2ccc3984d3/2.jpg"", ""/content/drive/MyDrive/olx_washingmachine_dataset/images/washmachine_2ccc3984d3/3.jpg"", ""/content/drive/MyDrive/olx_washingmachine_dataset/images/washmachine_2ccc3984d3/4.jpg"", ""/content/drive/MyDrive/olx_washingmachine_dataset/images/washmachine_2ccc3984d3/5.jpg"", ""/content/drive/MyDrive/olx_washingmachine_dataset/images/washmachine_2ccc3984d3/6.jpg"", ""/content/drive/MyDrive/olx_washingmachine_dataset/images/washmachine_2ccc3984d3/7.jpg"", ""/content/drive/MyDrive/olx_washingmachine_dataset/images/washmachine_2ccc3984d3/8.jpg"", ""/content/drive/MyDrive/olx_washingmachine_dataset/images/washmachine_2ccc3984d3/9.jpg"", ""/content/drive/MyDrive/olx_washingmachine_dataset/images/washmachine_2ccc3984d3/10.jpg""]",10,2025-12-09 09:58:35.725465
washmachine_2d2be26367,https://www.olx.in/item/washing-machines-c1615-5-year-warranty-washing-machine-fridge-ac-free-delivery-less-used-in-santacruz-east-mumbai-iid-1815991115,5 YEAR WARRANTY_ WASHING MACHINE FRIDGE AC_ FREE DELIVERY _LESS USED,"@@ WE ARE FROM AIR COOL CENTER . OUR SHOP CAN PROVIDE HARDLY USED APPLIANCES @@ ## BEST 5 YEAR WARRANTY WITH FRIDGES/ WASHING MACHINE AND DELIVERY FREE MUMBAI , THANE , NAVI MUMBAI ## ** WE CAN PROVIDE APPLIANCES LIKE :- ** '' 1) FRIDGES { SINGAL DOOR , DOUBLE DOOR AND BIG SIZE DOUBLE DOOR AVAILABLE ALSO SIDE BY SIDE AVAILABLE } '' '' 2)WASHING MACHINE { FULLY AUTOMATIC } '' '' 3)AC {SPLIT AC AND WINDOW AC } '' ** BEST PRICES OF APPLIANCES LIKE:- ** @ 1) FRIDGE :- i) singal door :- 6500 /- TO 7500/- ii) double door :- 8500/- TO 45000/- @ @ 2) WASHING MACHINE :- i)fully automatic :- 6500/- TO 14500/- @ @ 3) WINDOW AC :- i) 1 ton window ac :- 10500/- TO 14500/- {brand :- lg , samsung } ii) 1.5 ton window ac :- 14500/- TO 16500/- {brand :- lg , samsung} @ @ 4) SPLIT AC :- i) 1 ton split ac :- 13500/- TO 15500/- ii) 1.5 ton split ac :- 15500/- TO 18500/- @ @@ JUST 2 TO 3 YEAR USED APPLIANCE @@ *** NOTE :- *** 1) 5 year warranty on compressor of fridge and motor of washing machine. 2) Delivery free all Mumbai/ Thane / Navi Mumbai. 3) Inlet /Outlet pipes free with washing machine . 4) Also available on Rent basis :- i) Rs.500/-per month for washing machine single door fridge ii) Rs.700/-per month for double door fridge[below 280 lit fridge] iii) Rs.800/-per month for 1 ton window Ac iv) Rs.1000/- per month for 1.5 ton window Ac 6) 50% cash back facility too. $ for more details call us and same number for whatsapp information $ *Air cool centre* More details:- Contact pooja Shop no. 4 Yadav colony, Near orange tree school, Opposite trans apartment, Mahakali caves road, Andheri East, Mumbai 400093. LAND MARK :- Shri Sathya Sai Baba dharmakshetra & school Shop time:- 10 am to 10 pm All day open R R E R Y Y - Washing Machines",6500,"[""/content/drive/MyDrive/olx_washingmachine_dataset/images/washmachine_2d2be26367/1.jpg"", ""/content/drive/MyDrive/olx_washingmachine_dataset/images/washmachine_2d2be26367/2.jpg"", ""/content/drive/MyDrive/olx_washingmachine_dataset/images/washmachine_2d2be26367/3.jpg"", ""/content/drive/MyDrive/olx_washingmachine_dataset/images/washmachine_2d2be26367/4.jpg"", ""/content/drive/MyDrive/olx_washingmachine_dataset/images/washmachine_2d2be26367/5.jpg"", ""/content/drive/MyDrive/olx_washingmachine_dataset/images/washmachine_2d2be26367/6.jpg"", ""/content/drive/MyDrive/olx_washingmachine_dataset/images/washmachine_2d2be26367/7.jpg"", ""/content/drive/MyDrive/olx_washingmachine_dataset/images/washmachine_2d2be26367/8.jpg"", ""/content/drive/MyDrive/olx_washingmachine_dataset/images/washmachine_2d2be26367/9.jpg"", ""/content/drive/MyDrive/olx_washingmachine_dataset/images/washmachine_2d2be26367/10.jpg""]",10,2025-12-09 10:01:39.410370
washmachine_dc3daac39a,https://www.olx.in/item/washing-machines-c1615-onida-washing-machine-in-azad-nagar-amritsar-iid-1828700009,Onida washing machine,Good condition washing machine 6.2 kg Spinner not worked - Washing Machines,3000,"[""/content/drive/MyDrive/olx_washingmachine_dataset/images/washmachine_dc3daac39a/1.jpg"", ""/content/drive/MyDrive/olx_washingmachine_dataset/images/washmachine_dc3daac39a/2.jpg"", ""/content/drive/MyDrive/olx_washingmachine_dataset/images/washmachine_dc3daac39a/3.jpg"", ""/content/drive/MyDrive/olx_washingmachine_dataset/images/washmachine_dc3daac39a/4.jpg"", ""/content/drive/MyDrive/olx_washingmachine_dataset/images/washmachine_dc3daac39a/5.jpg"", ""/content/drive/MyDrive/olx_washingmachine_dataset/images/washmachine_dc3daac39a/6.jpg"", ""/content/drive/MyDrive/olx_washingmachine_dataset/images/washmachine_dc3daac39a/7.jpg"", ""/content/drive/MyDrive/olx_washingmachine_dataset/images/washmachine_dc3daac39a/8.jpg""]",8,2025-12-09 10:03:08.589319
washmachine_b6a4340d54,https://www.olx.in/item/washing-machines-c1615-godrej-top-load-fully-automatic-washing-machine-75kg-in-meera-bagh-delhi-iid-1828345971,Godrej top load fully automatic washing machine 7.5kg.,"Brand new condition, best for 4-5 person family.if you are interested send your number - Washing Machines",11999,"[""/content/drive/MyDrive/olx_washingmachine_dataset/images/washmachine_b6a4340d54/1.jpg"", ""/content/drive/MyDrive/olx_washingmachine_dataset/images/washmachine_b6a4340d54/2.jpg"", ""/content/drive/MyDrive/olx_washingmachine_dataset/images/washmachine_b6a4340d54/3.jpg"", ""/content/drive/MyDrive/olx_washingmachine_dataset/images/washmachine_b6a4340d54/4.jpg"", ""/content/drive/MyDrive/olx_washingmachine_dataset/images/washmachine_b6a4340d54/5.jpg"", ""/content/drive/MyDrive/olx_washingmachine_dataset/images/washmachine_b6a4340d54/6.jpg"", ""/content/drive/MyDrive/olx_washingmachine_dataset/images/washmachine_b6a4340d54/7.jpg"", ""/content/drive/MyDrive/olx_washingmachine_dataset/images/washmachine_b6a4340d54/8.jpg""]",8,2025-12-09 10:04:36.831883
washmachine_99e36f14f4,https://www.olx.in/item/washing-machines-c1615-worlpool-wasuing-machin-in-hari-enclave-delhi-iid-1828698246,Worlpool wasuing machin,We cant use this - Washing Machines,8000,"[""/content/drive/MyDrive/olx_washingmachine_dataset/images/washmachine_99e36f14f4/1.jpg"", ""/content/drive/MyDrive/olx_washingmachine_dataset/images/washmachine_99e36f14f4/2.jpg"", ""/content/drive/MyDrive/olx_washingmachine_dataset/images/washmachine_99e36f14f4/3.jpg"", ""/content/drive/MyDrive/olx_washingmachine_dataset/images/washmachine_99e36f14f4/4.jpg"", ""/content/drive/MyDrive/olx_washingmachine_dataset/images/washmachine_99e36f14f4/5.jpg"", ""/content/drive/MyDrive/olx_washingmachine_dataset/images/washmachine_99e36f14f4/6.jpg"", ""/content/drive/MyDrive/olx_washingmachine_dataset/images/washmachine_99e36f14f4/7.jpg"", ""/content/drive/MyDrive/olx_washingmachine_dataset/images/washmachine_99e36f14f4/8.jpg"", ""/content/drive/MyDrive/olx_washingmachine_dataset/images/washmachine_99e36f14f4/9.jpg"", ""/content/drive/MyDrive/olx_washingmachine_dataset/images/washmachine_99e36f14f4/10.jpg"", ""/content/drive/MyDrive/olx_washingmachine_dataset/images/washmachine_99e36f14f4/11.jpg"", ""/content/drive/MyDrive/olx_washingmachine_dataset/images/washmachine_99e36f14f4/12.jpg"", ""/content/drive/MyDrive/olx_washingmachine_dataset/images/washmachine_99e36f14f4/13.jpg"", ""/content/drive/MyDrive/olx_washingmachine_dataset/images/washmachine_99e36f14f4/14.jpg""]",14,2025-12-09 10:04:46.371569
washmachine_74423ae890,https://www.olx.in/item/washing-machines-c1615-brand-new-lg-semi-automatic-62-kg-washing-machine-8k-in-bozaltoli-bongali-gaon-tinsukia-iid-1828700193,Brand New LG Semi Automatic 6.2 Kg Washing Machine @ 8k,"Brand New With Box. Unused LG Semi automatic machine for sale at 8,000.00 Capacity 6.2 kg. White & Blue Colour. - Washing Machines",8000,"[""/content/drive/MyDrive/olx_washingmachine_dataset/images/washmachine_74423ae890/1.jpg"", ""/content/drive/MyDrive/olx_washingmachine_dataset/images/washmachine_74423ae890/2.jpg"", ""/content/drive/MyDrive/olx_washingmachine_dataset/images/washmachine_74423ae890/3.jpg"", ""/content/drive/MyDrive/olx_washingmachine_dataset/images/washmachine_74423ae890/4.jpg"", ""/content/drive/MyDrive/olx_washingmachine_dataset/images/washmachine_74423ae890/5.jpg"", ""/content/drive/MyDrive/olx_washingmachine_dataset/images/washmachine_74423ae890/6.jpg"", ""/content/drive/MyDrive/olx_washingmachine_dataset/images/washmachine_74423ae890/7.jpg"", ""/content/drive/MyDrive/olx_washingmachine_dataset/images/washmachine_74423ae890/8.jpg""]",8,2025-12-09 10:04:53.276907
washmachine_3ca516047d,https://www.olx.in/item/washing-machines-c1615-whirlpool-single-door-refrigerator-best-cooling-in-excellent-condition-in-rt-nagar-bengaluru-iid-1828699552,Whirlpool single door refrigerator best cooling in excellent condition,"> Visit our website for more options: www .yourchoiz. in Flat ₹500 OFF + Cash on Delivery Use code: NAMMAYOURCHOIZ at www .yourchoiz. in Refurbished Appliances at Best Price – Quality You Can Trust! Looking for affordable home appliances without compromising on quality? Our refurbished refrigerators and washing machines are carefully inspected, fully tested, and restored to perfect working condition by experts. Why Choose Us? Fully tested and repaired if needed Professionally cleaned and sanitized Minor cosmetic marks possible, but 100% functional Environment-friendly and budget-friendly Available Products: Single Door Refrigerator – Starting at just ₹4,999 Double Door Refrigerator – Starting at ₹6,999 Top Load Washing Machine – Starting at ₹4,999 Front Load Washing Machine – Starting at ₹6,999 Warranty: 1 Year Warranty on Motor and Compressor Free delivery available in Bangalore Visit us today and give your home a smart upgrade at a smart price! - Washing Machines",7499,"[""/content/drive/MyDrive/olx_washingmachine_dataset/images/washmachine_3ca516047d/1.jpg"", ""/content/drive/MyDrive/olx_washingmachine_dataset/images/washmachine_3ca516047d/2.jpg"", ""/content/drive/MyDrive/olx_washingmachine_dataset/images/washmachine_3ca516047d/3.jpg"", ""/content/drive/MyDrive/olx_washingmachine_dataset/images/washmachine_3ca516047d/4.jpg"", ""/content/drive/MyDrive/olx_washingmachine_dataset/images/washmachine_3ca516047d/5.jpg"", ""/content/drive/MyDrive/olx_washingmachine_dataset/images/washmachine_3ca516047d/6.jpg"", ""/content/drive/MyDrive/olx_washingmachine_dataset/images/washmachine_3ca516047d/7.jpg"", ""/content/drive/MyDrive/olx_washingmachine_dataset/images/washmachine_3ca516047d/8.jpg""]",8,2025-12-09 10:05:00.127183
washmachine_2d87c9eb26,https://www.olx.in/item/washing-machines-c1615-haier-fully-automatic-in-jatkheri-bhopal-iid-1828699180,Haier fully automatic,"Machine 5 saal purani hai, koi damage nhi hai, fully automatic hai, working hai bas dryer kam nhi kar raha hai repair ho skti h, mene dusri leli hai islye sale kar raha h. - Washing Machines",6000,"[""/content/drive/MyDrive/olx_washingmachine_dataset/images/washmachine_2d87c9eb26/1.jpg"", ""/content/drive/MyDrive/olx_washingmachine_dataset/images/washmachine_2d87c9eb26/2.jpg"", ""/content/drive/MyDrive/olx_washingmachine_dataset/images/washmachine_2d87c9eb26/3.jpg"", ""/content/drive/MyDrive/olx_washingmachine_dataset/images/washmachine_2d87c9eb26/4.jpg"", ""/content/drive/MyDrive/olx_washingmachine_dataset/images/washmachine_2d87c9eb26/5.jpg"", ""/content/drive/MyDrive/olx_washingmachine_dataset/images/washmachine_2d87c9eb26/6.jpg"", ""/content/drive/MyDrive/olx_washingmachine_dataset/images/washmachine_2d87c9eb26/7.jpg"", ""/content/drive/MyDrive/olx_washingmachine_dataset/images/washmachine_2d87c9eb26/8.jpg"", ""/content/drive/MyDrive/olx_washingmachine_dataset/images/washmachine_2d87c9eb26/9.jpg"", ""/content/drive/MyDrive/olx_washingmachine_dataset/images/washmachine_2d87c9eb26/10.jpg"", ""/content/drive/MyDrive/olx_washingmachine_dataset/images/washmachine_2d87c9eb26/11.jpg"", ""/content/drive/MyDrive/olx_washingmachine_dataset/images/washmachine_2d87c9eb26/12.jpg"", ""/content/drive/MyDrive/olx_washingmachine_dataset/images/washmachine_2d87c9eb26/13.jpg"", ""/content/drive/MyDrive/olx_washingmachine_dataset/images/washmachine_2d87c9eb26/14.jpg""]",14,2025-12-09 10:07:15.961502
washmachine_5e6fa0b154,https://www.olx.in/item/washing-machines-c1615-samsung-top-load-washing-machine-refurbished-best-condition-in-sanjay-nagar-bengaluru-iid-1828699026,Samsung top load washing machine refurbished best condition,"> Visit our website for more options: www .yourchoiz. in Flat ₹500 OFF + Cash on Delivery Use code: NAMMAYOURCHOIZ at www .yourchoiz. in Refurbished Appliances at Best Price – Quality You Can Trust! Looking for affordable home appliances without compromising on quality? Our refurbished refrigerators and washing machines are carefully inspected, fully tested, and restored to perfect working condition by experts. Why Choose Us? Fully tested and repaired if needed Professionally cleaned and sanitized Minor cosmetic marks possible, but 100% functional Environment-friendly and budget-friendly Available Products: Single Door Refrigerator – Starting at just ₹4,999 Double Door Refrigerator – Starting at ₹6,999 Top Load Washing Machine – Starting at ₹4,999 Front Load Washing Machine – Starting at ₹6,999 Warranty: 1 Year Warranty on Motor and Compressor Free delivery available in Bangalore Visit us today and give your home a smart upgrade at a smart price! - Washing Machines",7499,"[""/content/drive/MyDrive/olx_washingmachine_dataset/images/washmachine_5e6fa0b154/1.jpg"", ""/content/drive/MyDrive/olx_washingmachine_dataset/images/washmachine_5e6fa0b154/2.jpg"", ""/content/drive/MyDrive/olx_washingmachine_dataset/images/washmachine_5e6fa0b154/3.jpg"", ""/content/drive/MyDrive/olx_washingmachine_dataset/images/washmachine_5e6fa0b154/4.jpg"", ""/content/drive/MyDrive/olx_washingmachine_dataset/images/washmachine_5e6fa0b154/5.jpg"", ""/content/drive/MyDrive/olx_washingmachine_dataset/images/washmachine_5e6fa0b154/6.jpg"", ""/content/drive/MyDrive/olx_washingmachine_dataset/images/washmachine_5e6fa0b154/7.jpg"", ""/content/drive/MyDrive/olx_washingmachine_dataset/images/washmachine_5e6fa0b154/8.jpg""]",8,2025-12-09 10:08:04.175926
washmachine_1df2222566,https://www.olx.in/item/washing-machines-c1615-whirlpool-top-load-washing-machine-refurbished-best-good-condition-in-mathikere-bengaluru-iid-1828699347,Whirlpool Top Load Washing Machine refurbished best good condition,"> Visit our website for more options: www .yourchoiz. in Flat ₹500 OFF + Cash on Delivery Use code: NAMMAYOURCHOIZ at www .yourchoiz. in Refurbished Appliances at Best Price – Quality You Can Trust! Looking for affordable home appliances without compromising on quality? Our refurbished refrigerators and washing machines are carefully inspected, fully tested, and restored to perfect working condition by experts. Why Choose Us? Fully tested and repaired if needed Professionally cleaned and sanitized Minor cosmetic marks possible, but 100% functional Environment-friendly and budget-friendly Available Products: Single Door Refrigerator – Starting at just ₹4,999 Double Door Refrigerator – Starting at ₹6,999 Top Load Washing Machine – Starting at ₹4,999 Front Load Washing Machine – Starting at ₹6,999 Warranty: 1 Year Warranty on Motor and Compressor Free delivery available in Bangalore Visit us today and give your home a smart upgrade at a smart price! - Washing Machines",7499,"[""/content/drive/MyDrive/olx_washingmachine_dataset/images/washmachine_1df2222566/1.jpg"", ""/content/drive/MyDrive/olx_washingmachine_dataset/images/washmachine_1df2222566/2.jpg"", ""/content/drive/MyDrive/olx_washingmachine_dataset/images/washmachine_1df2222566/3.jpg"", ""/content/drive/MyDrive/olx_washingmachine_dataset/images/washmachine_1df2222566/4.jpg"", ""/content/drive/MyDrive/olx_washingmachine_dataset/images/washmachine_1df2222566/5.jpg"", ""/content/drive/MyDrive/olx_washingmachine_dataset/images/washmachine_1df2222566/6.jpg"", ""/content/drive/MyDrive/olx_washingmachine_dataset/images/washmachine_1df2222566/7.jpg"", ""/content/drive/MyDrive/olx_washingmachine_dataset/images/washmachine_1df2222566/8.jpg""]",8,2025-12-09 10:14:01.924995
washmachine_4b38d12d9e,https://www.olx.in/item/washing-machines-c1615-godrej-machine-in-atmadpur-village-faridabad-iid-1828699487,Godrej machine,"Condition is all good, features are also all good, reason for selling mahine is it was extra in our house. - Washing Machines",15000,"[""/content/drive/MyDrive/olx_washingmachine_dataset/images/washmachine_4b38d12d9e/1.jpg"", ""/content/drive/MyDrive/olx_washingmachine_dataset/images/washmachine_4b38d12d9e/2.jpg"", ""/content/drive/MyDrive/olx_washingmachine_dataset/images/washmachine_4b38d12d9e/3.jpg"", ""/content/drive/MyDrive/olx_washingmachine_dataset/images/washmachine_4b38d12d9e/4.jpg"", ""/content/drive/MyDrive/olx_washingmachine_dataset/images/washmachine_4b38d12d9e/5.jpg"", ""/content/drive/MyDrive/olx_washingmachine_dataset/images/washmachine_4b38d12d9e/6.jpg"", ""/content/drive/MyDrive/olx_washingmachine_dataset/images/washmachine_4b38d12d9e/7.jpg"", ""/content/drive/MyDrive/olx_washingmachine_dataset/images/washmachine_4b38d12d9e/8.jpg""]",8,2025-12-09 10:14:08.827037
washmachine_02f7c08db9,https://www.olx.in/item/washing-machines-c1615-washing-machine-6-months-full-warranty-and-1year-motor-in-umarpur-tilhar-iid-1828697574,Washing machine 6 months full warranty and 1year motor,Washing machine 6 months full warranty and 1year motor - Washing Machines,7000,"[""/content/drive/MyDrive/olx_washingmachine_dataset/images/washmachine_02f7c08db9/1.jpg"", ""/content/drive/MyDrive/olx_washingmachine_dataset/images/washmachine_02f7c08db9/2.jpg"", ""/content/drive/MyDrive/olx_washingmachine_dataset/images/washmachine_02f7c08db9/3.jpg"", ""/content/drive/MyDrive/olx_washingmachine_dataset/images/washmachine_02f7c08db9/4.jpg"", ""/content/drive/MyDrive/olx_washingmachine_dataset/images/washmachine_02f7c08db9/5.jpg"", ""/content/drive/MyDrive/olx_washingmachine_dataset/images/washmachine_02f7c08db9/6.jpg"", ""/content/drive/MyDrive/olx_washingmachine_dataset/images/washmachine_02f7c08db9/7.jpg"", ""/content/drive/MyDrive/olx_washingmachine_dataset/images/washmachine_02f7c08db9/8.jpg""]",8,2025-12-09 10:15:39.463582
washmachine_9cc73c2da7,https://www.olx.in/item/washing-machines-c1615-semi-automatic-washing-machine-8kg-intex-in-choolaimedu-tiruvenkatapuram-chennai-iid-1828698521,Semi automatic washing machine 8kg intex,Washing machine is of 8kg load . It is comfortable for 5 to 6 members for daily wash. - Washing Machines,8000,"[""/content/drive/MyDrive/olx_washingmachine_dataset/images/washmachine_9cc73c2da7/1.jpg"", ""/content/drive/MyDrive/olx_washingmachine_dataset/images/washmachine_9cc73c2da7/2.jpg"", ""/content/drive/MyDrive/olx_washingmachine_dataset/images/washmachine_9cc73c2da7/3.jpg"", ""/content/drive/MyDrive/olx_washingmachine_dataset/images/washmachine_9cc73c2da7/4.jpg"", ""/content/drive/MyDrive/olx_washingmachine_dataset/images/washmachine_9cc73c2da7/5.jpg"", ""/content/drive/MyDrive/olx_washingmachine_dataset/images/washmachine_9cc73c2da7/6.jpg"", ""/content/drive/MyDrive/olx_washingmachine_dataset/images/washmachine_9cc73c2da7/7.jpg"", ""/content/drive/MyDrive/olx_washingmachine_dataset/images/washmachine_9cc73c2da7/8.jpg""]",8,2025-12-09 10:15:46.650072
washmachine_1138ed79f3,https://www.olx.in/item/washing-machines-c1615-vediocon-washing-machine-in-good-condition-in-janakpuri-bareilly-iid-1828700073,Vediocon Washing Machine in good condition,Vediocon Washing Machine semi automatic in good condition for sell only interest one can reach me out 812. First 3 no above mention 6491 and last 3 in the last 005. Combine the no and call me - Washing Machines,5500,"[""/content/drive/MyDrive/olx_washingmachine_dataset/images/washmachine_1138ed79f3/1.jpg"", ""/content/drive/MyDrive/olx_washingmachine_dataset/images/washmachine_1138ed79f3/2.jpg"", ""/content/drive/MyDrive/olx_washingmachine_dataset/images/washmachine_1138ed79f3/3.jpg"", ""/content/drive/MyDrive/olx_washingmachine_dataset/images/washmachine_1138ed79f3/4.jpg"", ""/content/drive/MyDrive/olx_washingmachine_dataset/images/washmachine_1138ed79f3/5.jpg"", ""/content/drive/MyDrive/olx_washingmachine_dataset/images/washmachine_1138ed79f3/6.jpg"", ""/content/drive/MyDrive/olx_washingmachine_dataset/images/washmachine_1138ed79f3/7.jpg"", ""/content/drive/MyDrive/olx_washingmachine_dataset/images/washmachine_1138ed79f3/8.jpg""]",8,2025-12-09 10:16:35.747397
washmachine_a067bf706e,https://www.olx.in/item/washing-machines-c1615-voltas-brand-new-5year-warrenty-washing-mashin-with-bil-new-in-sector-12-panchkula-iid-1823043998,Voltas brand new 5year warrenty washing mashin with bil new,Voltas brand new 5year warrenty washing mashin with bil Lg 1 ton 3star ac 24000 Lg 1.5ton 3 star ac 26000 Lg 1.5 ton 5star 30000 Lg 2 ton 3star 33000 Brand fully automatic mashin 6.5kg 11999 7kg. 12999 7.5kg. 13499 8kg 14500 KHETAN WASHING 7.5kg 7500 KHETAN WASHING 9.2kg 10999 KHETAN WASHING 10.2kg 11500 KHETAN WASHING 12kg 13999 Lloyd ac 1.5 ton 3 star 25000 Lloyd 1.5 ton 5 sart 30000 Lloyd fixspid 1.5ton 25000 Lloyd 2ton 35000 Led tv 32 inch bush 7500 Led tv 40 inch brand new 10999 Led tv 43 inch smart 12500 Led tv 43 inch android 13500 Led tv Web voice 16500 50 inch led tv 22500 50 inch web voice 25000 55 inch led tv 26000 55 inch web voice 3000 Samsung 32 inch 11000 Sony 32 inch 11000 Samsung 43inch 18500 One plus 43 inch 17500 Realme 43 inch 18500 50 inch realme 23000 55 inch 30000 65 inch 45000 Geyser 25ltr five star 3500 Aquafresh ro 3190 Chimney 4500 Chula 2000 - Washing Machines,7999,"[""/content/drive/MyDrive/olx_washingmachine_dataset/images/washmachine_a067bf706e/1.jpg"", ""/content/drive/MyDrive/olx_washingmachine_dataset/images/washmachine_a067bf706e/2.jpg"", ""/content/drive/MyDrive/olx_washingmachine_dataset/images/washmachine_a067bf706e/3.jpg"", ""/content/drive/MyDrive/olx_washingmachine_dataset/images/washmachine_a067bf706e/4.jpg"", ""/content/drive/MyDrive/olx_washingmachine_dataset/images/washmachine_a067bf706e/5.jpg"", ""/content/drive/MyDrive/olx_washingmachine_dataset/images/washmachine_a067bf706e/6.jpg"", ""/content/drive/MyDrive/olx_washingmachine_dataset/images/washmachine_a067bf706e/7.jpg"", ""/content/drive/MyDrive/olx_washingmachine_dataset/images/washmachine_a067bf706e/8.jpg"", ""/content/drive/MyDrive/olx_washingmachine_dataset/images/washmachine_a067bf706e/9.jpg"", ""/content/drive/MyDrive/olx_washingmachine_dataset/images/washmachine_a067bf706e/10.jpg""]",10,2025-12-09 10:16:48.902986
washmachine_ab8af354f1,https://www.olx.in/item/washing-machines-c1615-onida-6kg-washing-machine-in-indira-nagr-hosur-iid-1828161104,Onida 6kg washing machine,Out look good but need to repair 1600 final - Washing Machines,2500,"[""/content/drive/MyDrive/olx_washingmachine_dataset/images/washmachine_ab8af354f1/1.jpg"", ""/content/drive/MyDrive/olx_washingmachine_dataset/images/washmachine_ab8af354f1/2.jpg"", ""/content/drive/MyDrive/olx_washingmachine_dataset/images/washmachine_ab8af354f1/3.jpg"", ""/content/drive/MyDrive/olx_washingmachine_dataset/images/washmachine_ab8af354f1/4.jpg"", ""/content/drive/MyDrive/olx_washingmachine_dataset/images/washmachine_ab8af354f1/5.jpg"", ""/content/drive/MyDrive/olx_washingmachine_dataset/images/washmachine_ab8af354f1/6.jpg"", ""/content/drive/MyDrive/olx_washingmachine_dataset/images/washmachine_ab8af354f1/7.jpg"", ""/content/drive/MyDrive/olx_washingmachine_dataset/images/washmachine_ab8af354f1/8.jpg""]",8,2025-12-09 10:16:53.841957
washmachine_09f95e7aa5,https://www.olx.in/item/washing-machines-c1615-washing-machine-sale-urgent-in-thakurpatana-byasanagar-iid-1827703813,Washing machine sale urgent,"This is samsung automatic toplodad fully new machine Sumsung, 6.5kg, 2020 year . Free washing machine cover & stand. Note :-(Only serious buyer message & contact me, not time pass person) - Washing Machines",10000,"[""/content/drive/MyDrive/olx_washingmachine_dataset/images/washmachine_09f95e7aa5/1.jpg"", ""/content/drive/MyDrive/olx_washingmachine_dataset/images/washmachine_09f95e7aa5/2.jpg"", ""/content/drive/MyDrive/olx_washingmachine_dataset/images/washmachine_09f95e7aa5/3.jpg"", ""/content/drive/MyDrive/olx_washingmachine_dataset/images/washmachine_09f95e7aa5/4.jpg"", ""/content/drive/MyDrive/olx_washingmachine_dataset/images/washmachine_09f95e7aa5/5.jpg"", ""/content/drive/MyDrive/olx_washingmachine_dataset/images/washmachine_09f95e7aa5/6.jpg"", ""/content/drive/MyDrive/olx_washingmachine_dataset/images/washmachine_09f95e7aa5/7.jpg"", ""/content/drive/MyDrive/olx_washingmachine_dataset/images/washmachine_09f95e7aa5/8.jpg"", ""/content/drive/MyDrive/olx_washingmachine_dataset/images/washmachine_09f95e7aa5/9.jpg"", ""/content/drive/MyDrive/olx_washingmachine_dataset/images/washmachine_09f95e7aa5/10.jpg"", ""/content/drive/MyDrive/olx_washingmachine_dataset/images/washmachine_09f95e7aa5/11.jpg"", ""/content/drive/MyDrive/olx_washingmachine_dataset/images/washmachine_09f95e7aa5/12.jpg"", ""/content/drive/MyDrive/olx_washingmachine_dataset/images/washmachine_09f95e7aa5/13.jpg"", ""/content/drive/MyDrive/olx_washingmachine_dataset/images/washmachine_09f95e7aa5/14.jpg""]",14,2025-12-09 10:20:40.201713
washmachine_bdb2d92b2e,https://www.olx.in/item/washing-machines-c1615-rent-on-rent-in-aundh-pune-iid-1826498408,Rent on rent,Fridge and washing machine combo 900 Deposit 2500 Only fridge and washing machine 500 Deposit 1500 Free installation Free transportation one side Free maintenance 6 months locking period - Washing Machines,450,"[""/content/drive/MyDrive/olx_washingmachine_dataset/images/washmachine_bdb2d92b2e/1.jpg"", ""/content/drive/MyDrive/olx_washingmachine_dataset/images/washmachine_bdb2d92b2e/2.jpg"", ""/content/drive/MyDrive/olx_washingmachine_dataset/images/washmachine_bdb2d92b2e/3.jpg"", ""/content/drive/MyDrive/olx_washingmachine_dataset/images/washmachine_bdb2d92b2e/4.jpg"", ""/content/drive/MyDrive/olx_washingmachine_dataset/images/washmachine_bdb2d92b2e/5.jpg"", ""/content/drive/MyDrive/olx_washingmachine_dataset/images/washmachine_bdb2d92b2e/6.jpg"", ""/content/drive/MyDrive/olx_washingmachine_dataset/images/washmachine_bdb2d92b2e/7.jpg"", ""/content/drive/MyDrive/olx_washingmachine_dataset/images/washmachine_bdb2d92b2e/8.jpg""]",8,2025-12-09 10:21:29.256723
washmachine_68cfd84ba2,https://www.olx.in/item/washing-machines-c1615-whirlpool-top-load-washing-machine-7kg-latest-model-in-pg-halli-bengaluru-iid-1828699169,Whirlpool Top Load Washing Machine 7kg latest model,"> Visit our website for more options: www .yourchoiz. in Flat ₹500 OFF + Cash on Delivery Use code: NAMMAYOURCHOIZ at www .yourchoiz. in Refurbished Appliances at Best Price – Quality You Can Trust! Looking for affordable home appliances without compromising on quality? Our refurbished refrigerators and washing machines are carefully inspected, fully tested, and restored to perfect working condition by experts. Why Choose Us? Fully tested and repaired if needed Professionally cleaned and sanitized Minor cosmetic marks possible, but 100% functional Environment-friendly and budget-friendly Available Products: Single Door Refrigerator – Starting at just ₹4,999 Double Door Refrigerator – Starting at ₹6,999 Top Load Washing Machine – Starting at ₹4,999 Front Load Washing Machine – Starting at ₹6,999 Warranty: 1 Year Warranty on Motor and Compressor Free delivery available in Bangalore Visit us today and give your home a smart upgrade at a smart price! - Washing Machines",500,"[""/content/drive/MyDrive/olx_washingmachine_dataset/images/washmachine_68cfd84ba2/1.jpg"", ""/content/drive/MyDrive/olx_washingmachine_dataset/images/washmachine_68cfd84ba2/2.jpg"", ""/content/drive/MyDrive/olx_washingmachine_dataset/images/washmachine_68cfd84ba2/3.jpg"", ""/content/drive/MyDrive/olx_washingmachine_dataset/images/washmachine_68cfd84ba2/4.jpg"", ""/content/drive/MyDrive/olx_washingmachine_dataset/images/washmachine_68cfd84ba2/5.jpg"", ""/content/drive/MyDrive/olx_washingmachine_dataset/images/washmachine_68cfd84ba2/6.jpg"", ""/content/drive/MyDrive/olx_washingmachine_dataset/images/washmachine_68cfd84ba2/7.jpg"", ""/content/drive/MyDrive/olx_washingmachine_dataset/images/washmachine_68cfd84ba2/8.jpg"", ""/content/drive/MyDrive/olx_washingmachine_dataset/images/washmachine_68cfd84ba2/9.jpg"", ""/content/drive/MyDrive/olx_washingmachine_dataset/images/washmachine_68cfd84ba2/10.jpg"", ""/content/drive/MyDrive/olx_washingmachine_dataset/images/washmachine_68cfd84ba2/11.jpg"", ""/content/drive/MyDrive/olx_washingmachine_dataset/images/washmachine_68cfd84ba2/12.jpg"", ""/content/drive/MyDrive/olx_washingmachine_dataset/images/washmachine_68cfd84ba2/13.jpg"", ""/content/drive/MyDrive/olx_washingmachine_dataset/images/washmachine_68cfd84ba2/14.jpg""]",14,2025-12-09 10:22:21.081385
washmachine_4ad84db6c5,https://www.olx.in/item/washing-machines-c1615-brand-new-washing-machine-10kg-green-star-with-warrenty-wholesale-in-sector-16-panchkula-iid-1816348613,BRAND NEW WASHING MACHINE 10KG GREEN STAR WITH WARRENTY WHOLESALE,Brand fully automatic mashin 6.5kg 11999 7kg. 12999 7.5kg. 13499 8kg 14500 KHETAN WASHING 7.5kg 7500 KHETAN WASHING 9.2kg 10999 KHETAN WASHING 10.2kg 11500 KHETAN WASHING 12kg 13999 Lloyd ac 1.5 ton 3 star 25000 Lloyd 1.5 ton 5 sart 30000 Lloyd fixspid 1.5ton 25000 Lloyd 2ton 35000 Led tv 32 inch bush 7500 Led tv 40 inch brand new 10999 Led tv 43 inch smart 12500 Led tv 43 inch android 13500 Led tv Web voice 16500 50 inch led tv 22500 50 inch web voice 25000 55 inch led tv 26000 55 inch web voice 3000 Samsung 32 inch 11000 Sony 32 inch 11000 Samsung 43inch 18500 One plus 43 inch 17500 Realme 43 inch 18500 50 inch realme 23000 55 inch 30000 65 inch 45000 Geyser 25ltr five star 3500 Aquafresh ro 3190 Chimney 4500 Chula 2000 - Washing Machines,9999,"[""/content/drive/MyDrive/olx_washingmachine_dataset/images/washmachine_4ad84db6c5/1.jpg"", ""/content/drive/MyDrive/olx_washingmachine_dataset/images/washmachine_4ad84db6c5/2.jpg"", ""/content/drive/MyDrive/olx_washingmachine_dataset/images/washmachine_4ad84db6c5/3.jpg"", ""/content/drive/MyDrive/olx_washingmachine_dataset/images/washmachine_4ad84db6c5/4.jpg"", ""/content/drive/MyDrive/olx_washingmachine_dataset/images/washmachine_4ad84db6c5/5.jpg"", ""/content/drive/MyDrive/olx_washingmachine_dataset/images/washmachine_4ad84db6c5/6.jpg"", ""/content/drive/MyDrive/olx_washingmachine_dataset/images/washmachine_4ad84db6c5/7.jpg"", ""/content/drive/MyDrive/olx_washingmachine_dataset/images/washmachine_4ad84db6c5/8.jpg"", ""/content/drive/MyDrive/olx_washingmachine_dataset/images/washmachine_4ad84db6c5/9.jpg"", ""/content/drive/MyDrive/olx_washingmachine_dataset/images/washmachine_4ad84db6c5/10.jpg"", ""/content/drive/MyDrive/olx_washingmachine_dataset/images/washmachine_4ad84db6c5/11.jpg"", ""/content/drive/MyDrive/olx_washingmachine_dataset/images/washmachine_4ad84db6c5/12.jpg"", ""/content/drive/MyDrive/olx_washingmachine_dataset/images/washmachine_4ad84db6c5/13.jpg"", ""/content/drive/MyDrive/olx_washingmachine_dataset/images/washmachine_4ad84db6c5/14.jpg"", ""/content/drive/MyDrive/olx_washingmachine_dataset/images/washmachine_4ad84db6c5/15.jpg"", ""/content/drive/MyDrive/olx_washingmachine_dataset/images/washmachine_4ad84db6c5/16.jpg""]",16,2025-12-09 10:23:55.001930
washmachine_587215cd1d,https://www.olx.in/item/washing-machines-c1615-used-fridges-and-washing-machine-available-at-electroneeds-in-kasavanahalli-bengaluru-iid-1828700229,Used fridges and washing machine available at electroneeds,"Branch Locations : 27th Main Road, HSR Layout – Sector 2 RT Nagar HBR Layout About Our Products : Every appliance is thoroughly tested to ensure top-tier performance and reliability. Where required, components are upgraded with high-quality OEM parts for long-lasting durability. Each unit undergoes deep cleaning and complete servicing before delivery. Why Buy From Us : • Free shipping across Bangalore • 1-year motor warranty and 6-month service warranty • Free installation with brand-new inlet and outlet pipes for washing machines • 50% buy-back guarantee within 15 months of purchase • Premium quality at genuinely affordable prices Price Range: • Top Load Fully Automatic Washing Machine: From ₹6,500 • Front Load Fully Automatic Washing Machine: From ₹8,000 • Single Door Refrigerator: From ₹6,500 • Double Door Refrigerator: From ₹8,000 Contact Us for More Details - Washing Machines",6500,"[""/content/drive/MyDrive/olx_washingmachine_dataset/images/washmachine_587215cd1d/1.jpg"", ""/content/drive/MyDrive/olx_washingmachine_dataset/images/washmachine_587215cd1d/2.jpg"", ""/content/drive/MyDrive/olx_washingmachine_dataset/images/washmachine_587215cd1d/3.jpg"", ""/content/drive/MyDrive/olx_washingmachine_dataset/images/washmachine_587215cd1d/4.jpg"", ""/content/drive/MyDrive/olx_washingmachine_dataset/images/washmachine_587215cd1d/5.jpg"", ""/content/drive/MyDrive/olx_washingmachine_dataset/images/washmachine_587215cd1d/6.jpg"", ""/content/drive/MyDrive/olx_washingmachine_dataset/images/washmachine_587215cd1d/7.jpg"", ""/content/drive/MyDrive/olx_washingmachine_dataset/images/washmachine_587215cd1d/8.jpg""]",8,2025-12-09 10:24:01.084463
washmachine_8a05ad7d6a,https://www.olx.in/item/washing-machines-c1615-rent-on-rent-in-ravet-pune-iid-1826498709,Rent on rent,Fridge and washing machine combo 899 Deposit 2499 Only fridge and washing machine 499 Deposit 1499 Free installation Free maintenance Free transportation one side Six months locking period... - Washing Machines,449,"[""/content/drive/MyDrive/olx_washingmachine_dataset/images/washmachine_8a05ad7d6a/1.jpg"", ""/content/drive/MyDrive/olx_washingmachine_dataset/images/washmachine_8a05ad7d6a/2.jpg"", ""/content/drive/MyDrive/olx_washingmachine_dataset/images/washmachine_8a05ad7d6a/3.jpg"", ""/content/drive/MyDrive/olx_washingmachine_dataset/images/washmachine_8a05ad7d6a/4.jpg"", ""/content/drive/MyDrive/olx_washingmachine_dataset/images/washmachine_8a05ad7d6a/5.jpg"", ""/content/drive/MyDrive/olx_washingmachine_dataset/images/washmachine_8a05ad7d6a/6.jpg"", ""/content/drive/MyDrive/olx_washingmachine_dataset/images/washmachine_8a05ad7d6a/7.jpg"", ""/content/drive/MyDrive/olx_washingmachine_dataset/images/washmachine_8a05ad7d6a/8.jpg""]",8,2025-12-09 10:24:08.813537
washmachine_411951a0ed,https://www.olx.in/item/washing-machines-c1615-lg-fully-automatic-washing-machine-in-sector-137-noida-iid-1828291608,LG Fully Automatic washing machine,LG Fully Automatic washing machine* - Washing Machines,5000,"[""/content/drive/MyDrive/olx_washingmachine_dataset/images/washmachine_411951a0ed/1.jpg"", ""/content/drive/MyDrive/olx_washingmachine_dataset/images/washmachine_411951a0ed/2.jpg"", ""/content/drive/MyDrive/olx_washingmachine_dataset/images/washmachine_411951a0ed/3.jpg"", ""/content/drive/MyDrive/olx_washingmachine_dataset/images/washmachine_411951a0ed/4.jpg"", ""/content/drive/MyDrive/olx_washingmachine_dataset/images/washmachine_411951a0ed/5.jpg"", ""/content/drive/MyDrive/olx_washingmachine_dataset/images/washmachine_411951a0ed/6.jpg"", ""/content/drive/MyDrive/olx_washingmachine_dataset/images/washmachine_411951a0ed/7.jpg"", ""/content/drive/MyDrive/olx_washingmachine_dataset/images/washmachine_411951a0ed/8.jpg""]",8,2025-12-09 10:24:19.563664
washmachine_e921a73545,https://www.olx.in/item/washing-machines-c1615-second-hand-washing-machine-sales-and-services-in-t-nagar-lalithapuram-chennai-iid-1828699243,Second hand washing machine sales and services,We are selling all kind of washing machine sales range 2500 to 6000 - Washing Machines,6000,"[""/content/drive/MyDrive/olx_washingmachine_dataset/images/washmachine_e921a73545/1.jpg"", ""/content/drive/MyDrive/olx_washingmachine_dataset/images/washmachine_e921a73545/2.jpg"", ""/content/drive/MyDrive/olx_washingmachine_dataset/images/washmachine_e921a73545/3.jpg"", ""/content/drive/MyDrive/olx_washingmachine_dataset/images/washmachine_e921a73545/4.jpg"", ""/content/drive/MyDrive/olx_washingmachine_dataset/images/washmachine_e921a73545/5.jpg"", ""/content/drive/MyDrive/olx_washingmachine_dataset/images/washmachine_e921a73545/6.jpg"", ""/content/drive/MyDrive/olx_washingmachine_dataset/images/washmachine_e921a73545/7.jpg"", ""/content/drive/MyDrive/olx_washingmachine_dataset/images/washmachine_e921a73545/8.jpg""]",8,2025-12-09 10:25:50.398111
washmachine_9121a211fc,https://www.olx.in/item/washing-machines-c1615-ifb-fully-automatic-front-load-washing-machine-6kg-2017-in-baner-mahalunge-road-pune-iid-1822415555,IFB Fully Automatic Front Load Washing Machine - 6KG (2017),A fully working condition front load washing machine from IFB. Has been used only for home clothes and is in good working condition with all features active. Sale will include all parts and drum bolts. - Washing Machines,8000,"[""/content/drive/MyDrive/olx_washingmachine_dataset/images/washmachine_9121a211fc/1.jpg"", ""/content/drive/MyDrive/olx_washingmachine_dataset/images/washmachine_9121a211fc/2.jpg"", ""/content/drive/MyDrive/olx_washingmachine_dataset/images/washmachine_9121a211fc/3.jpg"", ""/content/drive/MyDrive/olx_washingmachine_dataset/images/washmachine_9121a211fc/4.jpg"", ""/content/drive/MyDrive/olx_washingmachine_dataset/images/washmachine_9121a211fc/5.jpg"", ""/content/drive/MyDrive/olx_washingmachine_dataset/images/washmachine_9121a211fc/6.jpg"", ""/content/drive/MyDrive/olx_washingmachine_dataset/images/washmachine_9121a211fc/7.jpg"", ""/content/drive/MyDrive/olx_washingmachine_dataset/images/washmachine_9121a211fc/8.jpg""]",8,2025-12-09 10:27:20.048597
washmachine_3a1a29ad5d,https://www.olx.in/item/washing-machines-c1615-all-types-of-washing-machine-available-here-in-dispur-guwahati-iid-1811263797,All types of washing machine available here,All types of fully and semi washing machine available here. Working tip top condition. Luks also beautiful n clean Pieps have - Washing Machines,3000,"[""/content/drive/MyDrive/olx_washingmachine_dataset/images/washmachine_3a1a29ad5d/1.jpg"", ""/content/drive/MyDrive/olx_washingmachine_dataset/images/washmachine_3a1a29ad5d/2.jpg"", ""/content/drive/MyDrive/olx_washingmachine_dataset/images/washmachine_3a1a29ad5d/3.jpg"", ""/content/drive/MyDrive/olx_washingmachine_dataset/images/washmachine_3a1a29ad5d/4.jpg"", ""/content/drive/MyDrive/olx_washingmachine_dataset/images/washmachine_3a1a29ad5d/5.jpg"", ""/content/drive/MyDrive/olx_washingmachine_dataset/images/washmachine_3a1a29ad5d/6.jpg"", ""/content/drive/MyDrive/olx_washingmachine_dataset/images/washmachine_3a1a29ad5d/7.jpg"", ""/content/drive/MyDrive/olx_washingmachine_dataset/images/washmachine_3a1a29ad5d/8.jpg"", ""/content/drive/MyDrive/olx_washingmachine_dataset/images/washmachine_3a1a29ad5d/9.jpg"", ""/content/drive/MyDrive/olx_washingmachine_dataset/images/washmachine_3a1a29ad5d/10.jpg"", ""/content/drive/MyDrive/olx_washingmachine_dataset/images/washmachine_3a1a29ad5d/11.jpg"", ""/content/drive/MyDrive/olx_washingmachine_dataset/images/washmachine_3a1a29ad5d/12.jpg"", ""/content/drive/MyDrive/olx_washingmachine_dataset/images/washmachine_3a1a29ad5d/13.jpg"", ""/content/drive/MyDrive/olx_washingmachine_dataset/images/washmachine_3a1a29ad5d/14.jpg""]",14,2025-12-09 10:28:09.939666
washmachine_7403e4bd46,https://www.olx.in/item/washing-machines-c1615-lg-fully-autoamtic-washing-machine-with-warranty-delivery-hurry-up-in-green-park-delhi-iid-1812887018,Lg Fully autoamtic washing machine with warranty & delivery (hurry up),"Dhingra Electronic private limited We provide Rufurbhied appliance like Refrigerator, Washing Machine, Microwave etc We also provide free delivery at your doorstep Fixed price shop - Washing Machines",5500,"[""/content/drive/MyDrive/olx_washingmachine_dataset/images/washmachine_7403e4bd46/1.jpg"", ""/content/drive/MyDrive/olx_washingmachine_dataset/images/washmachine_7403e4bd46/2.jpg"", ""/content/drive/MyDrive/olx_washingmachine_dataset/images/washmachine_7403e4bd46/3.jpg"", ""/content/drive/MyDrive/olx_washingmachine_dataset/images/washmachine_7403e4bd46/4.jpg"", ""/content/drive/MyDrive/olx_washingmachine_dataset/images/washmachine_7403e4bd46/5.jpg"", ""/content/drive/MyDrive/olx_washingmachine_dataset/images/washmachine_7403e4bd46/6.jpg"", ""/content/drive/MyDrive/olx_washingmachine_dataset/images/washmachine_7403e4bd46/7.jpg"", ""/content/drive/MyDrive/olx_washingmachine_dataset/images/washmachine_7403e4bd46/8.jpg""]",8,2025-12-09 10:28:15.927379
washmachine_e19c53dc0f,https://www.olx.in/item/washing-machines-c1615-used-washing-machine-in-shiralayam-kunnamkulam-iid-1828697886,Used washing machine,Washing machine - Washing Machines,3000,"[""/content/drive/MyDrive/olx_washingmachine_dataset/images/washmachine_e19c53dc0f/1.jpg"", ""/content/drive/MyDrive/olx_washingmachine_dataset/images/washmachine_e19c53dc0f/2.jpg"", ""/content/drive/MyDrive/olx_washingmachine_dataset/images/washmachine_e19c53dc0f/3.jpg"", ""/content/drive/MyDrive/olx_washingmachine_dataset/images/washmachine_e19c53dc0f/4.jpg"", ""/content/drive/MyDrive/olx_washingmachine_dataset/images/washmachine_e19c53dc0f/5.jpg"", ""/content/drive/MyDrive/olx_washingmachine_dataset/images/washmachine_e19c53dc0f/6.jpg"", ""/content/drive/MyDrive/olx_washingmachine_dataset/images/washmachine_e19c53dc0f/7.jpg"", ""/content/drive/MyDrive/olx_washingmachine_dataset/images/washmachine_e19c53dc0f/8.jpg""]",8,2025-12-09 10:28:20.888097
washmachine_04c99ba045,https://www.olx.in/item/washing-machines-c1615-fully-automatic-washing-machine-lg-make-9-years-old-minor-defect-in-merado-colony-ludhiana-iid-1828699683,"Fully automatic washing machine LG make, 9 years old, minor defect",LG fully automatic washing machine (spin function not working) - Washing Machines,3000,"[""/content/drive/MyDrive/olx_washingmachine_dataset/images/washmachine_04c99ba045/1.jpg"", ""/content/drive/MyDrive/olx_washingmachine_dataset/images/washmachine_04c99ba045/2.jpg"", ""/content/drive/MyDrive/olx_washingmachine_dataset/images/washmachine_04c99ba045/3.jpg"", ""/content/drive/MyDrive/olx_washingmachine_dataset/images/washmachine_04c99ba045/4.jpg"", ""/content/drive/MyDrive/olx_washingmachine_dataset/images/washmachine_04c99ba045/5.jpg"", ""/content/drive/MyDrive/olx_washingmachine_dataset/images/washmachine_04c99ba045/6.jpg"", ""/content/drive/MyDrive/olx_washingmachine_dataset/images/washmachine_04c99ba045/7.jpg"", ""/content/drive/MyDrive/olx_washingmachine_dataset/images/washmachine_04c99ba045/8.jpg""]",8,2025-12-09 10:29:10.374572
washmachine_b0c7148aa8,https://www.olx.in/item/washing-machines-c1615-mini-washing-machine-in-amarabati-kolkata-iid-1828698720,Mini washing machine,Good condition - Washing Machines,4500,"[""/content/drive/MyDrive/olx_washingmachine_dataset/images/washmachine_b0c7148aa8/1.jpg"", ""/content/drive/MyDrive/olx_washingmachine_dataset/images/washmachine_b0c7148aa8/2.jpg"", ""/content/drive/MyDrive/olx_washingmachine_dataset/images/washmachine_b0c7148aa8/3.jpg"", ""/content/drive/MyDrive/olx_washingmachine_dataset/images/washmachine_b0c7148aa8/4.jpg"", ""/content/drive/MyDrive/olx_washingmachine_dataset/images/washmachine_b0c7148aa8/5.jpg"", ""/content/drive/MyDrive/olx_washingmachine_dataset/images/washmachine_b0c7148aa8/6.jpg"", ""/content/drive/MyDrive/olx_washingmachine_dataset/images/washmachine_b0c7148aa8/7.jpg"", ""/content/drive/MyDrive/olx_washingmachine_dataset/images/washmachine_b0c7148aa8/8.jpg""]",8,2025-12-09 10:29:15.194137
washmachine_e1ead68a84,https://www.olx.in/item/washing-machines-c1615-rent-on-rent-in-baner-pune-iid-1827826303,Rent on rent,Fridge and washing machine combo 900 Deposit 2999 Single fridge and washing machine 499 Deposit 1499 Free installation Free maintenance Free transportation one side 6 months locking period - Washing Machines,450,"[""/content/drive/MyDrive/olx_washingmachine_dataset/images/washmachine_e1ead68a84/1.jpg"", ""/content/drive/MyDrive/olx_washingmachine_dataset/images/washmachine_e1ead68a84/2.jpg"", ""/content/drive/MyDrive/olx_washingmachine_dataset/images/washmachine_e1ead68a84/3.jpg"", ""/content/drive/MyDrive/olx_washingmachine_dataset/images/washmachine_e1ead68a84/4.jpg"", ""/content/drive/MyDrive/olx_washingmachine_dataset/images/washmachine_e1ead68a84/5.jpg"", ""/content/drive/MyDrive/olx_washingmachine_dataset/images/washmachine_e1ead68a84/6.jpg"", ""/content/drive/MyDrive/olx_washingmachine_dataset/images/washmachine_e1ead68a84/7.jpg"", ""/content/drive/MyDrive/olx_washingmachine_dataset/images/washmachine_e1ead68a84/8.jpg""]",8,2025-12-09 10:29:20.603074
washmachine_d5d747ee50,https://www.olx.in/item/washing-machines-c1615-samsung-front-load-washing-machine-in-nidamanuru-vijayawada-iid-1827113955,SAMSUNG FRONT LOAD WASHING MACHINE,5 years old front load washing machine with bill - Washing Machines,8000,"[""/content/drive/MyDrive/olx_washingmachine_dataset/images/washmachine_d5d747ee50/1.jpg"", ""/content/drive/MyDrive/olx_washingmachine_dataset/images/washmachine_d5d747ee50/2.jpg"", ""/content/drive/MyDrive/olx_washingmachine_dataset/images/washmachine_d5d747ee50/3.jpg"", ""/content/drive/MyDrive/olx_washingmachine_dataset/images/washmachine_d5d747ee50/4.jpg"", ""/content/drive/MyDrive/olx_washingmachine_dataset/images/washmachine_d5d747ee50/5.jpg"", ""/content/drive/MyDrive/olx_washingmachine_dataset/images/washmachine_d5d747ee50/6.jpg"", ""/content/drive/MyDrive/olx_washingmachine_dataset/images/washmachine_d5d747ee50/7.jpg"", ""/content/drive/MyDrive/olx_washingmachine_dataset/images/washmachine_d5d747ee50/8.jpg""]",8,2025-12-09 10:30:48.729671
washmachine_2e28746848,https://www.olx.in/item/washing-machines-c1615-front-load-eco-friendly-refurbished-washing-machines-big-saving-in-dodda-bommasandra-bengaluru-iid-1824023374,Front Load Eco_friendly refurbished  washing machines  big saving,"> Visit our website for more options: www .yourchoiz. in Flat ₹500 OFF + Cash on Delivery Use code: NAMMAYOURCHOIZ at www .yourchoiz. in Refurbished Appliances at Best Price – Quality You Can Trust! Looking for affordable home appliances without compromising on quality? Our refurbished refrigerators and washing machines are carefully inspected, fully tested, and restored to perfect working condition by experts. Why Choose Us? Fully tested and repaired if needed Professionally cleaned and sanitized Minor cosmetic marks possible, but 100% functional Environment-friendly and budget-friendly Available Products: Single Door Refrigerator – Starting at just ₹4,999 Double Door Refrigerator – Starting at ₹6,999 Top Load Washing Machine – Starting at ₹4,999 Front Load Washing Machine – Starting at ₹6,999 Warranty: 1 Year Warranty on Motor and Compressor Free delivery available in Bangalore Visit us today and give your home a smart upgrade at a smart price! - Washing Machines",6999,"[""/content/drive/MyDrive/olx_washingmachine_dataset/images/washmachine_2e28746848/1.jpg"", ""/content/drive/MyDrive/olx_washingmachine_dataset/images/washmachine_2e28746848/2.jpg"", ""/content/drive/MyDrive/olx_washingmachine_dataset/images/washmachine_2e28746848/3.jpg"", ""/content/drive/MyDrive/olx_washingmachine_dataset/images/washmachine_2e28746848/4.jpg"", ""/content/drive/MyDrive/olx_washingmachine_dataset/images/washmachine_2e28746848/5.jpg"", ""/content/drive/MyDrive/olx_washingmachine_dataset/images/washmachine_2e28746848/6.jpg"", ""/content/drive/MyDrive/olx_washingmachine_dataset/images/washmachine_2e28746848/7.jpg"", ""/content/drive/MyDrive/olx_washingmachine_dataset/images/washmachine_2e28746848/8.jpg""]",8,2025-12-09 10:30:53.780768
washmachine_cca40b48a5,https://www.olx.in/item/washing-machines-c1615-washing-machine-in-jatepur-south-gorakhpur-iid-1828698942,Washing machine,Brand Name - Havells Weight - 7 kg Condition - Good No defect - Washing Machines,4000,"[""/content/drive/MyDrive/olx_washingmachine_dataset/images/washmachine_cca40b48a5/1.jpg"", ""/content/drive/MyDrive/olx_washingmachine_dataset/images/washmachine_cca40b48a5/2.jpg"", ""/content/drive/MyDrive/olx_washingmachine_dataset/images/washmachine_cca40b48a5/3.jpg"", ""/content/drive/MyDrive/olx_washingmachine_dataset/images/washmachine_cca40b48a5/4.jpg"", ""/content/drive/MyDrive/olx_washingmachine_dataset/images/washmachine_cca40b48a5/5.jpg"", ""/content/drive/MyDrive/olx_washingmachine_dataset/images/washmachine_cca40b48a5/6.jpg"", ""/content/drive/MyDrive/olx_washingmachine_dataset/images/washmachine_cca40b48a5/7.jpg"", ""/content/drive/MyDrive/olx_washingmachine_dataset/images/washmachine_cca40b48a5/8.jpg""]",8,2025-12-09 10:31:39.823282
washmachine_4bafaa3834,https://www.olx.in/item/washing-machines-c1615-top-loads-model-202520242023-washing-machine-with-1-year-warrenty-in-hsr-layout-sector-6-bengaluru-iid-1823303212,"Top loads Model 2025,2024,2023, Washing machine with 1 year warrenty",(Trust Tronics Home Appliances) Our Stores located in Maratahalli & BTM layout 2nd stage Trust Tronics Provides 6month Of Free Service For All Appliances 1 Year Motor Warranty For Washing Machine 1 Year Compressor Warranty For Refrigerator 100% Certified & Quality checked Product We Make Our Products Checked By Experts Before The Time Of Delivery Buy Back Retrun Back 50%Buy Back with In 12to15 Months With Free Pick Up We Provide Brand new Free inlet Out let Pipe Free installation And Free Demo Hassle Free Same Day Free Home Delivery - Washing Machines,6999,"[""/content/drive/MyDrive/olx_washingmachine_dataset/images/washmachine_4bafaa3834/1.jpg"", ""/content/drive/MyDrive/olx_washingmachine_dataset/images/washmachine_4bafaa3834/2.jpg"", ""/content/drive/MyDrive/olx_washingmachine_dataset/images/washmachine_4bafaa3834/3.jpg"", ""/content/drive/MyDrive/olx_washingmachine_dataset/images/washmachine_4bafaa3834/4.jpg"", ""/content/drive/MyDrive/olx_washingmachine_dataset/images/washmachine_4bafaa3834/5.jpg"", ""/content/drive/MyDrive/olx_washingmachine_dataset/images/washmachine_4bafaa3834/6.jpg"", ""/content/drive/MyDrive/olx_washingmachine_dataset/images/washmachine_4bafaa3834/7.jpg"", ""/content/drive/MyDrive/olx_washingmachine_dataset/images/washmachine_4bafaa3834/8.jpg"", ""/content/drive/MyDrive/olx_washingmachine_dataset/images/washmachine_4bafaa3834/9.jpg""]",9,2025-12-09 10:33:09.296920
washmachine_77c2e3af70,https://www.olx.in/item/washing-machines-c1615-samsung-7-litre-topload-automatic-washing-machine-in-badlapur-east-ulhasnagar-iid-1827292350,Samsung 7 litre TopLoad automatic Washing Machine,"Samsung 7 litre TopLoad 2022 model purchased at 17,500/-. Selling price 10,000/- Negotiable Full Automatic machine with good condition - Washing Machines",10000,"[""/content/drive/MyDrive/olx_washingmachine_dataset/images/washmachine_77c2e3af70/1.jpg"", ""/content/drive/MyDrive/olx_washingmachine_dataset/images/washmachine_77c2e3af70/2.jpg"", ""/content/drive/MyDrive/olx_washingmachine_dataset/images/washmachine_77c2e3af70/3.jpg"", ""/content/drive/MyDrive/olx_washingmachine_dataset/images/washmachine_77c2e3af70/4.jpg"", ""/content/drive/MyDrive/olx_washingmachine_dataset/images/washmachine_77c2e3af70/5.jpg"", ""/content/drive/MyDrive/olx_washingmachine_dataset/images/washmachine_77c2e3af70/6.jpg"", ""/content/drive/MyDrive/olx_washingmachine_dataset/images/washmachine_77c2e3af70/7.jpg"", ""/content/drive/MyDrive/olx_washingmachine_dataset/images/washmachine_77c2e3af70/8.jpg""]",8,2025-12-09 10:33:16.581591
washmachine_839170a3bf,https://www.olx.in/item/washing-machines-c1615-brand-new-unused-85-kg-washing-machine-with-excellent-condition-in-chand-nagar-delhi-iid-1828687088,Brand new unused 8.5 kg washing machine with excellent condition,Urgent sell my 8.5 kg semi automatic machine with excellent condition - Washing Machines,9000,"[""/content/drive/MyDrive/olx_washingmachine_dataset/images/washmachine_839170a3bf/1.jpg"", ""/content/drive/MyDrive/olx_washingmachine_dataset/images/washmachine_839170a3bf/2.jpg"", ""/content/drive/MyDrive/olx_washingmachine_dataset/images/washmachine_839170a3bf/3.jpg"", ""/content/drive/MyDrive/olx_washingmachine_dataset/images/washmachine_839170a3bf/4.jpg"", ""/content/drive/MyDrive/olx_washingmachine_dataset/images/washmachine_839170a3bf/5.jpg"", ""/content/drive/MyDrive/olx_washingmachine_dataset/images/washmachine_839170a3bf/6.jpg"", ""/content/drive/MyDrive/olx_washingmachine_dataset/images/washmachine_839170a3bf/7.jpg"", ""/content/drive/MyDrive/olx_washingmachine_dataset/images/washmachine_839170a3bf/8.jpg""]",8,2025-12-09 10:33:22.950207
washmachine_b6f9fe6c34,https://www.olx.in/item/washing-machines-c1615-5-year-warranty-washing-machine-fridge-ac-free-delivery-low-cost-in-midc-mumbai-iid-1819101759,5 YEAR WARRANTY _WASHING MACHINE FRIDGE AC _FREE DELIVERY _LOW COST,"@@ WE ARE FROM AIR COOL CENTER . OUR SHOP CAN PROVIDE HARDLY USED APPLIANCES @@ ## BEST 5 YEAR WARRANTY WITH FRIDGES/ WASHING MACHINE AND DELIVERY FREE MUMBAI , THANE , NAVI MUMBAI ## ** WE CAN PROVIDE APPLIANCES LIKE :- ** '' 1) FRIDGES { SINGAL DOOR , DOUBLE DOOR AND BIG SIZE DOUBLE DOOR AVAILABLE ALSO SIDE BY SIDE AVAILABLE } '' '' 2)WASHING MACHINE { FULLY AUTOMATIC } '' '' 3)AC {SPLIT AC AND WINDOW AC } '' ** BEST PRICES OF APPLIANCES LIKE:- ** @ 1) FRIDGE :- i) singal door :- 6500 /- TO 7500/- ii) double door :- 8500/- TO 45000/- @ @ 2) WASHING MACHINE :- i)fully automatic :- 6500/- TO 14500/- @ @ 3) WINDOW AC :- i) 1 ton window ac :- 10500/- TO 14500/- {brand :- lg , samsung } ii) 1.5 ton window ac :- 14500/- TO 16500/- {brand :- lg , samsung} @ @ 4) SPLIT AC :- i) 1 ton split ac :- 13500/- TO 15500/- ii) 1.5 ton split ac :- 15500/- TO 18500/- @ @@ JUST 2 TO 3 YEAR USED APPLIANCE @@ *** NOTE :- *** 1) 5 year warranty on compressor of fridge and motor of washing machine. 2) Delivery free all Mumbai/ Thane / Navi Mumbai. 3) Inlet /Outlet pipes free with washing machine . 4) Also available on Rent basis :- i) Rs.500/-per month for washing machine single door fridge ii) Rs.700/-per month for double door fridge[below 280 lit fridge] iii) Rs.800/-per month for 1 ton window Ac iv) Rs.1000/- per month for 1.5 ton window Ac 6) 50% cash back facility too. $ for more details call us and same number for whatsapp information $ *Air cool centre* More details:- Contact pooja Shop no. 4 Yadav colony, Near orange tree school, Opposite trans apartment, Mahakali caves road, Andheri East, Mumbai 400093. LAND MARK :- Shri Sathya Sai Baba dharmakshetra & school Shop time:- 10 am to 10 pm All day open D D - Washing Machines",6500,"[""/content/drive/MyDrive/olx_washingmachine_dataset/images/washmachine_b6f9fe6c34/1.jpg"", ""/content/drive/MyDrive/olx_washingmachine_dataset/images/washmachine_b6f9fe6c34/2.jpg"", ""/content/drive/MyDrive/olx_washingmachine_dataset/images/washmachine_b6f9fe6c34/3.jpg"", ""/content/drive/MyDrive/olx_washingmachine_dataset/images/washmachine_b6f9fe6c34/4.jpg"", ""/content/drive/MyDrive/olx_washingmachine_dataset/images/washmachine_b6f9fe6c34/5.jpg"", ""/content/drive/MyDrive/olx_washingmachine_dataset/images/washmachine_b6f9fe6c34/6.jpg"", ""/content/drive/MyDrive/olx_washingmachine_dataset/images/washmachine_b6f9fe6c34/7.jpg"", ""/content/drive/MyDrive/olx_washingmachine_dataset/images/washmachine_b6f9fe6c34/8.jpg"", ""/content/drive/MyDrive/olx_washingmachine_dataset/images/washmachine_b6f9fe6c34/9.jpg"", ""/content/drive/MyDrive/olx_washingmachine_dataset/images/washmachine_b6f9fe6c34/10.jpg""]",10,2025-12-09 10:33:29.754181
washmachine_309c56abf4,https://www.olx.in/item/washing-machines-c1615-combo-deal-fridge-and-washing-machine-cheap-and-reliable-in-viveka-nagar-bengaluru-iid-1808564717,Combo Deal: Fridge and Washing Machine Cheap and Reliable,"> Visit our website for more options: www .yourchoiz. in Flat ₹500 OFF + Cash on Delivery Use code: NAMMAYOURCHOIZ at www .yourchoiz. in Refurbished Appliances at Best Price – Quality You Can Trust! Looking for affordable home appliances without compromising on quality? Our refurbished refrigerators and washing machines are carefully inspected, fully tested, and restored to perfect working condition by experts. Why Choose Us? Fully tested and repaired if needed Professionally cleaned and sanitized Minor cosmetic marks possible, but 100% functional Environment-friendly and budget-friendly Available Products: Single Door Refrigerator – Starting at just ₹4,999 Double Door Refrigerator – Starting at ₹6,999 Top Load Washing Machine – Starting at ₹4,999 Front Load Washing Machine – Starting at ₹6,999 Warranty: 1 Year Warranty on Motor and Compressor Free delivery available in Bangalore Visit us today and give your home a smart upgrade at a smart price! - Washing Machines",10999,"[""/content/drive/MyDrive/olx_washingmachine_dataset/images/washmachine_309c56abf4/1.jpg"", ""/content/drive/MyDrive/olx_washingmachine_dataset/images/washmachine_309c56abf4/2.jpg"", ""/content/drive/MyDrive/olx_washingmachine_dataset/images/washmachine_309c56abf4/3.jpg"", ""/content/drive/MyDrive/olx_washingmachine_dataset/images/washmachine_309c56abf4/4.jpg"", ""/content/drive/MyDrive/olx_washingmachine_dataset/images/washmachine_309c56abf4/5.jpg"", ""/content/drive/MyDrive/olx_washingmachine_dataset/images/washmachine_309c56abf4/6.jpg"", ""/content/drive/MyDrive/olx_washingmachine_dataset/images/washmachine_309c56abf4/7.jpg"", ""/content/drive/MyDrive/olx_washingmachine_dataset/images/washmachine_309c56abf4/8.jpg"", ""/content/drive/MyDrive/olx_washingmachine_dataset/images/washmachine_309c56abf4/9.jpg"", ""/content/drive/MyDrive/olx_washingmachine_dataset/images/washmachine_309c56abf4/10.jpg""]",10,2025-12-09 10:37:15.640094
washmachine_f8215ca3af,https://www.olx.in/item/washing-machines-c1615-washing-machines-come-with-smart-wash-programs-refrigerators-in-hegde-nagar-bengaluru-iid-1820949724,#washing machines come with smart wash programs & Refrigerators,"> Visit our website for more options: www .yourchoiz. in Flat ₹500 OFF + Cash on Delivery Use code: NAMMAYOURCHOIZ at www .yourchoiz. in Refurbished Appliances at Best Price – Quality You Can Trust! Looking for affordable home appliances without compromising on quality? Our refurbished refrigerators and washing machines are carefully inspected, fully tested, and restored to perfect working condition by experts. Why Choose Us? Fully tested and repaired if needed Professionally cleaned and sanitized Minor cosmetic marks possible, but 100% functional Environment-friendly and budget-friendly Available Products: Single Door Refrigerator – Starting at just ₹4,999 Double Door Refrigerator – Starting at ₹6,999 Top Load Washing Machine – Starting at ₹4,999 Front Load Washing Machine – Starting at ₹6,999 Warranty: 1 Year Warranty on Motor and Compressor Free delivery available in Bangalore Visit us today and give your home a smart upgrade at a smart price! - Washing Machines",11999,"[""/content/drive/MyDrive/olx_washingmachine_dataset/images/washmachine_f8215ca3af/1.jpg"", ""/content/drive/MyDrive/olx_washingmachine_dataset/images/washmachine_f8215ca3af/2.jpg"", ""/content/drive/MyDrive/olx_washingmachine_dataset/images/washmachine_f8215ca3af/3.jpg"", ""/content/drive/MyDrive/olx_washingmachine_dataset/images/washmachine_f8215ca3af/4.jpg"", ""/content/drive/MyDrive/olx_washingmachine_dataset/images/washmachine_f8215ca3af/5.jpg"", ""/content/drive/MyDrive/olx_washingmachine_dataset/images/washmachine_f8215ca3af/6.jpg"", ""/content/drive/MyDrive/olx_washingmachine_dataset/images/washmachine_f8215ca3af/7.jpg"", ""/content/drive/MyDrive/olx_washingmachine_dataset/images/washmachine_f8215ca3af/8.jpg""]",8,2025-12-09 10:38:45.725418
washmachine_3e9a7fa762,https://www.olx.in/item/washing-machines-c1615-fully-automatic-washing-machine-in-gandhi-nagar-basti-iid-1828688022,Fully Automatic Washing machine,Mujhe ye machine sell karke Autosemi Machine lena hai jisko bhi chahiye wo contact karen Machine like New very good condition me hai Please message me to get... - Washing Machines,8499,"[""/content/drive/MyDrive/olx_washingmachine_dataset/images/washmachine_3e9a7fa762/1.jpg"", ""/content/drive/MyDrive/olx_washingmachine_dataset/images/washmachine_3e9a7fa762/2.jpg"", ""/content/drive/MyDrive/olx_washingmachine_dataset/images/washmachine_3e9a7fa762/3.jpg"", ""/content/drive/MyDrive/olx_washingmachine_dataset/images/washmachine_3e9a7fa762/4.jpg"", ""/content/drive/MyDrive/olx_washingmachine_dataset/images/washmachine_3e9a7fa762/5.jpg"", ""/content/drive/MyDrive/olx_washingmachine_dataset/images/washmachine_3e9a7fa762/6.jpg"", ""/content/drive/MyDrive/olx_washingmachine_dataset/images/washmachine_3e9a7fa762/7.jpg"", ""/content/drive/MyDrive/olx_washingmachine_dataset/images/washmachine_3e9a7fa762/8.jpg""]",8,2025-12-09 10:38:52.591116
washmachine_1691710e8b,https://www.olx.in/item/washing-machines-c1615-top-load-washing-machine-in-goregaon-west-mumbai-iid-1828515296,Top load washing machine,"Working condition , super condition , Rs 3500 negotiable - Washing Machines",3500,"[""/content/drive/MyDrive/olx_washingmachine_dataset/images/washmachine_1691710e8b/1.jpg"", ""/content/drive/MyDrive/olx_washingmachine_dataset/images/washmachine_1691710e8b/2.jpg"", ""/content/drive/MyDrive/olx_washingmachine_dataset/images/washmachine_1691710e8b/3.jpg"", ""/content/drive/MyDrive/olx_washingmachine_dataset/images/washmachine_1691710e8b/4.jpg"", ""/content/drive/MyDrive/olx_washingmachine_dataset/images/washmachine_1691710e8b/5.jpg"", ""/content/drive/MyDrive/olx_washingmachine_dataset/images/washmachine_1691710e8b/6.jpg"", ""/content/drive/MyDrive/olx_washingmachine_dataset/images/washmachine_1691710e8b/7.jpg"", ""/content/drive/MyDrive/olx_washingmachine_dataset/images/washmachine_1691710e8b/8.jpg""]",8,2025-12-09 10:39:39.375748
washmachine_84622d0659,https://www.olx.in/item/washing-machines-c1615-haier-washing-machine-on-sale-brand-new-in-katraj-kondhwa-road-pune-iid-1827833662,Haier Washing Machine On Sale Brand New,Haier Washing Machine On Sale excellent condition ..non used..brand new - Washing Machines,8000,"[""/content/drive/MyDrive/olx_washingmachine_dataset/images/washmachine_84622d0659/1.jpg"", ""/content/drive/MyDrive/olx_washingmachine_dataset/images/washmachine_84622d0659/2.jpg"", ""/content/drive/MyDrive/olx_washingmachine_dataset/images/washmachine_84622d0659/3.jpg"", ""/content/drive/MyDrive/olx_washingmachine_dataset/images/washmachine_84622d0659/4.jpg"", ""/content/drive/MyDrive/olx_washingmachine_dataset/images/washmachine_84622d0659/5.jpg"", ""/content/drive/MyDrive/olx_washingmachine_dataset/images/washmachine_84622d0659/6.jpg"", ""/content/drive/MyDrive/olx_washingmachine_dataset/images/washmachine_84622d0659/7.jpg"", ""/content/drive/MyDrive/olx_washingmachine_dataset/images/washmachine_84622d0659/8.jpg"", ""/content/drive/MyDrive/olx_washingmachine_dataset/images/washmachine_84622d0659/9.jpg"", ""/content/drive/MyDrive/olx_washingmachine_dataset/images/washmachine_84622d0659/10.jpg"", ""/content/drive/MyDrive/olx_washingmachine_dataset/images/washmachine_84622d0659/11.jpg"", ""/content/drive/MyDrive/olx_washingmachine_dataset/images/washmachine_84622d0659/12.jpg"", ""/content/drive/MyDrive/olx_washingmachine_dataset/images/washmachine_84622d0659/13.jpg"", ""/content/drive/MyDrive/olx_washingmachine_dataset/images/washmachine_84622d0659/14.jpg""]",14,2025-12-09 10:40:30.253294
washmachine_530dd36bb0,https://www.olx.in/item/washing-machines-c1615-semi-automatic-washing-machine-working-condition-in-usman-pura-hyderabad-iid-1828283703,Semi automatic washing machine working condition,Semi automatic washing machine - Washing Machines,5000,"[""/content/drive/MyDrive/olx_washingmachine_dataset/images/washmachine_530dd36bb0/1.jpg"", ""/content/drive/MyDrive/olx_washingmachine_dataset/images/washmachine_530dd36bb0/2.jpg"", ""/content/drive/MyDrive/olx_washingmachine_dataset/images/washmachine_530dd36bb0/3.jpg"", ""/content/drive/MyDrive/olx_washingmachine_dataset/images/washmachine_530dd36bb0/4.jpg"", ""/content/drive/MyDrive/olx_washingmachine_dataset/images/washmachine_530dd36bb0/5.jpg"", ""/content/drive/MyDrive/olx_washingmachine_dataset/images/washmachine_530dd36bb0/6.jpg"", ""/content/drive/MyDrive/olx_washingmachine_dataset/images/washmachine_530dd36bb0/7.jpg"", ""/content/drive/MyDrive/olx_washingmachine_dataset/images/washmachine_530dd36bb0/8.jpg""]",8,2025-12-09 10:40:37.788542
washmachine_7e30d2c0c5,https://www.olx.in/item/washing-machines-c1615-washing-machine-in-madangir-delhi-iid-1828687213,washing machine,Panasonic washing machine well maintain and in running status... - Washing Machines,3500,"[""/content/drive/MyDrive/olx_washingmachine_dataset/images/washmachine_7e30d2c0c5/1.jpg"", ""/content/drive/MyDrive/olx_washingmachine_dataset/images/washmachine_7e30d2c0c5/2.jpg"", ""/content/drive/MyDrive/olx_washingmachine_dataset/images/washmachine_7e30d2c0c5/3.jpg"", ""/content/drive/MyDrive/olx_washingmachine_dataset/images/washmachine_7e30d2c0c5/4.jpg"", ""/content/drive/MyDrive/olx_washingmachine_dataset/images/washmachine_7e30d2c0c5/5.jpg"", ""/content/drive/MyDrive/olx_washingmachine_dataset/images/washmachine_7e30d2c0c5/6.jpg"", ""/content/drive/MyDrive/olx_washingmachine_dataset/images/washmachine_7e30d2c0c5/7.jpg"", ""/content/drive/MyDrive/olx_washingmachine_dataset/images/washmachine_7e30d2c0c5/8.jpg""]",8,2025-12-09 10:40:44.755818
washmachine_cd4f003bdb,https://www.olx.in/item/washing-machines-c1615-sumsung-brand-in-chand-bagh-delhi-iid-1828687669,Sumsung brand,Sumsung washing machine 10 kg argent sell good condition - Washing Machines,12900,"[""/content/drive/MyDrive/olx_washingmachine_dataset/images/washmachine_cd4f003bdb/1.jpg"", ""/content/drive/MyDrive/olx_washingmachine_dataset/images/washmachine_cd4f003bdb/2.jpg"", ""/content/drive/MyDrive/olx_washingmachine_dataset/images/washmachine_cd4f003bdb/3.jpg"", ""/content/drive/MyDrive/olx_washingmachine_dataset/images/washmachine_cd4f003bdb/4.jpg"", ""/content/drive/MyDrive/olx_washingmachine_dataset/images/washmachine_cd4f003bdb/5.jpg"", ""/content/drive/MyDrive/olx_washingmachine_dataset/images/washmachine_cd4f003bdb/6.jpg"", ""/content/drive/MyDrive/olx_washingmachine_dataset/images/washmachine_cd4f003bdb/7.jpg"", ""/content/drive/MyDrive/olx_washingmachine_dataset/images/washmachine_cd4f003bdb/8.jpg""]",8,2025-12-09 10:42:58.954735
washmachine_1824d136b4,https://www.olx.in/item/washing-machines-c1615-samsung-washing-machine-in-thiruvalluvar-nagar-chennai-iid-1828425869,Samsung washing machine,Samsung washing machine 6.2kg wobble technology excellent working condition till now no issues - Washing Machines,6000,"[""/content/drive/MyDrive/olx_washingmachine_dataset/images/washmachine_1824d136b4/1.jpg"", ""/content/drive/MyDrive/olx_washingmachine_dataset/images/washmachine_1824d136b4/2.jpg"", ""/content/drive/MyDrive/olx_washingmachine_dataset/images/washmachine_1824d136b4/3.jpg"", ""/content/drive/MyDrive/olx_washingmachine_dataset/images/washmachine_1824d136b4/4.jpg"", ""/content/drive/MyDrive/olx_washingmachine_dataset/images/washmachine_1824d136b4/5.jpg"", ""/content/drive/MyDrive/olx_washingmachine_dataset/images/washmachine_1824d136b4/6.jpg"", ""/content/drive/MyDrive/olx_washingmachine_dataset/images/washmachine_1824d136b4/7.jpg"", ""/content/drive/MyDrive/olx_washingmachine_dataset/images/washmachine_1824d136b4/8.jpg""]",8,2025-12-09 10:43:04.714407
washmachine_2b0a7dca4f,https://www.olx.in/item/washing-machines-c1615-used-whirlpool-75kg-top-loding-wm-in-choolai-chennai-iid-1823313704,Used Whirlpool 7.5kg Top Loding W/M,I want sell my used washing machine whirlpool 7.5kg (model 2020) Top Loading good working condition. - Washing Machines,6500,"[""/content/drive/MyDrive/olx_washingmachine_dataset/images/washmachine_2b0a7dca4f/1.jpg"", ""/content/drive/MyDrive/olx_washingmachine_dataset/images/washmachine_2b0a7dca4f/2.jpg"", ""/content/drive/MyDrive/olx_washingmachine_dataset/images/washmachine_2b0a7dca4f/3.jpg"", ""/content/drive/MyDrive/olx_washingmachine_dataset/images/washmachine_2b0a7dca4f/4.jpg"", ""/content/drive/MyDrive/olx_washingmachine_dataset/images/washmachine_2b0a7dca4f/5.jpg"", ""/content/drive/MyDrive/olx_washingmachine_dataset/images/washmachine_2b0a7dca4f/6.jpg"", ""/content/drive/MyDrive/olx_washingmachine_dataset/images/washmachine_2b0a7dca4f/7.jpg"", ""/content/drive/MyDrive/olx_washingmachine_dataset/images/washmachine_2b0a7dca4f/8.jpg""]",8,2025-12-09 10:43:12.154374
washmachine_3252c1281c,https://www.olx.in/item/washing-machines-c1615-whirlpool-360-bloomwash-pro-75-kg-in-bhagya-nagar-belagavi-iid-1828688049,Whirlpool 360 Bloomwash Pro 7.5 kg,"7.5 kg washing machine in good working condition for sale, 7 years old - Washing Machines",12000,"[""/content/drive/MyDrive/olx_washingmachine_dataset/images/washmachine_3252c1281c/1.jpg"", ""/content/drive/MyDrive/olx_washingmachine_dataset/images/washmachine_3252c1281c/2.jpg"", ""/content/drive/MyDrive/olx_washingmachine_dataset/images/washmachine_3252c1281c/3.jpg"", ""/content/drive/MyDrive/olx_washingmachine_dataset/images/washmachine_3252c1281c/4.jpg"", ""/content/drive/MyDrive/olx_washingmachine_dataset/images/washmachine_3252c1281c/5.jpg"", ""/content/drive/MyDrive/olx_washingmachine_dataset/images/washmachine_3252c1281c/6.jpg"", ""/content/drive/MyDrive/olx_washingmachine_dataset/images/washmachine_3252c1281c/7.jpg"", ""/content/drive/MyDrive/olx_washingmachine_dataset/images/washmachine_3252c1281c/8.jpg""]",8,2025-12-09 10:44:02.318576
washmachine_bca9ebe4b8,https://www.olx.in/item/washing-machines-c1615-washing-machine-sales-in-chinna-waltair-visakhapatnam-iid-1814665012,WASHING MACHINE SALE'S,All types of companies are available - Washing Machines,12499,"[""/content/drive/MyDrive/olx_washingmachine_dataset/images/washmachine_bca9ebe4b8/1.jpg"", ""/content/drive/MyDrive/olx_washingmachine_dataset/images/washmachine_bca9ebe4b8/2.jpg"", ""/content/drive/MyDrive/olx_washingmachine_dataset/images/washmachine_bca9ebe4b8/3.jpg"", ""/content/drive/MyDrive/olx_washingmachine_dataset/images/washmachine_bca9ebe4b8/4.jpg"", ""/content/drive/MyDrive/olx_washingmachine_dataset/images/washmachine_bca9ebe4b8/5.jpg"", ""/content/drive/MyDrive/olx_washingmachine_dataset/images/washmachine_bca9ebe4b8/6.jpg"", ""/content/drive/MyDrive/olx_washingmachine_dataset/images/washmachine_bca9ebe4b8/7.jpg"", ""/content/drive/MyDrive/olx_washingmachine_dataset/images/washmachine_bca9ebe4b8/8.jpg""]",8,2025-12-09 10:44:13.720942
washmachine_3ff1346ee1,https://www.olx.in/item/washing-machines-c1615-fully-automatic-machine-in-paparayadu-nagar-hyderabad-iid-1828688930,Fully automatic machine,Best condition we are leaving from Hyderabad that’s why we want to sell it - Washing Machines,10000,"[""/content/drive/MyDrive/olx_washingmachine_dataset/images/washmachine_3ff1346ee1/1.jpg"", ""/content/drive/MyDrive/olx_washingmachine_dataset/images/washmachine_3ff1346ee1/2.jpg"", ""/content/drive/MyDrive/olx_washingmachine_dataset/images/washmachine_3ff1346ee1/3.jpg"", ""/content/drive/MyDrive/olx_washingmachine_dataset/images/washmachine_3ff1346ee1/4.jpg"", ""/content/drive/MyDrive/olx_washingmachine_dataset/images/washmachine_3ff1346ee1/5.jpg"", ""/content/drive/MyDrive/olx_washingmachine_dataset/images/washmachine_3ff1346ee1/6.jpg"", ""/content/drive/MyDrive/olx_washingmachine_dataset/images/washmachine_3ff1346ee1/7.jpg"", ""/content/drive/MyDrive/olx_washingmachine_dataset/images/washmachine_3ff1346ee1/8.jpg""]",8,2025-12-09 10:45:43.774582
washmachine_f5a4dc6801,https://www.olx.in/item/washing-machines-c1615-whirlpool-washing-machine-not-working-need-to-repair-in-vennala-kochi-iid-1826352424,Whirlpool washing machine not working ( Need to repair  ),"Whirlpool washing machine need to repair, asking Rs. 2000 only - Washing Machines",2000,"[""/content/drive/MyDrive/olx_washingmachine_dataset/images/washmachine_f5a4dc6801/1.jpg"", ""/content/drive/MyDrive/olx_washingmachine_dataset/images/washmachine_f5a4dc6801/2.jpg"", ""/content/drive/MyDrive/olx_washingmachine_dataset/images/washmachine_f5a4dc6801/3.jpg"", ""/content/drive/MyDrive/olx_washingmachine_dataset/images/washmachine_f5a4dc6801/4.jpg"", ""/content/drive/MyDrive/olx_washingmachine_dataset/images/washmachine_f5a4dc6801/5.jpg"", ""/content/drive/MyDrive/olx_washingmachine_dataset/images/washmachine_f5a4dc6801/6.jpg"", ""/content/drive/MyDrive/olx_washingmachine_dataset/images/washmachine_f5a4dc6801/7.jpg"", ""/content/drive/MyDrive/olx_washingmachine_dataset/images/washmachine_f5a4dc6801/8.jpg""]",8,2025-12-09 10:45:49.691684
washmachine_94c5ddb7a4,https://www.olx.in/item/washing-machines-c1615-lgsamsung-washing-machine-2-years-warranty-free-delivery-fridge-in-laxmi-nagar-delhi-iid-1823429194,Lg/Samsung washing machine / 2 years warranty / free delivery / Fridge,"Keerat Electronics We provide Rufurbhied appliance like Refrigerator, Washing Machine, Microwave etc We also provide free delivery at your doorstep Fixed price shop - Washing Machines",5500,"[""/content/drive/MyDrive/olx_washingmachine_dataset/images/washmachine_94c5ddb7a4/1.jpg"", ""/content/drive/MyDrive/olx_washingmachine_dataset/images/washmachine_94c5ddb7a4/2.jpg"", ""/content/drive/MyDrive/olx_washingmachine_dataset/images/washmachine_94c5ddb7a4/3.jpg"", ""/content/drive/MyDrive/olx_washingmachine_dataset/images/washmachine_94c5ddb7a4/4.jpg"", ""/content/drive/MyDrive/olx_washingmachine_dataset/images/washmachine_94c5ddb7a4/5.jpg"", ""/content/drive/MyDrive/olx_washingmachine_dataset/images/washmachine_94c5ddb7a4/6.jpg"", ""/content/drive/MyDrive/olx_washingmachine_dataset/images/washmachine_94c5ddb7a4/7.jpg"", ""/content/drive/MyDrive/olx_washingmachine_dataset/images/washmachine_94c5ddb7a4/8.jpg""]",8,2025-12-09 10:45:55.519048
washmachine_1185737c8e,https://www.olx.in/item/washing-machines-c1615-whirlpool-washing-machine-in-ranganaykulapet-nellore-iid-1828687572,Whirlpool washing machine,"Front panel, wiring kit, motor,draintimer motor - Washing Machines",2000,"[""/content/drive/MyDrive/olx_washingmachine_dataset/images/washmachine_1185737c8e/1.jpg"", ""/content/drive/MyDrive/olx_washingmachine_dataset/images/washmachine_1185737c8e/2.jpg"", ""/content/drive/MyDrive/olx_washingmachine_dataset/images/washmachine_1185737c8e/3.jpg"", ""/content/drive/MyDrive/olx_washingmachine_dataset/images/washmachine_1185737c8e/4.jpg"", ""/content/drive/MyDrive/olx_washingmachine_dataset/images/washmachine_1185737c8e/5.jpg"", ""/content/drive/MyDrive/olx_washingmachine_dataset/images/washmachine_1185737c8e/6.jpg"", ""/content/drive/MyDrive/olx_washingmachine_dataset/images/washmachine_1185737c8e/7.jpg"", ""/content/drive/MyDrive/olx_washingmachine_dataset/images/washmachine_1185737c8e/8.jpg""]",8,2025-12-09 10:46:01.699044
