id,url,title,description,price,images,image_count,scraped_at
fridge_ea7bfaff3e,https://www.olx.in/item/fridges-c1617-high-quality-used-fridge-available-contact-us-in-ayyappankavu-kochi-iid-1748608809,High quality used fridge available contact us,Door delivery With replacement warranty All brands available Contact us - Fridges,4500,"[""/content/drive/MyDrive/olx_fridges_dataset/images/fridge_ea7bfaff3e/1.jpg"", ""/content/drive/MyDrive/olx_fridges_dataset/images/fridge_ea7bfaff3e/2.jpg"", ""/content/drive/MyDrive/olx_fridges_dataset/images/fridge_ea7bfaff3e/3.jpg"", ""/content/drive/MyDrive/olx_fridges_dataset/images/fridge_ea7bfaff3e/4.jpg"", ""/content/drive/MyDrive/olx_fridges_dataset/images/fridge_ea7bfaff3e/5.jpg"", ""/content/drive/MyDrive/olx_fridges_dataset/images/fridge_ea7bfaff3e/6.jpg"", ""/content/drive/MyDrive/olx_fridges_dataset/images/fridge_ea7bfaff3e/7.jpg"", ""/content/drive/MyDrive/olx_fridges_dataset/images/fridge_ea7bfaff3e/8.jpg"", ""/content/drive/MyDrive/olx_fridges_dataset/images/fridge_ea7bfaff3e/9.jpg"", ""/content/drive/MyDrive/olx_fridges_dataset/images/fridge_ea7bfaff3e/10.jpg"", ""/content/drive/MyDrive/olx_fridges_dataset/images/fridge_ea7bfaff3e/11.jpg"", ""/content/drive/MyDrive/olx_fridges_dataset/images/fridge_ea7bfaff3e/12.jpg"", ""/content/drive/MyDrive/olx_fridges_dataset/images/fridge_ea7bfaff3e/13.jpg"", ""/content/drive/MyDrive/olx_fridges_dataset/images/fridge_ea7bfaff3e/14.jpg"", ""/content/drive/MyDrive/olx_fridges_dataset/images/fridge_ea7bfaff3e/15.jpg"", ""/content/drive/MyDrive/olx_fridges_dataset/images/fridge_ea7bfaff3e/16.jpg""]",16,2025-12-08 05:05:36.166159
fridge_a3c7d66602,https://www.olx.in/item/fridges-c1617-6500-low-price-fridge-washing-machine-available-delivery-aval-in-vakola-mumbai-iid-1828436880,6500/- LOW PRICE FRIDGE WASHING MACHINE AVAILABLE DELIVERY AVAL,"Good looking washing machine available with 5 years warranty Good looking fridge available with 5 years warranty Good looking and proper working condition Best 5 YEARS WARRANTY available @@ WE ARE FROM SHIFA ELECTRONICS OUR SHOP CAN PROVIDE HARDLY USED APPLIANCE @ BEST 5 YEAR'S WARRANTY FRIDGE /WASHING MACHINE AND TECHNICIANS SERVICE ALL OVER MUMBAI,, *WE CAN PROVIDE APPLIANCES LIKE * JUST SECOND HAND 2/3 YEAR'S USED APPLIANCE =[ BRAND =] = LG, SAMSUNG, WHIRLPOOL, HAIR, FRIDGE =] SINGLE DOOR FRIDGE AVAILABLE =] DOUBLE DOOR FRIDGE AVAILABLE WASHING MACHINE =] TOP LOAD FULLY AUTOMATIC WASHING MACHINE AVAILABLE =] SEMI WASHING MACHINE AVAILABLE 1. FRIDGE Single door :- 6500/- to 7500/- double door:- 8500/- to 15500/- 2. WASHING MACHINE Washing machine:- 6500/- to 12500/- 3. WINDOWS AC AVAILABLE 4. SPLIT AC AVAILABLE =[ WARRANTY ON APPLIANCE = = @ 5 YEAR'S COMPRESSOR WARRANTY ON FRIDGE. =@ 5 YEAR'S MOTOR WARRANTY ON WASHING MACHINE =@ NEW INLET AND OUT LET PIPE FREE FOR WASHING MACHINE ALSO AVAILABLE ON RENT BASIS 1) 500/- par month single door fridge 2) 500/- par month washing machine. 2) 700 /- par month double door fridge. FOR MORE DETAILS CALL US. SHIFA ELECTRONICS , PREM NAGAR, FISH MARKET, JOGESHWARI EAST. MUMBAI. Pin -400060. - Fridges",6500,"[""/content/drive/MyDrive/olx_fridges_dataset/images/fridge_a3c7d66602/1.jpg"", ""/content/drive/MyDrive/olx_fridges_dataset/images/fridge_a3c7d66602/2.jpg"", ""/content/drive/MyDrive/olx_fridges_dataset/images/fridge_a3c7d66602/3.jpg"", ""/content/drive/MyDrive/olx_fridges_dataset/images/fridge_a3c7d66602/4.jpg"", ""/content/drive/MyDrive/olx_fridges_dataset/images/fridge_a3c7d66602/5.jpg"", ""/content/drive/MyDrive/olx_fridges_dataset/images/fridge_a3c7d66602/6.jpg"", ""/content/drive/MyDrive/olx_fridges_dataset/images/fridge_a3c7d66602/7.jpg"", ""/content/drive/MyDrive/olx_fridges_dataset/images/fridge_a3c7d66602/8.jpg"", ""/content/drive/MyDrive/olx_fridges_dataset/images/fridge_a3c7d66602/9.jpg"", ""/content/drive/MyDrive/olx_fridges_dataset/images/fridge_a3c7d66602/10.jpg"", ""/content/drive/MyDrive/olx_fridges_dataset/images/fridge_a3c7d66602/11.jpg"", ""/content/drive/MyDrive/olx_fridges_dataset/images/fridge_a3c7d66602/12.jpg"", ""/content/drive/MyDrive/olx_fridges_dataset/images/fridge_a3c7d66602/13.jpg"", ""/content/drive/MyDrive/olx_fridges_dataset/images/fridge_a3c7d66602/14.jpg""]",14,2025-12-08 05:05:46.548972
fridge_51f1c0a7bd,https://www.olx.in/item/fridges-c1617-sell-my-fridge-in-merom-sereng-ranchi-iid-1828640275,Sell my fridge,Whirlpool Fridge - Fridges,5000,"[""/content/drive/MyDrive/olx_fridges_dataset/images/fridge_51f1c0a7bd/1.jpg"", ""/content/drive/MyDrive/olx_fridges_dataset/images/fridge_51f1c0a7bd/2.jpg"", ""/content/drive/MyDrive/olx_fridges_dataset/images/fridge_51f1c0a7bd/3.jpg"", ""/content/drive/MyDrive/olx_fridges_dataset/images/fridge_51f1c0a7bd/4.jpg"", ""/content/drive/MyDrive/olx_fridges_dataset/images/fridge_51f1c0a7bd/5.jpg"", ""/content/drive/MyDrive/olx_fridges_dataset/images/fridge_51f1c0a7bd/6.jpg"", ""/content/drive/MyDrive/olx_fridges_dataset/images/fridge_51f1c0a7bd/7.jpg"", ""/content/drive/MyDrive/olx_fridges_dataset/images/fridge_51f1c0a7bd/8.jpg"", ""/content/drive/MyDrive/olx_fridges_dataset/images/fridge_51f1c0a7bd/9.jpg"", ""/content/drive/MyDrive/olx_fridges_dataset/images/fridge_51f1c0a7bd/10.jpg"", ""/content/drive/MyDrive/olx_fridges_dataset/images/fridge_51f1c0a7bd/11.jpg"", ""/content/drive/MyDrive/olx_fridges_dataset/images/fridge_51f1c0a7bd/12.jpg"", ""/content/drive/MyDrive/olx_fridges_dataset/images/fridge_51f1c0a7bd/13.jpg"", ""/content/drive/MyDrive/olx_fridges_dataset/images/fridge_51f1c0a7bd/14.jpg""]",14,2025-12-08 05:05:57.117727
fridge_e15f1f784a,https://www.olx.in/item/fridges-c1617-samsung-fridge-324-ltr-double-door-in-jp-nagar-phase-2-bengaluru-iid-1828637494,Samsung Fridge 324 Ltr Double door,Samsung fridge Double door 324 ltr 10year warranty Digital inverter Twin cooling Freezer- power freezer - Fridges,20000,"[""/content/drive/MyDrive/olx_fridges_dataset/images/fridge_e15f1f784a/1.jpg"", ""/content/drive/MyDrive/olx_fridges_dataset/images/fridge_e15f1f784a/2.jpg"", ""/content/drive/MyDrive/olx_fridges_dataset/images/fridge_e15f1f784a/3.jpg"", ""/content/drive/MyDrive/olx_fridges_dataset/images/fridge_e15f1f784a/4.jpg"", ""/content/drive/MyDrive/olx_fridges_dataset/images/fridge_e15f1f784a/5.jpg"", ""/content/drive/MyDrive/olx_fridges_dataset/images/fridge_e15f1f784a/6.jpg"", ""/content/drive/MyDrive/olx_fridges_dataset/images/fridge_e15f1f784a/7.jpg"", ""/content/drive/MyDrive/olx_fridges_dataset/images/fridge_e15f1f784a/8.jpg"", ""/content/drive/MyDrive/olx_fridges_dataset/images/fridge_e15f1f784a/9.jpg"", ""/content/drive/MyDrive/olx_fridges_dataset/images/fridge_e15f1f784a/10.jpg"", ""/content/drive/MyDrive/olx_fridges_dataset/images/fridge_e15f1f784a/11.jpg"", ""/content/drive/MyDrive/olx_fridges_dataset/images/fridge_e15f1f784a/12.jpg"", ""/content/drive/MyDrive/olx_fridges_dataset/images/fridge_e15f1f784a/13.jpg"", ""/content/drive/MyDrive/olx_fridges_dataset/images/fridge_e15f1f784a/14.jpg""]",14,2025-12-08 05:06:04.386435
fridge_50501b42c7,https://www.olx.in/item/fridges-c1617-offer-offer-6500-fridge-washing-machine-available-in-dahisar-west-mumbai-iid-1827793312,[ OFFER OFFER [ 6500 /- FRIDGE] WASHING MACHINE AVAILABLE,"[ Good looking fridge washing machine available with warranty Fast delivery available at Mumbai Good working condition WE ARE FROM SHIFA ELECTRONICS OUR SHOP CAN PROVIDE HARDLY USED APPLIANCE BEST 5 YEAR'S WARRANTY FRIDGE /WASHING MACHINE AND TECHNICIANS SERVICE ALL OVER MUMBAI,, *WE CAN PROVIDE APPLIANCES LIKE * JUST SECOND HAND 2/3 YEAR'S USED APPLIANCE =[ BRAND =] = LG, SAMSUNG, WHIRLPOOL, HAIR, FRIDGE =] SINGLE DOOR FRIDGE AVAILABLE =] DOUBLE DOOR FRIDGE AVAILABLE WASHING MACHINE =] TOP LOAD FULLY AUTOMATIC WASHING MACHINE AVAILABLE =] SEMI WASHING MACHINE AVAILABLE 1. FRIDGE Single door :- 6500/- to 7500/- double door:- 8500/- to 15500/- 2. WASHING MACHINE Washing machine:- 6500/- to 12500/- 3. WINDOWS AC AVAILABLE 4. SPLIT AC AVAILABLE =[ WARRANTY ON APPLIANCE =] = 5 YEAR'S COMPRESSOR WARRANTY ON FRIDGE. =5 YEAR'S MOTOR WARRANTY ON WASHING MACHINE 1 YEAR'S COMPRESSOR WARRANTY ON AC. NEW INLET AND OUT LET PIPE FREE FOR WASHING MACHINE = ALSO AVAILABLE ON RENT BASIS 1) 500/- par month single door fridge 2) 500/- par month washing machine. 2) 700 /- par month double door fridge. ..FOR MORE DETAILS CALL US . SHIFA ELECTRONICS , PREM NAGAR, FISH MARKET, JOGESHWARI EAST. MUMBAI. Pin -400060. ISLAM SHAIKH. - Fridges",6500,"[""/content/drive/MyDrive/olx_fridges_dataset/images/fridge_50501b42c7/1.jpg"", ""/content/drive/MyDrive/olx_fridges_dataset/images/fridge_50501b42c7/2.jpg"", ""/content/drive/MyDrive/olx_fridges_dataset/images/fridge_50501b42c7/3.jpg"", ""/content/drive/MyDrive/olx_fridges_dataset/images/fridge_50501b42c7/4.jpg"", ""/content/drive/MyDrive/olx_fridges_dataset/images/fridge_50501b42c7/5.jpg"", ""/content/drive/MyDrive/olx_fridges_dataset/images/fridge_50501b42c7/6.jpg"", ""/content/drive/MyDrive/olx_fridges_dataset/images/fridge_50501b42c7/7.jpg"", ""/content/drive/MyDrive/olx_fridges_dataset/images/fridge_50501b42c7/8.jpg"", ""/content/drive/MyDrive/olx_fridges_dataset/images/fridge_50501b42c7/9.jpg"", ""/content/drive/MyDrive/olx_fridges_dataset/images/fridge_50501b42c7/10.jpg"", ""/content/drive/MyDrive/olx_fridges_dataset/images/fridge_50501b42c7/11.jpg"", ""/content/drive/MyDrive/olx_fridges_dataset/images/fridge_50501b42c7/12.jpg"", ""/content/drive/MyDrive/olx_fridges_dataset/images/fridge_50501b42c7/13.jpg"", ""/content/drive/MyDrive/olx_fridges_dataset/images/fridge_50501b42c7/14.jpg""]",14,2025-12-08 05:06:13.692996
fridge_9a11aa1761,https://www.olx.in/item/fridges-c1617-whirlpool-refrigerator-in-thakurganj-lucknow-iid-1827297636,Whirlpool refrigerator,DC 300 E/ 2019 storage volume: 260 litres - Fridges,12000,"[""/content/drive/MyDrive/olx_fridges_dataset/images/fridge_9a11aa1761/1.jpg"", ""/content/drive/MyDrive/olx_fridges_dataset/images/fridge_9a11aa1761/2.jpg"", ""/content/drive/MyDrive/olx_fridges_dataset/images/fridge_9a11aa1761/3.jpg"", ""/content/drive/MyDrive/olx_fridges_dataset/images/fridge_9a11aa1761/4.jpg"", ""/content/drive/MyDrive/olx_fridges_dataset/images/fridge_9a11aa1761/5.jpg"", ""/content/drive/MyDrive/olx_fridges_dataset/images/fridge_9a11aa1761/6.jpg"", ""/content/drive/MyDrive/olx_fridges_dataset/images/fridge_9a11aa1761/7.jpg"", ""/content/drive/MyDrive/olx_fridges_dataset/images/fridge_9a11aa1761/8.jpg"", ""/content/drive/MyDrive/olx_fridges_dataset/images/fridge_9a11aa1761/9.jpg"", ""/content/drive/MyDrive/olx_fridges_dataset/images/fridge_9a11aa1761/10.jpg"", ""/content/drive/MyDrive/olx_fridges_dataset/images/fridge_9a11aa1761/11.jpg"", ""/content/drive/MyDrive/olx_fridges_dataset/images/fridge_9a11aa1761/12.jpg"", ""/content/drive/MyDrive/olx_fridges_dataset/images/fridge_9a11aa1761/13.jpg"", ""/content/drive/MyDrive/olx_fridges_dataset/images/fridge_9a11aa1761/14.jpg""]",14,2025-12-08 05:06:21.769507
fridge_eebfe1c25f,https://www.olx.in/item/fridges-c1617-good-condition-deep-freezer-in-jwalapur-haridwar-iid-1828639848,Good condition  deep freezer,Deep freezer 1 yr old - Fridges,28000,"[""/content/drive/MyDrive/olx_fridges_dataset/images/fridge_eebfe1c25f/1.jpg"", ""/content/drive/MyDrive/olx_fridges_dataset/images/fridge_eebfe1c25f/2.jpg"", ""/content/drive/MyDrive/olx_fridges_dataset/images/fridge_eebfe1c25f/3.jpg"", ""/content/drive/MyDrive/olx_fridges_dataset/images/fridge_eebfe1c25f/4.jpg"", ""/content/drive/MyDrive/olx_fridges_dataset/images/fridge_eebfe1c25f/5.jpg"", ""/content/drive/MyDrive/olx_fridges_dataset/images/fridge_eebfe1c25f/6.jpg"", ""/content/drive/MyDrive/olx_fridges_dataset/images/fridge_eebfe1c25f/7.jpg"", ""/content/drive/MyDrive/olx_fridges_dataset/images/fridge_eebfe1c25f/8.jpg"", ""/content/drive/MyDrive/olx_fridges_dataset/images/fridge_eebfe1c25f/9.jpg"", ""/content/drive/MyDrive/olx_fridges_dataset/images/fridge_eebfe1c25f/10.jpg"", ""/content/drive/MyDrive/olx_fridges_dataset/images/fridge_eebfe1c25f/11.jpg"", ""/content/drive/MyDrive/olx_fridges_dataset/images/fridge_eebfe1c25f/12.jpg"", ""/content/drive/MyDrive/olx_fridges_dataset/images/fridge_eebfe1c25f/13.jpg"", ""/content/drive/MyDrive/olx_fridges_dataset/images/fridge_eebfe1c25f/14.jpg""]",14,2025-12-08 05:06:29.958245
fridge_4234eefd25,https://www.olx.in/item/fridges-c1617-combo-offer-on-samsung-top-load-washing-machine-whirlpool-fridge-in-electronic-city-bengaluru-iid-1794226514,combo offer on Samsung top load washing machine & whirlpool fridge,"Best combo offers in best price (Starting prices) * Top load washing machine starting in - ₹ 4500 * Front load washing machine starting in - ₹6500 * Single door fridge & top load w/m - ₹10990 * Double door fridge & Front load w/m - ₹ 13990 * Condition. : excellent working condition * Delivery : FREE doorstep delivery anywhere in banglore * Installation : FREE installation with brand new inlet and outlet pipes for washing machine * Warranty washingh machine : 3 years warranty for main motor & 6 months doorstep service warranty Free fridge : one year compresoor warranty & 6 months service free Now combo also available :: in Best price Payment mode : cash on delivery (UPI Payments, cash, ) Located at :1st main rd, kanaka nagar, RT nagar post, bengalore karnataka 560032 Limited offer hurry up!! FOR more details message me // - Fridges",4500,"[""/content/drive/MyDrive/olx_fridges_dataset/images/fridge_4234eefd25/1.jpg"", ""/content/drive/MyDrive/olx_fridges_dataset/images/fridge_4234eefd25/2.jpg"", ""/content/drive/MyDrive/olx_fridges_dataset/images/fridge_4234eefd25/3.jpg"", ""/content/drive/MyDrive/olx_fridges_dataset/images/fridge_4234eefd25/4.jpg"", ""/content/drive/MyDrive/olx_fridges_dataset/images/fridge_4234eefd25/5.jpg"", ""/content/drive/MyDrive/olx_fridges_dataset/images/fridge_4234eefd25/6.jpg"", ""/content/drive/MyDrive/olx_fridges_dataset/images/fridge_4234eefd25/7.jpg"", ""/content/drive/MyDrive/olx_fridges_dataset/images/fridge_4234eefd25/8.jpg"", ""/content/drive/MyDrive/olx_fridges_dataset/images/fridge_4234eefd25/9.jpg"", ""/content/drive/MyDrive/olx_fridges_dataset/images/fridge_4234eefd25/10.jpg"", ""/content/drive/MyDrive/olx_fridges_dataset/images/fridge_4234eefd25/11.jpg"", ""/content/drive/MyDrive/olx_fridges_dataset/images/fridge_4234eefd25/12.jpg"", ""/content/drive/MyDrive/olx_fridges_dataset/images/fridge_4234eefd25/13.jpg"", ""/content/drive/MyDrive/olx_fridges_dataset/images/fridge_4234eefd25/14.jpg"", ""/content/drive/MyDrive/olx_fridges_dataset/images/fridge_4234eefd25/15.jpg"", ""/content/drive/MyDrive/olx_fridges_dataset/images/fridge_4234eefd25/16.jpg""]",16,2025-12-08 05:06:38.498138
fridge_d0d9eedea9,https://www.olx.in/item/fridges-c1617-second-hand-used-refrigerator-available-in-chellanam-kochi-iid-1748806990,Second hand used refrigerator available,Door delivery available Warranty available All brands available Single door double door available - Fridges,4000,"[""/content/drive/MyDrive/olx_fridges_dataset/images/fridge_d0d9eedea9/1.jpg"", ""/content/drive/MyDrive/olx_fridges_dataset/images/fridge_d0d9eedea9/2.jpg"", ""/content/drive/MyDrive/olx_fridges_dataset/images/fridge_d0d9eedea9/3.jpg"", ""/content/drive/MyDrive/olx_fridges_dataset/images/fridge_d0d9eedea9/4.jpg"", ""/content/drive/MyDrive/olx_fridges_dataset/images/fridge_d0d9eedea9/5.jpg"", ""/content/drive/MyDrive/olx_fridges_dataset/images/fridge_d0d9eedea9/6.jpg"", ""/content/drive/MyDrive/olx_fridges_dataset/images/fridge_d0d9eedea9/7.jpg"", ""/content/drive/MyDrive/olx_fridges_dataset/images/fridge_d0d9eedea9/8.jpg"", ""/content/drive/MyDrive/olx_fridges_dataset/images/fridge_d0d9eedea9/9.jpg"", ""/content/drive/MyDrive/olx_fridges_dataset/images/fridge_d0d9eedea9/10.jpg"", ""/content/drive/MyDrive/olx_fridges_dataset/images/fridge_d0d9eedea9/11.jpg"", ""/content/drive/MyDrive/olx_fridges_dataset/images/fridge_d0d9eedea9/12.jpg"", ""/content/drive/MyDrive/olx_fridges_dataset/images/fridge_d0d9eedea9/13.jpg"", ""/content/drive/MyDrive/olx_fridges_dataset/images/fridge_d0d9eedea9/14.jpg"", ""/content/drive/MyDrive/olx_fridges_dataset/images/fridge_d0d9eedea9/15.jpg"", ""/content/drive/MyDrive/olx_fridges_dataset/images/fridge_d0d9eedea9/16.jpg""]",16,2025-12-08 05:06:48.833647
fridge_df0a4927b0,https://www.olx.in/item/fridges-c1617-whirlpool-double-door-fridge-for-sale-in-velacheri-ballamuruan-nagar-chennai-iid-1825225840,Whirlpool double door fridge for sale,"Used Whirlpool double door , bottom frizer , for sale as is where condition - Fridges",11000,"[""/content/drive/MyDrive/olx_fridges_dataset/images/fridge_df0a4927b0/1.jpg"", ""/content/drive/MyDrive/olx_fridges_dataset/images/fridge_df0a4927b0/2.jpg"", ""/content/drive/MyDrive/olx_fridges_dataset/images/fridge_df0a4927b0/3.jpg"", ""/content/drive/MyDrive/olx_fridges_dataset/images/fridge_df0a4927b0/4.jpg"", ""/content/drive/MyDrive/olx_fridges_dataset/images/fridge_df0a4927b0/5.jpg"", ""/content/drive/MyDrive/olx_fridges_dataset/images/fridge_df0a4927b0/6.jpg"", ""/content/drive/MyDrive/olx_fridges_dataset/images/fridge_df0a4927b0/7.jpg"", ""/content/drive/MyDrive/olx_fridges_dataset/images/fridge_df0a4927b0/8.jpg"", ""/content/drive/MyDrive/olx_fridges_dataset/images/fridge_df0a4927b0/9.jpg"", ""/content/drive/MyDrive/olx_fridges_dataset/images/fridge_df0a4927b0/10.jpg"", ""/content/drive/MyDrive/olx_fridges_dataset/images/fridge_df0a4927b0/11.jpg"", ""/content/drive/MyDrive/olx_fridges_dataset/images/fridge_df0a4927b0/12.jpg"", ""/content/drive/MyDrive/olx_fridges_dataset/images/fridge_df0a4927b0/13.jpg"", ""/content/drive/MyDrive/olx_fridges_dataset/images/fridge_df0a4927b0/14.jpg""]",14,2025-12-08 05:06:58.898474
fridge_7061a6e044,https://www.olx.in/item/fridges-c1617-less-used-washing-machine-available-in-azeer-kochi-iid-1748609418,Less used washing machine available,Door delivery With replacement warranty All brands available Contact us - Fridges,5000,"[""/content/drive/MyDrive/olx_fridges_dataset/images/fridge_7061a6e044/1.jpg"", ""/content/drive/MyDrive/olx_fridges_dataset/images/fridge_7061a6e044/2.jpg"", ""/content/drive/MyDrive/olx_fridges_dataset/images/fridge_7061a6e044/3.jpg"", ""/content/drive/MyDrive/olx_fridges_dataset/images/fridge_7061a6e044/4.jpg"", ""/content/drive/MyDrive/olx_fridges_dataset/images/fridge_7061a6e044/5.jpg"", ""/content/drive/MyDrive/olx_fridges_dataset/images/fridge_7061a6e044/6.jpg"", ""/content/drive/MyDrive/olx_fridges_dataset/images/fridge_7061a6e044/7.jpg"", ""/content/drive/MyDrive/olx_fridges_dataset/images/fridge_7061a6e044/8.jpg"", ""/content/drive/MyDrive/olx_fridges_dataset/images/fridge_7061a6e044/9.jpg"", ""/content/drive/MyDrive/olx_fridges_dataset/images/fridge_7061a6e044/10.jpg"", ""/content/drive/MyDrive/olx_fridges_dataset/images/fridge_7061a6e044/11.jpg"", ""/content/drive/MyDrive/olx_fridges_dataset/images/fridge_7061a6e044/12.jpg"", ""/content/drive/MyDrive/olx_fridges_dataset/images/fridge_7061a6e044/13.jpg"", ""/content/drive/MyDrive/olx_fridges_dataset/images/fridge_7061a6e044/14.jpg"", ""/content/drive/MyDrive/olx_fridges_dataset/images/fridge_7061a6e044/15.jpg"", ""/content/drive/MyDrive/olx_fridges_dataset/images/fridge_7061a6e044/16.jpg""]",16,2025-12-08 05:07:06.967886
fridge_904c879f61,https://www.olx.in/item/fridges-c1617-single-door-fridge-on-sale-in-ace-divino-greater-noida-iid-1828640885,Single door fridge on sale,Selling our one door working fridge - Fridges,5000,"[""/content/drive/MyDrive/olx_fridges_dataset/images/fridge_904c879f61/1.jpg"", ""/content/drive/MyDrive/olx_fridges_dataset/images/fridge_904c879f61/2.jpg"", ""/content/drive/MyDrive/olx_fridges_dataset/images/fridge_904c879f61/3.jpg"", ""/content/drive/MyDrive/olx_fridges_dataset/images/fridge_904c879f61/4.jpg"", ""/content/drive/MyDrive/olx_fridges_dataset/images/fridge_904c879f61/5.jpg"", ""/content/drive/MyDrive/olx_fridges_dataset/images/fridge_904c879f61/6.jpg"", ""/content/drive/MyDrive/olx_fridges_dataset/images/fridge_904c879f61/7.jpg"", ""/content/drive/MyDrive/olx_fridges_dataset/images/fridge_904c879f61/8.jpg"", ""/content/drive/MyDrive/olx_fridges_dataset/images/fridge_904c879f61/9.jpg"", ""/content/drive/MyDrive/olx_fridges_dataset/images/fridge_904c879f61/10.jpg"", ""/content/drive/MyDrive/olx_fridges_dataset/images/fridge_904c879f61/11.jpg"", ""/content/drive/MyDrive/olx_fridges_dataset/images/fridge_904c879f61/12.jpg"", ""/content/drive/MyDrive/olx_fridges_dataset/images/fridge_904c879f61/13.jpg"", ""/content/drive/MyDrive/olx_fridges_dataset/images/fridge_904c879f61/14.jpg""]",14,2025-12-08 05:07:15.279217
fridge_221b285dcc,https://www.olx.in/item/fridges-c1617-brand-used-fridge-available-in-chakkalakkal-kochi-iid-1748611483,Brand used fridge available,All brands Available With replacement warranty All brands Available Free home delivery - Fridges,4000,"[""/content/drive/MyDrive/olx_fridges_dataset/images/fridge_221b285dcc/1.jpg"", ""/content/drive/MyDrive/olx_fridges_dataset/images/fridge_221b285dcc/2.jpg"", ""/content/drive/MyDrive/olx_fridges_dataset/images/fridge_221b285dcc/3.jpg"", ""/content/drive/MyDrive/olx_fridges_dataset/images/fridge_221b285dcc/4.jpg"", ""/content/drive/MyDrive/olx_fridges_dataset/images/fridge_221b285dcc/5.jpg"", ""/content/drive/MyDrive/olx_fridges_dataset/images/fridge_221b285dcc/6.jpg"", ""/content/drive/MyDrive/olx_fridges_dataset/images/fridge_221b285dcc/7.jpg"", ""/content/drive/MyDrive/olx_fridges_dataset/images/fridge_221b285dcc/8.jpg"", ""/content/drive/MyDrive/olx_fridges_dataset/images/fridge_221b285dcc/9.jpg"", ""/content/drive/MyDrive/olx_fridges_dataset/images/fridge_221b285dcc/10.jpg"", ""/content/drive/MyDrive/olx_fridges_dataset/images/fridge_221b285dcc/11.jpg"", ""/content/drive/MyDrive/olx_fridges_dataset/images/fridge_221b285dcc/12.jpg"", ""/content/drive/MyDrive/olx_fridges_dataset/images/fridge_221b285dcc/13.jpg"", ""/content/drive/MyDrive/olx_fridges_dataset/images/fridge_221b285dcc/14.jpg"", ""/content/drive/MyDrive/olx_fridges_dataset/images/fridge_221b285dcc/15.jpg"", ""/content/drive/MyDrive/olx_fridges_dataset/images/fridge_221b285dcc/16.jpg""]",16,2025-12-08 05:07:25.205063
fridge_ec1c858eed,https://www.olx.in/item/fridges-c1617-second-hand-fridge-sales-in-singaramplalayam-kinathukadavu-iid-1828639854,Second Hand fridge Sales,"Good working condition Delivery arranged Warranty provided Good service All branded & models available Shop:-palakkad, coimbatore - Fridges",4300,"[""/content/drive/MyDrive/olx_fridges_dataset/images/fridge_ec1c858eed/1.jpg"", ""/content/drive/MyDrive/olx_fridges_dataset/images/fridge_ec1c858eed/2.jpg"", ""/content/drive/MyDrive/olx_fridges_dataset/images/fridge_ec1c858eed/3.jpg"", ""/content/drive/MyDrive/olx_fridges_dataset/images/fridge_ec1c858eed/4.jpg"", ""/content/drive/MyDrive/olx_fridges_dataset/images/fridge_ec1c858eed/5.jpg"", ""/content/drive/MyDrive/olx_fridges_dataset/images/fridge_ec1c858eed/6.jpg"", ""/content/drive/MyDrive/olx_fridges_dataset/images/fridge_ec1c858eed/7.jpg"", ""/content/drive/MyDrive/olx_fridges_dataset/images/fridge_ec1c858eed/8.jpg"", ""/content/drive/MyDrive/olx_fridges_dataset/images/fridge_ec1c858eed/9.jpg"", ""/content/drive/MyDrive/olx_fridges_dataset/images/fridge_ec1c858eed/10.jpg"", ""/content/drive/MyDrive/olx_fridges_dataset/images/fridge_ec1c858eed/11.jpg"", ""/content/drive/MyDrive/olx_fridges_dataset/images/fridge_ec1c858eed/12.jpg"", ""/content/drive/MyDrive/olx_fridges_dataset/images/fridge_ec1c858eed/13.jpg"", ""/content/drive/MyDrive/olx_fridges_dataset/images/fridge_ec1c858eed/14.jpg""]",14,2025-12-08 05:07:34.460329
fridge_394ce10f5b,https://www.olx.in/item/fridges-c1617-urgent-sell-in-makarwali-ajmer-iid-1828640915,Urgent Sell,Condition is good working condition - Fridges,5000,"[""/content/drive/MyDrive/olx_fridges_dataset/images/fridge_394ce10f5b/1.jpg"", ""/content/drive/MyDrive/olx_fridges_dataset/images/fridge_394ce10f5b/2.jpg"", ""/content/drive/MyDrive/olx_fridges_dataset/images/fridge_394ce10f5b/3.jpg"", ""/content/drive/MyDrive/olx_fridges_dataset/images/fridge_394ce10f5b/4.jpg"", ""/content/drive/MyDrive/olx_fridges_dataset/images/fridge_394ce10f5b/5.jpg"", ""/content/drive/MyDrive/olx_fridges_dataset/images/fridge_394ce10f5b/6.jpg"", ""/content/drive/MyDrive/olx_fridges_dataset/images/fridge_394ce10f5b/7.jpg"", ""/content/drive/MyDrive/olx_fridges_dataset/images/fridge_394ce10f5b/8.jpg"", ""/content/drive/MyDrive/olx_fridges_dataset/images/fridge_394ce10f5b/9.jpg"", ""/content/drive/MyDrive/olx_fridges_dataset/images/fridge_394ce10f5b/10.jpg"", ""/content/drive/MyDrive/olx_fridges_dataset/images/fridge_394ce10f5b/11.jpg"", ""/content/drive/MyDrive/olx_fridges_dataset/images/fridge_394ce10f5b/12.jpg"", ""/content/drive/MyDrive/olx_fridges_dataset/images/fridge_394ce10f5b/13.jpg"", ""/content/drive/MyDrive/olx_fridges_dataset/images/fridge_394ce10f5b/14.jpg""]",14,2025-12-08 05:07:45.040433
fridge_06bce8d8d9,https://www.olx.in/item/fridges-c1617-fridge-available-1door-2door-in-akkulam-thiruvananthapuram-iid-1793769423,Fridge available 1door /2door,Delivery available Exchange available 1 year warranty for compressors 1 year warranty for motor And full machine warranty available Life long door step service available For online purchases visit our site high world Engineers For daily stock update please subscribe our YouTube channel high world Engineers - Fridges,5999,"[""/content/drive/MyDrive/olx_fridges_dataset/images/fridge_06bce8d8d9/1.jpg"", ""/content/drive/MyDrive/olx_fridges_dataset/images/fridge_06bce8d8d9/2.jpg"", ""/content/drive/MyDrive/olx_fridges_dataset/images/fridge_06bce8d8d9/3.jpg"", ""/content/drive/MyDrive/olx_fridges_dataset/images/fridge_06bce8d8d9/4.jpg"", ""/content/drive/MyDrive/olx_fridges_dataset/images/fridge_06bce8d8d9/5.jpg"", ""/content/drive/MyDrive/olx_fridges_dataset/images/fridge_06bce8d8d9/6.jpg"", ""/content/drive/MyDrive/olx_fridges_dataset/images/fridge_06bce8d8d9/7.jpg"", ""/content/drive/MyDrive/olx_fridges_dataset/images/fridge_06bce8d8d9/8.jpg"", ""/content/drive/MyDrive/olx_fridges_dataset/images/fridge_06bce8d8d9/9.jpg"", ""/content/drive/MyDrive/olx_fridges_dataset/images/fridge_06bce8d8d9/10.jpg"", ""/content/drive/MyDrive/olx_fridges_dataset/images/fridge_06bce8d8d9/11.jpg"", ""/content/drive/MyDrive/olx_fridges_dataset/images/fridge_06bce8d8d9/12.jpg"", ""/content/drive/MyDrive/olx_fridges_dataset/images/fridge_06bce8d8d9/13.jpg"", ""/content/drive/MyDrive/olx_fridges_dataset/images/fridge_06bce8d8d9/14.jpg""]",14,2025-12-08 05:07:54.375677
fridge_9b35cca74f,https://www.olx.in/item/fridges-c1617-godrej-refrigerator-and-lg-washing-machine-in-manorama-nagar-thane-iid-1800190509,Godrej Refrigerator and LG washing Machine,1. Godrej Eon refrigerator 231 Ltr Gross for sale 2 Star rating in good and running condition. purchased new and bigger one hence selling the old one. @ 8000/- 2. LG 6.5Kg semi automatic Washing Machine in running condition. (Only spin door Hinge broken). Machine is working in good condition. @ 3000/- - Fridges,11000,"[""/content/drive/MyDrive/olx_fridges_dataset/images/fridge_9b35cca74f/1.jpg"", ""/content/drive/MyDrive/olx_fridges_dataset/images/fridge_9b35cca74f/2.jpg"", ""/content/drive/MyDrive/olx_fridges_dataset/images/fridge_9b35cca74f/3.jpg"", ""/content/drive/MyDrive/olx_fridges_dataset/images/fridge_9b35cca74f/4.jpg"", ""/content/drive/MyDrive/olx_fridges_dataset/images/fridge_9b35cca74f/5.jpg"", ""/content/drive/MyDrive/olx_fridges_dataset/images/fridge_9b35cca74f/6.jpg"", ""/content/drive/MyDrive/olx_fridges_dataset/images/fridge_9b35cca74f/7.jpg"", ""/content/drive/MyDrive/olx_fridges_dataset/images/fridge_9b35cca74f/8.jpg"", ""/content/drive/MyDrive/olx_fridges_dataset/images/fridge_9b35cca74f/9.jpg"", ""/content/drive/MyDrive/olx_fridges_dataset/images/fridge_9b35cca74f/10.jpg"", ""/content/drive/MyDrive/olx_fridges_dataset/images/fridge_9b35cca74f/11.jpg"", ""/content/drive/MyDrive/olx_fridges_dataset/images/fridge_9b35cca74f/12.jpg"", ""/content/drive/MyDrive/olx_fridges_dataset/images/fridge_9b35cca74f/13.jpg"", ""/content/drive/MyDrive/olx_fridges_dataset/images/fridge_9b35cca74f/14.jpg""]",14,2025-12-08 05:08:05.476096
fridge_0ad6f8e318,https://www.olx.in/item/fridges-c1617-samsung-single-door-5star-180ltrs-refrigerator-cool-deals-in-bommasandra-bengaluru-iid-1794223303,Samsung single door 5star 180ltrs refrigerator  cool deals,"Best combo offers in best price (Starting prices) * Top load washing machine starting in - ₹ 4500 * Front load washing machine starting in - ₹6500 * Single door fridge & top load w/m - ₹10990 * Double door fridge & Front load w/m - ₹ 13990 * Condition. : excellent working condition * Delivery : FREE doorstep delivery anywhere in banglore * Installation : FREE installation with brand new inlet and outlet pipes for washing machine * Warranty washingh machine : 3 years warranty for main motor & 6 months doorstep service warranty Free fridge : one year compresoor warranty & 6 months service free Now combo also available :: in Best price Payment mode : cash on delivery (UPI Payments, cash, ) Located at :1st main rd, kanaka nagar, RT nagar post, bengalore karnataka 560032 Limited offer hurry up!! FOR more details message me // - Fridges",4500,"[""/content/drive/MyDrive/olx_fridges_dataset/images/fridge_0ad6f8e318/1.jpg"", ""/content/drive/MyDrive/olx_fridges_dataset/images/fridge_0ad6f8e318/2.jpg"", ""/content/drive/MyDrive/olx_fridges_dataset/images/fridge_0ad6f8e318/3.jpg"", ""/content/drive/MyDrive/olx_fridges_dataset/images/fridge_0ad6f8e318/4.jpg"", ""/content/drive/MyDrive/olx_fridges_dataset/images/fridge_0ad6f8e318/5.jpg"", ""/content/drive/MyDrive/olx_fridges_dataset/images/fridge_0ad6f8e318/6.jpg"", ""/content/drive/MyDrive/olx_fridges_dataset/images/fridge_0ad6f8e318/7.jpg"", ""/content/drive/MyDrive/olx_fridges_dataset/images/fridge_0ad6f8e318/8.jpg"", ""/content/drive/MyDrive/olx_fridges_dataset/images/fridge_0ad6f8e318/9.jpg"", ""/content/drive/MyDrive/olx_fridges_dataset/images/fridge_0ad6f8e318/10.jpg"", ""/content/drive/MyDrive/olx_fridges_dataset/images/fridge_0ad6f8e318/11.jpg"", ""/content/drive/MyDrive/olx_fridges_dataset/images/fridge_0ad6f8e318/12.jpg"", ""/content/drive/MyDrive/olx_fridges_dataset/images/fridge_0ad6f8e318/13.jpg"", ""/content/drive/MyDrive/olx_fridges_dataset/images/fridge_0ad6f8e318/14.jpg"", ""/content/drive/MyDrive/olx_fridges_dataset/images/fridge_0ad6f8e318/15.jpg"", ""/content/drive/MyDrive/olx_fridges_dataset/images/fridge_0ad6f8e318/16.jpg""]",16,2025-12-08 05:08:14.167823
fridge_81d12428a7,https://www.olx.in/item/fridges-c1617-fridge-videocon-in-punawale-pune-iid-1828019268,Fridge videocon,Very good conditions - Fridges,4500,"[""/content/drive/MyDrive/olx_fridges_dataset/images/fridge_81d12428a7/1.jpg"", ""/content/drive/MyDrive/olx_fridges_dataset/images/fridge_81d12428a7/2.jpg"", ""/content/drive/MyDrive/olx_fridges_dataset/images/fridge_81d12428a7/3.jpg"", ""/content/drive/MyDrive/olx_fridges_dataset/images/fridge_81d12428a7/4.jpg"", ""/content/drive/MyDrive/olx_fridges_dataset/images/fridge_81d12428a7/5.jpg"", ""/content/drive/MyDrive/olx_fridges_dataset/images/fridge_81d12428a7/6.jpg"", ""/content/drive/MyDrive/olx_fridges_dataset/images/fridge_81d12428a7/7.jpg"", ""/content/drive/MyDrive/olx_fridges_dataset/images/fridge_81d12428a7/8.jpg"", ""/content/drive/MyDrive/olx_fridges_dataset/images/fridge_81d12428a7/9.jpg"", ""/content/drive/MyDrive/olx_fridges_dataset/images/fridge_81d12428a7/10.jpg"", ""/content/drive/MyDrive/olx_fridges_dataset/images/fridge_81d12428a7/11.jpg"", ""/content/drive/MyDrive/olx_fridges_dataset/images/fridge_81d12428a7/12.jpg"", ""/content/drive/MyDrive/olx_fridges_dataset/images/fridge_81d12428a7/13.jpg"", ""/content/drive/MyDrive/olx_fridges_dataset/images/fridge_81d12428a7/14.jpg""]",14,2025-12-08 05:08:22.746753
fridge_cdb1a9c1da,https://www.olx.in/item/fridges-c1617-warranty-5-year-fridge-washing-machine-available-delivery-free-in-nalasopara-east-mumbai-iid-1826351816,₹_ WARRANTY 5 YEAR Fridge washing machine available Delivery free *,"#WE CAN PROVIDE HOME APPLIANCES## #1. FRIDGES (single door , Double door and big size Double door available) #2. Washing machine (fully automatic) #3. AC (split ac and window ac) ##BEST PRICE OF APPLIANCES ## 1. FRIDGE:. i)Single door starting price Rs 6500/ ii)Double door starting price Rs 8500/ 2. Washing machine fully automatic starting price RS.6500/ 3. Split ac starting price Rs.12500/ 4. Window ac starting price RS.10500/ ##NOTE## i) Delivery free ii) Inlet pipe and. outlet pipe free with washing machine iii)50% cash back facility ## SANVI AIRCOOL## shop no2 shree rampal chawl near little flower high school mahakali caves road Andheri East Mumbai 400093 - Fridges",6500,"[""/content/drive/MyDrive/olx_fridges_dataset/images/fridge_cdb1a9c1da/1.jpg"", ""/content/drive/MyDrive/olx_fridges_dataset/images/fridge_cdb1a9c1da/2.jpg"", ""/content/drive/MyDrive/olx_fridges_dataset/images/fridge_cdb1a9c1da/3.jpg"", ""/content/drive/MyDrive/olx_fridges_dataset/images/fridge_cdb1a9c1da/4.jpg"", ""/content/drive/MyDrive/olx_fridges_dataset/images/fridge_cdb1a9c1da/5.jpg"", ""/content/drive/MyDrive/olx_fridges_dataset/images/fridge_cdb1a9c1da/6.jpg"", ""/content/drive/MyDrive/olx_fridges_dataset/images/fridge_cdb1a9c1da/7.jpg"", ""/content/drive/MyDrive/olx_fridges_dataset/images/fridge_cdb1a9c1da/8.jpg"", ""/content/drive/MyDrive/olx_fridges_dataset/images/fridge_cdb1a9c1da/9.jpg"", ""/content/drive/MyDrive/olx_fridges_dataset/images/fridge_cdb1a9c1da/10.jpg"", ""/content/drive/MyDrive/olx_fridges_dataset/images/fridge_cdb1a9c1da/11.jpg"", ""/content/drive/MyDrive/olx_fridges_dataset/images/fridge_cdb1a9c1da/12.jpg"", ""/content/drive/MyDrive/olx_fridges_dataset/images/fridge_cdb1a9c1da/13.jpg"", ""/content/drive/MyDrive/olx_fridges_dataset/images/fridge_cdb1a9c1da/14.jpg""]",14,2025-12-08 05:08:32.126282
fridge_b4fb72fb0d,https://www.olx.in/item/fridges-c1617-hob-good-condition-good-working-4-burner-in-ram-dutt-enclave-delhi-iid-1827991063,Hob good condition good working 4 burner,Automatic edition - Fridges,7000,"[""/content/drive/MyDrive/olx_fridges_dataset/images/fridge_b4fb72fb0d/1.jpg"", ""/content/drive/MyDrive/olx_fridges_dataset/images/fridge_b4fb72fb0d/2.jpg"", ""/content/drive/MyDrive/olx_fridges_dataset/images/fridge_b4fb72fb0d/3.jpg"", ""/content/drive/MyDrive/olx_fridges_dataset/images/fridge_b4fb72fb0d/4.jpg"", ""/content/drive/MyDrive/olx_fridges_dataset/images/fridge_b4fb72fb0d/5.jpg"", ""/content/drive/MyDrive/olx_fridges_dataset/images/fridge_b4fb72fb0d/6.jpg"", ""/content/drive/MyDrive/olx_fridges_dataset/images/fridge_b4fb72fb0d/7.jpg"", ""/content/drive/MyDrive/olx_fridges_dataset/images/fridge_b4fb72fb0d/8.jpg"", ""/content/drive/MyDrive/olx_fridges_dataset/images/fridge_b4fb72fb0d/9.jpg"", ""/content/drive/MyDrive/olx_fridges_dataset/images/fridge_b4fb72fb0d/10.jpg"", ""/content/drive/MyDrive/olx_fridges_dataset/images/fridge_b4fb72fb0d/11.jpg"", ""/content/drive/MyDrive/olx_fridges_dataset/images/fridge_b4fb72fb0d/12.jpg"", ""/content/drive/MyDrive/olx_fridges_dataset/images/fridge_b4fb72fb0d/13.jpg"", ""/content/drive/MyDrive/olx_fridges_dataset/images/fridge_b4fb72fb0d/14.jpg""]",14,2025-12-08 05:08:53.683511
fridge_11a850c756,https://www.olx.in/item/fridges-c1617-brand-less-used-fridge-available-in-chalikkavattom-kochi-iid-1748611703,Brand less used fridge available,With all brands are warranty Free home delivery All models are available Contact us for more - Fridges,3999,"[""/content/drive/MyDrive/olx_fridges_dataset/images/fridge_11a850c756/1.jpg"", ""/content/drive/MyDrive/olx_fridges_dataset/images/fridge_11a850c756/2.jpg"", ""/content/drive/MyDrive/olx_fridges_dataset/images/fridge_11a850c756/3.jpg"", ""/content/drive/MyDrive/olx_fridges_dataset/images/fridge_11a850c756/4.jpg"", ""/content/drive/MyDrive/olx_fridges_dataset/images/fridge_11a850c756/5.jpg"", ""/content/drive/MyDrive/olx_fridges_dataset/images/fridge_11a850c756/6.jpg"", ""/content/drive/MyDrive/olx_fridges_dataset/images/fridge_11a850c756/7.jpg"", ""/content/drive/MyDrive/olx_fridges_dataset/images/fridge_11a850c756/8.jpg"", ""/content/drive/MyDrive/olx_fridges_dataset/images/fridge_11a850c756/9.jpg"", ""/content/drive/MyDrive/olx_fridges_dataset/images/fridge_11a850c756/10.jpg"", ""/content/drive/MyDrive/olx_fridges_dataset/images/fridge_11a850c756/11.jpg"", ""/content/drive/MyDrive/olx_fridges_dataset/images/fridge_11a850c756/12.jpg"", ""/content/drive/MyDrive/olx_fridges_dataset/images/fridge_11a850c756/13.jpg"", ""/content/drive/MyDrive/olx_fridges_dataset/images/fridge_11a850c756/14.jpg"", ""/content/drive/MyDrive/olx_fridges_dataset/images/fridge_11a850c756/15.jpg"", ""/content/drive/MyDrive/olx_fridges_dataset/images/fridge_11a850c756/16.jpg""]",16,2025-12-08 05:09:04.026102
fridge_2e54c8ce01,https://www.olx.in/item/fridges-c1617-bakery-display-counter-in-thannikkalmukku-panayam-iid-1828640432,Bakery display counter,Not Even used Urgent sale - Fridges,25000,"[""/content/drive/MyDrive/olx_fridges_dataset/images/fridge_2e54c8ce01/1.jpg"", ""/content/drive/MyDrive/olx_fridges_dataset/images/fridge_2e54c8ce01/2.jpg"", ""/content/drive/MyDrive/olx_fridges_dataset/images/fridge_2e54c8ce01/3.jpg"", ""/content/drive/MyDrive/olx_fridges_dataset/images/fridge_2e54c8ce01/4.jpg"", ""/content/drive/MyDrive/olx_fridges_dataset/images/fridge_2e54c8ce01/5.jpg"", ""/content/drive/MyDrive/olx_fridges_dataset/images/fridge_2e54c8ce01/6.jpg"", ""/content/drive/MyDrive/olx_fridges_dataset/images/fridge_2e54c8ce01/7.jpg"", ""/content/drive/MyDrive/olx_fridges_dataset/images/fridge_2e54c8ce01/8.jpg"", ""/content/drive/MyDrive/olx_fridges_dataset/images/fridge_2e54c8ce01/9.jpg"", ""/content/drive/MyDrive/olx_fridges_dataset/images/fridge_2e54c8ce01/10.jpg"", ""/content/drive/MyDrive/olx_fridges_dataset/images/fridge_2e54c8ce01/11.jpg"", ""/content/drive/MyDrive/olx_fridges_dataset/images/fridge_2e54c8ce01/12.jpg"", ""/content/drive/MyDrive/olx_fridges_dataset/images/fridge_2e54c8ce01/13.jpg"", ""/content/drive/MyDrive/olx_fridges_dataset/images/fridge_2e54c8ce01/14.jpg""]",14,2025-12-08 05:09:11.522603
fridge_98da80777e,https://www.olx.in/item/fridges-c1617-high-quality-fridge-and-washing-machine-availableb-in-bolghatty-island-kochi-iid-1748609551,High quality fridge and washing machine availableb,Door delivery available With replacement warranty All brands model available Contact us for more - Fridges,4000,"[""/content/drive/MyDrive/olx_fridges_dataset/images/fridge_98da80777e/1.jpg"", ""/content/drive/MyDrive/olx_fridges_dataset/images/fridge_98da80777e/2.jpg"", ""/content/drive/MyDrive/olx_fridges_dataset/images/fridge_98da80777e/3.jpg"", ""/content/drive/MyDrive/olx_fridges_dataset/images/fridge_98da80777e/4.jpg"", ""/content/drive/MyDrive/olx_fridges_dataset/images/fridge_98da80777e/5.jpg"", ""/content/drive/MyDrive/olx_fridges_dataset/images/fridge_98da80777e/6.jpg"", ""/content/drive/MyDrive/olx_fridges_dataset/images/fridge_98da80777e/7.jpg"", ""/content/drive/MyDrive/olx_fridges_dataset/images/fridge_98da80777e/8.jpg"", ""/content/drive/MyDrive/olx_fridges_dataset/images/fridge_98da80777e/9.jpg"", ""/content/drive/MyDrive/olx_fridges_dataset/images/fridge_98da80777e/10.jpg"", ""/content/drive/MyDrive/olx_fridges_dataset/images/fridge_98da80777e/11.jpg"", ""/content/drive/MyDrive/olx_fridges_dataset/images/fridge_98da80777e/12.jpg"", ""/content/drive/MyDrive/olx_fridges_dataset/images/fridge_98da80777e/13.jpg"", ""/content/drive/MyDrive/olx_fridges_dataset/images/fridge_98da80777e/14.jpg"", ""/content/drive/MyDrive/olx_fridges_dataset/images/fridge_98da80777e/15.jpg"", ""/content/drive/MyDrive/olx_fridges_dataset/images/fridge_98da80777e/16.jpg""]",16,2025-12-08 05:09:20.426050
fridge_294539d513,https://www.olx.in/item/fridges-c1617-5-year-warranty-less-use-fridge-washing-machine-ac-free-delivery-in-midc-mumbai-iid-1828495373,5 YEAR WARRANTY_ LESS USE_ FRIDGE_ WASHING MACHINE_ AC_ FREE DELIVERY,"@@ WE ARE FROM AIR COOL CENTER . OUR SHOP CAN PROVIDE HARDLY USED APPLIANCES @@ ## BEST 5 YEAR WARRANTY WITH FRIDGES/ WASHING MACHINE DELIVERY FREE AND TECHNICIAN SERVICE TO ALL MUMBAI , THANE , NAVI MUMBAI ## ** WE CAN PROVIDE APPLIANCES LIKE :- ** '' 1) FRIDGES { SINGAL DOOR , DOUBLE DOOR AND BIG SIZE DOUBLE DOOR AVAILABLE ALSO SIDE BY SIDE AVAILABLE } '' '' 2)WASHING MACHINE { FULLY AUTOMATIC } '' '' 3)AC {SPLIT AC AND WINDOW AC } '' ** BEST PRICES OF APPLIANCES LIKE:- ** @ 1) FRIDGE :- i) singal door :- 6500 /- TO 7500/- ii) double door :- 8500/- TO 35000/- @ @ 2) WASHING MACHINE :- i)fully automatic :- 6500/- TO 15500/- @ @ 3) WINDOW AC :- i) 1 ton window ac :- 10500 /- {brand :- lg , samsung } ii) 1.5 ton window ac :- 13500/- {brand :- lg , samsung} @ @ 4) SPLIT AC :- i) 1 ton split ac :- 13500/- TO 15500/- ii) 1.5 ton split ac :- 15500/- TO 18500/- @@ JUST 2.5 YEAR USED APPLIANCE @@ *** NOTE :- *** 1) 5 year warranty on compressor of fridge and motor of washing machine 2) Delivery free all Mumbai/ Thane / Navi Mumbai. 3) Inlet /Outlet pipes free with washing machine . 4) Also available on Rent basis :- i) Rs.500/-per month for washing machine single door fridge ii) Rs.700/-per month for double door fridge[below 280 lit fridge] iii) Rs.800/-per month for 1 ton window Ac iv) Rs.1000/- per month for 1.5 ton window Ac 5) 50% cash back facility too. $ for more details call us and same number for whatsapp information $ *Air cool center* More details Shop no. 4 Yadav colony, Near orange tree school, Opposite trans apartment, Mahakali caves road, Andheri East, Mumbai 400093. Land mark :- Satya sai baba dharmkshetra & School Shop time:- 10 am to 10 pm All day open - Fridges",500,"[""/content/drive/MyDrive/olx_fridges_dataset/images/fridge_294539d513/1.jpg"", ""/content/drive/MyDrive/olx_fridges_dataset/images/fridge_294539d513/2.jpg"", ""/content/drive/MyDrive/olx_fridges_dataset/images/fridge_294539d513/3.jpg"", ""/content/drive/MyDrive/olx_fridges_dataset/images/fridge_294539d513/4.jpg"", ""/content/drive/MyDrive/olx_fridges_dataset/images/fridge_294539d513/5.jpg"", ""/content/drive/MyDrive/olx_fridges_dataset/images/fridge_294539d513/6.jpg"", ""/content/drive/MyDrive/olx_fridges_dataset/images/fridge_294539d513/7.jpg"", ""/content/drive/MyDrive/olx_fridges_dataset/images/fridge_294539d513/8.jpg"", ""/content/drive/MyDrive/olx_fridges_dataset/images/fridge_294539d513/9.jpg"", ""/content/drive/MyDrive/olx_fridges_dataset/images/fridge_294539d513/10.jpg"", ""/content/drive/MyDrive/olx_fridges_dataset/images/fridge_294539d513/11.jpg"", ""/content/drive/MyDrive/olx_fridges_dataset/images/fridge_294539d513/12.jpg"", ""/content/drive/MyDrive/olx_fridges_dataset/images/fridge_294539d513/13.jpg"", ""/content/drive/MyDrive/olx_fridges_dataset/images/fridge_294539d513/14.jpg""]",14,2025-12-08 05:09:29.024324
fridge_d176adb354,https://www.olx.in/item/fridges-c1617-lg-double-door-refrigerator-in-kaiser-colony-jamshedpur-iid-1828110530,LG DOUBLE DOOR REFRIGERATOR,Good and working condition. Frost free refrigerator Price negotiable - Fridges,10000,"[""/content/drive/MyDrive/olx_fridges_dataset/images/fridge_d176adb354/1.jpg"", ""/content/drive/MyDrive/olx_fridges_dataset/images/fridge_d176adb354/2.jpg"", ""/content/drive/MyDrive/olx_fridges_dataset/images/fridge_d176adb354/3.jpg"", ""/content/drive/MyDrive/olx_fridges_dataset/images/fridge_d176adb354/4.jpg"", ""/content/drive/MyDrive/olx_fridges_dataset/images/fridge_d176adb354/5.jpg"", ""/content/drive/MyDrive/olx_fridges_dataset/images/fridge_d176adb354/6.jpg"", ""/content/drive/MyDrive/olx_fridges_dataset/images/fridge_d176adb354/7.jpg"", ""/content/drive/MyDrive/olx_fridges_dataset/images/fridge_d176adb354/8.jpg"", ""/content/drive/MyDrive/olx_fridges_dataset/images/fridge_d176adb354/9.jpg"", ""/content/drive/MyDrive/olx_fridges_dataset/images/fridge_d176adb354/10.jpg"", ""/content/drive/MyDrive/olx_fridges_dataset/images/fridge_d176adb354/11.jpg"", ""/content/drive/MyDrive/olx_fridges_dataset/images/fridge_d176adb354/12.jpg"", ""/content/drive/MyDrive/olx_fridges_dataset/images/fridge_d176adb354/13.jpg"", ""/content/drive/MyDrive/olx_fridges_dataset/images/fridge_d176adb354/14.jpg""]",14,2025-12-08 05:09:39.636899
fridge_fa5e133f01,https://www.olx.in/item/fridges-c1617-high-quality-used-washing-machine-available-in-ayyappankavu-kochi-iid-1748609009,High quality used washing machine available,All'brands available With replacement warranty All brands with waranty Door delivery - Fridges,5000,"[""/content/drive/MyDrive/olx_fridges_dataset/images/fridge_fa5e133f01/1.jpg"", ""/content/drive/MyDrive/olx_fridges_dataset/images/fridge_fa5e133f01/2.jpg"", ""/content/drive/MyDrive/olx_fridges_dataset/images/fridge_fa5e133f01/3.jpg"", ""/content/drive/MyDrive/olx_fridges_dataset/images/fridge_fa5e133f01/4.jpg"", ""/content/drive/MyDrive/olx_fridges_dataset/images/fridge_fa5e133f01/5.jpg"", ""/content/drive/MyDrive/olx_fridges_dataset/images/fridge_fa5e133f01/6.jpg"", ""/content/drive/MyDrive/olx_fridges_dataset/images/fridge_fa5e133f01/7.jpg"", ""/content/drive/MyDrive/olx_fridges_dataset/images/fridge_fa5e133f01/8.jpg"", ""/content/drive/MyDrive/olx_fridges_dataset/images/fridge_fa5e133f01/9.jpg"", ""/content/drive/MyDrive/olx_fridges_dataset/images/fridge_fa5e133f01/10.jpg"", ""/content/drive/MyDrive/olx_fridges_dataset/images/fridge_fa5e133f01/11.jpg"", ""/content/drive/MyDrive/olx_fridges_dataset/images/fridge_fa5e133f01/12.jpg"", ""/content/drive/MyDrive/olx_fridges_dataset/images/fridge_fa5e133f01/13.jpg"", ""/content/drive/MyDrive/olx_fridges_dataset/images/fridge_fa5e133f01/14.jpg"", ""/content/drive/MyDrive/olx_fridges_dataset/images/fridge_fa5e133f01/15.jpg"", ""/content/drive/MyDrive/olx_fridges_dataset/images/fridge_fa5e133f01/16.jpg""]",16,2025-12-08 05:09:49.566337
fridge_ad589eae97,https://www.olx.in/item/fridges-c1617-refrigerator-in-ganga-nagar-meerut-iid-1828640183,Refrigerator,Refrigerator - Fridges,5000,"[""/content/drive/MyDrive/olx_fridges_dataset/images/fridge_ad589eae97/1.jpg"", ""/content/drive/MyDrive/olx_fridges_dataset/images/fridge_ad589eae97/2.jpg"", ""/content/drive/MyDrive/olx_fridges_dataset/images/fridge_ad589eae97/3.jpg"", ""/content/drive/MyDrive/olx_fridges_dataset/images/fridge_ad589eae97/4.jpg"", ""/content/drive/MyDrive/olx_fridges_dataset/images/fridge_ad589eae97/5.jpg"", ""/content/drive/MyDrive/olx_fridges_dataset/images/fridge_ad589eae97/6.jpg"", ""/content/drive/MyDrive/olx_fridges_dataset/images/fridge_ad589eae97/7.jpg"", ""/content/drive/MyDrive/olx_fridges_dataset/images/fridge_ad589eae97/8.jpg"", ""/content/drive/MyDrive/olx_fridges_dataset/images/fridge_ad589eae97/9.jpg"", ""/content/drive/MyDrive/olx_fridges_dataset/images/fridge_ad589eae97/10.jpg"", ""/content/drive/MyDrive/olx_fridges_dataset/images/fridge_ad589eae97/11.jpg"", ""/content/drive/MyDrive/olx_fridges_dataset/images/fridge_ad589eae97/12.jpg"", ""/content/drive/MyDrive/olx_fridges_dataset/images/fridge_ad589eae97/13.jpg"", ""/content/drive/MyDrive/olx_fridges_dataset/images/fridge_ad589eae97/14.jpg""]",14,2025-12-08 05:09:56.766389
fridge_83bef27680,https://www.olx.in/item/fridges-c1617-haier-single-door-in-bapulapadu-hanuman-junction-iid-1828640920,Haier single door,Good condition money arjent no - Fridges,13000,"[""/content/drive/MyDrive/olx_fridges_dataset/images/fridge_83bef27680/1.jpg"", ""/content/drive/MyDrive/olx_fridges_dataset/images/fridge_83bef27680/2.jpg"", ""/content/drive/MyDrive/olx_fridges_dataset/images/fridge_83bef27680/3.jpg"", ""/content/drive/MyDrive/olx_fridges_dataset/images/fridge_83bef27680/4.jpg"", ""/content/drive/MyDrive/olx_fridges_dataset/images/fridge_83bef27680/5.jpg"", ""/content/drive/MyDrive/olx_fridges_dataset/images/fridge_83bef27680/6.jpg"", ""/content/drive/MyDrive/olx_fridges_dataset/images/fridge_83bef27680/7.jpg"", ""/content/drive/MyDrive/olx_fridges_dataset/images/fridge_83bef27680/8.jpg"", ""/content/drive/MyDrive/olx_fridges_dataset/images/fridge_83bef27680/9.jpg"", ""/content/drive/MyDrive/olx_fridges_dataset/images/fridge_83bef27680/10.jpg"", ""/content/drive/MyDrive/olx_fridges_dataset/images/fridge_83bef27680/11.jpg"", ""/content/drive/MyDrive/olx_fridges_dataset/images/fridge_83bef27680/12.jpg"", ""/content/drive/MyDrive/olx_fridges_dataset/images/fridge_83bef27680/13.jpg"", ""/content/drive/MyDrive/olx_fridges_dataset/images/fridge_83bef27680/14.jpg""]",14,2025-12-08 05:10:05.915845
fridge_dedec94fcf,https://www.olx.in/item/fridges-c1617-6500-offer-offer-fridge-washing-machine-5-years-warranty-in-bhandup-mumbai-iid-1828437085,"6500/- OFFER, OFFER,[ FRIDGE ] WASHING MACHINE [ 5 YEARS WARRANTY ]","Best working condition with 5 years warranty Very low price fridge available Very low price washing machine available Fast delivery @@ WE ARE FROM SHIFA ELECTRONICS OUR SHOP CAN PROVIDE HARDLY USED APPLIANCE @ BEST 5 YEAR'S WARRANTY FRIDGE /WASHING MACHINE AND TECHNICIANS SERVICE ALL OVER MUMBAI,, *WE CAN PROVIDE APPLIANCES LIKE * JUST SECOND HAND 2/3 YEAR'S USED APPLIANCE =[ BRAND =] = LG, SAMSUNG, WHIRLPOOL, HAIR, FRIDGE =] SINGLE DOOR FRIDGE AVAILABLE =] DOUBLE DOOR FRIDGE AVAILABLE WASHING MACHINE =] TOP LOAD FULLY AUTOMATIC WASHING MACHINE AVAILABLE =] SEMI WASHING MACHINE AVAILABLE 1. FRIDGE Single door :- 6500/- to 7500/- double door:- 8500/- to 15500/- 2. WASHING MACHINE Washing machine:- 6500/- to 12500/- 3. WINDOWS AC AVAILABLE 4. SPLIT AC AVAILABLE =[ WARRANTY ON APPLIANCE = = @ 5 YEAR'S COMPRESSOR WARRANTY ON FRIDGE. =@ 5 YEAR'S MOTOR WARRANTY ON WASHING MACHINE =@ NEW INLET AND OUT LET PIPE FREE FOR WASHING MACHINE ALSO AVAILABLE ON RENT BASIS 1) 500/- par month single door fridge 2) 500/- par month washing machine. 2) 700 /- par month double door fridge. FOR MORE DETAILS CALL US. SHIFA ELECTRONICS , PREM NAGAR, FISH MARKET, JOGESHWARI EAST. MUMBAI. Pin -400060. - Fridges",6500,"[""/content/drive/MyDrive/olx_fridges_dataset/images/fridge_dedec94fcf/1.jpg"", ""/content/drive/MyDrive/olx_fridges_dataset/images/fridge_dedec94fcf/2.jpg"", ""/content/drive/MyDrive/olx_fridges_dataset/images/fridge_dedec94fcf/3.jpg"", ""/content/drive/MyDrive/olx_fridges_dataset/images/fridge_dedec94fcf/4.jpg"", ""/content/drive/MyDrive/olx_fridges_dataset/images/fridge_dedec94fcf/5.jpg"", ""/content/drive/MyDrive/olx_fridges_dataset/images/fridge_dedec94fcf/6.jpg"", ""/content/drive/MyDrive/olx_fridges_dataset/images/fridge_dedec94fcf/7.jpg"", ""/content/drive/MyDrive/olx_fridges_dataset/images/fridge_dedec94fcf/8.jpg"", ""/content/drive/MyDrive/olx_fridges_dataset/images/fridge_dedec94fcf/9.jpg"", ""/content/drive/MyDrive/olx_fridges_dataset/images/fridge_dedec94fcf/10.jpg"", ""/content/drive/MyDrive/olx_fridges_dataset/images/fridge_dedec94fcf/11.jpg"", ""/content/drive/MyDrive/olx_fridges_dataset/images/fridge_dedec94fcf/12.jpg"", ""/content/drive/MyDrive/olx_fridges_dataset/images/fridge_dedec94fcf/13.jpg"", ""/content/drive/MyDrive/olx_fridges_dataset/images/fridge_dedec94fcf/14.jpg""]",14,2025-12-08 05:10:16.981256
fridge_63b3a50009,https://www.olx.in/item/fridges-c1617-lg-refrigerator-in-sunder-pur-ranbirsinghpora-iid-1828640304,LG refrigerator,LG refrigerator very good condition Very good cooling - Fridges,8000,"[""/content/drive/MyDrive/olx_fridges_dataset/images/fridge_63b3a50009/1.jpg"", ""/content/drive/MyDrive/olx_fridges_dataset/images/fridge_63b3a50009/2.jpg"", ""/content/drive/MyDrive/olx_fridges_dataset/images/fridge_63b3a50009/3.jpg"", ""/content/drive/MyDrive/olx_fridges_dataset/images/fridge_63b3a50009/4.jpg"", ""/content/drive/MyDrive/olx_fridges_dataset/images/fridge_63b3a50009/5.jpg"", ""/content/drive/MyDrive/olx_fridges_dataset/images/fridge_63b3a50009/6.jpg"", ""/content/drive/MyDrive/olx_fridges_dataset/images/fridge_63b3a50009/7.jpg"", ""/content/drive/MyDrive/olx_fridges_dataset/images/fridge_63b3a50009/8.jpg"", ""/content/drive/MyDrive/olx_fridges_dataset/images/fridge_63b3a50009/9.jpg"", ""/content/drive/MyDrive/olx_fridges_dataset/images/fridge_63b3a50009/10.jpg"", ""/content/drive/MyDrive/olx_fridges_dataset/images/fridge_63b3a50009/11.jpg"", ""/content/drive/MyDrive/olx_fridges_dataset/images/fridge_63b3a50009/12.jpg"", ""/content/drive/MyDrive/olx_fridges_dataset/images/fridge_63b3a50009/13.jpg"", ""/content/drive/MyDrive/olx_fridges_dataset/images/fridge_63b3a50009/14.jpg""]",14,2025-12-08 05:10:26.748160
fridge_af27b6fbf7,https://www.olx.in/item/fridges-c1617-lg-fridge-good-condition-in-mu-2-greater-noida-iid-1828639761,Lg fridge good condition,Lg Fridge good condition Double door - Fridges,18000,"[""/content/drive/MyDrive/olx_fridges_dataset/images/fridge_af27b6fbf7/1.jpg"", ""/content/drive/MyDrive/olx_fridges_dataset/images/fridge_af27b6fbf7/2.jpg"", ""/content/drive/MyDrive/olx_fridges_dataset/images/fridge_af27b6fbf7/3.jpg"", ""/content/drive/MyDrive/olx_fridges_dataset/images/fridge_af27b6fbf7/4.jpg"", ""/content/drive/MyDrive/olx_fridges_dataset/images/fridge_af27b6fbf7/5.jpg"", ""/content/drive/MyDrive/olx_fridges_dataset/images/fridge_af27b6fbf7/6.jpg"", ""/content/drive/MyDrive/olx_fridges_dataset/images/fridge_af27b6fbf7/7.jpg"", ""/content/drive/MyDrive/olx_fridges_dataset/images/fridge_af27b6fbf7/8.jpg"", ""/content/drive/MyDrive/olx_fridges_dataset/images/fridge_af27b6fbf7/9.jpg"", ""/content/drive/MyDrive/olx_fridges_dataset/images/fridge_af27b6fbf7/10.jpg"", ""/content/drive/MyDrive/olx_fridges_dataset/images/fridge_af27b6fbf7/11.jpg"", ""/content/drive/MyDrive/olx_fridges_dataset/images/fridge_af27b6fbf7/12.jpg"", ""/content/drive/MyDrive/olx_fridges_dataset/images/fridge_af27b6fbf7/13.jpg"", ""/content/drive/MyDrive/olx_fridges_dataset/images/fridge_af27b6fbf7/14.jpg""]",14,2025-12-08 05:10:35.434129
fridge_189ac355e9,https://www.olx.in/item/fridges-c1617-seconds-fridges-repairs-services-in-daba-garden-visakhapatnam-iid-1828640647,SECONDS FRIDGES REPAIRS & SERVICE'S,All types of companies are repair Washing machine repair Geyser repair Microven repair Ac's repair - Fridges,299,"[""/content/drive/MyDrive/olx_fridges_dataset/images/fridge_189ac355e9/1.jpg"", ""/content/drive/MyDrive/olx_fridges_dataset/images/fridge_189ac355e9/2.jpg"", ""/content/drive/MyDrive/olx_fridges_dataset/images/fridge_189ac355e9/3.jpg"", ""/content/drive/MyDrive/olx_fridges_dataset/images/fridge_189ac355e9/4.jpg"", ""/content/drive/MyDrive/olx_fridges_dataset/images/fridge_189ac355e9/5.jpg"", ""/content/drive/MyDrive/olx_fridges_dataset/images/fridge_189ac355e9/6.jpg"", ""/content/drive/MyDrive/olx_fridges_dataset/images/fridge_189ac355e9/7.jpg"", ""/content/drive/MyDrive/olx_fridges_dataset/images/fridge_189ac355e9/8.jpg"", ""/content/drive/MyDrive/olx_fridges_dataset/images/fridge_189ac355e9/9.jpg"", ""/content/drive/MyDrive/olx_fridges_dataset/images/fridge_189ac355e9/10.jpg"", ""/content/drive/MyDrive/olx_fridges_dataset/images/fridge_189ac355e9/11.jpg"", ""/content/drive/MyDrive/olx_fridges_dataset/images/fridge_189ac355e9/12.jpg"", ""/content/drive/MyDrive/olx_fridges_dataset/images/fridge_189ac355e9/13.jpg"", ""/content/drive/MyDrive/olx_fridges_dataset/images/fridge_189ac355e9/14.jpg""]",14,2025-12-08 05:10:44.994269
fridge_70b96cecab,https://www.olx.in/item/fridges-c1617-second-hand-used-fridge-availabley-in-changampuzha-nagar-kochi-iid-1748712694,Second hand used fridge availabley,All brands Available Free home delivery With replacement warranty Contact me - Fridges,4000,"[""/content/drive/MyDrive/olx_fridges_dataset/images/fridge_70b96cecab/1.jpg"", ""/content/drive/MyDrive/olx_fridges_dataset/images/fridge_70b96cecab/2.jpg"", ""/content/drive/MyDrive/olx_fridges_dataset/images/fridge_70b96cecab/3.jpg"", ""/content/drive/MyDrive/olx_fridges_dataset/images/fridge_70b96cecab/4.jpg"", ""/content/drive/MyDrive/olx_fridges_dataset/images/fridge_70b96cecab/5.jpg"", ""/content/drive/MyDrive/olx_fridges_dataset/images/fridge_70b96cecab/6.jpg"", ""/content/drive/MyDrive/olx_fridges_dataset/images/fridge_70b96cecab/7.jpg"", ""/content/drive/MyDrive/olx_fridges_dataset/images/fridge_70b96cecab/8.jpg"", ""/content/drive/MyDrive/olx_fridges_dataset/images/fridge_70b96cecab/9.jpg"", ""/content/drive/MyDrive/olx_fridges_dataset/images/fridge_70b96cecab/10.jpg"", ""/content/drive/MyDrive/olx_fridges_dataset/images/fridge_70b96cecab/11.jpg"", ""/content/drive/MyDrive/olx_fridges_dataset/images/fridge_70b96cecab/12.jpg"", ""/content/drive/MyDrive/olx_fridges_dataset/images/fridge_70b96cecab/13.jpg"", ""/content/drive/MyDrive/olx_fridges_dataset/images/fridge_70b96cecab/14.jpg"", ""/content/drive/MyDrive/olx_fridges_dataset/images/fridge_70b96cecab/15.jpg"", ""/content/drive/MyDrive/olx_fridges_dataset/images/fridge_70b96cecab/16.jpg""]",16,2025-12-08 05:10:54.609955
fridge_3fff2989ab,https://www.olx.in/item/fridges-c1617-high-quality-used-washing-machine-available-in-ambattukavu-kochi-iid-1748452457,High quality used washing machine available,Door delivery With replacement warranty All brands Available All items are available with waranty - Fridges,5000,"[""/content/drive/MyDrive/olx_fridges_dataset/images/fridge_3fff2989ab/1.jpg"", ""/content/drive/MyDrive/olx_fridges_dataset/images/fridge_3fff2989ab/2.jpg"", ""/content/drive/MyDrive/olx_fridges_dataset/images/fridge_3fff2989ab/3.jpg"", ""/content/drive/MyDrive/olx_fridges_dataset/images/fridge_3fff2989ab/4.jpg"", ""/content/drive/MyDrive/olx_fridges_dataset/images/fridge_3fff2989ab/5.jpg"", ""/content/drive/MyDrive/olx_fridges_dataset/images/fridge_3fff2989ab/6.jpg"", ""/content/drive/MyDrive/olx_fridges_dataset/images/fridge_3fff2989ab/7.jpg"", ""/content/drive/MyDrive/olx_fridges_dataset/images/fridge_3fff2989ab/8.jpg"", ""/content/drive/MyDrive/olx_fridges_dataset/images/fridge_3fff2989ab/9.jpg"", ""/content/drive/MyDrive/olx_fridges_dataset/images/fridge_3fff2989ab/10.jpg"", ""/content/drive/MyDrive/olx_fridges_dataset/images/fridge_3fff2989ab/11.jpg"", ""/content/drive/MyDrive/olx_fridges_dataset/images/fridge_3fff2989ab/12.jpg"", ""/content/drive/MyDrive/olx_fridges_dataset/images/fridge_3fff2989ab/13.jpg"", ""/content/drive/MyDrive/olx_fridges_dataset/images/fridge_3fff2989ab/14.jpg"", ""/content/drive/MyDrive/olx_fridges_dataset/images/fridge_3fff2989ab/15.jpg"", ""/content/drive/MyDrive/olx_fridges_dataset/images/fridge_3fff2989ab/16.jpg""]",16,2025-12-08 05:11:06.060201
fridge_a52df0e54b,https://www.olx.in/item/fridges-c1617-offer-on-single-door-refrigerator-with-warranty-and-free-delivery-in-kudlu-bengaluru-iid-1811690942,Offer on single door refrigerator with warranty and free delivery,Home appliances available: *Combo starting from rupees12000/- only *Single door starting from rupees 6000/- only *Double door starting from rupees 7000/- only *Top load washingmachine starting from 6000/- only *Frontload washing machine starting from 7000/- only Used home appliances available in excellent running condition with 1 year warranty 6 months free service free home delivery installation demo brand new inlet and outlet pies free. Buy back guarantee: If your willing to return the product within 15 months will give 50% off bought amount of the product and after 15 months will give 40% buy back guarantee .. More details contact us Thank you.. - Fridges,6499,"[""/content/drive/MyDrive/olx_fridges_dataset/images/fridge_a52df0e54b/1.jpg"", ""/content/drive/MyDrive/olx_fridges_dataset/images/fridge_a52df0e54b/2.jpg"", ""/content/drive/MyDrive/olx_fridges_dataset/images/fridge_a52df0e54b/3.jpg"", ""/content/drive/MyDrive/olx_fridges_dataset/images/fridge_a52df0e54b/4.jpg"", ""/content/drive/MyDrive/olx_fridges_dataset/images/fridge_a52df0e54b/5.jpg"", ""/content/drive/MyDrive/olx_fridges_dataset/images/fridge_a52df0e54b/6.jpg"", ""/content/drive/MyDrive/olx_fridges_dataset/images/fridge_a52df0e54b/7.jpg"", ""/content/drive/MyDrive/olx_fridges_dataset/images/fridge_a52df0e54b/8.jpg"", ""/content/drive/MyDrive/olx_fridges_dataset/images/fridge_a52df0e54b/9.jpg"", ""/content/drive/MyDrive/olx_fridges_dataset/images/fridge_a52df0e54b/10.jpg"", ""/content/drive/MyDrive/olx_fridges_dataset/images/fridge_a52df0e54b/11.jpg"", ""/content/drive/MyDrive/olx_fridges_dataset/images/fridge_a52df0e54b/12.jpg"", ""/content/drive/MyDrive/olx_fridges_dataset/images/fridge_a52df0e54b/13.jpg"", ""/content/drive/MyDrive/olx_fridges_dataset/images/fridge_a52df0e54b/14.jpg"", ""/content/drive/MyDrive/olx_fridges_dataset/images/fridge_a52df0e54b/15.jpg""]",15,2025-12-08 05:11:15.461521
fridge_60fe61d3e1,https://www.olx.in/item/fridges-c1617-efficient-top-load-washing-machines-for-every-home-in-hebbagodi-bengaluru-iid-1801221474,Efficient Top-Load Washing Machines for Every Home,"Exclusive Combo Offers at Unbeatable Prices! Starting Prices for Individual Appliances: Top Load Washing Machine: ₹4,500 Front Load Washing Machine: ₹6,500 Single Door Fridge: ₹5500 Double Door Fridge: ₹7,999 Combo Deals: Single Door Fridge + Top Load Washing Machine: ₹10,990 Double Door Fridge + Front Load Washing Machine: ₹14,499 Product Condition: Excellent working condition, fully refurbished and tested. Delivery: FREE doorstep delivery anywhere in Bangalore. Warranty: Refrigerators: 1-year compressor warranty + 6 months free doorstep service. Washing Machines: 3-year main motor warranty + 6 months free service. Payment Options: Cash on Delivery Online payment via UPI , cash, Card payments, imps, and other modes. Store Locations: 1. 6th Singapore Layout, MS Palya 2. 1st Main Road, Kanka Nagar, RT Nagar Post, Bengaluru, Karnataka - 560032 Limited Offer! Hurry Up! For more details, message us now! - Fridges",4500,"[""/content/drive/MyDrive/olx_fridges_dataset/images/fridge_60fe61d3e1/1.jpg"", ""/content/drive/MyDrive/olx_fridges_dataset/images/fridge_60fe61d3e1/2.jpg"", ""/content/drive/MyDrive/olx_fridges_dataset/images/fridge_60fe61d3e1/3.jpg"", ""/content/drive/MyDrive/olx_fridges_dataset/images/fridge_60fe61d3e1/4.jpg"", ""/content/drive/MyDrive/olx_fridges_dataset/images/fridge_60fe61d3e1/5.jpg"", ""/content/drive/MyDrive/olx_fridges_dataset/images/fridge_60fe61d3e1/6.jpg"", ""/content/drive/MyDrive/olx_fridges_dataset/images/fridge_60fe61d3e1/7.jpg"", ""/content/drive/MyDrive/olx_fridges_dataset/images/fridge_60fe61d3e1/8.jpg"", ""/content/drive/MyDrive/olx_fridges_dataset/images/fridge_60fe61d3e1/9.jpg"", ""/content/drive/MyDrive/olx_fridges_dataset/images/fridge_60fe61d3e1/10.jpg"", ""/content/drive/MyDrive/olx_fridges_dataset/images/fridge_60fe61d3e1/11.jpg"", ""/content/drive/MyDrive/olx_fridges_dataset/images/fridge_60fe61d3e1/12.jpg"", ""/content/drive/MyDrive/olx_fridges_dataset/images/fridge_60fe61d3e1/13.jpg"", ""/content/drive/MyDrive/olx_fridges_dataset/images/fridge_60fe61d3e1/14.jpg"", ""/content/drive/MyDrive/olx_fridges_dataset/images/fridge_60fe61d3e1/15.jpg"", ""/content/drive/MyDrive/olx_fridges_dataset/images/fridge_60fe61d3e1/16.jpg""]",16,2025-12-08 05:11:29.315090
fridge_c0c81fc52e,https://www.olx.in/item/fridges-c1617-all-brand-used-refrigerator-for-sale-in-coimbatore-central-railway-station-coimbatore-iid-1806427066,All brand used refrigerator for sale,All brand refrigerator washing machine ac for sale 4500 starting price good condition 6 months warranty door delivery available - Fridges,4500,"[""/content/drive/MyDrive/olx_fridges_dataset/images/fridge_c0c81fc52e/1.jpg"", ""/content/drive/MyDrive/olx_fridges_dataset/images/fridge_c0c81fc52e/2.jpg"", ""/content/drive/MyDrive/olx_fridges_dataset/images/fridge_c0c81fc52e/3.jpg"", ""/content/drive/MyDrive/olx_fridges_dataset/images/fridge_c0c81fc52e/4.jpg"", ""/content/drive/MyDrive/olx_fridges_dataset/images/fridge_c0c81fc52e/5.jpg"", ""/content/drive/MyDrive/olx_fridges_dataset/images/fridge_c0c81fc52e/6.jpg"", ""/content/drive/MyDrive/olx_fridges_dataset/images/fridge_c0c81fc52e/7.jpg"", ""/content/drive/MyDrive/olx_fridges_dataset/images/fridge_c0c81fc52e/8.jpg"", ""/content/drive/MyDrive/olx_fridges_dataset/images/fridge_c0c81fc52e/9.jpg"", ""/content/drive/MyDrive/olx_fridges_dataset/images/fridge_c0c81fc52e/10.jpg"", ""/content/drive/MyDrive/olx_fridges_dataset/images/fridge_c0c81fc52e/11.jpg"", ""/content/drive/MyDrive/olx_fridges_dataset/images/fridge_c0c81fc52e/12.jpg"", ""/content/drive/MyDrive/olx_fridges_dataset/images/fridge_c0c81fc52e/13.jpg"", ""/content/drive/MyDrive/olx_fridges_dataset/images/fridge_c0c81fc52e/14.jpg""]",14,2025-12-08 05:11:39.325581
fridge_910c028c2a,https://www.olx.in/item/fridges-c1617-water-cooler-in-running-condition-in-doctors-colony-sagar-iid-1828640645,Water Cooler In running Condition,Bluestar water Cooler - Fridges,25000,"[""/content/drive/MyDrive/olx_fridges_dataset/images/fridge_910c028c2a/1.jpg"", ""/content/drive/MyDrive/olx_fridges_dataset/images/fridge_910c028c2a/2.jpg"", ""/content/drive/MyDrive/olx_fridges_dataset/images/fridge_910c028c2a/3.jpg"", ""/content/drive/MyDrive/olx_fridges_dataset/images/fridge_910c028c2a/4.jpg"", ""/content/drive/MyDrive/olx_fridges_dataset/images/fridge_910c028c2a/5.jpg"", ""/content/drive/MyDrive/olx_fridges_dataset/images/fridge_910c028c2a/6.jpg"", ""/content/drive/MyDrive/olx_fridges_dataset/images/fridge_910c028c2a/7.jpg"", ""/content/drive/MyDrive/olx_fridges_dataset/images/fridge_910c028c2a/8.jpg"", ""/content/drive/MyDrive/olx_fridges_dataset/images/fridge_910c028c2a/9.jpg"", ""/content/drive/MyDrive/olx_fridges_dataset/images/fridge_910c028c2a/10.jpg"", ""/content/drive/MyDrive/olx_fridges_dataset/images/fridge_910c028c2a/11.jpg"", ""/content/drive/MyDrive/olx_fridges_dataset/images/fridge_910c028c2a/12.jpg"", ""/content/drive/MyDrive/olx_fridges_dataset/images/fridge_910c028c2a/13.jpg"", ""/content/drive/MyDrive/olx_fridges_dataset/images/fridge_910c028c2a/14.jpg""]",14,2025-12-08 05:11:47.955045
fridge_7ec56da205,https://www.olx.in/item/fridges-c1617-high-quality-used-fridge-and-washing-machine-in-arakkunnam-kochi-iid-1748568597,@High quality used fridge and washing machine,Door delivery available With replacement warranty All brands Available Contact us* - Fridges,5500,"[""/content/drive/MyDrive/olx_fridges_dataset/images/fridge_7ec56da205/1.jpg"", ""/content/drive/MyDrive/olx_fridges_dataset/images/fridge_7ec56da205/2.jpg"", ""/content/drive/MyDrive/olx_fridges_dataset/images/fridge_7ec56da205/3.jpg"", ""/content/drive/MyDrive/olx_fridges_dataset/images/fridge_7ec56da205/4.jpg"", ""/content/drive/MyDrive/olx_fridges_dataset/images/fridge_7ec56da205/5.jpg"", ""/content/drive/MyDrive/olx_fridges_dataset/images/fridge_7ec56da205/6.jpg"", ""/content/drive/MyDrive/olx_fridges_dataset/images/fridge_7ec56da205/7.jpg"", ""/content/drive/MyDrive/olx_fridges_dataset/images/fridge_7ec56da205/8.jpg"", ""/content/drive/MyDrive/olx_fridges_dataset/images/fridge_7ec56da205/9.jpg"", ""/content/drive/MyDrive/olx_fridges_dataset/images/fridge_7ec56da205/10.jpg"", ""/content/drive/MyDrive/olx_fridges_dataset/images/fridge_7ec56da205/11.jpg"", ""/content/drive/MyDrive/olx_fridges_dataset/images/fridge_7ec56da205/12.jpg"", ""/content/drive/MyDrive/olx_fridges_dataset/images/fridge_7ec56da205/13.jpg"", ""/content/drive/MyDrive/olx_fridges_dataset/images/fridge_7ec56da205/14.jpg"", ""/content/drive/MyDrive/olx_fridges_dataset/images/fridge_7ec56da205/15.jpg"", ""/content/drive/MyDrive/olx_fridges_dataset/images/fridge_7ec56da205/16.jpg""]",16,2025-12-08 05:11:57.710938
fridge_f870cc905d,https://www.olx.in/item/fridges-c1617-samsung-236-liters-frost-free-double-door-3-star-digital-inverter-in-parappana-agrahara-bengaluru-iid-1828638805,"Samsung 236 liters frost free double door 3 star, digital inverter","Selling my 4 year old refrigerator. Well maintained, no repair till now. Selling because I have to buy more capacity one. Only genuine buyers contact me. No reply for bargainers - Fridges",13000,"[""/content/drive/MyDrive/olx_fridges_dataset/images/fridge_f870cc905d/1.jpg"", ""/content/drive/MyDrive/olx_fridges_dataset/images/fridge_f870cc905d/2.jpg"", ""/content/drive/MyDrive/olx_fridges_dataset/images/fridge_f870cc905d/3.jpg"", ""/content/drive/MyDrive/olx_fridges_dataset/images/fridge_f870cc905d/4.jpg"", ""/content/drive/MyDrive/olx_fridges_dataset/images/fridge_f870cc905d/5.jpg"", ""/content/drive/MyDrive/olx_fridges_dataset/images/fridge_f870cc905d/6.jpg"", ""/content/drive/MyDrive/olx_fridges_dataset/images/fridge_f870cc905d/7.jpg"", ""/content/drive/MyDrive/olx_fridges_dataset/images/fridge_f870cc905d/8.jpg"", ""/content/drive/MyDrive/olx_fridges_dataset/images/fridge_f870cc905d/9.jpg"", ""/content/drive/MyDrive/olx_fridges_dataset/images/fridge_f870cc905d/10.jpg"", ""/content/drive/MyDrive/olx_fridges_dataset/images/fridge_f870cc905d/11.jpg"", ""/content/drive/MyDrive/olx_fridges_dataset/images/fridge_f870cc905d/12.jpg"", ""/content/drive/MyDrive/olx_fridges_dataset/images/fridge_f870cc905d/13.jpg"", ""/content/drive/MyDrive/olx_fridges_dataset/images/fridge_f870cc905d/14.jpg""]",14,2025-12-08 05:12:06.876447
fridge_8e3efd07ab,https://www.olx.in/item/fridges-c1617-haeir-refrigerator-and-samsung-tv-in-rajiv-nagar-stage-3-mysuru-iid-1828015350,Haeir Refrigerator and Samsung TV,I am selling Haeir double door refrigerator and 43inch samsung tv. Both under warranty . Brand new like products. Just 9 and 7 months old. Slightly negotiable. With bills available for both the items. Please interested people dm kindly don't waste time - Fridges,45000,"[""/content/drive/MyDrive/olx_fridges_dataset/images/fridge_8e3efd07ab/1.jpg"", ""/content/drive/MyDrive/olx_fridges_dataset/images/fridge_8e3efd07ab/2.jpg"", ""/content/drive/MyDrive/olx_fridges_dataset/images/fridge_8e3efd07ab/3.jpg"", ""/content/drive/MyDrive/olx_fridges_dataset/images/fridge_8e3efd07ab/4.jpg"", ""/content/drive/MyDrive/olx_fridges_dataset/images/fridge_8e3efd07ab/5.jpg"", ""/content/drive/MyDrive/olx_fridges_dataset/images/fridge_8e3efd07ab/6.jpg"", ""/content/drive/MyDrive/olx_fridges_dataset/images/fridge_8e3efd07ab/7.jpg"", ""/content/drive/MyDrive/olx_fridges_dataset/images/fridge_8e3efd07ab/8.jpg"", ""/content/drive/MyDrive/olx_fridges_dataset/images/fridge_8e3efd07ab/9.jpg"", ""/content/drive/MyDrive/olx_fridges_dataset/images/fridge_8e3efd07ab/10.jpg"", ""/content/drive/MyDrive/olx_fridges_dataset/images/fridge_8e3efd07ab/11.jpg"", ""/content/drive/MyDrive/olx_fridges_dataset/images/fridge_8e3efd07ab/12.jpg"", ""/content/drive/MyDrive/olx_fridges_dataset/images/fridge_8e3efd07ab/13.jpg"", ""/content/drive/MyDrive/olx_fridges_dataset/images/fridge_8e3efd07ab/14.jpg""]",14,2025-12-08 05:12:20.795066
fridge_4eab84855b,https://www.olx.in/item/fridges-c1617-5-year-warranty-fridge-washing-machine-ac-free-delivery-less-used-in-grant-road-area-mumbai-iid-1826521970,5 YEAR WARRANTY_ FRIDGE WASHING MACHINE AC _FREE DELIVERY _LESS USED,"@@ WE ARE FROM AIR COOL CENTER . OUR SHOP CAN PROVIDE HARDLY USED APPLIANCES @@ ## BEST 5 YEAR WARRANTY WITH FRIDGES/ WASHING MACHINE AND DELIVERY FREE MUMBAI , THANE , NAVI MUMBAI ## ** WE CAN PROVIDE APPLIANCES LIKE :- ** '' 1) FRIDGES { SINGAL DOOR , DOUBLE DOOR AND BIG SIZE DOUBLE DOOR AVAILABLE ALSO SIDE BY SIDE AVAILABLE } '' '' 2)WASHING MACHINE { FULLY AUTOMATIC } '' '' 3)AC {SPLIT AC AND WINDOW AC } '' ** BEST PRICES OF APPLIANCES LIKE:- ** @ 1) FRIDGE :- i) singal door :- 6500 /- TO 7500/- ii) double door :- 8500/- TO 45000/- @ @ 2) WASHING MACHINE :- i)fully automatic :- 6500/- TO 14500/- @ @ 3) WINDOW AC :- i) 1 ton window ac :- 10500/- TO 14500/- {brand :- lg , samsung } ii) 1.5 ton window ac :- 14500/- TO 16500/- {brand :- lg , samsung} @ @ 4) SPLIT AC :- i) 1 ton split ac :- 13500/- TO 14500/- ii) 1.5 ton split ac :- 15500/- TO 18500/- @ @@ JUST 2 TO 3 YEAR USED APPLIANCE @@ *** NOTE :- *** 1) 5 year warranty on compressor of fridge and motor of washing machine. 2) Delivery free all Mumbai/ Thane / Navi Mumbai. 3) Inlet /Outlet pipes free with washing machine . 4) Also available on Rent basis :- i) Rs.500/-per month for washing machine single door fridge ii) Rs.700/-per month for double door fridge[below 280 lit fridge] iii) Rs.800/-per month for 1 ton window Ac iv) Rs.1000/- per month for 1.5 ton window Ac 6) 50% cash back facility too. $ for more details call us and same number for whatsapp information $ *Air cool centre* More details:- Contact pooja Shop no. 4 Yadav colony, Near orange tree school, Opposite trans apartment, Mahakali caves road, Andheri East, Mumbai 400093. LAND MARK :- Shri Sathya Sai Baba dharmakshetra & school Shop time:- 10 am to 10 pm All day open F F F - Fridges",500,"[""/content/drive/MyDrive/olx_fridges_dataset/images/fridge_4eab84855b/1.jpg"", ""/content/drive/MyDrive/olx_fridges_dataset/images/fridge_4eab84855b/2.jpg"", ""/content/drive/MyDrive/olx_fridges_dataset/images/fridge_4eab84855b/3.jpg"", ""/content/drive/MyDrive/olx_fridges_dataset/images/fridge_4eab84855b/4.jpg"", ""/content/drive/MyDrive/olx_fridges_dataset/images/fridge_4eab84855b/5.jpg"", ""/content/drive/MyDrive/olx_fridges_dataset/images/fridge_4eab84855b/6.jpg"", ""/content/drive/MyDrive/olx_fridges_dataset/images/fridge_4eab84855b/7.jpg"", ""/content/drive/MyDrive/olx_fridges_dataset/images/fridge_4eab84855b/8.jpg"", ""/content/drive/MyDrive/olx_fridges_dataset/images/fridge_4eab84855b/9.jpg"", ""/content/drive/MyDrive/olx_fridges_dataset/images/fridge_4eab84855b/10.jpg"", ""/content/drive/MyDrive/olx_fridges_dataset/images/fridge_4eab84855b/11.jpg"", ""/content/drive/MyDrive/olx_fridges_dataset/images/fridge_4eab84855b/12.jpg"", ""/content/drive/MyDrive/olx_fridges_dataset/images/fridge_4eab84855b/13.jpg"", ""/content/drive/MyDrive/olx_fridges_dataset/images/fridge_4eab84855b/14.jpg"", ""/content/drive/MyDrive/olx_fridges_dataset/images/fridge_4eab84855b/15.jpg"", ""/content/drive/MyDrive/olx_fridges_dataset/images/fridge_4eab84855b/16.jpg""]",16,2025-12-08 05:12:31.821875
fridge_1bc3c556ee,https://www.olx.in/item/fridges-c1617-6500-low-price-fridge-washing-machine-available-5-years-warranty-in-govandi-mumbai-iid-1828436646,6500/- [ LOW PRICE FRIDGE WASHING MACHINE AVAILABLE ] 5 YEARS WARRANTY,"Single door fridge available Double door fridge available Top load washing machine available 5 YEARS WARRANTY @@ WE ARE FROM SHIFA ELECTRONICS OUR SHOP CAN PROVIDE HARDLY USED APPLIANCE @ BEST 5 YEAR'S WARRANTY FRIDGE /WASHING MACHINE AND TECHNICIANS SERVICE ALL OVER MUMBAI,, *WE CAN PROVIDE APPLIANCES LIKE * JUST SECOND HAND 2/3 YEAR'S USED APPLIANCE =[ BRAND =] = LG, SAMSUNG, WHIRLPOOL, HAIR, FRIDGE =] SINGLE DOOR FRIDGE AVAILABLE =] DOUBLE DOOR FRIDGE AVAILABLE WASHING MACHINE =] TOP LOAD FULLY AUTOMATIC WASHING MACHINE AVAILABLE =] SEMI WASHING MACHINE AVAILABLE 1. FRIDGE Single door :- 6500/- to 7500/- double door:- 8500/- to 15500/- 2. WASHING MACHINE Washing machine:- 6500/- to 12500/- 3. WINDOWS AC AVAILABLE 4. SPLIT AC AVAILABLE =[ WARRANTY ON APPLIANCE = = @ 5 YEAR'S COMPRESSOR WARRANTY ON FRIDGE. =@ 5 YEAR'S MOTOR WARRANTY ON WASHING MACHINE =@ NEW INLET AND OUT LET PIPE FREE FOR WASHING MACHINE ALSO AVAILABLE ON RENT BASIS 1) 500/- par month single door fridge 2) 500/- par month washing machine. 2) 700 /- par month double door fridge. FOR MORE DETAILS CALL US. SHIFA ELECTRONICS , PREM NAGAR, FISH MARKET, JOGESHWARI EAST. MUMBAI. Pin -400060. - Fridges",6500,"[""/content/drive/MyDrive/olx_fridges_dataset/images/fridge_1bc3c556ee/1.jpg"", ""/content/drive/MyDrive/olx_fridges_dataset/images/fridge_1bc3c556ee/2.jpg"", ""/content/drive/MyDrive/olx_fridges_dataset/images/fridge_1bc3c556ee/3.jpg"", ""/content/drive/MyDrive/olx_fridges_dataset/images/fridge_1bc3c556ee/4.jpg"", ""/content/drive/MyDrive/olx_fridges_dataset/images/fridge_1bc3c556ee/5.jpg"", ""/content/drive/MyDrive/olx_fridges_dataset/images/fridge_1bc3c556ee/6.jpg"", ""/content/drive/MyDrive/olx_fridges_dataset/images/fridge_1bc3c556ee/7.jpg"", ""/content/drive/MyDrive/olx_fridges_dataset/images/fridge_1bc3c556ee/8.jpg"", ""/content/drive/MyDrive/olx_fridges_dataset/images/fridge_1bc3c556ee/9.jpg"", ""/content/drive/MyDrive/olx_fridges_dataset/images/fridge_1bc3c556ee/10.jpg"", ""/content/drive/MyDrive/olx_fridges_dataset/images/fridge_1bc3c556ee/11.jpg"", ""/content/drive/MyDrive/olx_fridges_dataset/images/fridge_1bc3c556ee/12.jpg"", ""/content/drive/MyDrive/olx_fridges_dataset/images/fridge_1bc3c556ee/13.jpg"", ""/content/drive/MyDrive/olx_fridges_dataset/images/fridge_1bc3c556ee/14.jpg""]",14,2025-12-08 05:12:42.598589
fridge_42e668c761,https://www.olx.in/item/fridges-c1617-whirlpool-190-ltr-fridge-in-moor-avenue-kolkata-iid-1827902955,Whirlpool 190 Ltr Fridge,"Auto Defrost, Inverter Compatible l, Inbuilt Stabilizer, Control Panel Outside Fridge Door - Fridges",9999,"[""/content/drive/MyDrive/olx_fridges_dataset/images/fridge_42e668c761/1.jpg"", ""/content/drive/MyDrive/olx_fridges_dataset/images/fridge_42e668c761/2.jpg"", ""/content/drive/MyDrive/olx_fridges_dataset/images/fridge_42e668c761/3.jpg"", ""/content/drive/MyDrive/olx_fridges_dataset/images/fridge_42e668c761/4.jpg"", ""/content/drive/MyDrive/olx_fridges_dataset/images/fridge_42e668c761/5.jpg"", ""/content/drive/MyDrive/olx_fridges_dataset/images/fridge_42e668c761/6.jpg"", ""/content/drive/MyDrive/olx_fridges_dataset/images/fridge_42e668c761/7.jpg"", ""/content/drive/MyDrive/olx_fridges_dataset/images/fridge_42e668c761/8.jpg"", ""/content/drive/MyDrive/olx_fridges_dataset/images/fridge_42e668c761/9.jpg"", ""/content/drive/MyDrive/olx_fridges_dataset/images/fridge_42e668c761/10.jpg"", ""/content/drive/MyDrive/olx_fridges_dataset/images/fridge_42e668c761/11.jpg"", ""/content/drive/MyDrive/olx_fridges_dataset/images/fridge_42e668c761/12.jpg"", ""/content/drive/MyDrive/olx_fridges_dataset/images/fridge_42e668c761/13.jpg"", ""/content/drive/MyDrive/olx_fridges_dataset/images/fridge_42e668c761/14.jpg""]",14,2025-12-08 05:12:52.238764
fridge_c3226350b3,https://www.olx.in/item/fridges-c1617-samsung-double-door-refrigerator-in-satrampadu-eluru-iid-1828472427,Samsung double door refrigerator,Samsung double door convertible freezer refrigerator with smart connect inverter and inbuilt stabilizer. Gross volume 345 litres and storage volume 322 litres - Fridges,12000,"[""/content/drive/MyDrive/olx_fridges_dataset/images/fridge_c3226350b3/1.jpg"", ""/content/drive/MyDrive/olx_fridges_dataset/images/fridge_c3226350b3/2.jpg"", ""/content/drive/MyDrive/olx_fridges_dataset/images/fridge_c3226350b3/3.jpg"", ""/content/drive/MyDrive/olx_fridges_dataset/images/fridge_c3226350b3/4.jpg"", ""/content/drive/MyDrive/olx_fridges_dataset/images/fridge_c3226350b3/5.jpg"", ""/content/drive/MyDrive/olx_fridges_dataset/images/fridge_c3226350b3/6.jpg"", ""/content/drive/MyDrive/olx_fridges_dataset/images/fridge_c3226350b3/7.jpg"", ""/content/drive/MyDrive/olx_fridges_dataset/images/fridge_c3226350b3/8.jpg"", ""/content/drive/MyDrive/olx_fridges_dataset/images/fridge_c3226350b3/9.jpg"", ""/content/drive/MyDrive/olx_fridges_dataset/images/fridge_c3226350b3/10.jpg"", ""/content/drive/MyDrive/olx_fridges_dataset/images/fridge_c3226350b3/11.jpg"", ""/content/drive/MyDrive/olx_fridges_dataset/images/fridge_c3226350b3/12.jpg"", ""/content/drive/MyDrive/olx_fridges_dataset/images/fridge_c3226350b3/13.jpg"", ""/content/drive/MyDrive/olx_fridges_dataset/images/fridge_c3226350b3/14.jpg""]",14,2025-12-08 05:12:59.102389
fridge_1db968157f,https://www.olx.in/item/fridges-c1617-soda-machine-in-nagbhai-dhar-baldev-dhar-jetpur-navagadh-iid-1827511532,Soda machine,Soda machine 6+1 - Fridges,65000,"[""/content/drive/MyDrive/olx_fridges_dataset/images/fridge_1db968157f/1.jpg"", ""/content/drive/MyDrive/olx_fridges_dataset/images/fridge_1db968157f/2.jpg"", ""/content/drive/MyDrive/olx_fridges_dataset/images/fridge_1db968157f/3.jpg"", ""/content/drive/MyDrive/olx_fridges_dataset/images/fridge_1db968157f/4.jpg"", ""/content/drive/MyDrive/olx_fridges_dataset/images/fridge_1db968157f/5.jpg"", ""/content/drive/MyDrive/olx_fridges_dataset/images/fridge_1db968157f/6.jpg"", ""/content/drive/MyDrive/olx_fridges_dataset/images/fridge_1db968157f/7.jpg"", ""/content/drive/MyDrive/olx_fridges_dataset/images/fridge_1db968157f/8.jpg"", ""/content/drive/MyDrive/olx_fridges_dataset/images/fridge_1db968157f/9.jpg"", ""/content/drive/MyDrive/olx_fridges_dataset/images/fridge_1db968157f/10.jpg"", ""/content/drive/MyDrive/olx_fridges_dataset/images/fridge_1db968157f/11.jpg"", ""/content/drive/MyDrive/olx_fridges_dataset/images/fridge_1db968157f/12.jpg"", ""/content/drive/MyDrive/olx_fridges_dataset/images/fridge_1db968157f/13.jpg"", ""/content/drive/MyDrive/olx_fridges_dataset/images/fridge_1db968157f/14.jpg""]",14,2025-12-08 05:13:08.249480
fridge_cc598fea82,https://www.olx.in/item/fridges-c1617-lg-washing-machine-65-kg-fre-with-delivery-in-bellandur-bengaluru-iid-1783484034,¥¥€^=×••¢¢{LG washing machine 6.5 kg fre with delivery ££,GET ELECTRONICS: Branches Located : .Nagawara .Marathahalli .HSR layout .Sarjapura Road Home appliances available: *Combo starting from rupees12000/- only *Single door starting from rupees 6000/- only *Double door starting from rupees 7000/- only *Top load washingmachine starting from 6000/- only *Frontload washing machine starting from 7000/- only Used home appliances available in excellent running condition with 1 year warranty 6 months free service free home delivery installation demo brand new inlet and outlet pies free. Buy back guarantee: If your willing to return the product within 15 months will give 50% off bought amount of the product and after 15 months will give 40% buy back guarantee .. More details contact us Thank you.. - Fridges,7000,"[""/content/drive/MyDrive/olx_fridges_dataset/images/fridge_cc598fea82/1.jpg"", ""/content/drive/MyDrive/olx_fridges_dataset/images/fridge_cc598fea82/2.jpg"", ""/content/drive/MyDrive/olx_fridges_dataset/images/fridge_cc598fea82/3.jpg"", ""/content/drive/MyDrive/olx_fridges_dataset/images/fridge_cc598fea82/4.jpg"", ""/content/drive/MyDrive/olx_fridges_dataset/images/fridge_cc598fea82/5.jpg"", ""/content/drive/MyDrive/olx_fridges_dataset/images/fridge_cc598fea82/6.jpg"", ""/content/drive/MyDrive/olx_fridges_dataset/images/fridge_cc598fea82/7.jpg"", ""/content/drive/MyDrive/olx_fridges_dataset/images/fridge_cc598fea82/8.jpg"", ""/content/drive/MyDrive/olx_fridges_dataset/images/fridge_cc598fea82/9.jpg"", ""/content/drive/MyDrive/olx_fridges_dataset/images/fridge_cc598fea82/10.jpg"", ""/content/drive/MyDrive/olx_fridges_dataset/images/fridge_cc598fea82/11.jpg"", ""/content/drive/MyDrive/olx_fridges_dataset/images/fridge_cc598fea82/12.jpg"", ""/content/drive/MyDrive/olx_fridges_dataset/images/fridge_cc598fea82/13.jpg"", ""/content/drive/MyDrive/olx_fridges_dataset/images/fridge_cc598fea82/14.jpg""]",14,2025-12-08 05:13:19.147241
fridge_3f4dae4eee,https://www.olx.in/item/fridges-c1617-lg-165ltrs-single-door-fridge-with-free-home-delivery-in-munekolala-bengaluru-iid-1794225616,"lg 165ltrs, single door fridge with free home delivery","Best combo offers in best price (Starting prices) * Top load washing machine starting in - ₹ 4500 * Front load washing machine starting in - ₹6500 * Single door fridge & top load w/m - ₹10990 * Double door fridge & Front load w/m - ₹ 13990 * Condition. : excellent working condition * Delivery : FREE doorstep delivery anywhere in banglore * Installation : FREE installation with brand new inlet and outlet pipes for washing machine * Warranty washingh machine : 3 years warranty for main motor & 6 months doorstep service warranty Free fridge : one year compresoor warranty & 6 months service free Now combo also available :: in Best price Payment mode : cash on delivery (UPI Payments, cash, ) Located at :1st main rd, kanaka nagar, RT nagar post, bengalore karnataka 560032 Limited offer hurry up!! FOR more details message me // - Fridges",4500,"[""/content/drive/MyDrive/olx_fridges_dataset/images/fridge_3f4dae4eee/1.jpg"", ""/content/drive/MyDrive/olx_fridges_dataset/images/fridge_3f4dae4eee/2.jpg"", ""/content/drive/MyDrive/olx_fridges_dataset/images/fridge_3f4dae4eee/3.jpg"", ""/content/drive/MyDrive/olx_fridges_dataset/images/fridge_3f4dae4eee/4.jpg"", ""/content/drive/MyDrive/olx_fridges_dataset/images/fridge_3f4dae4eee/5.jpg"", ""/content/drive/MyDrive/olx_fridges_dataset/images/fridge_3f4dae4eee/6.jpg"", ""/content/drive/MyDrive/olx_fridges_dataset/images/fridge_3f4dae4eee/7.jpg"", ""/content/drive/MyDrive/olx_fridges_dataset/images/fridge_3f4dae4eee/8.jpg"", ""/content/drive/MyDrive/olx_fridges_dataset/images/fridge_3f4dae4eee/9.jpg"", ""/content/drive/MyDrive/olx_fridges_dataset/images/fridge_3f4dae4eee/10.jpg"", ""/content/drive/MyDrive/olx_fridges_dataset/images/fridge_3f4dae4eee/11.jpg"", ""/content/drive/MyDrive/olx_fridges_dataset/images/fridge_3f4dae4eee/12.jpg"", ""/content/drive/MyDrive/olx_fridges_dataset/images/fridge_3f4dae4eee/13.jpg"", ""/content/drive/MyDrive/olx_fridges_dataset/images/fridge_3f4dae4eee/14.jpg"", ""/content/drive/MyDrive/olx_fridges_dataset/images/fridge_3f4dae4eee/15.jpg"", ""/content/drive/MyDrive/olx_fridges_dataset/images/fridge_3f4dae4eee/16.jpg""]",16,2025-12-08 05:13:30.959931
fridge_5dd42141b5,https://www.olx.in/item/fridges-c1617-second-hand-fridge-sales-in-chetty-palyam-coimbatore-iid-1828638835,Second Hand fridge Sales,"Good working condition Delivery arranged Warranty provided Good service All branded & models available Shop:-palakkad, coimbatore - Fridges",4300,"[""/content/drive/MyDrive/olx_fridges_dataset/images/fridge_5dd42141b5/1.jpg"", ""/content/drive/MyDrive/olx_fridges_dataset/images/fridge_5dd42141b5/2.jpg"", ""/content/drive/MyDrive/olx_fridges_dataset/images/fridge_5dd42141b5/3.jpg"", ""/content/drive/MyDrive/olx_fridges_dataset/images/fridge_5dd42141b5/4.jpg"", ""/content/drive/MyDrive/olx_fridges_dataset/images/fridge_5dd42141b5/5.jpg"", ""/content/drive/MyDrive/olx_fridges_dataset/images/fridge_5dd42141b5/6.jpg"", ""/content/drive/MyDrive/olx_fridges_dataset/images/fridge_5dd42141b5/7.jpg"", ""/content/drive/MyDrive/olx_fridges_dataset/images/fridge_5dd42141b5/8.jpg"", ""/content/drive/MyDrive/olx_fridges_dataset/images/fridge_5dd42141b5/9.jpg"", ""/content/drive/MyDrive/olx_fridges_dataset/images/fridge_5dd42141b5/10.jpg"", ""/content/drive/MyDrive/olx_fridges_dataset/images/fridge_5dd42141b5/11.jpg"", ""/content/drive/MyDrive/olx_fridges_dataset/images/fridge_5dd42141b5/12.jpg"", ""/content/drive/MyDrive/olx_fridges_dataset/images/fridge_5dd42141b5/13.jpg"", ""/content/drive/MyDrive/olx_fridges_dataset/images/fridge_5dd42141b5/14.jpg""]",14,2025-12-08 05:13:40.232154
fridge_858aba5616,https://www.olx.in/item/fridges-c1617-lg-smart-inverter-double-door-highquality-fridges-at-unbeatable-prices-in-begur-bengaluru-iid-1801224321,LG smart inverter double door HighQuality Fridges at Unbeatable Prices,"Exclusive Combo Offers at Unbeatable Prices! Starting Prices for Individual Appliances: Top Load Washing Machine: ₹5500 Front Load Washing Machine: ₹6,500 Single Door Fridge: ₹5500 Double Door Fridge: ₹7,999 Combo Deals: Single Door Fridge + Top Load Washing Machine: ₹10,990 Double Door Fridge + Front Load Washing Machine: ₹14,499 Product Condition: Excellent working condition, fully refurbished and tested. Delivery: FREE doorstep delivery anywhere in Bangalore. Warranty: Refrigerators: 1-year compressor warranty + 6 months free doorstep service. Washing Machines: 3-year main motor warranty + 6 months free service. Payment Options: Cash on Delivery Online payment via UPI , cash, Card payments, imps, and other modes. Store Locations: 1. 6th Singapore Layout, MS Palya 2. 1st Main Road, Kanka Nagar, RT Nagar Post, Bengaluru, Karnataka - 560032 Limited Offer! Hurry Up! For more details, message us now! - Fridges",5500,"[""/content/drive/MyDrive/olx_fridges_dataset/images/fridge_858aba5616/1.jpg"", ""/content/drive/MyDrive/olx_fridges_dataset/images/fridge_858aba5616/2.jpg"", ""/content/drive/MyDrive/olx_fridges_dataset/images/fridge_858aba5616/3.jpg"", ""/content/drive/MyDrive/olx_fridges_dataset/images/fridge_858aba5616/4.jpg"", ""/content/drive/MyDrive/olx_fridges_dataset/images/fridge_858aba5616/5.jpg"", ""/content/drive/MyDrive/olx_fridges_dataset/images/fridge_858aba5616/6.jpg"", ""/content/drive/MyDrive/olx_fridges_dataset/images/fridge_858aba5616/7.jpg"", ""/content/drive/MyDrive/olx_fridges_dataset/images/fridge_858aba5616/8.jpg"", ""/content/drive/MyDrive/olx_fridges_dataset/images/fridge_858aba5616/9.jpg"", ""/content/drive/MyDrive/olx_fridges_dataset/images/fridge_858aba5616/10.jpg"", ""/content/drive/MyDrive/olx_fridges_dataset/images/fridge_858aba5616/11.jpg"", ""/content/drive/MyDrive/olx_fridges_dataset/images/fridge_858aba5616/12.jpg"", ""/content/drive/MyDrive/olx_fridges_dataset/images/fridge_858aba5616/13.jpg"", ""/content/drive/MyDrive/olx_fridges_dataset/images/fridge_858aba5616/14.jpg"", ""/content/drive/MyDrive/olx_fridges_dataset/images/fridge_858aba5616/15.jpg"", ""/content/drive/MyDrive/olx_fridges_dataset/images/fridge_858aba5616/16.jpg""]",16,2025-12-08 05:13:50.850081
fridge_1cb8e7b231,https://www.olx.in/item/fridges-c1617-fridge-new-in-sriramapura-bengaluru-iid-1828639015,Fridge new,"Whirlpool Fridge 5 star rating, new model - Fridges",6500,"[""/content/drive/MyDrive/olx_fridges_dataset/images/fridge_1cb8e7b231/1.jpg"", ""/content/drive/MyDrive/olx_fridges_dataset/images/fridge_1cb8e7b231/2.jpg"", ""/content/drive/MyDrive/olx_fridges_dataset/images/fridge_1cb8e7b231/3.jpg"", ""/content/drive/MyDrive/olx_fridges_dataset/images/fridge_1cb8e7b231/4.jpg"", ""/content/drive/MyDrive/olx_fridges_dataset/images/fridge_1cb8e7b231/5.jpg"", ""/content/drive/MyDrive/olx_fridges_dataset/images/fridge_1cb8e7b231/6.jpg"", ""/content/drive/MyDrive/olx_fridges_dataset/images/fridge_1cb8e7b231/7.jpg"", ""/content/drive/MyDrive/olx_fridges_dataset/images/fridge_1cb8e7b231/8.jpg"", ""/content/drive/MyDrive/olx_fridges_dataset/images/fridge_1cb8e7b231/9.jpg"", ""/content/drive/MyDrive/olx_fridges_dataset/images/fridge_1cb8e7b231/10.jpg"", ""/content/drive/MyDrive/olx_fridges_dataset/images/fridge_1cb8e7b231/11.jpg"", ""/content/drive/MyDrive/olx_fridges_dataset/images/fridge_1cb8e7b231/12.jpg"", ""/content/drive/MyDrive/olx_fridges_dataset/images/fridge_1cb8e7b231/13.jpg"", ""/content/drive/MyDrive/olx_fridges_dataset/images/fridge_1cb8e7b231/14.jpg""]",14,2025-12-08 05:14:00.811193
fridge_5d29a542f7,https://www.olx.in/item/fridges-c1617-6500-fridge-with-5-years-warranty-delivery-aval-mumbai-in-goregaon-west-mumbai-iid-1828436462,6500/- [ FRIDGE ] WITH 5 YEARS WARRANTY [ DELIVERY AVAL ] MUMBAI,"Only 6500/- single door fridge with 5 years warranty Best low price washing machine available Fast delivery available at Mumbai @@ WE ARE FROM SHIFA ELECTRONICS OUR SHOP CAN PROVIDE HARDLY USED APPLIANCE @ BEST 5 YEAR'S WARRANTY FRIDGE /WASHING MACHINE AND TECHNICIANS SERVICE ALL OVER MUMBAI,, *WE CAN PROVIDE APPLIANCES LIKE * JUST SECOND HAND 2/3 YEAR'S USED APPLIANCE =[ BRAND =] = LG, SAMSUNG, WHIRLPOOL, HAIR, FRIDGE =] SINGLE DOOR FRIDGE AVAILABLE =] DOUBLE DOOR FRIDGE AVAILABLE WASHING MACHINE =] TOP LOAD FULLY AUTOMATIC WASHING MACHINE AVAILABLE =] SEMI WASHING MACHINE AVAILABLE 1. FRIDGE Single door :- 6500/- to 7500/- double door:- 8500/- to 15500/- 2. WASHING MACHINE Washing machine:- 6500/- to 12500/- 3. WINDOWS AC AVAILABLE 4. SPLIT AC AVAILABLE =[ WARRANTY ON APPLIANCE = = @ 5 YEAR'S COMPRESSOR WARRANTY ON FRIDGE. =@ 5 YEAR'S MOTOR WARRANTY ON WASHING MACHINE =@ NEW INLET AND OUT LET PIPE FREE FOR WASHING MACHINE ALSO AVAILABLE ON RENT BASIS 1) 500/- par month single door fridge 2) 500/- par month washing machine. 2) 700 /- par month double door fridge. FOR MORE DETAILS CALL US. SHIFA ELECTRONICS , PREM NAGAR, FISH MARKET, JOGESHWARI EAST. MUMBAI. Pin -400060. - Fridges",6500,"[""/content/drive/MyDrive/olx_fridges_dataset/images/fridge_5d29a542f7/1.jpg"", ""/content/drive/MyDrive/olx_fridges_dataset/images/fridge_5d29a542f7/2.jpg"", ""/content/drive/MyDrive/olx_fridges_dataset/images/fridge_5d29a542f7/3.jpg"", ""/content/drive/MyDrive/olx_fridges_dataset/images/fridge_5d29a542f7/4.jpg"", ""/content/drive/MyDrive/olx_fridges_dataset/images/fridge_5d29a542f7/5.jpg"", ""/content/drive/MyDrive/olx_fridges_dataset/images/fridge_5d29a542f7/6.jpg"", ""/content/drive/MyDrive/olx_fridges_dataset/images/fridge_5d29a542f7/7.jpg"", ""/content/drive/MyDrive/olx_fridges_dataset/images/fridge_5d29a542f7/8.jpg"", ""/content/drive/MyDrive/olx_fridges_dataset/images/fridge_5d29a542f7/9.jpg"", ""/content/drive/MyDrive/olx_fridges_dataset/images/fridge_5d29a542f7/10.jpg"", ""/content/drive/MyDrive/olx_fridges_dataset/images/fridge_5d29a542f7/11.jpg"", ""/content/drive/MyDrive/olx_fridges_dataset/images/fridge_5d29a542f7/12.jpg"", ""/content/drive/MyDrive/olx_fridges_dataset/images/fridge_5d29a542f7/13.jpg"", ""/content/drive/MyDrive/olx_fridges_dataset/images/fridge_5d29a542f7/14.jpg""]",14,2025-12-08 05:14:17.776754
fridge_cc64768dca,https://www.olx.in/item/fridges-c1617-lg-front-load-washing-machine-in-good-working-condition-in-hegde-nagar-bengaluru-iid-1828639006,LG  front load washing machine in good working condition,From Used to Ready to Use - the Yourchoiz way Electronics Refrigerator Price Single door starting price 4999 Double door starting price 6499 Washing Machine Price Top load fully automatic starting price 4999 Front load fully automatic starting price 6499 Every Refrigerator & Washing Machine is quality checked and thoroughly tested by Yourchoiz engineers. This Refrigerator & Washing Machine is in good condition. Warranty? 1 Year Warranty on Motor & 6 Months Free Door Step Service Delivery & installation? Free Home Delivery with Installation Accessories? Brand new inlet and outlet pipes free (Our branches) . Nagawara main road - Fridges,7999,"[""/content/drive/MyDrive/olx_fridges_dataset/images/fridge_cc64768dca/1.jpg"", ""/content/drive/MyDrive/olx_fridges_dataset/images/fridge_cc64768dca/2.jpg"", ""/content/drive/MyDrive/olx_fridges_dataset/images/fridge_cc64768dca/3.jpg"", ""/content/drive/MyDrive/olx_fridges_dataset/images/fridge_cc64768dca/4.jpg"", ""/content/drive/MyDrive/olx_fridges_dataset/images/fridge_cc64768dca/5.jpg"", ""/content/drive/MyDrive/olx_fridges_dataset/images/fridge_cc64768dca/6.jpg"", ""/content/drive/MyDrive/olx_fridges_dataset/images/fridge_cc64768dca/7.jpg"", ""/content/drive/MyDrive/olx_fridges_dataset/images/fridge_cc64768dca/8.jpg"", ""/content/drive/MyDrive/olx_fridges_dataset/images/fridge_cc64768dca/9.jpg"", ""/content/drive/MyDrive/olx_fridges_dataset/images/fridge_cc64768dca/10.jpg"", ""/content/drive/MyDrive/olx_fridges_dataset/images/fridge_cc64768dca/11.jpg"", ""/content/drive/MyDrive/olx_fridges_dataset/images/fridge_cc64768dca/12.jpg"", ""/content/drive/MyDrive/olx_fridges_dataset/images/fridge_cc64768dca/13.jpg"", ""/content/drive/MyDrive/olx_fridges_dataset/images/fridge_cc64768dca/14.jpg""]",14,2025-12-08 05:14:27.300991
fridge_9723bb9713,https://www.olx.in/item/fridges-c1617-5-years-dhamaka-warranty-refrigerator-washing-machine-avail-in-andheri-east-mumbai-iid-1828436364,"5 YEAR'S [ DHAMAKA WARRANTY ] = REFRIGERATOR, WASHING MACHINE AVAIL","Very low price fridge washing machine available Best working condition Fast delivery available at Mumbai @@ WE ARE FROM SHIFA ELECTRONICS OUR SHOP CAN PROVIDE HARDLY USED APPLIANCE @ BEST 5 YEAR'S WARRANTY FRIDGE /WASHING MACHINE AND TECHNICIANS SERVICE ALL OVER MUMBAI,, *WE CAN PROVIDE APPLIANCES LIKE * JUST SECOND HAND 2/3 YEAR'S USED APPLIANCE =[ BRAND =] = LG, SAMSUNG, WHIRLPOOL, HAIR, FRIDGE =] SINGLE DOOR FRIDGE AVAILABLE =] DOUBLE DOOR FRIDGE AVAILABLE WASHING MACHINE =] TOP LOAD FULLY AUTOMATIC WASHING MACHINE AVAILABLE =] SEMI WASHING MACHINE AVAILABLE 1. FRIDGE Single door :- 6500/- to 7500/- double door:- 8500/- to 15500/- 2. WASHING MACHINE Washing machine:- 6500/- to 12500/- 3. WINDOWS AC AVAILABLE 4. SPLIT AC AVAILABLE =[ WARRANTY ON APPLIANCE = = @ 5 YEAR'S COMPRESSOR WARRANTY ON FRIDGE. =@ 5 YEAR'S MOTOR WARRANTY ON WASHING MACHINE =@ NEW INLET AND OUT LET PIPE FREE FOR WASHING MACHINE ALSO AVAILABLE ON RENT BASIS 1) 500/- par month single door fridge 2) 500/- par month washing machine. 2) 700 /- par month double door fridge. FOR MORE DETAILS CALL US. SHIFA ELECTRONICS , PREM NAGAR, FISH MARKET, JOGESHWARI EAST. MUMBAI. Pin -400060. - Fridges",6500,"[""/content/drive/MyDrive/olx_fridges_dataset/images/fridge_9723bb9713/1.jpg"", ""/content/drive/MyDrive/olx_fridges_dataset/images/fridge_9723bb9713/2.jpg"", ""/content/drive/MyDrive/olx_fridges_dataset/images/fridge_9723bb9713/3.jpg"", ""/content/drive/MyDrive/olx_fridges_dataset/images/fridge_9723bb9713/4.jpg"", ""/content/drive/MyDrive/olx_fridges_dataset/images/fridge_9723bb9713/5.jpg"", ""/content/drive/MyDrive/olx_fridges_dataset/images/fridge_9723bb9713/6.jpg"", ""/content/drive/MyDrive/olx_fridges_dataset/images/fridge_9723bb9713/7.jpg"", ""/content/drive/MyDrive/olx_fridges_dataset/images/fridge_9723bb9713/8.jpg"", ""/content/drive/MyDrive/olx_fridges_dataset/images/fridge_9723bb9713/9.jpg"", ""/content/drive/MyDrive/olx_fridges_dataset/images/fridge_9723bb9713/10.jpg"", ""/content/drive/MyDrive/olx_fridges_dataset/images/fridge_9723bb9713/11.jpg"", ""/content/drive/MyDrive/olx_fridges_dataset/images/fridge_9723bb9713/12.jpg"", ""/content/drive/MyDrive/olx_fridges_dataset/images/fridge_9723bb9713/13.jpg"", ""/content/drive/MyDrive/olx_fridges_dataset/images/fridge_9723bb9713/14.jpg""]",14,2025-12-08 05:14:37.027096
fridge_1081d4e736,https://www.olx.in/item/fridges-c1617-second-hand-fridge-sales-in-bk-pudur-coimbatore-iid-1828638707,Second Hand fridge Sales,"Good working condition Delivery arranged Warranty provided Good service All branded & models available Shop:-palakkad, coimbatore - Fridges",4300,"[""/content/drive/MyDrive/olx_fridges_dataset/images/fridge_1081d4e736/1.jpg"", ""/content/drive/MyDrive/olx_fridges_dataset/images/fridge_1081d4e736/2.jpg"", ""/content/drive/MyDrive/olx_fridges_dataset/images/fridge_1081d4e736/3.jpg"", ""/content/drive/MyDrive/olx_fridges_dataset/images/fridge_1081d4e736/4.jpg"", ""/content/drive/MyDrive/olx_fridges_dataset/images/fridge_1081d4e736/5.jpg"", ""/content/drive/MyDrive/olx_fridges_dataset/images/fridge_1081d4e736/6.jpg"", ""/content/drive/MyDrive/olx_fridges_dataset/images/fridge_1081d4e736/7.jpg"", ""/content/drive/MyDrive/olx_fridges_dataset/images/fridge_1081d4e736/8.jpg"", ""/content/drive/MyDrive/olx_fridges_dataset/images/fridge_1081d4e736/9.jpg"", ""/content/drive/MyDrive/olx_fridges_dataset/images/fridge_1081d4e736/10.jpg"", ""/content/drive/MyDrive/olx_fridges_dataset/images/fridge_1081d4e736/11.jpg"", ""/content/drive/MyDrive/olx_fridges_dataset/images/fridge_1081d4e736/12.jpg"", ""/content/drive/MyDrive/olx_fridges_dataset/images/fridge_1081d4e736/13.jpg"", ""/content/drive/MyDrive/olx_fridges_dataset/images/fridge_1081d4e736/14.jpg""]",14,2025-12-08 05:14:46.478279
fridge_deb7375898,https://www.olx.in/item/fridges-c1617-i-want-to-sell-my-fridge-samsung-in-vashi-navi-mumbai-iid-1825918310,I want to sell my fridge samsung,I want to sell my fridge samsung - Fridges,3500,"[""/content/drive/MyDrive/olx_fridges_dataset/images/fridge_deb7375898/1.jpg"", ""/content/drive/MyDrive/olx_fridges_dataset/images/fridge_deb7375898/2.jpg"", ""/content/drive/MyDrive/olx_fridges_dataset/images/fridge_deb7375898/3.jpg"", ""/content/drive/MyDrive/olx_fridges_dataset/images/fridge_deb7375898/4.jpg"", ""/content/drive/MyDrive/olx_fridges_dataset/images/fridge_deb7375898/5.jpg"", ""/content/drive/MyDrive/olx_fridges_dataset/images/fridge_deb7375898/6.jpg"", ""/content/drive/MyDrive/olx_fridges_dataset/images/fridge_deb7375898/7.jpg"", ""/content/drive/MyDrive/olx_fridges_dataset/images/fridge_deb7375898/8.jpg"", ""/content/drive/MyDrive/olx_fridges_dataset/images/fridge_deb7375898/9.jpg"", ""/content/drive/MyDrive/olx_fridges_dataset/images/fridge_deb7375898/10.jpg"", ""/content/drive/MyDrive/olx_fridges_dataset/images/fridge_deb7375898/11.jpg"", ""/content/drive/MyDrive/olx_fridges_dataset/images/fridge_deb7375898/12.jpg"", ""/content/drive/MyDrive/olx_fridges_dataset/images/fridge_deb7375898/13.jpg"", ""/content/drive/MyDrive/olx_fridges_dataset/images/fridge_deb7375898/14.jpg""]",14,2025-12-08 05:14:53.930527
fridge_58933e4b09,https://www.olx.in/item/fridges-c1617-dhamaka-warranty-5-years-fridge-washing-machine-available-in-chembur-mumbai-iid-1815872793,[ DHAMAKA WARRANTY= 5 YEAR'S [ FRIDGE WASHING MACHINE ] AVAILABLE,"@@ WE ARE FROM SHIFA ELECTRONICS OUR SHOP CAN PROVIDE HARDLY USED APPLIANCE @ BEST 5 YEAR'S WARRANTY FRIDGE /WASHING MACHINE AND TECHNICIANS SERVICE ALL OVER MUMBAI,, *WE CAN PROVIDE APPLIANCES LIKE * JUST SECOND HAND 2/3 YEAR'S USED APPLIANCE =[ BRAND =] = LG, SAMSUNG, WHIRLPOOL, HAIR, FRIDGE =] SINGLE DOOR FRIDGE AVAILABLE =] DOUBLE DOOR FRIDGE AVAILABLE WASHING MACHINE =] TOP LOAD FULLY AUTOMATIC WASHING MACHINE AVAILABLE =] SEMI WASHING MACHINE AVAILABLE 1. FRIDGE Single door :- 6500/- to 7500/- double door:- 8500/- to 15500/- 2. WASHING MACHINE Washing machine:- 6500/- to 12500/- 3. WINDOWS AC AVAILABLE 4. SPLIT AC AVAILABLE =[ WARRANTY ON APPLIANCE = = @ 5 YEAR'S COMPRESSOR WARRANTY ON FRIDGE. =@ 5 YEAR'S MOTOR WARRANTY ON WASHING MACHINE =@ NEW INLET AND OUT LET PIPE FREE FOR WASHING MACHINE ALSO AVAILABLE ON RENT BASIS 1) 500/- par month single door fridge 2) 500/- par month washing machine. 2) 700 /- par month double door fridge. FOR MORE DETAILS CALL US. SHIFA ELECTRONICS , PREM NAGAR, FISH MARKET, JOGESHWARI EAST. MUMBAI. Pin -400060. - Fridges",6500,"[""/content/drive/MyDrive/olx_fridges_dataset/images/fridge_58933e4b09/1.jpg"", ""/content/drive/MyDrive/olx_fridges_dataset/images/fridge_58933e4b09/2.jpg"", ""/content/drive/MyDrive/olx_fridges_dataset/images/fridge_58933e4b09/3.jpg"", ""/content/drive/MyDrive/olx_fridges_dataset/images/fridge_58933e4b09/4.jpg"", ""/content/drive/MyDrive/olx_fridges_dataset/images/fridge_58933e4b09/5.jpg"", ""/content/drive/MyDrive/olx_fridges_dataset/images/fridge_58933e4b09/6.jpg"", ""/content/drive/MyDrive/olx_fridges_dataset/images/fridge_58933e4b09/7.jpg"", ""/content/drive/MyDrive/olx_fridges_dataset/images/fridge_58933e4b09/8.jpg"", ""/content/drive/MyDrive/olx_fridges_dataset/images/fridge_58933e4b09/9.jpg"", ""/content/drive/MyDrive/olx_fridges_dataset/images/fridge_58933e4b09/10.jpg"", ""/content/drive/MyDrive/olx_fridges_dataset/images/fridge_58933e4b09/11.jpg"", ""/content/drive/MyDrive/olx_fridges_dataset/images/fridge_58933e4b09/12.jpg"", ""/content/drive/MyDrive/olx_fridges_dataset/images/fridge_58933e4b09/13.jpg"", ""/content/drive/MyDrive/olx_fridges_dataset/images/fridge_58933e4b09/14.jpg""]",14,2025-12-08 05:15:03.965037
fridge_b9970bbd49,https://www.olx.in/item/fridges-c1617-refrigerator-available-in-pappanamcode-thiruvananthapuram-iid-1822485850,Refrigerator available,Delivery available Exchange available 1 year warranty for compressors And full machine warranty available Life long door step service available For online purchases visit our site high world Engineers For daily stock update please subscribe our YouTube channel high world Engineers - Fridges,6999,"[""/content/drive/MyDrive/olx_fridges_dataset/images/fridge_b9970bbd49/1.jpg"", ""/content/drive/MyDrive/olx_fridges_dataset/images/fridge_b9970bbd49/2.jpg"", ""/content/drive/MyDrive/olx_fridges_dataset/images/fridge_b9970bbd49/3.jpg"", ""/content/drive/MyDrive/olx_fridges_dataset/images/fridge_b9970bbd49/4.jpg"", ""/content/drive/MyDrive/olx_fridges_dataset/images/fridge_b9970bbd49/5.jpg"", ""/content/drive/MyDrive/olx_fridges_dataset/images/fridge_b9970bbd49/6.jpg"", ""/content/drive/MyDrive/olx_fridges_dataset/images/fridge_b9970bbd49/7.jpg"", ""/content/drive/MyDrive/olx_fridges_dataset/images/fridge_b9970bbd49/8.jpg"", ""/content/drive/MyDrive/olx_fridges_dataset/images/fridge_b9970bbd49/9.jpg"", ""/content/drive/MyDrive/olx_fridges_dataset/images/fridge_b9970bbd49/10.jpg"", ""/content/drive/MyDrive/olx_fridges_dataset/images/fridge_b9970bbd49/11.jpg"", ""/content/drive/MyDrive/olx_fridges_dataset/images/fridge_b9970bbd49/12.jpg"", ""/content/drive/MyDrive/olx_fridges_dataset/images/fridge_b9970bbd49/13.jpg"", ""/content/drive/MyDrive/olx_fridges_dataset/images/fridge_b9970bbd49/14.jpg""]",14,2025-12-08 05:15:13.167742
fridge_e499840277,https://www.olx.in/item/fridges-c1617-voltas-deep-freezer-for-sale-in-tarapur-silchar-iid-1820834468,Voltas deep freezer for sale,Want to sell my voltas deep freezer 200 liter - Fridges,18000,"[""/content/drive/MyDrive/olx_fridges_dataset/images/fridge_e499840277/1.jpg"", ""/content/drive/MyDrive/olx_fridges_dataset/images/fridge_e499840277/2.jpg"", ""/content/drive/MyDrive/olx_fridges_dataset/images/fridge_e499840277/3.jpg"", ""/content/drive/MyDrive/olx_fridges_dataset/images/fridge_e499840277/4.jpg"", ""/content/drive/MyDrive/olx_fridges_dataset/images/fridge_e499840277/5.jpg"", ""/content/drive/MyDrive/olx_fridges_dataset/images/fridge_e499840277/6.jpg"", ""/content/drive/MyDrive/olx_fridges_dataset/images/fridge_e499840277/7.jpg"", ""/content/drive/MyDrive/olx_fridges_dataset/images/fridge_e499840277/8.jpg"", ""/content/drive/MyDrive/olx_fridges_dataset/images/fridge_e499840277/9.jpg"", ""/content/drive/MyDrive/olx_fridges_dataset/images/fridge_e499840277/10.jpg"", ""/content/drive/MyDrive/olx_fridges_dataset/images/fridge_e499840277/11.jpg"", ""/content/drive/MyDrive/olx_fridges_dataset/images/fridge_e499840277/12.jpg"", ""/content/drive/MyDrive/olx_fridges_dataset/images/fridge_e499840277/13.jpg"", ""/content/drive/MyDrive/olx_fridges_dataset/images/fridge_e499840277/14.jpg""]",14,2025-12-08 05:15:21.448793
fridge_7e37fdfdd3,https://www.olx.in/item/fridges-c1617-lg-210-l-fridge-resale-in-ramchandra-puram-hyderabad-iid-1825107787,LG 210 L fridge RESALE,7 years old fridge; No remarks; As the space is not sufficient for us we are selling this fridge. - Fridges,10000,"[""/content/drive/MyDrive/olx_fridges_dataset/images/fridge_7e37fdfdd3/1.jpg"", ""/content/drive/MyDrive/olx_fridges_dataset/images/fridge_7e37fdfdd3/2.jpg"", ""/content/drive/MyDrive/olx_fridges_dataset/images/fridge_7e37fdfdd3/3.jpg"", ""/content/drive/MyDrive/olx_fridges_dataset/images/fridge_7e37fdfdd3/4.jpg"", ""/content/drive/MyDrive/olx_fridges_dataset/images/fridge_7e37fdfdd3/5.jpg"", ""/content/drive/MyDrive/olx_fridges_dataset/images/fridge_7e37fdfdd3/6.jpg"", ""/content/drive/MyDrive/olx_fridges_dataset/images/fridge_7e37fdfdd3/7.jpg"", ""/content/drive/MyDrive/olx_fridges_dataset/images/fridge_7e37fdfdd3/8.jpg"", ""/content/drive/MyDrive/olx_fridges_dataset/images/fridge_7e37fdfdd3/9.jpg"", ""/content/drive/MyDrive/olx_fridges_dataset/images/fridge_7e37fdfdd3/10.jpg"", ""/content/drive/MyDrive/olx_fridges_dataset/images/fridge_7e37fdfdd3/11.jpg"", ""/content/drive/MyDrive/olx_fridges_dataset/images/fridge_7e37fdfdd3/12.jpg"", ""/content/drive/MyDrive/olx_fridges_dataset/images/fridge_7e37fdfdd3/13.jpg"", ""/content/drive/MyDrive/olx_fridges_dataset/images/fridge_7e37fdfdd3/14.jpg""]",14,2025-12-08 05:15:30.610917
fridge_daeade62b2,https://www.olx.in/item/fridges-c1617-sales-for-fringe-in-peerkankaranai-chennai-iid-1828639228,Sales for Fringe,Fringe 962645 - Fridges,6000,"[""/content/drive/MyDrive/olx_fridges_dataset/images/fridge_daeade62b2/1.jpg"", ""/content/drive/MyDrive/olx_fridges_dataset/images/fridge_daeade62b2/2.jpg"", ""/content/drive/MyDrive/olx_fridges_dataset/images/fridge_daeade62b2/3.jpg"", ""/content/drive/MyDrive/olx_fridges_dataset/images/fridge_daeade62b2/4.jpg"", ""/content/drive/MyDrive/olx_fridges_dataset/images/fridge_daeade62b2/5.jpg"", ""/content/drive/MyDrive/olx_fridges_dataset/images/fridge_daeade62b2/6.jpg"", ""/content/drive/MyDrive/olx_fridges_dataset/images/fridge_daeade62b2/7.jpg"", ""/content/drive/MyDrive/olx_fridges_dataset/images/fridge_daeade62b2/8.jpg"", ""/content/drive/MyDrive/olx_fridges_dataset/images/fridge_daeade62b2/9.jpg"", ""/content/drive/MyDrive/olx_fridges_dataset/images/fridge_daeade62b2/10.jpg"", ""/content/drive/MyDrive/olx_fridges_dataset/images/fridge_daeade62b2/11.jpg"", ""/content/drive/MyDrive/olx_fridges_dataset/images/fridge_daeade62b2/12.jpg"", ""/content/drive/MyDrive/olx_fridges_dataset/images/fridge_daeade62b2/13.jpg"", ""/content/drive/MyDrive/olx_fridges_dataset/images/fridge_daeade62b2/14.jpg""]",14,2025-12-08 05:15:40.460208
fridge_679ebcbe1f,https://www.olx.in/item/fridges-c1617-lg-fridge-large-capacity-in-vaidya-nagar-mumbai-iid-1828638718,LG Fridge Large Capacity,"500+Ltrs Capacity Imported from Dubai Approx 12 yrs used,still in good working condition Only gasket needs to be changed - Fridges",6000,"[""/content/drive/MyDrive/olx_fridges_dataset/images/fridge_679ebcbe1f/1.jpg"", ""/content/drive/MyDrive/olx_fridges_dataset/images/fridge_679ebcbe1f/2.jpg"", ""/content/drive/MyDrive/olx_fridges_dataset/images/fridge_679ebcbe1f/3.jpg"", ""/content/drive/MyDrive/olx_fridges_dataset/images/fridge_679ebcbe1f/4.jpg"", ""/content/drive/MyDrive/olx_fridges_dataset/images/fridge_679ebcbe1f/5.jpg"", ""/content/drive/MyDrive/olx_fridges_dataset/images/fridge_679ebcbe1f/6.jpg"", ""/content/drive/MyDrive/olx_fridges_dataset/images/fridge_679ebcbe1f/7.jpg"", ""/content/drive/MyDrive/olx_fridges_dataset/images/fridge_679ebcbe1f/8.jpg"", ""/content/drive/MyDrive/olx_fridges_dataset/images/fridge_679ebcbe1f/9.jpg"", ""/content/drive/MyDrive/olx_fridges_dataset/images/fridge_679ebcbe1f/10.jpg"", ""/content/drive/MyDrive/olx_fridges_dataset/images/fridge_679ebcbe1f/11.jpg"", ""/content/drive/MyDrive/olx_fridges_dataset/images/fridge_679ebcbe1f/12.jpg"", ""/content/drive/MyDrive/olx_fridges_dataset/images/fridge_679ebcbe1f/13.jpg"", ""/content/drive/MyDrive/olx_fridges_dataset/images/fridge_679ebcbe1f/14.jpg""]",14,2025-12-08 05:15:47.715728
fridge_c743ed4c44,https://www.olx.in/item/fridges-c1617-haier-5star-black-colour-single-door-fridge-refurbished-in-koramangala-bengaluru-iid-1819917418,"Haier 5star Black colour, Single door fridge Refurbished","Exclusive Combo Offers at Unbeatable Prices! Starting Prices for Individual Appliances: Top Load Washing Machine: ₹5,500 Front Load Washing Machine: ₹6,500 Single Door Fridge: ₹5500 Double Door Fridge: ₹7,999 Combo Deals: Single Door Fridge + Top Load Washing Machine: ₹10,990 Double Door Fridge + Front Load Washing Machine: ₹14,499 Product Condition: Excellent working condition, fully refurbished and tested. Delivery: FREE doorstep delivery anywhere in Bangalore. Warranty: Refrigerators: 1-year compressor warranty + 6 months free doorstep service. Washing Machines: 3-year main motor warranty + 6 months free service. Payment Options: Cash on Delivery Online payment via UPI , cash, Card payments, imps, and other modes. Store Locations: 1. 6th Singapore Layout, MS Palya 2. 1st Main Road, Kanka Nagar, RT Nagar Post, Bengaluru, Karnataka - 560032 Limited Offer! Hurry Up! For more details, message us now! - Fridges",5500,"[""/content/drive/MyDrive/olx_fridges_dataset/images/fridge_c743ed4c44/1.jpg"", ""/content/drive/MyDrive/olx_fridges_dataset/images/fridge_c743ed4c44/2.jpg"", ""/content/drive/MyDrive/olx_fridges_dataset/images/fridge_c743ed4c44/3.jpg"", ""/content/drive/MyDrive/olx_fridges_dataset/images/fridge_c743ed4c44/4.jpg"", ""/content/drive/MyDrive/olx_fridges_dataset/images/fridge_c743ed4c44/5.jpg"", ""/content/drive/MyDrive/olx_fridges_dataset/images/fridge_c743ed4c44/6.jpg"", ""/content/drive/MyDrive/olx_fridges_dataset/images/fridge_c743ed4c44/7.jpg"", ""/content/drive/MyDrive/olx_fridges_dataset/images/fridge_c743ed4c44/8.jpg"", ""/content/drive/MyDrive/olx_fridges_dataset/images/fridge_c743ed4c44/9.jpg"", ""/content/drive/MyDrive/olx_fridges_dataset/images/fridge_c743ed4c44/10.jpg"", ""/content/drive/MyDrive/olx_fridges_dataset/images/fridge_c743ed4c44/11.jpg"", ""/content/drive/MyDrive/olx_fridges_dataset/images/fridge_c743ed4c44/12.jpg"", ""/content/drive/MyDrive/olx_fridges_dataset/images/fridge_c743ed4c44/13.jpg"", ""/content/drive/MyDrive/olx_fridges_dataset/images/fridge_c743ed4c44/14.jpg"", ""/content/drive/MyDrive/olx_fridges_dataset/images/fridge_c743ed4c44/15.jpg"", ""/content/drive/MyDrive/olx_fridges_dataset/images/fridge_c743ed4c44/16.jpg""]",16,2025-12-08 05:15:55.761386
fridge_695baf9d7e,https://www.olx.in/item/fridges-c1617-samsung-2018-in-ayanavaram-thanthai-periyar-nagar-chennai-iid-1828639503,Samsung 2018,7years with good condition We going to upgrade the fridge because we are bakers we need higher capacity fridge any one like it kindly msg me - Fridges,7500,"[""/content/drive/MyDrive/olx_fridges_dataset/images/fridge_695baf9d7e/1.jpg"", ""/content/drive/MyDrive/olx_fridges_dataset/images/fridge_695baf9d7e/2.jpg"", ""/content/drive/MyDrive/olx_fridges_dataset/images/fridge_695baf9d7e/3.jpg"", ""/content/drive/MyDrive/olx_fridges_dataset/images/fridge_695baf9d7e/4.jpg"", ""/content/drive/MyDrive/olx_fridges_dataset/images/fridge_695baf9d7e/5.jpg"", ""/content/drive/MyDrive/olx_fridges_dataset/images/fridge_695baf9d7e/6.jpg"", ""/content/drive/MyDrive/olx_fridges_dataset/images/fridge_695baf9d7e/7.jpg"", ""/content/drive/MyDrive/olx_fridges_dataset/images/fridge_695baf9d7e/8.jpg"", ""/content/drive/MyDrive/olx_fridges_dataset/images/fridge_695baf9d7e/9.jpg"", ""/content/drive/MyDrive/olx_fridges_dataset/images/fridge_695baf9d7e/10.jpg"", ""/content/drive/MyDrive/olx_fridges_dataset/images/fridge_695baf9d7e/11.jpg"", ""/content/drive/MyDrive/olx_fridges_dataset/images/fridge_695baf9d7e/12.jpg"", ""/content/drive/MyDrive/olx_fridges_dataset/images/fridge_695baf9d7e/13.jpg"", ""/content/drive/MyDrive/olx_fridges_dataset/images/fridge_695baf9d7e/14.jpg""]",14,2025-12-08 05:16:04.803833
fridge_f22f104cab,https://www.olx.in/item/fridges-c1617-refrigerator-kelvinator-260l-single-door-small-budget-in-karanagode-alathur-iid-1828639568,Refrigerator Kelvinator 260L Single Door Small Budget,Working Condition 4 Star Rating Fast Cooling - Fridges,4500,"[""/content/drive/MyDrive/olx_fridges_dataset/images/fridge_f22f104cab/1.jpg"", ""/content/drive/MyDrive/olx_fridges_dataset/images/fridge_f22f104cab/2.jpg"", ""/content/drive/MyDrive/olx_fridges_dataset/images/fridge_f22f104cab/3.jpg"", ""/content/drive/MyDrive/olx_fridges_dataset/images/fridge_f22f104cab/4.jpg"", ""/content/drive/MyDrive/olx_fridges_dataset/images/fridge_f22f104cab/5.jpg"", ""/content/drive/MyDrive/olx_fridges_dataset/images/fridge_f22f104cab/6.jpg"", ""/content/drive/MyDrive/olx_fridges_dataset/images/fridge_f22f104cab/7.jpg"", ""/content/drive/MyDrive/olx_fridges_dataset/images/fridge_f22f104cab/8.jpg"", ""/content/drive/MyDrive/olx_fridges_dataset/images/fridge_f22f104cab/9.jpg"", ""/content/drive/MyDrive/olx_fridges_dataset/images/fridge_f22f104cab/10.jpg"", ""/content/drive/MyDrive/olx_fridges_dataset/images/fridge_f22f104cab/11.jpg"", ""/content/drive/MyDrive/olx_fridges_dataset/images/fridge_f22f104cab/12.jpg"", ""/content/drive/MyDrive/olx_fridges_dataset/images/fridge_f22f104cab/13.jpg"", ""/content/drive/MyDrive/olx_fridges_dataset/images/fridge_f22f104cab/14.jpg""]",14,2025-12-08 05:16:12.530530
fridge_ac63f2368a,https://www.olx.in/item/fridges-c1617-whirlpool-blue-colour-flower-design-fridge-refurbished-in-btm-layout-bengaluru-iid-1819917355,"Whirlpool Blue colour flower design Fridge, refurbished","Exclusive Combo Offers at Unbeatable Prices! Starting Prices for Individual Appliances: Top Load Washing Machine: ₹5,500 Front Load Washing Machine: ₹6,500 Single Door Fridge: ₹5500 Double Door Fridge: ₹7,999 Combo Deals: Single Door Fridge + Top Load Washing Machine: ₹10,990 Double Door Fridge + Front Load Washing Machine: ₹14,499 Product Condition: Excellent working condition, fully refurbished and tested. Delivery: FREE doorstep delivery anywhere in Bangalore. Warranty: Refrigerators: 1-year compressor warranty + 6 months free doorstep service. Washing Machines: 3-year main motor warranty + 6 months free service. Payment Options: Cash on Delivery Online payment via UPI , cash, Card payments, imps, and other modes. Store Locations: 1. 6th Singapore Layout, MS Palya 2. 1st Main Road, Kanka Nagar, RT Nagar Post, Bengaluru, Karnataka - 560032 Limited Offer! Hurry Up! For more details, message us now! - Fridges",5500,"[""/content/drive/MyDrive/olx_fridges_dataset/images/fridge_ac63f2368a/1.jpg"", ""/content/drive/MyDrive/olx_fridges_dataset/images/fridge_ac63f2368a/2.jpg"", ""/content/drive/MyDrive/olx_fridges_dataset/images/fridge_ac63f2368a/3.jpg"", ""/content/drive/MyDrive/olx_fridges_dataset/images/fridge_ac63f2368a/4.jpg"", ""/content/drive/MyDrive/olx_fridges_dataset/images/fridge_ac63f2368a/5.jpg"", ""/content/drive/MyDrive/olx_fridges_dataset/images/fridge_ac63f2368a/6.jpg"", ""/content/drive/MyDrive/olx_fridges_dataset/images/fridge_ac63f2368a/7.jpg"", ""/content/drive/MyDrive/olx_fridges_dataset/images/fridge_ac63f2368a/8.jpg"", ""/content/drive/MyDrive/olx_fridges_dataset/images/fridge_ac63f2368a/9.jpg"", ""/content/drive/MyDrive/olx_fridges_dataset/images/fridge_ac63f2368a/10.jpg"", ""/content/drive/MyDrive/olx_fridges_dataset/images/fridge_ac63f2368a/11.jpg"", ""/content/drive/MyDrive/olx_fridges_dataset/images/fridge_ac63f2368a/12.jpg"", ""/content/drive/MyDrive/olx_fridges_dataset/images/fridge_ac63f2368a/13.jpg"", ""/content/drive/MyDrive/olx_fridges_dataset/images/fridge_ac63f2368a/14.jpg"", ""/content/drive/MyDrive/olx_fridges_dataset/images/fridge_ac63f2368a/15.jpg"", ""/content/drive/MyDrive/olx_fridges_dataset/images/fridge_ac63f2368a/16.jpg""]",16,2025-12-08 05:16:23.018126
fridge_e7557c840e,https://www.olx.in/item/fridges-c1617-commercial-fridge-sell-in-kapurbawdi-thane-iid-1828638967,Commercial Fridge sell,Available western Src 280 -Gl automatic visible cooler single door And Glass Door Commercial 5 star ( 280 L .Black ) Good condition - Fridges,25000,"[""/content/drive/MyDrive/olx_fridges_dataset/images/fridge_e7557c840e/1.jpg"", ""/content/drive/MyDrive/olx_fridges_dataset/images/fridge_e7557c840e/2.jpg"", ""/content/drive/MyDrive/olx_fridges_dataset/images/fridge_e7557c840e/3.jpg"", ""/content/drive/MyDrive/olx_fridges_dataset/images/fridge_e7557c840e/4.jpg"", ""/content/drive/MyDrive/olx_fridges_dataset/images/fridge_e7557c840e/5.jpg"", ""/content/drive/MyDrive/olx_fridges_dataset/images/fridge_e7557c840e/6.jpg"", ""/content/drive/MyDrive/olx_fridges_dataset/images/fridge_e7557c840e/7.jpg"", ""/content/drive/MyDrive/olx_fridges_dataset/images/fridge_e7557c840e/8.jpg"", ""/content/drive/MyDrive/olx_fridges_dataset/images/fridge_e7557c840e/9.jpg"", ""/content/drive/MyDrive/olx_fridges_dataset/images/fridge_e7557c840e/10.jpg"", ""/content/drive/MyDrive/olx_fridges_dataset/images/fridge_e7557c840e/11.jpg"", ""/content/drive/MyDrive/olx_fridges_dataset/images/fridge_e7557c840e/12.jpg"", ""/content/drive/MyDrive/olx_fridges_dataset/images/fridge_e7557c840e/13.jpg"", ""/content/drive/MyDrive/olx_fridges_dataset/images/fridge_e7557c840e/14.jpg""]",14,2025-12-08 05:16:32.657286
fridge_2206ca6e62,https://www.olx.in/item/fridges-c1617-second-hand-fridge-sales-in-edayarpalayam-coimbatore-iid-1828638982,Second Hand fridge Sales,"Good working condition Delivery arranged Warranty provided Good service All branded & models available Shop:-palakkad, coimbatore - Fridges",4300,"[""/content/drive/MyDrive/olx_fridges_dataset/images/fridge_2206ca6e62/1.jpg"", ""/content/drive/MyDrive/olx_fridges_dataset/images/fridge_2206ca6e62/2.jpg"", ""/content/drive/MyDrive/olx_fridges_dataset/images/fridge_2206ca6e62/3.jpg"", ""/content/drive/MyDrive/olx_fridges_dataset/images/fridge_2206ca6e62/4.jpg"", ""/content/drive/MyDrive/olx_fridges_dataset/images/fridge_2206ca6e62/5.jpg"", ""/content/drive/MyDrive/olx_fridges_dataset/images/fridge_2206ca6e62/6.jpg"", ""/content/drive/MyDrive/olx_fridges_dataset/images/fridge_2206ca6e62/7.jpg"", ""/content/drive/MyDrive/olx_fridges_dataset/images/fridge_2206ca6e62/8.jpg"", ""/content/drive/MyDrive/olx_fridges_dataset/images/fridge_2206ca6e62/9.jpg"", ""/content/drive/MyDrive/olx_fridges_dataset/images/fridge_2206ca6e62/10.jpg"", ""/content/drive/MyDrive/olx_fridges_dataset/images/fridge_2206ca6e62/11.jpg"", ""/content/drive/MyDrive/olx_fridges_dataset/images/fridge_2206ca6e62/12.jpg"", ""/content/drive/MyDrive/olx_fridges_dataset/images/fridge_2206ca6e62/13.jpg"", ""/content/drive/MyDrive/olx_fridges_dataset/images/fridge_2206ca6e62/14.jpg""]",14,2025-12-08 05:16:41.036449
fridge_d62573704e,https://www.olx.in/item/fridges-c1617-mini-fridge-170l-on-rent-in-thergaon-pune-iid-1748462951,MINI FRIDGE (170L) ON RENT,"Fridge 170L New :- 639 3 to 6 months used :- 559 used :- 480 6 MONTHS TENURE: 15 DAYS RENT FREE 12 MONTHS TENURE: 1 MONTH RENT FREE 22 MONTHS TENURE: 2 MONTHS RENT FREE 36 MONTHS TENURE: 3 MONTHS RENT FREE MORE OPTIONS AVAILABLE CONTACT:- VIJSAG RENTAL CRIME BRANCH UNIT FOUR, DANDE CHOWK ,WAKAD - Fridges",480,"[""/content/drive/MyDrive/olx_fridges_dataset/images/fridge_d62573704e/1.jpg"", ""/content/drive/MyDrive/olx_fridges_dataset/images/fridge_d62573704e/2.jpg"", ""/content/drive/MyDrive/olx_fridges_dataset/images/fridge_d62573704e/3.jpg"", ""/content/drive/MyDrive/olx_fridges_dataset/images/fridge_d62573704e/4.jpg"", ""/content/drive/MyDrive/olx_fridges_dataset/images/fridge_d62573704e/5.jpg"", ""/content/drive/MyDrive/olx_fridges_dataset/images/fridge_d62573704e/6.jpg"", ""/content/drive/MyDrive/olx_fridges_dataset/images/fridge_d62573704e/7.jpg"", ""/content/drive/MyDrive/olx_fridges_dataset/images/fridge_d62573704e/8.jpg"", ""/content/drive/MyDrive/olx_fridges_dataset/images/fridge_d62573704e/9.jpg"", ""/content/drive/MyDrive/olx_fridges_dataset/images/fridge_d62573704e/10.jpg"", ""/content/drive/MyDrive/olx_fridges_dataset/images/fridge_d62573704e/11.jpg"", ""/content/drive/MyDrive/olx_fridges_dataset/images/fridge_d62573704e/12.jpg"", ""/content/drive/MyDrive/olx_fridges_dataset/images/fridge_d62573704e/13.jpg"", ""/content/drive/MyDrive/olx_fridges_dataset/images/fridge_d62573704e/14.jpg""]",14,2025-12-08 05:16:50.977353
fridge_4c550b5a58,https://www.olx.in/item/fridges-c1617-midea-fridge-in-manjni-nagar-puducherry-iid-1828639224,Midea Fridge,Brand New Small Fridge with full unbox - Fridges,7500,"[""/content/drive/MyDrive/olx_fridges_dataset/images/fridge_4c550b5a58/1.jpg"", ""/content/drive/MyDrive/olx_fridges_dataset/images/fridge_4c550b5a58/2.jpg"", ""/content/drive/MyDrive/olx_fridges_dataset/images/fridge_4c550b5a58/3.jpg"", ""/content/drive/MyDrive/olx_fridges_dataset/images/fridge_4c550b5a58/4.jpg"", ""/content/drive/MyDrive/olx_fridges_dataset/images/fridge_4c550b5a58/5.jpg"", ""/content/drive/MyDrive/olx_fridges_dataset/images/fridge_4c550b5a58/6.jpg"", ""/content/drive/MyDrive/olx_fridges_dataset/images/fridge_4c550b5a58/7.jpg"", ""/content/drive/MyDrive/olx_fridges_dataset/images/fridge_4c550b5a58/8.jpg"", ""/content/drive/MyDrive/olx_fridges_dataset/images/fridge_4c550b5a58/9.jpg"", ""/content/drive/MyDrive/olx_fridges_dataset/images/fridge_4c550b5a58/10.jpg"", ""/content/drive/MyDrive/olx_fridges_dataset/images/fridge_4c550b5a58/11.jpg"", ""/content/drive/MyDrive/olx_fridges_dataset/images/fridge_4c550b5a58/12.jpg"", ""/content/drive/MyDrive/olx_fridges_dataset/images/fridge_4c550b5a58/13.jpg"", ""/content/drive/MyDrive/olx_fridges_dataset/images/fridge_4c550b5a58/14.jpg""]",14,2025-12-08 05:17:00.367487
fridge_520af80627,https://www.olx.in/item/fridges-c1617-ice-magic-whirlpool-in-panathur-road-bengaluru-iid-1828638940,ICE Magic Whirlpool,Refrigerator Good Working Condition - Fridges,5000,"[""/content/drive/MyDrive/olx_fridges_dataset/images/fridge_520af80627/1.jpg"", ""/content/drive/MyDrive/olx_fridges_dataset/images/fridge_520af80627/2.jpg"", ""/content/drive/MyDrive/olx_fridges_dataset/images/fridge_520af80627/3.jpg"", ""/content/drive/MyDrive/olx_fridges_dataset/images/fridge_520af80627/4.jpg"", ""/content/drive/MyDrive/olx_fridges_dataset/images/fridge_520af80627/5.jpg"", ""/content/drive/MyDrive/olx_fridges_dataset/images/fridge_520af80627/6.jpg"", ""/content/drive/MyDrive/olx_fridges_dataset/images/fridge_520af80627/7.jpg"", ""/content/drive/MyDrive/olx_fridges_dataset/images/fridge_520af80627/8.jpg"", ""/content/drive/MyDrive/olx_fridges_dataset/images/fridge_520af80627/9.jpg"", ""/content/drive/MyDrive/olx_fridges_dataset/images/fridge_520af80627/10.jpg"", ""/content/drive/MyDrive/olx_fridges_dataset/images/fridge_520af80627/11.jpg"", ""/content/drive/MyDrive/olx_fridges_dataset/images/fridge_520af80627/12.jpg"", ""/content/drive/MyDrive/olx_fridges_dataset/images/fridge_520af80627/13.jpg"", ""/content/drive/MyDrive/olx_fridges_dataset/images/fridge_520af80627/14.jpg""]",14,2025-12-08 05:17:08.401158
fridge_5190351ac2,https://www.olx.in/item/fridges-c1617-best-combo-offer-samsung-ref-and-samsung-7kg-machine-avble-wt-warranty-in-panathur-bengaluru-iid-1798759979,Best combo offer samsung Ref and Samsung 7kg machine AVBLE wt warranty,GET ELECTRONICS: Branches Located : HSR layout Home appliances available: *Combo starting from rupees12000/- only *Single door starting from rupees 6000/- only *Double door starting from rupees 7000/- only *Top load washingmachine starting from 6000/- only *Frontload washing machine starting from 7000/- only Used home appliances available in excellent running condition with 1 year warranty 6 months free service free home delivery installation demo brand new inlet and outlet pies free. Buy back guarantee: If your willing to return the product within 15 months will give 50% off bought amount of the product and after 15 months will give 40% buy back guarantee .. More details contact us Thank you.. - Fridges,12999,"[""/content/drive/MyDrive/olx_fridges_dataset/images/fridge_5190351ac2/1.jpg"", ""/content/drive/MyDrive/olx_fridges_dataset/images/fridge_5190351ac2/2.jpg"", ""/content/drive/MyDrive/olx_fridges_dataset/images/fridge_5190351ac2/3.jpg"", ""/content/drive/MyDrive/olx_fridges_dataset/images/fridge_5190351ac2/4.jpg"", ""/content/drive/MyDrive/olx_fridges_dataset/images/fridge_5190351ac2/5.jpg"", ""/content/drive/MyDrive/olx_fridges_dataset/images/fridge_5190351ac2/6.jpg"", ""/content/drive/MyDrive/olx_fridges_dataset/images/fridge_5190351ac2/7.jpg"", ""/content/drive/MyDrive/olx_fridges_dataset/images/fridge_5190351ac2/8.jpg"", ""/content/drive/MyDrive/olx_fridges_dataset/images/fridge_5190351ac2/9.jpg"", ""/content/drive/MyDrive/olx_fridges_dataset/images/fridge_5190351ac2/10.jpg"", ""/content/drive/MyDrive/olx_fridges_dataset/images/fridge_5190351ac2/11.jpg"", ""/content/drive/MyDrive/olx_fridges_dataset/images/fridge_5190351ac2/12.jpg"", ""/content/drive/MyDrive/olx_fridges_dataset/images/fridge_5190351ac2/13.jpg"", ""/content/drive/MyDrive/olx_fridges_dataset/images/fridge_5190351ac2/14.jpg"", ""/content/drive/MyDrive/olx_fridges_dataset/images/fridge_5190351ac2/15.jpg""]",15,2025-12-08 05:17:17.655706
fridge_813c66c382,https://www.olx.in/item/fridges-c1617-whirpool-6sense-fridge-in-sehtapur-faridabad-iid-1828638783,Whirpool 6sense fridge,Whirpool 6sense fridge in good condition - Fridges,16000,"[""/content/drive/MyDrive/olx_fridges_dataset/images/fridge_813c66c382/1.jpg"", ""/content/drive/MyDrive/olx_fridges_dataset/images/fridge_813c66c382/2.jpg"", ""/content/drive/MyDrive/olx_fridges_dataset/images/fridge_813c66c382/3.jpg"", ""/content/drive/MyDrive/olx_fridges_dataset/images/fridge_813c66c382/4.jpg"", ""/content/drive/MyDrive/olx_fridges_dataset/images/fridge_813c66c382/5.jpg"", ""/content/drive/MyDrive/olx_fridges_dataset/images/fridge_813c66c382/6.jpg"", ""/content/drive/MyDrive/olx_fridges_dataset/images/fridge_813c66c382/7.jpg"", ""/content/drive/MyDrive/olx_fridges_dataset/images/fridge_813c66c382/8.jpg"", ""/content/drive/MyDrive/olx_fridges_dataset/images/fridge_813c66c382/9.jpg"", ""/content/drive/MyDrive/olx_fridges_dataset/images/fridge_813c66c382/10.jpg"", ""/content/drive/MyDrive/olx_fridges_dataset/images/fridge_813c66c382/11.jpg"", ""/content/drive/MyDrive/olx_fridges_dataset/images/fridge_813c66c382/12.jpg"", ""/content/drive/MyDrive/olx_fridges_dataset/images/fridge_813c66c382/13.jpg"", ""/content/drive/MyDrive/olx_fridges_dataset/images/fridge_813c66c382/14.jpg""]",14,2025-12-08 05:17:26.243383
fridge_801096226e,https://www.olx.in/item/fridges-c1617-lg-front-load-washing-machine-in-good-working-condition-in-hebbal-bengaluru-iid-1828638803,LG front load washing machine in good working condition,From Used to Ready to Use - the Yourchoiz way Electronics Refrigerator Price Single door starting price 4999 Double door starting price 6499 Washing Machine Price Top load fully automatic starting price 4999 Front load fully automatic starting price 6499 Every Refrigerator & Washing Machine is quality checked and thoroughly tested by Yourchoiz engineers. This Refrigerator & Washing Machine is in good condition. Warranty? 1 Year Warranty on Motor & 6 Months Free Door Step Service Delivery & installation? Free Home Delivery with Installation Accessories? Brand new inlet and outlet pipes free (Our branches) . Nagawara main road - Fridges,7999,"[""/content/drive/MyDrive/olx_fridges_dataset/images/fridge_801096226e/1.jpg"", ""/content/drive/MyDrive/olx_fridges_dataset/images/fridge_801096226e/2.jpg"", ""/content/drive/MyDrive/olx_fridges_dataset/images/fridge_801096226e/3.jpg"", ""/content/drive/MyDrive/olx_fridges_dataset/images/fridge_801096226e/4.jpg"", ""/content/drive/MyDrive/olx_fridges_dataset/images/fridge_801096226e/5.jpg"", ""/content/drive/MyDrive/olx_fridges_dataset/images/fridge_801096226e/6.jpg"", ""/content/drive/MyDrive/olx_fridges_dataset/images/fridge_801096226e/7.jpg"", ""/content/drive/MyDrive/olx_fridges_dataset/images/fridge_801096226e/8.jpg"", ""/content/drive/MyDrive/olx_fridges_dataset/images/fridge_801096226e/9.jpg"", ""/content/drive/MyDrive/olx_fridges_dataset/images/fridge_801096226e/10.jpg"", ""/content/drive/MyDrive/olx_fridges_dataset/images/fridge_801096226e/11.jpg"", ""/content/drive/MyDrive/olx_fridges_dataset/images/fridge_801096226e/12.jpg"", ""/content/drive/MyDrive/olx_fridges_dataset/images/fridge_801096226e/13.jpg"", ""/content/drive/MyDrive/olx_fridges_dataset/images/fridge_801096226e/14.jpg""]",14,2025-12-08 05:17:34.200435
fridge_3977d0b669,https://www.olx.in/item/fridges-c1617-godrej-freeze-single-door-in-ghana-purwa-lucknow-iid-1826408962,Godrej Freeze single door,Godrej Freeze minor dent and scratches 40% Off Starting Rs. 8000 to Rs.14000 - Fridges,8000,"[""/content/drive/MyDrive/olx_fridges_dataset/images/fridge_3977d0b669/1.jpg"", ""/content/drive/MyDrive/olx_fridges_dataset/images/fridge_3977d0b669/2.jpg"", ""/content/drive/MyDrive/olx_fridges_dataset/images/fridge_3977d0b669/3.jpg"", ""/content/drive/MyDrive/olx_fridges_dataset/images/fridge_3977d0b669/4.jpg"", ""/content/drive/MyDrive/olx_fridges_dataset/images/fridge_3977d0b669/5.jpg"", ""/content/drive/MyDrive/olx_fridges_dataset/images/fridge_3977d0b669/6.jpg"", ""/content/drive/MyDrive/olx_fridges_dataset/images/fridge_3977d0b669/7.jpg"", ""/content/drive/MyDrive/olx_fridges_dataset/images/fridge_3977d0b669/8.jpg"", ""/content/drive/MyDrive/olx_fridges_dataset/images/fridge_3977d0b669/9.jpg"", ""/content/drive/MyDrive/olx_fridges_dataset/images/fridge_3977d0b669/10.jpg"", ""/content/drive/MyDrive/olx_fridges_dataset/images/fridge_3977d0b669/11.jpg"", ""/content/drive/MyDrive/olx_fridges_dataset/images/fridge_3977d0b669/12.jpg"", ""/content/drive/MyDrive/olx_fridges_dataset/images/fridge_3977d0b669/13.jpg"", ""/content/drive/MyDrive/olx_fridges_dataset/images/fridge_3977d0b669/14.jpg""]",14,2025-12-08 05:17:43.712298
fridge_85a7bc00d0,https://www.olx.in/item/fridges-c1617-whirlpool-5-star-207l-single-door-2023-model-in-chembur-mumbai-iid-1828638926,Whirlpool 5-Star 207L Single Door 2023 Model,"Excellent condition, purchased in November 2023 Single door refrigerator with Intellisense Inverter Technology Capacity: 207 liters for families with 2 -3 members Energy Rating - 5 Star Best in class energy efficiency 10 year compressor warranty Intellisense Inverter technology - Comes with low starting voltage of 95V & assures 25 years of compressor reliability- certified by VDE Germany *As Certified by VDE Germany Special Features: Stabilizer free operation even in high fluctuation voltage between (95V - 300V) Brand Specific Features -5 star energy rating, Fast Ice making, Uniform Cooling, Crescent Door Design And Breathe Arc Handle, Honey Comb Lock In Technology, Microblock Technology, Up To 12 Hours of Milk preservation, Magic Chiller, Up to 7 Days of Garden Freshness & Lower Energy Consumption Storage & Interior Description-Fresh food capacity : 14.3 Ltr Freezer capacity : 192.7 Ltr Total no of drawers : 4, shelves : 3 Shelf Type : Toughened glass shelves Anti bacterial gasket Base stand with drawer Item Dimensions & Weight : 68.1 x 57.6 x 150 Centimeters Weight : 33.4Kg - Fridges",9500,"[""/content/drive/MyDrive/olx_fridges_dataset/images/fridge_85a7bc00d0/1.jpg"", ""/content/drive/MyDrive/olx_fridges_dataset/images/fridge_85a7bc00d0/2.jpg"", ""/content/drive/MyDrive/olx_fridges_dataset/images/fridge_85a7bc00d0/3.jpg"", ""/content/drive/MyDrive/olx_fridges_dataset/images/fridge_85a7bc00d0/4.jpg"", ""/content/drive/MyDrive/olx_fridges_dataset/images/fridge_85a7bc00d0/5.jpg"", ""/content/drive/MyDrive/olx_fridges_dataset/images/fridge_85a7bc00d0/6.jpg"", ""/content/drive/MyDrive/olx_fridges_dataset/images/fridge_85a7bc00d0/7.jpg"", ""/content/drive/MyDrive/olx_fridges_dataset/images/fridge_85a7bc00d0/8.jpg"", ""/content/drive/MyDrive/olx_fridges_dataset/images/fridge_85a7bc00d0/9.jpg"", ""/content/drive/MyDrive/olx_fridges_dataset/images/fridge_85a7bc00d0/10.jpg"", ""/content/drive/MyDrive/olx_fridges_dataset/images/fridge_85a7bc00d0/11.jpg"", ""/content/drive/MyDrive/olx_fridges_dataset/images/fridge_85a7bc00d0/12.jpg"", ""/content/drive/MyDrive/olx_fridges_dataset/images/fridge_85a7bc00d0/13.jpg"", ""/content/drive/MyDrive/olx_fridges_dataset/images/fridge_85a7bc00d0/14.jpg""]",14,2025-12-08 05:17:53.743913
fridge_428b3882aa,https://www.olx.in/item/fridges-c1617-6500-fridge-washing-machine-available-5-years-warranty-in-jogeshwarivikhroli-link-road-jvlr-mumbai-iid-1828436556,"6500/- [ FRIDGE, WASHING MACHINE AVAILABLE ] 5 YEARS WARRANTY","Best working condition Best capacity single door fridge with good looking Fast delivery available at Mumbai Very low price fridge washing machine available @@ WE ARE FROM SHIFA ELECTRONICS OUR SHOP CAN PROVIDE HARDLY USED APPLIANCE @ BEST 5 YEAR'S WARRANTY FRIDGE /WASHING MACHINE AND TECHNICIANS SERVICE ALL OVER MUMBAI,, *WE CAN PROVIDE APPLIANCES LIKE * JUST SECOND HAND 2/3 YEAR'S USED APPLIANCE =[ BRAND =] = LG, SAMSUNG, WHIRLPOOL, HAIR, FRIDGE =] SINGLE DOOR FRIDGE AVAILABLE =] DOUBLE DOOR FRIDGE AVAILABLE WASHING MACHINE =] TOP LOAD FULLY AUTOMATIC WASHING MACHINE AVAILABLE =] SEMI WASHING MACHINE AVAILABLE 1. FRIDGE Single door :- 6500/- to 7500/- double door:- 8500/- to 15500/- 2. WASHING MACHINE Washing machine:- 6500/- to 12500/- 3. WINDOWS AC AVAILABLE 4. SPLIT AC AVAILABLE =[ WARRANTY ON APPLIANCE = = @ 5 YEAR'S COMPRESSOR WARRANTY ON FRIDGE. =@ 5 YEAR'S MOTOR WARRANTY ON WASHING MACHINE =@ NEW INLET AND OUT LET PIPE FREE FOR WASHING MACHINE ALSO AVAILABLE ON RENT BASIS 1) 500/- par month single door fridge 2) 500/- par month washing machine. 2) 700 /- par month double door fridge. FOR MORE DETAILS CALL US. SHIFA ELECTRONICS , PREM NAGAR, FISH MARKET, JOGESHWARI EAST. MUMBAI. Pin -400060. - Fridges",6500,"[""/content/drive/MyDrive/olx_fridges_dataset/images/fridge_428b3882aa/1.jpg"", ""/content/drive/MyDrive/olx_fridges_dataset/images/fridge_428b3882aa/2.jpg"", ""/content/drive/MyDrive/olx_fridges_dataset/images/fridge_428b3882aa/3.jpg"", ""/content/drive/MyDrive/olx_fridges_dataset/images/fridge_428b3882aa/4.jpg"", ""/content/drive/MyDrive/olx_fridges_dataset/images/fridge_428b3882aa/5.jpg"", ""/content/drive/MyDrive/olx_fridges_dataset/images/fridge_428b3882aa/6.jpg"", ""/content/drive/MyDrive/olx_fridges_dataset/images/fridge_428b3882aa/7.jpg"", ""/content/drive/MyDrive/olx_fridges_dataset/images/fridge_428b3882aa/8.jpg"", ""/content/drive/MyDrive/olx_fridges_dataset/images/fridge_428b3882aa/9.jpg"", ""/content/drive/MyDrive/olx_fridges_dataset/images/fridge_428b3882aa/10.jpg"", ""/content/drive/MyDrive/olx_fridges_dataset/images/fridge_428b3882aa/11.jpg"", ""/content/drive/MyDrive/olx_fridges_dataset/images/fridge_428b3882aa/12.jpg"", ""/content/drive/MyDrive/olx_fridges_dataset/images/fridge_428b3882aa/13.jpg"", ""/content/drive/MyDrive/olx_fridges_dataset/images/fridge_428b3882aa/14.jpg""]",14,2025-12-08 05:18:03.711775
fridge_9cbd64adaf,https://www.olx.in/item/fridges-c1617-best-quality-fridge-in-best-price-with-warranty-in-mahadevapura-bengaluru-iid-1797378072,Best quality fridge in best price with warranty,(Trust Tronix Home Appliances) *Visit Our Stores* >> Marathalli & >> Nagawara ( Range starts From) >> Top Load Fully Automatic Washing Machine Starts From {₹6000}>> >> Front Load Fully Automatic Washing Machine Starts From {₹8000}>> >> Single Door Starts From {₹600”}>> >> Double Door Starts From {₹6999}>> >> Combo Starts From ₹{12000}>> >>Warranty >> 1 Year Motor Warranty For Washing Machine And 6 Months Free Service >> 1 Year Compressor Warranty For Refrigerator And 6 Months Free service >>(About Our Products)<>100% Certified & Quality checked Products<>Every Product Undergo Rigorous Testing & Flawless Working Condition By Our Experts before The Time Of Delivery (Buy Back )•  Retrun Back >> 50%Buy Back with In 12 to 15 Months With Free Pick Up <>( Installation)<> Hassle Free Same Day Free Home Delivery Throughout Banglore <> Gpay/Ppay/Imps/Cod/pod - Fridges,6000,"[""/content/drive/MyDrive/olx_fridges_dataset/images/fridge_9cbd64adaf/1.jpg"", ""/content/drive/MyDrive/olx_fridges_dataset/images/fridge_9cbd64adaf/2.jpg"", ""/content/drive/MyDrive/olx_fridges_dataset/images/fridge_9cbd64adaf/3.jpg"", ""/content/drive/MyDrive/olx_fridges_dataset/images/fridge_9cbd64adaf/4.jpg"", ""/content/drive/MyDrive/olx_fridges_dataset/images/fridge_9cbd64adaf/5.jpg"", ""/content/drive/MyDrive/olx_fridges_dataset/images/fridge_9cbd64adaf/6.jpg"", ""/content/drive/MyDrive/olx_fridges_dataset/images/fridge_9cbd64adaf/7.jpg"", ""/content/drive/MyDrive/olx_fridges_dataset/images/fridge_9cbd64adaf/8.jpg"", ""/content/drive/MyDrive/olx_fridges_dataset/images/fridge_9cbd64adaf/9.jpg"", ""/content/drive/MyDrive/olx_fridges_dataset/images/fridge_9cbd64adaf/10.jpg"", ""/content/drive/MyDrive/olx_fridges_dataset/images/fridge_9cbd64adaf/11.jpg"", ""/content/drive/MyDrive/olx_fridges_dataset/images/fridge_9cbd64adaf/12.jpg"", ""/content/drive/MyDrive/olx_fridges_dataset/images/fridge_9cbd64adaf/13.jpg"", ""/content/drive/MyDrive/olx_fridges_dataset/images/fridge_9cbd64adaf/14.jpg""]",14,2025-12-08 05:18:13.614260
fridge_017f8a879f,https://www.olx.in/item/fridges-c1617-badhiya-hai-in-barra-kanpur-iid-1828639195,Badhiya hai,Fridge 190 leter - Fridges,4500,"[""/content/drive/MyDrive/olx_fridges_dataset/images/fridge_017f8a879f/1.jpg"", ""/content/drive/MyDrive/olx_fridges_dataset/images/fridge_017f8a879f/2.jpg"", ""/content/drive/MyDrive/olx_fridges_dataset/images/fridge_017f8a879f/3.jpg"", ""/content/drive/MyDrive/olx_fridges_dataset/images/fridge_017f8a879f/4.jpg"", ""/content/drive/MyDrive/olx_fridges_dataset/images/fridge_017f8a879f/5.jpg"", ""/content/drive/MyDrive/olx_fridges_dataset/images/fridge_017f8a879f/6.jpg"", ""/content/drive/MyDrive/olx_fridges_dataset/images/fridge_017f8a879f/7.jpg"", ""/content/drive/MyDrive/olx_fridges_dataset/images/fridge_017f8a879f/8.jpg"", ""/content/drive/MyDrive/olx_fridges_dataset/images/fridge_017f8a879f/9.jpg"", ""/content/drive/MyDrive/olx_fridges_dataset/images/fridge_017f8a879f/10.jpg"", ""/content/drive/MyDrive/olx_fridges_dataset/images/fridge_017f8a879f/11.jpg"", ""/content/drive/MyDrive/olx_fridges_dataset/images/fridge_017f8a879f/12.jpg"", ""/content/drive/MyDrive/olx_fridges_dataset/images/fridge_017f8a879f/13.jpg"", ""/content/drive/MyDrive/olx_fridges_dataset/images/fridge_017f8a879f/14.jpg""]",14,2025-12-08 05:18:21.596758
fridge_728a5a13b1,https://www.olx.in/item/fridges-c1617-whirlpool-proton-5-star-fridge-in-sector-46-gurgaon-iid-1828638297,Whirlpool proton 5 star fridge,Fridge is in working condition. I need to sell it due to moving out - Fridges,12000,"[""/content/drive/MyDrive/olx_fridges_dataset/images/fridge_728a5a13b1/1.jpg"", ""/content/drive/MyDrive/olx_fridges_dataset/images/fridge_728a5a13b1/2.jpg"", ""/content/drive/MyDrive/olx_fridges_dataset/images/fridge_728a5a13b1/3.jpg"", ""/content/drive/MyDrive/olx_fridges_dataset/images/fridge_728a5a13b1/4.jpg"", ""/content/drive/MyDrive/olx_fridges_dataset/images/fridge_728a5a13b1/5.jpg"", ""/content/drive/MyDrive/olx_fridges_dataset/images/fridge_728a5a13b1/6.jpg"", ""/content/drive/MyDrive/olx_fridges_dataset/images/fridge_728a5a13b1/7.jpg"", ""/content/drive/MyDrive/olx_fridges_dataset/images/fridge_728a5a13b1/8.jpg"", ""/content/drive/MyDrive/olx_fridges_dataset/images/fridge_728a5a13b1/9.jpg"", ""/content/drive/MyDrive/olx_fridges_dataset/images/fridge_728a5a13b1/10.jpg"", ""/content/drive/MyDrive/olx_fridges_dataset/images/fridge_728a5a13b1/11.jpg"", ""/content/drive/MyDrive/olx_fridges_dataset/images/fridge_728a5a13b1/12.jpg"", ""/content/drive/MyDrive/olx_fridges_dataset/images/fridge_728a5a13b1/13.jpg"", ""/content/drive/MyDrive/olx_fridges_dataset/images/fridge_728a5a13b1/14.jpg""]",14,2025-12-08 05:18:30.550934
fridge_b59a149c96,https://www.olx.in/item/fridges-c1617-best-budget-freeze-13500-free-deliverywarranty-ke-sath-available-in-virar-east-mumbai-iid-1827159032,Best budget  freeze  13500 free delivery+warranty ke sath available,"#Best budget price freeze washing machine ac available shipping no charge contact us 95941 97908 ##WE CAN PROVIDE HOME APPLIANCES## 1. FRIDGES (single door , Double door and big size Double door available) 2. Washing machine (fully automatic) 3. AC (split ac and window ac) ##BEST PRICE OF APPLIANCES ## 1. FRIDGE:. i)Single door starting price Rs 6500/ ii)Double door starting price Rs 8500/ 2. Washing machine fully automatic starting price RS.6500/ 3. Split ac starting price Rs.12500/ 4. Window ac starting price RS.10500/ ##NOTE## i) Delivery free ii) Inlet pipe and outlet pipe free with washing machine iii)50% cash back facility ## SANVI AIRCOOL ## shop no2 shree rampal chawl near little flower high school mahakali caves road Andheri East Mumbai 400093 - Fridges",6500,"[""/content/drive/MyDrive/olx_fridges_dataset/images/fridge_b59a149c96/1.jpg"", ""/content/drive/MyDrive/olx_fridges_dataset/images/fridge_b59a149c96/2.jpg"", ""/content/drive/MyDrive/olx_fridges_dataset/images/fridge_b59a149c96/3.jpg"", ""/content/drive/MyDrive/olx_fridges_dataset/images/fridge_b59a149c96/4.jpg"", ""/content/drive/MyDrive/olx_fridges_dataset/images/fridge_b59a149c96/5.jpg"", ""/content/drive/MyDrive/olx_fridges_dataset/images/fridge_b59a149c96/6.jpg"", ""/content/drive/MyDrive/olx_fridges_dataset/images/fridge_b59a149c96/7.jpg"", ""/content/drive/MyDrive/olx_fridges_dataset/images/fridge_b59a149c96/8.jpg"", ""/content/drive/MyDrive/olx_fridges_dataset/images/fridge_b59a149c96/9.jpg"", ""/content/drive/MyDrive/olx_fridges_dataset/images/fridge_b59a149c96/10.jpg"", ""/content/drive/MyDrive/olx_fridges_dataset/images/fridge_b59a149c96/11.jpg"", ""/content/drive/MyDrive/olx_fridges_dataset/images/fridge_b59a149c96/12.jpg"", ""/content/drive/MyDrive/olx_fridges_dataset/images/fridge_b59a149c96/13.jpg"", ""/content/drive/MyDrive/olx_fridges_dataset/images/fridge_b59a149c96/14.jpg"", ""/content/drive/MyDrive/olx_fridges_dataset/images/fridge_b59a149c96/15.jpg"", ""/content/drive/MyDrive/olx_fridges_dataset/images/fridge_b59a149c96/16.jpg""]",16,2025-12-08 05:18:38.511066
fridge_728f585519,https://www.olx.in/item/fridges-c1617-abhi-carnt-me-in-salesh-farm-colony-pilkhuwa-iid-1828638002,Abhi carnt me,D frig bach rahe hai - Fridges,24000,"[""/content/drive/MyDrive/olx_fridges_dataset/images/fridge_728f585519/1.jpg"", ""/content/drive/MyDrive/olx_fridges_dataset/images/fridge_728f585519/2.jpg"", ""/content/drive/MyDrive/olx_fridges_dataset/images/fridge_728f585519/3.jpg"", ""/content/drive/MyDrive/olx_fridges_dataset/images/fridge_728f585519/4.jpg"", ""/content/drive/MyDrive/olx_fridges_dataset/images/fridge_728f585519/5.jpg"", ""/content/drive/MyDrive/olx_fridges_dataset/images/fridge_728f585519/6.jpg"", ""/content/drive/MyDrive/olx_fridges_dataset/images/fridge_728f585519/7.jpg"", ""/content/drive/MyDrive/olx_fridges_dataset/images/fridge_728f585519/8.jpg"", ""/content/drive/MyDrive/olx_fridges_dataset/images/fridge_728f585519/9.jpg"", ""/content/drive/MyDrive/olx_fridges_dataset/images/fridge_728f585519/10.jpg"", ""/content/drive/MyDrive/olx_fridges_dataset/images/fridge_728f585519/11.jpg"", ""/content/drive/MyDrive/olx_fridges_dataset/images/fridge_728f585519/12.jpg"", ""/content/drive/MyDrive/olx_fridges_dataset/images/fridge_728f585519/13.jpg"", ""/content/drive/MyDrive/olx_fridges_dataset/images/fridge_728f585519/14.jpg""]",14,2025-12-08 05:18:47.392506
fridge_206919e5ad,https://www.olx.in/item/fridges-c1617-used-refrigerator-for-sale-in-thergaon-pune-iid-1772293161,Used Refrigerator For Sale,"Single Door Fridge (Used) ₹4000-10k Single Door Fridge 190L (3-6 Months Used) ₹11,500 Single Door Fridge 170L (3-6 Months Used) ₹12,500 Double Door fridge (Used) ₹9,999-20k HOME DELIVERY AVAILABLE! Contact Us For More Details. - Fridges",4000,"[""/content/drive/MyDrive/olx_fridges_dataset/images/fridge_206919e5ad/1.jpg"", ""/content/drive/MyDrive/olx_fridges_dataset/images/fridge_206919e5ad/2.jpg"", ""/content/drive/MyDrive/olx_fridges_dataset/images/fridge_206919e5ad/3.jpg"", ""/content/drive/MyDrive/olx_fridges_dataset/images/fridge_206919e5ad/4.jpg"", ""/content/drive/MyDrive/olx_fridges_dataset/images/fridge_206919e5ad/5.jpg"", ""/content/drive/MyDrive/olx_fridges_dataset/images/fridge_206919e5ad/6.jpg"", ""/content/drive/MyDrive/olx_fridges_dataset/images/fridge_206919e5ad/7.jpg"", ""/content/drive/MyDrive/olx_fridges_dataset/images/fridge_206919e5ad/8.jpg"", ""/content/drive/MyDrive/olx_fridges_dataset/images/fridge_206919e5ad/9.jpg"", ""/content/drive/MyDrive/olx_fridges_dataset/images/fridge_206919e5ad/10.jpg"", ""/content/drive/MyDrive/olx_fridges_dataset/images/fridge_206919e5ad/11.jpg"", ""/content/drive/MyDrive/olx_fridges_dataset/images/fridge_206919e5ad/12.jpg"", ""/content/drive/MyDrive/olx_fridges_dataset/images/fridge_206919e5ad/13.jpg"", ""/content/drive/MyDrive/olx_fridges_dataset/images/fridge_206919e5ad/14.jpg""]",14,2025-12-08 05:18:55.286703
fridge_1cc79f1c00,https://www.olx.in/item/fridges-c1617-voltas-deep-freezer-305-ltr-in-sigra-varanasi-iid-1828637699,Voltas deep freezer 305 ltr,New condition only use 1month - Fridges,22500,"[""/content/drive/MyDrive/olx_fridges_dataset/images/fridge_1cc79f1c00/1.jpg"", ""/content/drive/MyDrive/olx_fridges_dataset/images/fridge_1cc79f1c00/2.jpg"", ""/content/drive/MyDrive/olx_fridges_dataset/images/fridge_1cc79f1c00/3.jpg"", ""/content/drive/MyDrive/olx_fridges_dataset/images/fridge_1cc79f1c00/4.jpg"", ""/content/drive/MyDrive/olx_fridges_dataset/images/fridge_1cc79f1c00/5.jpg"", ""/content/drive/MyDrive/olx_fridges_dataset/images/fridge_1cc79f1c00/6.jpg"", ""/content/drive/MyDrive/olx_fridges_dataset/images/fridge_1cc79f1c00/7.jpg"", ""/content/drive/MyDrive/olx_fridges_dataset/images/fridge_1cc79f1c00/8.jpg"", ""/content/drive/MyDrive/olx_fridges_dataset/images/fridge_1cc79f1c00/9.jpg"", ""/content/drive/MyDrive/olx_fridges_dataset/images/fridge_1cc79f1c00/10.jpg"", ""/content/drive/MyDrive/olx_fridges_dataset/images/fridge_1cc79f1c00/11.jpg"", ""/content/drive/MyDrive/olx_fridges_dataset/images/fridge_1cc79f1c00/12.jpg"", ""/content/drive/MyDrive/olx_fridges_dataset/images/fridge_1cc79f1c00/13.jpg"", ""/content/drive/MyDrive/olx_fridges_dataset/images/fridge_1cc79f1c00/14.jpg""]",14,2025-12-08 05:19:04.873552
fridge_80255966e5,https://www.olx.in/item/fridges-c1617-whirlpool-184l-single-door-fridge-excellent-conditionlow-power-usage-in-nallagandla-hyderabad-iid-1828638523,"Whirlpool 184L Single Door Fridge –Excellent Condition,Low Power Usage",Selling my Whirlpool 184L Single Door Refrigerator (2023 model). The fridge is in excellent condition and works perfectly — no issues at all. Very low power consumption with 170 units/year (Energy-efficient). Key Details: Brand: Whirlpool Model: DAST1833FMBCT 2023 Capacity: 184 Litres Type: Direct Cool Energy Consumption: 170 units/year Color: Blue Usage: Very minimal (well maintained) Reason for Selling: Upgrading / Not required anymore - Fridges,9000,"[""/content/drive/MyDrive/olx_fridges_dataset/images/fridge_80255966e5/1.jpg"", ""/content/drive/MyDrive/olx_fridges_dataset/images/fridge_80255966e5/2.jpg"", ""/content/drive/MyDrive/olx_fridges_dataset/images/fridge_80255966e5/3.jpg"", ""/content/drive/MyDrive/olx_fridges_dataset/images/fridge_80255966e5/4.jpg"", ""/content/drive/MyDrive/olx_fridges_dataset/images/fridge_80255966e5/5.jpg"", ""/content/drive/MyDrive/olx_fridges_dataset/images/fridge_80255966e5/6.jpg"", ""/content/drive/MyDrive/olx_fridges_dataset/images/fridge_80255966e5/7.jpg"", ""/content/drive/MyDrive/olx_fridges_dataset/images/fridge_80255966e5/8.jpg"", ""/content/drive/MyDrive/olx_fridges_dataset/images/fridge_80255966e5/9.jpg"", ""/content/drive/MyDrive/olx_fridges_dataset/images/fridge_80255966e5/10.jpg"", ""/content/drive/MyDrive/olx_fridges_dataset/images/fridge_80255966e5/11.jpg"", ""/content/drive/MyDrive/olx_fridges_dataset/images/fridge_80255966e5/12.jpg"", ""/content/drive/MyDrive/olx_fridges_dataset/images/fridge_80255966e5/13.jpg"", ""/content/drive/MyDrive/olx_fridges_dataset/images/fridge_80255966e5/14.jpg""]",14,2025-12-08 05:19:13.226090
fridge_e41e7d3e40,https://www.olx.in/item/fridges-c1617-mini-fridge-in-kutak-bandhan-navi-mumbai-iid-1828637533,MINI FRIDGE,HAIER 42L MINI FRIDGE - Fridges,8000,"[""/content/drive/MyDrive/olx_fridges_dataset/images/fridge_e41e7d3e40/1.jpg"", ""/content/drive/MyDrive/olx_fridges_dataset/images/fridge_e41e7d3e40/2.jpg"", ""/content/drive/MyDrive/olx_fridges_dataset/images/fridge_e41e7d3e40/3.jpg"", ""/content/drive/MyDrive/olx_fridges_dataset/images/fridge_e41e7d3e40/4.jpg"", ""/content/drive/MyDrive/olx_fridges_dataset/images/fridge_e41e7d3e40/5.jpg"", ""/content/drive/MyDrive/olx_fridges_dataset/images/fridge_e41e7d3e40/6.jpg"", ""/content/drive/MyDrive/olx_fridges_dataset/images/fridge_e41e7d3e40/7.jpg"", ""/content/drive/MyDrive/olx_fridges_dataset/images/fridge_e41e7d3e40/8.jpg"", ""/content/drive/MyDrive/olx_fridges_dataset/images/fridge_e41e7d3e40/9.jpg"", ""/content/drive/MyDrive/olx_fridges_dataset/images/fridge_e41e7d3e40/10.jpg"", ""/content/drive/MyDrive/olx_fridges_dataset/images/fridge_e41e7d3e40/11.jpg"", ""/content/drive/MyDrive/olx_fridges_dataset/images/fridge_e41e7d3e40/12.jpg"", ""/content/drive/MyDrive/olx_fridges_dataset/images/fridge_e41e7d3e40/13.jpg"", ""/content/drive/MyDrive/olx_fridges_dataset/images/fridge_e41e7d3e40/14.jpg""]",14,2025-12-08 05:19:21.935746
fridge_9092ed669f,https://www.olx.in/item/fridges-c1617-fully-working-condition-higher-fridge-in-chegalrao-peta-visakhapatnam-iid-1828063647,Fully working condition higher fridge,Fully working condition fridge 5 star higher - Fridges,8000,"[""/content/drive/MyDrive/olx_fridges_dataset/images/fridge_9092ed669f/1.jpg"", ""/content/drive/MyDrive/olx_fridges_dataset/images/fridge_9092ed669f/2.jpg"", ""/content/drive/MyDrive/olx_fridges_dataset/images/fridge_9092ed669f/3.jpg"", ""/content/drive/MyDrive/olx_fridges_dataset/images/fridge_9092ed669f/4.jpg"", ""/content/drive/MyDrive/olx_fridges_dataset/images/fridge_9092ed669f/5.jpg"", ""/content/drive/MyDrive/olx_fridges_dataset/images/fridge_9092ed669f/6.jpg"", ""/content/drive/MyDrive/olx_fridges_dataset/images/fridge_9092ed669f/7.jpg"", ""/content/drive/MyDrive/olx_fridges_dataset/images/fridge_9092ed669f/8.jpg"", ""/content/drive/MyDrive/olx_fridges_dataset/images/fridge_9092ed669f/9.jpg"", ""/content/drive/MyDrive/olx_fridges_dataset/images/fridge_9092ed669f/10.jpg"", ""/content/drive/MyDrive/olx_fridges_dataset/images/fridge_9092ed669f/11.jpg"", ""/content/drive/MyDrive/olx_fridges_dataset/images/fridge_9092ed669f/12.jpg"", ""/content/drive/MyDrive/olx_fridges_dataset/images/fridge_9092ed669f/13.jpg"", ""/content/drive/MyDrive/olx_fridges_dataset/images/fridge_9092ed669f/14.jpg""]",14,2025-12-08 05:19:30.968688
fridge_19a01ae16a,https://www.olx.in/item/fridges-c1617-second-hand-fridge-sales-in-ganapathi-coimbatore-iid-1828637337,Second Hand fridge Sales,"Good working condition Delivery arranged Warranty provided Good service All branded & models available Shop:-palakkad, coimbatore - Fridges",4300,"[""/content/drive/MyDrive/olx_fridges_dataset/images/fridge_19a01ae16a/1.jpg"", ""/content/drive/MyDrive/olx_fridges_dataset/images/fridge_19a01ae16a/2.jpg"", ""/content/drive/MyDrive/olx_fridges_dataset/images/fridge_19a01ae16a/3.jpg"", ""/content/drive/MyDrive/olx_fridges_dataset/images/fridge_19a01ae16a/4.jpg"", ""/content/drive/MyDrive/olx_fridges_dataset/images/fridge_19a01ae16a/5.jpg"", ""/content/drive/MyDrive/olx_fridges_dataset/images/fridge_19a01ae16a/6.jpg"", ""/content/drive/MyDrive/olx_fridges_dataset/images/fridge_19a01ae16a/7.jpg"", ""/content/drive/MyDrive/olx_fridges_dataset/images/fridge_19a01ae16a/8.jpg"", ""/content/drive/MyDrive/olx_fridges_dataset/images/fridge_19a01ae16a/9.jpg"", ""/content/drive/MyDrive/olx_fridges_dataset/images/fridge_19a01ae16a/10.jpg"", ""/content/drive/MyDrive/olx_fridges_dataset/images/fridge_19a01ae16a/11.jpg"", ""/content/drive/MyDrive/olx_fridges_dataset/images/fridge_19a01ae16a/12.jpg"", ""/content/drive/MyDrive/olx_fridges_dataset/images/fridge_19a01ae16a/13.jpg"", ""/content/drive/MyDrive/olx_fridges_dataset/images/fridge_19a01ae16a/14.jpg""]",14,2025-12-08 05:19:43.168749
fridge_0846e29b53,https://www.olx.in/item/fridges-c1617-display-counter-for-cake-and-pastries-in-devli-delhi-iid-1828638264,Display counter for cake and pastries,Close shop some personally reason - Fridges,65000,"[""/content/drive/MyDrive/olx_fridges_dataset/images/fridge_0846e29b53/1.jpg"", ""/content/drive/MyDrive/olx_fridges_dataset/images/fridge_0846e29b53/2.jpg"", ""/content/drive/MyDrive/olx_fridges_dataset/images/fridge_0846e29b53/3.jpg"", ""/content/drive/MyDrive/olx_fridges_dataset/images/fridge_0846e29b53/4.jpg"", ""/content/drive/MyDrive/olx_fridges_dataset/images/fridge_0846e29b53/5.jpg"", ""/content/drive/MyDrive/olx_fridges_dataset/images/fridge_0846e29b53/6.jpg"", ""/content/drive/MyDrive/olx_fridges_dataset/images/fridge_0846e29b53/7.jpg"", ""/content/drive/MyDrive/olx_fridges_dataset/images/fridge_0846e29b53/8.jpg"", ""/content/drive/MyDrive/olx_fridges_dataset/images/fridge_0846e29b53/9.jpg"", ""/content/drive/MyDrive/olx_fridges_dataset/images/fridge_0846e29b53/10.jpg"", ""/content/drive/MyDrive/olx_fridges_dataset/images/fridge_0846e29b53/11.jpg"", ""/content/drive/MyDrive/olx_fridges_dataset/images/fridge_0846e29b53/12.jpg"", ""/content/drive/MyDrive/olx_fridges_dataset/images/fridge_0846e29b53/13.jpg"", ""/content/drive/MyDrive/olx_fridges_dataset/images/fridge_0846e29b53/14.jpg""]",14,2025-12-08 05:19:51.720389
fridge_c5d4e79ce0,https://www.olx.in/item/fridges-c1617-whirpool-company-in-shivpura-varanasi-iid-1828638035,whirpool company,whirpool company fridge in very good condition - Fridges,6000,"[""/content/drive/MyDrive/olx_fridges_dataset/images/fridge_c5d4e79ce0/1.jpg"", ""/content/drive/MyDrive/olx_fridges_dataset/images/fridge_c5d4e79ce0/2.jpg"", ""/content/drive/MyDrive/olx_fridges_dataset/images/fridge_c5d4e79ce0/3.jpg"", ""/content/drive/MyDrive/olx_fridges_dataset/images/fridge_c5d4e79ce0/4.jpg"", ""/content/drive/MyDrive/olx_fridges_dataset/images/fridge_c5d4e79ce0/5.jpg"", ""/content/drive/MyDrive/olx_fridges_dataset/images/fridge_c5d4e79ce0/6.jpg"", ""/content/drive/MyDrive/olx_fridges_dataset/images/fridge_c5d4e79ce0/7.jpg"", ""/content/drive/MyDrive/olx_fridges_dataset/images/fridge_c5d4e79ce0/8.jpg"", ""/content/drive/MyDrive/olx_fridges_dataset/images/fridge_c5d4e79ce0/9.jpg"", ""/content/drive/MyDrive/olx_fridges_dataset/images/fridge_c5d4e79ce0/10.jpg"", ""/content/drive/MyDrive/olx_fridges_dataset/images/fridge_c5d4e79ce0/11.jpg"", ""/content/drive/MyDrive/olx_fridges_dataset/images/fridge_c5d4e79ce0/12.jpg"", ""/content/drive/MyDrive/olx_fridges_dataset/images/fridge_c5d4e79ce0/13.jpg"", ""/content/drive/MyDrive/olx_fridges_dataset/images/fridge_c5d4e79ce0/14.jpg""]",14,2025-12-08 05:20:03.905473
fridge_81dd6d6311,https://www.olx.in/item/fridges-c1617-second-hand-fridge-sales-in-saravanampatti-coimbatore-iid-1828637841,Second Hand fridge Sales,"Good working condition Delivery arranged Warranty provided Good service All branded & models available Shop:-palakkad, coimbatore - Fridges",4300,"[""/content/drive/MyDrive/olx_fridges_dataset/images/fridge_81dd6d6311/1.jpg"", ""/content/drive/MyDrive/olx_fridges_dataset/images/fridge_81dd6d6311/2.jpg"", ""/content/drive/MyDrive/olx_fridges_dataset/images/fridge_81dd6d6311/3.jpg"", ""/content/drive/MyDrive/olx_fridges_dataset/images/fridge_81dd6d6311/4.jpg"", ""/content/drive/MyDrive/olx_fridges_dataset/images/fridge_81dd6d6311/5.jpg"", ""/content/drive/MyDrive/olx_fridges_dataset/images/fridge_81dd6d6311/6.jpg"", ""/content/drive/MyDrive/olx_fridges_dataset/images/fridge_81dd6d6311/7.jpg"", ""/content/drive/MyDrive/olx_fridges_dataset/images/fridge_81dd6d6311/8.jpg"", ""/content/drive/MyDrive/olx_fridges_dataset/images/fridge_81dd6d6311/9.jpg"", ""/content/drive/MyDrive/olx_fridges_dataset/images/fridge_81dd6d6311/10.jpg"", ""/content/drive/MyDrive/olx_fridges_dataset/images/fridge_81dd6d6311/11.jpg"", ""/content/drive/MyDrive/olx_fridges_dataset/images/fridge_81dd6d6311/12.jpg"", ""/content/drive/MyDrive/olx_fridges_dataset/images/fridge_81dd6d6311/13.jpg"", ""/content/drive/MyDrive/olx_fridges_dataset/images/fridge_81dd6d6311/14.jpg""]",14,2025-12-08 05:20:20.038136
fridge_469a090336,https://www.olx.in/item/fridges-c1617-gently-used-165l-single-door-fridge-with-warranty-free-delivery-home-in-patel-nagar-delhi-iid-1802664450,Gently Used 165L Single Door fridge With Warranty + Free Delivery home,Keerat Electronics We deal Gently Used and New Products. We also provide free delivery at your home Our service is our quality Fixed price shop No Bargain - Fridges,4999,"[""/content/drive/MyDrive/olx_fridges_dataset/images/fridge_469a090336/1.jpg"", ""/content/drive/MyDrive/olx_fridges_dataset/images/fridge_469a090336/2.jpg"", ""/content/drive/MyDrive/olx_fridges_dataset/images/fridge_469a090336/3.jpg"", ""/content/drive/MyDrive/olx_fridges_dataset/images/fridge_469a090336/4.jpg"", ""/content/drive/MyDrive/olx_fridges_dataset/images/fridge_469a090336/5.jpg"", ""/content/drive/MyDrive/olx_fridges_dataset/images/fridge_469a090336/6.jpg"", ""/content/drive/MyDrive/olx_fridges_dataset/images/fridge_469a090336/7.jpg"", ""/content/drive/MyDrive/olx_fridges_dataset/images/fridge_469a090336/8.jpg"", ""/content/drive/MyDrive/olx_fridges_dataset/images/fridge_469a090336/9.jpg"", ""/content/drive/MyDrive/olx_fridges_dataset/images/fridge_469a090336/10.jpg"", ""/content/drive/MyDrive/olx_fridges_dataset/images/fridge_469a090336/11.jpg"", ""/content/drive/MyDrive/olx_fridges_dataset/images/fridge_469a090336/12.jpg"", ""/content/drive/MyDrive/olx_fridges_dataset/images/fridge_469a090336/13.jpg"", ""/content/drive/MyDrive/olx_fridges_dataset/images/fridge_469a090336/14.jpg""]",14,2025-12-08 05:20:28.998714
fridge_546b3f3e43,https://www.olx.in/item/fridges-c1617-lg-double-door-fridge-in-manchirevula-hyderabad-iid-1828637875,LG double door fridge,"LG 2013 model, double door fridge. - Fridges",12000,"[""/content/drive/MyDrive/olx_fridges_dataset/images/fridge_546b3f3e43/1.jpg"", ""/content/drive/MyDrive/olx_fridges_dataset/images/fridge_546b3f3e43/2.jpg"", ""/content/drive/MyDrive/olx_fridges_dataset/images/fridge_546b3f3e43/3.jpg"", ""/content/drive/MyDrive/olx_fridges_dataset/images/fridge_546b3f3e43/4.jpg"", ""/content/drive/MyDrive/olx_fridges_dataset/images/fridge_546b3f3e43/5.jpg"", ""/content/drive/MyDrive/olx_fridges_dataset/images/fridge_546b3f3e43/6.jpg"", ""/content/drive/MyDrive/olx_fridges_dataset/images/fridge_546b3f3e43/7.jpg"", ""/content/drive/MyDrive/olx_fridges_dataset/images/fridge_546b3f3e43/8.jpg"", ""/content/drive/MyDrive/olx_fridges_dataset/images/fridge_546b3f3e43/9.jpg"", ""/content/drive/MyDrive/olx_fridges_dataset/images/fridge_546b3f3e43/10.jpg"", ""/content/drive/MyDrive/olx_fridges_dataset/images/fridge_546b3f3e43/11.jpg"", ""/content/drive/MyDrive/olx_fridges_dataset/images/fridge_546b3f3e43/12.jpg"", ""/content/drive/MyDrive/olx_fridges_dataset/images/fridge_546b3f3e43/13.jpg"", ""/content/drive/MyDrive/olx_fridges_dataset/images/fridge_546b3f3e43/14.jpg""]",14,2025-12-08 05:20:38.486068
fridge_21ec4bbb27,https://www.olx.in/item/fridges-c1617-lg-double-door-fridge-in-anand-nagar-pune-iid-1828637883,LG Double Door Fridge,Brand :- LG (Double Door Fridge) 4 star rating. Gross Volume :- 320 litres Storage Litres :- 290 litres Type :- Frost Free Model Number :- GL-338VE4/2013 Electricity Consumption :- 402* units per year - Fridges,12000,"[""/content/drive/MyDrive/olx_fridges_dataset/images/fridge_21ec4bbb27/1.jpg"", ""/content/drive/MyDrive/olx_fridges_dataset/images/fridge_21ec4bbb27/2.jpg"", ""/content/drive/MyDrive/olx_fridges_dataset/images/fridge_21ec4bbb27/3.jpg"", ""/content/drive/MyDrive/olx_fridges_dataset/images/fridge_21ec4bbb27/4.jpg"", ""/content/drive/MyDrive/olx_fridges_dataset/images/fridge_21ec4bbb27/5.jpg"", ""/content/drive/MyDrive/olx_fridges_dataset/images/fridge_21ec4bbb27/6.jpg"", ""/content/drive/MyDrive/olx_fridges_dataset/images/fridge_21ec4bbb27/7.jpg"", ""/content/drive/MyDrive/olx_fridges_dataset/images/fridge_21ec4bbb27/8.jpg"", ""/content/drive/MyDrive/olx_fridges_dataset/images/fridge_21ec4bbb27/9.jpg"", ""/content/drive/MyDrive/olx_fridges_dataset/images/fridge_21ec4bbb27/10.jpg"", ""/content/drive/MyDrive/olx_fridges_dataset/images/fridge_21ec4bbb27/11.jpg"", ""/content/drive/MyDrive/olx_fridges_dataset/images/fridge_21ec4bbb27/12.jpg"", ""/content/drive/MyDrive/olx_fridges_dataset/images/fridge_21ec4bbb27/13.jpg"", ""/content/drive/MyDrive/olx_fridges_dataset/images/fridge_21ec4bbb27/14.jpg""]",14,2025-12-08 05:20:47.568232
fridge_769a4b787c,https://www.olx.in/item/fridges-c1617-whirlpool-260-double-door-refrigerator-in-kaza-vijayawada-iid-1827247182,Whirlpool 260 double door Refrigerator,Whirlpool 6th Sense Cooling Neo Fresh Double door model 265 litres good condition - Fridges,13000,"[""/content/drive/MyDrive/olx_fridges_dataset/images/fridge_769a4b787c/1.jpg"", ""/content/drive/MyDrive/olx_fridges_dataset/images/fridge_769a4b787c/2.jpg"", ""/content/drive/MyDrive/olx_fridges_dataset/images/fridge_769a4b787c/3.jpg"", ""/content/drive/MyDrive/olx_fridges_dataset/images/fridge_769a4b787c/4.jpg"", ""/content/drive/MyDrive/olx_fridges_dataset/images/fridge_769a4b787c/5.jpg"", ""/content/drive/MyDrive/olx_fridges_dataset/images/fridge_769a4b787c/6.jpg"", ""/content/drive/MyDrive/olx_fridges_dataset/images/fridge_769a4b787c/7.jpg"", ""/content/drive/MyDrive/olx_fridges_dataset/images/fridge_769a4b787c/8.jpg"", ""/content/drive/MyDrive/olx_fridges_dataset/images/fridge_769a4b787c/9.jpg"", ""/content/drive/MyDrive/olx_fridges_dataset/images/fridge_769a4b787c/10.jpg"", ""/content/drive/MyDrive/olx_fridges_dataset/images/fridge_769a4b787c/11.jpg"", ""/content/drive/MyDrive/olx_fridges_dataset/images/fridge_769a4b787c/12.jpg"", ""/content/drive/MyDrive/olx_fridges_dataset/images/fridge_769a4b787c/13.jpg"", ""/content/drive/MyDrive/olx_fridges_dataset/images/fridge_769a4b787c/14.jpg""]",14,2025-12-08 05:21:02.327809
fridge_8ac2480f3b,https://www.olx.in/item/fridges-c1617-samsung-230-lts-in-kalvancha-hyderabad-iid-1828637249,Samsung 230 lts,Samsung double door fridge 230 lts - Fridges,12000,"[""/content/drive/MyDrive/olx_fridges_dataset/images/fridge_8ac2480f3b/1.jpg"", ""/content/drive/MyDrive/olx_fridges_dataset/images/fridge_8ac2480f3b/2.jpg"", ""/content/drive/MyDrive/olx_fridges_dataset/images/fridge_8ac2480f3b/3.jpg"", ""/content/drive/MyDrive/olx_fridges_dataset/images/fridge_8ac2480f3b/4.jpg"", ""/content/drive/MyDrive/olx_fridges_dataset/images/fridge_8ac2480f3b/5.jpg"", ""/content/drive/MyDrive/olx_fridges_dataset/images/fridge_8ac2480f3b/6.jpg"", ""/content/drive/MyDrive/olx_fridges_dataset/images/fridge_8ac2480f3b/7.jpg"", ""/content/drive/MyDrive/olx_fridges_dataset/images/fridge_8ac2480f3b/8.jpg"", ""/content/drive/MyDrive/olx_fridges_dataset/images/fridge_8ac2480f3b/9.jpg"", ""/content/drive/MyDrive/olx_fridges_dataset/images/fridge_8ac2480f3b/10.jpg"", ""/content/drive/MyDrive/olx_fridges_dataset/images/fridge_8ac2480f3b/11.jpg"", ""/content/drive/MyDrive/olx_fridges_dataset/images/fridge_8ac2480f3b/12.jpg"", ""/content/drive/MyDrive/olx_fridges_dataset/images/fridge_8ac2480f3b/13.jpg"", ""/content/drive/MyDrive/olx_fridges_dataset/images/fridge_8ac2480f3b/14.jpg""]",14,2025-12-08 05:21:11.270452
fridge_2bb5488439,https://www.olx.in/item/fridges-c1617-very-fair-condition-lg-fridge-proper-working-in-moti-nagar-delhi-iid-1828638230,Very fair condition LG FRIDGE proper working,LG FRIDGE proper working all buttons are working - Fridges,3999,"[""/content/drive/MyDrive/olx_fridges_dataset/images/fridge_2bb5488439/1.jpg"", ""/content/drive/MyDrive/olx_fridges_dataset/images/fridge_2bb5488439/2.jpg"", ""/content/drive/MyDrive/olx_fridges_dataset/images/fridge_2bb5488439/3.jpg"", ""/content/drive/MyDrive/olx_fridges_dataset/images/fridge_2bb5488439/4.jpg"", ""/content/drive/MyDrive/olx_fridges_dataset/images/fridge_2bb5488439/5.jpg"", ""/content/drive/MyDrive/olx_fridges_dataset/images/fridge_2bb5488439/6.jpg"", ""/content/drive/MyDrive/olx_fridges_dataset/images/fridge_2bb5488439/7.jpg"", ""/content/drive/MyDrive/olx_fridges_dataset/images/fridge_2bb5488439/8.jpg"", ""/content/drive/MyDrive/olx_fridges_dataset/images/fridge_2bb5488439/9.jpg"", ""/content/drive/MyDrive/olx_fridges_dataset/images/fridge_2bb5488439/10.jpg"", ""/content/drive/MyDrive/olx_fridges_dataset/images/fridge_2bb5488439/11.jpg"", ""/content/drive/MyDrive/olx_fridges_dataset/images/fridge_2bb5488439/12.jpg"", ""/content/drive/MyDrive/olx_fridges_dataset/images/fridge_2bb5488439/13.jpg"", ""/content/drive/MyDrive/olx_fridges_dataset/images/fridge_2bb5488439/14.jpg""]",14,2025-12-08 05:21:18.743542
fridge_8e1d9d7d97,https://www.olx.in/item/fridges-c1617-soda-hut-mesanu-in-kagithala-penta-kadapa-iid-1828636583,Soda hut mesanu,Ramesh 45000 - Fridges,45000,"[""/content/drive/MyDrive/olx_fridges_dataset/images/fridge_8e1d9d7d97/1.jpg"", ""/content/drive/MyDrive/olx_fridges_dataset/images/fridge_8e1d9d7d97/2.jpg"", ""/content/drive/MyDrive/olx_fridges_dataset/images/fridge_8e1d9d7d97/3.jpg"", ""/content/drive/MyDrive/olx_fridges_dataset/images/fridge_8e1d9d7d97/4.jpg"", ""/content/drive/MyDrive/olx_fridges_dataset/images/fridge_8e1d9d7d97/5.jpg"", ""/content/drive/MyDrive/olx_fridges_dataset/images/fridge_8e1d9d7d97/6.jpg"", ""/content/drive/MyDrive/olx_fridges_dataset/images/fridge_8e1d9d7d97/7.jpg"", ""/content/drive/MyDrive/olx_fridges_dataset/images/fridge_8e1d9d7d97/8.jpg"", ""/content/drive/MyDrive/olx_fridges_dataset/images/fridge_8e1d9d7d97/9.jpg"", ""/content/drive/MyDrive/olx_fridges_dataset/images/fridge_8e1d9d7d97/10.jpg"", ""/content/drive/MyDrive/olx_fridges_dataset/images/fridge_8e1d9d7d97/11.jpg"", ""/content/drive/MyDrive/olx_fridges_dataset/images/fridge_8e1d9d7d97/12.jpg"", ""/content/drive/MyDrive/olx_fridges_dataset/images/fridge_8e1d9d7d97/13.jpg"", ""/content/drive/MyDrive/olx_fridges_dataset/images/fridge_8e1d9d7d97/14.jpg""]",14,2025-12-08 05:21:30.181946
fridge_7e33c96c30,https://www.olx.in/item/fridges-c1617-excellent-working-conditions-panasonic-fridge-315l-in-bhayandar-east-mumbai-iid-1828637835,EXCELLENT WORKING CONDITIONS PANASONIC FRIDGE 315L,"@@ sECOND sALE @@ BEST PRICE OFFERED WITH AMAZING QUALITY {( ŁOOK LIKE NEW RODUCT'S )} WELCOME TO SHREE DEVNARAYAN ELECTRONICS I AM DEALER FOR ELECTRONICS ITEMS WE ARE HAVE PROVIDE HARDLY ( RARELY ) USED SECOND HAND HOME APPLIANCES WITH BEST (GOOD) QUALITY CONDITION JUST LIKE 2 T0 3 YEAR'S USED APPLIANCES OUR SHOP PROVIDE WE WELL RECOMMEND BEST OPTIONS FOR YOU VISIT US TODAY [ @ MOSTLY LIKE NEW CONDITION APPLIANCES ] [ @ SEE THE PRODUCT'S PHYSICALLY AT SHOP ] [ @ FULLY FEATURES MACHINE MAKE SURE WASH EASIER ] [ @ HELPFUL STAFF THAT WILL HELP YOU CHOOSE THE RIGHT PRODUCT'S AND SAY FUNCTIONS ( FEATURE ) ] [ @ GIVE YOU ADVISE AND GUIDANCE FOR YOU CAN MAKE AN INFORMED TO RIGHT DECISION ] @@ APPLIANCES BEST PRICE RANGE @@ 《 FRIDGE 》 I ) SIGNAL DOOR STARTING PRICE [ Rs 5,999 To 8,000 ] II ) DOUBLE DOOR STARTING PRICE [ Rs 6,999 To 13,000 ] III ) BIG SIZE DOUBLE DOOR LIKE 480 - 500 LITER AND SIDE BY SIDE, FRENCH DOOR REFRIGERATOR UPTO [ RS 14,999 To Rs 49,000 ] (( WASHING MACHINE )) I ) SEMI AUTOMATIC STARTING PRICE [ RS 4,000 TO RS 6,500 ] II ) FULLY AUTOMATIC TOP LOAD [ RS 5,500 TO RS 15,000 ] lll ) FULLY AUTOMATIC FRONT LOAD [ RS 13,000 TO 30,000 ] ( A/C ) I ) WINDOW A.C 1 Ton WINDOW STARTING PRICE [ RS 10,999 ] 1.5 TON WINDOW AC STARTING PRICE [ RS 14,999 ] 2 TON WINDOW AC STARTING PRICE RS 17,999 ] ll ) SPLIT A.C 1 TON SPLIT AC STARTING PRICE [ RS 12,499 TO 14,500 ] 1.5 TON SPLIT AC STARTING PRICE [ RS 15,000 TO 18,000 ] 2 TON SPLIT AC STARTING PRICE [ RS 18,500 TO 20,000 ] 《 MICROWAVE OVENS 》 I ) MICROWAVE OVEN STARTING PRICE [ RS 4,500 TO 12,000 ] $ @ @《 FACILITIES 》 @ @ $ 《 2 MONTH'S TECHNICAL PARTS WARRANTY 》 ( WASHING MACHINE & FRIDGE ) 《 FRIDGE 》 ( 5 YEAR'S COMPRESSOR WARRANTY ) 《 W/M 》 ( 5 YEAR'S MOTOR WARRANTY ) 《 WASHING MACHINE INLET/OUTLET PIPE + DEMO INSTALLATION FREE ) 《 FREE DELIVERY IN MUMBAI 》 《 SUPER FAST SERVICE ON THE TIME 》 《 AFTER WARRANTY WE PROVIDE REPAIRING SERVICES 》(VISITING CHARGE RS 35O/- [ AVAILABLE APPLIANCES F0R RENT BASIS LIKE ] i ) Rs.600/₹ PER MONTH SINGLE DOOR ii ) Rs.600/₹ PER MONTH WASHING MACHINE iii ) Rs.750/₹ PER MONTH DOUBLE DOOR WINDOW AC IV ) Rs.800/₹ PER MONTH 1 TON WINDOW AC V ) Rs.1000/₹ PER MONTH 1.5 TON WINDOW SPLIT AC Rs.900/₹ PER MONTH 1 TON SPLIT AC Rs.1100/₹ PER MONTH 1.5 TON SPLIT AC CONTACT FOR MORE INFORMATION AND DETAILS TERMS & CONDITIONS APPLIED LOCATED V.L SAWANT MARG DHAKU SETH PADA AMBOLI ANDHERI WEST MUMBAI MAHARASHTRA - Fridges",5999,"[""/content/drive/MyDrive/olx_fridges_dataset/images/fridge_7e33c96c30/1.jpg"", ""/content/drive/MyDrive/olx_fridges_dataset/images/fridge_7e33c96c30/2.jpg"", ""/content/drive/MyDrive/olx_fridges_dataset/images/fridge_7e33c96c30/3.jpg"", ""/content/drive/MyDrive/olx_fridges_dataset/images/fridge_7e33c96c30/4.jpg"", ""/content/drive/MyDrive/olx_fridges_dataset/images/fridge_7e33c96c30/5.jpg"", ""/content/drive/MyDrive/olx_fridges_dataset/images/fridge_7e33c96c30/6.jpg"", ""/content/drive/MyDrive/olx_fridges_dataset/images/fridge_7e33c96c30/7.jpg"", ""/content/drive/MyDrive/olx_fridges_dataset/images/fridge_7e33c96c30/8.jpg"", ""/content/drive/MyDrive/olx_fridges_dataset/images/fridge_7e33c96c30/9.jpg"", ""/content/drive/MyDrive/olx_fridges_dataset/images/fridge_7e33c96c30/10.jpg"", ""/content/drive/MyDrive/olx_fridges_dataset/images/fridge_7e33c96c30/11.jpg"", ""/content/drive/MyDrive/olx_fridges_dataset/images/fridge_7e33c96c30/12.jpg"", ""/content/drive/MyDrive/olx_fridges_dataset/images/fridge_7e33c96c30/13.jpg"", ""/content/drive/MyDrive/olx_fridges_dataset/images/fridge_7e33c96c30/14.jpg""]",14,2025-12-08 05:21:40.438020
fridge_85d2c9d112,https://www.olx.in/item/fridges-c1617-panasonic-4-star-fridge-in-engineers-colony-aligarh-iid-1828637657,Panasonic (4 star) Fridge,"Functional, But some part damaged - Fridges",4000,"[""/content/drive/MyDrive/olx_fridges_dataset/images/fridge_85d2c9d112/1.jpg"", ""/content/drive/MyDrive/olx_fridges_dataset/images/fridge_85d2c9d112/2.jpg"", ""/content/drive/MyDrive/olx_fridges_dataset/images/fridge_85d2c9d112/3.jpg"", ""/content/drive/MyDrive/olx_fridges_dataset/images/fridge_85d2c9d112/4.jpg"", ""/content/drive/MyDrive/olx_fridges_dataset/images/fridge_85d2c9d112/5.jpg"", ""/content/drive/MyDrive/olx_fridges_dataset/images/fridge_85d2c9d112/6.jpg"", ""/content/drive/MyDrive/olx_fridges_dataset/images/fridge_85d2c9d112/7.jpg"", ""/content/drive/MyDrive/olx_fridges_dataset/images/fridge_85d2c9d112/8.jpg"", ""/content/drive/MyDrive/olx_fridges_dataset/images/fridge_85d2c9d112/9.jpg"", ""/content/drive/MyDrive/olx_fridges_dataset/images/fridge_85d2c9d112/10.jpg"", ""/content/drive/MyDrive/olx_fridges_dataset/images/fridge_85d2c9d112/11.jpg"", ""/content/drive/MyDrive/olx_fridges_dataset/images/fridge_85d2c9d112/12.jpg"", ""/content/drive/MyDrive/olx_fridges_dataset/images/fridge_85d2c9d112/13.jpg"", ""/content/drive/MyDrive/olx_fridges_dataset/images/fridge_85d2c9d112/14.jpg""]",14,2025-12-08 05:21:49.574758
fridge_f4b68156e6,https://www.olx.in/item/fridges-c1617-second-hand-fridge-sales-in-coimbatore-central-railway-station-coimbatore-iid-1828638213,Second Hand fridge Sales,"Good working condition Delivery arranged Warranty provided Good service All branded & models available Shop:-palakkad, coimbatore - Fridges",5300,"[""/content/drive/MyDrive/olx_fridges_dataset/images/fridge_f4b68156e6/1.jpg"", ""/content/drive/MyDrive/olx_fridges_dataset/images/fridge_f4b68156e6/2.jpg"", ""/content/drive/MyDrive/olx_fridges_dataset/images/fridge_f4b68156e6/3.jpg"", ""/content/drive/MyDrive/olx_fridges_dataset/images/fridge_f4b68156e6/4.jpg"", ""/content/drive/MyDrive/olx_fridges_dataset/images/fridge_f4b68156e6/5.jpg"", ""/content/drive/MyDrive/olx_fridges_dataset/images/fridge_f4b68156e6/6.jpg"", ""/content/drive/MyDrive/olx_fridges_dataset/images/fridge_f4b68156e6/7.jpg"", ""/content/drive/MyDrive/olx_fridges_dataset/images/fridge_f4b68156e6/8.jpg"", ""/content/drive/MyDrive/olx_fridges_dataset/images/fridge_f4b68156e6/9.jpg"", ""/content/drive/MyDrive/olx_fridges_dataset/images/fridge_f4b68156e6/10.jpg"", ""/content/drive/MyDrive/olx_fridges_dataset/images/fridge_f4b68156e6/11.jpg"", ""/content/drive/MyDrive/olx_fridges_dataset/images/fridge_f4b68156e6/12.jpg"", ""/content/drive/MyDrive/olx_fridges_dataset/images/fridge_f4b68156e6/13.jpg"", ""/content/drive/MyDrive/olx_fridges_dataset/images/fridge_f4b68156e6/14.jpg""]",14,2025-12-08 05:21:59.386046
fridge_c802c2d434,https://www.olx.in/item/fridges-c1617-samsung-fridge-for-sale-in-kalkaji-in-kalkaji-delhi-iid-1827421450,Samsung Fridge for sale in Kalkaji,Samsung Fridge - 460 ltrs - 7 yr old - working in excellent condition. Genuine buyers only - no time pass please Reason for selling: Moving out! - Fridges,15000,"[""/content/drive/MyDrive/olx_fridges_dataset/images/fridge_c802c2d434/1.jpg"", ""/content/drive/MyDrive/olx_fridges_dataset/images/fridge_c802c2d434/2.jpg"", ""/content/drive/MyDrive/olx_fridges_dataset/images/fridge_c802c2d434/3.jpg"", ""/content/drive/MyDrive/olx_fridges_dataset/images/fridge_c802c2d434/4.jpg"", ""/content/drive/MyDrive/olx_fridges_dataset/images/fridge_c802c2d434/5.jpg"", ""/content/drive/MyDrive/olx_fridges_dataset/images/fridge_c802c2d434/6.jpg"", ""/content/drive/MyDrive/olx_fridges_dataset/images/fridge_c802c2d434/7.jpg"", ""/content/drive/MyDrive/olx_fridges_dataset/images/fridge_c802c2d434/8.jpg"", ""/content/drive/MyDrive/olx_fridges_dataset/images/fridge_c802c2d434/9.jpg"", ""/content/drive/MyDrive/olx_fridges_dataset/images/fridge_c802c2d434/10.jpg"", ""/content/drive/MyDrive/olx_fridges_dataset/images/fridge_c802c2d434/11.jpg"", ""/content/drive/MyDrive/olx_fridges_dataset/images/fridge_c802c2d434/12.jpg"", ""/content/drive/MyDrive/olx_fridges_dataset/images/fridge_c802c2d434/13.jpg"", ""/content/drive/MyDrive/olx_fridges_dataset/images/fridge_c802c2d434/14.jpg""]",14,2025-12-08 05:22:09.579694
fridge_106c3ce0dd,https://www.olx.in/item/fridges-c1617-samsung-single-door-refrigerator-183l-15yrs-old-in-kannankulangara-kochi-iid-1828638137,"Samsung Single Door Refrigerator (183L, 1.5yrs old)","Selling my Samsung 183L single door fridge, purchased last year and used very carefully. The refrigerator is in excellent working condition, with no dents or scratches and perfect cooling performance. Key details: Capacity: 183 Litres Type: Single Door Energy Rating: 5 Star Colour: Red Condition: Like new, fully functional - Fridges",10000,"[""/content/drive/MyDrive/olx_fridges_dataset/images/fridge_106c3ce0dd/1.jpg"", ""/content/drive/MyDrive/olx_fridges_dataset/images/fridge_106c3ce0dd/2.jpg"", ""/content/drive/MyDrive/olx_fridges_dataset/images/fridge_106c3ce0dd/3.jpg"", ""/content/drive/MyDrive/olx_fridges_dataset/images/fridge_106c3ce0dd/4.jpg"", ""/content/drive/MyDrive/olx_fridges_dataset/images/fridge_106c3ce0dd/5.jpg"", ""/content/drive/MyDrive/olx_fridges_dataset/images/fridge_106c3ce0dd/6.jpg"", ""/content/drive/MyDrive/olx_fridges_dataset/images/fridge_106c3ce0dd/7.jpg"", ""/content/drive/MyDrive/olx_fridges_dataset/images/fridge_106c3ce0dd/8.jpg"", ""/content/drive/MyDrive/olx_fridges_dataset/images/fridge_106c3ce0dd/9.jpg"", ""/content/drive/MyDrive/olx_fridges_dataset/images/fridge_106c3ce0dd/10.jpg"", ""/content/drive/MyDrive/olx_fridges_dataset/images/fridge_106c3ce0dd/11.jpg"", ""/content/drive/MyDrive/olx_fridges_dataset/images/fridge_106c3ce0dd/12.jpg"", ""/content/drive/MyDrive/olx_fridges_dataset/images/fridge_106c3ce0dd/13.jpg"", ""/content/drive/MyDrive/olx_fridges_dataset/images/fridge_106c3ce0dd/14.jpg""]",14,2025-12-08 05:22:18.253112
fridge_90fe767e5a,https://www.olx.in/item/fridges-c1617-samsung-double-door-durable-eco-friendly-refrigeration-solutions-in-btm-layout-bengaluru-iid-1801224468,Samsung double door Durable & Eco-Friendly Refrigeration Solutions,"Exclusive Combo Offers at Unbeatable Prices! Starting Prices for Individual Appliances: Top Load Washing Machine: ₹4,500 Front Load Washing Machine: ₹6,500 Single Door Fridge: ₹5500 Double Door Fridge: ₹7,999 Combo Deals: Single Door Fridge + Top Load Washing Machine: ₹10,990 Double Door Fridge + Front Load Washing Machine: ₹14,499 Product Condition: Excellent working condition, fully refurbished and tested. Delivery: FREE doorstep delivery anywhere in Bangalore. Warranty: Refrigerators: 1-year compressor warranty + 6 months free doorstep service. Washing Machines: 3-year main motor warranty + 6 months free service. Payment Options: Cash on Delivery Online payment via UPI , cash, Card payments, imps, and other modes. Store Locations: 1. 6th Singapore Layout, MS Palya 2. 1st Main Road, Kanka Nagar, RT Nagar Post, Bengaluru, Karnataka - 560032 Limited Offer! Hurry Up! For more details, message us now! - Fridges",4500,"[""/content/drive/MyDrive/olx_fridges_dataset/images/fridge_90fe767e5a/1.jpg"", ""/content/drive/MyDrive/olx_fridges_dataset/images/fridge_90fe767e5a/2.jpg"", ""/content/drive/MyDrive/olx_fridges_dataset/images/fridge_90fe767e5a/3.jpg"", ""/content/drive/MyDrive/olx_fridges_dataset/images/fridge_90fe767e5a/4.jpg"", ""/content/drive/MyDrive/olx_fridges_dataset/images/fridge_90fe767e5a/5.jpg"", ""/content/drive/MyDrive/olx_fridges_dataset/images/fridge_90fe767e5a/6.jpg"", ""/content/drive/MyDrive/olx_fridges_dataset/images/fridge_90fe767e5a/7.jpg"", ""/content/drive/MyDrive/olx_fridges_dataset/images/fridge_90fe767e5a/8.jpg"", ""/content/drive/MyDrive/olx_fridges_dataset/images/fridge_90fe767e5a/9.jpg"", ""/content/drive/MyDrive/olx_fridges_dataset/images/fridge_90fe767e5a/10.jpg"", ""/content/drive/MyDrive/olx_fridges_dataset/images/fridge_90fe767e5a/11.jpg"", ""/content/drive/MyDrive/olx_fridges_dataset/images/fridge_90fe767e5a/12.jpg"", ""/content/drive/MyDrive/olx_fridges_dataset/images/fridge_90fe767e5a/13.jpg"", ""/content/drive/MyDrive/olx_fridges_dataset/images/fridge_90fe767e5a/14.jpg"", ""/content/drive/MyDrive/olx_fridges_dataset/images/fridge_90fe767e5a/15.jpg"", ""/content/drive/MyDrive/olx_fridges_dataset/images/fridge_90fe767e5a/16.jpg""]",16,2025-12-08 05:22:27.793552
fridge_4986c1e656,https://www.olx.in/item/fridges-c1617-buying-a-new-one-in-west-apcar-garden-asansol-mc-iid-1826781228,Buying a new one,Selling my samsung refrigerator - Fridges,8000,"[""/content/drive/MyDrive/olx_fridges_dataset/images/fridge_4986c1e656/1.jpg"", ""/content/drive/MyDrive/olx_fridges_dataset/images/fridge_4986c1e656/2.jpg"", ""/content/drive/MyDrive/olx_fridges_dataset/images/fridge_4986c1e656/3.jpg"", ""/content/drive/MyDrive/olx_fridges_dataset/images/fridge_4986c1e656/4.jpg"", ""/content/drive/MyDrive/olx_fridges_dataset/images/fridge_4986c1e656/5.jpg"", ""/content/drive/MyDrive/olx_fridges_dataset/images/fridge_4986c1e656/6.jpg"", ""/content/drive/MyDrive/olx_fridges_dataset/images/fridge_4986c1e656/7.jpg"", ""/content/drive/MyDrive/olx_fridges_dataset/images/fridge_4986c1e656/8.jpg"", ""/content/drive/MyDrive/olx_fridges_dataset/images/fridge_4986c1e656/9.jpg"", ""/content/drive/MyDrive/olx_fridges_dataset/images/fridge_4986c1e656/10.jpg"", ""/content/drive/MyDrive/olx_fridges_dataset/images/fridge_4986c1e656/11.jpg"", ""/content/drive/MyDrive/olx_fridges_dataset/images/fridge_4986c1e656/12.jpg"", ""/content/drive/MyDrive/olx_fridges_dataset/images/fridge_4986c1e656/13.jpg"", ""/content/drive/MyDrive/olx_fridges_dataset/images/fridge_4986c1e656/14.jpg""]",14,2025-12-08 05:22:37.056284
fridge_60fc62d3f3,https://www.olx.in/item/fridges-c1617-lg-260-litre-double-door-fridge-in-baghichi-halwaiyan-agra-iid-1827473342,LG 260 Litre double door fridge,LG 260 LITRE DOUBLE DOOR FRIDGE with good condition and cooling - Fridges,11000,"[""/content/drive/MyDrive/olx_fridges_dataset/images/fridge_60fc62d3f3/1.jpg"", ""/content/drive/MyDrive/olx_fridges_dataset/images/fridge_60fc62d3f3/2.jpg"", ""/content/drive/MyDrive/olx_fridges_dataset/images/fridge_60fc62d3f3/3.jpg"", ""/content/drive/MyDrive/olx_fridges_dataset/images/fridge_60fc62d3f3/4.jpg"", ""/content/drive/MyDrive/olx_fridges_dataset/images/fridge_60fc62d3f3/5.jpg"", ""/content/drive/MyDrive/olx_fridges_dataset/images/fridge_60fc62d3f3/6.jpg"", ""/content/drive/MyDrive/olx_fridges_dataset/images/fridge_60fc62d3f3/7.jpg"", ""/content/drive/MyDrive/olx_fridges_dataset/images/fridge_60fc62d3f3/8.jpg"", ""/content/drive/MyDrive/olx_fridges_dataset/images/fridge_60fc62d3f3/9.jpg"", ""/content/drive/MyDrive/olx_fridges_dataset/images/fridge_60fc62d3f3/10.jpg"", ""/content/drive/MyDrive/olx_fridges_dataset/images/fridge_60fc62d3f3/11.jpg"", ""/content/drive/MyDrive/olx_fridges_dataset/images/fridge_60fc62d3f3/12.jpg"", ""/content/drive/MyDrive/olx_fridges_dataset/images/fridge_60fc62d3f3/13.jpg"", ""/content/drive/MyDrive/olx_fridges_dataset/images/fridge_60fc62d3f3/14.jpg""]",14,2025-12-08 05:22:50.139292
fridge_d86b937d6e,https://www.olx.in/item/fridges-c1617-double-door-refrigerator-for-sale-in-thergaon-pune-iid-1772296855,Double Door Refrigerator For Sale,"Double Door Fridge (New) ₹27000 Double Door fridge (Used) ₹9,999-20k HOME DELIVERY AVAILABLE! Contact Us For More Details. - Fridges",27000,"[""/content/drive/MyDrive/olx_fridges_dataset/images/fridge_d86b937d6e/1.jpg"", ""/content/drive/MyDrive/olx_fridges_dataset/images/fridge_d86b937d6e/2.jpg"", ""/content/drive/MyDrive/olx_fridges_dataset/images/fridge_d86b937d6e/3.jpg"", ""/content/drive/MyDrive/olx_fridges_dataset/images/fridge_d86b937d6e/4.jpg"", ""/content/drive/MyDrive/olx_fridges_dataset/images/fridge_d86b937d6e/5.jpg"", ""/content/drive/MyDrive/olx_fridges_dataset/images/fridge_d86b937d6e/6.jpg"", ""/content/drive/MyDrive/olx_fridges_dataset/images/fridge_d86b937d6e/7.jpg"", ""/content/drive/MyDrive/olx_fridges_dataset/images/fridge_d86b937d6e/8.jpg"", ""/content/drive/MyDrive/olx_fridges_dataset/images/fridge_d86b937d6e/9.jpg"", ""/content/drive/MyDrive/olx_fridges_dataset/images/fridge_d86b937d6e/10.jpg"", ""/content/drive/MyDrive/olx_fridges_dataset/images/fridge_d86b937d6e/11.jpg"", ""/content/drive/MyDrive/olx_fridges_dataset/images/fridge_d86b937d6e/12.jpg"", ""/content/drive/MyDrive/olx_fridges_dataset/images/fridge_d86b937d6e/13.jpg"", ""/content/drive/MyDrive/olx_fridges_dataset/images/fridge_d86b937d6e/14.jpg""]",14,2025-12-08 05:22:59.803076
fridge_81c9f4a42a,https://www.olx.in/item/fridges-c1617-whirlpool-vitamagic-pro-fridge-single-door-2-years-old-190l-in-sentamil-nagar-nanjikottai-iid-1828637206,Whirlpool VitaMagic Pro Fridge  Single Door  2 Years Old (190L),"Upgrading, hence selling my well-maintained, 2-year-old Whirlpool refrigerator. - Fridges",8000,"[""/content/drive/MyDrive/olx_fridges_dataset/images/fridge_81c9f4a42a/1.jpg"", ""/content/drive/MyDrive/olx_fridges_dataset/images/fridge_81c9f4a42a/2.jpg"", ""/content/drive/MyDrive/olx_fridges_dataset/images/fridge_81c9f4a42a/3.jpg"", ""/content/drive/MyDrive/olx_fridges_dataset/images/fridge_81c9f4a42a/4.jpg"", ""/content/drive/MyDrive/olx_fridges_dataset/images/fridge_81c9f4a42a/5.jpg"", ""/content/drive/MyDrive/olx_fridges_dataset/images/fridge_81c9f4a42a/6.jpg"", ""/content/drive/MyDrive/olx_fridges_dataset/images/fridge_81c9f4a42a/7.jpg"", ""/content/drive/MyDrive/olx_fridges_dataset/images/fridge_81c9f4a42a/8.jpg"", ""/content/drive/MyDrive/olx_fridges_dataset/images/fridge_81c9f4a42a/9.jpg"", ""/content/drive/MyDrive/olx_fridges_dataset/images/fridge_81c9f4a42a/10.jpg"", ""/content/drive/MyDrive/olx_fridges_dataset/images/fridge_81c9f4a42a/11.jpg"", ""/content/drive/MyDrive/olx_fridges_dataset/images/fridge_81c9f4a42a/12.jpg"", ""/content/drive/MyDrive/olx_fridges_dataset/images/fridge_81c9f4a42a/13.jpg"", ""/content/drive/MyDrive/olx_fridges_dataset/images/fridge_81c9f4a42a/14.jpg""]",14,2025-12-08 05:23:10.591397
fridge_dee88979d1,https://www.olx.in/item/fridges-c1617-double-and-single-door-refrigerator-for-sale-in-thergaon-pune-iid-1772378677,Double And Single Door Refrigerator For Sale,"Single Door Refrigerator (Used) ₹4000-10k Single Door Refrigerator 190L (3-6 Months Used) ₹11,500 Single Door Refrigerator 170L (3-6 Months Used) ₹12,500 Single Door Refrigerator 170L (New) ₹14,000 Single Door Refrigerator 190L (New) ₹15,000 Double Door Refrigerator (New) ₹27000 Double Door Refrigerator (Used) ₹9,999-20k HOME DELIVERY AVAILABLE! Contact Us For More Details. - Fridges",4000,"[""/content/drive/MyDrive/olx_fridges_dataset/images/fridge_dee88979d1/1.jpg"", ""/content/drive/MyDrive/olx_fridges_dataset/images/fridge_dee88979d1/2.jpg"", ""/content/drive/MyDrive/olx_fridges_dataset/images/fridge_dee88979d1/3.jpg"", ""/content/drive/MyDrive/olx_fridges_dataset/images/fridge_dee88979d1/4.jpg"", ""/content/drive/MyDrive/olx_fridges_dataset/images/fridge_dee88979d1/5.jpg"", ""/content/drive/MyDrive/olx_fridges_dataset/images/fridge_dee88979d1/6.jpg"", ""/content/drive/MyDrive/olx_fridges_dataset/images/fridge_dee88979d1/7.jpg"", ""/content/drive/MyDrive/olx_fridges_dataset/images/fridge_dee88979d1/8.jpg"", ""/content/drive/MyDrive/olx_fridges_dataset/images/fridge_dee88979d1/9.jpg"", ""/content/drive/MyDrive/olx_fridges_dataset/images/fridge_dee88979d1/10.jpg"", ""/content/drive/MyDrive/olx_fridges_dataset/images/fridge_dee88979d1/11.jpg"", ""/content/drive/MyDrive/olx_fridges_dataset/images/fridge_dee88979d1/12.jpg"", ""/content/drive/MyDrive/olx_fridges_dataset/images/fridge_dee88979d1/13.jpg"", ""/content/drive/MyDrive/olx_fridges_dataset/images/fridge_dee88979d1/14.jpg""]",14,2025-12-08 05:23:20.244168
fridge_526dc9f30e,https://www.olx.in/item/fridges-c1617-single-door-refrigerator-for-sale-in-thergaon-pune-iid-1775085460,Single Door Refrigerator For Sale,"Single Door Fridge (Used) ₹4000-10k Single Door Fridge 190L (3-6 Months Used) ₹11,500 Single Door Fridge 170L (3-6 Months Used) ₹12,500 Single Door Fridge 170L (New) ₹14,000 Single Door Fridge 190L (New) ₹15,000 HOME DELIVERY AVAILABLE! Contact Us For More Details. - Fridges",4000,"[""/content/drive/MyDrive/olx_fridges_dataset/images/fridge_526dc9f30e/1.jpg"", ""/content/drive/MyDrive/olx_fridges_dataset/images/fridge_526dc9f30e/2.jpg"", ""/content/drive/MyDrive/olx_fridges_dataset/images/fridge_526dc9f30e/3.jpg"", ""/content/drive/MyDrive/olx_fridges_dataset/images/fridge_526dc9f30e/4.jpg"", ""/content/drive/MyDrive/olx_fridges_dataset/images/fridge_526dc9f30e/5.jpg"", ""/content/drive/MyDrive/olx_fridges_dataset/images/fridge_526dc9f30e/6.jpg"", ""/content/drive/MyDrive/olx_fridges_dataset/images/fridge_526dc9f30e/7.jpg"", ""/content/drive/MyDrive/olx_fridges_dataset/images/fridge_526dc9f30e/8.jpg"", ""/content/drive/MyDrive/olx_fridges_dataset/images/fridge_526dc9f30e/9.jpg"", ""/content/drive/MyDrive/olx_fridges_dataset/images/fridge_526dc9f30e/10.jpg"", ""/content/drive/MyDrive/olx_fridges_dataset/images/fridge_526dc9f30e/11.jpg"", ""/content/drive/MyDrive/olx_fridges_dataset/images/fridge_526dc9f30e/12.jpg"", ""/content/drive/MyDrive/olx_fridges_dataset/images/fridge_526dc9f30e/13.jpg"", ""/content/drive/MyDrive/olx_fridges_dataset/images/fridge_526dc9f30e/14.jpg""]",14,2025-12-08 05:23:29.965322
fridge_e0ddcc69e6,https://www.olx.in/item/fridges-c1617-deep-fridge-in-rohini-sector-4-delhi-iid-1828637953,DEEP FRIDGE,"500 Ltr. Commercial Steel Body Suitable for Shop, Dairy Etc. Excellent Condition - Fridges",22000,"[""/content/drive/MyDrive/olx_fridges_dataset/images/fridge_e0ddcc69e6/1.jpg"", ""/content/drive/MyDrive/olx_fridges_dataset/images/fridge_e0ddcc69e6/2.jpg"", ""/content/drive/MyDrive/olx_fridges_dataset/images/fridge_e0ddcc69e6/3.jpg"", ""/content/drive/MyDrive/olx_fridges_dataset/images/fridge_e0ddcc69e6/4.jpg"", ""/content/drive/MyDrive/olx_fridges_dataset/images/fridge_e0ddcc69e6/5.jpg"", ""/content/drive/MyDrive/olx_fridges_dataset/images/fridge_e0ddcc69e6/6.jpg"", ""/content/drive/MyDrive/olx_fridges_dataset/images/fridge_e0ddcc69e6/7.jpg"", ""/content/drive/MyDrive/olx_fridges_dataset/images/fridge_e0ddcc69e6/8.jpg"", ""/content/drive/MyDrive/olx_fridges_dataset/images/fridge_e0ddcc69e6/9.jpg"", ""/content/drive/MyDrive/olx_fridges_dataset/images/fridge_e0ddcc69e6/10.jpg"", ""/content/drive/MyDrive/olx_fridges_dataset/images/fridge_e0ddcc69e6/11.jpg"", ""/content/drive/MyDrive/olx_fridges_dataset/images/fridge_e0ddcc69e6/12.jpg"", ""/content/drive/MyDrive/olx_fridges_dataset/images/fridge_e0ddcc69e6/13.jpg"", ""/content/drive/MyDrive/olx_fridges_dataset/images/fridge_e0ddcc69e6/14.jpg""]",14,2025-12-08 05:23:39.177833
fridge_29cf6d3e25,https://www.olx.in/item/fridges-c1617-samsung-refrigerator-in-peruvangoor-mayyil-iid-1828638346,SAMSUNG REFRIGERATOR,2011model Single door average condition Price Negotiable - Fridges,4000,"[""/content/drive/MyDrive/olx_fridges_dataset/images/fridge_29cf6d3e25/1.jpg"", ""/content/drive/MyDrive/olx_fridges_dataset/images/fridge_29cf6d3e25/2.jpg"", ""/content/drive/MyDrive/olx_fridges_dataset/images/fridge_29cf6d3e25/3.jpg"", ""/content/drive/MyDrive/olx_fridges_dataset/images/fridge_29cf6d3e25/4.jpg"", ""/content/drive/MyDrive/olx_fridges_dataset/images/fridge_29cf6d3e25/5.jpg"", ""/content/drive/MyDrive/olx_fridges_dataset/images/fridge_29cf6d3e25/6.jpg"", ""/content/drive/MyDrive/olx_fridges_dataset/images/fridge_29cf6d3e25/7.jpg"", ""/content/drive/MyDrive/olx_fridges_dataset/images/fridge_29cf6d3e25/8.jpg"", ""/content/drive/MyDrive/olx_fridges_dataset/images/fridge_29cf6d3e25/9.jpg"", ""/content/drive/MyDrive/olx_fridges_dataset/images/fridge_29cf6d3e25/10.jpg"", ""/content/drive/MyDrive/olx_fridges_dataset/images/fridge_29cf6d3e25/11.jpg"", ""/content/drive/MyDrive/olx_fridges_dataset/images/fridge_29cf6d3e25/12.jpg"", ""/content/drive/MyDrive/olx_fridges_dataset/images/fridge_29cf6d3e25/13.jpg"", ""/content/drive/MyDrive/olx_fridges_dataset/images/fridge_29cf6d3e25/14.jpg""]",14,2025-12-08 05:23:46.633178
fridge_3a51454a33,https://www.olx.in/item/fridges-c1617-chest-freezer-520l-in-gorantla-guntur-iid-1828638300,Chest freezer 520L,Haier chest fridge and freezer working in brand new condition - Fridges,18000,"[""/content/drive/MyDrive/olx_fridges_dataset/images/fridge_3a51454a33/1.jpg"", ""/content/drive/MyDrive/olx_fridges_dataset/images/fridge_3a51454a33/2.jpg"", ""/content/drive/MyDrive/olx_fridges_dataset/images/fridge_3a51454a33/3.jpg"", ""/content/drive/MyDrive/olx_fridges_dataset/images/fridge_3a51454a33/4.jpg"", ""/content/drive/MyDrive/olx_fridges_dataset/images/fridge_3a51454a33/5.jpg"", ""/content/drive/MyDrive/olx_fridges_dataset/images/fridge_3a51454a33/6.jpg"", ""/content/drive/MyDrive/olx_fridges_dataset/images/fridge_3a51454a33/7.jpg"", ""/content/drive/MyDrive/olx_fridges_dataset/images/fridge_3a51454a33/8.jpg"", ""/content/drive/MyDrive/olx_fridges_dataset/images/fridge_3a51454a33/9.jpg"", ""/content/drive/MyDrive/olx_fridges_dataset/images/fridge_3a51454a33/10.jpg"", ""/content/drive/MyDrive/olx_fridges_dataset/images/fridge_3a51454a33/11.jpg"", ""/content/drive/MyDrive/olx_fridges_dataset/images/fridge_3a51454a33/12.jpg"", ""/content/drive/MyDrive/olx_fridges_dataset/images/fridge_3a51454a33/13.jpg"", ""/content/drive/MyDrive/olx_fridges_dataset/images/fridge_3a51454a33/14.jpg""]",14,2025-12-08 05:23:54.443087
fridge_fc5427cbd5,https://www.olx.in/item/fridges-c1617-new-whirlpool-fridge-207-litre-in-hatikanda-haringhata-farm-iid-1828637645,New Whirlpool fridge 207 litre,Full ok new fridge Best condition Money samasya Bikri korbo - Fridges,16800,"[""/content/drive/MyDrive/olx_fridges_dataset/images/fridge_fc5427cbd5/1.jpg"", ""/content/drive/MyDrive/olx_fridges_dataset/images/fridge_fc5427cbd5/2.jpg"", ""/content/drive/MyDrive/olx_fridges_dataset/images/fridge_fc5427cbd5/3.jpg"", ""/content/drive/MyDrive/olx_fridges_dataset/images/fridge_fc5427cbd5/4.jpg"", ""/content/drive/MyDrive/olx_fridges_dataset/images/fridge_fc5427cbd5/5.jpg"", ""/content/drive/MyDrive/olx_fridges_dataset/images/fridge_fc5427cbd5/6.jpg"", ""/content/drive/MyDrive/olx_fridges_dataset/images/fridge_fc5427cbd5/7.jpg"", ""/content/drive/MyDrive/olx_fridges_dataset/images/fridge_fc5427cbd5/8.jpg"", ""/content/drive/MyDrive/olx_fridges_dataset/images/fridge_fc5427cbd5/9.jpg"", ""/content/drive/MyDrive/olx_fridges_dataset/images/fridge_fc5427cbd5/10.jpg"", ""/content/drive/MyDrive/olx_fridges_dataset/images/fridge_fc5427cbd5/11.jpg"", ""/content/drive/MyDrive/olx_fridges_dataset/images/fridge_fc5427cbd5/12.jpg"", ""/content/drive/MyDrive/olx_fridges_dataset/images/fridge_fc5427cbd5/13.jpg"", ""/content/drive/MyDrive/olx_fridges_dataset/images/fridge_fc5427cbd5/14.jpg""]",14,2025-12-08 05:24:04.141460
fridge_60b336274c,https://www.olx.in/item/fridges-c1617-second-hand-fridge-sales-in-flower-market-coimbatore-iid-1828637987,Second Hand fridge Sales,"Good working condition Delivery arranged Warranty provided Good service All branded & models available Shop:-palakkad, coimbatore - Fridges",4300,"[""/content/drive/MyDrive/olx_fridges_dataset/images/fridge_60b336274c/1.jpg"", ""/content/drive/MyDrive/olx_fridges_dataset/images/fridge_60b336274c/2.jpg"", ""/content/drive/MyDrive/olx_fridges_dataset/images/fridge_60b336274c/3.jpg"", ""/content/drive/MyDrive/olx_fridges_dataset/images/fridge_60b336274c/4.jpg"", ""/content/drive/MyDrive/olx_fridges_dataset/images/fridge_60b336274c/5.jpg"", ""/content/drive/MyDrive/olx_fridges_dataset/images/fridge_60b336274c/6.jpg"", ""/content/drive/MyDrive/olx_fridges_dataset/images/fridge_60b336274c/7.jpg"", ""/content/drive/MyDrive/olx_fridges_dataset/images/fridge_60b336274c/8.jpg"", ""/content/drive/MyDrive/olx_fridges_dataset/images/fridge_60b336274c/9.jpg"", ""/content/drive/MyDrive/olx_fridges_dataset/images/fridge_60b336274c/10.jpg"", ""/content/drive/MyDrive/olx_fridges_dataset/images/fridge_60b336274c/11.jpg"", ""/content/drive/MyDrive/olx_fridges_dataset/images/fridge_60b336274c/12.jpg"", ""/content/drive/MyDrive/olx_fridges_dataset/images/fridge_60b336274c/13.jpg"", ""/content/drive/MyDrive/olx_fridges_dataset/images/fridge_60b336274c/14.jpg""]",14,2025-12-08 05:24:13.569551
fridge_221f4e617e,https://www.olx.in/item/fridges-c1617-samsung-lgwhirlpool-godrej-etc-in-santa-cruz-calapor-iid-1818167535,"Samsung, lg,Whirlpool, Godrej, etc","Refrigerator with home delivery, & warranty compressor - Fridges",5000,"[""/content/drive/MyDrive/olx_fridges_dataset/images/fridge_221f4e617e/1.jpg"", ""/content/drive/MyDrive/olx_fridges_dataset/images/fridge_221f4e617e/2.jpg"", ""/content/drive/MyDrive/olx_fridges_dataset/images/fridge_221f4e617e/3.jpg"", ""/content/drive/MyDrive/olx_fridges_dataset/images/fridge_221f4e617e/4.jpg"", ""/content/drive/MyDrive/olx_fridges_dataset/images/fridge_221f4e617e/5.jpg"", ""/content/drive/MyDrive/olx_fridges_dataset/images/fridge_221f4e617e/6.jpg"", ""/content/drive/MyDrive/olx_fridges_dataset/images/fridge_221f4e617e/7.jpg"", ""/content/drive/MyDrive/olx_fridges_dataset/images/fridge_221f4e617e/8.jpg"", ""/content/drive/MyDrive/olx_fridges_dataset/images/fridge_221f4e617e/9.jpg"", ""/content/drive/MyDrive/olx_fridges_dataset/images/fridge_221f4e617e/10.jpg"", ""/content/drive/MyDrive/olx_fridges_dataset/images/fridge_221f4e617e/11.jpg"", ""/content/drive/MyDrive/olx_fridges_dataset/images/fridge_221f4e617e/12.jpg"", ""/content/drive/MyDrive/olx_fridges_dataset/images/fridge_221f4e617e/13.jpg"", ""/content/drive/MyDrive/olx_fridges_dataset/images/fridge_221f4e617e/14.jpg""]",14,2025-12-08 05:24:38.735241
fridge_99c2c613cd,https://www.olx.in/item/fridges-c1617-urgent-sell-refrigerator-in-kalinga-nagar-ghatikia-bhubaneshwar-iid-1828638306,Urgent Sell Refrigerator,Godrej 5 star Refrigerator 190L with ok condition - Fridges,6000,"[""/content/drive/MyDrive/olx_fridges_dataset/images/fridge_99c2c613cd/1.jpg"", ""/content/drive/MyDrive/olx_fridges_dataset/images/fridge_99c2c613cd/2.jpg"", ""/content/drive/MyDrive/olx_fridges_dataset/images/fridge_99c2c613cd/3.jpg"", ""/content/drive/MyDrive/olx_fridges_dataset/images/fridge_99c2c613cd/4.jpg"", ""/content/drive/MyDrive/olx_fridges_dataset/images/fridge_99c2c613cd/5.jpg"", ""/content/drive/MyDrive/olx_fridges_dataset/images/fridge_99c2c613cd/6.jpg"", ""/content/drive/MyDrive/olx_fridges_dataset/images/fridge_99c2c613cd/7.jpg"", ""/content/drive/MyDrive/olx_fridges_dataset/images/fridge_99c2c613cd/8.jpg"", ""/content/drive/MyDrive/olx_fridges_dataset/images/fridge_99c2c613cd/9.jpg"", ""/content/drive/MyDrive/olx_fridges_dataset/images/fridge_99c2c613cd/10.jpg"", ""/content/drive/MyDrive/olx_fridges_dataset/images/fridge_99c2c613cd/11.jpg"", ""/content/drive/MyDrive/olx_fridges_dataset/images/fridge_99c2c613cd/12.jpg"", ""/content/drive/MyDrive/olx_fridges_dataset/images/fridge_99c2c613cd/13.jpg"", ""/content/drive/MyDrive/olx_fridges_dataset/images/fridge_99c2c613cd/14.jpg""]",14,2025-12-08 05:24:46.827175
fridge_c71b9ccfd7,https://www.olx.in/item/fridges-c1617-samsung-single-door-fridge-good-condition-fully-working-in-indirapuram-vaibhav-khand-ghaziabad-iid-1828637369,"Samsung Single Door Fridge – Good Condition, Fully Working","Samsung 190L single-door refrigerator in very good condition. Very lightly used and well-maintained. Cooling is perfect, no repairs done, no functional issues. All trays and shelves intact. Body is clean with normal usage marks only. Ideal for home, guest room or bachelor use. Selling due to upgrade. Location: Express garden , Vaibhav Khand, Indirapuram (near Shipra Mall) Price: 6500 (slightly negotiable). Cash payment only - Fridges",6500,"[""/content/drive/MyDrive/olx_fridges_dataset/images/fridge_c71b9ccfd7/1.jpg"", ""/content/drive/MyDrive/olx_fridges_dataset/images/fridge_c71b9ccfd7/2.jpg"", ""/content/drive/MyDrive/olx_fridges_dataset/images/fridge_c71b9ccfd7/3.jpg"", ""/content/drive/MyDrive/olx_fridges_dataset/images/fridge_c71b9ccfd7/4.jpg"", ""/content/drive/MyDrive/olx_fridges_dataset/images/fridge_c71b9ccfd7/5.jpg"", ""/content/drive/MyDrive/olx_fridges_dataset/images/fridge_c71b9ccfd7/6.jpg"", ""/content/drive/MyDrive/olx_fridges_dataset/images/fridge_c71b9ccfd7/7.jpg"", ""/content/drive/MyDrive/olx_fridges_dataset/images/fridge_c71b9ccfd7/8.jpg"", ""/content/drive/MyDrive/olx_fridges_dataset/images/fridge_c71b9ccfd7/9.jpg"", ""/content/drive/MyDrive/olx_fridges_dataset/images/fridge_c71b9ccfd7/10.jpg"", ""/content/drive/MyDrive/olx_fridges_dataset/images/fridge_c71b9ccfd7/11.jpg"", ""/content/drive/MyDrive/olx_fridges_dataset/images/fridge_c71b9ccfd7/12.jpg"", ""/content/drive/MyDrive/olx_fridges_dataset/images/fridge_c71b9ccfd7/13.jpg"", ""/content/drive/MyDrive/olx_fridges_dataset/images/fridge_c71b9ccfd7/14.jpg""]",14,2025-12-08 05:24:56.195520
fridge_2ef65c838a,https://www.olx.in/item/fridges-c1617-special-offer-upto-10-on-lg-wm-samsungs-fridge-with-free-shipping-in-ejipura-bengaluru-iid-1757614449,Special offer upto 10% on LG W/M & Samsung's fridge with free shipping,"> Visit our website for more options: www .yourchoiz. in Flat ₹500 OFF + Cash on Delivery Use code: NAMMAYOURCHOIZ at www .yourchoiz. in Refurbished Appliances at Best Price – Quality You Can Trust! Looking for affordable home appliances without compromising on quality? Our refurbished refrigerators and washing machines are carefully inspected, fully tested, and restored to perfect working condition by experts. Why Choose Us? Fully tested and repaired if needed Professionally cleaned and sanitized Minor cosmetic marks possible, but 100% functional Environment-friendly and budget-friendly Available Products: Single Door Refrigerator – Starting at just ₹4,999 Double Door Refrigerator – Starting at ₹6,999 Top Load Washing Machine – Starting at ₹4,999 Front Load Washing Machine – Starting at ₹6,999 Warranty: 1 Year Warranty on Motor and Compressor Free delivery available in Bangalore Visit us today and give your home a smart upgrade at a smart price! - Fridges",500,"[""/content/drive/MyDrive/olx_fridges_dataset/images/fridge_2ef65c838a/1.jpg"", ""/content/drive/MyDrive/olx_fridges_dataset/images/fridge_2ef65c838a/2.jpg"", ""/content/drive/MyDrive/olx_fridges_dataset/images/fridge_2ef65c838a/3.jpg"", ""/content/drive/MyDrive/olx_fridges_dataset/images/fridge_2ef65c838a/4.jpg"", ""/content/drive/MyDrive/olx_fridges_dataset/images/fridge_2ef65c838a/5.jpg"", ""/content/drive/MyDrive/olx_fridges_dataset/images/fridge_2ef65c838a/6.jpg"", ""/content/drive/MyDrive/olx_fridges_dataset/images/fridge_2ef65c838a/7.jpg"", ""/content/drive/MyDrive/olx_fridges_dataset/images/fridge_2ef65c838a/8.jpg"", ""/content/drive/MyDrive/olx_fridges_dataset/images/fridge_2ef65c838a/9.jpg"", ""/content/drive/MyDrive/olx_fridges_dataset/images/fridge_2ef65c838a/10.jpg"", ""/content/drive/MyDrive/olx_fridges_dataset/images/fridge_2ef65c838a/11.jpg"", ""/content/drive/MyDrive/olx_fridges_dataset/images/fridge_2ef65c838a/12.jpg"", ""/content/drive/MyDrive/olx_fridges_dataset/images/fridge_2ef65c838a/13.jpg"", ""/content/drive/MyDrive/olx_fridges_dataset/images/fridge_2ef65c838a/14.jpg""]",14,2025-12-08 05:25:07.108763
fridge_ea992ace30,https://www.olx.in/item/fridges-c1617-lg-5-start-rating-frige-for-sale-in-exellent-condition-in-bolarum-hyderabad-iid-1828428821,LG-5 start rating frige for sale in exellent condition,"Hello ,I am planning to sell my LG fridge of 190 ltr with 5 start rating.Fridge is in very excellent condition and cooling is also like new one.If any one interested please msg me.Price is bit negotiable. - Fridges",8500,"[""/content/drive/MyDrive/olx_fridges_dataset/images/fridge_ea992ace30/1.jpg"", ""/content/drive/MyDrive/olx_fridges_dataset/images/fridge_ea992ace30/2.jpg"", ""/content/drive/MyDrive/olx_fridges_dataset/images/fridge_ea992ace30/3.jpg"", ""/content/drive/MyDrive/olx_fridges_dataset/images/fridge_ea992ace30/4.jpg"", ""/content/drive/MyDrive/olx_fridges_dataset/images/fridge_ea992ace30/5.jpg"", ""/content/drive/MyDrive/olx_fridges_dataset/images/fridge_ea992ace30/6.jpg"", ""/content/drive/MyDrive/olx_fridges_dataset/images/fridge_ea992ace30/7.jpg"", ""/content/drive/MyDrive/olx_fridges_dataset/images/fridge_ea992ace30/8.jpg"", ""/content/drive/MyDrive/olx_fridges_dataset/images/fridge_ea992ace30/9.jpg"", ""/content/drive/MyDrive/olx_fridges_dataset/images/fridge_ea992ace30/10.jpg"", ""/content/drive/MyDrive/olx_fridges_dataset/images/fridge_ea992ace30/11.jpg"", ""/content/drive/MyDrive/olx_fridges_dataset/images/fridge_ea992ace30/12.jpg"", ""/content/drive/MyDrive/olx_fridges_dataset/images/fridge_ea992ace30/13.jpg"", ""/content/drive/MyDrive/olx_fridges_dataset/images/fridge_ea992ace30/14.jpg""]",14,2025-12-08 05:25:18.880319
fridge_efe88876bb,https://www.olx.in/item/fridges-c1617-computer-bikau-hai-in-inner-khanderao-gate-jhansi-iid-1827875971,Computer bikau hai,Computer bikes h - Fridges,8500,"[""/content/drive/MyDrive/olx_fridges_dataset/images/fridge_efe88876bb/1.jpg"", ""/content/drive/MyDrive/olx_fridges_dataset/images/fridge_efe88876bb/2.jpg"", ""/content/drive/MyDrive/olx_fridges_dataset/images/fridge_efe88876bb/3.jpg"", ""/content/drive/MyDrive/olx_fridges_dataset/images/fridge_efe88876bb/4.jpg"", ""/content/drive/MyDrive/olx_fridges_dataset/images/fridge_efe88876bb/5.jpg"", ""/content/drive/MyDrive/olx_fridges_dataset/images/fridge_efe88876bb/6.jpg"", ""/content/drive/MyDrive/olx_fridges_dataset/images/fridge_efe88876bb/7.jpg"", ""/content/drive/MyDrive/olx_fridges_dataset/images/fridge_efe88876bb/8.jpg"", ""/content/drive/MyDrive/olx_fridges_dataset/images/fridge_efe88876bb/9.jpg"", ""/content/drive/MyDrive/olx_fridges_dataset/images/fridge_efe88876bb/10.jpg"", ""/content/drive/MyDrive/olx_fridges_dataset/images/fridge_efe88876bb/11.jpg"", ""/content/drive/MyDrive/olx_fridges_dataset/images/fridge_efe88876bb/12.jpg"", ""/content/drive/MyDrive/olx_fridges_dataset/images/fridge_efe88876bb/13.jpg"", ""/content/drive/MyDrive/olx_fridges_dataset/images/fridge_efe88876bb/14.jpg""]",14,2025-12-08 05:25:26.529789
fridge_f6ae9eee3f,https://www.olx.in/item/fridges-c1617-ice-cream-freezer-in-chinnamettur-mettur-iid-1828635753,Ice cream freezer,"Aluminium body, 300 ltr - Fridges",10000,"[""/content/drive/MyDrive/olx_fridges_dataset/images/fridge_f6ae9eee3f/1.jpg"", ""/content/drive/MyDrive/olx_fridges_dataset/images/fridge_f6ae9eee3f/2.jpg"", ""/content/drive/MyDrive/olx_fridges_dataset/images/fridge_f6ae9eee3f/3.jpg"", ""/content/drive/MyDrive/olx_fridges_dataset/images/fridge_f6ae9eee3f/4.jpg"", ""/content/drive/MyDrive/olx_fridges_dataset/images/fridge_f6ae9eee3f/5.jpg"", ""/content/drive/MyDrive/olx_fridges_dataset/images/fridge_f6ae9eee3f/6.jpg"", ""/content/drive/MyDrive/olx_fridges_dataset/images/fridge_f6ae9eee3f/7.jpg"", ""/content/drive/MyDrive/olx_fridges_dataset/images/fridge_f6ae9eee3f/8.jpg"", ""/content/drive/MyDrive/olx_fridges_dataset/images/fridge_f6ae9eee3f/9.jpg"", ""/content/drive/MyDrive/olx_fridges_dataset/images/fridge_f6ae9eee3f/10.jpg"", ""/content/drive/MyDrive/olx_fridges_dataset/images/fridge_f6ae9eee3f/11.jpg"", ""/content/drive/MyDrive/olx_fridges_dataset/images/fridge_f6ae9eee3f/12.jpg"", ""/content/drive/MyDrive/olx_fridges_dataset/images/fridge_f6ae9eee3f/13.jpg"", ""/content/drive/MyDrive/olx_fridges_dataset/images/fridge_f6ae9eee3f/14.jpg""]",14,2025-12-08 05:25:38.876429
fridge_f77f05c032,https://www.olx.in/item/fridges-c1617-samsung-315-litre-5-star-fridge-in-govindpuram-ghaziabad-iid-1804450156,Samsung 315 litre 5 star fridge,Samsung 315 litre 5 star fridge - Fridges,15000,"[""/content/drive/MyDrive/olx_fridges_dataset/images/fridge_f77f05c032/1.jpg"", ""/content/drive/MyDrive/olx_fridges_dataset/images/fridge_f77f05c032/2.jpg"", ""/content/drive/MyDrive/olx_fridges_dataset/images/fridge_f77f05c032/3.jpg"", ""/content/drive/MyDrive/olx_fridges_dataset/images/fridge_f77f05c032/4.jpg"", ""/content/drive/MyDrive/olx_fridges_dataset/images/fridge_f77f05c032/5.jpg"", ""/content/drive/MyDrive/olx_fridges_dataset/images/fridge_f77f05c032/6.jpg"", ""/content/drive/MyDrive/olx_fridges_dataset/images/fridge_f77f05c032/7.jpg"", ""/content/drive/MyDrive/olx_fridges_dataset/images/fridge_f77f05c032/8.jpg"", ""/content/drive/MyDrive/olx_fridges_dataset/images/fridge_f77f05c032/9.jpg"", ""/content/drive/MyDrive/olx_fridges_dataset/images/fridge_f77f05c032/10.jpg"", ""/content/drive/MyDrive/olx_fridges_dataset/images/fridge_f77f05c032/11.jpg"", ""/content/drive/MyDrive/olx_fridges_dataset/images/fridge_f77f05c032/12.jpg"", ""/content/drive/MyDrive/olx_fridges_dataset/images/fridge_f77f05c032/13.jpg"", ""/content/drive/MyDrive/olx_fridges_dataset/images/fridge_f77f05c032/14.jpg""]",14,2025-12-08 05:25:47.468440
fridge_108734b33d,https://www.olx.in/item/fridges-c1617-samsung-refrigerator-301ltr-with-warrenty-bil-wholesale-price-in-sector-115-kharar-iid-1813862643,Samsung refrigerator 301ltr with warrenty bil wholesale price,"Adrs , (Zirakpur)Baltana Ram Leela ground sco no 7 near shiv mandir ,Vishal daery,ptc ,Sp trading co, fectoryoutlet, pin code 140604 ph Brand fully automatic mashin 6.5kg 11999 7kg. 12999 7.5kg. 13499 8kg 14500 Lloyd ac 1.5 ton 3 star 25000 Lloyd 1.5 ton 5 sart 30000 Lloyd fixspid 1.5ton 25000 Lloyd 2ton 35000 Led tv 32 inch bush 7500 Samsung 32 inch 11000 Sony 32 inch 11000 Samsung 43inch 18500 One plus 43 inch 17500 Realme 43 inch 18500 50 inch realme 23000 55 inch 30000 65 inch 45000 Geyser 25ltr five star 3500 Aquafresh ro 3190 Chimney 4500 Chula 2000 - Fridges",19999,"[""/content/drive/MyDrive/olx_fridges_dataset/images/fridge_108734b33d/1.jpg"", ""/content/drive/MyDrive/olx_fridges_dataset/images/fridge_108734b33d/2.jpg"", ""/content/drive/MyDrive/olx_fridges_dataset/images/fridge_108734b33d/3.jpg"", ""/content/drive/MyDrive/olx_fridges_dataset/images/fridge_108734b33d/4.jpg"", ""/content/drive/MyDrive/olx_fridges_dataset/images/fridge_108734b33d/5.jpg"", ""/content/drive/MyDrive/olx_fridges_dataset/images/fridge_108734b33d/6.jpg"", ""/content/drive/MyDrive/olx_fridges_dataset/images/fridge_108734b33d/7.jpg"", ""/content/drive/MyDrive/olx_fridges_dataset/images/fridge_108734b33d/8.jpg"", ""/content/drive/MyDrive/olx_fridges_dataset/images/fridge_108734b33d/9.jpg"", ""/content/drive/MyDrive/olx_fridges_dataset/images/fridge_108734b33d/10.jpg"", ""/content/drive/MyDrive/olx_fridges_dataset/images/fridge_108734b33d/11.jpg"", ""/content/drive/MyDrive/olx_fridges_dataset/images/fridge_108734b33d/12.jpg"", ""/content/drive/MyDrive/olx_fridges_dataset/images/fridge_108734b33d/13.jpg"", ""/content/drive/MyDrive/olx_fridges_dataset/images/fridge_108734b33d/14.jpg""]",14,2025-12-08 05:25:56.199058
fridge_56294da64a,https://www.olx.in/item/fridges-c1617-samsung-double-door-fridge-in-jaitpur-delhi-iid-1828636753,Samsung double door fridge,In working conditions no gas leak - Fridges,5000,"[""/content/drive/MyDrive/olx_fridges_dataset/images/fridge_56294da64a/1.jpg"", ""/content/drive/MyDrive/olx_fridges_dataset/images/fridge_56294da64a/2.jpg"", ""/content/drive/MyDrive/olx_fridges_dataset/images/fridge_56294da64a/3.jpg"", ""/content/drive/MyDrive/olx_fridges_dataset/images/fridge_56294da64a/4.jpg"", ""/content/drive/MyDrive/olx_fridges_dataset/images/fridge_56294da64a/5.jpg"", ""/content/drive/MyDrive/olx_fridges_dataset/images/fridge_56294da64a/6.jpg"", ""/content/drive/MyDrive/olx_fridges_dataset/images/fridge_56294da64a/7.jpg"", ""/content/drive/MyDrive/olx_fridges_dataset/images/fridge_56294da64a/8.jpg"", ""/content/drive/MyDrive/olx_fridges_dataset/images/fridge_56294da64a/9.jpg"", ""/content/drive/MyDrive/olx_fridges_dataset/images/fridge_56294da64a/10.jpg"", ""/content/drive/MyDrive/olx_fridges_dataset/images/fridge_56294da64a/11.jpg"", ""/content/drive/MyDrive/olx_fridges_dataset/images/fridge_56294da64a/12.jpg"", ""/content/drive/MyDrive/olx_fridges_dataset/images/fridge_56294da64a/13.jpg"", ""/content/drive/MyDrive/olx_fridges_dataset/images/fridge_56294da64a/14.jpg""]",14,2025-12-08 05:26:04.905492
fridge_ed1789f600,https://www.olx.in/item/fridges-c1617-air-cooler-in-bharat-nagar-gandhidham-iid-1827784756,Air Cooler,Two are available you May Opt to buy for one too Rs 1500/- - Fridges,1500,"[""/content/drive/MyDrive/olx_fridges_dataset/images/fridge_ed1789f600/1.jpg"", ""/content/drive/MyDrive/olx_fridges_dataset/images/fridge_ed1789f600/2.jpg"", ""/content/drive/MyDrive/olx_fridges_dataset/images/fridge_ed1789f600/3.jpg"", ""/content/drive/MyDrive/olx_fridges_dataset/images/fridge_ed1789f600/4.jpg"", ""/content/drive/MyDrive/olx_fridges_dataset/images/fridge_ed1789f600/5.jpg"", ""/content/drive/MyDrive/olx_fridges_dataset/images/fridge_ed1789f600/6.jpg"", ""/content/drive/MyDrive/olx_fridges_dataset/images/fridge_ed1789f600/7.jpg"", ""/content/drive/MyDrive/olx_fridges_dataset/images/fridge_ed1789f600/8.jpg"", ""/content/drive/MyDrive/olx_fridges_dataset/images/fridge_ed1789f600/9.jpg"", ""/content/drive/MyDrive/olx_fridges_dataset/images/fridge_ed1789f600/10.jpg"", ""/content/drive/MyDrive/olx_fridges_dataset/images/fridge_ed1789f600/11.jpg"", ""/content/drive/MyDrive/olx_fridges_dataset/images/fridge_ed1789f600/12.jpg"", ""/content/drive/MyDrive/olx_fridges_dataset/images/fridge_ed1789f600/13.jpg"", ""/content/drive/MyDrive/olx_fridges_dataset/images/fridge_ed1789f600/14.jpg""]",14,2025-12-08 05:26:12.730128
fridge_04a48ce24c,https://www.olx.in/item/fridges-c1617-get-single-door-refrigerator-starting-5999-with-free-home-delivery-in-munnekollal-sai-layout-bengaluru-iid-1789466912,-/Get Single Door refrigerator Starting @₹5999 With Free Home delivery,(Trust Tronics Home Appliances) (Out Stores located in >> Maratahalli Btm layout Nagawara >> Top Load Fully Automatic Washing Machine Starts From {₹5000}>> >> Front Load Fully Automatic Washing Machine Starts From {₹6000}>> >> Single Door Starts From {₹5500}>> >> Double Door Starts From {₹6999}>> >> Combo Starts From ₹{12000}>> {Trust Tronics Provides 6month Of Free Service For All Appliances >> 1 Year Motor Warranty For Washing Machine >> 1 Year Compressor Warranty For Refrigerator >>100% Certified & Quality checked Products<>. We Make Our Products Checked By Experts Before The Time Of Delivery << (Buy Back )•  Retrun Back >> 50%Buy Back with In 12 to 15 Months With Free Pick Up <> >> Hassle Free Same Day Free Home Delivery Throughout Banglore <> payment : /Cod/Net banking/Imps - Fridges,5999,"[""/content/drive/MyDrive/olx_fridges_dataset/images/fridge_04a48ce24c/1.jpg"", ""/content/drive/MyDrive/olx_fridges_dataset/images/fridge_04a48ce24c/2.jpg"", ""/content/drive/MyDrive/olx_fridges_dataset/images/fridge_04a48ce24c/3.jpg"", ""/content/drive/MyDrive/olx_fridges_dataset/images/fridge_04a48ce24c/4.jpg"", ""/content/drive/MyDrive/olx_fridges_dataset/images/fridge_04a48ce24c/5.jpg"", ""/content/drive/MyDrive/olx_fridges_dataset/images/fridge_04a48ce24c/6.jpg"", ""/content/drive/MyDrive/olx_fridges_dataset/images/fridge_04a48ce24c/7.jpg"", ""/content/drive/MyDrive/olx_fridges_dataset/images/fridge_04a48ce24c/8.jpg"", ""/content/drive/MyDrive/olx_fridges_dataset/images/fridge_04a48ce24c/9.jpg"", ""/content/drive/MyDrive/olx_fridges_dataset/images/fridge_04a48ce24c/10.jpg"", ""/content/drive/MyDrive/olx_fridges_dataset/images/fridge_04a48ce24c/11.jpg"", ""/content/drive/MyDrive/olx_fridges_dataset/images/fridge_04a48ce24c/12.jpg"", ""/content/drive/MyDrive/olx_fridges_dataset/images/fridge_04a48ce24c/13.jpg"", ""/content/drive/MyDrive/olx_fridges_dataset/images/fridge_04a48ce24c/14.jpg"", ""/content/drive/MyDrive/olx_fridges_dataset/images/fridge_04a48ce24c/15.jpg""]",15,2025-12-08 05:26:20.430789
fridge_9f506bef9d,https://www.olx.in/item/fridges-c1617-samsung-230ltr-new-and-clean-condition-in-pandhav-nagar-nashik-iid-1828635403,Samsung 230Ltr (new and clean condition),Samsung 230Ltr (inverter fridge) new and clean condition - Fridges,13500,"[""/content/drive/MyDrive/olx_fridges_dataset/images/fridge_9f506bef9d/1.jpg"", ""/content/drive/MyDrive/olx_fridges_dataset/images/fridge_9f506bef9d/2.jpg"", ""/content/drive/MyDrive/olx_fridges_dataset/images/fridge_9f506bef9d/3.jpg"", ""/content/drive/MyDrive/olx_fridges_dataset/images/fridge_9f506bef9d/4.jpg"", ""/content/drive/MyDrive/olx_fridges_dataset/images/fridge_9f506bef9d/5.jpg"", ""/content/drive/MyDrive/olx_fridges_dataset/images/fridge_9f506bef9d/6.jpg"", ""/content/drive/MyDrive/olx_fridges_dataset/images/fridge_9f506bef9d/7.jpg"", ""/content/drive/MyDrive/olx_fridges_dataset/images/fridge_9f506bef9d/8.jpg"", ""/content/drive/MyDrive/olx_fridges_dataset/images/fridge_9f506bef9d/9.jpg"", ""/content/drive/MyDrive/olx_fridges_dataset/images/fridge_9f506bef9d/10.jpg"", ""/content/drive/MyDrive/olx_fridges_dataset/images/fridge_9f506bef9d/11.jpg"", ""/content/drive/MyDrive/olx_fridges_dataset/images/fridge_9f506bef9d/12.jpg"", ""/content/drive/MyDrive/olx_fridges_dataset/images/fridge_9f506bef9d/13.jpg"", ""/content/drive/MyDrive/olx_fridges_dataset/images/fridge_9f506bef9d/14.jpg""]",14,2025-12-08 05:26:28.538925
fridge_658ff8b226,https://www.olx.in/item/fridges-c1617-lg-fridge-for-sale-in-kanakpur-part-2-silchar-iid-1828636637,LG Fridge for sale,7 years old 5 star rated LG Fridge - Fridges,10000,"[""/content/drive/MyDrive/olx_fridges_dataset/images/fridge_658ff8b226/1.jpg"", ""/content/drive/MyDrive/olx_fridges_dataset/images/fridge_658ff8b226/2.jpg"", ""/content/drive/MyDrive/olx_fridges_dataset/images/fridge_658ff8b226/3.jpg"", ""/content/drive/MyDrive/olx_fridges_dataset/images/fridge_658ff8b226/4.jpg"", ""/content/drive/MyDrive/olx_fridges_dataset/images/fridge_658ff8b226/5.jpg"", ""/content/drive/MyDrive/olx_fridges_dataset/images/fridge_658ff8b226/6.jpg"", ""/content/drive/MyDrive/olx_fridges_dataset/images/fridge_658ff8b226/7.jpg"", ""/content/drive/MyDrive/olx_fridges_dataset/images/fridge_658ff8b226/8.jpg"", ""/content/drive/MyDrive/olx_fridges_dataset/images/fridge_658ff8b226/9.jpg"", ""/content/drive/MyDrive/olx_fridges_dataset/images/fridge_658ff8b226/10.jpg"", ""/content/drive/MyDrive/olx_fridges_dataset/images/fridge_658ff8b226/11.jpg"", ""/content/drive/MyDrive/olx_fridges_dataset/images/fridge_658ff8b226/12.jpg"", ""/content/drive/MyDrive/olx_fridges_dataset/images/fridge_658ff8b226/13.jpg"", ""/content/drive/MyDrive/olx_fridges_dataset/images/fridge_658ff8b226/14.jpg""]",14,2025-12-08 05:26:46.229496
fridge_653c586ce7,https://www.olx.in/item/fridges-c1617-mint-condition-refrigerator-in-uttar-chandannagar-p-chandannagar-mc-iid-1828635707,Mint condition refrigerator,Samsung double door fridge - Fridges,18000,"[""/content/drive/MyDrive/olx_fridges_dataset/images/fridge_653c586ce7/1.jpg"", ""/content/drive/MyDrive/olx_fridges_dataset/images/fridge_653c586ce7/2.jpg"", ""/content/drive/MyDrive/olx_fridges_dataset/images/fridge_653c586ce7/3.jpg"", ""/content/drive/MyDrive/olx_fridges_dataset/images/fridge_653c586ce7/4.jpg"", ""/content/drive/MyDrive/olx_fridges_dataset/images/fridge_653c586ce7/5.jpg"", ""/content/drive/MyDrive/olx_fridges_dataset/images/fridge_653c586ce7/6.jpg"", ""/content/drive/MyDrive/olx_fridges_dataset/images/fridge_653c586ce7/7.jpg"", ""/content/drive/MyDrive/olx_fridges_dataset/images/fridge_653c586ce7/8.jpg"", ""/content/drive/MyDrive/olx_fridges_dataset/images/fridge_653c586ce7/9.jpg"", ""/content/drive/MyDrive/olx_fridges_dataset/images/fridge_653c586ce7/10.jpg"", ""/content/drive/MyDrive/olx_fridges_dataset/images/fridge_653c586ce7/11.jpg"", ""/content/drive/MyDrive/olx_fridges_dataset/images/fridge_653c586ce7/12.jpg"", ""/content/drive/MyDrive/olx_fridges_dataset/images/fridge_653c586ce7/13.jpg"", ""/content/drive/MyDrive/olx_fridges_dataset/images/fridge_653c586ce7/14.jpg""]",14,2025-12-08 05:27:03.902743
fridge_a028205f64,https://www.olx.in/item/fridges-c1617-lg-fridge-single-door-in-old-suramangalam-salem-iid-1828635089,LG fridge single door,"The LG single-door refrigerator is in excellent condition, and the price is negotiable. - Fridges",7000,"[""/content/drive/MyDrive/olx_fridges_dataset/images/fridge_a028205f64/1.jpg"", ""/content/drive/MyDrive/olx_fridges_dataset/images/fridge_a028205f64/2.jpg"", ""/content/drive/MyDrive/olx_fridges_dataset/images/fridge_a028205f64/3.jpg"", ""/content/drive/MyDrive/olx_fridges_dataset/images/fridge_a028205f64/4.jpg"", ""/content/drive/MyDrive/olx_fridges_dataset/images/fridge_a028205f64/5.jpg"", ""/content/drive/MyDrive/olx_fridges_dataset/images/fridge_a028205f64/6.jpg"", ""/content/drive/MyDrive/olx_fridges_dataset/images/fridge_a028205f64/7.jpg"", ""/content/drive/MyDrive/olx_fridges_dataset/images/fridge_a028205f64/8.jpg"", ""/content/drive/MyDrive/olx_fridges_dataset/images/fridge_a028205f64/9.jpg"", ""/content/drive/MyDrive/olx_fridges_dataset/images/fridge_a028205f64/10.jpg"", ""/content/drive/MyDrive/olx_fridges_dataset/images/fridge_a028205f64/11.jpg"", ""/content/drive/MyDrive/olx_fridges_dataset/images/fridge_a028205f64/12.jpg"", ""/content/drive/MyDrive/olx_fridges_dataset/images/fridge_a028205f64/13.jpg"", ""/content/drive/MyDrive/olx_fridges_dataset/images/fridge_a028205f64/14.jpg""]",14,2025-12-08 05:27:13.734618
fridge_51c71de78e,https://www.olx.in/item/fridges-c1617-lg-190-l-direct-cool-single-door-5-star-refrigerator-in-bongaon-guwahati-iid-1828635307,LG 190 L Direct Cool Single Door 5 Star Refrigerator,"Only 1 year old,Selling due to transfer to a different state Its 5 star - Fridges",11000,"[""/content/drive/MyDrive/olx_fridges_dataset/images/fridge_51c71de78e/1.jpg"", ""/content/drive/MyDrive/olx_fridges_dataset/images/fridge_51c71de78e/2.jpg"", ""/content/drive/MyDrive/olx_fridges_dataset/images/fridge_51c71de78e/3.jpg"", ""/content/drive/MyDrive/olx_fridges_dataset/images/fridge_51c71de78e/4.jpg"", ""/content/drive/MyDrive/olx_fridges_dataset/images/fridge_51c71de78e/5.jpg"", ""/content/drive/MyDrive/olx_fridges_dataset/images/fridge_51c71de78e/6.jpg"", ""/content/drive/MyDrive/olx_fridges_dataset/images/fridge_51c71de78e/7.jpg"", ""/content/drive/MyDrive/olx_fridges_dataset/images/fridge_51c71de78e/8.jpg"", ""/content/drive/MyDrive/olx_fridges_dataset/images/fridge_51c71de78e/9.jpg"", ""/content/drive/MyDrive/olx_fridges_dataset/images/fridge_51c71de78e/10.jpg"", ""/content/drive/MyDrive/olx_fridges_dataset/images/fridge_51c71de78e/11.jpg"", ""/content/drive/MyDrive/olx_fridges_dataset/images/fridge_51c71de78e/12.jpg"", ""/content/drive/MyDrive/olx_fridges_dataset/images/fridge_51c71de78e/13.jpg"", ""/content/drive/MyDrive/olx_fridges_dataset/images/fridge_51c71de78e/14.jpg""]",14,2025-12-08 05:27:22.708235
fridge_052f9444ac,https://www.olx.in/item/fridges-c1617-deep-fridge-in-kandivali-west-mumbai-iid-1828636060,Deep fridge,500 litres capacity Tata voltas 2.5 years old - Fridges,15000,"[""/content/drive/MyDrive/olx_fridges_dataset/images/fridge_052f9444ac/1.jpg"", ""/content/drive/MyDrive/olx_fridges_dataset/images/fridge_052f9444ac/2.jpg"", ""/content/drive/MyDrive/olx_fridges_dataset/images/fridge_052f9444ac/3.jpg"", ""/content/drive/MyDrive/olx_fridges_dataset/images/fridge_052f9444ac/4.jpg"", ""/content/drive/MyDrive/olx_fridges_dataset/images/fridge_052f9444ac/5.jpg"", ""/content/drive/MyDrive/olx_fridges_dataset/images/fridge_052f9444ac/6.jpg"", ""/content/drive/MyDrive/olx_fridges_dataset/images/fridge_052f9444ac/7.jpg"", ""/content/drive/MyDrive/olx_fridges_dataset/images/fridge_052f9444ac/8.jpg"", ""/content/drive/MyDrive/olx_fridges_dataset/images/fridge_052f9444ac/9.jpg"", ""/content/drive/MyDrive/olx_fridges_dataset/images/fridge_052f9444ac/10.jpg"", ""/content/drive/MyDrive/olx_fridges_dataset/images/fridge_052f9444ac/11.jpg"", ""/content/drive/MyDrive/olx_fridges_dataset/images/fridge_052f9444ac/12.jpg"", ""/content/drive/MyDrive/olx_fridges_dataset/images/fridge_052f9444ac/13.jpg"", ""/content/drive/MyDrive/olx_fridges_dataset/images/fridge_052f9444ac/14.jpg""]",14,2025-12-08 05:27:32.116153
fridge_149370978a,https://www.olx.in/item/fridges-c1617-samsung-250-ltrs-in-parel-mumbai-iid-1828249639,Samsung 250 ltrs,2 year old fridge selling due to space issues. It is in perfect condition. - Fridges,18500,"[""/content/drive/MyDrive/olx_fridges_dataset/images/fridge_149370978a/1.jpg"", ""/content/drive/MyDrive/olx_fridges_dataset/images/fridge_149370978a/2.jpg"", ""/content/drive/MyDrive/olx_fridges_dataset/images/fridge_149370978a/3.jpg"", ""/content/drive/MyDrive/olx_fridges_dataset/images/fridge_149370978a/4.jpg"", ""/content/drive/MyDrive/olx_fridges_dataset/images/fridge_149370978a/5.jpg"", ""/content/drive/MyDrive/olx_fridges_dataset/images/fridge_149370978a/6.jpg"", ""/content/drive/MyDrive/olx_fridges_dataset/images/fridge_149370978a/7.jpg"", ""/content/drive/MyDrive/olx_fridges_dataset/images/fridge_149370978a/8.jpg"", ""/content/drive/MyDrive/olx_fridges_dataset/images/fridge_149370978a/9.jpg"", ""/content/drive/MyDrive/olx_fridges_dataset/images/fridge_149370978a/10.jpg"", ""/content/drive/MyDrive/olx_fridges_dataset/images/fridge_149370978a/11.jpg"", ""/content/drive/MyDrive/olx_fridges_dataset/images/fridge_149370978a/12.jpg"", ""/content/drive/MyDrive/olx_fridges_dataset/images/fridge_149370978a/13.jpg"", ""/content/drive/MyDrive/olx_fridges_dataset/images/fridge_149370978a/14.jpg""]",14,2025-12-08 05:27:40.716823
fridge_10303b16da,https://www.olx.in/item/fridges-c1617-single-door-avilable-in-thampanoor-thiruvananthapuram-iid-1805346801,Single door avilable,Delivery available Exchange available 1 year warranty for compressors 1 year warranty for motor - Fridges,6000,"[""/content/drive/MyDrive/olx_fridges_dataset/images/fridge_10303b16da/1.jpg"", ""/content/drive/MyDrive/olx_fridges_dataset/images/fridge_10303b16da/2.jpg"", ""/content/drive/MyDrive/olx_fridges_dataset/images/fridge_10303b16da/3.jpg"", ""/content/drive/MyDrive/olx_fridges_dataset/images/fridge_10303b16da/4.jpg"", ""/content/drive/MyDrive/olx_fridges_dataset/images/fridge_10303b16da/5.jpg"", ""/content/drive/MyDrive/olx_fridges_dataset/images/fridge_10303b16da/6.jpg"", ""/content/drive/MyDrive/olx_fridges_dataset/images/fridge_10303b16da/7.jpg"", ""/content/drive/MyDrive/olx_fridges_dataset/images/fridge_10303b16da/8.jpg"", ""/content/drive/MyDrive/olx_fridges_dataset/images/fridge_10303b16da/9.jpg"", ""/content/drive/MyDrive/olx_fridges_dataset/images/fridge_10303b16da/10.jpg"", ""/content/drive/MyDrive/olx_fridges_dataset/images/fridge_10303b16da/11.jpg"", ""/content/drive/MyDrive/olx_fridges_dataset/images/fridge_10303b16da/12.jpg"", ""/content/drive/MyDrive/olx_fridges_dataset/images/fridge_10303b16da/13.jpg"", ""/content/drive/MyDrive/olx_fridges_dataset/images/fridge_10303b16da/14.jpg""]",14,2025-12-08 05:27:49.737104
fridge_01e9d0b2db,https://www.olx.in/item/fridges-c1617-150ltr-fridgegrey-colour-in-panchsheel-park-delhi-iid-1828635256,150ltr fridge..grey colour,150 ltr Fridge...grey colour - Fridges,6000,"[""/content/drive/MyDrive/olx_fridges_dataset/images/fridge_01e9d0b2db/1.jpg"", ""/content/drive/MyDrive/olx_fridges_dataset/images/fridge_01e9d0b2db/2.jpg"", ""/content/drive/MyDrive/olx_fridges_dataset/images/fridge_01e9d0b2db/3.jpg"", ""/content/drive/MyDrive/olx_fridges_dataset/images/fridge_01e9d0b2db/4.jpg"", ""/content/drive/MyDrive/olx_fridges_dataset/images/fridge_01e9d0b2db/5.jpg"", ""/content/drive/MyDrive/olx_fridges_dataset/images/fridge_01e9d0b2db/6.jpg"", ""/content/drive/MyDrive/olx_fridges_dataset/images/fridge_01e9d0b2db/7.jpg"", ""/content/drive/MyDrive/olx_fridges_dataset/images/fridge_01e9d0b2db/8.jpg"", ""/content/drive/MyDrive/olx_fridges_dataset/images/fridge_01e9d0b2db/9.jpg"", ""/content/drive/MyDrive/olx_fridges_dataset/images/fridge_01e9d0b2db/10.jpg"", ""/content/drive/MyDrive/olx_fridges_dataset/images/fridge_01e9d0b2db/11.jpg"", ""/content/drive/MyDrive/olx_fridges_dataset/images/fridge_01e9d0b2db/12.jpg"", ""/content/drive/MyDrive/olx_fridges_dataset/images/fridge_01e9d0b2db/13.jpg"", ""/content/drive/MyDrive/olx_fridges_dataset/images/fridge_01e9d0b2db/14.jpg""]",14,2025-12-08 05:27:58.068436
fridge_768200f892,https://www.olx.in/item/fridges-c1617-single-door-whirlpool-freeze-of-2019-at-5000-in-loknayak-nagar-indore-iid-1828636081,Single Door Whirlpool freeze of 2019 at 5000,Single door whirlpool freeze purchased in 2019 with minimal use at 5000 - Fridges,5000,"[""/content/drive/MyDrive/olx_fridges_dataset/images/fridge_768200f892/1.jpg"", ""/content/drive/MyDrive/olx_fridges_dataset/images/fridge_768200f892/2.jpg"", ""/content/drive/MyDrive/olx_fridges_dataset/images/fridge_768200f892/3.jpg"", ""/content/drive/MyDrive/olx_fridges_dataset/images/fridge_768200f892/4.jpg"", ""/content/drive/MyDrive/olx_fridges_dataset/images/fridge_768200f892/5.jpg"", ""/content/drive/MyDrive/olx_fridges_dataset/images/fridge_768200f892/6.jpg"", ""/content/drive/MyDrive/olx_fridges_dataset/images/fridge_768200f892/7.jpg"", ""/content/drive/MyDrive/olx_fridges_dataset/images/fridge_768200f892/8.jpg"", ""/content/drive/MyDrive/olx_fridges_dataset/images/fridge_768200f892/9.jpg"", ""/content/drive/MyDrive/olx_fridges_dataset/images/fridge_768200f892/10.jpg"", ""/content/drive/MyDrive/olx_fridges_dataset/images/fridge_768200f892/11.jpg"", ""/content/drive/MyDrive/olx_fridges_dataset/images/fridge_768200f892/12.jpg"", ""/content/drive/MyDrive/olx_fridges_dataset/images/fridge_768200f892/13.jpg"", ""/content/drive/MyDrive/olx_fridges_dataset/images/fridge_768200f892/14.jpg""]",14,2025-12-08 05:28:09.202085
fridge_470c12a7fc,https://www.olx.in/item/fridges-c1617-lg-fridge-200-litre-in-katwall-katsarbagh-lucknow-iid-1828635353,Lg fridge 200 litre,Lg fridge in good condition Bottle wala side wala gayab hai Baki new condition me hai - Fridges,8200,"[""/content/drive/MyDrive/olx_fridges_dataset/images/fridge_470c12a7fc/1.jpg"", ""/content/drive/MyDrive/olx_fridges_dataset/images/fridge_470c12a7fc/2.jpg"", ""/content/drive/MyDrive/olx_fridges_dataset/images/fridge_470c12a7fc/3.jpg"", ""/content/drive/MyDrive/olx_fridges_dataset/images/fridge_470c12a7fc/4.jpg"", ""/content/drive/MyDrive/olx_fridges_dataset/images/fridge_470c12a7fc/5.jpg"", ""/content/drive/MyDrive/olx_fridges_dataset/images/fridge_470c12a7fc/6.jpg"", ""/content/drive/MyDrive/olx_fridges_dataset/images/fridge_470c12a7fc/7.jpg"", ""/content/drive/MyDrive/olx_fridges_dataset/images/fridge_470c12a7fc/8.jpg"", ""/content/drive/MyDrive/olx_fridges_dataset/images/fridge_470c12a7fc/9.jpg"", ""/content/drive/MyDrive/olx_fridges_dataset/images/fridge_470c12a7fc/10.jpg"", ""/content/drive/MyDrive/olx_fridges_dataset/images/fridge_470c12a7fc/11.jpg"", ""/content/drive/MyDrive/olx_fridges_dataset/images/fridge_470c12a7fc/12.jpg"", ""/content/drive/MyDrive/olx_fridges_dataset/images/fridge_470c12a7fc/13.jpg"", ""/content/drive/MyDrive/olx_fridges_dataset/images/fridge_470c12a7fc/14.jpg""]",14,2025-12-08 05:28:21.497212
fridge_0400058a21,https://www.olx.in/item/fridges-c1617-samsung-4-star-fridge-in-bachupally-hyderabad-iid-1828636013,Samsung 4 star fridge,Urgent selling - Fridges,12500,"[""/content/drive/MyDrive/olx_fridges_dataset/images/fridge_0400058a21/1.jpg"", ""/content/drive/MyDrive/olx_fridges_dataset/images/fridge_0400058a21/2.jpg"", ""/content/drive/MyDrive/olx_fridges_dataset/images/fridge_0400058a21/3.jpg"", ""/content/drive/MyDrive/olx_fridges_dataset/images/fridge_0400058a21/4.jpg"", ""/content/drive/MyDrive/olx_fridges_dataset/images/fridge_0400058a21/5.jpg"", ""/content/drive/MyDrive/olx_fridges_dataset/images/fridge_0400058a21/6.jpg"", ""/content/drive/MyDrive/olx_fridges_dataset/images/fridge_0400058a21/7.jpg"", ""/content/drive/MyDrive/olx_fridges_dataset/images/fridge_0400058a21/8.jpg"", ""/content/drive/MyDrive/olx_fridges_dataset/images/fridge_0400058a21/9.jpg"", ""/content/drive/MyDrive/olx_fridges_dataset/images/fridge_0400058a21/10.jpg"", ""/content/drive/MyDrive/olx_fridges_dataset/images/fridge_0400058a21/11.jpg"", ""/content/drive/MyDrive/olx_fridges_dataset/images/fridge_0400058a21/12.jpg"", ""/content/drive/MyDrive/olx_fridges_dataset/images/fridge_0400058a21/13.jpg"", ""/content/drive/MyDrive/olx_fridges_dataset/images/fridge_0400058a21/14.jpg""]",14,2025-12-08 05:28:30.419787
fridge_5f36320953,https://www.olx.in/item/fridges-c1617-gas-gyser-v-gaurd-orignal-in-panditkhera-lucknow-iid-1828636355,Gas Gyser V Gaurd orignal,Only 1 year old new condition - Fridges,3500,"[""/content/drive/MyDrive/olx_fridges_dataset/images/fridge_5f36320953/1.jpg"", ""/content/drive/MyDrive/olx_fridges_dataset/images/fridge_5f36320953/2.jpg"", ""/content/drive/MyDrive/olx_fridges_dataset/images/fridge_5f36320953/3.jpg"", ""/content/drive/MyDrive/olx_fridges_dataset/images/fridge_5f36320953/4.jpg"", ""/content/drive/MyDrive/olx_fridges_dataset/images/fridge_5f36320953/5.jpg"", ""/content/drive/MyDrive/olx_fridges_dataset/images/fridge_5f36320953/6.jpg"", ""/content/drive/MyDrive/olx_fridges_dataset/images/fridge_5f36320953/7.jpg"", ""/content/drive/MyDrive/olx_fridges_dataset/images/fridge_5f36320953/8.jpg"", ""/content/drive/MyDrive/olx_fridges_dataset/images/fridge_5f36320953/9.jpg"", ""/content/drive/MyDrive/olx_fridges_dataset/images/fridge_5f36320953/10.jpg"", ""/content/drive/MyDrive/olx_fridges_dataset/images/fridge_5f36320953/11.jpg"", ""/content/drive/MyDrive/olx_fridges_dataset/images/fridge_5f36320953/12.jpg"", ""/content/drive/MyDrive/olx_fridges_dataset/images/fridge_5f36320953/13.jpg"", ""/content/drive/MyDrive/olx_fridges_dataset/images/fridge_5f36320953/14.jpg""]",14,2025-12-08 05:28:40.274440
fridge_128e1f283c,https://www.olx.in/item/fridges-c1617-cooling-counter-warmer-and-deep-freezer-available-for-sale-in-kovilambakkam-kovilambakkam-chennai-iid-1828326901,"Cooling counter, Warmer and Deep freezer Available  for sale","1) cold display counter (42 x 26 x 54), 1-year old, brand new condition, purchased price is 70,000 (bill available) -Selling price is 40,000 2) Hot display counter (36 x 26 x 54), 1-year old, brand new condition, purchased price is 33,500 (bill availbale) -Selling price is 20,000 3) Rockwell deep freezer-220 Litres, 1 year old, brand new condition, purchased price is 28,000 (Bill available) -Selling price is 15,000 Total price is 75,000 Location Kovilambakkam, Radial Road offer price 60,000 - Fridges",60000,"[""/content/drive/MyDrive/olx_fridges_dataset/images/fridge_128e1f283c/1.jpg"", ""/content/drive/MyDrive/olx_fridges_dataset/images/fridge_128e1f283c/2.jpg"", ""/content/drive/MyDrive/olx_fridges_dataset/images/fridge_128e1f283c/3.jpg"", ""/content/drive/MyDrive/olx_fridges_dataset/images/fridge_128e1f283c/4.jpg"", ""/content/drive/MyDrive/olx_fridges_dataset/images/fridge_128e1f283c/5.jpg"", ""/content/drive/MyDrive/olx_fridges_dataset/images/fridge_128e1f283c/6.jpg"", ""/content/drive/MyDrive/olx_fridges_dataset/images/fridge_128e1f283c/7.jpg"", ""/content/drive/MyDrive/olx_fridges_dataset/images/fridge_128e1f283c/8.jpg"", ""/content/drive/MyDrive/olx_fridges_dataset/images/fridge_128e1f283c/9.jpg"", ""/content/drive/MyDrive/olx_fridges_dataset/images/fridge_128e1f283c/10.jpg"", ""/content/drive/MyDrive/olx_fridges_dataset/images/fridge_128e1f283c/11.jpg"", ""/content/drive/MyDrive/olx_fridges_dataset/images/fridge_128e1f283c/12.jpg"", ""/content/drive/MyDrive/olx_fridges_dataset/images/fridge_128e1f283c/13.jpg"", ""/content/drive/MyDrive/olx_fridges_dataset/images/fridge_128e1f283c/14.jpg""]",14,2025-12-08 05:28:48.329041
fridge_144bb108c2,https://www.olx.in/item/fridges-c1617-fully-functional-double-door-samsung-covertable-321-liters-fridge-in-chanda-nagar-hyderabad-iid-1827897903,Fully functional double door samsung covertable 321 liters fridge,Fully functional double door samsung covertable 321 liters fridge - Fridges,20000,"[""/content/drive/MyDrive/olx_fridges_dataset/images/fridge_144bb108c2/1.jpg"", ""/content/drive/MyDrive/olx_fridges_dataset/images/fridge_144bb108c2/2.jpg"", ""/content/drive/MyDrive/olx_fridges_dataset/images/fridge_144bb108c2/3.jpg"", ""/content/drive/MyDrive/olx_fridges_dataset/images/fridge_144bb108c2/4.jpg"", ""/content/drive/MyDrive/olx_fridges_dataset/images/fridge_144bb108c2/5.jpg"", ""/content/drive/MyDrive/olx_fridges_dataset/images/fridge_144bb108c2/6.jpg"", ""/content/drive/MyDrive/olx_fridges_dataset/images/fridge_144bb108c2/7.jpg"", ""/content/drive/MyDrive/olx_fridges_dataset/images/fridge_144bb108c2/8.jpg"", ""/content/drive/MyDrive/olx_fridges_dataset/images/fridge_144bb108c2/9.jpg"", ""/content/drive/MyDrive/olx_fridges_dataset/images/fridge_144bb108c2/10.jpg"", ""/content/drive/MyDrive/olx_fridges_dataset/images/fridge_144bb108c2/11.jpg"", ""/content/drive/MyDrive/olx_fridges_dataset/images/fridge_144bb108c2/12.jpg"", ""/content/drive/MyDrive/olx_fridges_dataset/images/fridge_144bb108c2/13.jpg"", ""/content/drive/MyDrive/olx_fridges_dataset/images/fridge_144bb108c2/14.jpg""]",14,2025-12-08 05:28:57.064673
fridge_c0ec6e372f,https://www.olx.in/item/fridges-c1617-small-fridge-in-industrial-area-phase-3-mohali-iid-1828636289,Small fridge,"Want to sell the fridge, good working condition, recently serviced well - Fridges",3500,"[""/content/drive/MyDrive/olx_fridges_dataset/images/fridge_c0ec6e372f/1.jpg"", ""/content/drive/MyDrive/olx_fridges_dataset/images/fridge_c0ec6e372f/2.jpg"", ""/content/drive/MyDrive/olx_fridges_dataset/images/fridge_c0ec6e372f/3.jpg"", ""/content/drive/MyDrive/olx_fridges_dataset/images/fridge_c0ec6e372f/4.jpg"", ""/content/drive/MyDrive/olx_fridges_dataset/images/fridge_c0ec6e372f/5.jpg"", ""/content/drive/MyDrive/olx_fridges_dataset/images/fridge_c0ec6e372f/6.jpg"", ""/content/drive/MyDrive/olx_fridges_dataset/images/fridge_c0ec6e372f/7.jpg"", ""/content/drive/MyDrive/olx_fridges_dataset/images/fridge_c0ec6e372f/8.jpg"", ""/content/drive/MyDrive/olx_fridges_dataset/images/fridge_c0ec6e372f/9.jpg"", ""/content/drive/MyDrive/olx_fridges_dataset/images/fridge_c0ec6e372f/10.jpg"", ""/content/drive/MyDrive/olx_fridges_dataset/images/fridge_c0ec6e372f/11.jpg"", ""/content/drive/MyDrive/olx_fridges_dataset/images/fridge_c0ec6e372f/12.jpg"", ""/content/drive/MyDrive/olx_fridges_dataset/images/fridge_c0ec6e372f/13.jpg"", ""/content/drive/MyDrive/olx_fridges_dataset/images/fridge_c0ec6e372f/14.jpg""]",14,2025-12-08 05:29:05.669073
fridge_dc285b1c5b,https://www.olx.in/item/fridges-c1617-sumsung-400-ltr-in-khushhalpur-raipur-iid-1828636720,Sumsung 400 Ltr,Running good - Fridges,12000,"[""/content/drive/MyDrive/olx_fridges_dataset/images/fridge_dc285b1c5b/1.jpg"", ""/content/drive/MyDrive/olx_fridges_dataset/images/fridge_dc285b1c5b/2.jpg"", ""/content/drive/MyDrive/olx_fridges_dataset/images/fridge_dc285b1c5b/3.jpg"", ""/content/drive/MyDrive/olx_fridges_dataset/images/fridge_dc285b1c5b/4.jpg"", ""/content/drive/MyDrive/olx_fridges_dataset/images/fridge_dc285b1c5b/5.jpg"", ""/content/drive/MyDrive/olx_fridges_dataset/images/fridge_dc285b1c5b/6.jpg"", ""/content/drive/MyDrive/olx_fridges_dataset/images/fridge_dc285b1c5b/7.jpg"", ""/content/drive/MyDrive/olx_fridges_dataset/images/fridge_dc285b1c5b/8.jpg"", ""/content/drive/MyDrive/olx_fridges_dataset/images/fridge_dc285b1c5b/9.jpg"", ""/content/drive/MyDrive/olx_fridges_dataset/images/fridge_dc285b1c5b/10.jpg"", ""/content/drive/MyDrive/olx_fridges_dataset/images/fridge_dc285b1c5b/11.jpg"", ""/content/drive/MyDrive/olx_fridges_dataset/images/fridge_dc285b1c5b/12.jpg"", ""/content/drive/MyDrive/olx_fridges_dataset/images/fridge_dc285b1c5b/13.jpg"", ""/content/drive/MyDrive/olx_fridges_dataset/images/fridge_dc285b1c5b/14.jpg""]",14,2025-12-08 05:29:13.895833
fridge_c16eb430af,https://www.olx.in/item/fridges-c1617-portable-handy-washing-machine-in-pallikaranai-narayanapuram-chennai-iid-1826346273,Portable Handy Washing Machine,"Heavy Copper motor Handy Washing Machine Portable Handy Bucket Washing Machine used for washing clothes with Bucket or tub fill with water -Daily uniform wash -Mask Wash -socks and Hanky wash -After bath Undergarments wash -Table Cover -Kitchen Cleaning Clothes -School uniform -Baby Clothes Make your Clothes Hygiene and Virus free - Protect Your family LIVE LIFE LONGER It is very useful for people who Travels, Bachelors, Hostel peoples and for a single person to get away with their washing needs. Our portable washing machine is well known electronic gadget can be used anywhere in any size of bucket portable, economical and user friendly. This uniquely designed Product is made of very fine quality material and comes in various ranges & varieties, hence fulfills the need of all. - Fridges",1200,"[""/content/drive/MyDrive/olx_fridges_dataset/images/fridge_c16eb430af/1.jpg"", ""/content/drive/MyDrive/olx_fridges_dataset/images/fridge_c16eb430af/2.jpg"", ""/content/drive/MyDrive/olx_fridges_dataset/images/fridge_c16eb430af/3.jpg"", ""/content/drive/MyDrive/olx_fridges_dataset/images/fridge_c16eb430af/4.jpg"", ""/content/drive/MyDrive/olx_fridges_dataset/images/fridge_c16eb430af/5.jpg"", ""/content/drive/MyDrive/olx_fridges_dataset/images/fridge_c16eb430af/6.jpg"", ""/content/drive/MyDrive/olx_fridges_dataset/images/fridge_c16eb430af/7.jpg"", ""/content/drive/MyDrive/olx_fridges_dataset/images/fridge_c16eb430af/8.jpg"", ""/content/drive/MyDrive/olx_fridges_dataset/images/fridge_c16eb430af/9.jpg"", ""/content/drive/MyDrive/olx_fridges_dataset/images/fridge_c16eb430af/10.jpg"", ""/content/drive/MyDrive/olx_fridges_dataset/images/fridge_c16eb430af/11.jpg"", ""/content/drive/MyDrive/olx_fridges_dataset/images/fridge_c16eb430af/12.jpg"", ""/content/drive/MyDrive/olx_fridges_dataset/images/fridge_c16eb430af/13.jpg"", ""/content/drive/MyDrive/olx_fridges_dataset/images/fridge_c16eb430af/14.jpg""]",14,2025-12-08 05:29:21.324143
fridge_b64e3e2a70,https://www.olx.in/item/fridges-c1617-lg-refrigerator-in-indirapuram-ahinsa-khand-2-ghaziabad-iid-1823639039,LG Refrigerator,LG Refrigerator in excellent condition - Fridges,18000,"[""/content/drive/MyDrive/olx_fridges_dataset/images/fridge_b64e3e2a70/1.jpg"", ""/content/drive/MyDrive/olx_fridges_dataset/images/fridge_b64e3e2a70/2.jpg"", ""/content/drive/MyDrive/olx_fridges_dataset/images/fridge_b64e3e2a70/3.jpg"", ""/content/drive/MyDrive/olx_fridges_dataset/images/fridge_b64e3e2a70/4.jpg"", ""/content/drive/MyDrive/olx_fridges_dataset/images/fridge_b64e3e2a70/5.jpg"", ""/content/drive/MyDrive/olx_fridges_dataset/images/fridge_b64e3e2a70/6.jpg"", ""/content/drive/MyDrive/olx_fridges_dataset/images/fridge_b64e3e2a70/7.jpg"", ""/content/drive/MyDrive/olx_fridges_dataset/images/fridge_b64e3e2a70/8.jpg"", ""/content/drive/MyDrive/olx_fridges_dataset/images/fridge_b64e3e2a70/9.jpg"", ""/content/drive/MyDrive/olx_fridges_dataset/images/fridge_b64e3e2a70/10.jpg"", ""/content/drive/MyDrive/olx_fridges_dataset/images/fridge_b64e3e2a70/11.jpg"", ""/content/drive/MyDrive/olx_fridges_dataset/images/fridge_b64e3e2a70/12.jpg"", ""/content/drive/MyDrive/olx_fridges_dataset/images/fridge_b64e3e2a70/13.jpg"", ""/content/drive/MyDrive/olx_fridges_dataset/images/fridge_b64e3e2a70/14.jpg""]",14,2025-12-08 05:29:32.459739
fridge_3dd6963b7d,https://www.olx.in/item/fridges-c1617-nice-fridge-in-raysan-ahmedabad-iid-1828637050,Nice fridge,Nice fridge & water heater - Fridges,8000,"[""/content/drive/MyDrive/olx_fridges_dataset/images/fridge_3dd6963b7d/1.jpg"", ""/content/drive/MyDrive/olx_fridges_dataset/images/fridge_3dd6963b7d/2.jpg"", ""/content/drive/MyDrive/olx_fridges_dataset/images/fridge_3dd6963b7d/3.jpg"", ""/content/drive/MyDrive/olx_fridges_dataset/images/fridge_3dd6963b7d/4.jpg"", ""/content/drive/MyDrive/olx_fridges_dataset/images/fridge_3dd6963b7d/5.jpg"", ""/content/drive/MyDrive/olx_fridges_dataset/images/fridge_3dd6963b7d/6.jpg"", ""/content/drive/MyDrive/olx_fridges_dataset/images/fridge_3dd6963b7d/7.jpg"", ""/content/drive/MyDrive/olx_fridges_dataset/images/fridge_3dd6963b7d/8.jpg"", ""/content/drive/MyDrive/olx_fridges_dataset/images/fridge_3dd6963b7d/9.jpg"", ""/content/drive/MyDrive/olx_fridges_dataset/images/fridge_3dd6963b7d/10.jpg"", ""/content/drive/MyDrive/olx_fridges_dataset/images/fridge_3dd6963b7d/11.jpg"", ""/content/drive/MyDrive/olx_fridges_dataset/images/fridge_3dd6963b7d/12.jpg"", ""/content/drive/MyDrive/olx_fridges_dataset/images/fridge_3dd6963b7d/13.jpg"", ""/content/drive/MyDrive/olx_fridges_dataset/images/fridge_3dd6963b7d/14.jpg""]",14,2025-12-08 05:29:42.106589
fridge_2d7c5dca34,https://www.olx.in/item/fridges-c1617-commercial-refrigeration-good-condition-in-nalasopara-east-mumbai-iid-1828358989,Commercial Refrigeration good condition,"अगर आप अपने बिज़नेस के लिए durable और energy-efficient refrigeration ढूंढ रहे हैं, तो हमारे Commercial Refrigeration सिस्टम्स सबसे बेहतर चुनाव हैं. - Fridges",10500,"[""/content/drive/MyDrive/olx_fridges_dataset/images/fridge_2d7c5dca34/1.jpg"", ""/content/drive/MyDrive/olx_fridges_dataset/images/fridge_2d7c5dca34/2.jpg"", ""/content/drive/MyDrive/olx_fridges_dataset/images/fridge_2d7c5dca34/3.jpg"", ""/content/drive/MyDrive/olx_fridges_dataset/images/fridge_2d7c5dca34/4.jpg"", ""/content/drive/MyDrive/olx_fridges_dataset/images/fridge_2d7c5dca34/5.jpg"", ""/content/drive/MyDrive/olx_fridges_dataset/images/fridge_2d7c5dca34/6.jpg"", ""/content/drive/MyDrive/olx_fridges_dataset/images/fridge_2d7c5dca34/7.jpg"", ""/content/drive/MyDrive/olx_fridges_dataset/images/fridge_2d7c5dca34/8.jpg"", ""/content/drive/MyDrive/olx_fridges_dataset/images/fridge_2d7c5dca34/9.jpg"", ""/content/drive/MyDrive/olx_fridges_dataset/images/fridge_2d7c5dca34/10.jpg"", ""/content/drive/MyDrive/olx_fridges_dataset/images/fridge_2d7c5dca34/11.jpg"", ""/content/drive/MyDrive/olx_fridges_dataset/images/fridge_2d7c5dca34/12.jpg"", ""/content/drive/MyDrive/olx_fridges_dataset/images/fridge_2d7c5dca34/13.jpg"", ""/content/drive/MyDrive/olx_fridges_dataset/images/fridge_2d7c5dca34/14.jpg""]",14,2025-12-08 05:29:50.211648
fridge_f955fb0dfa,https://www.olx.in/item/fridges-c1617-samsung-fridge-single-door-in-ottiambakkam-chennai-iid-1828635396,Samsung Fridge Single door,"Good condition, 6 years age, we bought new fridge so selling this one. - Fridges",6000,"[""/content/drive/MyDrive/olx_fridges_dataset/images/fridge_f955fb0dfa/1.jpg"", ""/content/drive/MyDrive/olx_fridges_dataset/images/fridge_f955fb0dfa/2.jpg"", ""/content/drive/MyDrive/olx_fridges_dataset/images/fridge_f955fb0dfa/3.jpg"", ""/content/drive/MyDrive/olx_fridges_dataset/images/fridge_f955fb0dfa/4.jpg"", ""/content/drive/MyDrive/olx_fridges_dataset/images/fridge_f955fb0dfa/5.jpg"", ""/content/drive/MyDrive/olx_fridges_dataset/images/fridge_f955fb0dfa/6.jpg"", ""/content/drive/MyDrive/olx_fridges_dataset/images/fridge_f955fb0dfa/7.jpg"", ""/content/drive/MyDrive/olx_fridges_dataset/images/fridge_f955fb0dfa/8.jpg"", ""/content/drive/MyDrive/olx_fridges_dataset/images/fridge_f955fb0dfa/9.jpg"", ""/content/drive/MyDrive/olx_fridges_dataset/images/fridge_f955fb0dfa/10.jpg"", ""/content/drive/MyDrive/olx_fridges_dataset/images/fridge_f955fb0dfa/11.jpg"", ""/content/drive/MyDrive/olx_fridges_dataset/images/fridge_f955fb0dfa/12.jpg"", ""/content/drive/MyDrive/olx_fridges_dataset/images/fridge_f955fb0dfa/13.jpg"", ""/content/drive/MyDrive/olx_fridges_dataset/images/fridge_f955fb0dfa/14.jpg""]",14,2025-12-08 05:30:02.352065
fridge_04d3ad2e8f,https://www.olx.in/item/fridges-c1617-softy-icecream-machine-pop-corn-and-coffe-machine-in-krishnalanka-vijayawada-iid-1828636904,"Softy icecream machine, pop corn and coffe machine","Softy ice cream machine, pop corn machine and coffee machine for sale in vijayawada. - Fridges",100000,"[""/content/drive/MyDrive/olx_fridges_dataset/images/fridge_04d3ad2e8f/1.jpg"", ""/content/drive/MyDrive/olx_fridges_dataset/images/fridge_04d3ad2e8f/2.jpg"", ""/content/drive/MyDrive/olx_fridges_dataset/images/fridge_04d3ad2e8f/3.jpg"", ""/content/drive/MyDrive/olx_fridges_dataset/images/fridge_04d3ad2e8f/4.jpg"", ""/content/drive/MyDrive/olx_fridges_dataset/images/fridge_04d3ad2e8f/5.jpg"", ""/content/drive/MyDrive/olx_fridges_dataset/images/fridge_04d3ad2e8f/6.jpg"", ""/content/drive/MyDrive/olx_fridges_dataset/images/fridge_04d3ad2e8f/7.jpg"", ""/content/drive/MyDrive/olx_fridges_dataset/images/fridge_04d3ad2e8f/8.jpg"", ""/content/drive/MyDrive/olx_fridges_dataset/images/fridge_04d3ad2e8f/9.jpg"", ""/content/drive/MyDrive/olx_fridges_dataset/images/fridge_04d3ad2e8f/10.jpg"", ""/content/drive/MyDrive/olx_fridges_dataset/images/fridge_04d3ad2e8f/11.jpg"", ""/content/drive/MyDrive/olx_fridges_dataset/images/fridge_04d3ad2e8f/12.jpg"", ""/content/drive/MyDrive/olx_fridges_dataset/images/fridge_04d3ad2e8f/13.jpg"", ""/content/drive/MyDrive/olx_fridges_dataset/images/fridge_04d3ad2e8f/14.jpg""]",14,2025-12-08 05:30:10.773538
fridge_08748ffb46,https://www.olx.in/item/fridges-c1617-western-convertible-deep-freezer-double-door-nwhd325h-343-liters-in-pandari-puram-chilakalurupet-iid-1828636606,Western Convertible Deep Freezer Double Door NWHD325H (343 Liters,HIGH COOLING WITH LOW POWER CONSUMPTION - Fridges,11999,"[""/content/drive/MyDrive/olx_fridges_dataset/images/fridge_08748ffb46/1.jpg"", ""/content/drive/MyDrive/olx_fridges_dataset/images/fridge_08748ffb46/2.jpg"", ""/content/drive/MyDrive/olx_fridges_dataset/images/fridge_08748ffb46/3.jpg"", ""/content/drive/MyDrive/olx_fridges_dataset/images/fridge_08748ffb46/4.jpg"", ""/content/drive/MyDrive/olx_fridges_dataset/images/fridge_08748ffb46/5.jpg"", ""/content/drive/MyDrive/olx_fridges_dataset/images/fridge_08748ffb46/6.jpg"", ""/content/drive/MyDrive/olx_fridges_dataset/images/fridge_08748ffb46/7.jpg"", ""/content/drive/MyDrive/olx_fridges_dataset/images/fridge_08748ffb46/8.jpg"", ""/content/drive/MyDrive/olx_fridges_dataset/images/fridge_08748ffb46/9.jpg"", ""/content/drive/MyDrive/olx_fridges_dataset/images/fridge_08748ffb46/10.jpg"", ""/content/drive/MyDrive/olx_fridges_dataset/images/fridge_08748ffb46/11.jpg"", ""/content/drive/MyDrive/olx_fridges_dataset/images/fridge_08748ffb46/12.jpg"", ""/content/drive/MyDrive/olx_fridges_dataset/images/fridge_08748ffb46/13.jpg"", ""/content/drive/MyDrive/olx_fridges_dataset/images/fridge_08748ffb46/14.jpg""]",14,2025-12-08 05:30:18.440076
fridge_c4d55c447e,https://www.olx.in/item/fridges-c1617-3kv-generator-self-start-sell-in-kapileshwar-bhubaneshwar-iid-1828636291,3kv generator self start sell,Good condition urgent sell money problem - Fridges,23500,"[""/content/drive/MyDrive/olx_fridges_dataset/images/fridge_c4d55c447e/1.jpg"", ""/content/drive/MyDrive/olx_fridges_dataset/images/fridge_c4d55c447e/2.jpg"", ""/content/drive/MyDrive/olx_fridges_dataset/images/fridge_c4d55c447e/3.jpg"", ""/content/drive/MyDrive/olx_fridges_dataset/images/fridge_c4d55c447e/4.jpg"", ""/content/drive/MyDrive/olx_fridges_dataset/images/fridge_c4d55c447e/5.jpg"", ""/content/drive/MyDrive/olx_fridges_dataset/images/fridge_c4d55c447e/6.jpg"", ""/content/drive/MyDrive/olx_fridges_dataset/images/fridge_c4d55c447e/7.jpg"", ""/content/drive/MyDrive/olx_fridges_dataset/images/fridge_c4d55c447e/8.jpg"", ""/content/drive/MyDrive/olx_fridges_dataset/images/fridge_c4d55c447e/9.jpg"", ""/content/drive/MyDrive/olx_fridges_dataset/images/fridge_c4d55c447e/10.jpg"", ""/content/drive/MyDrive/olx_fridges_dataset/images/fridge_c4d55c447e/11.jpg"", ""/content/drive/MyDrive/olx_fridges_dataset/images/fridge_c4d55c447e/12.jpg"", ""/content/drive/MyDrive/olx_fridges_dataset/images/fridge_c4d55c447e/13.jpg"", ""/content/drive/MyDrive/olx_fridges_dataset/images/fridge_c4d55c447e/14.jpg""]",14,2025-12-08 05:30:27.805559
fridge_456c9a1f7b,https://www.olx.in/item/fridges-c1617-tata-double-door-freezer-in-daanavaipeta-rajahmundry-iid-1828394042,Tata double door freezer,Tata double door freezer - Fridges,30000,"[""/content/drive/MyDrive/olx_fridges_dataset/images/fridge_456c9a1f7b/1.jpg"", ""/content/drive/MyDrive/olx_fridges_dataset/images/fridge_456c9a1f7b/2.jpg"", ""/content/drive/MyDrive/olx_fridges_dataset/images/fridge_456c9a1f7b/3.jpg"", ""/content/drive/MyDrive/olx_fridges_dataset/images/fridge_456c9a1f7b/4.jpg"", ""/content/drive/MyDrive/olx_fridges_dataset/images/fridge_456c9a1f7b/5.jpg"", ""/content/drive/MyDrive/olx_fridges_dataset/images/fridge_456c9a1f7b/6.jpg"", ""/content/drive/MyDrive/olx_fridges_dataset/images/fridge_456c9a1f7b/7.jpg"", ""/content/drive/MyDrive/olx_fridges_dataset/images/fridge_456c9a1f7b/8.jpg"", ""/content/drive/MyDrive/olx_fridges_dataset/images/fridge_456c9a1f7b/9.jpg"", ""/content/drive/MyDrive/olx_fridges_dataset/images/fridge_456c9a1f7b/10.jpg"", ""/content/drive/MyDrive/olx_fridges_dataset/images/fridge_456c9a1f7b/11.jpg"", ""/content/drive/MyDrive/olx_fridges_dataset/images/fridge_456c9a1f7b/12.jpg"", ""/content/drive/MyDrive/olx_fridges_dataset/images/fridge_456c9a1f7b/13.jpg"", ""/content/drive/MyDrive/olx_fridges_dataset/images/fridge_456c9a1f7b/14.jpg""]",14,2025-12-08 05:30:46.273447
fridge_6ba9bf4b1a,https://www.olx.in/item/fridges-c1617-visicooler-380-ltrs-western-in-karakambadi-rural-tirupati-iid-1828637080,Visicooler 380 ltrs western,5 months old new western fridge 380 ltrs - Fridges,28000,"[""/content/drive/MyDrive/olx_fridges_dataset/images/fridge_6ba9bf4b1a/1.jpg"", ""/content/drive/MyDrive/olx_fridges_dataset/images/fridge_6ba9bf4b1a/2.jpg"", ""/content/drive/MyDrive/olx_fridges_dataset/images/fridge_6ba9bf4b1a/3.jpg"", ""/content/drive/MyDrive/olx_fridges_dataset/images/fridge_6ba9bf4b1a/4.jpg"", ""/content/drive/MyDrive/olx_fridges_dataset/images/fridge_6ba9bf4b1a/5.jpg"", ""/content/drive/MyDrive/olx_fridges_dataset/images/fridge_6ba9bf4b1a/6.jpg"", ""/content/drive/MyDrive/olx_fridges_dataset/images/fridge_6ba9bf4b1a/7.jpg"", ""/content/drive/MyDrive/olx_fridges_dataset/images/fridge_6ba9bf4b1a/8.jpg"", ""/content/drive/MyDrive/olx_fridges_dataset/images/fridge_6ba9bf4b1a/9.jpg"", ""/content/drive/MyDrive/olx_fridges_dataset/images/fridge_6ba9bf4b1a/10.jpg"", ""/content/drive/MyDrive/olx_fridges_dataset/images/fridge_6ba9bf4b1a/11.jpg"", ""/content/drive/MyDrive/olx_fridges_dataset/images/fridge_6ba9bf4b1a/12.jpg"", ""/content/drive/MyDrive/olx_fridges_dataset/images/fridge_6ba9bf4b1a/13.jpg"", ""/content/drive/MyDrive/olx_fridges_dataset/images/fridge_6ba9bf4b1a/14.jpg""]",14,2025-12-08 05:30:56.758912
fridge_d24c1b4adb,https://www.olx.in/item/fridges-c1617-whirpool-freez-single-door-280-litre3-star2-year-old-freez-in-mohan-garden-delhi-iid-1818230766,"Whirpool freez single door 280 Litre,3 Star,2 Year Old Freez","Whirpool freez 280 Litre Single Door With Bill,2 Year Old Freez,15000/- Rate Sa Kam Nahe Donga 15000,Price My Last Rate - Fridges",20000,"[""/content/drive/MyDrive/olx_fridges_dataset/images/fridge_d24c1b4adb/1.jpg"", ""/content/drive/MyDrive/olx_fridges_dataset/images/fridge_d24c1b4adb/2.jpg"", ""/content/drive/MyDrive/olx_fridges_dataset/images/fridge_d24c1b4adb/3.jpg"", ""/content/drive/MyDrive/olx_fridges_dataset/images/fridge_d24c1b4adb/4.jpg"", ""/content/drive/MyDrive/olx_fridges_dataset/images/fridge_d24c1b4adb/5.jpg"", ""/content/drive/MyDrive/olx_fridges_dataset/images/fridge_d24c1b4adb/6.jpg"", ""/content/drive/MyDrive/olx_fridges_dataset/images/fridge_d24c1b4adb/7.jpg"", ""/content/drive/MyDrive/olx_fridges_dataset/images/fridge_d24c1b4adb/8.jpg"", ""/content/drive/MyDrive/olx_fridges_dataset/images/fridge_d24c1b4adb/9.jpg"", ""/content/drive/MyDrive/olx_fridges_dataset/images/fridge_d24c1b4adb/10.jpg"", ""/content/drive/MyDrive/olx_fridges_dataset/images/fridge_d24c1b4adb/11.jpg"", ""/content/drive/MyDrive/olx_fridges_dataset/images/fridge_d24c1b4adb/12.jpg"", ""/content/drive/MyDrive/olx_fridges_dataset/images/fridge_d24c1b4adb/13.jpg"", ""/content/drive/MyDrive/olx_fridges_dataset/images/fridge_d24c1b4adb/14.jpg""]",14,2025-12-08 05:31:06.802944
fridge_74f714c4fb,https://www.olx.in/item/fridges-c1617-electronic-discount-city-new-fridgewashing-machinebranded-led-tv-in-behat-road-saharanpur-iid-1784707281,"ELECTRONIC DISCOUNT  CITY  NEW FRIDGE,WASHING MACHINE,BRANDED LED TV","WE HAVE ALL SIZE FRIDGE AND DEEP FRIDGE IN BRAND NEW CONDITION MINOR DENT SCRATCH ONLY FRESH NOT USE GODREJ,, HAIER , whirlpool, samsung- Branded original led tv SAMSUNG-,, HAIER,, SONY BRAVIA AT HUGE DISCOUNT ALL SIZE 32--85 BRAND NEW SEMI WASHING MACHINE HAVELLS,, WHIRLPOOL AVAILABLE BRANDED LED TV ALL SIZE BRAND NEW AVAILABLE FROM BEST DISCOUNT FROM ONLINE RATES MAIN WAREHOUSE IS AT BEHAT ROAD RANA ELECTRONICS NEAR DELLMOND SCHOOL , SAHARANPUR OUR BRANCH IS IN DEHRADUN ALSO NEAR ISBT MO NUMBER IS IN CALL BUTTON ALL SIZE BRANDED LED TV,, OVEN,, AC ALSO AVAILABLE - Fridges",10000,"[""/content/drive/MyDrive/olx_fridges_dataset/images/fridge_74f714c4fb/1.jpg"", ""/content/drive/MyDrive/olx_fridges_dataset/images/fridge_74f714c4fb/2.jpg"", ""/content/drive/MyDrive/olx_fridges_dataset/images/fridge_74f714c4fb/3.jpg"", ""/content/drive/MyDrive/olx_fridges_dataset/images/fridge_74f714c4fb/4.jpg"", ""/content/drive/MyDrive/olx_fridges_dataset/images/fridge_74f714c4fb/5.jpg"", ""/content/drive/MyDrive/olx_fridges_dataset/images/fridge_74f714c4fb/6.jpg"", ""/content/drive/MyDrive/olx_fridges_dataset/images/fridge_74f714c4fb/7.jpg"", ""/content/drive/MyDrive/olx_fridges_dataset/images/fridge_74f714c4fb/8.jpg"", ""/content/drive/MyDrive/olx_fridges_dataset/images/fridge_74f714c4fb/9.jpg"", ""/content/drive/MyDrive/olx_fridges_dataset/images/fridge_74f714c4fb/10.jpg"", ""/content/drive/MyDrive/olx_fridges_dataset/images/fridge_74f714c4fb/11.jpg"", ""/content/drive/MyDrive/olx_fridges_dataset/images/fridge_74f714c4fb/12.jpg"", ""/content/drive/MyDrive/olx_fridges_dataset/images/fridge_74f714c4fb/13.jpg"", ""/content/drive/MyDrive/olx_fridges_dataset/images/fridge_74f714c4fb/14.jpg""]",14,2025-12-08 05:31:17.874746
fridge_2689b2ce57,https://www.olx.in/item/fridges-c1617-deep-fridge-in-barota-gohana-iid-1828636399,Deep fridge,Deep fridge for Shop Voltas Single door Excellent cooling - Fridges,13500,"[""/content/drive/MyDrive/olx_fridges_dataset/images/fridge_2689b2ce57/1.jpg"", ""/content/drive/MyDrive/olx_fridges_dataset/images/fridge_2689b2ce57/2.jpg"", ""/content/drive/MyDrive/olx_fridges_dataset/images/fridge_2689b2ce57/3.jpg"", ""/content/drive/MyDrive/olx_fridges_dataset/images/fridge_2689b2ce57/4.jpg"", ""/content/drive/MyDrive/olx_fridges_dataset/images/fridge_2689b2ce57/5.jpg"", ""/content/drive/MyDrive/olx_fridges_dataset/images/fridge_2689b2ce57/6.jpg"", ""/content/drive/MyDrive/olx_fridges_dataset/images/fridge_2689b2ce57/7.jpg"", ""/content/drive/MyDrive/olx_fridges_dataset/images/fridge_2689b2ce57/8.jpg"", ""/content/drive/MyDrive/olx_fridges_dataset/images/fridge_2689b2ce57/9.jpg"", ""/content/drive/MyDrive/olx_fridges_dataset/images/fridge_2689b2ce57/10.jpg"", ""/content/drive/MyDrive/olx_fridges_dataset/images/fridge_2689b2ce57/11.jpg"", ""/content/drive/MyDrive/olx_fridges_dataset/images/fridge_2689b2ce57/12.jpg"", ""/content/drive/MyDrive/olx_fridges_dataset/images/fridge_2689b2ce57/13.jpg"", ""/content/drive/MyDrive/olx_fridges_dataset/images/fridge_2689b2ce57/14.jpg""]",14,2025-12-08 05:31:28.146279
fridge_a376bb17f7,https://www.olx.in/item/fridges-c1617-haier-single-door-190lt-fridge-sell-working-condition-in-tagore-park-kolkata-iid-1828636902,Haier single door 190lt fridge sell working condition,I want to sell my working condition fridge Age - 12 years Condition - good working 5 star single door Capacity - 190 lt Model - 2013 - Fridges,3000,"[""/content/drive/MyDrive/olx_fridges_dataset/images/fridge_a376bb17f7/1.jpg"", ""/content/drive/MyDrive/olx_fridges_dataset/images/fridge_a376bb17f7/2.jpg"", ""/content/drive/MyDrive/olx_fridges_dataset/images/fridge_a376bb17f7/3.jpg"", ""/content/drive/MyDrive/olx_fridges_dataset/images/fridge_a376bb17f7/4.jpg"", ""/content/drive/MyDrive/olx_fridges_dataset/images/fridge_a376bb17f7/5.jpg"", ""/content/drive/MyDrive/olx_fridges_dataset/images/fridge_a376bb17f7/6.jpg"", ""/content/drive/MyDrive/olx_fridges_dataset/images/fridge_a376bb17f7/7.jpg"", ""/content/drive/MyDrive/olx_fridges_dataset/images/fridge_a376bb17f7/8.jpg"", ""/content/drive/MyDrive/olx_fridges_dataset/images/fridge_a376bb17f7/9.jpg"", ""/content/drive/MyDrive/olx_fridges_dataset/images/fridge_a376bb17f7/10.jpg"", ""/content/drive/MyDrive/olx_fridges_dataset/images/fridge_a376bb17f7/11.jpg"", ""/content/drive/MyDrive/olx_fridges_dataset/images/fridge_a376bb17f7/12.jpg"", ""/content/drive/MyDrive/olx_fridges_dataset/images/fridge_a376bb17f7/13.jpg"", ""/content/drive/MyDrive/olx_fridges_dataset/images/fridge_a376bb17f7/14.jpg""]",14,2025-12-08 05:31:38.586860
fridge_cecc926ba9,https://www.olx.in/item/fridges-c1617-whirlpool-fridge-in-nangal-shama-jalandhar-iid-1828636745,Whirlpool fridge,Working conditions - Fridges,2500,"[""/content/drive/MyDrive/olx_fridges_dataset/images/fridge_cecc926ba9/1.jpg"", ""/content/drive/MyDrive/olx_fridges_dataset/images/fridge_cecc926ba9/2.jpg"", ""/content/drive/MyDrive/olx_fridges_dataset/images/fridge_cecc926ba9/3.jpg"", ""/content/drive/MyDrive/olx_fridges_dataset/images/fridge_cecc926ba9/4.jpg"", ""/content/drive/MyDrive/olx_fridges_dataset/images/fridge_cecc926ba9/5.jpg"", ""/content/drive/MyDrive/olx_fridges_dataset/images/fridge_cecc926ba9/6.jpg"", ""/content/drive/MyDrive/olx_fridges_dataset/images/fridge_cecc926ba9/7.jpg"", ""/content/drive/MyDrive/olx_fridges_dataset/images/fridge_cecc926ba9/8.jpg"", ""/content/drive/MyDrive/olx_fridges_dataset/images/fridge_cecc926ba9/9.jpg"", ""/content/drive/MyDrive/olx_fridges_dataset/images/fridge_cecc926ba9/10.jpg"", ""/content/drive/MyDrive/olx_fridges_dataset/images/fridge_cecc926ba9/11.jpg"", ""/content/drive/MyDrive/olx_fridges_dataset/images/fridge_cecc926ba9/12.jpg"", ""/content/drive/MyDrive/olx_fridges_dataset/images/fridge_cecc926ba9/13.jpg"", ""/content/drive/MyDrive/olx_fridges_dataset/images/fridge_cecc926ba9/14.jpg""]",14,2025-12-08 05:31:53.314991
fridge_211b639d13,https://www.olx.in/item/fridges-c1617-samsung-315-liters-5-star-rating-fridge-in-sector-14-faridabad-iid-1828634278,Samsung 315 liters 5 star rating fridge,working and in a good condition - Fridges,6000,"[""/content/drive/MyDrive/olx_fridges_dataset/images/fridge_211b639d13/1.jpg"", ""/content/drive/MyDrive/olx_fridges_dataset/images/fridge_211b639d13/2.jpg"", ""/content/drive/MyDrive/olx_fridges_dataset/images/fridge_211b639d13/3.jpg"", ""/content/drive/MyDrive/olx_fridges_dataset/images/fridge_211b639d13/4.jpg"", ""/content/drive/MyDrive/olx_fridges_dataset/images/fridge_211b639d13/5.jpg"", ""/content/drive/MyDrive/olx_fridges_dataset/images/fridge_211b639d13/6.jpg"", ""/content/drive/MyDrive/olx_fridges_dataset/images/fridge_211b639d13/7.jpg"", ""/content/drive/MyDrive/olx_fridges_dataset/images/fridge_211b639d13/8.jpg"", ""/content/drive/MyDrive/olx_fridges_dataset/images/fridge_211b639d13/9.jpg"", ""/content/drive/MyDrive/olx_fridges_dataset/images/fridge_211b639d13/10.jpg"", ""/content/drive/MyDrive/olx_fridges_dataset/images/fridge_211b639d13/11.jpg"", ""/content/drive/MyDrive/olx_fridges_dataset/images/fridge_211b639d13/12.jpg"", ""/content/drive/MyDrive/olx_fridges_dataset/images/fridge_211b639d13/13.jpg"", ""/content/drive/MyDrive/olx_fridges_dataset/images/fridge_211b639d13/14.jpg""]",14,2025-12-08 05:32:02.033689
fridge_c047e29a0e,https://www.olx.in/item/fridges-c1617-i-want-to-sale-my-haier-155-litres-fridge-best-condition-in-moinabad-hyderabad-iid-1828635229,I want to sale my haier 155 litres fridge best condition,Fridge moinabad 7k - Fridges,7000,"[""/content/drive/MyDrive/olx_fridges_dataset/images/fridge_c047e29a0e/1.jpg"", ""/content/drive/MyDrive/olx_fridges_dataset/images/fridge_c047e29a0e/2.jpg"", ""/content/drive/MyDrive/olx_fridges_dataset/images/fridge_c047e29a0e/3.jpg"", ""/content/drive/MyDrive/olx_fridges_dataset/images/fridge_c047e29a0e/4.jpg"", ""/content/drive/MyDrive/olx_fridges_dataset/images/fridge_c047e29a0e/5.jpg"", ""/content/drive/MyDrive/olx_fridges_dataset/images/fridge_c047e29a0e/6.jpg"", ""/content/drive/MyDrive/olx_fridges_dataset/images/fridge_c047e29a0e/7.jpg"", ""/content/drive/MyDrive/olx_fridges_dataset/images/fridge_c047e29a0e/8.jpg"", ""/content/drive/MyDrive/olx_fridges_dataset/images/fridge_c047e29a0e/9.jpg"", ""/content/drive/MyDrive/olx_fridges_dataset/images/fridge_c047e29a0e/10.jpg"", ""/content/drive/MyDrive/olx_fridges_dataset/images/fridge_c047e29a0e/11.jpg"", ""/content/drive/MyDrive/olx_fridges_dataset/images/fridge_c047e29a0e/12.jpg"", ""/content/drive/MyDrive/olx_fridges_dataset/images/fridge_c047e29a0e/13.jpg"", ""/content/drive/MyDrive/olx_fridges_dataset/images/fridge_c047e29a0e/14.jpg""]",14,2025-12-08 05:32:09.680273
fridge_9072922dd5,https://www.olx.in/item/fridges-c1617-single-door-refrigerator-available-in-vasanth-nagar-thrissur-iid-1821080361,SINGLE DOOR REFRIGERATOR AVAILABLE,REPLACEMENT WARRANTY FREE HOME DELIVERY - Fridges,3999,"[""/content/drive/MyDrive/olx_fridges_dataset/images/fridge_9072922dd5/1.jpg"", ""/content/drive/MyDrive/olx_fridges_dataset/images/fridge_9072922dd5/2.jpg"", ""/content/drive/MyDrive/olx_fridges_dataset/images/fridge_9072922dd5/3.jpg"", ""/content/drive/MyDrive/olx_fridges_dataset/images/fridge_9072922dd5/4.jpg"", ""/content/drive/MyDrive/olx_fridges_dataset/images/fridge_9072922dd5/5.jpg"", ""/content/drive/MyDrive/olx_fridges_dataset/images/fridge_9072922dd5/6.jpg"", ""/content/drive/MyDrive/olx_fridges_dataset/images/fridge_9072922dd5/7.jpg"", ""/content/drive/MyDrive/olx_fridges_dataset/images/fridge_9072922dd5/8.jpg"", ""/content/drive/MyDrive/olx_fridges_dataset/images/fridge_9072922dd5/9.jpg"", ""/content/drive/MyDrive/olx_fridges_dataset/images/fridge_9072922dd5/10.jpg"", ""/content/drive/MyDrive/olx_fridges_dataset/images/fridge_9072922dd5/11.jpg"", ""/content/drive/MyDrive/olx_fridges_dataset/images/fridge_9072922dd5/12.jpg"", ""/content/drive/MyDrive/olx_fridges_dataset/images/fridge_9072922dd5/13.jpg"", ""/content/drive/MyDrive/olx_fridges_dataset/images/fridge_9072922dd5/14.jpg""]",14,2025-12-08 05:32:19.198499
fridge_2428b304fd,https://www.olx.in/item/fridges-c1617-haier-company-fridge-in-muzaffar-nagar-kurnool-iid-1828057996,HAIER company fridge,Double door fridge - Fridges,25000,"[""/content/drive/MyDrive/olx_fridges_dataset/images/fridge_2428b304fd/1.jpg"", ""/content/drive/MyDrive/olx_fridges_dataset/images/fridge_2428b304fd/2.jpg"", ""/content/drive/MyDrive/olx_fridges_dataset/images/fridge_2428b304fd/3.jpg"", ""/content/drive/MyDrive/olx_fridges_dataset/images/fridge_2428b304fd/4.jpg"", ""/content/drive/MyDrive/olx_fridges_dataset/images/fridge_2428b304fd/5.jpg"", ""/content/drive/MyDrive/olx_fridges_dataset/images/fridge_2428b304fd/6.jpg"", ""/content/drive/MyDrive/olx_fridges_dataset/images/fridge_2428b304fd/7.jpg"", ""/content/drive/MyDrive/olx_fridges_dataset/images/fridge_2428b304fd/8.jpg"", ""/content/drive/MyDrive/olx_fridges_dataset/images/fridge_2428b304fd/9.jpg"", ""/content/drive/MyDrive/olx_fridges_dataset/images/fridge_2428b304fd/10.jpg"", ""/content/drive/MyDrive/olx_fridges_dataset/images/fridge_2428b304fd/11.jpg"", ""/content/drive/MyDrive/olx_fridges_dataset/images/fridge_2428b304fd/12.jpg"", ""/content/drive/MyDrive/olx_fridges_dataset/images/fridge_2428b304fd/13.jpg"", ""/content/drive/MyDrive/olx_fridges_dataset/images/fridge_2428b304fd/14.jpg""]",14,2025-12-08 05:32:28.855916
fridge_fd6591aa38,https://www.olx.in/item/fridges-c1617-single-door-refrigerator-available-in-mgroad-thrissur-iid-1820928772,SINGLE DOOR REFRIGERATOR AVAILABLE,REPLACEMENT WARRANTY FREE HOME DELIVERY ALL BRAND AVAILABLE - Fridges,3999,"[""/content/drive/MyDrive/olx_fridges_dataset/images/fridge_fd6591aa38/1.jpg"", ""/content/drive/MyDrive/olx_fridges_dataset/images/fridge_fd6591aa38/2.jpg"", ""/content/drive/MyDrive/olx_fridges_dataset/images/fridge_fd6591aa38/3.jpg"", ""/content/drive/MyDrive/olx_fridges_dataset/images/fridge_fd6591aa38/4.jpg"", ""/content/drive/MyDrive/olx_fridges_dataset/images/fridge_fd6591aa38/5.jpg"", ""/content/drive/MyDrive/olx_fridges_dataset/images/fridge_fd6591aa38/6.jpg"", ""/content/drive/MyDrive/olx_fridges_dataset/images/fridge_fd6591aa38/7.jpg"", ""/content/drive/MyDrive/olx_fridges_dataset/images/fridge_fd6591aa38/8.jpg"", ""/content/drive/MyDrive/olx_fridges_dataset/images/fridge_fd6591aa38/9.jpg"", ""/content/drive/MyDrive/olx_fridges_dataset/images/fridge_fd6591aa38/10.jpg"", ""/content/drive/MyDrive/olx_fridges_dataset/images/fridge_fd6591aa38/11.jpg"", ""/content/drive/MyDrive/olx_fridges_dataset/images/fridge_fd6591aa38/12.jpg"", ""/content/drive/MyDrive/olx_fridges_dataset/images/fridge_fd6591aa38/13.jpg"", ""/content/drive/MyDrive/olx_fridges_dataset/images/fridge_fd6591aa38/14.jpg""]",14,2025-12-08 05:32:43.950496
fridge_7ee005dd8c,https://www.olx.in/item/fridges-c1617-kelvinator-single-door-fridge-3-years-old-excellent-condition-in-tagore-garden-delhi-iid-1828634565,Kelvinator Single-Door Fridge – 3 Years Old – Excellent Condition,"Selling my Kelvinator single-door refrigerator, just 3 years old and in perfect working condition. The fridge has a premium black glossy finish with a golden design—looks very modern and stylish in any kitchen. Features: Strong & quick cooling Energy-efficient Well-maintained, no repairs needed Neat exterior with scratch-free front Ideal for bachelors, couples, or as an extra fridge 12-year compressor warranty sticker still intact The fridge is currently in use, and you can check it before buying. - Fridges",8000,"[""/content/drive/MyDrive/olx_fridges_dataset/images/fridge_7ee005dd8c/1.jpg"", ""/content/drive/MyDrive/olx_fridges_dataset/images/fridge_7ee005dd8c/2.jpg"", ""/content/drive/MyDrive/olx_fridges_dataset/images/fridge_7ee005dd8c/3.jpg"", ""/content/drive/MyDrive/olx_fridges_dataset/images/fridge_7ee005dd8c/4.jpg"", ""/content/drive/MyDrive/olx_fridges_dataset/images/fridge_7ee005dd8c/5.jpg"", ""/content/drive/MyDrive/olx_fridges_dataset/images/fridge_7ee005dd8c/6.jpg"", ""/content/drive/MyDrive/olx_fridges_dataset/images/fridge_7ee005dd8c/7.jpg"", ""/content/drive/MyDrive/olx_fridges_dataset/images/fridge_7ee005dd8c/8.jpg"", ""/content/drive/MyDrive/olx_fridges_dataset/images/fridge_7ee005dd8c/9.jpg"", ""/content/drive/MyDrive/olx_fridges_dataset/images/fridge_7ee005dd8c/10.jpg"", ""/content/drive/MyDrive/olx_fridges_dataset/images/fridge_7ee005dd8c/11.jpg"", ""/content/drive/MyDrive/olx_fridges_dataset/images/fridge_7ee005dd8c/12.jpg"", ""/content/drive/MyDrive/olx_fridges_dataset/images/fridge_7ee005dd8c/13.jpg"", ""/content/drive/MyDrive/olx_fridges_dataset/images/fridge_7ee005dd8c/14.jpg""]",14,2025-12-08 05:32:55.115744
fridge_d72dcb1211,https://www.olx.in/item/fridges-c1617-samsung-fridge-in-mmtc-colony-visakhapatnam-iid-1828634157,Samsung fridge,10 years old fridge with good condition - Fridges,10000,"[""/content/drive/MyDrive/olx_fridges_dataset/images/fridge_d72dcb1211/1.jpg"", ""/content/drive/MyDrive/olx_fridges_dataset/images/fridge_d72dcb1211/2.jpg"", ""/content/drive/MyDrive/olx_fridges_dataset/images/fridge_d72dcb1211/3.jpg"", ""/content/drive/MyDrive/olx_fridges_dataset/images/fridge_d72dcb1211/4.jpg"", ""/content/drive/MyDrive/olx_fridges_dataset/images/fridge_d72dcb1211/5.jpg"", ""/content/drive/MyDrive/olx_fridges_dataset/images/fridge_d72dcb1211/6.jpg"", ""/content/drive/MyDrive/olx_fridges_dataset/images/fridge_d72dcb1211/7.jpg"", ""/content/drive/MyDrive/olx_fridges_dataset/images/fridge_d72dcb1211/8.jpg"", ""/content/drive/MyDrive/olx_fridges_dataset/images/fridge_d72dcb1211/9.jpg"", ""/content/drive/MyDrive/olx_fridges_dataset/images/fridge_d72dcb1211/10.jpg"", ""/content/drive/MyDrive/olx_fridges_dataset/images/fridge_d72dcb1211/11.jpg"", ""/content/drive/MyDrive/olx_fridges_dataset/images/fridge_d72dcb1211/12.jpg"", ""/content/drive/MyDrive/olx_fridges_dataset/images/fridge_d72dcb1211/13.jpg"", ""/content/drive/MyDrive/olx_fridges_dataset/images/fridge_d72dcb1211/14.jpg""]",14,2025-12-08 05:33:10.540602
fridge_3f14428fd6,https://www.olx.in/item/fridges-c1617-display-freeze-counter-3year-old-in-datta-ward-arvi-iid-1828634613,Display freeze counter 3year old,Cake chocolate cold drinks bechne ka counter - Fridges,32000,"[""/content/drive/MyDrive/olx_fridges_dataset/images/fridge_3f14428fd6/1.jpg"", ""/content/drive/MyDrive/olx_fridges_dataset/images/fridge_3f14428fd6/2.jpg"", ""/content/drive/MyDrive/olx_fridges_dataset/images/fridge_3f14428fd6/3.jpg"", ""/content/drive/MyDrive/olx_fridges_dataset/images/fridge_3f14428fd6/4.jpg"", ""/content/drive/MyDrive/olx_fridges_dataset/images/fridge_3f14428fd6/5.jpg"", ""/content/drive/MyDrive/olx_fridges_dataset/images/fridge_3f14428fd6/6.jpg"", ""/content/drive/MyDrive/olx_fridges_dataset/images/fridge_3f14428fd6/7.jpg"", ""/content/drive/MyDrive/olx_fridges_dataset/images/fridge_3f14428fd6/8.jpg"", ""/content/drive/MyDrive/olx_fridges_dataset/images/fridge_3f14428fd6/9.jpg"", ""/content/drive/MyDrive/olx_fridges_dataset/images/fridge_3f14428fd6/10.jpg"", ""/content/drive/MyDrive/olx_fridges_dataset/images/fridge_3f14428fd6/11.jpg"", ""/content/drive/MyDrive/olx_fridges_dataset/images/fridge_3f14428fd6/12.jpg"", ""/content/drive/MyDrive/olx_fridges_dataset/images/fridge_3f14428fd6/13.jpg"", ""/content/drive/MyDrive/olx_fridges_dataset/images/fridge_3f14428fd6/14.jpg""]",14,2025-12-08 05:33:20.058553
fridge_b6357ed1b1,https://www.olx.in/item/fridges-c1617-fridge-single-door-double-door-available-in-chelamattom-perumbavoor-iid-1803584587,FRIDGE SINGLE DOOR DOUBLE DOOR AVAILABLE,GOOD QUALITY PRODUCTS REPLACEMENT WARRANTY ALL BRANDS AVAILABLE CONTACT ME FREE HOME DELIVERY - Fridges,6500,"[""/content/drive/MyDrive/olx_fridges_dataset/images/fridge_b6357ed1b1/1.jpg"", ""/content/drive/MyDrive/olx_fridges_dataset/images/fridge_b6357ed1b1/2.jpg"", ""/content/drive/MyDrive/olx_fridges_dataset/images/fridge_b6357ed1b1/3.jpg"", ""/content/drive/MyDrive/olx_fridges_dataset/images/fridge_b6357ed1b1/4.jpg"", ""/content/drive/MyDrive/olx_fridges_dataset/images/fridge_b6357ed1b1/5.jpg"", ""/content/drive/MyDrive/olx_fridges_dataset/images/fridge_b6357ed1b1/6.jpg"", ""/content/drive/MyDrive/olx_fridges_dataset/images/fridge_b6357ed1b1/7.jpg"", ""/content/drive/MyDrive/olx_fridges_dataset/images/fridge_b6357ed1b1/8.jpg"", ""/content/drive/MyDrive/olx_fridges_dataset/images/fridge_b6357ed1b1/9.jpg"", ""/content/drive/MyDrive/olx_fridges_dataset/images/fridge_b6357ed1b1/10.jpg"", ""/content/drive/MyDrive/olx_fridges_dataset/images/fridge_b6357ed1b1/11.jpg"", ""/content/drive/MyDrive/olx_fridges_dataset/images/fridge_b6357ed1b1/12.jpg"", ""/content/drive/MyDrive/olx_fridges_dataset/images/fridge_b6357ed1b1/13.jpg"", ""/content/drive/MyDrive/olx_fridges_dataset/images/fridge_b6357ed1b1/14.jpg""]",14,2025-12-08 05:33:27.595752
fridge_0ecdcc0281,https://www.olx.in/item/fridges-c1617-lg-fridge-red-colour-in-provident-kenworth-hyderabad-iid-1828633770,Lg fridge red colour,Good condition - Fridges,3000,"[""/content/drive/MyDrive/olx_fridges_dataset/images/fridge_0ecdcc0281/1.jpg"", ""/content/drive/MyDrive/olx_fridges_dataset/images/fridge_0ecdcc0281/2.jpg"", ""/content/drive/MyDrive/olx_fridges_dataset/images/fridge_0ecdcc0281/3.jpg"", ""/content/drive/MyDrive/olx_fridges_dataset/images/fridge_0ecdcc0281/4.jpg"", ""/content/drive/MyDrive/olx_fridges_dataset/images/fridge_0ecdcc0281/5.jpg"", ""/content/drive/MyDrive/olx_fridges_dataset/images/fridge_0ecdcc0281/6.jpg"", ""/content/drive/MyDrive/olx_fridges_dataset/images/fridge_0ecdcc0281/7.jpg"", ""/content/drive/MyDrive/olx_fridges_dataset/images/fridge_0ecdcc0281/8.jpg"", ""/content/drive/MyDrive/olx_fridges_dataset/images/fridge_0ecdcc0281/9.jpg"", ""/content/drive/MyDrive/olx_fridges_dataset/images/fridge_0ecdcc0281/10.jpg"", ""/content/drive/MyDrive/olx_fridges_dataset/images/fridge_0ecdcc0281/11.jpg"", ""/content/drive/MyDrive/olx_fridges_dataset/images/fridge_0ecdcc0281/12.jpg"", ""/content/drive/MyDrive/olx_fridges_dataset/images/fridge_0ecdcc0281/13.jpg"", ""/content/drive/MyDrive/olx_fridges_dataset/images/fridge_0ecdcc0281/14.jpg""]",14,2025-12-08 05:33:35.308826
fridge_1dfa1615a4,https://www.olx.in/item/fridges-c1617-lg-single-door-fridge-in-satbari-ansal-villa-delhi-iid-1828634463,LG Single Door Fridge,LG Single Door 190 Litres 4 Star Fridge - Fridges,6500,"[""/content/drive/MyDrive/olx_fridges_dataset/images/fridge_1dfa1615a4/1.jpg"", ""/content/drive/MyDrive/olx_fridges_dataset/images/fridge_1dfa1615a4/2.jpg"", ""/content/drive/MyDrive/olx_fridges_dataset/images/fridge_1dfa1615a4/3.jpg"", ""/content/drive/MyDrive/olx_fridges_dataset/images/fridge_1dfa1615a4/4.jpg"", ""/content/drive/MyDrive/olx_fridges_dataset/images/fridge_1dfa1615a4/5.jpg"", ""/content/drive/MyDrive/olx_fridges_dataset/images/fridge_1dfa1615a4/6.jpg"", ""/content/drive/MyDrive/olx_fridges_dataset/images/fridge_1dfa1615a4/7.jpg"", ""/content/drive/MyDrive/olx_fridges_dataset/images/fridge_1dfa1615a4/8.jpg"", ""/content/drive/MyDrive/olx_fridges_dataset/images/fridge_1dfa1615a4/9.jpg"", ""/content/drive/MyDrive/olx_fridges_dataset/images/fridge_1dfa1615a4/10.jpg"", ""/content/drive/MyDrive/olx_fridges_dataset/images/fridge_1dfa1615a4/11.jpg"", ""/content/drive/MyDrive/olx_fridges_dataset/images/fridge_1dfa1615a4/12.jpg"", ""/content/drive/MyDrive/olx_fridges_dataset/images/fridge_1dfa1615a4/13.jpg"", ""/content/drive/MyDrive/olx_fridges_dataset/images/fridge_1dfa1615a4/14.jpg""]",14,2025-12-08 05:33:44.397200
fridge_5882b307b1,https://www.olx.in/item/fridges-c1617-192-litre-single-door-fridge-with-stabilizer-for-sale-in-pallikaranai-chennai-iid-1827618842,192 litre Single door Fridge with stabilizer for sale,3 year old Samsung single door Refrigerator available for sale. 192 litre capacity. VGuard stabilizer included. In very good working condition as new. Original bill available. - Fridges,10500,"[""/content/drive/MyDrive/olx_fridges_dataset/images/fridge_5882b307b1/1.jpg"", ""/content/drive/MyDrive/olx_fridges_dataset/images/fridge_5882b307b1/2.jpg"", ""/content/drive/MyDrive/olx_fridges_dataset/images/fridge_5882b307b1/3.jpg"", ""/content/drive/MyDrive/olx_fridges_dataset/images/fridge_5882b307b1/4.jpg"", ""/content/drive/MyDrive/olx_fridges_dataset/images/fridge_5882b307b1/5.jpg"", ""/content/drive/MyDrive/olx_fridges_dataset/images/fridge_5882b307b1/6.jpg"", ""/content/drive/MyDrive/olx_fridges_dataset/images/fridge_5882b307b1/7.jpg"", ""/content/drive/MyDrive/olx_fridges_dataset/images/fridge_5882b307b1/8.jpg"", ""/content/drive/MyDrive/olx_fridges_dataset/images/fridge_5882b307b1/9.jpg"", ""/content/drive/MyDrive/olx_fridges_dataset/images/fridge_5882b307b1/10.jpg"", ""/content/drive/MyDrive/olx_fridges_dataset/images/fridge_5882b307b1/11.jpg"", ""/content/drive/MyDrive/olx_fridges_dataset/images/fridge_5882b307b1/12.jpg"", ""/content/drive/MyDrive/olx_fridges_dataset/images/fridge_5882b307b1/13.jpg"", ""/content/drive/MyDrive/olx_fridges_dataset/images/fridge_5882b307b1/14.jpg""]",14,2025-12-08 05:33:53.137766
fridge_35e263dd61,https://www.olx.in/item/fridges-c1617-ice-cream-fridge-for-sale-in-sambalki-village-mohali-iid-1826529275,Ice cream fridge for sale,400 liter fridge - Fridges,4800,"[""/content/drive/MyDrive/olx_fridges_dataset/images/fridge_35e263dd61/1.jpg"", ""/content/drive/MyDrive/olx_fridges_dataset/images/fridge_35e263dd61/2.jpg"", ""/content/drive/MyDrive/olx_fridges_dataset/images/fridge_35e263dd61/3.jpg"", ""/content/drive/MyDrive/olx_fridges_dataset/images/fridge_35e263dd61/4.jpg"", ""/content/drive/MyDrive/olx_fridges_dataset/images/fridge_35e263dd61/5.jpg"", ""/content/drive/MyDrive/olx_fridges_dataset/images/fridge_35e263dd61/6.jpg"", ""/content/drive/MyDrive/olx_fridges_dataset/images/fridge_35e263dd61/7.jpg"", ""/content/drive/MyDrive/olx_fridges_dataset/images/fridge_35e263dd61/8.jpg"", ""/content/drive/MyDrive/olx_fridges_dataset/images/fridge_35e263dd61/9.jpg"", ""/content/drive/MyDrive/olx_fridges_dataset/images/fridge_35e263dd61/10.jpg"", ""/content/drive/MyDrive/olx_fridges_dataset/images/fridge_35e263dd61/11.jpg"", ""/content/drive/MyDrive/olx_fridges_dataset/images/fridge_35e263dd61/12.jpg"", ""/content/drive/MyDrive/olx_fridges_dataset/images/fridge_35e263dd61/13.jpg"", ""/content/drive/MyDrive/olx_fridges_dataset/images/fridge_35e263dd61/14.jpg""]",14,2025-12-08 05:34:00.775624
fridge_37317634a0,https://www.olx.in/item/fridges-c1617-premium-quality-refrigerator-available-in-chiriyamkandath-nagar-guruvayur-iid-1827665244,PREMIUM QUALITY REFRIGERATOR AVAILABLE,REPLACEMENT WARRANTY FREE HOME DELIVERY - Fridges,3999,"[""/content/drive/MyDrive/olx_fridges_dataset/images/fridge_37317634a0/1.jpg"", ""/content/drive/MyDrive/olx_fridges_dataset/images/fridge_37317634a0/2.jpg"", ""/content/drive/MyDrive/olx_fridges_dataset/images/fridge_37317634a0/3.jpg"", ""/content/drive/MyDrive/olx_fridges_dataset/images/fridge_37317634a0/4.jpg"", ""/content/drive/MyDrive/olx_fridges_dataset/images/fridge_37317634a0/5.jpg"", ""/content/drive/MyDrive/olx_fridges_dataset/images/fridge_37317634a0/6.jpg"", ""/content/drive/MyDrive/olx_fridges_dataset/images/fridge_37317634a0/7.jpg"", ""/content/drive/MyDrive/olx_fridges_dataset/images/fridge_37317634a0/8.jpg"", ""/content/drive/MyDrive/olx_fridges_dataset/images/fridge_37317634a0/9.jpg"", ""/content/drive/MyDrive/olx_fridges_dataset/images/fridge_37317634a0/10.jpg"", ""/content/drive/MyDrive/olx_fridges_dataset/images/fridge_37317634a0/11.jpg"", ""/content/drive/MyDrive/olx_fridges_dataset/images/fridge_37317634a0/12.jpg"", ""/content/drive/MyDrive/olx_fridges_dataset/images/fridge_37317634a0/13.jpg"", ""/content/drive/MyDrive/olx_fridges_dataset/images/fridge_37317634a0/14.jpg""]",14,2025-12-08 05:34:09.828515
fridge_37fd583d7e,https://www.olx.in/item/fridges-c1617-premium-quality-refrigerator-available-in-koorkenchery-thrissur-iid-1820928651,PREMIUM QUALITY REFRIGERATOR AVAILABLE,REPLACEMENT WARRANTY FREE HOME DELIVERY ALL BRAND AVAILABLE - Fridges,3999,"[""/content/drive/MyDrive/olx_fridges_dataset/images/fridge_37fd583d7e/1.jpg"", ""/content/drive/MyDrive/olx_fridges_dataset/images/fridge_37fd583d7e/2.jpg"", ""/content/drive/MyDrive/olx_fridges_dataset/images/fridge_37fd583d7e/3.jpg"", ""/content/drive/MyDrive/olx_fridges_dataset/images/fridge_37fd583d7e/4.jpg"", ""/content/drive/MyDrive/olx_fridges_dataset/images/fridge_37fd583d7e/5.jpg"", ""/content/drive/MyDrive/olx_fridges_dataset/images/fridge_37fd583d7e/6.jpg"", ""/content/drive/MyDrive/olx_fridges_dataset/images/fridge_37fd583d7e/7.jpg"", ""/content/drive/MyDrive/olx_fridges_dataset/images/fridge_37fd583d7e/8.jpg"", ""/content/drive/MyDrive/olx_fridges_dataset/images/fridge_37fd583d7e/9.jpg"", ""/content/drive/MyDrive/olx_fridges_dataset/images/fridge_37fd583d7e/10.jpg"", ""/content/drive/MyDrive/olx_fridges_dataset/images/fridge_37fd583d7e/11.jpg"", ""/content/drive/MyDrive/olx_fridges_dataset/images/fridge_37fd583d7e/12.jpg"", ""/content/drive/MyDrive/olx_fridges_dataset/images/fridge_37fd583d7e/13.jpg"", ""/content/drive/MyDrive/olx_fridges_dataset/images/fridge_37fd583d7e/14.jpg""]",14,2025-12-08 05:34:17.887294
fridge_d4d1f74648,https://www.olx.in/item/fridges-c1617-single-door-fridge-for-sale-in-nerul-navi-mumbai-iid-1828635314,Single door fridge for sale!,"~Perfect condition ~Great cooling ~Energy efficient ~Clean & well-maintained ~ Ideal for small families, bachelors, or office use Price: ₹7000/- - Fridges",7000,"[""/content/drive/MyDrive/olx_fridges_dataset/images/fridge_d4d1f74648/1.jpg"", ""/content/drive/MyDrive/olx_fridges_dataset/images/fridge_d4d1f74648/2.jpg"", ""/content/drive/MyDrive/olx_fridges_dataset/images/fridge_d4d1f74648/3.jpg"", ""/content/drive/MyDrive/olx_fridges_dataset/images/fridge_d4d1f74648/4.jpg"", ""/content/drive/MyDrive/olx_fridges_dataset/images/fridge_d4d1f74648/5.jpg"", ""/content/drive/MyDrive/olx_fridges_dataset/images/fridge_d4d1f74648/6.jpg"", ""/content/drive/MyDrive/olx_fridges_dataset/images/fridge_d4d1f74648/7.jpg"", ""/content/drive/MyDrive/olx_fridges_dataset/images/fridge_d4d1f74648/8.jpg"", ""/content/drive/MyDrive/olx_fridges_dataset/images/fridge_d4d1f74648/9.jpg"", ""/content/drive/MyDrive/olx_fridges_dataset/images/fridge_d4d1f74648/10.jpg"", ""/content/drive/MyDrive/olx_fridges_dataset/images/fridge_d4d1f74648/11.jpg"", ""/content/drive/MyDrive/olx_fridges_dataset/images/fridge_d4d1f74648/12.jpg"", ""/content/drive/MyDrive/olx_fridges_dataset/images/fridge_d4d1f74648/13.jpg"", ""/content/drive/MyDrive/olx_fridges_dataset/images/fridge_d4d1f74648/14.jpg""]",14,2025-12-08 05:34:26.790345
fridge_b513ec8d70,https://www.olx.in/item/fridges-c1617-fridge-eletronic-in-bachupally-hyderabad-iid-1828635086,Fridge eletronic,Whilpool fridge - Fridges,5000,"[""/content/drive/MyDrive/olx_fridges_dataset/images/fridge_b513ec8d70/1.jpg"", ""/content/drive/MyDrive/olx_fridges_dataset/images/fridge_b513ec8d70/2.jpg"", ""/content/drive/MyDrive/olx_fridges_dataset/images/fridge_b513ec8d70/3.jpg"", ""/content/drive/MyDrive/olx_fridges_dataset/images/fridge_b513ec8d70/4.jpg"", ""/content/drive/MyDrive/olx_fridges_dataset/images/fridge_b513ec8d70/5.jpg"", ""/content/drive/MyDrive/olx_fridges_dataset/images/fridge_b513ec8d70/6.jpg"", ""/content/drive/MyDrive/olx_fridges_dataset/images/fridge_b513ec8d70/7.jpg"", ""/content/drive/MyDrive/olx_fridges_dataset/images/fridge_b513ec8d70/8.jpg"", ""/content/drive/MyDrive/olx_fridges_dataset/images/fridge_b513ec8d70/9.jpg"", ""/content/drive/MyDrive/olx_fridges_dataset/images/fridge_b513ec8d70/10.jpg"", ""/content/drive/MyDrive/olx_fridges_dataset/images/fridge_b513ec8d70/11.jpg"", ""/content/drive/MyDrive/olx_fridges_dataset/images/fridge_b513ec8d70/12.jpg"", ""/content/drive/MyDrive/olx_fridges_dataset/images/fridge_b513ec8d70/13.jpg"", ""/content/drive/MyDrive/olx_fridges_dataset/images/fridge_b513ec8d70/14.jpg""]",14,2025-12-08 05:34:36.356501
fridge_b341893e8e,https://www.olx.in/item/fridges-c1617-single-door-refrigerator-available-in-chiriyamkandath-nagar-guruvayur-iid-1804271303,SINGLE DOOR REFRIGERATOR AVAILABLE,REPLACEMENT WARRANTY ALL BRANDS AVAILABLE GOOD QUALITY PRODUCTS CONTACT ME FREE HOME DELIVERY - Fridges,3999,"[""/content/drive/MyDrive/olx_fridges_dataset/images/fridge_b341893e8e/1.jpg"", ""/content/drive/MyDrive/olx_fridges_dataset/images/fridge_b341893e8e/2.jpg"", ""/content/drive/MyDrive/olx_fridges_dataset/images/fridge_b341893e8e/3.jpg"", ""/content/drive/MyDrive/olx_fridges_dataset/images/fridge_b341893e8e/4.jpg"", ""/content/drive/MyDrive/olx_fridges_dataset/images/fridge_b341893e8e/5.jpg"", ""/content/drive/MyDrive/olx_fridges_dataset/images/fridge_b341893e8e/6.jpg"", ""/content/drive/MyDrive/olx_fridges_dataset/images/fridge_b341893e8e/7.jpg"", ""/content/drive/MyDrive/olx_fridges_dataset/images/fridge_b341893e8e/8.jpg"", ""/content/drive/MyDrive/olx_fridges_dataset/images/fridge_b341893e8e/9.jpg"", ""/content/drive/MyDrive/olx_fridges_dataset/images/fridge_b341893e8e/10.jpg"", ""/content/drive/MyDrive/olx_fridges_dataset/images/fridge_b341893e8e/11.jpg"", ""/content/drive/MyDrive/olx_fridges_dataset/images/fridge_b341893e8e/12.jpg"", ""/content/drive/MyDrive/olx_fridges_dataset/images/fridge_b341893e8e/13.jpg"", ""/content/drive/MyDrive/olx_fridges_dataset/images/fridge_b341893e8e/14.jpg""]",14,2025-12-08 05:34:44.388737
fridge_8321bb1f7a,https://www.olx.in/item/fridges-c1617-samsung-good-condition-fridge-in-abrama-valsad-iid-1828634622,Samsung good condition fridge,Samsung fridge chalu condition ma chhe - Fridges,4000,"[""/content/drive/MyDrive/olx_fridges_dataset/images/fridge_8321bb1f7a/1.jpg"", ""/content/drive/MyDrive/olx_fridges_dataset/images/fridge_8321bb1f7a/2.jpg"", ""/content/drive/MyDrive/olx_fridges_dataset/images/fridge_8321bb1f7a/3.jpg"", ""/content/drive/MyDrive/olx_fridges_dataset/images/fridge_8321bb1f7a/4.jpg"", ""/content/drive/MyDrive/olx_fridges_dataset/images/fridge_8321bb1f7a/5.jpg"", ""/content/drive/MyDrive/olx_fridges_dataset/images/fridge_8321bb1f7a/6.jpg"", ""/content/drive/MyDrive/olx_fridges_dataset/images/fridge_8321bb1f7a/7.jpg"", ""/content/drive/MyDrive/olx_fridges_dataset/images/fridge_8321bb1f7a/8.jpg"", ""/content/drive/MyDrive/olx_fridges_dataset/images/fridge_8321bb1f7a/9.jpg"", ""/content/drive/MyDrive/olx_fridges_dataset/images/fridge_8321bb1f7a/10.jpg"", ""/content/drive/MyDrive/olx_fridges_dataset/images/fridge_8321bb1f7a/11.jpg"", ""/content/drive/MyDrive/olx_fridges_dataset/images/fridge_8321bb1f7a/12.jpg"", ""/content/drive/MyDrive/olx_fridges_dataset/images/fridge_8321bb1f7a/13.jpg"", ""/content/drive/MyDrive/olx_fridges_dataset/images/fridge_8321bb1f7a/14.jpg""]",14,2025-12-08 05:34:52.514879
fridge_68e01ee403,https://www.olx.in/item/fridges-c1617-less-used-good-quality-items-in-chembukabu-thrissur-iid-1813698299,LESS USED GOOD QUALITY ITEMS,ALL TOP BRANDS AVAILABLE FREE HOME DELIVERY CASH ON DELIVERY REPLACEMENT WARRANTY - Fridges,3999,"[""/content/drive/MyDrive/olx_fridges_dataset/images/fridge_68e01ee403/1.jpg"", ""/content/drive/MyDrive/olx_fridges_dataset/images/fridge_68e01ee403/2.jpg"", ""/content/drive/MyDrive/olx_fridges_dataset/images/fridge_68e01ee403/3.jpg"", ""/content/drive/MyDrive/olx_fridges_dataset/images/fridge_68e01ee403/4.jpg"", ""/content/drive/MyDrive/olx_fridges_dataset/images/fridge_68e01ee403/5.jpg"", ""/content/drive/MyDrive/olx_fridges_dataset/images/fridge_68e01ee403/6.jpg"", ""/content/drive/MyDrive/olx_fridges_dataset/images/fridge_68e01ee403/7.jpg"", ""/content/drive/MyDrive/olx_fridges_dataset/images/fridge_68e01ee403/8.jpg"", ""/content/drive/MyDrive/olx_fridges_dataset/images/fridge_68e01ee403/9.jpg"", ""/content/drive/MyDrive/olx_fridges_dataset/images/fridge_68e01ee403/10.jpg"", ""/content/drive/MyDrive/olx_fridges_dataset/images/fridge_68e01ee403/11.jpg"", ""/content/drive/MyDrive/olx_fridges_dataset/images/fridge_68e01ee403/12.jpg"", ""/content/drive/MyDrive/olx_fridges_dataset/images/fridge_68e01ee403/13.jpg"", ""/content/drive/MyDrive/olx_fridges_dataset/images/fridge_68e01ee403/14.jpg""]",14,2025-12-08 05:35:00.970465
fridge_efc13ad487,https://www.olx.in/item/fridges-c1617-single-door-refrigerator-available-in-thodupuzha-kerala-iid-1818860429,SINGLE DOOR REFRIGERATOR AVAILABLE,REPLACEMENT WARRANTY ALL BRAND AVAILABLE FREE DELIVERY - Fridges,3999,"[""/content/drive/MyDrive/olx_fridges_dataset/images/fridge_efc13ad487/1.jpg"", ""/content/drive/MyDrive/olx_fridges_dataset/images/fridge_efc13ad487/2.jpg"", ""/content/drive/MyDrive/olx_fridges_dataset/images/fridge_efc13ad487/3.jpg"", ""/content/drive/MyDrive/olx_fridges_dataset/images/fridge_efc13ad487/4.jpg"", ""/content/drive/MyDrive/olx_fridges_dataset/images/fridge_efc13ad487/5.jpg"", ""/content/drive/MyDrive/olx_fridges_dataset/images/fridge_efc13ad487/6.jpg"", ""/content/drive/MyDrive/olx_fridges_dataset/images/fridge_efc13ad487/7.jpg"", ""/content/drive/MyDrive/olx_fridges_dataset/images/fridge_efc13ad487/8.jpg"", ""/content/drive/MyDrive/olx_fridges_dataset/images/fridge_efc13ad487/9.jpg"", ""/content/drive/MyDrive/olx_fridges_dataset/images/fridge_efc13ad487/10.jpg"", ""/content/drive/MyDrive/olx_fridges_dataset/images/fridge_efc13ad487/11.jpg"", ""/content/drive/MyDrive/olx_fridges_dataset/images/fridge_efc13ad487/12.jpg"", ""/content/drive/MyDrive/olx_fridges_dataset/images/fridge_efc13ad487/13.jpg"", ""/content/drive/MyDrive/olx_fridges_dataset/images/fridge_efc13ad487/14.jpg""]",14,2025-12-08 05:35:13.149933
fridge_f6bcb4147e,https://www.olx.in/item/fridges-c1617-cool-cake-fridge-in-gumudur-mahabubabad-iid-1815087135,Cool Cake Fridge,"cool cake fridge, excellent working condition, height 7 and width 4 inch. Every portion has separate lights.. Automatic on off system... - Fridges",75000,"[""/content/drive/MyDrive/olx_fridges_dataset/images/fridge_f6bcb4147e/1.jpg"", ""/content/drive/MyDrive/olx_fridges_dataset/images/fridge_f6bcb4147e/2.jpg"", ""/content/drive/MyDrive/olx_fridges_dataset/images/fridge_f6bcb4147e/3.jpg"", ""/content/drive/MyDrive/olx_fridges_dataset/images/fridge_f6bcb4147e/4.jpg"", ""/content/drive/MyDrive/olx_fridges_dataset/images/fridge_f6bcb4147e/5.jpg"", ""/content/drive/MyDrive/olx_fridges_dataset/images/fridge_f6bcb4147e/6.jpg"", ""/content/drive/MyDrive/olx_fridges_dataset/images/fridge_f6bcb4147e/7.jpg"", ""/content/drive/MyDrive/olx_fridges_dataset/images/fridge_f6bcb4147e/8.jpg"", ""/content/drive/MyDrive/olx_fridges_dataset/images/fridge_f6bcb4147e/9.jpg"", ""/content/drive/MyDrive/olx_fridges_dataset/images/fridge_f6bcb4147e/10.jpg"", ""/content/drive/MyDrive/olx_fridges_dataset/images/fridge_f6bcb4147e/11.jpg"", ""/content/drive/MyDrive/olx_fridges_dataset/images/fridge_f6bcb4147e/12.jpg"", ""/content/drive/MyDrive/olx_fridges_dataset/images/fridge_f6bcb4147e/13.jpg"", ""/content/drive/MyDrive/olx_fridges_dataset/images/fridge_f6bcb4147e/14.jpg""]",14,2025-12-08 05:35:21.152740
fridge_c37686a76c,https://www.olx.in/item/fridges-c1617-fridge-sell-in-basdeela-mehdawal-iid-1828634314,59 Used Fridges in Basdeela - Buy & Sell Second Hand Fridges,Buy and sell second hand Fridges in Basdeela. OLX provides the best Free Online Classified Advertising in India.,5000,"[""/content/drive/MyDrive/olx_fridges_dataset/images/fridge_c37686a76c/1.jpg"", ""/content/drive/MyDrive/olx_fridges_dataset/images/fridge_c37686a76c/2.jpg"", ""/content/drive/MyDrive/olx_fridges_dataset/images/fridge_c37686a76c/3.jpg"", ""/content/drive/MyDrive/olx_fridges_dataset/images/fridge_c37686a76c/4.jpg"", ""/content/drive/MyDrive/olx_fridges_dataset/images/fridge_c37686a76c/5.jpg"", ""/content/drive/MyDrive/olx_fridges_dataset/images/fridge_c37686a76c/6.jpg"", ""/content/drive/MyDrive/olx_fridges_dataset/images/fridge_c37686a76c/7.jpg"", ""/content/drive/MyDrive/olx_fridges_dataset/images/fridge_c37686a76c/8.jpg"", ""/content/drive/MyDrive/olx_fridges_dataset/images/fridge_c37686a76c/9.jpg"", ""/content/drive/MyDrive/olx_fridges_dataset/images/fridge_c37686a76c/10.jpg"", ""/content/drive/MyDrive/olx_fridges_dataset/images/fridge_c37686a76c/11.jpg"", ""/content/drive/MyDrive/olx_fridges_dataset/images/fridge_c37686a76c/12.jpg"", ""/content/drive/MyDrive/olx_fridges_dataset/images/fridge_c37686a76c/13.jpg"", ""/content/drive/MyDrive/olx_fridges_dataset/images/fridge_c37686a76c/14.jpg"", ""/content/drive/MyDrive/olx_fridges_dataset/images/fridge_c37686a76c/15.jpg"", ""/content/drive/MyDrive/olx_fridges_dataset/images/fridge_c37686a76c/16.jpg"", ""/content/drive/MyDrive/olx_fridges_dataset/images/fridge_c37686a76c/17.jpg"", ""/content/drive/MyDrive/olx_fridges_dataset/images/fridge_c37686a76c/18.jpg"", ""/content/drive/MyDrive/olx_fridges_dataset/images/fridge_c37686a76c/19.jpg"", ""/content/drive/MyDrive/olx_fridges_dataset/images/fridge_c37686a76c/20.jpg"", ""/content/drive/MyDrive/olx_fridges_dataset/images/fridge_c37686a76c/21.jpg"", ""/content/drive/MyDrive/olx_fridges_dataset/images/fridge_c37686a76c/22.jpg"", ""/content/drive/MyDrive/olx_fridges_dataset/images/fridge_c37686a76c/23.jpg"", ""/content/drive/MyDrive/olx_fridges_dataset/images/fridge_c37686a76c/24.jpg"", ""/content/drive/MyDrive/olx_fridges_dataset/images/fridge_c37686a76c/25.jpg"", ""/content/drive/MyDrive/olx_fridges_dataset/images/fridge_c37686a76c/26.jpg"", ""/content/drive/MyDrive/olx_fridges_dataset/images/fridge_c37686a76c/27.jpg"", ""/content/drive/MyDrive/olx_fridges_dataset/images/fridge_c37686a76c/28.jpg"", ""/content/drive/MyDrive/olx_fridges_dataset/images/fridge_c37686a76c/29.jpg"", ""/content/drive/MyDrive/olx_fridges_dataset/images/fridge_c37686a76c/30.jpg"", ""/content/drive/MyDrive/olx_fridges_dataset/images/fridge_c37686a76c/31.jpg"", ""/content/drive/MyDrive/olx_fridges_dataset/images/fridge_c37686a76c/32.jpg"", ""/content/drive/MyDrive/olx_fridges_dataset/images/fridge_c37686a76c/33.jpg"", ""/content/drive/MyDrive/olx_fridges_dataset/images/fridge_c37686a76c/34.jpg"", ""/content/drive/MyDrive/olx_fridges_dataset/images/fridge_c37686a76c/35.jpg"", ""/content/drive/MyDrive/olx_fridges_dataset/images/fridge_c37686a76c/36.jpg"", ""/content/drive/MyDrive/olx_fridges_dataset/images/fridge_c37686a76c/37.jpg"", ""/content/drive/MyDrive/olx_fridges_dataset/images/fridge_c37686a76c/38.jpg"", ""/content/drive/MyDrive/olx_fridges_dataset/images/fridge_c37686a76c/39.jpg"", ""/content/drive/MyDrive/olx_fridges_dataset/images/fridge_c37686a76c/40.jpg"", ""/content/drive/MyDrive/olx_fridges_dataset/images/fridge_c37686a76c/41.jpg"", ""/content/drive/MyDrive/olx_fridges_dataset/images/fridge_c37686a76c/42.jpg"", ""/content/drive/MyDrive/olx_fridges_dataset/images/fridge_c37686a76c/43.jpg"", ""/content/drive/MyDrive/olx_fridges_dataset/images/fridge_c37686a76c/44.jpg"", ""/content/drive/MyDrive/olx_fridges_dataset/images/fridge_c37686a76c/45.jpg"", ""/content/drive/MyDrive/olx_fridges_dataset/images/fridge_c37686a76c/46.jpg"", ""/content/drive/MyDrive/olx_fridges_dataset/images/fridge_c37686a76c/47.jpg"", ""/content/drive/MyDrive/olx_fridges_dataset/images/fridge_c37686a76c/48.jpg"", ""/content/drive/MyDrive/olx_fridges_dataset/images/fridge_c37686a76c/49.jpg"", ""/content/drive/MyDrive/olx_fridges_dataset/images/fridge_c37686a76c/50.jpg"", ""/content/drive/MyDrive/olx_fridges_dataset/images/fridge_c37686a76c/51.jpg"", ""/content/drive/MyDrive/olx_fridges_dataset/images/fridge_c37686a76c/52.jpg"", ""/content/drive/MyDrive/olx_fridges_dataset/images/fridge_c37686a76c/53.jpg""]",53,2025-12-08 05:35:47.164927
fridge_ff5210baed,https://www.olx.in/item/fridges-c1617-counter-fridge-in-sector-12-gurgaon-iid-1827129774,Counter fridge,Small size - Fridges,35000,"[""/content/drive/MyDrive/olx_fridges_dataset/images/fridge_ff5210baed/1.jpg"", ""/content/drive/MyDrive/olx_fridges_dataset/images/fridge_ff5210baed/2.jpg"", ""/content/drive/MyDrive/olx_fridges_dataset/images/fridge_ff5210baed/3.jpg"", ""/content/drive/MyDrive/olx_fridges_dataset/images/fridge_ff5210baed/4.jpg"", ""/content/drive/MyDrive/olx_fridges_dataset/images/fridge_ff5210baed/5.jpg"", ""/content/drive/MyDrive/olx_fridges_dataset/images/fridge_ff5210baed/6.jpg"", ""/content/drive/MyDrive/olx_fridges_dataset/images/fridge_ff5210baed/7.jpg"", ""/content/drive/MyDrive/olx_fridges_dataset/images/fridge_ff5210baed/8.jpg"", ""/content/drive/MyDrive/olx_fridges_dataset/images/fridge_ff5210baed/9.jpg"", ""/content/drive/MyDrive/olx_fridges_dataset/images/fridge_ff5210baed/10.jpg"", ""/content/drive/MyDrive/olx_fridges_dataset/images/fridge_ff5210baed/11.jpg"", ""/content/drive/MyDrive/olx_fridges_dataset/images/fridge_ff5210baed/12.jpg"", ""/content/drive/MyDrive/olx_fridges_dataset/images/fridge_ff5210baed/13.jpg"", ""/content/drive/MyDrive/olx_fridges_dataset/images/fridge_ff5210baed/14.jpg""]",14,2025-12-08 05:35:54.255394
fridge_e6a2ecc500,https://www.olx.in/item/fridges-c1617-hair-fridge-in-rameshwar-nagar-rehman-nagar-parbhani-iid-1828634398,Hair fridge,Hair fridge brand new condition 190 litr me hai - Fridges,10000,"[""/content/drive/MyDrive/olx_fridges_dataset/images/fridge_e6a2ecc500/1.jpg"", ""/content/drive/MyDrive/olx_fridges_dataset/images/fridge_e6a2ecc500/2.jpg"", ""/content/drive/MyDrive/olx_fridges_dataset/images/fridge_e6a2ecc500/3.jpg"", ""/content/drive/MyDrive/olx_fridges_dataset/images/fridge_e6a2ecc500/4.jpg"", ""/content/drive/MyDrive/olx_fridges_dataset/images/fridge_e6a2ecc500/5.jpg"", ""/content/drive/MyDrive/olx_fridges_dataset/images/fridge_e6a2ecc500/6.jpg"", ""/content/drive/MyDrive/olx_fridges_dataset/images/fridge_e6a2ecc500/7.jpg"", ""/content/drive/MyDrive/olx_fridges_dataset/images/fridge_e6a2ecc500/8.jpg"", ""/content/drive/MyDrive/olx_fridges_dataset/images/fridge_e6a2ecc500/9.jpg"", ""/content/drive/MyDrive/olx_fridges_dataset/images/fridge_e6a2ecc500/10.jpg"", ""/content/drive/MyDrive/olx_fridges_dataset/images/fridge_e6a2ecc500/11.jpg"", ""/content/drive/MyDrive/olx_fridges_dataset/images/fridge_e6a2ecc500/12.jpg"", ""/content/drive/MyDrive/olx_fridges_dataset/images/fridge_e6a2ecc500/13.jpg"", ""/content/drive/MyDrive/olx_fridges_dataset/images/fridge_e6a2ecc500/14.jpg""]",14,2025-12-08 05:36:06.667749
fridge_ab118bcf59,https://www.olx.in/item/fridges-c1617-counter-deep-fridge-in-pisoli-pune-iid-1827015186,Counter Deep Fridge,6 Months Old - Fridges,90000,"[""/content/drive/MyDrive/olx_fridges_dataset/images/fridge_ab118bcf59/1.jpg"", ""/content/drive/MyDrive/olx_fridges_dataset/images/fridge_ab118bcf59/2.jpg"", ""/content/drive/MyDrive/olx_fridges_dataset/images/fridge_ab118bcf59/3.jpg"", ""/content/drive/MyDrive/olx_fridges_dataset/images/fridge_ab118bcf59/4.jpg"", ""/content/drive/MyDrive/olx_fridges_dataset/images/fridge_ab118bcf59/5.jpg"", ""/content/drive/MyDrive/olx_fridges_dataset/images/fridge_ab118bcf59/6.jpg"", ""/content/drive/MyDrive/olx_fridges_dataset/images/fridge_ab118bcf59/7.jpg"", ""/content/drive/MyDrive/olx_fridges_dataset/images/fridge_ab118bcf59/8.jpg"", ""/content/drive/MyDrive/olx_fridges_dataset/images/fridge_ab118bcf59/9.jpg"", ""/content/drive/MyDrive/olx_fridges_dataset/images/fridge_ab118bcf59/10.jpg"", ""/content/drive/MyDrive/olx_fridges_dataset/images/fridge_ab118bcf59/11.jpg"", ""/content/drive/MyDrive/olx_fridges_dataset/images/fridge_ab118bcf59/12.jpg"", ""/content/drive/MyDrive/olx_fridges_dataset/images/fridge_ab118bcf59/13.jpg"", ""/content/drive/MyDrive/olx_fridges_dataset/images/fridge_ab118bcf59/14.jpg""]",14,2025-12-08 05:36:14.470478
fridge_4749450836,https://www.olx.in/item/fridges-c1617-single-door-refrigerator-available-in-in-chittattukara-pavaratty-iid-1805046529,SINGLE DOOR REFRIGERATOR AVAILABLE IN,REPLACEMENT WARRANTY ALL BRANDS AVAILABLE GOOD QUALITY PRODUCTS CASH ON DELIVERY FREE HOME DELIVERY - Fridges,3999,"[""/content/drive/MyDrive/olx_fridges_dataset/images/fridge_4749450836/1.jpg"", ""/content/drive/MyDrive/olx_fridges_dataset/images/fridge_4749450836/2.jpg"", ""/content/drive/MyDrive/olx_fridges_dataset/images/fridge_4749450836/3.jpg"", ""/content/drive/MyDrive/olx_fridges_dataset/images/fridge_4749450836/4.jpg"", ""/content/drive/MyDrive/olx_fridges_dataset/images/fridge_4749450836/5.jpg"", ""/content/drive/MyDrive/olx_fridges_dataset/images/fridge_4749450836/6.jpg"", ""/content/drive/MyDrive/olx_fridges_dataset/images/fridge_4749450836/7.jpg"", ""/content/drive/MyDrive/olx_fridges_dataset/images/fridge_4749450836/8.jpg"", ""/content/drive/MyDrive/olx_fridges_dataset/images/fridge_4749450836/9.jpg"", ""/content/drive/MyDrive/olx_fridges_dataset/images/fridge_4749450836/10.jpg"", ""/content/drive/MyDrive/olx_fridges_dataset/images/fridge_4749450836/11.jpg"", ""/content/drive/MyDrive/olx_fridges_dataset/images/fridge_4749450836/12.jpg"", ""/content/drive/MyDrive/olx_fridges_dataset/images/fridge_4749450836/13.jpg"", ""/content/drive/MyDrive/olx_fridges_dataset/images/fridge_4749450836/14.jpg""]",14,2025-12-08 05:36:26.223895
fridge_793068d576,https://www.olx.in/item/fridges-c1617-refurbished-refrigerator-in-angeripalayam-tiruppur-iid-1825726814,Refurbished Refrigerator,All Brand used Refrigerator Available in Affordable price with 6 Month's Warranty Dont Miss it E Tech Engineering Refrigeration and air Conditioning - Fridges,4999,"[""/content/drive/MyDrive/olx_fridges_dataset/images/fridge_793068d576/1.jpg"", ""/content/drive/MyDrive/olx_fridges_dataset/images/fridge_793068d576/2.jpg"", ""/content/drive/MyDrive/olx_fridges_dataset/images/fridge_793068d576/3.jpg"", ""/content/drive/MyDrive/olx_fridges_dataset/images/fridge_793068d576/4.jpg"", ""/content/drive/MyDrive/olx_fridges_dataset/images/fridge_793068d576/5.jpg"", ""/content/drive/MyDrive/olx_fridges_dataset/images/fridge_793068d576/6.jpg"", ""/content/drive/MyDrive/olx_fridges_dataset/images/fridge_793068d576/7.jpg"", ""/content/drive/MyDrive/olx_fridges_dataset/images/fridge_793068d576/8.jpg"", ""/content/drive/MyDrive/olx_fridges_dataset/images/fridge_793068d576/9.jpg"", ""/content/drive/MyDrive/olx_fridges_dataset/images/fridge_793068d576/10.jpg"", ""/content/drive/MyDrive/olx_fridges_dataset/images/fridge_793068d576/11.jpg"", ""/content/drive/MyDrive/olx_fridges_dataset/images/fridge_793068d576/12.jpg"", ""/content/drive/MyDrive/olx_fridges_dataset/images/fridge_793068d576/13.jpg"", ""/content/drive/MyDrive/olx_fridges_dataset/images/fridge_793068d576/14.jpg"", ""/content/drive/MyDrive/olx_fridges_dataset/images/fridge_793068d576/15.jpg"", ""/content/drive/MyDrive/olx_fridges_dataset/images/fridge_793068d576/16.jpg""]",16,2025-12-08 05:36:37.866204
fridge_ead801ead8,https://www.olx.in/item/fridges-c1617-refrigerator-available-in-vadookara-thrissur-iid-1821080946,REFRIGERATOR AVAILABLE,Free home delivery Replacement warranty - Fridges,3999,"[""/content/drive/MyDrive/olx_fridges_dataset/images/fridge_ead801ead8/1.jpg"", ""/content/drive/MyDrive/olx_fridges_dataset/images/fridge_ead801ead8/2.jpg"", ""/content/drive/MyDrive/olx_fridges_dataset/images/fridge_ead801ead8/3.jpg"", ""/content/drive/MyDrive/olx_fridges_dataset/images/fridge_ead801ead8/4.jpg"", ""/content/drive/MyDrive/olx_fridges_dataset/images/fridge_ead801ead8/5.jpg"", ""/content/drive/MyDrive/olx_fridges_dataset/images/fridge_ead801ead8/6.jpg"", ""/content/drive/MyDrive/olx_fridges_dataset/images/fridge_ead801ead8/7.jpg"", ""/content/drive/MyDrive/olx_fridges_dataset/images/fridge_ead801ead8/8.jpg"", ""/content/drive/MyDrive/olx_fridges_dataset/images/fridge_ead801ead8/9.jpg"", ""/content/drive/MyDrive/olx_fridges_dataset/images/fridge_ead801ead8/10.jpg"", ""/content/drive/MyDrive/olx_fridges_dataset/images/fridge_ead801ead8/11.jpg"", ""/content/drive/MyDrive/olx_fridges_dataset/images/fridge_ead801ead8/12.jpg"", ""/content/drive/MyDrive/olx_fridges_dataset/images/fridge_ead801ead8/13.jpg"", ""/content/drive/MyDrive/olx_fridges_dataset/images/fridge_ead801ead8/14.jpg""]",14,2025-12-08 05:36:45.347359
fridge_49b9f94308,https://www.olx.in/item/fridges-c1617-voltas-beko-single-door-fridge-10000-in-golibar-maidan-pune-iid-1828633839,Voltas Beko Single door fridge ₹ 10000,I bought the Fridge in Jun 2024 ..Selling as I am leaving pune - Fridges,10000,"[""/content/drive/MyDrive/olx_fridges_dataset/images/fridge_49b9f94308/1.jpg"", ""/content/drive/MyDrive/olx_fridges_dataset/images/fridge_49b9f94308/2.jpg"", ""/content/drive/MyDrive/olx_fridges_dataset/images/fridge_49b9f94308/3.jpg"", ""/content/drive/MyDrive/olx_fridges_dataset/images/fridge_49b9f94308/4.jpg"", ""/content/drive/MyDrive/olx_fridges_dataset/images/fridge_49b9f94308/5.jpg"", ""/content/drive/MyDrive/olx_fridges_dataset/images/fridge_49b9f94308/6.jpg"", ""/content/drive/MyDrive/olx_fridges_dataset/images/fridge_49b9f94308/7.jpg"", ""/content/drive/MyDrive/olx_fridges_dataset/images/fridge_49b9f94308/8.jpg"", ""/content/drive/MyDrive/olx_fridges_dataset/images/fridge_49b9f94308/9.jpg"", ""/content/drive/MyDrive/olx_fridges_dataset/images/fridge_49b9f94308/10.jpg"", ""/content/drive/MyDrive/olx_fridges_dataset/images/fridge_49b9f94308/11.jpg"", ""/content/drive/MyDrive/olx_fridges_dataset/images/fridge_49b9f94308/12.jpg"", ""/content/drive/MyDrive/olx_fridges_dataset/images/fridge_49b9f94308/13.jpg"", ""/content/drive/MyDrive/olx_fridges_dataset/images/fridge_49b9f94308/14.jpg""]",14,2025-12-08 05:36:53.825767
fridge_0fe6260eaf,https://www.olx.in/item/fridges-c1617-whirlpool-fully-automatic-top-load-7kg-load-washing-machine-in-gandhi-chowk-brajarajnagar-iid-1828634748,Whirlpool fully automatic top load 7kg load washing machine,Only 2 years old Almost new condition rarely used due to water shortage in our area a stand is free condition is superb grab it - Fridges,8000,"[""/content/drive/MyDrive/olx_fridges_dataset/images/fridge_0fe6260eaf/1.jpg"", ""/content/drive/MyDrive/olx_fridges_dataset/images/fridge_0fe6260eaf/2.jpg"", ""/content/drive/MyDrive/olx_fridges_dataset/images/fridge_0fe6260eaf/3.jpg"", ""/content/drive/MyDrive/olx_fridges_dataset/images/fridge_0fe6260eaf/4.jpg"", ""/content/drive/MyDrive/olx_fridges_dataset/images/fridge_0fe6260eaf/5.jpg"", ""/content/drive/MyDrive/olx_fridges_dataset/images/fridge_0fe6260eaf/6.jpg"", ""/content/drive/MyDrive/olx_fridges_dataset/images/fridge_0fe6260eaf/7.jpg"", ""/content/drive/MyDrive/olx_fridges_dataset/images/fridge_0fe6260eaf/8.jpg"", ""/content/drive/MyDrive/olx_fridges_dataset/images/fridge_0fe6260eaf/9.jpg"", ""/content/drive/MyDrive/olx_fridges_dataset/images/fridge_0fe6260eaf/10.jpg"", ""/content/drive/MyDrive/olx_fridges_dataset/images/fridge_0fe6260eaf/11.jpg"", ""/content/drive/MyDrive/olx_fridges_dataset/images/fridge_0fe6260eaf/12.jpg"", ""/content/drive/MyDrive/olx_fridges_dataset/images/fridge_0fe6260eaf/13.jpg"", ""/content/drive/MyDrive/olx_fridges_dataset/images/fridge_0fe6260eaf/14.jpg""]",14,2025-12-08 05:37:02.512440
fridge_648857025d,https://www.olx.in/item/fridges-c1617-fully-working-washing-machine-and-fridge-for-sale-great-condition-in-jakkur-bengaluru-iid-1827854579,Fully Working Washing Machine and Fridge for Sale – Great Condition!”,"> Visit our website for more options: www .yourchoiz. in Flat ₹500 OFF + Cash on Delivery Use code: NAMMAYOURCHOIZ at www .yourchoiz. in Refurbished Appliances at Best Price – Quality You Can Trust! Looking for affordable home appliances without compromising on quality? Our refurbished refrigerators and washing machines are carefully inspected, fully tested, and restored to perfect working condition by experts. Why Choose Us? Fully tested and repaired if needed Professionally cleaned and sanitized Minor cosmetic marks possible, but 100% functional Environment-friendly and budget-friendly Available Products: Single Door Refrigerator – Starting at just ₹4,999 Double Door Refrigerator – Starting at ₹6,999 Top Load Washing Machine – Starting at ₹4,999 Front Load Washing Machine – Starting at ₹6,999 Warranty: 1 Year Warranty on Motor and Compressor Free delivery available in Bangalore Visit us today and give your home a smart upgrade at a smart price! - Fridges",500,"[""/content/drive/MyDrive/olx_fridges_dataset/images/fridge_648857025d/1.jpg"", ""/content/drive/MyDrive/olx_fridges_dataset/images/fridge_648857025d/2.jpg"", ""/content/drive/MyDrive/olx_fridges_dataset/images/fridge_648857025d/3.jpg"", ""/content/drive/MyDrive/olx_fridges_dataset/images/fridge_648857025d/4.jpg"", ""/content/drive/MyDrive/olx_fridges_dataset/images/fridge_648857025d/5.jpg"", ""/content/drive/MyDrive/olx_fridges_dataset/images/fridge_648857025d/6.jpg"", ""/content/drive/MyDrive/olx_fridges_dataset/images/fridge_648857025d/7.jpg"", ""/content/drive/MyDrive/olx_fridges_dataset/images/fridge_648857025d/8.jpg"", ""/content/drive/MyDrive/olx_fridges_dataset/images/fridge_648857025d/9.jpg"", ""/content/drive/MyDrive/olx_fridges_dataset/images/fridge_648857025d/10.jpg"", ""/content/drive/MyDrive/olx_fridges_dataset/images/fridge_648857025d/11.jpg"", ""/content/drive/MyDrive/olx_fridges_dataset/images/fridge_648857025d/12.jpg"", ""/content/drive/MyDrive/olx_fridges_dataset/images/fridge_648857025d/13.jpg"", ""/content/drive/MyDrive/olx_fridges_dataset/images/fridge_648857025d/14.jpg""]",14,2025-12-08 05:37:12.099889
fridge_e475bb0538,https://www.olx.in/item/fridges-c1617-premium-quality-washing-machine-available-in-chiriyamkandath-nagar-guruvayur-iid-1827665661,PREMIUM QUALITY WASHING MACHINE AVAILABLE,REPLACEMENT WARRANTY FREE HOME DELIVERY - Fridges,4999,"[""/content/drive/MyDrive/olx_fridges_dataset/images/fridge_e475bb0538/1.jpg"", ""/content/drive/MyDrive/olx_fridges_dataset/images/fridge_e475bb0538/2.jpg"", ""/content/drive/MyDrive/olx_fridges_dataset/images/fridge_e475bb0538/3.jpg"", ""/content/drive/MyDrive/olx_fridges_dataset/images/fridge_e475bb0538/4.jpg"", ""/content/drive/MyDrive/olx_fridges_dataset/images/fridge_e475bb0538/5.jpg"", ""/content/drive/MyDrive/olx_fridges_dataset/images/fridge_e475bb0538/6.jpg"", ""/content/drive/MyDrive/olx_fridges_dataset/images/fridge_e475bb0538/7.jpg"", ""/content/drive/MyDrive/olx_fridges_dataset/images/fridge_e475bb0538/8.jpg"", ""/content/drive/MyDrive/olx_fridges_dataset/images/fridge_e475bb0538/9.jpg"", ""/content/drive/MyDrive/olx_fridges_dataset/images/fridge_e475bb0538/10.jpg"", ""/content/drive/MyDrive/olx_fridges_dataset/images/fridge_e475bb0538/11.jpg"", ""/content/drive/MyDrive/olx_fridges_dataset/images/fridge_e475bb0538/12.jpg"", ""/content/drive/MyDrive/olx_fridges_dataset/images/fridge_e475bb0538/13.jpg"", ""/content/drive/MyDrive/olx_fridges_dataset/images/fridge_e475bb0538/14.jpg""]",14,2025-12-08 05:37:23.892684
fridge_de1fd22fec,https://www.olx.in/item/fridges-c1617-samsung-crom-finishing-single-door-frize-in-bommanahalli-bengaluru-iid-1827437512,Samsung crom finishing single door frize,"Visit our website for more options: www .yourchoiz. in Flat ₹500 OFF + Cash on Delivery Use code: NAMMAYOURCHOIZ at www .yourchoiz. in Refurbished Appliances at Best Price – Quality You Can Trust! Looking for affordable home appliances without compromising on quality? Our refurbished refrigerators and washing machines are carefully inspected, fully tested, and restored to perfect working condition by experts. Why Choose Us? Fully tested and repaired if needed Professionally cleaned and sanitized Minor cosmetic marks possible, but 100% functional Environment-friendly and budget-friendly Available Products: Single Door Refrigerator – Starting at just ₹5499 Double Door Refrigerator – Starting at ₹7499 Top Load Washing Machine – Starting at ₹5499 Front Load Washing Machine – Starting at ₹7499 Warranty: 1 Year Warranty on Motor and Compressor Free delivery available in Bangalore Visit us today and give your home a smart upgrade at a smart price! - Fridges",500,"[""/content/drive/MyDrive/olx_fridges_dataset/images/fridge_de1fd22fec/1.jpg"", ""/content/drive/MyDrive/olx_fridges_dataset/images/fridge_de1fd22fec/2.jpg"", ""/content/drive/MyDrive/olx_fridges_dataset/images/fridge_de1fd22fec/3.jpg"", ""/content/drive/MyDrive/olx_fridges_dataset/images/fridge_de1fd22fec/4.jpg"", ""/content/drive/MyDrive/olx_fridges_dataset/images/fridge_de1fd22fec/5.jpg"", ""/content/drive/MyDrive/olx_fridges_dataset/images/fridge_de1fd22fec/6.jpg"", ""/content/drive/MyDrive/olx_fridges_dataset/images/fridge_de1fd22fec/7.jpg"", ""/content/drive/MyDrive/olx_fridges_dataset/images/fridge_de1fd22fec/8.jpg"", ""/content/drive/MyDrive/olx_fridges_dataset/images/fridge_de1fd22fec/9.jpg"", ""/content/drive/MyDrive/olx_fridges_dataset/images/fridge_de1fd22fec/10.jpg"", ""/content/drive/MyDrive/olx_fridges_dataset/images/fridge_de1fd22fec/11.jpg"", ""/content/drive/MyDrive/olx_fridges_dataset/images/fridge_de1fd22fec/12.jpg"", ""/content/drive/MyDrive/olx_fridges_dataset/images/fridge_de1fd22fec/13.jpg"", ""/content/drive/MyDrive/olx_fridges_dataset/images/fridge_de1fd22fec/14.jpg""]",14,2025-12-08 05:37:34.292528
fridge_5125250f32,https://www.olx.in/item/fridges-c1617-fridge-single-door-double-door-available-in-thriprayar-thanniyam-iid-1803584624,FRIDGE SINGLE DOOR DOUBLE DOOR AVAILABLE,GOOD QUALITY PRODUCTS REPLACEMENT WARRANTY ALL BRANDS AVAILABLE CONTACT ME FREE HOME DELIVERY - Fridges,6499,"[""/content/drive/MyDrive/olx_fridges_dataset/images/fridge_5125250f32/1.jpg"", ""/content/drive/MyDrive/olx_fridges_dataset/images/fridge_5125250f32/2.jpg"", ""/content/drive/MyDrive/olx_fridges_dataset/images/fridge_5125250f32/3.jpg"", ""/content/drive/MyDrive/olx_fridges_dataset/images/fridge_5125250f32/4.jpg"", ""/content/drive/MyDrive/olx_fridges_dataset/images/fridge_5125250f32/5.jpg"", ""/content/drive/MyDrive/olx_fridges_dataset/images/fridge_5125250f32/6.jpg"", ""/content/drive/MyDrive/olx_fridges_dataset/images/fridge_5125250f32/7.jpg"", ""/content/drive/MyDrive/olx_fridges_dataset/images/fridge_5125250f32/8.jpg"", ""/content/drive/MyDrive/olx_fridges_dataset/images/fridge_5125250f32/9.jpg"", ""/content/drive/MyDrive/olx_fridges_dataset/images/fridge_5125250f32/10.jpg"", ""/content/drive/MyDrive/olx_fridges_dataset/images/fridge_5125250f32/11.jpg"", ""/content/drive/MyDrive/olx_fridges_dataset/images/fridge_5125250f32/12.jpg"", ""/content/drive/MyDrive/olx_fridges_dataset/images/fridge_5125250f32/13.jpg"", ""/content/drive/MyDrive/olx_fridges_dataset/images/fridge_5125250f32/14.jpg""]",14,2025-12-08 05:37:42.190146
fridge_598c2c53ae,https://www.olx.in/item/fridges-c1617-lg-fridge-working-condition-in-kothapalle-proddatur-iid-1828635161,LG fridge working condition,Very good condition - Fridges,5000,"[""/content/drive/MyDrive/olx_fridges_dataset/images/fridge_598c2c53ae/1.jpg"", ""/content/drive/MyDrive/olx_fridges_dataset/images/fridge_598c2c53ae/2.jpg"", ""/content/drive/MyDrive/olx_fridges_dataset/images/fridge_598c2c53ae/3.jpg"", ""/content/drive/MyDrive/olx_fridges_dataset/images/fridge_598c2c53ae/4.jpg"", ""/content/drive/MyDrive/olx_fridges_dataset/images/fridge_598c2c53ae/5.jpg"", ""/content/drive/MyDrive/olx_fridges_dataset/images/fridge_598c2c53ae/6.jpg"", ""/content/drive/MyDrive/olx_fridges_dataset/images/fridge_598c2c53ae/7.jpg"", ""/content/drive/MyDrive/olx_fridges_dataset/images/fridge_598c2c53ae/8.jpg"", ""/content/drive/MyDrive/olx_fridges_dataset/images/fridge_598c2c53ae/9.jpg"", ""/content/drive/MyDrive/olx_fridges_dataset/images/fridge_598c2c53ae/10.jpg"", ""/content/drive/MyDrive/olx_fridges_dataset/images/fridge_598c2c53ae/11.jpg"", ""/content/drive/MyDrive/olx_fridges_dataset/images/fridge_598c2c53ae/12.jpg"", ""/content/drive/MyDrive/olx_fridges_dataset/images/fridge_598c2c53ae/13.jpg"", ""/content/drive/MyDrive/olx_fridges_dataset/images/fridge_598c2c53ae/14.jpg""]",14,2025-12-08 05:37:50.317281
fridge_8fec7b1fa2,https://www.olx.in/item/fridges-c1617-lg-refrigerator-for-sale-4k-in-dodda-bommasandra-bengaluru-iid-1828633758,LG Refrigerator for sale @4k,Sparingly used LG Refrigerator is for sale and very good condition - Fridges,4000,"[""/content/drive/MyDrive/olx_fridges_dataset/images/fridge_8fec7b1fa2/1.jpg"", ""/content/drive/MyDrive/olx_fridges_dataset/images/fridge_8fec7b1fa2/2.jpg"", ""/content/drive/MyDrive/olx_fridges_dataset/images/fridge_8fec7b1fa2/3.jpg"", ""/content/drive/MyDrive/olx_fridges_dataset/images/fridge_8fec7b1fa2/4.jpg"", ""/content/drive/MyDrive/olx_fridges_dataset/images/fridge_8fec7b1fa2/5.jpg"", ""/content/drive/MyDrive/olx_fridges_dataset/images/fridge_8fec7b1fa2/6.jpg"", ""/content/drive/MyDrive/olx_fridges_dataset/images/fridge_8fec7b1fa2/7.jpg"", ""/content/drive/MyDrive/olx_fridges_dataset/images/fridge_8fec7b1fa2/8.jpg"", ""/content/drive/MyDrive/olx_fridges_dataset/images/fridge_8fec7b1fa2/9.jpg"", ""/content/drive/MyDrive/olx_fridges_dataset/images/fridge_8fec7b1fa2/10.jpg"", ""/content/drive/MyDrive/olx_fridges_dataset/images/fridge_8fec7b1fa2/11.jpg"", ""/content/drive/MyDrive/olx_fridges_dataset/images/fridge_8fec7b1fa2/12.jpg"", ""/content/drive/MyDrive/olx_fridges_dataset/images/fridge_8fec7b1fa2/13.jpg"", ""/content/drive/MyDrive/olx_fridges_dataset/images/fridge_8fec7b1fa2/14.jpg""]",14,2025-12-08 05:38:00.475160
fridge_e7f917bc6e,https://www.olx.in/item/fridges-c1617-single-door-refrigerator-available7-in-anjagadi-chavakkad-iid-1804271401,SINGLE DOOR REFRIGERATOR AVAILABLE7,REPLACEMENT WARRANTY ALL BRANDS AVAILABLE GOOD QUALITY PRODUCTS CONTACT ME FREE HOME DELIVERY - Fridges,3999,"[""/content/drive/MyDrive/olx_fridges_dataset/images/fridge_e7f917bc6e/1.jpg"", ""/content/drive/MyDrive/olx_fridges_dataset/images/fridge_e7f917bc6e/2.jpg"", ""/content/drive/MyDrive/olx_fridges_dataset/images/fridge_e7f917bc6e/3.jpg"", ""/content/drive/MyDrive/olx_fridges_dataset/images/fridge_e7f917bc6e/4.jpg"", ""/content/drive/MyDrive/olx_fridges_dataset/images/fridge_e7f917bc6e/5.jpg"", ""/content/drive/MyDrive/olx_fridges_dataset/images/fridge_e7f917bc6e/6.jpg"", ""/content/drive/MyDrive/olx_fridges_dataset/images/fridge_e7f917bc6e/7.jpg"", ""/content/drive/MyDrive/olx_fridges_dataset/images/fridge_e7f917bc6e/8.jpg"", ""/content/drive/MyDrive/olx_fridges_dataset/images/fridge_e7f917bc6e/9.jpg"", ""/content/drive/MyDrive/olx_fridges_dataset/images/fridge_e7f917bc6e/10.jpg"", ""/content/drive/MyDrive/olx_fridges_dataset/images/fridge_e7f917bc6e/11.jpg"", ""/content/drive/MyDrive/olx_fridges_dataset/images/fridge_e7f917bc6e/12.jpg"", ""/content/drive/MyDrive/olx_fridges_dataset/images/fridge_e7f917bc6e/13.jpg"", ""/content/drive/MyDrive/olx_fridges_dataset/images/fridge_e7f917bc6e/14.jpg""]",14,2025-12-08 05:38:12.414964
fridge_2ca9674ab5,https://www.olx.in/item/fridges-c1617-samsung-single-door-189l-fridge-in-sayaji-township-road-vadodara-iid-1827898676,Samsung single door 189L  fridge,"Samsung single door 189L fridge. New brand samsung single door fridge used only 3 months, Purchased from croma, 20 years warranty 5 star rating. Bill available, Sell due to job shifting.. - Fridges",17100,"[""/content/drive/MyDrive/olx_fridges_dataset/images/fridge_2ca9674ab5/1.jpg"", ""/content/drive/MyDrive/olx_fridges_dataset/images/fridge_2ca9674ab5/2.jpg"", ""/content/drive/MyDrive/olx_fridges_dataset/images/fridge_2ca9674ab5/3.jpg"", ""/content/drive/MyDrive/olx_fridges_dataset/images/fridge_2ca9674ab5/4.jpg"", ""/content/drive/MyDrive/olx_fridges_dataset/images/fridge_2ca9674ab5/5.jpg"", ""/content/drive/MyDrive/olx_fridges_dataset/images/fridge_2ca9674ab5/6.jpg"", ""/content/drive/MyDrive/olx_fridges_dataset/images/fridge_2ca9674ab5/7.jpg"", ""/content/drive/MyDrive/olx_fridges_dataset/images/fridge_2ca9674ab5/8.jpg"", ""/content/drive/MyDrive/olx_fridges_dataset/images/fridge_2ca9674ab5/9.jpg"", ""/content/drive/MyDrive/olx_fridges_dataset/images/fridge_2ca9674ab5/10.jpg"", ""/content/drive/MyDrive/olx_fridges_dataset/images/fridge_2ca9674ab5/11.jpg"", ""/content/drive/MyDrive/olx_fridges_dataset/images/fridge_2ca9674ab5/12.jpg"", ""/content/drive/MyDrive/olx_fridges_dataset/images/fridge_2ca9674ab5/13.jpg"", ""/content/drive/MyDrive/olx_fridges_dataset/images/fridge_2ca9674ab5/14.jpg""]",14,2025-12-08 05:38:28.538476
fridge_e1c1a0842c,https://www.olx.in/item/fridges-c1617-hard-top-chest-freezer-in-kokkallur-balusseri-iid-1826649487,Hard Top Chest Freezer,"Western Deep Freezer EWHD580H (580 Liter, Double Door) 3 nos. 20000/- each Ice Box 60L 1750/- Ice Box 100L 3500/- Wooden Table with Glass and Benches 6000/- Price negotiable - Fridges",20000,"[""/content/drive/MyDrive/olx_fridges_dataset/images/fridge_e1c1a0842c/1.jpg"", ""/content/drive/MyDrive/olx_fridges_dataset/images/fridge_e1c1a0842c/2.jpg"", ""/content/drive/MyDrive/olx_fridges_dataset/images/fridge_e1c1a0842c/3.jpg"", ""/content/drive/MyDrive/olx_fridges_dataset/images/fridge_e1c1a0842c/4.jpg"", ""/content/drive/MyDrive/olx_fridges_dataset/images/fridge_e1c1a0842c/5.jpg"", ""/content/drive/MyDrive/olx_fridges_dataset/images/fridge_e1c1a0842c/6.jpg"", ""/content/drive/MyDrive/olx_fridges_dataset/images/fridge_e1c1a0842c/7.jpg"", ""/content/drive/MyDrive/olx_fridges_dataset/images/fridge_e1c1a0842c/8.jpg"", ""/content/drive/MyDrive/olx_fridges_dataset/images/fridge_e1c1a0842c/9.jpg"", ""/content/drive/MyDrive/olx_fridges_dataset/images/fridge_e1c1a0842c/10.jpg"", ""/content/drive/MyDrive/olx_fridges_dataset/images/fridge_e1c1a0842c/11.jpg"", ""/content/drive/MyDrive/olx_fridges_dataset/images/fridge_e1c1a0842c/12.jpg"", ""/content/drive/MyDrive/olx_fridges_dataset/images/fridge_e1c1a0842c/13.jpg"", ""/content/drive/MyDrive/olx_fridges_dataset/images/fridge_e1c1a0842c/14.jpg""]",14,2025-12-08 05:38:41.931968
fridge_777e773977,https://www.olx.in/item/fridges-c1617-lg-single-door-fridge-190l-working-condition-urgent-sale-in-shakarpur-delhi-iid-1828633619,LG Single Door Fridge 190L – Working Condition – Urgent Sale,"LG single door refrigerator approx 180–200 litres. Cooling bilkul perfect hai, compressor sahi chal raha hai. fridge pura working condition me hai. Outer body theek hai. Urgent sale, price negotiable. Only genuine buyers. - Fridges",5000,"[""/content/drive/MyDrive/olx_fridges_dataset/images/fridge_777e773977/1.jpg"", ""/content/drive/MyDrive/olx_fridges_dataset/images/fridge_777e773977/2.jpg"", ""/content/drive/MyDrive/olx_fridges_dataset/images/fridge_777e773977/3.jpg"", ""/content/drive/MyDrive/olx_fridges_dataset/images/fridge_777e773977/4.jpg"", ""/content/drive/MyDrive/olx_fridges_dataset/images/fridge_777e773977/5.jpg"", ""/content/drive/MyDrive/olx_fridges_dataset/images/fridge_777e773977/6.jpg"", ""/content/drive/MyDrive/olx_fridges_dataset/images/fridge_777e773977/7.jpg"", ""/content/drive/MyDrive/olx_fridges_dataset/images/fridge_777e773977/8.jpg"", ""/content/drive/MyDrive/olx_fridges_dataset/images/fridge_777e773977/9.jpg"", ""/content/drive/MyDrive/olx_fridges_dataset/images/fridge_777e773977/10.jpg"", ""/content/drive/MyDrive/olx_fridges_dataset/images/fridge_777e773977/11.jpg"", ""/content/drive/MyDrive/olx_fridges_dataset/images/fridge_777e773977/12.jpg"", ""/content/drive/MyDrive/olx_fridges_dataset/images/fridge_777e773977/13.jpg"", ""/content/drive/MyDrive/olx_fridges_dataset/images/fridge_777e773977/14.jpg""]",14,2025-12-08 05:38:58.412355
fridge_36bf6594e1,https://www.olx.in/item/fridges-c1617-single-door-refrigerator-available-in-in-tana-irinjalakuda-iid-1804272174,SINGLE DOOR REFRIGERATOR AVAILABLE IN,REPLACEMENT WARRANTY ALL BRANDS AVAILABLE GOOD QUALITY PRODUCTS CONTACT ME FREE HOME DELIVERY - Fridges,3999,"[""/content/drive/MyDrive/olx_fridges_dataset/images/fridge_36bf6594e1/1.jpg"", ""/content/drive/MyDrive/olx_fridges_dataset/images/fridge_36bf6594e1/2.jpg"", ""/content/drive/MyDrive/olx_fridges_dataset/images/fridge_36bf6594e1/3.jpg"", ""/content/drive/MyDrive/olx_fridges_dataset/images/fridge_36bf6594e1/4.jpg"", ""/content/drive/MyDrive/olx_fridges_dataset/images/fridge_36bf6594e1/5.jpg"", ""/content/drive/MyDrive/olx_fridges_dataset/images/fridge_36bf6594e1/6.jpg"", ""/content/drive/MyDrive/olx_fridges_dataset/images/fridge_36bf6594e1/7.jpg"", ""/content/drive/MyDrive/olx_fridges_dataset/images/fridge_36bf6594e1/8.jpg"", ""/content/drive/MyDrive/olx_fridges_dataset/images/fridge_36bf6594e1/9.jpg"", ""/content/drive/MyDrive/olx_fridges_dataset/images/fridge_36bf6594e1/10.jpg"", ""/content/drive/MyDrive/olx_fridges_dataset/images/fridge_36bf6594e1/11.jpg"", ""/content/drive/MyDrive/olx_fridges_dataset/images/fridge_36bf6594e1/12.jpg"", ""/content/drive/MyDrive/olx_fridges_dataset/images/fridge_36bf6594e1/13.jpg"", ""/content/drive/MyDrive/olx_fridges_dataset/images/fridge_36bf6594e1/14.jpg""]",14,2025-12-08 05:39:13.411118
fridge_1fdc880115,https://www.olx.in/item/fridges-c1617-kelvinator-fridge-in-chromepet-shankar-nagar-chennai-iid-1828039265,Kelvinator fridge,90 litre capacity kelvinator fridge in proper working condition All warrenty books and purchase bill included - Fridges,5500,"[""/content/drive/MyDrive/olx_fridges_dataset/images/fridge_1fdc880115/1.jpg"", ""/content/drive/MyDrive/olx_fridges_dataset/images/fridge_1fdc880115/2.jpg"", ""/content/drive/MyDrive/olx_fridges_dataset/images/fridge_1fdc880115/3.jpg"", ""/content/drive/MyDrive/olx_fridges_dataset/images/fridge_1fdc880115/4.jpg"", ""/content/drive/MyDrive/olx_fridges_dataset/images/fridge_1fdc880115/5.jpg"", ""/content/drive/MyDrive/olx_fridges_dataset/images/fridge_1fdc880115/6.jpg"", ""/content/drive/MyDrive/olx_fridges_dataset/images/fridge_1fdc880115/7.jpg"", ""/content/drive/MyDrive/olx_fridges_dataset/images/fridge_1fdc880115/8.jpg"", ""/content/drive/MyDrive/olx_fridges_dataset/images/fridge_1fdc880115/9.jpg"", ""/content/drive/MyDrive/olx_fridges_dataset/images/fridge_1fdc880115/10.jpg"", ""/content/drive/MyDrive/olx_fridges_dataset/images/fridge_1fdc880115/11.jpg"", ""/content/drive/MyDrive/olx_fridges_dataset/images/fridge_1fdc880115/12.jpg"", ""/content/drive/MyDrive/olx_fridges_dataset/images/fridge_1fdc880115/13.jpg"", ""/content/drive/MyDrive/olx_fridges_dataset/images/fridge_1fdc880115/14.jpg""]",14,2025-12-08 05:39:27.852760
fridge_7f05435252,https://www.olx.in/item/fridges-c1617-premium-quality-refrigerator-available-in-kakkanad-kochi-iid-1817268366,PREMIUM QUALITY REFRIGERATOR AVAILABLE,REPLACEMENT WARRANTY ALL BRAND AVAILABLE GOOD QUALITY PRODUCTS - Fridges,3999,"[""/content/drive/MyDrive/olx_fridges_dataset/images/fridge_7f05435252/1.jpg"", ""/content/drive/MyDrive/olx_fridges_dataset/images/fridge_7f05435252/2.jpg"", ""/content/drive/MyDrive/olx_fridges_dataset/images/fridge_7f05435252/3.jpg"", ""/content/drive/MyDrive/olx_fridges_dataset/images/fridge_7f05435252/4.jpg"", ""/content/drive/MyDrive/olx_fridges_dataset/images/fridge_7f05435252/5.jpg"", ""/content/drive/MyDrive/olx_fridges_dataset/images/fridge_7f05435252/6.jpg"", ""/content/drive/MyDrive/olx_fridges_dataset/images/fridge_7f05435252/7.jpg"", ""/content/drive/MyDrive/olx_fridges_dataset/images/fridge_7f05435252/8.jpg"", ""/content/drive/MyDrive/olx_fridges_dataset/images/fridge_7f05435252/9.jpg"", ""/content/drive/MyDrive/olx_fridges_dataset/images/fridge_7f05435252/10.jpg"", ""/content/drive/MyDrive/olx_fridges_dataset/images/fridge_7f05435252/11.jpg"", ""/content/drive/MyDrive/olx_fridges_dataset/images/fridge_7f05435252/12.jpg"", ""/content/drive/MyDrive/olx_fridges_dataset/images/fridge_7f05435252/13.jpg"", ""/content/drive/MyDrive/olx_fridges_dataset/images/fridge_7f05435252/14.jpg""]",14,2025-12-08 05:39:38.565969
fridge_0d3bc306ea,https://www.olx.in/item/fridges-c1617-lg-fridge-200l-in-thergaon-mangal-nagar-pune-iid-1828633445,LG fridge 200L,Lg fridge 200L in perfect working condition . Well maintained and Colling properly. Just take and use. Offer price 6500. slightly negotiable. - Fridges,6500,"[""/content/drive/MyDrive/olx_fridges_dataset/images/fridge_0d3bc306ea/1.jpg"", ""/content/drive/MyDrive/olx_fridges_dataset/images/fridge_0d3bc306ea/2.jpg"", ""/content/drive/MyDrive/olx_fridges_dataset/images/fridge_0d3bc306ea/3.jpg"", ""/content/drive/MyDrive/olx_fridges_dataset/images/fridge_0d3bc306ea/4.jpg"", ""/content/drive/MyDrive/olx_fridges_dataset/images/fridge_0d3bc306ea/5.jpg"", ""/content/drive/MyDrive/olx_fridges_dataset/images/fridge_0d3bc306ea/6.jpg"", ""/content/drive/MyDrive/olx_fridges_dataset/images/fridge_0d3bc306ea/7.jpg"", ""/content/drive/MyDrive/olx_fridges_dataset/images/fridge_0d3bc306ea/8.jpg"", ""/content/drive/MyDrive/olx_fridges_dataset/images/fridge_0d3bc306ea/9.jpg"", ""/content/drive/MyDrive/olx_fridges_dataset/images/fridge_0d3bc306ea/10.jpg"", ""/content/drive/MyDrive/olx_fridges_dataset/images/fridge_0d3bc306ea/11.jpg"", ""/content/drive/MyDrive/olx_fridges_dataset/images/fridge_0d3bc306ea/12.jpg"", ""/content/drive/MyDrive/olx_fridges_dataset/images/fridge_0d3bc306ea/13.jpg"", ""/content/drive/MyDrive/olx_fridges_dataset/images/fridge_0d3bc306ea/14.jpg""]",14,2025-12-08 05:39:49.195764
fridge_7891b1f70b,https://www.olx.in/item/fridges-c1617-premium-quality-refrigerator-in-anchery-chira-thrissur-iid-1821080555,PREMIUM QUALITY REFRIGERATOR,Replacement warranty Free home delivery - Fridges,3999,"[""/content/drive/MyDrive/olx_fridges_dataset/images/fridge_7891b1f70b/1.jpg"", ""/content/drive/MyDrive/olx_fridges_dataset/images/fridge_7891b1f70b/2.jpg"", ""/content/drive/MyDrive/olx_fridges_dataset/images/fridge_7891b1f70b/3.jpg"", ""/content/drive/MyDrive/olx_fridges_dataset/images/fridge_7891b1f70b/4.jpg"", ""/content/drive/MyDrive/olx_fridges_dataset/images/fridge_7891b1f70b/5.jpg"", ""/content/drive/MyDrive/olx_fridges_dataset/images/fridge_7891b1f70b/6.jpg"", ""/content/drive/MyDrive/olx_fridges_dataset/images/fridge_7891b1f70b/7.jpg"", ""/content/drive/MyDrive/olx_fridges_dataset/images/fridge_7891b1f70b/8.jpg"", ""/content/drive/MyDrive/olx_fridges_dataset/images/fridge_7891b1f70b/9.jpg"", ""/content/drive/MyDrive/olx_fridges_dataset/images/fridge_7891b1f70b/10.jpg"", ""/content/drive/MyDrive/olx_fridges_dataset/images/fridge_7891b1f70b/11.jpg"", ""/content/drive/MyDrive/olx_fridges_dataset/images/fridge_7891b1f70b/12.jpg"", ""/content/drive/MyDrive/olx_fridges_dataset/images/fridge_7891b1f70b/13.jpg"", ""/content/drive/MyDrive/olx_fridges_dataset/images/fridge_7891b1f70b/14.jpg""]",14,2025-12-08 05:39:58.476055
fridge_433429e11e,https://www.olx.in/item/fridges-c1617-commercial-refrigerators-in-double-door-single-door-600-ltr-to-950ltr-in-rajendra-nagar-hyderabad-iid-1826476932,Commercial refrigerators in double door single door 600 ltr to 950ltr,Hi i have brand new commercial refrigerators in double door/single door in bulk qty intrested buyers can what's app - Fridges,70000,"[""/content/drive/MyDrive/olx_fridges_dataset/images/fridge_433429e11e/1.jpg"", ""/content/drive/MyDrive/olx_fridges_dataset/images/fridge_433429e11e/2.jpg"", ""/content/drive/MyDrive/olx_fridges_dataset/images/fridge_433429e11e/3.jpg"", ""/content/drive/MyDrive/olx_fridges_dataset/images/fridge_433429e11e/4.jpg"", ""/content/drive/MyDrive/olx_fridges_dataset/images/fridge_433429e11e/5.jpg"", ""/content/drive/MyDrive/olx_fridges_dataset/images/fridge_433429e11e/6.jpg"", ""/content/drive/MyDrive/olx_fridges_dataset/images/fridge_433429e11e/7.jpg"", ""/content/drive/MyDrive/olx_fridges_dataset/images/fridge_433429e11e/8.jpg"", ""/content/drive/MyDrive/olx_fridges_dataset/images/fridge_433429e11e/9.jpg"", ""/content/drive/MyDrive/olx_fridges_dataset/images/fridge_433429e11e/10.jpg"", ""/content/drive/MyDrive/olx_fridges_dataset/images/fridge_433429e11e/11.jpg"", ""/content/drive/MyDrive/olx_fridges_dataset/images/fridge_433429e11e/12.jpg"", ""/content/drive/MyDrive/olx_fridges_dataset/images/fridge_433429e11e/13.jpg"", ""/content/drive/MyDrive/olx_fridges_dataset/images/fridge_433429e11e/14.jpg""]",14,2025-12-08 05:40:08.021240
fridge_f441ce7695,https://www.olx.in/item/fridges-c1617-fridge-single-door-double-door-availablei-in-anapurna-kodungallur-iid-1803584616,FRIDGE SINGLE DOOR DOUBLE DOOR AVAILABLEi,GOOD QUALITY PRODUCTS REPLACEMENT WARRANTY ALL BRANDS AVAILABLE CONTACT ME FREE HOME DELIVERY - Fridges,3999,"[""/content/drive/MyDrive/olx_fridges_dataset/images/fridge_f441ce7695/1.jpg"", ""/content/drive/MyDrive/olx_fridges_dataset/images/fridge_f441ce7695/2.jpg"", ""/content/drive/MyDrive/olx_fridges_dataset/images/fridge_f441ce7695/3.jpg"", ""/content/drive/MyDrive/olx_fridges_dataset/images/fridge_f441ce7695/4.jpg"", ""/content/drive/MyDrive/olx_fridges_dataset/images/fridge_f441ce7695/5.jpg"", ""/content/drive/MyDrive/olx_fridges_dataset/images/fridge_f441ce7695/6.jpg"", ""/content/drive/MyDrive/olx_fridges_dataset/images/fridge_f441ce7695/7.jpg"", ""/content/drive/MyDrive/olx_fridges_dataset/images/fridge_f441ce7695/8.jpg"", ""/content/drive/MyDrive/olx_fridges_dataset/images/fridge_f441ce7695/9.jpg"", ""/content/drive/MyDrive/olx_fridges_dataset/images/fridge_f441ce7695/10.jpg"", ""/content/drive/MyDrive/olx_fridges_dataset/images/fridge_f441ce7695/11.jpg"", ""/content/drive/MyDrive/olx_fridges_dataset/images/fridge_f441ce7695/12.jpg"", ""/content/drive/MyDrive/olx_fridges_dataset/images/fridge_f441ce7695/13.jpg"", ""/content/drive/MyDrive/olx_fridges_dataset/images/fridge_f441ce7695/14.jpg""]",14,2025-12-08 05:40:22.205941
fridge_d97a0cbce2,https://www.olx.in/item/fridges-c1617-high-quality-refrigerator-available-in-vasanth-nagar-thrissur-iid-1825443537,High quality refrigerator available,Replacement warranty Free home delivery - Fridges,3999,"[""/content/drive/MyDrive/olx_fridges_dataset/images/fridge_d97a0cbce2/1.jpg"", ""/content/drive/MyDrive/olx_fridges_dataset/images/fridge_d97a0cbce2/2.jpg"", ""/content/drive/MyDrive/olx_fridges_dataset/images/fridge_d97a0cbce2/3.jpg"", ""/content/drive/MyDrive/olx_fridges_dataset/images/fridge_d97a0cbce2/4.jpg"", ""/content/drive/MyDrive/olx_fridges_dataset/images/fridge_d97a0cbce2/5.jpg"", ""/content/drive/MyDrive/olx_fridges_dataset/images/fridge_d97a0cbce2/6.jpg"", ""/content/drive/MyDrive/olx_fridges_dataset/images/fridge_d97a0cbce2/7.jpg"", ""/content/drive/MyDrive/olx_fridges_dataset/images/fridge_d97a0cbce2/8.jpg"", ""/content/drive/MyDrive/olx_fridges_dataset/images/fridge_d97a0cbce2/9.jpg"", ""/content/drive/MyDrive/olx_fridges_dataset/images/fridge_d97a0cbce2/10.jpg"", ""/content/drive/MyDrive/olx_fridges_dataset/images/fridge_d97a0cbce2/11.jpg"", ""/content/drive/MyDrive/olx_fridges_dataset/images/fridge_d97a0cbce2/12.jpg"", ""/content/drive/MyDrive/olx_fridges_dataset/images/fridge_d97a0cbce2/13.jpg"", ""/content/drive/MyDrive/olx_fridges_dataset/images/fridge_d97a0cbce2/14.jpg""]",14,2025-12-08 05:40:31.568862
fridge_a77b3d806e,https://www.olx.in/item/fridges-c1617-single-door-refrigerator-available-in-chalukunnu-kottayam-iid-1804270820,SINGLE DOOR REFRIGERATOR AVAILABLE,REPLACEMENT WARRANTY ALL BRANDS AVAILABLE GOOD QUALITY PRODUCTS CONTACT ME FREE HOME DELIVERY - Fridges,3999,"[""/content/drive/MyDrive/olx_fridges_dataset/images/fridge_a77b3d806e/1.jpg"", ""/content/drive/MyDrive/olx_fridges_dataset/images/fridge_a77b3d806e/2.jpg"", ""/content/drive/MyDrive/olx_fridges_dataset/images/fridge_a77b3d806e/3.jpg"", ""/content/drive/MyDrive/olx_fridges_dataset/images/fridge_a77b3d806e/4.jpg"", ""/content/drive/MyDrive/olx_fridges_dataset/images/fridge_a77b3d806e/5.jpg"", ""/content/drive/MyDrive/olx_fridges_dataset/images/fridge_a77b3d806e/6.jpg"", ""/content/drive/MyDrive/olx_fridges_dataset/images/fridge_a77b3d806e/7.jpg"", ""/content/drive/MyDrive/olx_fridges_dataset/images/fridge_a77b3d806e/8.jpg"", ""/content/drive/MyDrive/olx_fridges_dataset/images/fridge_a77b3d806e/9.jpg"", ""/content/drive/MyDrive/olx_fridges_dataset/images/fridge_a77b3d806e/10.jpg"", ""/content/drive/MyDrive/olx_fridges_dataset/images/fridge_a77b3d806e/11.jpg"", ""/content/drive/MyDrive/olx_fridges_dataset/images/fridge_a77b3d806e/12.jpg"", ""/content/drive/MyDrive/olx_fridges_dataset/images/fridge_a77b3d806e/13.jpg"", ""/content/drive/MyDrive/olx_fridges_dataset/images/fridge_a77b3d806e/14.jpg""]",14,2025-12-08 05:40:41.246436
fridge_e544fe7341,https://www.olx.in/item/fridges-c1617-fridge-for-sale-compressor-issue-in-race-course-coimbatore-iid-1823260506,Fridge for sale compressor issue,Fridge for sale - Fridges,1190,"[""/content/drive/MyDrive/olx_fridges_dataset/images/fridge_e544fe7341/1.jpg"", ""/content/drive/MyDrive/olx_fridges_dataset/images/fridge_e544fe7341/2.jpg"", ""/content/drive/MyDrive/olx_fridges_dataset/images/fridge_e544fe7341/3.jpg"", ""/content/drive/MyDrive/olx_fridges_dataset/images/fridge_e544fe7341/4.jpg"", ""/content/drive/MyDrive/olx_fridges_dataset/images/fridge_e544fe7341/5.jpg"", ""/content/drive/MyDrive/olx_fridges_dataset/images/fridge_e544fe7341/6.jpg"", ""/content/drive/MyDrive/olx_fridges_dataset/images/fridge_e544fe7341/7.jpg"", ""/content/drive/MyDrive/olx_fridges_dataset/images/fridge_e544fe7341/8.jpg"", ""/content/drive/MyDrive/olx_fridges_dataset/images/fridge_e544fe7341/9.jpg"", ""/content/drive/MyDrive/olx_fridges_dataset/images/fridge_e544fe7341/10.jpg"", ""/content/drive/MyDrive/olx_fridges_dataset/images/fridge_e544fe7341/11.jpg"", ""/content/drive/MyDrive/olx_fridges_dataset/images/fridge_e544fe7341/12.jpg"", ""/content/drive/MyDrive/olx_fridges_dataset/images/fridge_e544fe7341/13.jpg"", ""/content/drive/MyDrive/olx_fridges_dataset/images/fridge_e544fe7341/14.jpg""]",14,2025-12-08 05:40:50.832880
fridge_1b65d085a2,https://www.olx.in/item/fridges-c1617-premium-quality-refrigerator-available-in-kakkanad-kochi-iid-1818237257,PREMIUM QUALITY REFRIGERATOR AVAILABLE,REPLACEMENT WARRANTY FREE HOME DELIVERY ONLY CONTAC ME - Fridges,3999,"[""/content/drive/MyDrive/olx_fridges_dataset/images/fridge_1b65d085a2/1.jpg"", ""/content/drive/MyDrive/olx_fridges_dataset/images/fridge_1b65d085a2/2.jpg"", ""/content/drive/MyDrive/olx_fridges_dataset/images/fridge_1b65d085a2/3.jpg"", ""/content/drive/MyDrive/olx_fridges_dataset/images/fridge_1b65d085a2/4.jpg"", ""/content/drive/MyDrive/olx_fridges_dataset/images/fridge_1b65d085a2/5.jpg"", ""/content/drive/MyDrive/olx_fridges_dataset/images/fridge_1b65d085a2/6.jpg"", ""/content/drive/MyDrive/olx_fridges_dataset/images/fridge_1b65d085a2/7.jpg"", ""/content/drive/MyDrive/olx_fridges_dataset/images/fridge_1b65d085a2/8.jpg"", ""/content/drive/MyDrive/olx_fridges_dataset/images/fridge_1b65d085a2/9.jpg"", ""/content/drive/MyDrive/olx_fridges_dataset/images/fridge_1b65d085a2/10.jpg"", ""/content/drive/MyDrive/olx_fridges_dataset/images/fridge_1b65d085a2/11.jpg"", ""/content/drive/MyDrive/olx_fridges_dataset/images/fridge_1b65d085a2/12.jpg"", ""/content/drive/MyDrive/olx_fridges_dataset/images/fridge_1b65d085a2/13.jpg"", ""/content/drive/MyDrive/olx_fridges_dataset/images/fridge_1b65d085a2/14.jpg""]",14,2025-12-08 05:41:00.434145
fridge_6abe10705b,https://www.olx.in/item/fridges-c1617-single-door-refrigerator-available-in-moonubeedika-perinjanam-iid-1804272013,SINGLE DOOR REFRIGERATOR AVAILABLE,REPLACEMENT WARRANTY ALL BRANDS AVAILABLE GOOD QUALITY PRODUCTS CONTACT ME FREE HOME DELIVERY - Fridges,3999,"[""/content/drive/MyDrive/olx_fridges_dataset/images/fridge_6abe10705b/1.jpg"", ""/content/drive/MyDrive/olx_fridges_dataset/images/fridge_6abe10705b/2.jpg"", ""/content/drive/MyDrive/olx_fridges_dataset/images/fridge_6abe10705b/3.jpg"", ""/content/drive/MyDrive/olx_fridges_dataset/images/fridge_6abe10705b/4.jpg"", ""/content/drive/MyDrive/olx_fridges_dataset/images/fridge_6abe10705b/5.jpg"", ""/content/drive/MyDrive/olx_fridges_dataset/images/fridge_6abe10705b/6.jpg"", ""/content/drive/MyDrive/olx_fridges_dataset/images/fridge_6abe10705b/7.jpg"", ""/content/drive/MyDrive/olx_fridges_dataset/images/fridge_6abe10705b/8.jpg"", ""/content/drive/MyDrive/olx_fridges_dataset/images/fridge_6abe10705b/9.jpg"", ""/content/drive/MyDrive/olx_fridges_dataset/images/fridge_6abe10705b/10.jpg"", ""/content/drive/MyDrive/olx_fridges_dataset/images/fridge_6abe10705b/11.jpg"", ""/content/drive/MyDrive/olx_fridges_dataset/images/fridge_6abe10705b/12.jpg"", ""/content/drive/MyDrive/olx_fridges_dataset/images/fridge_6abe10705b/13.jpg"", ""/content/drive/MyDrive/olx_fridges_dataset/images/fridge_6abe10705b/14.jpg""]",14,2025-12-08 05:41:08.135922
fridge_181e5b91ca,https://www.olx.in/item/fridges-c1617-gently-used-lg-800-l-refrigerator-excellent-condition-in-garden-reach-kolkata-iid-1828069397,Gently Used LG 800 L Refrigerator – Excellent Condition,"We’re offering a reliable, second‑hand LG 800‑liter refrigerator from *Akria Relife Electronic*. This unit has been thoroughly inspected and is ready to keep your food fresh and your kitchen looking sleek. - *Capacity:* 800 L (perfect for large families or small businesses) - *Dimensions:* 185 cm (H) × 90 cm (W) × 75 cm (D) - *Condition:* Lightly used, no dents, all shelves and drawers intact, door seals in perfect working order - *Features:* - Dual‑cooling system for optimal temperature control - Frost‑free (auto‑defrost) operation - Energy‑efficient inverter compressor - Adjustable glass shelves, crisp‑keeper drawers, and a spacious freezer compartment - Stainless‑steel exterior with a sleek, fingerprint‑resistant finish - *Included:* Original purchase bill where you will get compressor warranty till 2029 - *Price:* ₹ 39,999 (negotiable for serious buyers) Come see it in action at our store or call/WhatsApp to schedule a viewing. First‑come, first‑served – this LG fridge won’t stay on the floor long! _Akria Relife Electronic – Your trusted source for quality second‑hand appliances._ - Fridges",39999,"[""/content/drive/MyDrive/olx_fridges_dataset/images/fridge_181e5b91ca/1.jpg"", ""/content/drive/MyDrive/olx_fridges_dataset/images/fridge_181e5b91ca/2.jpg"", ""/content/drive/MyDrive/olx_fridges_dataset/images/fridge_181e5b91ca/3.jpg"", ""/content/drive/MyDrive/olx_fridges_dataset/images/fridge_181e5b91ca/4.jpg"", ""/content/drive/MyDrive/olx_fridges_dataset/images/fridge_181e5b91ca/5.jpg"", ""/content/drive/MyDrive/olx_fridges_dataset/images/fridge_181e5b91ca/6.jpg"", ""/content/drive/MyDrive/olx_fridges_dataset/images/fridge_181e5b91ca/7.jpg"", ""/content/drive/MyDrive/olx_fridges_dataset/images/fridge_181e5b91ca/8.jpg"", ""/content/drive/MyDrive/olx_fridges_dataset/images/fridge_181e5b91ca/9.jpg"", ""/content/drive/MyDrive/olx_fridges_dataset/images/fridge_181e5b91ca/10.jpg"", ""/content/drive/MyDrive/olx_fridges_dataset/images/fridge_181e5b91ca/11.jpg"", ""/content/drive/MyDrive/olx_fridges_dataset/images/fridge_181e5b91ca/12.jpg"", ""/content/drive/MyDrive/olx_fridges_dataset/images/fridge_181e5b91ca/13.jpg"", ""/content/drive/MyDrive/olx_fridges_dataset/images/fridge_181e5b91ca/14.jpg""]",14,2025-12-08 05:41:18.453976
fridge_41bce6ce0d,https://www.olx.in/item/fridges-c1617-single-door-lg-metallic-gray-refrigerator-in-kovoor-kozhikode-iid-1826068172,Single door LG Metallic gray refrigerator,"LG 261L 3 STAR single door fridge -smart inverter, excellent condition .only 1.6 years old, perfectly working condition. Fast ice making - stabilizer free(90v-310v),10 year compressor warranty. Reason for selling: upgraded to a double door fridge. Grab this smart,power-saving LG refrigerator at a great price before it's gone. The price is slightly negotiable. - Fridges",17000,"[""/content/drive/MyDrive/olx_fridges_dataset/images/fridge_41bce6ce0d/1.jpg"", ""/content/drive/MyDrive/olx_fridges_dataset/images/fridge_41bce6ce0d/2.jpg"", ""/content/drive/MyDrive/olx_fridges_dataset/images/fridge_41bce6ce0d/3.jpg"", ""/content/drive/MyDrive/olx_fridges_dataset/images/fridge_41bce6ce0d/4.jpg"", ""/content/drive/MyDrive/olx_fridges_dataset/images/fridge_41bce6ce0d/5.jpg"", ""/content/drive/MyDrive/olx_fridges_dataset/images/fridge_41bce6ce0d/6.jpg"", ""/content/drive/MyDrive/olx_fridges_dataset/images/fridge_41bce6ce0d/7.jpg"", ""/content/drive/MyDrive/olx_fridges_dataset/images/fridge_41bce6ce0d/8.jpg"", ""/content/drive/MyDrive/olx_fridges_dataset/images/fridge_41bce6ce0d/9.jpg"", ""/content/drive/MyDrive/olx_fridges_dataset/images/fridge_41bce6ce0d/10.jpg"", ""/content/drive/MyDrive/olx_fridges_dataset/images/fridge_41bce6ce0d/11.jpg"", ""/content/drive/MyDrive/olx_fridges_dataset/images/fridge_41bce6ce0d/12.jpg"", ""/content/drive/MyDrive/olx_fridges_dataset/images/fridge_41bce6ce0d/13.jpg"", ""/content/drive/MyDrive/olx_fridges_dataset/images/fridge_41bce6ce0d/14.jpg""]",14,2025-12-08 05:41:27.449084
fridge_08ccae686b,https://www.olx.in/item/fridges-c1617-samsung-flower-design-black-colour-latets-single-door-frisge-3-star-in-munekolala-bengaluru-iid-1803807209,Samsung Flower Design Black colour Latets Single Door Frisge 3 Star,(Trust Tronics Home Appliances) Our Stores located in Maratahalli Btm layout Nagawara Trust Tronics Provides 6month Of Free Service For All Appliances 1 Year Motor Warranty For Washing Machine 1 Year Compressor Warranty For Refrigerator 100% Certified & Quality checked Product We Make Our Products Checked By Experts Before The Time Of Delivery Buy Back Retrun Back 50%Buy Back with In 12to15 Months With Free Pick Up We Provide Brand new Free inlet Out let Pipe Free installation And Free Demo Hassle Free Same Day Free Home Delivery - Fridges,7499,"[""/content/drive/MyDrive/olx_fridges_dataset/images/fridge_08ccae686b/1.jpg"", ""/content/drive/MyDrive/olx_fridges_dataset/images/fridge_08ccae686b/2.jpg"", ""/content/drive/MyDrive/olx_fridges_dataset/images/fridge_08ccae686b/3.jpg"", ""/content/drive/MyDrive/olx_fridges_dataset/images/fridge_08ccae686b/4.jpg"", ""/content/drive/MyDrive/olx_fridges_dataset/images/fridge_08ccae686b/5.jpg"", ""/content/drive/MyDrive/olx_fridges_dataset/images/fridge_08ccae686b/6.jpg"", ""/content/drive/MyDrive/olx_fridges_dataset/images/fridge_08ccae686b/7.jpg"", ""/content/drive/MyDrive/olx_fridges_dataset/images/fridge_08ccae686b/8.jpg"", ""/content/drive/MyDrive/olx_fridges_dataset/images/fridge_08ccae686b/9.jpg"", ""/content/drive/MyDrive/olx_fridges_dataset/images/fridge_08ccae686b/10.jpg"", ""/content/drive/MyDrive/olx_fridges_dataset/images/fridge_08ccae686b/11.jpg"", ""/content/drive/MyDrive/olx_fridges_dataset/images/fridge_08ccae686b/12.jpg"", ""/content/drive/MyDrive/olx_fridges_dataset/images/fridge_08ccae686b/13.jpg"", ""/content/drive/MyDrive/olx_fridges_dataset/images/fridge_08ccae686b/14.jpg"", ""/content/drive/MyDrive/olx_fridges_dataset/images/fridge_08ccae686b/15.jpg""]",15,2025-12-08 05:41:37.870878
fridge_921ad340f0,https://www.olx.in/item/fridges-c1617-less-used-refrigerator-available-in-thiroor-thrissur-iid-1818271442,LESS USED REFRIGERATOR AVAILABLE,REPLACEMENT WARRANTY ALL BRAND AVAILABLE FREE DELIVERY AVAILABLE - Fridges,3999,"[""/content/drive/MyDrive/olx_fridges_dataset/images/fridge_921ad340f0/1.jpg"", ""/content/drive/MyDrive/olx_fridges_dataset/images/fridge_921ad340f0/2.jpg"", ""/content/drive/MyDrive/olx_fridges_dataset/images/fridge_921ad340f0/3.jpg"", ""/content/drive/MyDrive/olx_fridges_dataset/images/fridge_921ad340f0/4.jpg"", ""/content/drive/MyDrive/olx_fridges_dataset/images/fridge_921ad340f0/5.jpg"", ""/content/drive/MyDrive/olx_fridges_dataset/images/fridge_921ad340f0/6.jpg"", ""/content/drive/MyDrive/olx_fridges_dataset/images/fridge_921ad340f0/7.jpg"", ""/content/drive/MyDrive/olx_fridges_dataset/images/fridge_921ad340f0/8.jpg"", ""/content/drive/MyDrive/olx_fridges_dataset/images/fridge_921ad340f0/9.jpg"", ""/content/drive/MyDrive/olx_fridges_dataset/images/fridge_921ad340f0/10.jpg"", ""/content/drive/MyDrive/olx_fridges_dataset/images/fridge_921ad340f0/11.jpg"", ""/content/drive/MyDrive/olx_fridges_dataset/images/fridge_921ad340f0/12.jpg"", ""/content/drive/MyDrive/olx_fridges_dataset/images/fridge_921ad340f0/13.jpg"", ""/content/drive/MyDrive/olx_fridges_dataset/images/fridge_921ad340f0/14.jpg""]",14,2025-12-08 05:41:47.014691
fridge_f622f70603,https://www.olx.in/item/fridges-c1617-godrej-acis-in-pragati-housing-society-aurangabad-iid-1828633486,Godrej acis,Fridge godrej axis - Fridges,6500,"[""/content/drive/MyDrive/olx_fridges_dataset/images/fridge_f622f70603/1.jpg"", ""/content/drive/MyDrive/olx_fridges_dataset/images/fridge_f622f70603/2.jpg"", ""/content/drive/MyDrive/olx_fridges_dataset/images/fridge_f622f70603/3.jpg"", ""/content/drive/MyDrive/olx_fridges_dataset/images/fridge_f622f70603/4.jpg"", ""/content/drive/MyDrive/olx_fridges_dataset/images/fridge_f622f70603/5.jpg"", ""/content/drive/MyDrive/olx_fridges_dataset/images/fridge_f622f70603/6.jpg"", ""/content/drive/MyDrive/olx_fridges_dataset/images/fridge_f622f70603/7.jpg"", ""/content/drive/MyDrive/olx_fridges_dataset/images/fridge_f622f70603/8.jpg"", ""/content/drive/MyDrive/olx_fridges_dataset/images/fridge_f622f70603/9.jpg"", ""/content/drive/MyDrive/olx_fridges_dataset/images/fridge_f622f70603/10.jpg"", ""/content/drive/MyDrive/olx_fridges_dataset/images/fridge_f622f70603/11.jpg"", ""/content/drive/MyDrive/olx_fridges_dataset/images/fridge_f622f70603/12.jpg"", ""/content/drive/MyDrive/olx_fridges_dataset/images/fridge_f622f70603/13.jpg"", ""/content/drive/MyDrive/olx_fridges_dataset/images/fridge_f622f70603/14.jpg""]",14,2025-12-08 05:41:57.085497
fridge_73ec07ed02,https://www.olx.in/item/fridges-c1617-single-door-refrigerator-available-in-edappally-kochi-iid-1817377938,SINGLE DOOR REFRIGERATOR AVAILABLE,REPLACEMENT WARRANTY FREE HOME DELIVERY ALL PLACE ERNAKULAM - Fridges,3999,"[""/content/drive/MyDrive/olx_fridges_dataset/images/fridge_73ec07ed02/1.jpg"", ""/content/drive/MyDrive/olx_fridges_dataset/images/fridge_73ec07ed02/2.jpg"", ""/content/drive/MyDrive/olx_fridges_dataset/images/fridge_73ec07ed02/3.jpg"", ""/content/drive/MyDrive/olx_fridges_dataset/images/fridge_73ec07ed02/4.jpg"", ""/content/drive/MyDrive/olx_fridges_dataset/images/fridge_73ec07ed02/5.jpg"", ""/content/drive/MyDrive/olx_fridges_dataset/images/fridge_73ec07ed02/6.jpg"", ""/content/drive/MyDrive/olx_fridges_dataset/images/fridge_73ec07ed02/7.jpg"", ""/content/drive/MyDrive/olx_fridges_dataset/images/fridge_73ec07ed02/8.jpg"", ""/content/drive/MyDrive/olx_fridges_dataset/images/fridge_73ec07ed02/9.jpg"", ""/content/drive/MyDrive/olx_fridges_dataset/images/fridge_73ec07ed02/10.jpg"", ""/content/drive/MyDrive/olx_fridges_dataset/images/fridge_73ec07ed02/11.jpg"", ""/content/drive/MyDrive/olx_fridges_dataset/images/fridge_73ec07ed02/12.jpg"", ""/content/drive/MyDrive/olx_fridges_dataset/images/fridge_73ec07ed02/13.jpg"", ""/content/drive/MyDrive/olx_fridges_dataset/images/fridge_73ec07ed02/14.jpg""]",14,2025-12-08 05:42:05.083171
fridge_4de0611694,https://www.olx.in/item/fridges-c1617-stainless-steel-food-display-counter-excellent-condition-forsnacks-in-bhagwan-colony-nabha-iid-1828471736,Stainless Steel Food Display Counter - Excellent Condition (forsnacks),"Selling a heavy-duty stainless-steel food display counter in excellent working condition. Ideal for sweet shops, snack counters, bakeries, restaurants, and dhabas. Features: • Full stainless-steel body • Three-tier glass display shelves • Bright visibility for sweets, snacks, bakery items • Uniform cooling system (if your counter is cold) / or mention non-refrigerated hot display • Strong LED lighting • Large storage space at the bottom • Easy to clean and hygienic • Perfect for samosa, pakoda, sweets, bakery, and snacks Condition: • Very well maintained • No dents or damage • Fully functional • 100% working condition Reason for Selling: Closing the sweets/snacks shop. Location: Nabha, Punjab Price: ₹45,000 (slightly negotiable) Genuine buyers only. Price slightly negotiable. Call or message for inspection. - Fridges",45000,"[""/content/drive/MyDrive/olx_fridges_dataset/images/fridge_4de0611694/1.jpg"", ""/content/drive/MyDrive/olx_fridges_dataset/images/fridge_4de0611694/2.jpg"", ""/content/drive/MyDrive/olx_fridges_dataset/images/fridge_4de0611694/3.jpg"", ""/content/drive/MyDrive/olx_fridges_dataset/images/fridge_4de0611694/4.jpg"", ""/content/drive/MyDrive/olx_fridges_dataset/images/fridge_4de0611694/5.jpg"", ""/content/drive/MyDrive/olx_fridges_dataset/images/fridge_4de0611694/6.jpg"", ""/content/drive/MyDrive/olx_fridges_dataset/images/fridge_4de0611694/7.jpg"", ""/content/drive/MyDrive/olx_fridges_dataset/images/fridge_4de0611694/8.jpg"", ""/content/drive/MyDrive/olx_fridges_dataset/images/fridge_4de0611694/9.jpg"", ""/content/drive/MyDrive/olx_fridges_dataset/images/fridge_4de0611694/10.jpg"", ""/content/drive/MyDrive/olx_fridges_dataset/images/fridge_4de0611694/11.jpg"", ""/content/drive/MyDrive/olx_fridges_dataset/images/fridge_4de0611694/12.jpg"", ""/content/drive/MyDrive/olx_fridges_dataset/images/fridge_4de0611694/13.jpg"", ""/content/drive/MyDrive/olx_fridges_dataset/images/fridge_4de0611694/14.jpg""]",14,2025-12-08 05:42:14.355606
fridge_8f41efe9c5,https://www.olx.in/item/fridges-c1617-less-used-refrigerator-available-in-jubilee-mission-circle-area-thrissur-iid-1817622321,LESS USED REFRIGERATOR AVAILABLE,REPLACEMENT WARRANTY FREE HOME DELIVERY CONTACT ME - Fridges,3999,"[""/content/drive/MyDrive/olx_fridges_dataset/images/fridge_8f41efe9c5/1.jpg"", ""/content/drive/MyDrive/olx_fridges_dataset/images/fridge_8f41efe9c5/2.jpg"", ""/content/drive/MyDrive/olx_fridges_dataset/images/fridge_8f41efe9c5/3.jpg"", ""/content/drive/MyDrive/olx_fridges_dataset/images/fridge_8f41efe9c5/4.jpg"", ""/content/drive/MyDrive/olx_fridges_dataset/images/fridge_8f41efe9c5/5.jpg"", ""/content/drive/MyDrive/olx_fridges_dataset/images/fridge_8f41efe9c5/6.jpg"", ""/content/drive/MyDrive/olx_fridges_dataset/images/fridge_8f41efe9c5/7.jpg"", ""/content/drive/MyDrive/olx_fridges_dataset/images/fridge_8f41efe9c5/8.jpg"", ""/content/drive/MyDrive/olx_fridges_dataset/images/fridge_8f41efe9c5/9.jpg"", ""/content/drive/MyDrive/olx_fridges_dataset/images/fridge_8f41efe9c5/10.jpg"", ""/content/drive/MyDrive/olx_fridges_dataset/images/fridge_8f41efe9c5/11.jpg"", ""/content/drive/MyDrive/olx_fridges_dataset/images/fridge_8f41efe9c5/12.jpg"", ""/content/drive/MyDrive/olx_fridges_dataset/images/fridge_8f41efe9c5/13.jpg"", ""/content/drive/MyDrive/olx_fridges_dataset/images/fridge_8f41efe9c5/14.jpg""]",14,2025-12-08 05:42:23.811167
fridge_99024cd840,https://www.olx.in/item/fridges-c1617-double-door-refrigerator-available-in-kakkanad-kochi-iid-1815522361,DOUBLE DOOR REFRIGERATOR AVAILABLE,REPLACEMENT WARRANTY ALL BRAND AVAILABLE GOOD QUALITY PRODUCTS FREE HOME DELIVERY - Fridges,6500,"[""/content/drive/MyDrive/olx_fridges_dataset/images/fridge_99024cd840/1.jpg"", ""/content/drive/MyDrive/olx_fridges_dataset/images/fridge_99024cd840/2.jpg"", ""/content/drive/MyDrive/olx_fridges_dataset/images/fridge_99024cd840/3.jpg"", ""/content/drive/MyDrive/olx_fridges_dataset/images/fridge_99024cd840/4.jpg"", ""/content/drive/MyDrive/olx_fridges_dataset/images/fridge_99024cd840/5.jpg"", ""/content/drive/MyDrive/olx_fridges_dataset/images/fridge_99024cd840/6.jpg"", ""/content/drive/MyDrive/olx_fridges_dataset/images/fridge_99024cd840/7.jpg"", ""/content/drive/MyDrive/olx_fridges_dataset/images/fridge_99024cd840/8.jpg"", ""/content/drive/MyDrive/olx_fridges_dataset/images/fridge_99024cd840/9.jpg"", ""/content/drive/MyDrive/olx_fridges_dataset/images/fridge_99024cd840/10.jpg"", ""/content/drive/MyDrive/olx_fridges_dataset/images/fridge_99024cd840/11.jpg"", ""/content/drive/MyDrive/olx_fridges_dataset/images/fridge_99024cd840/12.jpg"", ""/content/drive/MyDrive/olx_fridges_dataset/images/fridge_99024cd840/13.jpg"", ""/content/drive/MyDrive/olx_fridges_dataset/images/fridge_99024cd840/14.jpg""]",14,2025-12-08 05:42:31.295186
fridge_4adb3542f6,https://www.olx.in/item/fridges-c1617-11-whirlpool-home-inverter-crome-finish-latest-single-door-fridge-in-whitefield-bengaluru-iid-1803806749,11/ Whirlpool home Inverter Crome Finish  Latest single Door Fridge,(Trust Tronics Home Appliances) Our Stores located in Maratahalli Btm layout Nagawara Trust Tronics Provides 6month Of Free Service For All Appliances 1 Year Motor Warranty For Washing Machine 1 Year Compressor Warranty For Refrigerator 100% Certified & Quality checked Product We Make Our Products Checked By Experts Before The Time Of Delivery Buy Back Retrun Back 50%Buy Back with In 12to15 Months With Free Pick Up We Provide Brand new Free inlet Out let Pipe Free installation And Free Demo Hassle Free Same Day Free Home Delivery - Fridges,7999,"[""/content/drive/MyDrive/olx_fridges_dataset/images/fridge_4adb3542f6/1.jpg"", ""/content/drive/MyDrive/olx_fridges_dataset/images/fridge_4adb3542f6/2.jpg"", ""/content/drive/MyDrive/olx_fridges_dataset/images/fridge_4adb3542f6/3.jpg"", ""/content/drive/MyDrive/olx_fridges_dataset/images/fridge_4adb3542f6/4.jpg"", ""/content/drive/MyDrive/olx_fridges_dataset/images/fridge_4adb3542f6/5.jpg"", ""/content/drive/MyDrive/olx_fridges_dataset/images/fridge_4adb3542f6/6.jpg"", ""/content/drive/MyDrive/olx_fridges_dataset/images/fridge_4adb3542f6/7.jpg"", ""/content/drive/MyDrive/olx_fridges_dataset/images/fridge_4adb3542f6/8.jpg"", ""/content/drive/MyDrive/olx_fridges_dataset/images/fridge_4adb3542f6/9.jpg"", ""/content/drive/MyDrive/olx_fridges_dataset/images/fridge_4adb3542f6/10.jpg"", ""/content/drive/MyDrive/olx_fridges_dataset/images/fridge_4adb3542f6/11.jpg"", ""/content/drive/MyDrive/olx_fridges_dataset/images/fridge_4adb3542f6/12.jpg"", ""/content/drive/MyDrive/olx_fridges_dataset/images/fridge_4adb3542f6/13.jpg"", ""/content/drive/MyDrive/olx_fridges_dataset/images/fridge_4adb3542f6/14.jpg"", ""/content/drive/MyDrive/olx_fridges_dataset/images/fridge_4adb3542f6/15.jpg""]",15,2025-12-08 05:42:41.714651
fridge_a77d786d9b,https://www.olx.in/item/fridges-c1617-premium-quality-refrigerator-available-in-chiyyaram-thrissur-iid-1825365250,PREMIUM QUALITY REFRIGERATOR AVAILABLE,REPLACEMENT WARRANTY FREE HOME DELIVERY - Fridges,3999,"[""/content/drive/MyDrive/olx_fridges_dataset/images/fridge_a77d786d9b/1.jpg"", ""/content/drive/MyDrive/olx_fridges_dataset/images/fridge_a77d786d9b/2.jpg"", ""/content/drive/MyDrive/olx_fridges_dataset/images/fridge_a77d786d9b/3.jpg"", ""/content/drive/MyDrive/olx_fridges_dataset/images/fridge_a77d786d9b/4.jpg"", ""/content/drive/MyDrive/olx_fridges_dataset/images/fridge_a77d786d9b/5.jpg"", ""/content/drive/MyDrive/olx_fridges_dataset/images/fridge_a77d786d9b/6.jpg"", ""/content/drive/MyDrive/olx_fridges_dataset/images/fridge_a77d786d9b/7.jpg"", ""/content/drive/MyDrive/olx_fridges_dataset/images/fridge_a77d786d9b/8.jpg"", ""/content/drive/MyDrive/olx_fridges_dataset/images/fridge_a77d786d9b/9.jpg"", ""/content/drive/MyDrive/olx_fridges_dataset/images/fridge_a77d786d9b/10.jpg"", ""/content/drive/MyDrive/olx_fridges_dataset/images/fridge_a77d786d9b/11.jpg"", ""/content/drive/MyDrive/olx_fridges_dataset/images/fridge_a77d786d9b/12.jpg"", ""/content/drive/MyDrive/olx_fridges_dataset/images/fridge_a77d786d9b/13.jpg"", ""/content/drive/MyDrive/olx_fridges_dataset/images/fridge_a77d786d9b/14.jpg""]",14,2025-12-08 05:42:51.236353
fridge_82600c6c76,https://www.olx.in/item/fridges-c1617-single-door-refrigerator-available-in-veliya-lukal-thrissur-iid-1806868595,SINGLE DOOR REFRIGERATOR AVAILABLE,GOOD WORKING CONDITION WORKING WARRANTY ALL BRANDS AVAILABLE GOOD QUALITY PRODUCTS CONTACT ME FREE HOME DELIVERY - Fridges,3999,"[""/content/drive/MyDrive/olx_fridges_dataset/images/fridge_82600c6c76/1.jpg"", ""/content/drive/MyDrive/olx_fridges_dataset/images/fridge_82600c6c76/2.jpg"", ""/content/drive/MyDrive/olx_fridges_dataset/images/fridge_82600c6c76/3.jpg"", ""/content/drive/MyDrive/olx_fridges_dataset/images/fridge_82600c6c76/4.jpg"", ""/content/drive/MyDrive/olx_fridges_dataset/images/fridge_82600c6c76/5.jpg"", ""/content/drive/MyDrive/olx_fridges_dataset/images/fridge_82600c6c76/6.jpg"", ""/content/drive/MyDrive/olx_fridges_dataset/images/fridge_82600c6c76/7.jpg"", ""/content/drive/MyDrive/olx_fridges_dataset/images/fridge_82600c6c76/8.jpg"", ""/content/drive/MyDrive/olx_fridges_dataset/images/fridge_82600c6c76/9.jpg"", ""/content/drive/MyDrive/olx_fridges_dataset/images/fridge_82600c6c76/10.jpg"", ""/content/drive/MyDrive/olx_fridges_dataset/images/fridge_82600c6c76/11.jpg"", ""/content/drive/MyDrive/olx_fridges_dataset/images/fridge_82600c6c76/12.jpg"", ""/content/drive/MyDrive/olx_fridges_dataset/images/fridge_82600c6c76/13.jpg"", ""/content/drive/MyDrive/olx_fridges_dataset/images/fridge_82600c6c76/14.jpg""]",14,2025-12-08 05:42:59.735465
fridge_3b13e66ce3,https://www.olx.in/item/fridges-c1617-single-door-refrigerator-available-in-in-malu-bazar-vadanappally-iid-1804271652,SINGLE DOOR REFRIGERATOR AVAILABLE IN,REPLACEMENT WARRANTY ALL BRANDS AVAILABLE GOOD QUALITY PRODUCTS CONTACT ME FREE HOME DELIVERY - Fridges,3999,"[""/content/drive/MyDrive/olx_fridges_dataset/images/fridge_3b13e66ce3/1.jpg"", ""/content/drive/MyDrive/olx_fridges_dataset/images/fridge_3b13e66ce3/2.jpg"", ""/content/drive/MyDrive/olx_fridges_dataset/images/fridge_3b13e66ce3/3.jpg"", ""/content/drive/MyDrive/olx_fridges_dataset/images/fridge_3b13e66ce3/4.jpg"", ""/content/drive/MyDrive/olx_fridges_dataset/images/fridge_3b13e66ce3/5.jpg"", ""/content/drive/MyDrive/olx_fridges_dataset/images/fridge_3b13e66ce3/6.jpg"", ""/content/drive/MyDrive/olx_fridges_dataset/images/fridge_3b13e66ce3/7.jpg"", ""/content/drive/MyDrive/olx_fridges_dataset/images/fridge_3b13e66ce3/8.jpg"", ""/content/drive/MyDrive/olx_fridges_dataset/images/fridge_3b13e66ce3/9.jpg"", ""/content/drive/MyDrive/olx_fridges_dataset/images/fridge_3b13e66ce3/10.jpg"", ""/content/drive/MyDrive/olx_fridges_dataset/images/fridge_3b13e66ce3/11.jpg"", ""/content/drive/MyDrive/olx_fridges_dataset/images/fridge_3b13e66ce3/12.jpg"", ""/content/drive/MyDrive/olx_fridges_dataset/images/fridge_3b13e66ce3/13.jpg"", ""/content/drive/MyDrive/olx_fridges_dataset/images/fridge_3b13e66ce3/14.jpg""]",14,2025-12-08 05:43:09.709595
fridge_9c0358af17,https://www.olx.in/item/fridges-c1617-single-door-refrigerator-available-in-in-thriprayar-thanniyam-iid-1804271513,SINGLE DOOR REFRIGERATOR AVAILABLE IN,REPLACEMENT WARRANTY ALL BRANDS AVAILABLE GOOD QUALITY PRODUCTS CONTACT ME FREE HOME DELIVERY - Fridges,3999,"[""/content/drive/MyDrive/olx_fridges_dataset/images/fridge_9c0358af17/1.jpg"", ""/content/drive/MyDrive/olx_fridges_dataset/images/fridge_9c0358af17/2.jpg"", ""/content/drive/MyDrive/olx_fridges_dataset/images/fridge_9c0358af17/3.jpg"", ""/content/drive/MyDrive/olx_fridges_dataset/images/fridge_9c0358af17/4.jpg"", ""/content/drive/MyDrive/olx_fridges_dataset/images/fridge_9c0358af17/5.jpg"", ""/content/drive/MyDrive/olx_fridges_dataset/images/fridge_9c0358af17/6.jpg"", ""/content/drive/MyDrive/olx_fridges_dataset/images/fridge_9c0358af17/7.jpg"", ""/content/drive/MyDrive/olx_fridges_dataset/images/fridge_9c0358af17/8.jpg"", ""/content/drive/MyDrive/olx_fridges_dataset/images/fridge_9c0358af17/9.jpg"", ""/content/drive/MyDrive/olx_fridges_dataset/images/fridge_9c0358af17/10.jpg"", ""/content/drive/MyDrive/olx_fridges_dataset/images/fridge_9c0358af17/11.jpg"", ""/content/drive/MyDrive/olx_fridges_dataset/images/fridge_9c0358af17/12.jpg"", ""/content/drive/MyDrive/olx_fridges_dataset/images/fridge_9c0358af17/13.jpg"", ""/content/drive/MyDrive/olx_fridges_dataset/images/fridge_9c0358af17/14.jpg""]",14,2025-12-08 05:43:17.888710
fridge_8ad20633b1,https://www.olx.in/item/fridges-c1617-single-door-refrigerator-available-in-amalanagar-thrissur-iid-1804270653,SINGLE DOOR REFRIGERATOR AVAILABLE,REPLACEMENT WARRANTY ALL BRANDS AVAILABLE GOOD QUALITY PRODUCTS CONTACT ME FREE HOME DELIVERY - Fridges,3999,"[""/content/drive/MyDrive/olx_fridges_dataset/images/fridge_8ad20633b1/1.jpg"", ""/content/drive/MyDrive/olx_fridges_dataset/images/fridge_8ad20633b1/2.jpg"", ""/content/drive/MyDrive/olx_fridges_dataset/images/fridge_8ad20633b1/3.jpg"", ""/content/drive/MyDrive/olx_fridges_dataset/images/fridge_8ad20633b1/4.jpg"", ""/content/drive/MyDrive/olx_fridges_dataset/images/fridge_8ad20633b1/5.jpg"", ""/content/drive/MyDrive/olx_fridges_dataset/images/fridge_8ad20633b1/6.jpg"", ""/content/drive/MyDrive/olx_fridges_dataset/images/fridge_8ad20633b1/7.jpg"", ""/content/drive/MyDrive/olx_fridges_dataset/images/fridge_8ad20633b1/8.jpg"", ""/content/drive/MyDrive/olx_fridges_dataset/images/fridge_8ad20633b1/9.jpg"", ""/content/drive/MyDrive/olx_fridges_dataset/images/fridge_8ad20633b1/10.jpg"", ""/content/drive/MyDrive/olx_fridges_dataset/images/fridge_8ad20633b1/11.jpg"", ""/content/drive/MyDrive/olx_fridges_dataset/images/fridge_8ad20633b1/12.jpg"", ""/content/drive/MyDrive/olx_fridges_dataset/images/fridge_8ad20633b1/13.jpg"", ""/content/drive/MyDrive/olx_fridges_dataset/images/fridge_8ad20633b1/14.jpg""]",14,2025-12-08 05:43:27.167747
fridge_0a62c9b5f3,https://www.olx.in/item/fridges-c1617-goorej-eon-290-liters-double-door-refrigerator-with-free-shipping-in-hsr-layout-bengaluru-iid-1803913740,Goorej Eon 290 Liters Double Door Refrigerator with free shipping,(Trust Tronics Home Appliances) Our Stores located in Maratahalli BTM layout 2nd stage Nagawara Trust Tronics Provides 6month Of Free Service For All Appliances 1 Year Motor Warranty For Washing Machine 1 Year Compressor Warranty For Refrigerator 100% Certified & Quality checked Product We Make Our Products Checked By Experts Before The Time Of Delivery Buy Back Retrun Back 50%Buy Back with In 12to15 Months With Free Pick Up We Provide Brand new Free inlet Out let Pipe Free installation And Free Demo Hassle Free Same Day Free Home Delivery - Fridges,9999,"[""/content/drive/MyDrive/olx_fridges_dataset/images/fridge_0a62c9b5f3/1.jpg"", ""/content/drive/MyDrive/olx_fridges_dataset/images/fridge_0a62c9b5f3/2.jpg"", ""/content/drive/MyDrive/olx_fridges_dataset/images/fridge_0a62c9b5f3/3.jpg"", ""/content/drive/MyDrive/olx_fridges_dataset/images/fridge_0a62c9b5f3/4.jpg"", ""/content/drive/MyDrive/olx_fridges_dataset/images/fridge_0a62c9b5f3/5.jpg"", ""/content/drive/MyDrive/olx_fridges_dataset/images/fridge_0a62c9b5f3/6.jpg"", ""/content/drive/MyDrive/olx_fridges_dataset/images/fridge_0a62c9b5f3/7.jpg"", ""/content/drive/MyDrive/olx_fridges_dataset/images/fridge_0a62c9b5f3/8.jpg"", ""/content/drive/MyDrive/olx_fridges_dataset/images/fridge_0a62c9b5f3/9.jpg"", ""/content/drive/MyDrive/olx_fridges_dataset/images/fridge_0a62c9b5f3/10.jpg"", ""/content/drive/MyDrive/olx_fridges_dataset/images/fridge_0a62c9b5f3/11.jpg"", ""/content/drive/MyDrive/olx_fridges_dataset/images/fridge_0a62c9b5f3/12.jpg"", ""/content/drive/MyDrive/olx_fridges_dataset/images/fridge_0a62c9b5f3/13.jpg"", ""/content/drive/MyDrive/olx_fridges_dataset/images/fridge_0a62c9b5f3/14.jpg"", ""/content/drive/MyDrive/olx_fridges_dataset/images/fridge_0a62c9b5f3/15.jpg""]",15,2025-12-08 05:43:35.026747
fridge_071ab3d0a3,https://www.olx.in/item/fridges-c1617-less-used-refrigerator-available-in-thankalam-kothamangalam-iid-1802268578,LESS USED REFRIGERATOR AVAILABLE,REPLACEMENT WARRANTY ALL BRANDS AVAILABLE GOOD QUALITY PRODUCTS CONTACT ME FREE HOME DELIVERY - Fridges,3999,"[""/content/drive/MyDrive/olx_fridges_dataset/images/fridge_071ab3d0a3/1.jpg"", ""/content/drive/MyDrive/olx_fridges_dataset/images/fridge_071ab3d0a3/2.jpg"", ""/content/drive/MyDrive/olx_fridges_dataset/images/fridge_071ab3d0a3/3.jpg"", ""/content/drive/MyDrive/olx_fridges_dataset/images/fridge_071ab3d0a3/4.jpg"", ""/content/drive/MyDrive/olx_fridges_dataset/images/fridge_071ab3d0a3/5.jpg"", ""/content/drive/MyDrive/olx_fridges_dataset/images/fridge_071ab3d0a3/6.jpg"", ""/content/drive/MyDrive/olx_fridges_dataset/images/fridge_071ab3d0a3/7.jpg"", ""/content/drive/MyDrive/olx_fridges_dataset/images/fridge_071ab3d0a3/8.jpg"", ""/content/drive/MyDrive/olx_fridges_dataset/images/fridge_071ab3d0a3/9.jpg"", ""/content/drive/MyDrive/olx_fridges_dataset/images/fridge_071ab3d0a3/10.jpg"", ""/content/drive/MyDrive/olx_fridges_dataset/images/fridge_071ab3d0a3/11.jpg"", ""/content/drive/MyDrive/olx_fridges_dataset/images/fridge_071ab3d0a3/12.jpg"", ""/content/drive/MyDrive/olx_fridges_dataset/images/fridge_071ab3d0a3/13.jpg"", ""/content/drive/MyDrive/olx_fridges_dataset/images/fridge_071ab3d0a3/14.jpg""]",14,2025-12-08 05:43:44.051841
fridge_d8722472ea,https://www.olx.in/item/fridges-c1617-samsung-fridge-5-in-1-conversation-in-jeedimetla-hyderabad-iid-1822359127,Samsung fridge 5 in 1 Conversation,"Samsung fridge 5 in 1 Conversation 3 star 394 ltrs, working in good condition - Fridges",15000,"[""/content/drive/MyDrive/olx_fridges_dataset/images/fridge_d8722472ea/1.jpg"", ""/content/drive/MyDrive/olx_fridges_dataset/images/fridge_d8722472ea/2.jpg"", ""/content/drive/MyDrive/olx_fridges_dataset/images/fridge_d8722472ea/3.jpg"", ""/content/drive/MyDrive/olx_fridges_dataset/images/fridge_d8722472ea/4.jpg"", ""/content/drive/MyDrive/olx_fridges_dataset/images/fridge_d8722472ea/5.jpg"", ""/content/drive/MyDrive/olx_fridges_dataset/images/fridge_d8722472ea/6.jpg"", ""/content/drive/MyDrive/olx_fridges_dataset/images/fridge_d8722472ea/7.jpg"", ""/content/drive/MyDrive/olx_fridges_dataset/images/fridge_d8722472ea/8.jpg"", ""/content/drive/MyDrive/olx_fridges_dataset/images/fridge_d8722472ea/9.jpg"", ""/content/drive/MyDrive/olx_fridges_dataset/images/fridge_d8722472ea/10.jpg"", ""/content/drive/MyDrive/olx_fridges_dataset/images/fridge_d8722472ea/11.jpg"", ""/content/drive/MyDrive/olx_fridges_dataset/images/fridge_d8722472ea/12.jpg"", ""/content/drive/MyDrive/olx_fridges_dataset/images/fridge_d8722472ea/13.jpg"", ""/content/drive/MyDrive/olx_fridges_dataset/images/fridge_d8722472ea/14.jpg""]",14,2025-12-08 05:43:53.596510
fridge_da2568f6c9,https://www.olx.in/item/fridges-c1617-premium-quality-refrigerator-available-in-poothole-thrissur-iid-1822888176,PREMIUM QUALITY REFRIGERATOR AVAILABLE,REPLACEMENT WARRANTY ALL BRAND AVAILABLE FREE HOME DELIVERY - Fridges,3999,"[""/content/drive/MyDrive/olx_fridges_dataset/images/fridge_da2568f6c9/1.jpg"", ""/content/drive/MyDrive/olx_fridges_dataset/images/fridge_da2568f6c9/2.jpg"", ""/content/drive/MyDrive/olx_fridges_dataset/images/fridge_da2568f6c9/3.jpg"", ""/content/drive/MyDrive/olx_fridges_dataset/images/fridge_da2568f6c9/4.jpg"", ""/content/drive/MyDrive/olx_fridges_dataset/images/fridge_da2568f6c9/5.jpg"", ""/content/drive/MyDrive/olx_fridges_dataset/images/fridge_da2568f6c9/6.jpg"", ""/content/drive/MyDrive/olx_fridges_dataset/images/fridge_da2568f6c9/7.jpg"", ""/content/drive/MyDrive/olx_fridges_dataset/images/fridge_da2568f6c9/8.jpg"", ""/content/drive/MyDrive/olx_fridges_dataset/images/fridge_da2568f6c9/9.jpg"", ""/content/drive/MyDrive/olx_fridges_dataset/images/fridge_da2568f6c9/10.jpg"", ""/content/drive/MyDrive/olx_fridges_dataset/images/fridge_da2568f6c9/11.jpg"", ""/content/drive/MyDrive/olx_fridges_dataset/images/fridge_da2568f6c9/12.jpg"", ""/content/drive/MyDrive/olx_fridges_dataset/images/fridge_da2568f6c9/13.jpg"", ""/content/drive/MyDrive/olx_fridges_dataset/images/fridge_da2568f6c9/14.jpg""]",14,2025-12-08 05:44:03.819141
fridge_2570204cc3,https://www.olx.in/item/fridges-c1617-premium-quality-refrigerator-available-in-tana-irinjalakuda-iid-1817437476,PREMIUM QUALITY REFRIGERATOR AVAILABLE,REPLACEMENT WARRANTY ALL BRAND AVAILABLE FREE HOME DELIVERY - Fridges,3999,"[""/content/drive/MyDrive/olx_fridges_dataset/images/fridge_2570204cc3/1.jpg"", ""/content/drive/MyDrive/olx_fridges_dataset/images/fridge_2570204cc3/2.jpg"", ""/content/drive/MyDrive/olx_fridges_dataset/images/fridge_2570204cc3/3.jpg"", ""/content/drive/MyDrive/olx_fridges_dataset/images/fridge_2570204cc3/4.jpg"", ""/content/drive/MyDrive/olx_fridges_dataset/images/fridge_2570204cc3/5.jpg"", ""/content/drive/MyDrive/olx_fridges_dataset/images/fridge_2570204cc3/6.jpg"", ""/content/drive/MyDrive/olx_fridges_dataset/images/fridge_2570204cc3/7.jpg"", ""/content/drive/MyDrive/olx_fridges_dataset/images/fridge_2570204cc3/8.jpg"", ""/content/drive/MyDrive/olx_fridges_dataset/images/fridge_2570204cc3/9.jpg"", ""/content/drive/MyDrive/olx_fridges_dataset/images/fridge_2570204cc3/10.jpg"", ""/content/drive/MyDrive/olx_fridges_dataset/images/fridge_2570204cc3/11.jpg"", ""/content/drive/MyDrive/olx_fridges_dataset/images/fridge_2570204cc3/12.jpg"", ""/content/drive/MyDrive/olx_fridges_dataset/images/fridge_2570204cc3/13.jpg"", ""/content/drive/MyDrive/olx_fridges_dataset/images/fridge_2570204cc3/14.jpg""]",14,2025-12-08 05:44:14.173104
fridge_157ad574a5,https://www.olx.in/item/fridges-c1617-single-door-refrigerator-available-in-anapurna-kodungallur-iid-1804272088,SINGLE DOOR REFRIGERATOR AVAILABLE,REPLACEMENT WARRANTY ALL BRANDS AVAILABLE GOOD QUALITY PRODUCTS CONTACT ME FREE HOME DELIVERY - Fridges,3999,"[""/content/drive/MyDrive/olx_fridges_dataset/images/fridge_157ad574a5/1.jpg"", ""/content/drive/MyDrive/olx_fridges_dataset/images/fridge_157ad574a5/2.jpg"", ""/content/drive/MyDrive/olx_fridges_dataset/images/fridge_157ad574a5/3.jpg"", ""/content/drive/MyDrive/olx_fridges_dataset/images/fridge_157ad574a5/4.jpg"", ""/content/drive/MyDrive/olx_fridges_dataset/images/fridge_157ad574a5/5.jpg"", ""/content/drive/MyDrive/olx_fridges_dataset/images/fridge_157ad574a5/6.jpg"", ""/content/drive/MyDrive/olx_fridges_dataset/images/fridge_157ad574a5/7.jpg"", ""/content/drive/MyDrive/olx_fridges_dataset/images/fridge_157ad574a5/8.jpg"", ""/content/drive/MyDrive/olx_fridges_dataset/images/fridge_157ad574a5/9.jpg"", ""/content/drive/MyDrive/olx_fridges_dataset/images/fridge_157ad574a5/10.jpg"", ""/content/drive/MyDrive/olx_fridges_dataset/images/fridge_157ad574a5/11.jpg"", ""/content/drive/MyDrive/olx_fridges_dataset/images/fridge_157ad574a5/12.jpg"", ""/content/drive/MyDrive/olx_fridges_dataset/images/fridge_157ad574a5/13.jpg"", ""/content/drive/MyDrive/olx_fridges_dataset/images/fridge_157ad574a5/14.jpg""]",14,2025-12-08 05:44:26.143010
fridge_d076d8d7a1,https://www.olx.in/item/fridges-c1617-fridge-single-door-double-door-available-in-aranattukara-thrissur-iid-1799576360,FRIDGE SINGLE DOOR DOUBLE DOOR AVAILABLE,REPLACEMENT WARRANTY ALL BRANDS AVAILABLE GOOD QUALITY PRODUCTS CONTACT ME FREE HOME DELIVERY - Fridges,3999,"[""/content/drive/MyDrive/olx_fridges_dataset/images/fridge_d076d8d7a1/1.jpg"", ""/content/drive/MyDrive/olx_fridges_dataset/images/fridge_d076d8d7a1/2.jpg"", ""/content/drive/MyDrive/olx_fridges_dataset/images/fridge_d076d8d7a1/3.jpg"", ""/content/drive/MyDrive/olx_fridges_dataset/images/fridge_d076d8d7a1/4.jpg"", ""/content/drive/MyDrive/olx_fridges_dataset/images/fridge_d076d8d7a1/5.jpg"", ""/content/drive/MyDrive/olx_fridges_dataset/images/fridge_d076d8d7a1/6.jpg"", ""/content/drive/MyDrive/olx_fridges_dataset/images/fridge_d076d8d7a1/7.jpg"", ""/content/drive/MyDrive/olx_fridges_dataset/images/fridge_d076d8d7a1/8.jpg"", ""/content/drive/MyDrive/olx_fridges_dataset/images/fridge_d076d8d7a1/9.jpg"", ""/content/drive/MyDrive/olx_fridges_dataset/images/fridge_d076d8d7a1/10.jpg"", ""/content/drive/MyDrive/olx_fridges_dataset/images/fridge_d076d8d7a1/11.jpg"", ""/content/drive/MyDrive/olx_fridges_dataset/images/fridge_d076d8d7a1/12.jpg"", ""/content/drive/MyDrive/olx_fridges_dataset/images/fridge_d076d8d7a1/13.jpg"", ""/content/drive/MyDrive/olx_fridges_dataset/images/fridge_d076d8d7a1/14.jpg""]",14,2025-12-08 05:44:35.827777
fridge_13a1f495d2,https://www.olx.in/item/fridges-c1617-low-budget-refrigerator-available-in-viyyur-thrissur-iid-1822888527,LOW BUDGET REFRIGERATOR AVAILABLE,REPLACEMENT WARRANTY ALL BRAND AVAILABLE FREE HOME DELIVERY - Fridges,3999,"[""/content/drive/MyDrive/olx_fridges_dataset/images/fridge_13a1f495d2/1.jpg"", ""/content/drive/MyDrive/olx_fridges_dataset/images/fridge_13a1f495d2/2.jpg"", ""/content/drive/MyDrive/olx_fridges_dataset/images/fridge_13a1f495d2/3.jpg"", ""/content/drive/MyDrive/olx_fridges_dataset/images/fridge_13a1f495d2/4.jpg"", ""/content/drive/MyDrive/olx_fridges_dataset/images/fridge_13a1f495d2/5.jpg"", ""/content/drive/MyDrive/olx_fridges_dataset/images/fridge_13a1f495d2/6.jpg"", ""/content/drive/MyDrive/olx_fridges_dataset/images/fridge_13a1f495d2/7.jpg"", ""/content/drive/MyDrive/olx_fridges_dataset/images/fridge_13a1f495d2/8.jpg"", ""/content/drive/MyDrive/olx_fridges_dataset/images/fridge_13a1f495d2/9.jpg"", ""/content/drive/MyDrive/olx_fridges_dataset/images/fridge_13a1f495d2/10.jpg"", ""/content/drive/MyDrive/olx_fridges_dataset/images/fridge_13a1f495d2/11.jpg"", ""/content/drive/MyDrive/olx_fridges_dataset/images/fridge_13a1f495d2/12.jpg"", ""/content/drive/MyDrive/olx_fridges_dataset/images/fridge_13a1f495d2/13.jpg"", ""/content/drive/MyDrive/olx_fridges_dataset/images/fridge_13a1f495d2/14.jpg""]",14,2025-12-08 05:44:44.625628
fridge_1763a5c6c4,https://www.olx.in/item/fridges-c1617-top-quality-refrigerator-available-in-west-fort-thrissur-iid-1817624868,TOP QUALITY REFRIGERATOR AVAILABLE,REPLACEMENT WARRANTY FREE HOME DELIVERY CONTACT ME - Fridges,3999,"[""/content/drive/MyDrive/olx_fridges_dataset/images/fridge_1763a5c6c4/1.jpg"", ""/content/drive/MyDrive/olx_fridges_dataset/images/fridge_1763a5c6c4/2.jpg"", ""/content/drive/MyDrive/olx_fridges_dataset/images/fridge_1763a5c6c4/3.jpg"", ""/content/drive/MyDrive/olx_fridges_dataset/images/fridge_1763a5c6c4/4.jpg"", ""/content/drive/MyDrive/olx_fridges_dataset/images/fridge_1763a5c6c4/5.jpg"", ""/content/drive/MyDrive/olx_fridges_dataset/images/fridge_1763a5c6c4/6.jpg"", ""/content/drive/MyDrive/olx_fridges_dataset/images/fridge_1763a5c6c4/7.jpg"", ""/content/drive/MyDrive/olx_fridges_dataset/images/fridge_1763a5c6c4/8.jpg"", ""/content/drive/MyDrive/olx_fridges_dataset/images/fridge_1763a5c6c4/9.jpg"", ""/content/drive/MyDrive/olx_fridges_dataset/images/fridge_1763a5c6c4/10.jpg"", ""/content/drive/MyDrive/olx_fridges_dataset/images/fridge_1763a5c6c4/11.jpg"", ""/content/drive/MyDrive/olx_fridges_dataset/images/fridge_1763a5c6c4/12.jpg"", ""/content/drive/MyDrive/olx_fridges_dataset/images/fridge_1763a5c6c4/13.jpg"", ""/content/drive/MyDrive/olx_fridges_dataset/images/fridge_1763a5c6c4/14.jpg""]",14,2025-12-08 05:44:55.160549
fridge_7942a7a7bd,https://www.olx.in/item/fridges-c1617-premium-quality-refrigerator-available-in-kidangoor-angamaly-iid-1817436996,PREMIUM QUALITY REFRIGERATOR AVAILABLE,REPLACEMENT WARRANTY ALL BRAND AVAILABLE FREE DELIVERY IN - Fridges,3999,"[""/content/drive/MyDrive/olx_fridges_dataset/images/fridge_7942a7a7bd/1.jpg"", ""/content/drive/MyDrive/olx_fridges_dataset/images/fridge_7942a7a7bd/2.jpg"", ""/content/drive/MyDrive/olx_fridges_dataset/images/fridge_7942a7a7bd/3.jpg"", ""/content/drive/MyDrive/olx_fridges_dataset/images/fridge_7942a7a7bd/4.jpg"", ""/content/drive/MyDrive/olx_fridges_dataset/images/fridge_7942a7a7bd/5.jpg"", ""/content/drive/MyDrive/olx_fridges_dataset/images/fridge_7942a7a7bd/6.jpg"", ""/content/drive/MyDrive/olx_fridges_dataset/images/fridge_7942a7a7bd/7.jpg"", ""/content/drive/MyDrive/olx_fridges_dataset/images/fridge_7942a7a7bd/8.jpg"", ""/content/drive/MyDrive/olx_fridges_dataset/images/fridge_7942a7a7bd/9.jpg"", ""/content/drive/MyDrive/olx_fridges_dataset/images/fridge_7942a7a7bd/10.jpg"", ""/content/drive/MyDrive/olx_fridges_dataset/images/fridge_7942a7a7bd/11.jpg"", ""/content/drive/MyDrive/olx_fridges_dataset/images/fridge_7942a7a7bd/12.jpg"", ""/content/drive/MyDrive/olx_fridges_dataset/images/fridge_7942a7a7bd/13.jpg"", ""/content/drive/MyDrive/olx_fridges_dataset/images/fridge_7942a7a7bd/14.jpg""]",14,2025-12-08 05:45:03.858367
fridge_79383b2e30,https://www.olx.in/item/fridges-c1617-fridge-single-door-double-door-availablei-in-chathuruthil-thrippunithura-iid-1803584665,FRIDGE SINGLE DOOR DOUBLE DOOR AVAILABLEi,GOOD QUALITY PRODUCTS REPLACEMENT WARRANTY ALL BRANDS AVAILABLE CONTACT ME - Fridges,6499,"[""/content/drive/MyDrive/olx_fridges_dataset/images/fridge_79383b2e30/1.jpg"", ""/content/drive/MyDrive/olx_fridges_dataset/images/fridge_79383b2e30/2.jpg"", ""/content/drive/MyDrive/olx_fridges_dataset/images/fridge_79383b2e30/3.jpg"", ""/content/drive/MyDrive/olx_fridges_dataset/images/fridge_79383b2e30/4.jpg"", ""/content/drive/MyDrive/olx_fridges_dataset/images/fridge_79383b2e30/5.jpg"", ""/content/drive/MyDrive/olx_fridges_dataset/images/fridge_79383b2e30/6.jpg"", ""/content/drive/MyDrive/olx_fridges_dataset/images/fridge_79383b2e30/7.jpg"", ""/content/drive/MyDrive/olx_fridges_dataset/images/fridge_79383b2e30/8.jpg"", ""/content/drive/MyDrive/olx_fridges_dataset/images/fridge_79383b2e30/9.jpg"", ""/content/drive/MyDrive/olx_fridges_dataset/images/fridge_79383b2e30/10.jpg"", ""/content/drive/MyDrive/olx_fridges_dataset/images/fridge_79383b2e30/11.jpg"", ""/content/drive/MyDrive/olx_fridges_dataset/images/fridge_79383b2e30/12.jpg"", ""/content/drive/MyDrive/olx_fridges_dataset/images/fridge_79383b2e30/13.jpg"", ""/content/drive/MyDrive/olx_fridges_dataset/images/fridge_79383b2e30/14.jpg""]",14,2025-12-08 05:45:10.959550
fridge_385808167a,https://www.olx.in/item/fridges-c1617-single-door-refrigerator-in-anchery-thrissur-iid-1821416181,SINGLE DOOR REFRIGERATOR,REPLACEMENT WARRANTY FREE HOME DELIVERY - Fridges,3999,"[""/content/drive/MyDrive/olx_fridges_dataset/images/fridge_385808167a/1.jpg"", ""/content/drive/MyDrive/olx_fridges_dataset/images/fridge_385808167a/2.jpg"", ""/content/drive/MyDrive/olx_fridges_dataset/images/fridge_385808167a/3.jpg"", ""/content/drive/MyDrive/olx_fridges_dataset/images/fridge_385808167a/4.jpg"", ""/content/drive/MyDrive/olx_fridges_dataset/images/fridge_385808167a/5.jpg"", ""/content/drive/MyDrive/olx_fridges_dataset/images/fridge_385808167a/6.jpg"", ""/content/drive/MyDrive/olx_fridges_dataset/images/fridge_385808167a/7.jpg"", ""/content/drive/MyDrive/olx_fridges_dataset/images/fridge_385808167a/8.jpg"", ""/content/drive/MyDrive/olx_fridges_dataset/images/fridge_385808167a/9.jpg"", ""/content/drive/MyDrive/olx_fridges_dataset/images/fridge_385808167a/10.jpg"", ""/content/drive/MyDrive/olx_fridges_dataset/images/fridge_385808167a/11.jpg"", ""/content/drive/MyDrive/olx_fridges_dataset/images/fridge_385808167a/12.jpg"", ""/content/drive/MyDrive/olx_fridges_dataset/images/fridge_385808167a/13.jpg"", ""/content/drive/MyDrive/olx_fridges_dataset/images/fridge_385808167a/14.jpg""]",14,2025-12-08 05:45:19.244899
fridge_169ebc6a48,https://www.olx.in/item/fridges-c1617-samsung-192-l-4-star-inverter-direct-cool-single-door-refrigerator-in-serilingampally-hyderabad-iid-1828633369,Samsung 192 L 4 Star Inverter Direct Cool Single Door Refrigerator,"Purchased in jan 2023. Still as brand new, hardly used for 3 months.4 star power rating, Can run on home inverter, consumes power less than 2 clf bulbs. - Fridges",14000,"[""/content/drive/MyDrive/olx_fridges_dataset/images/fridge_169ebc6a48/1.jpg"", ""/content/drive/MyDrive/olx_fridges_dataset/images/fridge_169ebc6a48/2.jpg"", ""/content/drive/MyDrive/olx_fridges_dataset/images/fridge_169ebc6a48/3.jpg"", ""/content/drive/MyDrive/olx_fridges_dataset/images/fridge_169ebc6a48/4.jpg"", ""/content/drive/MyDrive/olx_fridges_dataset/images/fridge_169ebc6a48/5.jpg"", ""/content/drive/MyDrive/olx_fridges_dataset/images/fridge_169ebc6a48/6.jpg"", ""/content/drive/MyDrive/olx_fridges_dataset/images/fridge_169ebc6a48/7.jpg"", ""/content/drive/MyDrive/olx_fridges_dataset/images/fridge_169ebc6a48/8.jpg"", ""/content/drive/MyDrive/olx_fridges_dataset/images/fridge_169ebc6a48/9.jpg"", ""/content/drive/MyDrive/olx_fridges_dataset/images/fridge_169ebc6a48/10.jpg"", ""/content/drive/MyDrive/olx_fridges_dataset/images/fridge_169ebc6a48/11.jpg"", ""/content/drive/MyDrive/olx_fridges_dataset/images/fridge_169ebc6a48/12.jpg"", ""/content/drive/MyDrive/olx_fridges_dataset/images/fridge_169ebc6a48/13.jpg"", ""/content/drive/MyDrive/olx_fridges_dataset/images/fridge_169ebc6a48/14.jpg""]",14,2025-12-08 05:45:31.964890
fridge_6218e39a61,https://www.olx.in/item/fridges-c1617-premium-quality-refrigerator-in-pukkattupady-choornikkara-iid-1821770863,PREMIUM QUALITY REFRIGERATOR,REPLACEMENT WARRANTY ALL BRAND AVAILABLE - Fridges,3999,"[""/content/drive/MyDrive/olx_fridges_dataset/images/fridge_6218e39a61/1.jpg"", ""/content/drive/MyDrive/olx_fridges_dataset/images/fridge_6218e39a61/2.jpg"", ""/content/drive/MyDrive/olx_fridges_dataset/images/fridge_6218e39a61/3.jpg"", ""/content/drive/MyDrive/olx_fridges_dataset/images/fridge_6218e39a61/4.jpg"", ""/content/drive/MyDrive/olx_fridges_dataset/images/fridge_6218e39a61/5.jpg"", ""/content/drive/MyDrive/olx_fridges_dataset/images/fridge_6218e39a61/6.jpg"", ""/content/drive/MyDrive/olx_fridges_dataset/images/fridge_6218e39a61/7.jpg"", ""/content/drive/MyDrive/olx_fridges_dataset/images/fridge_6218e39a61/8.jpg"", ""/content/drive/MyDrive/olx_fridges_dataset/images/fridge_6218e39a61/9.jpg"", ""/content/drive/MyDrive/olx_fridges_dataset/images/fridge_6218e39a61/10.jpg"", ""/content/drive/MyDrive/olx_fridges_dataset/images/fridge_6218e39a61/11.jpg"", ""/content/drive/MyDrive/olx_fridges_dataset/images/fridge_6218e39a61/12.jpg"", ""/content/drive/MyDrive/olx_fridges_dataset/images/fridge_6218e39a61/13.jpg"", ""/content/drive/MyDrive/olx_fridges_dataset/images/fridge_6218e39a61/14.jpg""]",14,2025-12-08 05:45:41.767345
fridge_2662a65544,https://www.olx.in/item/fridges-c1617-single-door-refrigerator-available-in-kakkanad-kochi-iid-1821561346,SINGLE DOOR REFRIGERATOR AVAILABLE,REPLACEMENT WARRANTY ALL BRAND AVAILABLE GOOD QUALITY PRODUCTS - Fridges,3999,"[""/content/drive/MyDrive/olx_fridges_dataset/images/fridge_2662a65544/1.jpg"", ""/content/drive/MyDrive/olx_fridges_dataset/images/fridge_2662a65544/2.jpg"", ""/content/drive/MyDrive/olx_fridges_dataset/images/fridge_2662a65544/3.jpg"", ""/content/drive/MyDrive/olx_fridges_dataset/images/fridge_2662a65544/4.jpg"", ""/content/drive/MyDrive/olx_fridges_dataset/images/fridge_2662a65544/5.jpg"", ""/content/drive/MyDrive/olx_fridges_dataset/images/fridge_2662a65544/6.jpg"", ""/content/drive/MyDrive/olx_fridges_dataset/images/fridge_2662a65544/7.jpg"", ""/content/drive/MyDrive/olx_fridges_dataset/images/fridge_2662a65544/8.jpg"", ""/content/drive/MyDrive/olx_fridges_dataset/images/fridge_2662a65544/9.jpg"", ""/content/drive/MyDrive/olx_fridges_dataset/images/fridge_2662a65544/10.jpg"", ""/content/drive/MyDrive/olx_fridges_dataset/images/fridge_2662a65544/11.jpg"", ""/content/drive/MyDrive/olx_fridges_dataset/images/fridge_2662a65544/12.jpg"", ""/content/drive/MyDrive/olx_fridges_dataset/images/fridge_2662a65544/13.jpg"", ""/content/drive/MyDrive/olx_fridges_dataset/images/fridge_2662a65544/14.jpg""]",14,2025-12-08 05:45:52.445144
fridge_c1bc8349bb,https://www.olx.in/item/fridges-c1617-single-door-refrigerator-available-in-kalady-kalady-ernakulam-district-iid-1817585603,Single door refrigerator available,REPLACEMENT WARRANTY ALL BRAND AVAILABLE GOOD QUALITY PRODUCTS FREE HOME DELIVERY AVAILABLE - Fridges,3999,"[""/content/drive/MyDrive/olx_fridges_dataset/images/fridge_c1bc8349bb/1.jpg"", ""/content/drive/MyDrive/olx_fridges_dataset/images/fridge_c1bc8349bb/2.jpg"", ""/content/drive/MyDrive/olx_fridges_dataset/images/fridge_c1bc8349bb/3.jpg"", ""/content/drive/MyDrive/olx_fridges_dataset/images/fridge_c1bc8349bb/4.jpg"", ""/content/drive/MyDrive/olx_fridges_dataset/images/fridge_c1bc8349bb/5.jpg"", ""/content/drive/MyDrive/olx_fridges_dataset/images/fridge_c1bc8349bb/6.jpg"", ""/content/drive/MyDrive/olx_fridges_dataset/images/fridge_c1bc8349bb/7.jpg"", ""/content/drive/MyDrive/olx_fridges_dataset/images/fridge_c1bc8349bb/8.jpg"", ""/content/drive/MyDrive/olx_fridges_dataset/images/fridge_c1bc8349bb/9.jpg"", ""/content/drive/MyDrive/olx_fridges_dataset/images/fridge_c1bc8349bb/10.jpg"", ""/content/drive/MyDrive/olx_fridges_dataset/images/fridge_c1bc8349bb/11.jpg"", ""/content/drive/MyDrive/olx_fridges_dataset/images/fridge_c1bc8349bb/12.jpg"", ""/content/drive/MyDrive/olx_fridges_dataset/images/fridge_c1bc8349bb/13.jpg"", ""/content/drive/MyDrive/olx_fridges_dataset/images/fridge_c1bc8349bb/14.jpg""]",14,2025-12-08 05:46:02.488859
fridge_bc91138b14,https://www.olx.in/item/fridges-c1617-korien-instant-snowice-creme-machine-in-laal-ganesh-guwahati-iid-1828632572,Korien instant snow/ice creme machine,Korien Instant ice cream/snow flake machine - Fridges,25000,"[""/content/drive/MyDrive/olx_fridges_dataset/images/fridge_bc91138b14/1.jpg"", ""/content/drive/MyDrive/olx_fridges_dataset/images/fridge_bc91138b14/2.jpg"", ""/content/drive/MyDrive/olx_fridges_dataset/images/fridge_bc91138b14/3.jpg"", ""/content/drive/MyDrive/olx_fridges_dataset/images/fridge_bc91138b14/4.jpg"", ""/content/drive/MyDrive/olx_fridges_dataset/images/fridge_bc91138b14/5.jpg"", ""/content/drive/MyDrive/olx_fridges_dataset/images/fridge_bc91138b14/6.jpg"", ""/content/drive/MyDrive/olx_fridges_dataset/images/fridge_bc91138b14/7.jpg"", ""/content/drive/MyDrive/olx_fridges_dataset/images/fridge_bc91138b14/8.jpg"", ""/content/drive/MyDrive/olx_fridges_dataset/images/fridge_bc91138b14/9.jpg"", ""/content/drive/MyDrive/olx_fridges_dataset/images/fridge_bc91138b14/10.jpg"", ""/content/drive/MyDrive/olx_fridges_dataset/images/fridge_bc91138b14/11.jpg"", ""/content/drive/MyDrive/olx_fridges_dataset/images/fridge_bc91138b14/12.jpg"", ""/content/drive/MyDrive/olx_fridges_dataset/images/fridge_bc91138b14/13.jpg"", ""/content/drive/MyDrive/olx_fridges_dataset/images/fridge_bc91138b14/14.jpg""]",14,2025-12-08 05:46:12.266945
fridge_40cdbea710,https://www.olx.in/item/fridges-c1617-whirlpool-5-star-latest-model-flower-design-single-door-refrigerator-in-btm-layout-bengaluru-iid-1808767249,Whirlpool 5 star latest Model Flower Design Single Door Refrigerator,(Trust Tronics Home Appliances) Our Stores located in Maratahalli BTM layout 1st stage Nagawara Trust Tronics Provides 6month Of Free Service For All Appliances 1 Year Motor Warranty For Washing Machine 1 Year Compressor Warranty For Refrigerator 100% Certified & Quality checked Product We Make Our Products Checked By Experts Before The Time Of Delivery Buy Back Retrun Back 50%Buy Back with In 12to15 Months With Free Pick Up We Provide Brand new Free inlet Out let Pipe Free installation And Free Demo Hassle Free Same Day Free Home Delivery - Fridges,8499,"[""/content/drive/MyDrive/olx_fridges_dataset/images/fridge_40cdbea710/1.jpg"", ""/content/drive/MyDrive/olx_fridges_dataset/images/fridge_40cdbea710/2.jpg"", ""/content/drive/MyDrive/olx_fridges_dataset/images/fridge_40cdbea710/3.jpg"", ""/content/drive/MyDrive/olx_fridges_dataset/images/fridge_40cdbea710/4.jpg"", ""/content/drive/MyDrive/olx_fridges_dataset/images/fridge_40cdbea710/5.jpg"", ""/content/drive/MyDrive/olx_fridges_dataset/images/fridge_40cdbea710/6.jpg"", ""/content/drive/MyDrive/olx_fridges_dataset/images/fridge_40cdbea710/7.jpg"", ""/content/drive/MyDrive/olx_fridges_dataset/images/fridge_40cdbea710/8.jpg"", ""/content/drive/MyDrive/olx_fridges_dataset/images/fridge_40cdbea710/9.jpg"", ""/content/drive/MyDrive/olx_fridges_dataset/images/fridge_40cdbea710/10.jpg"", ""/content/drive/MyDrive/olx_fridges_dataset/images/fridge_40cdbea710/11.jpg"", ""/content/drive/MyDrive/olx_fridges_dataset/images/fridge_40cdbea710/12.jpg"", ""/content/drive/MyDrive/olx_fridges_dataset/images/fridge_40cdbea710/13.jpg"", ""/content/drive/MyDrive/olx_fridges_dataset/images/fridge_40cdbea710/14.jpg"", ""/content/drive/MyDrive/olx_fridges_dataset/images/fridge_40cdbea710/15.jpg""]",15,2025-12-08 05:46:22.953477
fridge_8f3cf4c12d,https://www.olx.in/item/fridges-c1617-good-condition-samsung-digital-inveter-single-door-refrigerator-in-jp-nagar-bengaluru-iid-1803808477,Good Condition Samsung Digital Inveter Single Door Refrigerator,(Trust Tronics Home Appliances) Our Stores located in Maratahalli Btm layout Nagawara Trust Tronics Provides 6month Of Free Service For All Appliances 1 Year Motor Warranty For Washing Machine 1 Year Compressor Warranty For Refrigerator 100% Certified & Quality checked Product We Make Our Products Checked By Experts Before The Time Of Delivery Buy Back Retrun Back 50%Buy Back with In 12to15 Months With Free Pick Up We Provide Brand new Free inlet Out let Pipe Free installation And Free Demo Hassle Free Same Day Free Home Delivery - Fridges,7999,"[""/content/drive/MyDrive/olx_fridges_dataset/images/fridge_8f3cf4c12d/1.jpg"", ""/content/drive/MyDrive/olx_fridges_dataset/images/fridge_8f3cf4c12d/2.jpg"", ""/content/drive/MyDrive/olx_fridges_dataset/images/fridge_8f3cf4c12d/3.jpg"", ""/content/drive/MyDrive/olx_fridges_dataset/images/fridge_8f3cf4c12d/4.jpg"", ""/content/drive/MyDrive/olx_fridges_dataset/images/fridge_8f3cf4c12d/5.jpg"", ""/content/drive/MyDrive/olx_fridges_dataset/images/fridge_8f3cf4c12d/6.jpg"", ""/content/drive/MyDrive/olx_fridges_dataset/images/fridge_8f3cf4c12d/7.jpg"", ""/content/drive/MyDrive/olx_fridges_dataset/images/fridge_8f3cf4c12d/8.jpg"", ""/content/drive/MyDrive/olx_fridges_dataset/images/fridge_8f3cf4c12d/9.jpg"", ""/content/drive/MyDrive/olx_fridges_dataset/images/fridge_8f3cf4c12d/10.jpg"", ""/content/drive/MyDrive/olx_fridges_dataset/images/fridge_8f3cf4c12d/11.jpg"", ""/content/drive/MyDrive/olx_fridges_dataset/images/fridge_8f3cf4c12d/12.jpg"", ""/content/drive/MyDrive/olx_fridges_dataset/images/fridge_8f3cf4c12d/13.jpg"", ""/content/drive/MyDrive/olx_fridges_dataset/images/fridge_8f3cf4c12d/14.jpg"", ""/content/drive/MyDrive/olx_fridges_dataset/images/fridge_8f3cf4c12d/15.jpg""]",15,2025-12-08 05:46:34.355603
fridge_488dce11db,https://www.olx.in/item/fridges-c1617-lg-5-star-ratings-intello-single-door-190-liters-fridge-grey-coloured-in-k-channasandra-bengaluru-iid-1808767879,Lg 5 star ratings Intello single Door 190 liters fridge grey coloured,(Trust Tronics Home Appliances) Our Stores located in Maratahalli BTM Layout 2nd stage Nagawara Trust Tronics Provides 6month Of Free Service For All Appliances 1 Year Motor Warranty For Washing Machine 1 Year Compressor Warranty For Refrigerator 100% Certified & Quality checked Product We Make Our Products Checked By Experts Before The Time Of Delivery Buy Back Retrun Back 50%Buy Back with In 12to15 Months With Free Pick Up We Provide Brand new Free inlet Out let Pipe Free installation And Free Demo Hassle Free Same Day Free Home Delivery - Fridges,6999,"[""/content/drive/MyDrive/olx_fridges_dataset/images/fridge_488dce11db/1.jpg"", ""/content/drive/MyDrive/olx_fridges_dataset/images/fridge_488dce11db/2.jpg"", ""/content/drive/MyDrive/olx_fridges_dataset/images/fridge_488dce11db/3.jpg"", ""/content/drive/MyDrive/olx_fridges_dataset/images/fridge_488dce11db/4.jpg"", ""/content/drive/MyDrive/olx_fridges_dataset/images/fridge_488dce11db/5.jpg"", ""/content/drive/MyDrive/olx_fridges_dataset/images/fridge_488dce11db/6.jpg"", ""/content/drive/MyDrive/olx_fridges_dataset/images/fridge_488dce11db/7.jpg"", ""/content/drive/MyDrive/olx_fridges_dataset/images/fridge_488dce11db/8.jpg"", ""/content/drive/MyDrive/olx_fridges_dataset/images/fridge_488dce11db/9.jpg"", ""/content/drive/MyDrive/olx_fridges_dataset/images/fridge_488dce11db/10.jpg"", ""/content/drive/MyDrive/olx_fridges_dataset/images/fridge_488dce11db/11.jpg"", ""/content/drive/MyDrive/olx_fridges_dataset/images/fridge_488dce11db/12.jpg"", ""/content/drive/MyDrive/olx_fridges_dataset/images/fridge_488dce11db/13.jpg"", ""/content/drive/MyDrive/olx_fridges_dataset/images/fridge_488dce11db/14.jpg"", ""/content/drive/MyDrive/olx_fridges_dataset/images/fridge_488dce11db/15.jpg""]",15,2025-12-08 05:46:42.494807
fridge_2138afe35a,https://www.olx.in/item/fridges-c1617-whirlpool-protron-5-star-triple-door-refrigerator-black-colour-300ltrs-in-koramangala-bengaluru-iid-1803914097,Whirlpool protron 5 star Triple Door Refrigerator Black Colour 300ltrs,(Trust Tronics Home Appliances) Our Stores located in Maratahalli Nagawara BTM layout Trust Tronics Provides 6month Of Free Service For All Appliances 1 Year Motor Warranty For Washing Machine 1 Year Compressor Warranty For Refrigerator 100% Certified & Quality checked Product We Make Our Products Checked By Experts Before The Time Of Delivery Buy Back Retrun Back 50%Buy Back with In 12to15 Months With Free Pick Up We Provide Brand new Free inlet Out let Pipe Free installation And Free Demo Hassle Free Same Day Free Home Delivery - Fridges,9999,"[""/content/drive/MyDrive/olx_fridges_dataset/images/fridge_2138afe35a/1.jpg"", ""/content/drive/MyDrive/olx_fridges_dataset/images/fridge_2138afe35a/2.jpg"", ""/content/drive/MyDrive/olx_fridges_dataset/images/fridge_2138afe35a/3.jpg"", ""/content/drive/MyDrive/olx_fridges_dataset/images/fridge_2138afe35a/4.jpg"", ""/content/drive/MyDrive/olx_fridges_dataset/images/fridge_2138afe35a/5.jpg"", ""/content/drive/MyDrive/olx_fridges_dataset/images/fridge_2138afe35a/6.jpg"", ""/content/drive/MyDrive/olx_fridges_dataset/images/fridge_2138afe35a/7.jpg"", ""/content/drive/MyDrive/olx_fridges_dataset/images/fridge_2138afe35a/8.jpg"", ""/content/drive/MyDrive/olx_fridges_dataset/images/fridge_2138afe35a/9.jpg"", ""/content/drive/MyDrive/olx_fridges_dataset/images/fridge_2138afe35a/10.jpg"", ""/content/drive/MyDrive/olx_fridges_dataset/images/fridge_2138afe35a/11.jpg"", ""/content/drive/MyDrive/olx_fridges_dataset/images/fridge_2138afe35a/12.jpg"", ""/content/drive/MyDrive/olx_fridges_dataset/images/fridge_2138afe35a/13.jpg"", ""/content/drive/MyDrive/olx_fridges_dataset/images/fridge_2138afe35a/14.jpg"", ""/content/drive/MyDrive/olx_fridges_dataset/images/fridge_2138afe35a/15.jpg""]",15,2025-12-08 05:47:06.565249
fridge_6c8a771471,https://www.olx.in/item/fridges-c1617-premium-quality-washing-machine-available-in-chelamattom-perumbavoor-iid-1821774773,PREMIUM QUALITY WASHING MACHINE AVAILABLE,REPLACEMENT WARRANTY FREE HOME DELIVERY ALL BRAND AVAILABLE - Fridges,4999,"[""/content/drive/MyDrive/olx_fridges_dataset/images/fridge_6c8a771471/1.jpg"", ""/content/drive/MyDrive/olx_fridges_dataset/images/fridge_6c8a771471/2.jpg"", ""/content/drive/MyDrive/olx_fridges_dataset/images/fridge_6c8a771471/3.jpg"", ""/content/drive/MyDrive/olx_fridges_dataset/images/fridge_6c8a771471/4.jpg"", ""/content/drive/MyDrive/olx_fridges_dataset/images/fridge_6c8a771471/5.jpg"", ""/content/drive/MyDrive/olx_fridges_dataset/images/fridge_6c8a771471/6.jpg"", ""/content/drive/MyDrive/olx_fridges_dataset/images/fridge_6c8a771471/7.jpg"", ""/content/drive/MyDrive/olx_fridges_dataset/images/fridge_6c8a771471/8.jpg"", ""/content/drive/MyDrive/olx_fridges_dataset/images/fridge_6c8a771471/9.jpg"", ""/content/drive/MyDrive/olx_fridges_dataset/images/fridge_6c8a771471/10.jpg"", ""/content/drive/MyDrive/olx_fridges_dataset/images/fridge_6c8a771471/11.jpg"", ""/content/drive/MyDrive/olx_fridges_dataset/images/fridge_6c8a771471/12.jpg"", ""/content/drive/MyDrive/olx_fridges_dataset/images/fridge_6c8a771471/13.jpg"", ""/content/drive/MyDrive/olx_fridges_dataset/images/fridge_6c8a771471/14.jpg""]",14,2025-12-08 05:47:15.816646
fridge_629504709b,https://www.olx.in/item/fridges-c1617-5-star-lg-grey-coloured-single-door-refrigerator-in-marathahalli-bengaluru-iid-1808767547,5 star Lg Grey coloured Single Door Refrigerator,(Trust Tronics Home Appliances) Our Stores located in Maratahalli BTM layout Nagawara Trust Tronics Provides 6month Of Free Service For All Appliances 1 Year Motor Warranty For Washing Machine 1 Year Compressor Warranty For Refrigerator 100% Certified & Quality checked Product We Make Our Products Checked By Experts Before The Time Of Delivery Buy Back Retrun Back 50%Buy Back with In 12to15 Months With Free Pick Up We Provide Brand new Free inlet Out let Pipe Free installation And Free Demo Hassle Free Same Day Free Home Delivery - Fridges,6999,"[""/content/drive/MyDrive/olx_fridges_dataset/images/fridge_629504709b/1.jpg"", ""/content/drive/MyDrive/olx_fridges_dataset/images/fridge_629504709b/2.jpg"", ""/content/drive/MyDrive/olx_fridges_dataset/images/fridge_629504709b/3.jpg"", ""/content/drive/MyDrive/olx_fridges_dataset/images/fridge_629504709b/4.jpg"", ""/content/drive/MyDrive/olx_fridges_dataset/images/fridge_629504709b/5.jpg"", ""/content/drive/MyDrive/olx_fridges_dataset/images/fridge_629504709b/6.jpg"", ""/content/drive/MyDrive/olx_fridges_dataset/images/fridge_629504709b/7.jpg"", ""/content/drive/MyDrive/olx_fridges_dataset/images/fridge_629504709b/8.jpg"", ""/content/drive/MyDrive/olx_fridges_dataset/images/fridge_629504709b/9.jpg"", ""/content/drive/MyDrive/olx_fridges_dataset/images/fridge_629504709b/10.jpg"", ""/content/drive/MyDrive/olx_fridges_dataset/images/fridge_629504709b/11.jpg"", ""/content/drive/MyDrive/olx_fridges_dataset/images/fridge_629504709b/12.jpg"", ""/content/drive/MyDrive/olx_fridges_dataset/images/fridge_629504709b/13.jpg"", ""/content/drive/MyDrive/olx_fridges_dataset/images/fridge_629504709b/14.jpg"", ""/content/drive/MyDrive/olx_fridges_dataset/images/fridge_629504709b/15.jpg""]",15,2025-12-08 05:47:28.764212
fridge_2ecf038be4,https://www.olx.in/item/fridges-c1617-refrigerator-available-in-chathuruthil-thrippunithura-iid-1825575995,REFRIGERATOR AVAILABLE,REPLACEMENT WARRANTY FREE HOME DELIVERY - Fridges,3999,"[""/content/drive/MyDrive/olx_fridges_dataset/images/fridge_2ecf038be4/1.jpg"", ""/content/drive/MyDrive/olx_fridges_dataset/images/fridge_2ecf038be4/2.jpg"", ""/content/drive/MyDrive/olx_fridges_dataset/images/fridge_2ecf038be4/3.jpg"", ""/content/drive/MyDrive/olx_fridges_dataset/images/fridge_2ecf038be4/4.jpg"", ""/content/drive/MyDrive/olx_fridges_dataset/images/fridge_2ecf038be4/5.jpg"", ""/content/drive/MyDrive/olx_fridges_dataset/images/fridge_2ecf038be4/6.jpg"", ""/content/drive/MyDrive/olx_fridges_dataset/images/fridge_2ecf038be4/7.jpg"", ""/content/drive/MyDrive/olx_fridges_dataset/images/fridge_2ecf038be4/8.jpg"", ""/content/drive/MyDrive/olx_fridges_dataset/images/fridge_2ecf038be4/9.jpg"", ""/content/drive/MyDrive/olx_fridges_dataset/images/fridge_2ecf038be4/10.jpg"", ""/content/drive/MyDrive/olx_fridges_dataset/images/fridge_2ecf038be4/11.jpg"", ""/content/drive/MyDrive/olx_fridges_dataset/images/fridge_2ecf038be4/12.jpg"", ""/content/drive/MyDrive/olx_fridges_dataset/images/fridge_2ecf038be4/13.jpg"", ""/content/drive/MyDrive/olx_fridges_dataset/images/fridge_2ecf038be4/14.jpg""]",14,2025-12-08 05:47:39.146716
fridge_6a51ca3b73,https://www.olx.in/item/fridges-c1617-whirlpool-fridge-deep-freezer-in-sattangadu-thyagarajapuram-chennai-iid-1825008674,Whirlpool fridge & Deep Freezer,Fridge and freezer - Fridges,11000,"[""/content/drive/MyDrive/olx_fridges_dataset/images/fridge_6a51ca3b73/1.jpg"", ""/content/drive/MyDrive/olx_fridges_dataset/images/fridge_6a51ca3b73/2.jpg"", ""/content/drive/MyDrive/olx_fridges_dataset/images/fridge_6a51ca3b73/3.jpg"", ""/content/drive/MyDrive/olx_fridges_dataset/images/fridge_6a51ca3b73/4.jpg"", ""/content/drive/MyDrive/olx_fridges_dataset/images/fridge_6a51ca3b73/5.jpg"", ""/content/drive/MyDrive/olx_fridges_dataset/images/fridge_6a51ca3b73/6.jpg"", ""/content/drive/MyDrive/olx_fridges_dataset/images/fridge_6a51ca3b73/7.jpg"", ""/content/drive/MyDrive/olx_fridges_dataset/images/fridge_6a51ca3b73/8.jpg"", ""/content/drive/MyDrive/olx_fridges_dataset/images/fridge_6a51ca3b73/9.jpg"", ""/content/drive/MyDrive/olx_fridges_dataset/images/fridge_6a51ca3b73/10.jpg"", ""/content/drive/MyDrive/olx_fridges_dataset/images/fridge_6a51ca3b73/11.jpg"", ""/content/drive/MyDrive/olx_fridges_dataset/images/fridge_6a51ca3b73/12.jpg"", ""/content/drive/MyDrive/olx_fridges_dataset/images/fridge_6a51ca3b73/13.jpg"", ""/content/drive/MyDrive/olx_fridges_dataset/images/fridge_6a51ca3b73/14.jpg""]",14,2025-12-08 05:47:47.779077
fridge_99ed5483a5,https://www.olx.in/item/fridges-c1617-combo-deal-fridge-washing-machine-quick-sale-in-rmv-bengaluru-iid-1828021977,Combo Deal! Fridge & Washing Machine - Quick Sale!,"Refurbished Appliances at Best Price – Quality You Can Trust! Looking for affordable home appliances without compromising on quality? Our refurbished refrigerators and washing machines are carefully inspected, fully tested, and restored to perfect working condition by experts. Why Choose Us? Fully tested and repaired if needed Professionally cleaned and sanitized Minor cosmetic marks possible, but 100% functional Environment-friendly and budget-friendly Available Products: Single Door Refrigerator – Starting at just ₹4,999 Double Door Refrigerator – Starting at ₹6,999 Top Load Washing Machine – Starting at ₹4,999 Front Load Washing Machine – Starting at ₹6,999 Warranty: 1 Year Warranty on Motor and Compressor Free delivery available in Bangalore Visit us today and give your home a smart upgrade at a smart price! - Fridges",4999,"[""/content/drive/MyDrive/olx_fridges_dataset/images/fridge_99ed5483a5/1.jpg"", ""/content/drive/MyDrive/olx_fridges_dataset/images/fridge_99ed5483a5/2.jpg"", ""/content/drive/MyDrive/olx_fridges_dataset/images/fridge_99ed5483a5/3.jpg"", ""/content/drive/MyDrive/olx_fridges_dataset/images/fridge_99ed5483a5/4.jpg"", ""/content/drive/MyDrive/olx_fridges_dataset/images/fridge_99ed5483a5/5.jpg"", ""/content/drive/MyDrive/olx_fridges_dataset/images/fridge_99ed5483a5/6.jpg"", ""/content/drive/MyDrive/olx_fridges_dataset/images/fridge_99ed5483a5/7.jpg"", ""/content/drive/MyDrive/olx_fridges_dataset/images/fridge_99ed5483a5/8.jpg"", ""/content/drive/MyDrive/olx_fridges_dataset/images/fridge_99ed5483a5/9.jpg"", ""/content/drive/MyDrive/olx_fridges_dataset/images/fridge_99ed5483a5/10.jpg"", ""/content/drive/MyDrive/olx_fridges_dataset/images/fridge_99ed5483a5/11.jpg"", ""/content/drive/MyDrive/olx_fridges_dataset/images/fridge_99ed5483a5/12.jpg"", ""/content/drive/MyDrive/olx_fridges_dataset/images/fridge_99ed5483a5/13.jpg"", ""/content/drive/MyDrive/olx_fridges_dataset/images/fridge_99ed5483a5/14.jpg""]",14,2025-12-08 05:47:55.351260
fridge_6349edebf9,https://www.olx.in/item/fridges-c1617-premium-quality-refrigerator-available-in-chelamattom-perumbavoor-iid-1821774628,PREMIUM QUALITY REFRIGERATOR AVAILABLE,REPLACEMENT WARRANTY FREE HOME DELIVERY ALL BRAND AVAILABLE - Fridges,3999,"[""/content/drive/MyDrive/olx_fridges_dataset/images/fridge_6349edebf9/1.jpg"", ""/content/drive/MyDrive/olx_fridges_dataset/images/fridge_6349edebf9/2.jpg"", ""/content/drive/MyDrive/olx_fridges_dataset/images/fridge_6349edebf9/3.jpg"", ""/content/drive/MyDrive/olx_fridges_dataset/images/fridge_6349edebf9/4.jpg"", ""/content/drive/MyDrive/olx_fridges_dataset/images/fridge_6349edebf9/5.jpg"", ""/content/drive/MyDrive/olx_fridges_dataset/images/fridge_6349edebf9/6.jpg"", ""/content/drive/MyDrive/olx_fridges_dataset/images/fridge_6349edebf9/7.jpg"", ""/content/drive/MyDrive/olx_fridges_dataset/images/fridge_6349edebf9/8.jpg"", ""/content/drive/MyDrive/olx_fridges_dataset/images/fridge_6349edebf9/9.jpg"", ""/content/drive/MyDrive/olx_fridges_dataset/images/fridge_6349edebf9/10.jpg"", ""/content/drive/MyDrive/olx_fridges_dataset/images/fridge_6349edebf9/11.jpg"", ""/content/drive/MyDrive/olx_fridges_dataset/images/fridge_6349edebf9/12.jpg"", ""/content/drive/MyDrive/olx_fridges_dataset/images/fridge_6349edebf9/13.jpg"", ""/content/drive/MyDrive/olx_fridges_dataset/images/fridge_6349edebf9/14.jpg""]",14,2025-12-08 05:48:04.013980
fridge_6f327efec3,https://www.olx.in/item/fridges-c1617-nice-looking-double-door-fridge-warranty-washing-machine-in-bhandup-west-mumbai-iid-1816535160,@# Nice looking Double door fridge warranty washing machine,"##WE CAN PROVIDE HOME APPLIANCES## #1. FRIDGES (single door , Double door and big size Double door available) #2. Washing machine (fully automatic) #3. AC (split ac and window ac) ##BEST PRICE OF APPLIANCES ## 1. FRIDGE:. i)Single door starting price Rs 6500/ ii)Double door starting price Rs 8500/ 2. Washing machine fully automatic starting price RS.6500/ 3. Split ac starting price Rs.12500/ 4. Window ac starting price RS.10500/ ##NOTE## i) Delivery free ii) Inlet pipe and. outlet pipe free with washing machine iii)50% cash back facility ## SANVI AIRCOOL ## shop no2 shree rampal chawl near little flower high school mahakali caves road Andheri East Mumbai 400093 - Fridges",6500,"[""/content/drive/MyDrive/olx_fridges_dataset/images/fridge_6f327efec3/1.jpg"", ""/content/drive/MyDrive/olx_fridges_dataset/images/fridge_6f327efec3/2.jpg"", ""/content/drive/MyDrive/olx_fridges_dataset/images/fridge_6f327efec3/3.jpg"", ""/content/drive/MyDrive/olx_fridges_dataset/images/fridge_6f327efec3/4.jpg"", ""/content/drive/MyDrive/olx_fridges_dataset/images/fridge_6f327efec3/5.jpg"", ""/content/drive/MyDrive/olx_fridges_dataset/images/fridge_6f327efec3/6.jpg"", ""/content/drive/MyDrive/olx_fridges_dataset/images/fridge_6f327efec3/7.jpg"", ""/content/drive/MyDrive/olx_fridges_dataset/images/fridge_6f327efec3/8.jpg"", ""/content/drive/MyDrive/olx_fridges_dataset/images/fridge_6f327efec3/9.jpg"", ""/content/drive/MyDrive/olx_fridges_dataset/images/fridge_6f327efec3/10.jpg"", ""/content/drive/MyDrive/olx_fridges_dataset/images/fridge_6f327efec3/11.jpg"", ""/content/drive/MyDrive/olx_fridges_dataset/images/fridge_6f327efec3/12.jpg"", ""/content/drive/MyDrive/olx_fridges_dataset/images/fridge_6f327efec3/13.jpg"", ""/content/drive/MyDrive/olx_fridges_dataset/images/fridge_6f327efec3/14.jpg""]",14,2025-12-08 05:48:13.993607
fridge_c6387ac204,https://www.olx.in/item/fridges-c1617-premium-quality-refrigerator-available-in-kakkanad-kochi-iid-1821769627,PREMIUM QUALITY REFRIGERATOR AVAILABLE,REPLACEMENT WARRANTY FREE HOME DELIVERY ONLY - Fridges,3999,"[""/content/drive/MyDrive/olx_fridges_dataset/images/fridge_c6387ac204/1.jpg"", ""/content/drive/MyDrive/olx_fridges_dataset/images/fridge_c6387ac204/2.jpg"", ""/content/drive/MyDrive/olx_fridges_dataset/images/fridge_c6387ac204/3.jpg"", ""/content/drive/MyDrive/olx_fridges_dataset/images/fridge_c6387ac204/4.jpg"", ""/content/drive/MyDrive/olx_fridges_dataset/images/fridge_c6387ac204/5.jpg"", ""/content/drive/MyDrive/olx_fridges_dataset/images/fridge_c6387ac204/6.jpg"", ""/content/drive/MyDrive/olx_fridges_dataset/images/fridge_c6387ac204/7.jpg"", ""/content/drive/MyDrive/olx_fridges_dataset/images/fridge_c6387ac204/8.jpg"", ""/content/drive/MyDrive/olx_fridges_dataset/images/fridge_c6387ac204/9.jpg"", ""/content/drive/MyDrive/olx_fridges_dataset/images/fridge_c6387ac204/10.jpg"", ""/content/drive/MyDrive/olx_fridges_dataset/images/fridge_c6387ac204/11.jpg"", ""/content/drive/MyDrive/olx_fridges_dataset/images/fridge_c6387ac204/12.jpg"", ""/content/drive/MyDrive/olx_fridges_dataset/images/fridge_c6387ac204/13.jpg"", ""/content/drive/MyDrive/olx_fridges_dataset/images/fridge_c6387ac204/14.jpg""]",14,2025-12-08 05:48:24.637641
fridge_01b4c3e27e,https://www.olx.in/item/fridges-c1617-samsung-190ltrs-and-samsung-wobble-65kg-washing-machine-combo-avable-in-banashankari-bengaluru-iid-1824087490,Samsung 190ltrs and Samsung wobble 6.5kg  washing machine combo AVABLE,"TRUST TRONICS ELECTRONIC OUR BRANCHES LOCATED IN BTM 2nd stage & Marathahalli Price range 1.) Top load fully automatic washing machine starts from (6500) 2.) Front load fully automatic washing machine starts from (8500) 3.) Single door refrigerator starts from (6500) 4.) Doble door refrigerator starts from (8000) 5.) Combo offers refrigerator and washing machine starts from (12500)(13000) Delivery : delivery will be done by our experience driver with in 12 hours one's the order is taken Warranty : We Provide 6 months Free Door Step service We Provide 1 Year full warranty For Motor & Compressor For Both Products Installation : we provide Installation with Brand New Accessories like inlet and outlet pipes for washing machine Certified every product undergo rigorous testing and are in flawless working condition. Some parts may have been replaced with high-quality, OEM parts to ensure full functionality. - Fridges",13999,"[""/content/drive/MyDrive/olx_fridges_dataset/images/fridge_01b4c3e27e/1.jpg"", ""/content/drive/MyDrive/olx_fridges_dataset/images/fridge_01b4c3e27e/2.jpg"", ""/content/drive/MyDrive/olx_fridges_dataset/images/fridge_01b4c3e27e/3.jpg"", ""/content/drive/MyDrive/olx_fridges_dataset/images/fridge_01b4c3e27e/4.jpg"", ""/content/drive/MyDrive/olx_fridges_dataset/images/fridge_01b4c3e27e/5.jpg"", ""/content/drive/MyDrive/olx_fridges_dataset/images/fridge_01b4c3e27e/6.jpg"", ""/content/drive/MyDrive/olx_fridges_dataset/images/fridge_01b4c3e27e/7.jpg"", ""/content/drive/MyDrive/olx_fridges_dataset/images/fridge_01b4c3e27e/8.jpg"", ""/content/drive/MyDrive/olx_fridges_dataset/images/fridge_01b4c3e27e/9.jpg"", ""/content/drive/MyDrive/olx_fridges_dataset/images/fridge_01b4c3e27e/10.jpg"", ""/content/drive/MyDrive/olx_fridges_dataset/images/fridge_01b4c3e27e/11.jpg"", ""/content/drive/MyDrive/olx_fridges_dataset/images/fridge_01b4c3e27e/12.jpg"", ""/content/drive/MyDrive/olx_fridges_dataset/images/fridge_01b4c3e27e/13.jpg"", ""/content/drive/MyDrive/olx_fridges_dataset/images/fridge_01b4c3e27e/14.jpg""]",14,2025-12-08 05:48:32.879989
fridge_e28ced543d,https://www.olx.in/item/fridges-c1617-fridge-good-condition-in-anbu-nagar-1-namakkal-iid-1790366367,FRIDGE GOOD CONDITION,Good working condition and low price fridge available - Fridges,3500,"[""/content/drive/MyDrive/olx_fridges_dataset/images/fridge_e28ced543d/1.jpg"", ""/content/drive/MyDrive/olx_fridges_dataset/images/fridge_e28ced543d/2.jpg"", ""/content/drive/MyDrive/olx_fridges_dataset/images/fridge_e28ced543d/3.jpg"", ""/content/drive/MyDrive/olx_fridges_dataset/images/fridge_e28ced543d/4.jpg"", ""/content/drive/MyDrive/olx_fridges_dataset/images/fridge_e28ced543d/5.jpg"", ""/content/drive/MyDrive/olx_fridges_dataset/images/fridge_e28ced543d/6.jpg"", ""/content/drive/MyDrive/olx_fridges_dataset/images/fridge_e28ced543d/7.jpg"", ""/content/drive/MyDrive/olx_fridges_dataset/images/fridge_e28ced543d/8.jpg"", ""/content/drive/MyDrive/olx_fridges_dataset/images/fridge_e28ced543d/9.jpg"", ""/content/drive/MyDrive/olx_fridges_dataset/images/fridge_e28ced543d/10.jpg"", ""/content/drive/MyDrive/olx_fridges_dataset/images/fridge_e28ced543d/11.jpg"", ""/content/drive/MyDrive/olx_fridges_dataset/images/fridge_e28ced543d/12.jpg"", ""/content/drive/MyDrive/olx_fridges_dataset/images/fridge_e28ced543d/13.jpg"", ""/content/drive/MyDrive/olx_fridges_dataset/images/fridge_e28ced543d/14.jpg""]",14,2025-12-08 05:48:42.895720
fridge_05adf73378,https://www.olx.in/item/fridges-c1617-generator-75-kv-kirlosker-full-copper-for-sell-in-shivpuri-khatauli-iid-1827198921,Generator 7.5 kv kirlosker Full copper for sell,Good condition generator 7.5 kv full load Testing Full copper lene vale hi call ya msg kre - Fridges,29000,"[""/content/drive/MyDrive/olx_fridges_dataset/images/fridge_05adf73378/1.jpg"", ""/content/drive/MyDrive/olx_fridges_dataset/images/fridge_05adf73378/2.jpg"", ""/content/drive/MyDrive/olx_fridges_dataset/images/fridge_05adf73378/3.jpg"", ""/content/drive/MyDrive/olx_fridges_dataset/images/fridge_05adf73378/4.jpg"", ""/content/drive/MyDrive/olx_fridges_dataset/images/fridge_05adf73378/5.jpg"", ""/content/drive/MyDrive/olx_fridges_dataset/images/fridge_05adf73378/6.jpg"", ""/content/drive/MyDrive/olx_fridges_dataset/images/fridge_05adf73378/7.jpg"", ""/content/drive/MyDrive/olx_fridges_dataset/images/fridge_05adf73378/8.jpg"", ""/content/drive/MyDrive/olx_fridges_dataset/images/fridge_05adf73378/9.jpg"", ""/content/drive/MyDrive/olx_fridges_dataset/images/fridge_05adf73378/10.jpg"", ""/content/drive/MyDrive/olx_fridges_dataset/images/fridge_05adf73378/11.jpg"", ""/content/drive/MyDrive/olx_fridges_dataset/images/fridge_05adf73378/12.jpg"", ""/content/drive/MyDrive/olx_fridges_dataset/images/fridge_05adf73378/13.jpg"", ""/content/drive/MyDrive/olx_fridges_dataset/images/fridge_05adf73378/14.jpg""]",14,2025-12-08 05:48:51.988257
fridge_9ffefe2a27,https://www.olx.in/item/fridges-c1617-samsung-redish-coloured-5star-ratings-single-door-200ltrs-refrigerator-in-cv-raman-nagar-bengaluru-iid-1808768808,Samsung Redish Coloured 5Star ratings Single door 200ltrs refrigerator,(Trust Tronics Home Appliances) Our Stores located in Maratahalli BTM Layout Nagawara Trust Tronics Provides 6month Of Free Service For All Appliances 1 Year Motor Warranty For Washing Machine 1 Year Compressor Warranty For Refrigerator 100% Certified & Quality checked Product We Make Our Products Checked By Experts Before The Time Of Delivery Buy Back Retrun Back 50%Buy Back with In 12to15 Months With Free Pick Up We Provide Brand new Free inlet Out let Pipe Free installation And Free Demo Hassle Free Same Day Free Home Delivery - Fridges,7999,"[""/content/drive/MyDrive/olx_fridges_dataset/images/fridge_9ffefe2a27/1.jpg"", ""/content/drive/MyDrive/olx_fridges_dataset/images/fridge_9ffefe2a27/2.jpg"", ""/content/drive/MyDrive/olx_fridges_dataset/images/fridge_9ffefe2a27/3.jpg"", ""/content/drive/MyDrive/olx_fridges_dataset/images/fridge_9ffefe2a27/4.jpg"", ""/content/drive/MyDrive/olx_fridges_dataset/images/fridge_9ffefe2a27/5.jpg"", ""/content/drive/MyDrive/olx_fridges_dataset/images/fridge_9ffefe2a27/6.jpg"", ""/content/drive/MyDrive/olx_fridges_dataset/images/fridge_9ffefe2a27/7.jpg"", ""/content/drive/MyDrive/olx_fridges_dataset/images/fridge_9ffefe2a27/8.jpg"", ""/content/drive/MyDrive/olx_fridges_dataset/images/fridge_9ffefe2a27/9.jpg"", ""/content/drive/MyDrive/olx_fridges_dataset/images/fridge_9ffefe2a27/10.jpg"", ""/content/drive/MyDrive/olx_fridges_dataset/images/fridge_9ffefe2a27/11.jpg"", ""/content/drive/MyDrive/olx_fridges_dataset/images/fridge_9ffefe2a27/12.jpg"", ""/content/drive/MyDrive/olx_fridges_dataset/images/fridge_9ffefe2a27/13.jpg"", ""/content/drive/MyDrive/olx_fridges_dataset/images/fridge_9ffefe2a27/14.jpg"", ""/content/drive/MyDrive/olx_fridges_dataset/images/fridge_9ffefe2a27/15.jpg""]",15,2025-12-08 05:49:00.757410
fridge_43303ee3a4,https://www.olx.in/item/fridges-c1617-190-l-capacity-godrej-refrigerator-in-poompukar-nagar-karamadai-iid-1822546447,190 L capacity godrej Refrigerator,Good working condition. 2022 model. Worthy purchase. Single door. No damages - Fridges,8000,"[""/content/drive/MyDrive/olx_fridges_dataset/images/fridge_43303ee3a4/1.jpg"", ""/content/drive/MyDrive/olx_fridges_dataset/images/fridge_43303ee3a4/2.jpg"", ""/content/drive/MyDrive/olx_fridges_dataset/images/fridge_43303ee3a4/3.jpg"", ""/content/drive/MyDrive/olx_fridges_dataset/images/fridge_43303ee3a4/4.jpg"", ""/content/drive/MyDrive/olx_fridges_dataset/images/fridge_43303ee3a4/5.jpg"", ""/content/drive/MyDrive/olx_fridges_dataset/images/fridge_43303ee3a4/6.jpg"", ""/content/drive/MyDrive/olx_fridges_dataset/images/fridge_43303ee3a4/7.jpg"", ""/content/drive/MyDrive/olx_fridges_dataset/images/fridge_43303ee3a4/8.jpg"", ""/content/drive/MyDrive/olx_fridges_dataset/images/fridge_43303ee3a4/9.jpg"", ""/content/drive/MyDrive/olx_fridges_dataset/images/fridge_43303ee3a4/10.jpg"", ""/content/drive/MyDrive/olx_fridges_dataset/images/fridge_43303ee3a4/11.jpg"", ""/content/drive/MyDrive/olx_fridges_dataset/images/fridge_43303ee3a4/12.jpg"", ""/content/drive/MyDrive/olx_fridges_dataset/images/fridge_43303ee3a4/13.jpg"", ""/content/drive/MyDrive/olx_fridges_dataset/images/fridge_43303ee3a4/14.jpg""]",14,2025-12-08 05:49:08.248639
fridge_2f8a946eaf,https://www.olx.in/item/fridges-c1617-dell-optiplex-7050-intel-core-i5-7th-gen-8gb-ram-256gb-ssd-in-m-i-road-jaipur-iid-1827890038,Dell Optiplex 7050 Intel Core i5 7th Gen 8GB Ram 256GB SSD,Dell Optiplex 7050 SFF Machine Intel Core i5 7th Gen Processor 8GB Ram DDR4 256GB SSD Windows 10 / 11 Price 12500 RAM / SSD / HDD CAN BE UPGRADED ON DEMAND Address CITY COMPUTERS Address :- PREM NAGAR 2ND GUJAR KI THADI JAIPUR - Fridges,12500,"[""/content/drive/MyDrive/olx_fridges_dataset/images/fridge_2f8a946eaf/1.jpg"", ""/content/drive/MyDrive/olx_fridges_dataset/images/fridge_2f8a946eaf/2.jpg"", ""/content/drive/MyDrive/olx_fridges_dataset/images/fridge_2f8a946eaf/3.jpg"", ""/content/drive/MyDrive/olx_fridges_dataset/images/fridge_2f8a946eaf/4.jpg"", ""/content/drive/MyDrive/olx_fridges_dataset/images/fridge_2f8a946eaf/5.jpg"", ""/content/drive/MyDrive/olx_fridges_dataset/images/fridge_2f8a946eaf/6.jpg"", ""/content/drive/MyDrive/olx_fridges_dataset/images/fridge_2f8a946eaf/7.jpg"", ""/content/drive/MyDrive/olx_fridges_dataset/images/fridge_2f8a946eaf/8.jpg"", ""/content/drive/MyDrive/olx_fridges_dataset/images/fridge_2f8a946eaf/9.jpg"", ""/content/drive/MyDrive/olx_fridges_dataset/images/fridge_2f8a946eaf/10.jpg"", ""/content/drive/MyDrive/olx_fridges_dataset/images/fridge_2f8a946eaf/11.jpg"", ""/content/drive/MyDrive/olx_fridges_dataset/images/fridge_2f8a946eaf/12.jpg"", ""/content/drive/MyDrive/olx_fridges_dataset/images/fridge_2f8a946eaf/13.jpg"", ""/content/drive/MyDrive/olx_fridges_dataset/images/fridge_2f8a946eaf/14.jpg""]",14,2025-12-08 05:49:15.677349
fridge_84396a2ed4,https://www.olx.in/item/fridges-c1617-less-used-haier-single-door-refrigerator-180-liters-refrigerator-in-singasandra-bengaluru-iid-1808767645,Less used Haier single Door Refrigerator 180 liters refrigerator,(Trust Tronics Home Appliances) Our Stores located in Maratahalli BTM layout Nagawara Trust Tronics Provides 6month Of Free Service For All Appliances 1 Year Motor Warranty For Washing Machine 1 Year Compressor Warranty For Refrigerator 100% Certified & Quality checked Product We Make Our Products Checked By Experts Before The Time Of Delivery Buy Back Retrun Back 50%Buy Back with In 12to15 Months With Free Pick Up We Provide Brand new Free inlet Out let Pipe Free installation And Free Demo Hassle Free Same Day Free Home Delivery - Fridges,7499,"[""/content/drive/MyDrive/olx_fridges_dataset/images/fridge_84396a2ed4/1.jpg"", ""/content/drive/MyDrive/olx_fridges_dataset/images/fridge_84396a2ed4/2.jpg"", ""/content/drive/MyDrive/olx_fridges_dataset/images/fridge_84396a2ed4/3.jpg"", ""/content/drive/MyDrive/olx_fridges_dataset/images/fridge_84396a2ed4/4.jpg"", ""/content/drive/MyDrive/olx_fridges_dataset/images/fridge_84396a2ed4/5.jpg"", ""/content/drive/MyDrive/olx_fridges_dataset/images/fridge_84396a2ed4/6.jpg"", ""/content/drive/MyDrive/olx_fridges_dataset/images/fridge_84396a2ed4/7.jpg"", ""/content/drive/MyDrive/olx_fridges_dataset/images/fridge_84396a2ed4/8.jpg"", ""/content/drive/MyDrive/olx_fridges_dataset/images/fridge_84396a2ed4/9.jpg"", ""/content/drive/MyDrive/olx_fridges_dataset/images/fridge_84396a2ed4/10.jpg"", ""/content/drive/MyDrive/olx_fridges_dataset/images/fridge_84396a2ed4/11.jpg"", ""/content/drive/MyDrive/olx_fridges_dataset/images/fridge_84396a2ed4/12.jpg"", ""/content/drive/MyDrive/olx_fridges_dataset/images/fridge_84396a2ed4/13.jpg"", ""/content/drive/MyDrive/olx_fridges_dataset/images/fridge_84396a2ed4/14.jpg"", ""/content/drive/MyDrive/olx_fridges_dataset/images/fridge_84396a2ed4/15.jpg""]",15,2025-12-08 05:49:23.490400
fridge_5dc242d558,https://www.olx.in/item/fridges-c1617-smart-inverter-for-smart-people-samsung-single-door-fridge-210-liter-in-banashankari-bengaluru-iid-1803840160,Smart Inverter For smart People = Samsung Single Door fridge 210 Liter,(Trust Tronics Home Appliances) Our Stores located in Maratahalli BTM Layout 2nd stage Nagawara Trust Tronics Provides 6month Of Free Service For All Appliances 1 Year Motor Warranty For Washing Machine 1 Year Compressor Warranty For Refrigerator 100% Certified & Quality checked Product We Make Our Products Checked By Experts Before The Time Of Delivery Buy Back Retrun Back 50%Buy Back with In 12to15 Months With Free Pick Up We Provide Brand new Free inlet Out let Pipe Free installation And Free Demo Hassle Free Same Day Free Home Delivery - Fridges,7999,"[""/content/drive/MyDrive/olx_fridges_dataset/images/fridge_5dc242d558/1.jpg"", ""/content/drive/MyDrive/olx_fridges_dataset/images/fridge_5dc242d558/2.jpg"", ""/content/drive/MyDrive/olx_fridges_dataset/images/fridge_5dc242d558/3.jpg"", ""/content/drive/MyDrive/olx_fridges_dataset/images/fridge_5dc242d558/4.jpg"", ""/content/drive/MyDrive/olx_fridges_dataset/images/fridge_5dc242d558/5.jpg"", ""/content/drive/MyDrive/olx_fridges_dataset/images/fridge_5dc242d558/6.jpg"", ""/content/drive/MyDrive/olx_fridges_dataset/images/fridge_5dc242d558/7.jpg"", ""/content/drive/MyDrive/olx_fridges_dataset/images/fridge_5dc242d558/8.jpg"", ""/content/drive/MyDrive/olx_fridges_dataset/images/fridge_5dc242d558/9.jpg"", ""/content/drive/MyDrive/olx_fridges_dataset/images/fridge_5dc242d558/10.jpg"", ""/content/drive/MyDrive/olx_fridges_dataset/images/fridge_5dc242d558/11.jpg"", ""/content/drive/MyDrive/olx_fridges_dataset/images/fridge_5dc242d558/12.jpg"", ""/content/drive/MyDrive/olx_fridges_dataset/images/fridge_5dc242d558/13.jpg"", ""/content/drive/MyDrive/olx_fridges_dataset/images/fridge_5dc242d558/14.jpg"", ""/content/drive/MyDrive/olx_fridges_dataset/images/fridge_5dc242d558/15.jpg""]",15,2025-12-08 05:49:30.676983
fridge_901e28699d,https://www.olx.in/item/fridges-c1617-single-door-in-haibatpur-ghaziabad-iid-1826402256,Single door,Haier company - Fridges,5000,"[""/content/drive/MyDrive/olx_fridges_dataset/images/fridge_901e28699d/1.jpg"", ""/content/drive/MyDrive/olx_fridges_dataset/images/fridge_901e28699d/2.jpg"", ""/content/drive/MyDrive/olx_fridges_dataset/images/fridge_901e28699d/3.jpg"", ""/content/drive/MyDrive/olx_fridges_dataset/images/fridge_901e28699d/4.jpg"", ""/content/drive/MyDrive/olx_fridges_dataset/images/fridge_901e28699d/5.jpg"", ""/content/drive/MyDrive/olx_fridges_dataset/images/fridge_901e28699d/6.jpg"", ""/content/drive/MyDrive/olx_fridges_dataset/images/fridge_901e28699d/7.jpg"", ""/content/drive/MyDrive/olx_fridges_dataset/images/fridge_901e28699d/8.jpg"", ""/content/drive/MyDrive/olx_fridges_dataset/images/fridge_901e28699d/9.jpg"", ""/content/drive/MyDrive/olx_fridges_dataset/images/fridge_901e28699d/10.jpg"", ""/content/drive/MyDrive/olx_fridges_dataset/images/fridge_901e28699d/11.jpg"", ""/content/drive/MyDrive/olx_fridges_dataset/images/fridge_901e28699d/12.jpg"", ""/content/drive/MyDrive/olx_fridges_dataset/images/fridge_901e28699d/13.jpg"", ""/content/drive/MyDrive/olx_fridges_dataset/images/fridge_901e28699d/14.jpg""]",14,2025-12-08 05:49:45.012157
fridge_a86845feca,https://www.olx.in/item/fridges-c1617-single-door-fridge-5-year-warranty-delivery-free-in-malad-east-mumbai-iid-1819930658,Single door fridge [[ 5 YEAR WARRANTY ]]DELIVERY FREE,"##WE CAN PROVIDE HOME APPLIANCES## 1. FRIDGES (single door , Double door and big size Double door available) 2. Washing machine (fully automatic) 3. AC (split ac and window ac) ##BEST PRICE OF APPLIANCES ## 1. FRIDGE:. i)Single door starting price Rs 6500/ ii)Double door starting price Rs 8500/ 2. Washing machine fully automatic starting price RS.6500/ 3. Split ac starting price Rs.12500/ 4. Window ac starting price RS.10500/ ##NOTE## i) Delivery free ii) Inlet pipe and outlet pipe free with washing machine iii)50% cash back facility ## SANVI AIRCOOL ## shop no2 shree rampal chawl near little flower high school mahakali caves road Andheri East Mumbai 400093 - Fridges",6500,"[""/content/drive/MyDrive/olx_fridges_dataset/images/fridge_a86845feca/1.jpg"", ""/content/drive/MyDrive/olx_fridges_dataset/images/fridge_a86845feca/2.jpg"", ""/content/drive/MyDrive/olx_fridges_dataset/images/fridge_a86845feca/3.jpg"", ""/content/drive/MyDrive/olx_fridges_dataset/images/fridge_a86845feca/4.jpg"", ""/content/drive/MyDrive/olx_fridges_dataset/images/fridge_a86845feca/5.jpg"", ""/content/drive/MyDrive/olx_fridges_dataset/images/fridge_a86845feca/6.jpg"", ""/content/drive/MyDrive/olx_fridges_dataset/images/fridge_a86845feca/7.jpg"", ""/content/drive/MyDrive/olx_fridges_dataset/images/fridge_a86845feca/8.jpg"", ""/content/drive/MyDrive/olx_fridges_dataset/images/fridge_a86845feca/9.jpg"", ""/content/drive/MyDrive/olx_fridges_dataset/images/fridge_a86845feca/10.jpg"", ""/content/drive/MyDrive/olx_fridges_dataset/images/fridge_a86845feca/11.jpg"", ""/content/drive/MyDrive/olx_fridges_dataset/images/fridge_a86845feca/12.jpg"", ""/content/drive/MyDrive/olx_fridges_dataset/images/fridge_a86845feca/13.jpg"", ""/content/drive/MyDrive/olx_fridges_dataset/images/fridge_a86845feca/14.jpg""]",14,2025-12-08 05:49:54.246407
fridge_8d99c9ec48,https://www.olx.in/item/fridges-c1617-smart-inverter-lg-steel-finish-190-liters-single-door-refrigerator-in-mahadevapura-bengaluru-iid-1808767760,Smart Inverter Lg Steel Finish 190 Liters Single Door Refrigerator,(Trust Tronics Home Appliances) Our Stores located in Maratahalli BTM layout 1st stage Nagawara Trust Tronics Provides 6month Of Free Service For All Appliances 1 Year Motor Warranty For Washing Machine 1 Year Compressor Warranty For Refrigerator 100% Certified & Quality checked Product We Make Our Products Checked By Experts Before The Time Of Delivery Buy Back Retrun Back 50%Buy Back with In 12to15 Months With Free Pick Up We Provide Brand new Free inlet Out let Pipe Free installation And Free Demo Hassle Free Same Day Free Home Delivery - Fridges,7999,"[""/content/drive/MyDrive/olx_fridges_dataset/images/fridge_8d99c9ec48/1.jpg"", ""/content/drive/MyDrive/olx_fridges_dataset/images/fridge_8d99c9ec48/2.jpg"", ""/content/drive/MyDrive/olx_fridges_dataset/images/fridge_8d99c9ec48/3.jpg"", ""/content/drive/MyDrive/olx_fridges_dataset/images/fridge_8d99c9ec48/4.jpg"", ""/content/drive/MyDrive/olx_fridges_dataset/images/fridge_8d99c9ec48/5.jpg"", ""/content/drive/MyDrive/olx_fridges_dataset/images/fridge_8d99c9ec48/6.jpg"", ""/content/drive/MyDrive/olx_fridges_dataset/images/fridge_8d99c9ec48/7.jpg"", ""/content/drive/MyDrive/olx_fridges_dataset/images/fridge_8d99c9ec48/8.jpg"", ""/content/drive/MyDrive/olx_fridges_dataset/images/fridge_8d99c9ec48/9.jpg"", ""/content/drive/MyDrive/olx_fridges_dataset/images/fridge_8d99c9ec48/10.jpg"", ""/content/drive/MyDrive/olx_fridges_dataset/images/fridge_8d99c9ec48/11.jpg"", ""/content/drive/MyDrive/olx_fridges_dataset/images/fridge_8d99c9ec48/12.jpg"", ""/content/drive/MyDrive/olx_fridges_dataset/images/fridge_8d99c9ec48/13.jpg"", ""/content/drive/MyDrive/olx_fridges_dataset/images/fridge_8d99c9ec48/14.jpg"", ""/content/drive/MyDrive/olx_fridges_dataset/images/fridge_8d99c9ec48/15.jpg""]",15,2025-12-08 05:50:02.793901
fridge_8e82c879a0,https://www.olx.in/item/fridges-c1617-single-door-refrigerator-available-in-kodaly-thrissur-iid-1818269392,SINGLE DOOR REFRIGERATOR AVAILABLE,REPLACEMENT WARRANTY ALL BRAND AVAILABLE FREE HOME DELIVERY AVAILABLE - Fridges,3999,"[""/content/drive/MyDrive/olx_fridges_dataset/images/fridge_8e82c879a0/1.jpg"", ""/content/drive/MyDrive/olx_fridges_dataset/images/fridge_8e82c879a0/2.jpg"", ""/content/drive/MyDrive/olx_fridges_dataset/images/fridge_8e82c879a0/3.jpg"", ""/content/drive/MyDrive/olx_fridges_dataset/images/fridge_8e82c879a0/4.jpg"", ""/content/drive/MyDrive/olx_fridges_dataset/images/fridge_8e82c879a0/5.jpg"", ""/content/drive/MyDrive/olx_fridges_dataset/images/fridge_8e82c879a0/6.jpg"", ""/content/drive/MyDrive/olx_fridges_dataset/images/fridge_8e82c879a0/7.jpg"", ""/content/drive/MyDrive/olx_fridges_dataset/images/fridge_8e82c879a0/8.jpg"", ""/content/drive/MyDrive/olx_fridges_dataset/images/fridge_8e82c879a0/9.jpg"", ""/content/drive/MyDrive/olx_fridges_dataset/images/fridge_8e82c879a0/10.jpg"", ""/content/drive/MyDrive/olx_fridges_dataset/images/fridge_8e82c879a0/11.jpg"", ""/content/drive/MyDrive/olx_fridges_dataset/images/fridge_8e82c879a0/12.jpg"", ""/content/drive/MyDrive/olx_fridges_dataset/images/fridge_8e82c879a0/13.jpg"", ""/content/drive/MyDrive/olx_fridges_dataset/images/fridge_8e82c879a0/14.jpg""]",14,2025-12-08 05:50:11.361764
fridge_73bd7bbba0,https://www.olx.in/item/fridges-c1617-whirlpool-auto-connect-home-inverter-latest-model-single-door-fridge-in-kaggadasapura-bengaluru-iid-1808769348,Whirlpool auto connect Home Inverter latest Model Single Door fridge,(Trust Tronics Home Appliances) Our Stores located in Maratahalli BTM layout 1st stage Nagawara Trust Tronics Provides 6month Of Free Service For All Appliances 1 Year Motor Warranty For Washing Machine 1 Year Compressor Warranty For Refrigerator 100% Certified & Quality checked Product We Make Our Products Checked By Experts Before The Time Of Delivery Buy Back Retrun Back 50%Buy Back with In 12to15 Months With Free Pick Up We Provide Brand new Free inlet Out let Pipe Free installation And Free Demo Hassle Free Same Day Free Home Delivery - Fridges,7499,"[""/content/drive/MyDrive/olx_fridges_dataset/images/fridge_73bd7bbba0/1.jpg"", ""/content/drive/MyDrive/olx_fridges_dataset/images/fridge_73bd7bbba0/2.jpg"", ""/content/drive/MyDrive/olx_fridges_dataset/images/fridge_73bd7bbba0/3.jpg"", ""/content/drive/MyDrive/olx_fridges_dataset/images/fridge_73bd7bbba0/4.jpg"", ""/content/drive/MyDrive/olx_fridges_dataset/images/fridge_73bd7bbba0/5.jpg"", ""/content/drive/MyDrive/olx_fridges_dataset/images/fridge_73bd7bbba0/6.jpg"", ""/content/drive/MyDrive/olx_fridges_dataset/images/fridge_73bd7bbba0/7.jpg"", ""/content/drive/MyDrive/olx_fridges_dataset/images/fridge_73bd7bbba0/8.jpg"", ""/content/drive/MyDrive/olx_fridges_dataset/images/fridge_73bd7bbba0/9.jpg"", ""/content/drive/MyDrive/olx_fridges_dataset/images/fridge_73bd7bbba0/10.jpg"", ""/content/drive/MyDrive/olx_fridges_dataset/images/fridge_73bd7bbba0/11.jpg"", ""/content/drive/MyDrive/olx_fridges_dataset/images/fridge_73bd7bbba0/12.jpg"", ""/content/drive/MyDrive/olx_fridges_dataset/images/fridge_73bd7bbba0/13.jpg"", ""/content/drive/MyDrive/olx_fridges_dataset/images/fridge_73bd7bbba0/14.jpg"", ""/content/drive/MyDrive/olx_fridges_dataset/images/fridge_73bd7bbba0/15.jpg""]",15,2025-12-08 05:50:20.802716
fridge_8d3df9a2d1,https://www.olx.in/item/fridges-c1617-single-door-refrigerator-available-in-chelamattom-perumbavoor-iid-1817585492,Single door refrigerator available,REPLACEMENT WARRANTY ALL BRAND AVAILABLE GOOD QUALITY PRODUCTS FREE HOME DELIVERY AVAILABLE - Fridges,3999,"[""/content/drive/MyDrive/olx_fridges_dataset/images/fridge_8d3df9a2d1/1.jpg"", ""/content/drive/MyDrive/olx_fridges_dataset/images/fridge_8d3df9a2d1/2.jpg"", ""/content/drive/MyDrive/olx_fridges_dataset/images/fridge_8d3df9a2d1/3.jpg"", ""/content/drive/MyDrive/olx_fridges_dataset/images/fridge_8d3df9a2d1/4.jpg"", ""/content/drive/MyDrive/olx_fridges_dataset/images/fridge_8d3df9a2d1/5.jpg"", ""/content/drive/MyDrive/olx_fridges_dataset/images/fridge_8d3df9a2d1/6.jpg"", ""/content/drive/MyDrive/olx_fridges_dataset/images/fridge_8d3df9a2d1/7.jpg"", ""/content/drive/MyDrive/olx_fridges_dataset/images/fridge_8d3df9a2d1/8.jpg"", ""/content/drive/MyDrive/olx_fridges_dataset/images/fridge_8d3df9a2d1/9.jpg"", ""/content/drive/MyDrive/olx_fridges_dataset/images/fridge_8d3df9a2d1/10.jpg"", ""/content/drive/MyDrive/olx_fridges_dataset/images/fridge_8d3df9a2d1/11.jpg"", ""/content/drive/MyDrive/olx_fridges_dataset/images/fridge_8d3df9a2d1/12.jpg"", ""/content/drive/MyDrive/olx_fridges_dataset/images/fridge_8d3df9a2d1/13.jpg"", ""/content/drive/MyDrive/olx_fridges_dataset/images/fridge_8d3df9a2d1/14.jpg""]",14,2025-12-08 05:50:30.331312
fridge_53b3b55fee,https://www.olx.in/item/fridges-c1617-flowery-desgin-samsung-with-in-built-stand-and-try-single-door-fridge-in-bellandur-bengaluru-iid-1803808177,Flowery Desgin Samsung With in Built Stand and try Single Door Fridge,(Trust Tronics Home Appliances) Our Stores located in Maratahalli Nagawara BTM layout Trust Tronics Provides 6month Of Free Service For All Appliances 1 Year Motor Warranty For Washing Machine 1 Year Compressor Warranty For Refrigerator 100% Certified & Quality checked Product We Make Our Products Checked By Experts Before The Time Of Delivery Buy Back Retrun Back 50%Buy Back with In 12to15 Months With Free Pick Up We Provide Brand new Free inlet Out let Pipe Free installation And Free Demo Hassle Free Same Day Free Home Delivery - Fridges,7499,"[""/content/drive/MyDrive/olx_fridges_dataset/images/fridge_53b3b55fee/1.jpg"", ""/content/drive/MyDrive/olx_fridges_dataset/images/fridge_53b3b55fee/2.jpg"", ""/content/drive/MyDrive/olx_fridges_dataset/images/fridge_53b3b55fee/3.jpg"", ""/content/drive/MyDrive/olx_fridges_dataset/images/fridge_53b3b55fee/4.jpg"", ""/content/drive/MyDrive/olx_fridges_dataset/images/fridge_53b3b55fee/5.jpg"", ""/content/drive/MyDrive/olx_fridges_dataset/images/fridge_53b3b55fee/6.jpg"", ""/content/drive/MyDrive/olx_fridges_dataset/images/fridge_53b3b55fee/7.jpg"", ""/content/drive/MyDrive/olx_fridges_dataset/images/fridge_53b3b55fee/8.jpg"", ""/content/drive/MyDrive/olx_fridges_dataset/images/fridge_53b3b55fee/9.jpg"", ""/content/drive/MyDrive/olx_fridges_dataset/images/fridge_53b3b55fee/10.jpg"", ""/content/drive/MyDrive/olx_fridges_dataset/images/fridge_53b3b55fee/11.jpg"", ""/content/drive/MyDrive/olx_fridges_dataset/images/fridge_53b3b55fee/12.jpg"", ""/content/drive/MyDrive/olx_fridges_dataset/images/fridge_53b3b55fee/13.jpg"", ""/content/drive/MyDrive/olx_fridges_dataset/images/fridge_53b3b55fee/14.jpg"", ""/content/drive/MyDrive/olx_fridges_dataset/images/fridge_53b3b55fee/15.jpg""]",15,2025-12-08 05:50:37.671729
fridge_4969868533,https://www.olx.in/item/fridges-c1617-180lter-videocon-refrigerator-for-sale-in-jp-nagar-phase-5-bengaluru-iid-1825634584,180lter videocon refrigerator for sale,Good running condition 05 year old exilent cooling - Fridges,4500,"[""/content/drive/MyDrive/olx_fridges_dataset/images/fridge_4969868533/1.jpg"", ""/content/drive/MyDrive/olx_fridges_dataset/images/fridge_4969868533/2.jpg"", ""/content/drive/MyDrive/olx_fridges_dataset/images/fridge_4969868533/3.jpg"", ""/content/drive/MyDrive/olx_fridges_dataset/images/fridge_4969868533/4.jpg"", ""/content/drive/MyDrive/olx_fridges_dataset/images/fridge_4969868533/5.jpg"", ""/content/drive/MyDrive/olx_fridges_dataset/images/fridge_4969868533/6.jpg"", ""/content/drive/MyDrive/olx_fridges_dataset/images/fridge_4969868533/7.jpg"", ""/content/drive/MyDrive/olx_fridges_dataset/images/fridge_4969868533/8.jpg"", ""/content/drive/MyDrive/olx_fridges_dataset/images/fridge_4969868533/9.jpg"", ""/content/drive/MyDrive/olx_fridges_dataset/images/fridge_4969868533/10.jpg"", ""/content/drive/MyDrive/olx_fridges_dataset/images/fridge_4969868533/11.jpg"", ""/content/drive/MyDrive/olx_fridges_dataset/images/fridge_4969868533/12.jpg"", ""/content/drive/MyDrive/olx_fridges_dataset/images/fridge_4969868533/13.jpg"", ""/content/drive/MyDrive/olx_fridges_dataset/images/fridge_4969868533/14.jpg""]",14,2025-12-08 05:50:47.412171
fridge_bef780bcdb,https://www.olx.in/item/fridges-c1617-double-door-fridge-in-kharghar-navi-mumbai-iid-1825090842,Double door fridge,"LG brand, working in very good condition, beautiful sparkey brown colour, double door fridge having very good cooling capacity to make different things like ice cream & ice gola, seperate space to keep fruits and vegetavbles cool and fresh like cold storage having more capacity to store food & grains having 2 handles, 2 doors, ice tray & 2 seperate racks in deep fridge. The price is little nigoshiable - Fridges",12000,"[""/content/drive/MyDrive/olx_fridges_dataset/images/fridge_bef780bcdb/1.jpg"", ""/content/drive/MyDrive/olx_fridges_dataset/images/fridge_bef780bcdb/2.jpg"", ""/content/drive/MyDrive/olx_fridges_dataset/images/fridge_bef780bcdb/3.jpg"", ""/content/drive/MyDrive/olx_fridges_dataset/images/fridge_bef780bcdb/4.jpg"", ""/content/drive/MyDrive/olx_fridges_dataset/images/fridge_bef780bcdb/5.jpg"", ""/content/drive/MyDrive/olx_fridges_dataset/images/fridge_bef780bcdb/6.jpg"", ""/content/drive/MyDrive/olx_fridges_dataset/images/fridge_bef780bcdb/7.jpg"", ""/content/drive/MyDrive/olx_fridges_dataset/images/fridge_bef780bcdb/8.jpg"", ""/content/drive/MyDrive/olx_fridges_dataset/images/fridge_bef780bcdb/9.jpg"", ""/content/drive/MyDrive/olx_fridges_dataset/images/fridge_bef780bcdb/10.jpg"", ""/content/drive/MyDrive/olx_fridges_dataset/images/fridge_bef780bcdb/11.jpg"", ""/content/drive/MyDrive/olx_fridges_dataset/images/fridge_bef780bcdb/12.jpg"", ""/content/drive/MyDrive/olx_fridges_dataset/images/fridge_bef780bcdb/13.jpg"", ""/content/drive/MyDrive/olx_fridges_dataset/images/fridge_bef780bcdb/14.jpg""]",14,2025-12-08 05:50:56.140383
fridge_ec8b9bfeb5,https://www.olx.in/item/fridges-c1617-premium-quality-refrigerator-available-in-thankalam-kothamangalam-iid-1821775800,PREMIUM QUALITY REFRIGERATOR AVAILABLE,REPLACEMENT WARRANTY FREE HOME DELIVERY ALL BRAND AVAILABLE - Fridges,3999,"[""/content/drive/MyDrive/olx_fridges_dataset/images/fridge_ec8b9bfeb5/1.jpg"", ""/content/drive/MyDrive/olx_fridges_dataset/images/fridge_ec8b9bfeb5/2.jpg"", ""/content/drive/MyDrive/olx_fridges_dataset/images/fridge_ec8b9bfeb5/3.jpg"", ""/content/drive/MyDrive/olx_fridges_dataset/images/fridge_ec8b9bfeb5/4.jpg"", ""/content/drive/MyDrive/olx_fridges_dataset/images/fridge_ec8b9bfeb5/5.jpg"", ""/content/drive/MyDrive/olx_fridges_dataset/images/fridge_ec8b9bfeb5/6.jpg"", ""/content/drive/MyDrive/olx_fridges_dataset/images/fridge_ec8b9bfeb5/7.jpg"", ""/content/drive/MyDrive/olx_fridges_dataset/images/fridge_ec8b9bfeb5/8.jpg"", ""/content/drive/MyDrive/olx_fridges_dataset/images/fridge_ec8b9bfeb5/9.jpg"", ""/content/drive/MyDrive/olx_fridges_dataset/images/fridge_ec8b9bfeb5/10.jpg"", ""/content/drive/MyDrive/olx_fridges_dataset/images/fridge_ec8b9bfeb5/11.jpg"", ""/content/drive/MyDrive/olx_fridges_dataset/images/fridge_ec8b9bfeb5/12.jpg"", ""/content/drive/MyDrive/olx_fridges_dataset/images/fridge_ec8b9bfeb5/13.jpg"", ""/content/drive/MyDrive/olx_fridges_dataset/images/fridge_ec8b9bfeb5/14.jpg""]",14,2025-12-08 05:51:05.241064
fridge_8e2494cb48,https://www.olx.in/item/fridges-c1617-premium-quality-refrigerator-available-in-assissi-nagar-aluva-iid-1821774307,PREMIUM QUALITY REFRIGERATOR AVAILABLE,REPLACEMENT WARRANTY FREE HOME DELIVERY ALL BRAND AVAILABLE - Fridges,3999,"[""/content/drive/MyDrive/olx_fridges_dataset/images/fridge_8e2494cb48/1.jpg"", ""/content/drive/MyDrive/olx_fridges_dataset/images/fridge_8e2494cb48/2.jpg"", ""/content/drive/MyDrive/olx_fridges_dataset/images/fridge_8e2494cb48/3.jpg"", ""/content/drive/MyDrive/olx_fridges_dataset/images/fridge_8e2494cb48/4.jpg"", ""/content/drive/MyDrive/olx_fridges_dataset/images/fridge_8e2494cb48/5.jpg"", ""/content/drive/MyDrive/olx_fridges_dataset/images/fridge_8e2494cb48/6.jpg"", ""/content/drive/MyDrive/olx_fridges_dataset/images/fridge_8e2494cb48/7.jpg"", ""/content/drive/MyDrive/olx_fridges_dataset/images/fridge_8e2494cb48/8.jpg"", ""/content/drive/MyDrive/olx_fridges_dataset/images/fridge_8e2494cb48/9.jpg"", ""/content/drive/MyDrive/olx_fridges_dataset/images/fridge_8e2494cb48/10.jpg"", ""/content/drive/MyDrive/olx_fridges_dataset/images/fridge_8e2494cb48/11.jpg"", ""/content/drive/MyDrive/olx_fridges_dataset/images/fridge_8e2494cb48/12.jpg"", ""/content/drive/MyDrive/olx_fridges_dataset/images/fridge_8e2494cb48/13.jpg"", ""/content/drive/MyDrive/olx_fridges_dataset/images/fridge_8e2494cb48/14.jpg""]",14,2025-12-08 05:51:19.495199
fridge_72d70f7075,https://www.olx.in/item/fridges-c1617-samsung-big-refrigerator-530l-good-working-in-shiv-nagar-delhi-iid-1828633180,Samsung big refrigerator 530L good working,Refrigerator - Fridges,11000,"[""/content/drive/MyDrive/olx_fridges_dataset/images/fridge_72d70f7075/1.jpg"", ""/content/drive/MyDrive/olx_fridges_dataset/images/fridge_72d70f7075/2.jpg"", ""/content/drive/MyDrive/olx_fridges_dataset/images/fridge_72d70f7075/3.jpg"", ""/content/drive/MyDrive/olx_fridges_dataset/images/fridge_72d70f7075/4.jpg"", ""/content/drive/MyDrive/olx_fridges_dataset/images/fridge_72d70f7075/5.jpg"", ""/content/drive/MyDrive/olx_fridges_dataset/images/fridge_72d70f7075/6.jpg"", ""/content/drive/MyDrive/olx_fridges_dataset/images/fridge_72d70f7075/7.jpg"", ""/content/drive/MyDrive/olx_fridges_dataset/images/fridge_72d70f7075/8.jpg"", ""/content/drive/MyDrive/olx_fridges_dataset/images/fridge_72d70f7075/9.jpg"", ""/content/drive/MyDrive/olx_fridges_dataset/images/fridge_72d70f7075/10.jpg"", ""/content/drive/MyDrive/olx_fridges_dataset/images/fridge_72d70f7075/11.jpg"", ""/content/drive/MyDrive/olx_fridges_dataset/images/fridge_72d70f7075/12.jpg"", ""/content/drive/MyDrive/olx_fridges_dataset/images/fridge_72d70f7075/13.jpg"", ""/content/drive/MyDrive/olx_fridges_dataset/images/fridge_72d70f7075/14.jpg""]",14,2025-12-08 05:51:30.993661
fridge_10dffcdf8f,https://www.olx.in/item/fridges-c1617-good-looking-fridge-free-delivery-5-year-warranty-in-bandra-east-mumbai-iid-1827895484,Good looking fridge free delivery 5 year warranty,"#WE CAN PROVIDE HOME APPLIANCES## #1. FRIDGES (single door , Double door and big size Double door available) #2. Washing machine (fully automatic) #3. AC (split ac and window ac) ##BEST PRICE OF APPLIANCES ## 1. FRIDGE:. i)Single door starting price Rs 6500/ ii)Double door starting price Rs 8500/ 2. Washing machine fully automatic starting price RS.6500/ 3. Split ac starting price Rs.12500/ 4. Window ac starting price RS.10500/ ##NOTE## i) Delivery free ii) Inlet pipe and. outlet pipe free with washing machine ## SANVI AIRCOOL## shop no2 shree rampal chawl near little flower high school mahakali caves road Andheri East Mumbai 400093 - Fridges",6500,"[""/content/drive/MyDrive/olx_fridges_dataset/images/fridge_10dffcdf8f/1.jpg"", ""/content/drive/MyDrive/olx_fridges_dataset/images/fridge_10dffcdf8f/2.jpg"", ""/content/drive/MyDrive/olx_fridges_dataset/images/fridge_10dffcdf8f/3.jpg"", ""/content/drive/MyDrive/olx_fridges_dataset/images/fridge_10dffcdf8f/4.jpg"", ""/content/drive/MyDrive/olx_fridges_dataset/images/fridge_10dffcdf8f/5.jpg"", ""/content/drive/MyDrive/olx_fridges_dataset/images/fridge_10dffcdf8f/6.jpg"", ""/content/drive/MyDrive/olx_fridges_dataset/images/fridge_10dffcdf8f/7.jpg"", ""/content/drive/MyDrive/olx_fridges_dataset/images/fridge_10dffcdf8f/8.jpg"", ""/content/drive/MyDrive/olx_fridges_dataset/images/fridge_10dffcdf8f/9.jpg"", ""/content/drive/MyDrive/olx_fridges_dataset/images/fridge_10dffcdf8f/10.jpg"", ""/content/drive/MyDrive/olx_fridges_dataset/images/fridge_10dffcdf8f/11.jpg"", ""/content/drive/MyDrive/olx_fridges_dataset/images/fridge_10dffcdf8f/12.jpg"", ""/content/drive/MyDrive/olx_fridges_dataset/images/fridge_10dffcdf8f/13.jpg"", ""/content/drive/MyDrive/olx_fridges_dataset/images/fridge_10dffcdf8f/14.jpg"", ""/content/drive/MyDrive/olx_fridges_dataset/images/fridge_10dffcdf8f/15.jpg"", ""/content/drive/MyDrive/olx_fridges_dataset/images/fridge_10dffcdf8f/16.jpg""]",16,2025-12-08 05:51:44.219147
fridge_18e77dbd04,https://www.olx.in/item/fridges-c1617-fridge-washing-machine-on-rent-in-hinjewadi-rajiv-gandhi-infotech-park-phase-3-pune-iid-1826172005,Fridge washing machine on rent,Single door fridge on rent Rent 450 deposit 1500 Washing machine on rent Rent 450 deposit 1500 Fridge washing machine both 900 rent 2500 deposit Mentainance free Installation free - Fridges,450,"[""/content/drive/MyDrive/olx_fridges_dataset/images/fridge_18e77dbd04/1.jpg"", ""/content/drive/MyDrive/olx_fridges_dataset/images/fridge_18e77dbd04/2.jpg"", ""/content/drive/MyDrive/olx_fridges_dataset/images/fridge_18e77dbd04/3.jpg"", ""/content/drive/MyDrive/olx_fridges_dataset/images/fridge_18e77dbd04/4.jpg"", ""/content/drive/MyDrive/olx_fridges_dataset/images/fridge_18e77dbd04/5.jpg"", ""/content/drive/MyDrive/olx_fridges_dataset/images/fridge_18e77dbd04/6.jpg"", ""/content/drive/MyDrive/olx_fridges_dataset/images/fridge_18e77dbd04/7.jpg"", ""/content/drive/MyDrive/olx_fridges_dataset/images/fridge_18e77dbd04/8.jpg"", ""/content/drive/MyDrive/olx_fridges_dataset/images/fridge_18e77dbd04/9.jpg"", ""/content/drive/MyDrive/olx_fridges_dataset/images/fridge_18e77dbd04/10.jpg"", ""/content/drive/MyDrive/olx_fridges_dataset/images/fridge_18e77dbd04/11.jpg"", ""/content/drive/MyDrive/olx_fridges_dataset/images/fridge_18e77dbd04/12.jpg"", ""/content/drive/MyDrive/olx_fridges_dataset/images/fridge_18e77dbd04/13.jpg"", ""/content/drive/MyDrive/olx_fridges_dataset/images/fridge_18e77dbd04/14.jpg""]",14,2025-12-08 05:51:54.238121
fridge_01a07e5b7f,https://www.olx.in/item/fridges-c1617-premium-quality-refrigerator-available-in-kalarikkal-cherthala-iid-1821777071,PREMIUM QUALITY REFRIGERATOR AVAILABLE,REPLACEMENT WARRANTY FREE HOME DELIVERY ALL BRAND AVAILABLE - Fridges,3999,"[""/content/drive/MyDrive/olx_fridges_dataset/images/fridge_01a07e5b7f/1.jpg"", ""/content/drive/MyDrive/olx_fridges_dataset/images/fridge_01a07e5b7f/2.jpg"", ""/content/drive/MyDrive/olx_fridges_dataset/images/fridge_01a07e5b7f/3.jpg"", ""/content/drive/MyDrive/olx_fridges_dataset/images/fridge_01a07e5b7f/4.jpg"", ""/content/drive/MyDrive/olx_fridges_dataset/images/fridge_01a07e5b7f/5.jpg"", ""/content/drive/MyDrive/olx_fridges_dataset/images/fridge_01a07e5b7f/6.jpg"", ""/content/drive/MyDrive/olx_fridges_dataset/images/fridge_01a07e5b7f/7.jpg"", ""/content/drive/MyDrive/olx_fridges_dataset/images/fridge_01a07e5b7f/8.jpg"", ""/content/drive/MyDrive/olx_fridges_dataset/images/fridge_01a07e5b7f/9.jpg"", ""/content/drive/MyDrive/olx_fridges_dataset/images/fridge_01a07e5b7f/10.jpg"", ""/content/drive/MyDrive/olx_fridges_dataset/images/fridge_01a07e5b7f/11.jpg"", ""/content/drive/MyDrive/olx_fridges_dataset/images/fridge_01a07e5b7f/12.jpg"", ""/content/drive/MyDrive/olx_fridges_dataset/images/fridge_01a07e5b7f/13.jpg"", ""/content/drive/MyDrive/olx_fridges_dataset/images/fridge_01a07e5b7f/14.jpg""]",14,2025-12-08 05:52:01.929172
fridge_ad29a4cf5a,https://www.olx.in/item/fridges-c1617-fridge-for-sale-10000-in-hayatnagar-hyderabad-iid-1828075277,Fridge for sale 10000,"sale for fridge , good condition and working , cooling also very good. - Fridges",10000,"[""/content/drive/MyDrive/olx_fridges_dataset/images/fridge_ad29a4cf5a/1.jpg"", ""/content/drive/MyDrive/olx_fridges_dataset/images/fridge_ad29a4cf5a/2.jpg"", ""/content/drive/MyDrive/olx_fridges_dataset/images/fridge_ad29a4cf5a/3.jpg"", ""/content/drive/MyDrive/olx_fridges_dataset/images/fridge_ad29a4cf5a/4.jpg"", ""/content/drive/MyDrive/olx_fridges_dataset/images/fridge_ad29a4cf5a/5.jpg"", ""/content/drive/MyDrive/olx_fridges_dataset/images/fridge_ad29a4cf5a/6.jpg"", ""/content/drive/MyDrive/olx_fridges_dataset/images/fridge_ad29a4cf5a/7.jpg"", ""/content/drive/MyDrive/olx_fridges_dataset/images/fridge_ad29a4cf5a/8.jpg"", ""/content/drive/MyDrive/olx_fridges_dataset/images/fridge_ad29a4cf5a/9.jpg"", ""/content/drive/MyDrive/olx_fridges_dataset/images/fridge_ad29a4cf5a/10.jpg"", ""/content/drive/MyDrive/olx_fridges_dataset/images/fridge_ad29a4cf5a/11.jpg"", ""/content/drive/MyDrive/olx_fridges_dataset/images/fridge_ad29a4cf5a/12.jpg"", ""/content/drive/MyDrive/olx_fridges_dataset/images/fridge_ad29a4cf5a/13.jpg"", ""/content/drive/MyDrive/olx_fridges_dataset/images/fridge_ad29a4cf5a/14.jpg""]",14,2025-12-08 05:52:11.328225
fridge_4eff07f525,https://www.olx.in/item/fridges-c1617-samsung-single-door-fridge-5years-old-in-hrbr-layout-bengaluru-iid-1828355606,Samsung single door fridge 5years old,Good condition selling my single door fridge @5000 - Fridges,5000,"[""/content/drive/MyDrive/olx_fridges_dataset/images/fridge_4eff07f525/1.jpg"", ""/content/drive/MyDrive/olx_fridges_dataset/images/fridge_4eff07f525/2.jpg"", ""/content/drive/MyDrive/olx_fridges_dataset/images/fridge_4eff07f525/3.jpg"", ""/content/drive/MyDrive/olx_fridges_dataset/images/fridge_4eff07f525/4.jpg"", ""/content/drive/MyDrive/olx_fridges_dataset/images/fridge_4eff07f525/5.jpg"", ""/content/drive/MyDrive/olx_fridges_dataset/images/fridge_4eff07f525/6.jpg"", ""/content/drive/MyDrive/olx_fridges_dataset/images/fridge_4eff07f525/7.jpg"", ""/content/drive/MyDrive/olx_fridges_dataset/images/fridge_4eff07f525/8.jpg"", ""/content/drive/MyDrive/olx_fridges_dataset/images/fridge_4eff07f525/9.jpg"", ""/content/drive/MyDrive/olx_fridges_dataset/images/fridge_4eff07f525/10.jpg"", ""/content/drive/MyDrive/olx_fridges_dataset/images/fridge_4eff07f525/11.jpg"", ""/content/drive/MyDrive/olx_fridges_dataset/images/fridge_4eff07f525/12.jpg"", ""/content/drive/MyDrive/olx_fridges_dataset/images/fridge_4eff07f525/13.jpg"", ""/content/drive/MyDrive/olx_fridges_dataset/images/fridge_4eff07f525/14.jpg""]",14,2025-12-08 05:52:19.029445
fridge_ca19003e93,https://www.olx.in/item/fridges-c1617-single-door-refrigerator-available-in-veliyannur-thrissur-iid-1825571182,SINGLE DOOR REFRIGERATOR AVAILABLE,REPLACEMENT WARRANTY FREE HOME DELIVERY - Fridges,3999,"[""/content/drive/MyDrive/olx_fridges_dataset/images/fridge_ca19003e93/1.jpg"", ""/content/drive/MyDrive/olx_fridges_dataset/images/fridge_ca19003e93/2.jpg"", ""/content/drive/MyDrive/olx_fridges_dataset/images/fridge_ca19003e93/3.jpg"", ""/content/drive/MyDrive/olx_fridges_dataset/images/fridge_ca19003e93/4.jpg"", ""/content/drive/MyDrive/olx_fridges_dataset/images/fridge_ca19003e93/5.jpg"", ""/content/drive/MyDrive/olx_fridges_dataset/images/fridge_ca19003e93/6.jpg"", ""/content/drive/MyDrive/olx_fridges_dataset/images/fridge_ca19003e93/7.jpg"", ""/content/drive/MyDrive/olx_fridges_dataset/images/fridge_ca19003e93/8.jpg"", ""/content/drive/MyDrive/olx_fridges_dataset/images/fridge_ca19003e93/9.jpg"", ""/content/drive/MyDrive/olx_fridges_dataset/images/fridge_ca19003e93/10.jpg"", ""/content/drive/MyDrive/olx_fridges_dataset/images/fridge_ca19003e93/11.jpg"", ""/content/drive/MyDrive/olx_fridges_dataset/images/fridge_ca19003e93/12.jpg"", ""/content/drive/MyDrive/olx_fridges_dataset/images/fridge_ca19003e93/13.jpg"", ""/content/drive/MyDrive/olx_fridges_dataset/images/fridge_ca19003e93/14.jpg""]",14,2025-12-08 05:52:34.922672
fridge_dd62f350ae,https://www.olx.in/item/fridges-c1617-high-quality-refrigerator-available-in-kalarcode-alappuzha-iid-1821777749,HIGH QUALITY REFRIGERATOR AVAILABLE,REPLACEMENT WARRANTY FREE HOME DELIVERY ALL BRAND AVAILABLE - Fridges,3999,"[""/content/drive/MyDrive/olx_fridges_dataset/images/fridge_dd62f350ae/1.jpg"", ""/content/drive/MyDrive/olx_fridges_dataset/images/fridge_dd62f350ae/2.jpg"", ""/content/drive/MyDrive/olx_fridges_dataset/images/fridge_dd62f350ae/3.jpg"", ""/content/drive/MyDrive/olx_fridges_dataset/images/fridge_dd62f350ae/4.jpg"", ""/content/drive/MyDrive/olx_fridges_dataset/images/fridge_dd62f350ae/5.jpg"", ""/content/drive/MyDrive/olx_fridges_dataset/images/fridge_dd62f350ae/6.jpg"", ""/content/drive/MyDrive/olx_fridges_dataset/images/fridge_dd62f350ae/7.jpg"", ""/content/drive/MyDrive/olx_fridges_dataset/images/fridge_dd62f350ae/8.jpg"", ""/content/drive/MyDrive/olx_fridges_dataset/images/fridge_dd62f350ae/9.jpg"", ""/content/drive/MyDrive/olx_fridges_dataset/images/fridge_dd62f350ae/10.jpg"", ""/content/drive/MyDrive/olx_fridges_dataset/images/fridge_dd62f350ae/11.jpg"", ""/content/drive/MyDrive/olx_fridges_dataset/images/fridge_dd62f350ae/12.jpg"", ""/content/drive/MyDrive/olx_fridges_dataset/images/fridge_dd62f350ae/13.jpg"", ""/content/drive/MyDrive/olx_fridges_dataset/images/fridge_dd62f350ae/14.jpg""]",14,2025-12-08 05:52:42.487141
fridge_9c67ae457e,https://www.olx.in/item/fridges-c1617-high-quality-refrigerator-available-in-manarcadu-kottayam-iid-1825572392,HIGH QUALITY REFRIGERATOR AVAILABLE,REPLACEMENT WARRANTY FREE HOME DELIVERY - Fridges,3999,"[""/content/drive/MyDrive/olx_fridges_dataset/images/fridge_9c67ae457e/1.jpg"", ""/content/drive/MyDrive/olx_fridges_dataset/images/fridge_9c67ae457e/2.jpg"", ""/content/drive/MyDrive/olx_fridges_dataset/images/fridge_9c67ae457e/3.jpg"", ""/content/drive/MyDrive/olx_fridges_dataset/images/fridge_9c67ae457e/4.jpg"", ""/content/drive/MyDrive/olx_fridges_dataset/images/fridge_9c67ae457e/5.jpg"", ""/content/drive/MyDrive/olx_fridges_dataset/images/fridge_9c67ae457e/6.jpg"", ""/content/drive/MyDrive/olx_fridges_dataset/images/fridge_9c67ae457e/7.jpg"", ""/content/drive/MyDrive/olx_fridges_dataset/images/fridge_9c67ae457e/8.jpg"", ""/content/drive/MyDrive/olx_fridges_dataset/images/fridge_9c67ae457e/9.jpg"", ""/content/drive/MyDrive/olx_fridges_dataset/images/fridge_9c67ae457e/10.jpg"", ""/content/drive/MyDrive/olx_fridges_dataset/images/fridge_9c67ae457e/11.jpg"", ""/content/drive/MyDrive/olx_fridges_dataset/images/fridge_9c67ae457e/12.jpg"", ""/content/drive/MyDrive/olx_fridges_dataset/images/fridge_9c67ae457e/13.jpg"", ""/content/drive/MyDrive/olx_fridges_dataset/images/fridge_9c67ae457e/14.jpg""]",14,2025-12-08 05:52:52.588857
fridge_72bc4307cb,https://www.olx.in/item/fridges-c1617-lloyd-new-fridge-havells-brand-in-jagadhri-yamunanagar-iid-1826261521,Lloyd New Fridge (Havells Brand),Refrigerator for sale - Fridges,10000,"[""/content/drive/MyDrive/olx_fridges_dataset/images/fridge_72bc4307cb/1.jpg"", ""/content/drive/MyDrive/olx_fridges_dataset/images/fridge_72bc4307cb/2.jpg"", ""/content/drive/MyDrive/olx_fridges_dataset/images/fridge_72bc4307cb/3.jpg"", ""/content/drive/MyDrive/olx_fridges_dataset/images/fridge_72bc4307cb/4.jpg"", ""/content/drive/MyDrive/olx_fridges_dataset/images/fridge_72bc4307cb/5.jpg"", ""/content/drive/MyDrive/olx_fridges_dataset/images/fridge_72bc4307cb/6.jpg"", ""/content/drive/MyDrive/olx_fridges_dataset/images/fridge_72bc4307cb/7.jpg"", ""/content/drive/MyDrive/olx_fridges_dataset/images/fridge_72bc4307cb/8.jpg"", ""/content/drive/MyDrive/olx_fridges_dataset/images/fridge_72bc4307cb/9.jpg"", ""/content/drive/MyDrive/olx_fridges_dataset/images/fridge_72bc4307cb/10.jpg"", ""/content/drive/MyDrive/olx_fridges_dataset/images/fridge_72bc4307cb/11.jpg"", ""/content/drive/MyDrive/olx_fridges_dataset/images/fridge_72bc4307cb/12.jpg"", ""/content/drive/MyDrive/olx_fridges_dataset/images/fridge_72bc4307cb/13.jpg"", ""/content/drive/MyDrive/olx_fridges_dataset/images/fridge_72bc4307cb/14.jpg""]",14,2025-12-08 05:53:01.162718
fridge_2f33406207,https://www.olx.in/item/fridges-c1617-whirlpool-refrigerator-in-ponni-nagar-mayiladuthurai-iid-1828632752,Whirlpool  Refrigerator,Good condition - Fridges,9000,"[""/content/drive/MyDrive/olx_fridges_dataset/images/fridge_2f33406207/1.jpg"", ""/content/drive/MyDrive/olx_fridges_dataset/images/fridge_2f33406207/2.jpg"", ""/content/drive/MyDrive/olx_fridges_dataset/images/fridge_2f33406207/3.jpg"", ""/content/drive/MyDrive/olx_fridges_dataset/images/fridge_2f33406207/4.jpg"", ""/content/drive/MyDrive/olx_fridges_dataset/images/fridge_2f33406207/5.jpg"", ""/content/drive/MyDrive/olx_fridges_dataset/images/fridge_2f33406207/6.jpg"", ""/content/drive/MyDrive/olx_fridges_dataset/images/fridge_2f33406207/7.jpg"", ""/content/drive/MyDrive/olx_fridges_dataset/images/fridge_2f33406207/8.jpg"", ""/content/drive/MyDrive/olx_fridges_dataset/images/fridge_2f33406207/9.jpg"", ""/content/drive/MyDrive/olx_fridges_dataset/images/fridge_2f33406207/10.jpg"", ""/content/drive/MyDrive/olx_fridges_dataset/images/fridge_2f33406207/11.jpg"", ""/content/drive/MyDrive/olx_fridges_dataset/images/fridge_2f33406207/12.jpg"", ""/content/drive/MyDrive/olx_fridges_dataset/images/fridge_2f33406207/13.jpg"", ""/content/drive/MyDrive/olx_fridges_dataset/images/fridge_2f33406207/14.jpg""]",14,2025-12-08 05:53:11.316329
fridge_9e6dbd23a5,https://www.olx.in/item/fridges-c1617-premium-quality-refrigerator-available-in-mookkannoor-angamaly-iid-1821776598,PREMIUM QUALITY REFRIGERATOR AVAILABLE,REPLACEMENT WARRANTY FREE HOME DELIVERY ALL BRAND AVAILABLE - Fridges,3999,"[""/content/drive/MyDrive/olx_fridges_dataset/images/fridge_9e6dbd23a5/1.jpg"", ""/content/drive/MyDrive/olx_fridges_dataset/images/fridge_9e6dbd23a5/2.jpg"", ""/content/drive/MyDrive/olx_fridges_dataset/images/fridge_9e6dbd23a5/3.jpg"", ""/content/drive/MyDrive/olx_fridges_dataset/images/fridge_9e6dbd23a5/4.jpg"", ""/content/drive/MyDrive/olx_fridges_dataset/images/fridge_9e6dbd23a5/5.jpg"", ""/content/drive/MyDrive/olx_fridges_dataset/images/fridge_9e6dbd23a5/6.jpg"", ""/content/drive/MyDrive/olx_fridges_dataset/images/fridge_9e6dbd23a5/7.jpg"", ""/content/drive/MyDrive/olx_fridges_dataset/images/fridge_9e6dbd23a5/8.jpg"", ""/content/drive/MyDrive/olx_fridges_dataset/images/fridge_9e6dbd23a5/9.jpg"", ""/content/drive/MyDrive/olx_fridges_dataset/images/fridge_9e6dbd23a5/10.jpg"", ""/content/drive/MyDrive/olx_fridges_dataset/images/fridge_9e6dbd23a5/11.jpg"", ""/content/drive/MyDrive/olx_fridges_dataset/images/fridge_9e6dbd23a5/12.jpg"", ""/content/drive/MyDrive/olx_fridges_dataset/images/fridge_9e6dbd23a5/13.jpg"", ""/content/drive/MyDrive/olx_fridges_dataset/images/fridge_9e6dbd23a5/14.jpg""]",14,2025-12-08 05:53:22.359295
fridge_e81b79f898,https://www.olx.in/item/fridges-c1617-lg-double-door-refrigerator-for-sale-in-jyothi-nagar-ambattur-iid-1828632135,LG double door refrigerator for sale,LG Double Door Refrigerator for Sale. 285 litres Capacity. Front door damage during shifting. One year old. Very sparsely used. - Fridges,15000,"[""/content/drive/MyDrive/olx_fridges_dataset/images/fridge_e81b79f898/1.jpg"", ""/content/drive/MyDrive/olx_fridges_dataset/images/fridge_e81b79f898/2.jpg"", ""/content/drive/MyDrive/olx_fridges_dataset/images/fridge_e81b79f898/3.jpg"", ""/content/drive/MyDrive/olx_fridges_dataset/images/fridge_e81b79f898/4.jpg"", ""/content/drive/MyDrive/olx_fridges_dataset/images/fridge_e81b79f898/5.jpg"", ""/content/drive/MyDrive/olx_fridges_dataset/images/fridge_e81b79f898/6.jpg"", ""/content/drive/MyDrive/olx_fridges_dataset/images/fridge_e81b79f898/7.jpg"", ""/content/drive/MyDrive/olx_fridges_dataset/images/fridge_e81b79f898/8.jpg"", ""/content/drive/MyDrive/olx_fridges_dataset/images/fridge_e81b79f898/9.jpg"", ""/content/drive/MyDrive/olx_fridges_dataset/images/fridge_e81b79f898/10.jpg"", ""/content/drive/MyDrive/olx_fridges_dataset/images/fridge_e81b79f898/11.jpg"", ""/content/drive/MyDrive/olx_fridges_dataset/images/fridge_e81b79f898/12.jpg"", ""/content/drive/MyDrive/olx_fridges_dataset/images/fridge_e81b79f898/13.jpg"", ""/content/drive/MyDrive/olx_fridges_dataset/images/fridge_e81b79f898/14.jpg""]",14,2025-12-08 05:53:32.133607
fridge_1d3884df75,https://www.olx.in/item/fridges-c1617-samsung-fridge-in-huda-sector-4-naraingarh-iid-1827726510,Samsung fridge,193 litres fridge single door with 5yrs waranty on compressor available for sale - Fridges,8000,"[""/content/drive/MyDrive/olx_fridges_dataset/images/fridge_1d3884df75/1.jpg"", ""/content/drive/MyDrive/olx_fridges_dataset/images/fridge_1d3884df75/2.jpg"", ""/content/drive/MyDrive/olx_fridges_dataset/images/fridge_1d3884df75/3.jpg"", ""/content/drive/MyDrive/olx_fridges_dataset/images/fridge_1d3884df75/4.jpg"", ""/content/drive/MyDrive/olx_fridges_dataset/images/fridge_1d3884df75/5.jpg"", ""/content/drive/MyDrive/olx_fridges_dataset/images/fridge_1d3884df75/6.jpg"", ""/content/drive/MyDrive/olx_fridges_dataset/images/fridge_1d3884df75/7.jpg"", ""/content/drive/MyDrive/olx_fridges_dataset/images/fridge_1d3884df75/8.jpg"", ""/content/drive/MyDrive/olx_fridges_dataset/images/fridge_1d3884df75/9.jpg"", ""/content/drive/MyDrive/olx_fridges_dataset/images/fridge_1d3884df75/10.jpg"", ""/content/drive/MyDrive/olx_fridges_dataset/images/fridge_1d3884df75/11.jpg"", ""/content/drive/MyDrive/olx_fridges_dataset/images/fridge_1d3884df75/12.jpg"", ""/content/drive/MyDrive/olx_fridges_dataset/images/fridge_1d3884df75/13.jpg"", ""/content/drive/MyDrive/olx_fridges_dataset/images/fridge_1d3884df75/14.jpg""]",14,2025-12-08 05:53:39.782436
fridge_08ce911a9e,https://www.olx.in/item/fridges-c1617-premium-quality-refrigerator-available-in-thodupuzha-kerala-iid-1821775567,PREMIUM QUALITY REFRIGERATOR AVAILABLE,REPLACEMENT WARRANTY FREE HOME DELIVERY ALL BRAND AVAILABLE - Fridges,3999,"[""/content/drive/MyDrive/olx_fridges_dataset/images/fridge_08ce911a9e/1.jpg"", ""/content/drive/MyDrive/olx_fridges_dataset/images/fridge_08ce911a9e/2.jpg"", ""/content/drive/MyDrive/olx_fridges_dataset/images/fridge_08ce911a9e/3.jpg"", ""/content/drive/MyDrive/olx_fridges_dataset/images/fridge_08ce911a9e/4.jpg"", ""/content/drive/MyDrive/olx_fridges_dataset/images/fridge_08ce911a9e/5.jpg"", ""/content/drive/MyDrive/olx_fridges_dataset/images/fridge_08ce911a9e/6.jpg"", ""/content/drive/MyDrive/olx_fridges_dataset/images/fridge_08ce911a9e/7.jpg"", ""/content/drive/MyDrive/olx_fridges_dataset/images/fridge_08ce911a9e/8.jpg"", ""/content/drive/MyDrive/olx_fridges_dataset/images/fridge_08ce911a9e/9.jpg"", ""/content/drive/MyDrive/olx_fridges_dataset/images/fridge_08ce911a9e/10.jpg"", ""/content/drive/MyDrive/olx_fridges_dataset/images/fridge_08ce911a9e/11.jpg"", ""/content/drive/MyDrive/olx_fridges_dataset/images/fridge_08ce911a9e/12.jpg"", ""/content/drive/MyDrive/olx_fridges_dataset/images/fridge_08ce911a9e/13.jpg"", ""/content/drive/MyDrive/olx_fridges_dataset/images/fridge_08ce911a9e/14.jpg""]",14,2025-12-08 05:53:55.494942
fridge_d3a963720a,https://www.olx.in/item/fridges-c1617-godrej-fridge-180-litres-fridge-in-ramanthapur-hyderabad-iid-1828372929,Godrej fridge 180 litres fridge,Purchase date 17-april-2024 5star rating and look like new one Original price16000 Bill available Box available - Fridges,12000,"[""/content/drive/MyDrive/olx_fridges_dataset/images/fridge_d3a963720a/1.jpg"", ""/content/drive/MyDrive/olx_fridges_dataset/images/fridge_d3a963720a/2.jpg"", ""/content/drive/MyDrive/olx_fridges_dataset/images/fridge_d3a963720a/3.jpg"", ""/content/drive/MyDrive/olx_fridges_dataset/images/fridge_d3a963720a/4.jpg"", ""/content/drive/MyDrive/olx_fridges_dataset/images/fridge_d3a963720a/5.jpg"", ""/content/drive/MyDrive/olx_fridges_dataset/images/fridge_d3a963720a/6.jpg"", ""/content/drive/MyDrive/olx_fridges_dataset/images/fridge_d3a963720a/7.jpg"", ""/content/drive/MyDrive/olx_fridges_dataset/images/fridge_d3a963720a/8.jpg"", ""/content/drive/MyDrive/olx_fridges_dataset/images/fridge_d3a963720a/9.jpg"", ""/content/drive/MyDrive/olx_fridges_dataset/images/fridge_d3a963720a/10.jpg"", ""/content/drive/MyDrive/olx_fridges_dataset/images/fridge_d3a963720a/11.jpg"", ""/content/drive/MyDrive/olx_fridges_dataset/images/fridge_d3a963720a/12.jpg"", ""/content/drive/MyDrive/olx_fridges_dataset/images/fridge_d3a963720a/13.jpg"", ""/content/drive/MyDrive/olx_fridges_dataset/images/fridge_d3a963720a/14.jpg""]",14,2025-12-08 05:54:03.395468
fridge_d3fce59426,https://www.olx.in/item/fridges-c1617-less-used-refrigerator-available-in-irubupalam-alappuzha-iid-1821777557,LESS USED REFRIGERATOR AVAILABLE,REPLACEMENT WARRANTY FREE HOME DELIVERY ALL BRAND AVAILABLE - Fridges,3999,"[""/content/drive/MyDrive/olx_fridges_dataset/images/fridge_d3fce59426/1.jpg"", ""/content/drive/MyDrive/olx_fridges_dataset/images/fridge_d3fce59426/2.jpg"", ""/content/drive/MyDrive/olx_fridges_dataset/images/fridge_d3fce59426/3.jpg"", ""/content/drive/MyDrive/olx_fridges_dataset/images/fridge_d3fce59426/4.jpg"", ""/content/drive/MyDrive/olx_fridges_dataset/images/fridge_d3fce59426/5.jpg"", ""/content/drive/MyDrive/olx_fridges_dataset/images/fridge_d3fce59426/6.jpg"", ""/content/drive/MyDrive/olx_fridges_dataset/images/fridge_d3fce59426/7.jpg"", ""/content/drive/MyDrive/olx_fridges_dataset/images/fridge_d3fce59426/8.jpg"", ""/content/drive/MyDrive/olx_fridges_dataset/images/fridge_d3fce59426/9.jpg"", ""/content/drive/MyDrive/olx_fridges_dataset/images/fridge_d3fce59426/10.jpg"", ""/content/drive/MyDrive/olx_fridges_dataset/images/fridge_d3fce59426/11.jpg"", ""/content/drive/MyDrive/olx_fridges_dataset/images/fridge_d3fce59426/12.jpg"", ""/content/drive/MyDrive/olx_fridges_dataset/images/fridge_d3fce59426/13.jpg"", ""/content/drive/MyDrive/olx_fridges_dataset/images/fridge_d3fce59426/14.jpg""]",14,2025-12-08 05:54:11.941089
fridge_a50ec94328,https://www.olx.in/item/fridges-c1617-global-health-mate-in-jogeshwari-west-mumbai-iid-1828632366,Global health mate,Full body exercise machine - Fridges,8500,"[""/content/drive/MyDrive/olx_fridges_dataset/images/fridge_a50ec94328/1.jpg"", ""/content/drive/MyDrive/olx_fridges_dataset/images/fridge_a50ec94328/2.jpg"", ""/content/drive/MyDrive/olx_fridges_dataset/images/fridge_a50ec94328/3.jpg"", ""/content/drive/MyDrive/olx_fridges_dataset/images/fridge_a50ec94328/4.jpg"", ""/content/drive/MyDrive/olx_fridges_dataset/images/fridge_a50ec94328/5.jpg"", ""/content/drive/MyDrive/olx_fridges_dataset/images/fridge_a50ec94328/6.jpg"", ""/content/drive/MyDrive/olx_fridges_dataset/images/fridge_a50ec94328/7.jpg"", ""/content/drive/MyDrive/olx_fridges_dataset/images/fridge_a50ec94328/8.jpg"", ""/content/drive/MyDrive/olx_fridges_dataset/images/fridge_a50ec94328/9.jpg"", ""/content/drive/MyDrive/olx_fridges_dataset/images/fridge_a50ec94328/10.jpg"", ""/content/drive/MyDrive/olx_fridges_dataset/images/fridge_a50ec94328/11.jpg"", ""/content/drive/MyDrive/olx_fridges_dataset/images/fridge_a50ec94328/12.jpg"", ""/content/drive/MyDrive/olx_fridges_dataset/images/fridge_a50ec94328/13.jpg"", ""/content/drive/MyDrive/olx_fridges_dataset/images/fridge_a50ec94328/14.jpg""]",14,2025-12-08 05:54:25.466762
fridge_52a3e6480b,https://www.olx.in/item/fridges-c1617-253l-samsung-fridge-in-green-domain-layout-bengaluru-iid-1828632056,253L Samsung Fridge,Only 2 year old Refrigerator in very good condition available for sale - Fridges,15000,"[""/content/drive/MyDrive/olx_fridges_dataset/images/fridge_52a3e6480b/1.jpg"", ""/content/drive/MyDrive/olx_fridges_dataset/images/fridge_52a3e6480b/2.jpg"", ""/content/drive/MyDrive/olx_fridges_dataset/images/fridge_52a3e6480b/3.jpg"", ""/content/drive/MyDrive/olx_fridges_dataset/images/fridge_52a3e6480b/4.jpg"", ""/content/drive/MyDrive/olx_fridges_dataset/images/fridge_52a3e6480b/5.jpg"", ""/content/drive/MyDrive/olx_fridges_dataset/images/fridge_52a3e6480b/6.jpg"", ""/content/drive/MyDrive/olx_fridges_dataset/images/fridge_52a3e6480b/7.jpg"", ""/content/drive/MyDrive/olx_fridges_dataset/images/fridge_52a3e6480b/8.jpg"", ""/content/drive/MyDrive/olx_fridges_dataset/images/fridge_52a3e6480b/9.jpg"", ""/content/drive/MyDrive/olx_fridges_dataset/images/fridge_52a3e6480b/10.jpg"", ""/content/drive/MyDrive/olx_fridges_dataset/images/fridge_52a3e6480b/11.jpg"", ""/content/drive/MyDrive/olx_fridges_dataset/images/fridge_52a3e6480b/12.jpg"", ""/content/drive/MyDrive/olx_fridges_dataset/images/fridge_52a3e6480b/13.jpg"", ""/content/drive/MyDrive/olx_fridges_dataset/images/fridge_52a3e6480b/14.jpg""]",14,2025-12-08 05:54:33.652596
fridge_da060ed03a,https://www.olx.in/item/fridges-c1617-single-door-refrigerator-in-government-medical-college-kottayam-iid-1825572124,SINGLE DOOR REFRIGERATOR,REPLACEMENT WARRANTY FREE HOME DELIVERY - Fridges,3999,"[""/content/drive/MyDrive/olx_fridges_dataset/images/fridge_da060ed03a/1.jpg"", ""/content/drive/MyDrive/olx_fridges_dataset/images/fridge_da060ed03a/2.jpg"", ""/content/drive/MyDrive/olx_fridges_dataset/images/fridge_da060ed03a/3.jpg"", ""/content/drive/MyDrive/olx_fridges_dataset/images/fridge_da060ed03a/4.jpg"", ""/content/drive/MyDrive/olx_fridges_dataset/images/fridge_da060ed03a/5.jpg"", ""/content/drive/MyDrive/olx_fridges_dataset/images/fridge_da060ed03a/6.jpg"", ""/content/drive/MyDrive/olx_fridges_dataset/images/fridge_da060ed03a/7.jpg"", ""/content/drive/MyDrive/olx_fridges_dataset/images/fridge_da060ed03a/8.jpg"", ""/content/drive/MyDrive/olx_fridges_dataset/images/fridge_da060ed03a/9.jpg"", ""/content/drive/MyDrive/olx_fridges_dataset/images/fridge_da060ed03a/10.jpg"", ""/content/drive/MyDrive/olx_fridges_dataset/images/fridge_da060ed03a/11.jpg"", ""/content/drive/MyDrive/olx_fridges_dataset/images/fridge_da060ed03a/12.jpg"", ""/content/drive/MyDrive/olx_fridges_dataset/images/fridge_da060ed03a/13.jpg"", ""/content/drive/MyDrive/olx_fridges_dataset/images/fridge_da060ed03a/14.jpg""]",14,2025-12-08 05:54:43.079973
fridge_2df5a40955,https://www.olx.in/item/fridges-c1617-hevy-working-refrigerator-available-in-thekkekara-alappuzha-iid-1821778597,HEVY WORKING REFRIGERATOR AVAILABLE,REPLACEMENT WARRANTY FREE HOME DELIVERY ALL BRAND AVAILABLE - Fridges,3999,"[""/content/drive/MyDrive/olx_fridges_dataset/images/fridge_2df5a40955/1.jpg"", ""/content/drive/MyDrive/olx_fridges_dataset/images/fridge_2df5a40955/2.jpg"", ""/content/drive/MyDrive/olx_fridges_dataset/images/fridge_2df5a40955/3.jpg"", ""/content/drive/MyDrive/olx_fridges_dataset/images/fridge_2df5a40955/4.jpg"", ""/content/drive/MyDrive/olx_fridges_dataset/images/fridge_2df5a40955/5.jpg"", ""/content/drive/MyDrive/olx_fridges_dataset/images/fridge_2df5a40955/6.jpg"", ""/content/drive/MyDrive/olx_fridges_dataset/images/fridge_2df5a40955/7.jpg"", ""/content/drive/MyDrive/olx_fridges_dataset/images/fridge_2df5a40955/8.jpg"", ""/content/drive/MyDrive/olx_fridges_dataset/images/fridge_2df5a40955/9.jpg"", ""/content/drive/MyDrive/olx_fridges_dataset/images/fridge_2df5a40955/10.jpg"", ""/content/drive/MyDrive/olx_fridges_dataset/images/fridge_2df5a40955/11.jpg"", ""/content/drive/MyDrive/olx_fridges_dataset/images/fridge_2df5a40955/12.jpg"", ""/content/drive/MyDrive/olx_fridges_dataset/images/fridge_2df5a40955/13.jpg"", ""/content/drive/MyDrive/olx_fridges_dataset/images/fridge_2df5a40955/14.jpg""]",14,2025-12-08 05:54:53.396025
fridge_59abc1b219,https://www.olx.in/item/fridges-c1617-high-quality-refrigerator-available-in-vinay-nagar-thrissur-iid-1825571557,HIGH QUALITY REFRIGERATOR AVAILABLE,REPLACEMENT WARRANTY FREE HOME DELIVERY - Fridges,3999,"[""/content/drive/MyDrive/olx_fridges_dataset/images/fridge_59abc1b219/1.jpg"", ""/content/drive/MyDrive/olx_fridges_dataset/images/fridge_59abc1b219/2.jpg"", ""/content/drive/MyDrive/olx_fridges_dataset/images/fridge_59abc1b219/3.jpg"", ""/content/drive/MyDrive/olx_fridges_dataset/images/fridge_59abc1b219/4.jpg"", ""/content/drive/MyDrive/olx_fridges_dataset/images/fridge_59abc1b219/5.jpg"", ""/content/drive/MyDrive/olx_fridges_dataset/images/fridge_59abc1b219/6.jpg"", ""/content/drive/MyDrive/olx_fridges_dataset/images/fridge_59abc1b219/7.jpg"", ""/content/drive/MyDrive/olx_fridges_dataset/images/fridge_59abc1b219/8.jpg"", ""/content/drive/MyDrive/olx_fridges_dataset/images/fridge_59abc1b219/9.jpg"", ""/content/drive/MyDrive/olx_fridges_dataset/images/fridge_59abc1b219/10.jpg"", ""/content/drive/MyDrive/olx_fridges_dataset/images/fridge_59abc1b219/11.jpg"", ""/content/drive/MyDrive/olx_fridges_dataset/images/fridge_59abc1b219/12.jpg"", ""/content/drive/MyDrive/olx_fridges_dataset/images/fridge_59abc1b219/13.jpg"", ""/content/drive/MyDrive/olx_fridges_dataset/images/fridge_59abc1b219/14.jpg""]",14,2025-12-08 05:55:02.067497
fridge_359fabf07d,https://www.olx.in/item/fridges-c1617-single-door-fridge-5-year-warranty-free-shiping-in-malad-west-mumbai-iid-1827894698,Single door fridge 5 year warranty Free shiping,"#WE CAN PROVIDE HOME APPLIANCES## #1. FRIDGES (single door , Double door and big size Double door available) #2. Washing machine (fully automatic) #3. AC (split ac and window ac) ##BEST PRICE OF APPLIANCES ## 1. FRIDGE:. i)Single door starting price Rs 6500/ ii)Double door starting price Rs 8500/ 2. Washing machine fully automatic starting price RS.6500/ 3. Split ac starting price Rs.12500/ 4. Window ac starting price RS.10500/ ##NOTE## i) Delivery free ii) Inlet pipe and. outlet pipe free with washing machine ## SANVI AIRCOOL## shop no2 shree rampal chawl near little flower high school mahakali caves road Andheri East Mumbai 400093 - Fridges",6500,"[""/content/drive/MyDrive/olx_fridges_dataset/images/fridge_359fabf07d/1.jpg"", ""/content/drive/MyDrive/olx_fridges_dataset/images/fridge_359fabf07d/2.jpg"", ""/content/drive/MyDrive/olx_fridges_dataset/images/fridge_359fabf07d/3.jpg"", ""/content/drive/MyDrive/olx_fridges_dataset/images/fridge_359fabf07d/4.jpg"", ""/content/drive/MyDrive/olx_fridges_dataset/images/fridge_359fabf07d/5.jpg"", ""/content/drive/MyDrive/olx_fridges_dataset/images/fridge_359fabf07d/6.jpg"", ""/content/drive/MyDrive/olx_fridges_dataset/images/fridge_359fabf07d/7.jpg"", ""/content/drive/MyDrive/olx_fridges_dataset/images/fridge_359fabf07d/8.jpg"", ""/content/drive/MyDrive/olx_fridges_dataset/images/fridge_359fabf07d/9.jpg"", ""/content/drive/MyDrive/olx_fridges_dataset/images/fridge_359fabf07d/10.jpg"", ""/content/drive/MyDrive/olx_fridges_dataset/images/fridge_359fabf07d/11.jpg"", ""/content/drive/MyDrive/olx_fridges_dataset/images/fridge_359fabf07d/12.jpg"", ""/content/drive/MyDrive/olx_fridges_dataset/images/fridge_359fabf07d/13.jpg"", ""/content/drive/MyDrive/olx_fridges_dataset/images/fridge_359fabf07d/14.jpg"", ""/content/drive/MyDrive/olx_fridges_dataset/images/fridge_359fabf07d/15.jpg"", ""/content/drive/MyDrive/olx_fridges_dataset/images/fridge_359fabf07d/16.jpg""]",16,2025-12-08 05:55:12.945319
fridge_cab55d13c1,https://www.olx.in/item/fridges-c1617-blue-star-chest-freezer-215-l-capacity-in-reserve-police-quarters-machilipatnam-iid-1828632189,Blue star Chest freezer 215 L capacity,Freezer in good working condition with temperature control for cooling and freezing options - Fridges,6800,"[""/content/drive/MyDrive/olx_fridges_dataset/images/fridge_cab55d13c1/1.jpg"", ""/content/drive/MyDrive/olx_fridges_dataset/images/fridge_cab55d13c1/2.jpg"", ""/content/drive/MyDrive/olx_fridges_dataset/images/fridge_cab55d13c1/3.jpg"", ""/content/drive/MyDrive/olx_fridges_dataset/images/fridge_cab55d13c1/4.jpg"", ""/content/drive/MyDrive/olx_fridges_dataset/images/fridge_cab55d13c1/5.jpg"", ""/content/drive/MyDrive/olx_fridges_dataset/images/fridge_cab55d13c1/6.jpg"", ""/content/drive/MyDrive/olx_fridges_dataset/images/fridge_cab55d13c1/7.jpg"", ""/content/drive/MyDrive/olx_fridges_dataset/images/fridge_cab55d13c1/8.jpg"", ""/content/drive/MyDrive/olx_fridges_dataset/images/fridge_cab55d13c1/9.jpg"", ""/content/drive/MyDrive/olx_fridges_dataset/images/fridge_cab55d13c1/10.jpg"", ""/content/drive/MyDrive/olx_fridges_dataset/images/fridge_cab55d13c1/11.jpg"", ""/content/drive/MyDrive/olx_fridges_dataset/images/fridge_cab55d13c1/12.jpg"", ""/content/drive/MyDrive/olx_fridges_dataset/images/fridge_cab55d13c1/13.jpg"", ""/content/drive/MyDrive/olx_fridges_dataset/images/fridge_cab55d13c1/14.jpg""]",14,2025-12-08 05:55:22.275840
fridge_78bf239050,https://www.olx.in/item/fridges-c1617-lg-630l-frost-free-side-by-side-refrigerator-brand-newjust-open-box-in-udyog-vihar-phase-5-gurgaon-iid-1828190356,"LG 630L Frost Free, Side by Side Refrigerator (Brand New)Just Open Box","Product Highlights: 1. Condition: Open Box – New / Unused 2. Fully tested & working perfectly 3. All original accessories included (if applicable) 4. Premium quality at a budget-friendly price Store Location: Sector 36 – Khewat No - 241 224, Narsinghpur, Old Manesar Road, Gurugram Contact: Message me on OLX for quick response. - Fridges",135990,"[""/content/drive/MyDrive/olx_fridges_dataset/images/fridge_78bf239050/1.jpg"", ""/content/drive/MyDrive/olx_fridges_dataset/images/fridge_78bf239050/2.jpg"", ""/content/drive/MyDrive/olx_fridges_dataset/images/fridge_78bf239050/3.jpg"", ""/content/drive/MyDrive/olx_fridges_dataset/images/fridge_78bf239050/4.jpg"", ""/content/drive/MyDrive/olx_fridges_dataset/images/fridge_78bf239050/5.jpg"", ""/content/drive/MyDrive/olx_fridges_dataset/images/fridge_78bf239050/6.jpg"", ""/content/drive/MyDrive/olx_fridges_dataset/images/fridge_78bf239050/7.jpg"", ""/content/drive/MyDrive/olx_fridges_dataset/images/fridge_78bf239050/8.jpg"", ""/content/drive/MyDrive/olx_fridges_dataset/images/fridge_78bf239050/9.jpg"", ""/content/drive/MyDrive/olx_fridges_dataset/images/fridge_78bf239050/10.jpg"", ""/content/drive/MyDrive/olx_fridges_dataset/images/fridge_78bf239050/11.jpg"", ""/content/drive/MyDrive/olx_fridges_dataset/images/fridge_78bf239050/12.jpg"", ""/content/drive/MyDrive/olx_fridges_dataset/images/fridge_78bf239050/13.jpg"", ""/content/drive/MyDrive/olx_fridges_dataset/images/fridge_78bf239050/14.jpg""]",14,2025-12-08 05:55:33.799461
fridge_b81f70cc55,https://www.olx.in/item/fridges-c1617-single-door-refrigerator-available-in-pathadipalam-kochi-iid-1825578090,SINGLE DOOR REFRIGERATOR AVAILABLE,REPLACEMENT WARRANTY FREE HOME DELIVERY - Fridges,3999,"[""/content/drive/MyDrive/olx_fridges_dataset/images/fridge_b81f70cc55/1.jpg"", ""/content/drive/MyDrive/olx_fridges_dataset/images/fridge_b81f70cc55/2.jpg"", ""/content/drive/MyDrive/olx_fridges_dataset/images/fridge_b81f70cc55/3.jpg"", ""/content/drive/MyDrive/olx_fridges_dataset/images/fridge_b81f70cc55/4.jpg"", ""/content/drive/MyDrive/olx_fridges_dataset/images/fridge_b81f70cc55/5.jpg"", ""/content/drive/MyDrive/olx_fridges_dataset/images/fridge_b81f70cc55/6.jpg"", ""/content/drive/MyDrive/olx_fridges_dataset/images/fridge_b81f70cc55/7.jpg"", ""/content/drive/MyDrive/olx_fridges_dataset/images/fridge_b81f70cc55/8.jpg"", ""/content/drive/MyDrive/olx_fridges_dataset/images/fridge_b81f70cc55/9.jpg"", ""/content/drive/MyDrive/olx_fridges_dataset/images/fridge_b81f70cc55/10.jpg"", ""/content/drive/MyDrive/olx_fridges_dataset/images/fridge_b81f70cc55/11.jpg"", ""/content/drive/MyDrive/olx_fridges_dataset/images/fridge_b81f70cc55/12.jpg"", ""/content/drive/MyDrive/olx_fridges_dataset/images/fridge_b81f70cc55/13.jpg"", ""/content/drive/MyDrive/olx_fridges_dataset/images/fridge_b81f70cc55/14.jpg""]",14,2025-12-08 05:55:41.783249
fridge_1617ab20f6,https://www.olx.in/item/fridges-c1617-samsung-double-door-refrigerator-in-mahipalpur-delhi-iid-1828632198,Samsung double door refrigerator,Samsung refrigerator with very good condition and very good cooling. - Fridges,15000,"[""/content/drive/MyDrive/olx_fridges_dataset/images/fridge_1617ab20f6/1.jpg"", ""/content/drive/MyDrive/olx_fridges_dataset/images/fridge_1617ab20f6/2.jpg"", ""/content/drive/MyDrive/olx_fridges_dataset/images/fridge_1617ab20f6/3.jpg"", ""/content/drive/MyDrive/olx_fridges_dataset/images/fridge_1617ab20f6/4.jpg"", ""/content/drive/MyDrive/olx_fridges_dataset/images/fridge_1617ab20f6/5.jpg"", ""/content/drive/MyDrive/olx_fridges_dataset/images/fridge_1617ab20f6/6.jpg"", ""/content/drive/MyDrive/olx_fridges_dataset/images/fridge_1617ab20f6/7.jpg"", ""/content/drive/MyDrive/olx_fridges_dataset/images/fridge_1617ab20f6/8.jpg"", ""/content/drive/MyDrive/olx_fridges_dataset/images/fridge_1617ab20f6/9.jpg"", ""/content/drive/MyDrive/olx_fridges_dataset/images/fridge_1617ab20f6/10.jpg"", ""/content/drive/MyDrive/olx_fridges_dataset/images/fridge_1617ab20f6/11.jpg"", ""/content/drive/MyDrive/olx_fridges_dataset/images/fridge_1617ab20f6/12.jpg"", ""/content/drive/MyDrive/olx_fridges_dataset/images/fridge_1617ab20f6/13.jpg"", ""/content/drive/MyDrive/olx_fridges_dataset/images/fridge_1617ab20f6/14.jpg""]",14,2025-12-08 05:55:49.623009
fridge_3c210918d4,https://www.olx.in/item/fridges-c1617-premium-quality-refrigerator-available-in-pallikkara-kunnathunad-iid-1821774930,PREMIUM QUALITY REFRIGERATOR AVAILABLE,REPLACEMENT WARRANTY FREE HOME DELIVERY ALL BRAND AVAILABLE - Fridges,3999,"[""/content/drive/MyDrive/olx_fridges_dataset/images/fridge_3c210918d4/1.jpg"", ""/content/drive/MyDrive/olx_fridges_dataset/images/fridge_3c210918d4/2.jpg"", ""/content/drive/MyDrive/olx_fridges_dataset/images/fridge_3c210918d4/3.jpg"", ""/content/drive/MyDrive/olx_fridges_dataset/images/fridge_3c210918d4/4.jpg"", ""/content/drive/MyDrive/olx_fridges_dataset/images/fridge_3c210918d4/5.jpg"", ""/content/drive/MyDrive/olx_fridges_dataset/images/fridge_3c210918d4/6.jpg"", ""/content/drive/MyDrive/olx_fridges_dataset/images/fridge_3c210918d4/7.jpg"", ""/content/drive/MyDrive/olx_fridges_dataset/images/fridge_3c210918d4/8.jpg"", ""/content/drive/MyDrive/olx_fridges_dataset/images/fridge_3c210918d4/9.jpg"", ""/content/drive/MyDrive/olx_fridges_dataset/images/fridge_3c210918d4/10.jpg"", ""/content/drive/MyDrive/olx_fridges_dataset/images/fridge_3c210918d4/11.jpg"", ""/content/drive/MyDrive/olx_fridges_dataset/images/fridge_3c210918d4/12.jpg"", ""/content/drive/MyDrive/olx_fridges_dataset/images/fridge_3c210918d4/13.jpg"", ""/content/drive/MyDrive/olx_fridges_dataset/images/fridge_3c210918d4/14.jpg""]",14,2025-12-08 05:55:58.230493
fridge_ab170a43c3,https://www.olx.in/item/fridges-c1617-ac-showcase-and-450-lt-ice-cream-deep-freezer-in-tematha-more-chandannagar-mc-iid-1825872666,AC showcase and 450 lt ice cream deep freezer,In new condition AC showcase and 450 lt deep freezer - Fridges,55800,"[""/content/drive/MyDrive/olx_fridges_dataset/images/fridge_ab170a43c3/1.jpg"", ""/content/drive/MyDrive/olx_fridges_dataset/images/fridge_ab170a43c3/2.jpg"", ""/content/drive/MyDrive/olx_fridges_dataset/images/fridge_ab170a43c3/3.jpg"", ""/content/drive/MyDrive/olx_fridges_dataset/images/fridge_ab170a43c3/4.jpg"", ""/content/drive/MyDrive/olx_fridges_dataset/images/fridge_ab170a43c3/5.jpg"", ""/content/drive/MyDrive/olx_fridges_dataset/images/fridge_ab170a43c3/6.jpg"", ""/content/drive/MyDrive/olx_fridges_dataset/images/fridge_ab170a43c3/7.jpg"", ""/content/drive/MyDrive/olx_fridges_dataset/images/fridge_ab170a43c3/8.jpg"", ""/content/drive/MyDrive/olx_fridges_dataset/images/fridge_ab170a43c3/9.jpg"", ""/content/drive/MyDrive/olx_fridges_dataset/images/fridge_ab170a43c3/10.jpg"", ""/content/drive/MyDrive/olx_fridges_dataset/images/fridge_ab170a43c3/11.jpg"", ""/content/drive/MyDrive/olx_fridges_dataset/images/fridge_ab170a43c3/12.jpg"", ""/content/drive/MyDrive/olx_fridges_dataset/images/fridge_ab170a43c3/13.jpg"", ""/content/drive/MyDrive/olx_fridges_dataset/images/fridge_ab170a43c3/14.jpg""]",14,2025-12-08 05:56:06.072490
fridge_556f4d2340,https://www.olx.in/item/fridges-c1617-premium-quality-refrigerator-availablem-in-nellimattom-eramalloor-iid-1821776109,PREMIUM QUALITY REFRIGERATOR AVAILABLEm,REPLACEMENT WARRANTY FREE HOME DELIVERY ALL BRAND AVAILABLE - Fridges,3999,"[""/content/drive/MyDrive/olx_fridges_dataset/images/fridge_556f4d2340/1.jpg"", ""/content/drive/MyDrive/olx_fridges_dataset/images/fridge_556f4d2340/2.jpg"", ""/content/drive/MyDrive/olx_fridges_dataset/images/fridge_556f4d2340/3.jpg"", ""/content/drive/MyDrive/olx_fridges_dataset/images/fridge_556f4d2340/4.jpg"", ""/content/drive/MyDrive/olx_fridges_dataset/images/fridge_556f4d2340/5.jpg"", ""/content/drive/MyDrive/olx_fridges_dataset/images/fridge_556f4d2340/6.jpg"", ""/content/drive/MyDrive/olx_fridges_dataset/images/fridge_556f4d2340/7.jpg"", ""/content/drive/MyDrive/olx_fridges_dataset/images/fridge_556f4d2340/8.jpg"", ""/content/drive/MyDrive/olx_fridges_dataset/images/fridge_556f4d2340/9.jpg"", ""/content/drive/MyDrive/olx_fridges_dataset/images/fridge_556f4d2340/10.jpg"", ""/content/drive/MyDrive/olx_fridges_dataset/images/fridge_556f4d2340/11.jpg"", ""/content/drive/MyDrive/olx_fridges_dataset/images/fridge_556f4d2340/12.jpg"", ""/content/drive/MyDrive/olx_fridges_dataset/images/fridge_556f4d2340/13.jpg"", ""/content/drive/MyDrive/olx_fridges_dataset/images/fridge_556f4d2340/14.jpg""]",14,2025-12-08 05:56:19.566063
fridge_c6cbeb8897,https://www.olx.in/item/fridges-c1617-looking-for-washing-machine-fully-automatic-at-your-price-yourchioz-in-thanisandra-bengaluru-iid-1786122983,#Looking for washing machine fully automatic at your price@ yourchioz,"> Visit our website for more options: www .yourchoiz. in Flat ₹500 OFF + Cash on Delivery Use code: NAMMAYOURCHOIZ at www .yourchoiz. in Refurbished Appliances at Best Price – Quality You Can Trust! Looking for affordable home appliances without compromising on quality? Our refurbished refrigerators and washing machines are carefully inspected, fully tested, and restored to perfect working condition by experts. Why Choose Us? Fully tested and repaired if needed Professionally cleaned and sanitized Minor cosmetic marks possible, but 100% functional Environment-friendly and budget-friendly Available Products: Single Door Refrigerator – Starting at just ₹4,999 Double Door Refrigerator – Starting at ₹6,999 Top Load Washing Machine – Starting at ₹4,999 Front Load Washing Machine – Starting at ₹6,999 Warranty: 1 Year Warranty on Motor and Compressor Free delivery available in Bangalore Visit us today and give your home a smart upgrade at a smart price! - Fridges",500,"[""/content/drive/MyDrive/olx_fridges_dataset/images/fridge_c6cbeb8897/1.jpg"", ""/content/drive/MyDrive/olx_fridges_dataset/images/fridge_c6cbeb8897/2.jpg"", ""/content/drive/MyDrive/olx_fridges_dataset/images/fridge_c6cbeb8897/3.jpg"", ""/content/drive/MyDrive/olx_fridges_dataset/images/fridge_c6cbeb8897/4.jpg"", ""/content/drive/MyDrive/olx_fridges_dataset/images/fridge_c6cbeb8897/5.jpg"", ""/content/drive/MyDrive/olx_fridges_dataset/images/fridge_c6cbeb8897/6.jpg"", ""/content/drive/MyDrive/olx_fridges_dataset/images/fridge_c6cbeb8897/7.jpg"", ""/content/drive/MyDrive/olx_fridges_dataset/images/fridge_c6cbeb8897/8.jpg"", ""/content/drive/MyDrive/olx_fridges_dataset/images/fridge_c6cbeb8897/9.jpg"", ""/content/drive/MyDrive/olx_fridges_dataset/images/fridge_c6cbeb8897/10.jpg"", ""/content/drive/MyDrive/olx_fridges_dataset/images/fridge_c6cbeb8897/11.jpg"", ""/content/drive/MyDrive/olx_fridges_dataset/images/fridge_c6cbeb8897/12.jpg"", ""/content/drive/MyDrive/olx_fridges_dataset/images/fridge_c6cbeb8897/13.jpg"", ""/content/drive/MyDrive/olx_fridges_dataset/images/fridge_c6cbeb8897/14.jpg""]",14,2025-12-08 05:56:27.043964
fridge_23819b5d2b,https://www.olx.in/item/fridges-c1617-samsung-234l-in-eshwar-nagar-hosapete-iid-1828632191,Samsung 234L,Samsung 234l - Fridges,15000,"[""/content/drive/MyDrive/olx_fridges_dataset/images/fridge_23819b5d2b/1.jpg"", ""/content/drive/MyDrive/olx_fridges_dataset/images/fridge_23819b5d2b/2.jpg"", ""/content/drive/MyDrive/olx_fridges_dataset/images/fridge_23819b5d2b/3.jpg"", ""/content/drive/MyDrive/olx_fridges_dataset/images/fridge_23819b5d2b/4.jpg"", ""/content/drive/MyDrive/olx_fridges_dataset/images/fridge_23819b5d2b/5.jpg"", ""/content/drive/MyDrive/olx_fridges_dataset/images/fridge_23819b5d2b/6.jpg"", ""/content/drive/MyDrive/olx_fridges_dataset/images/fridge_23819b5d2b/7.jpg"", ""/content/drive/MyDrive/olx_fridges_dataset/images/fridge_23819b5d2b/8.jpg"", ""/content/drive/MyDrive/olx_fridges_dataset/images/fridge_23819b5d2b/9.jpg"", ""/content/drive/MyDrive/olx_fridges_dataset/images/fridge_23819b5d2b/10.jpg"", ""/content/drive/MyDrive/olx_fridges_dataset/images/fridge_23819b5d2b/11.jpg"", ""/content/drive/MyDrive/olx_fridges_dataset/images/fridge_23819b5d2b/12.jpg"", ""/content/drive/MyDrive/olx_fridges_dataset/images/fridge_23819b5d2b/13.jpg"", ""/content/drive/MyDrive/olx_fridges_dataset/images/fridge_23819b5d2b/14.jpg""]",14,2025-12-08 05:56:36.074645
fridge_67377e58fb,https://www.olx.in/item/fridges-c1617-single-door-refrigerator-available-in-bharanaganam-palai-iid-1825574435,SINGLE DOOR REFRIGERATOR AVAILABLE,REPLACEMENT WARRANTY FREE HOME DELIVERY - Fridges,3999,"[""/content/drive/MyDrive/olx_fridges_dataset/images/fridge_67377e58fb/1.jpg"", ""/content/drive/MyDrive/olx_fridges_dataset/images/fridge_67377e58fb/2.jpg"", ""/content/drive/MyDrive/olx_fridges_dataset/images/fridge_67377e58fb/3.jpg"", ""/content/drive/MyDrive/olx_fridges_dataset/images/fridge_67377e58fb/4.jpg"", ""/content/drive/MyDrive/olx_fridges_dataset/images/fridge_67377e58fb/5.jpg"", ""/content/drive/MyDrive/olx_fridges_dataset/images/fridge_67377e58fb/6.jpg"", ""/content/drive/MyDrive/olx_fridges_dataset/images/fridge_67377e58fb/7.jpg"", ""/content/drive/MyDrive/olx_fridges_dataset/images/fridge_67377e58fb/8.jpg"", ""/content/drive/MyDrive/olx_fridges_dataset/images/fridge_67377e58fb/9.jpg"", ""/content/drive/MyDrive/olx_fridges_dataset/images/fridge_67377e58fb/10.jpg"", ""/content/drive/MyDrive/olx_fridges_dataset/images/fridge_67377e58fb/11.jpg"", ""/content/drive/MyDrive/olx_fridges_dataset/images/fridge_67377e58fb/12.jpg"", ""/content/drive/MyDrive/olx_fridges_dataset/images/fridge_67377e58fb/13.jpg"", ""/content/drive/MyDrive/olx_fridges_dataset/images/fridge_67377e58fb/14.jpg""]",14,2025-12-08 05:56:45.066854
fridge_466223c6b8,https://www.olx.in/item/fridges-c1617-premium-quality-refrigerator-available-in-manjapra-kalady-ernakulam-district-iid-1821776359,PREMIUM QUALITY REFRIGERATOR AVAILABLE,REPLACEMENT WARRANTY FREE HOME DELIVERY ALL BRAND AVAILABLE - Fridges,3999,"[""/content/drive/MyDrive/olx_fridges_dataset/images/fridge_466223c6b8/1.jpg"", ""/content/drive/MyDrive/olx_fridges_dataset/images/fridge_466223c6b8/2.jpg"", ""/content/drive/MyDrive/olx_fridges_dataset/images/fridge_466223c6b8/3.jpg"", ""/content/drive/MyDrive/olx_fridges_dataset/images/fridge_466223c6b8/4.jpg"", ""/content/drive/MyDrive/olx_fridges_dataset/images/fridge_466223c6b8/5.jpg"", ""/content/drive/MyDrive/olx_fridges_dataset/images/fridge_466223c6b8/6.jpg"", ""/content/drive/MyDrive/olx_fridges_dataset/images/fridge_466223c6b8/7.jpg"", ""/content/drive/MyDrive/olx_fridges_dataset/images/fridge_466223c6b8/8.jpg"", ""/content/drive/MyDrive/olx_fridges_dataset/images/fridge_466223c6b8/9.jpg"", ""/content/drive/MyDrive/olx_fridges_dataset/images/fridge_466223c6b8/10.jpg"", ""/content/drive/MyDrive/olx_fridges_dataset/images/fridge_466223c6b8/11.jpg"", ""/content/drive/MyDrive/olx_fridges_dataset/images/fridge_466223c6b8/12.jpg"", ""/content/drive/MyDrive/olx_fridges_dataset/images/fridge_466223c6b8/13.jpg"", ""/content/drive/MyDrive/olx_fridges_dataset/images/fridge_466223c6b8/14.jpg""]",14,2025-12-08 05:56:54.692029
fridge_7cf344fe92,https://www.olx.in/item/fridges-c1617-5-years-warranty-fridge-and-washing-machine-ac-delivery-free-in-kharghar-navi-mumbai-iid-1655905072,5 YEAR'S WARRANTY [ FRIDGE AND WASHING MACHINE ] [ AC ] DELIVERY FREE,"GOOD LOOKING AND GOING QUALITY REFRIGERATOR AVAILABLE FAST DELIVERY NAVI MUMBAI Shdkjdhfbf Well condition FRIDGE AVAILABLE Fast delivery in mumbai GOOD LOOKING AND GOOD CONDITION BEST WORKING CONDITION @ WE ARE FROM AMAN ELECTRONICS. OUR SHOP CAN PROVIDE HARDLY USED APPLIANCES @@ ## BEST 5 YEAR WARRANTY WITH FRIDGES/ WASHING MACHINE DELIVERY FREE AND TECHNICIAN SERVICE TO ALL MUMBAI , THANE , NAVI MUMBAI ## ** WE CAN PROVIDE APPLIANCES LIKE :- ** '' 1) FRIDGES { SINGAL DOOR , DOUBLE DOOR AND BIG SIZE DOUBLE DOOR AVAILABLE ALSO SIDE BY SIDE AVAILABLE } '' '' 2)WASHING MACHINE { FULLY AUTOMATIC } '' '' 3)AC {SPLIT AC AND WINDOW AC } '' ** BEST PRICES OF APPLIANCES LIKE:- ** @ 1) FRIDGE :- i) singal door :- 6500 /- TO 8500/- ii) double door :- 8500/- TO 25000/- @ @ 2) WASHING MACHINE :- i)fully automatic :- 6500/- TO 13500/- @ @ 3) WINDOW AC :- i) 1 ton window ac :- 10500 /- {brand :- lg , samsung } ii) 1.5 ton window ac :- 13500/- {brand :- lg , samsung} @ @ 4) SPLIT AC :- i) 1 ton split ac :- 13500/- TO 15500/- ii) 1.5 ton split ac :- 15500/- TO 17500/- @ @@ JUST 2.5 YEAR USED APPLIANCE @@ *** NOTE :- *** 1) 5 year warranty on compressor of fridge and motor of washing machine. 3) Delivery free all Mumbai/ Thane / Navi Mumbai. 4) Inlet /Outlet pipes free with washing machine . 5) Also available on Rent basis :- i) Rs.500/-per month for washing machine single door fridge ii) Rs.1000/-per month for double door fridge[below 280 lit fridge] iii) Rs.1000/-per month for 1 ton window Ac iv) Rs.1200/- per month for 1.5 ton window Ac 6) 50% cash back facility too. FOR THE DETAILS CALL Contact Aman l*Air cool center Shop no. 4 Yadav colony, Near orange tree school, Opposite trans apartment, Mahakali caves road, Andheri East, Mumbai 400093. Shop time:- 10 am to 10 pm All day open - Fridges",500,"[""/content/drive/MyDrive/olx_fridges_dataset/images/fridge_7cf344fe92/1.jpg"", ""/content/drive/MyDrive/olx_fridges_dataset/images/fridge_7cf344fe92/2.jpg"", ""/content/drive/MyDrive/olx_fridges_dataset/images/fridge_7cf344fe92/3.jpg"", ""/content/drive/MyDrive/olx_fridges_dataset/images/fridge_7cf344fe92/4.jpg"", ""/content/drive/MyDrive/olx_fridges_dataset/images/fridge_7cf344fe92/5.jpg"", ""/content/drive/MyDrive/olx_fridges_dataset/images/fridge_7cf344fe92/6.jpg"", ""/content/drive/MyDrive/olx_fridges_dataset/images/fridge_7cf344fe92/7.jpg"", ""/content/drive/MyDrive/olx_fridges_dataset/images/fridge_7cf344fe92/8.jpg"", ""/content/drive/MyDrive/olx_fridges_dataset/images/fridge_7cf344fe92/9.jpg"", ""/content/drive/MyDrive/olx_fridges_dataset/images/fridge_7cf344fe92/10.jpg"", ""/content/drive/MyDrive/olx_fridges_dataset/images/fridge_7cf344fe92/11.jpg"", ""/content/drive/MyDrive/olx_fridges_dataset/images/fridge_7cf344fe92/12.jpg"", ""/content/drive/MyDrive/olx_fridges_dataset/images/fridge_7cf344fe92/13.jpg"", ""/content/drive/MyDrive/olx_fridges_dataset/images/fridge_7cf344fe92/14.jpg""]",14,2025-12-08 05:57:03.431028
fridge_2e07e22303,https://www.olx.in/item/fridges-c1617-premium-quality-refrigerator-available-in-kizhakkambalam-edathala-iid-1821775050,PREMIUM QUALITY REFRIGERATOR AVAILABLE,REPLACEMENT WARRANTY FREE HOME DELIVERY ALL BRAND AVAILABLE - Fridges,3999,"[""/content/drive/MyDrive/olx_fridges_dataset/images/fridge_2e07e22303/1.jpg"", ""/content/drive/MyDrive/olx_fridges_dataset/images/fridge_2e07e22303/2.jpg"", ""/content/drive/MyDrive/olx_fridges_dataset/images/fridge_2e07e22303/3.jpg"", ""/content/drive/MyDrive/olx_fridges_dataset/images/fridge_2e07e22303/4.jpg"", ""/content/drive/MyDrive/olx_fridges_dataset/images/fridge_2e07e22303/5.jpg"", ""/content/drive/MyDrive/olx_fridges_dataset/images/fridge_2e07e22303/6.jpg"", ""/content/drive/MyDrive/olx_fridges_dataset/images/fridge_2e07e22303/7.jpg"", ""/content/drive/MyDrive/olx_fridges_dataset/images/fridge_2e07e22303/8.jpg"", ""/content/drive/MyDrive/olx_fridges_dataset/images/fridge_2e07e22303/9.jpg"", ""/content/drive/MyDrive/olx_fridges_dataset/images/fridge_2e07e22303/10.jpg"", ""/content/drive/MyDrive/olx_fridges_dataset/images/fridge_2e07e22303/11.jpg"", ""/content/drive/MyDrive/olx_fridges_dataset/images/fridge_2e07e22303/12.jpg"", ""/content/drive/MyDrive/olx_fridges_dataset/images/fridge_2e07e22303/13.jpg"", ""/content/drive/MyDrive/olx_fridges_dataset/images/fridge_2e07e22303/14.jpg""]",14,2025-12-08 05:57:15.786857
fridge_c2296c3fa5,https://www.olx.in/item/fridges-c1617-premium-quality-refrigerator-available-in-nellad-kinfra-small-industries-park-iid-1821775277,PREMIUM QUALITY REFRIGERATOR AVAILABLE,REPLACEMENT WARRANTY FREE HOME DELIVERY ALL BRAND AVAILABLE - Fridges,3999,"[""/content/drive/MyDrive/olx_fridges_dataset/images/fridge_c2296c3fa5/1.jpg"", ""/content/drive/MyDrive/olx_fridges_dataset/images/fridge_c2296c3fa5/2.jpg"", ""/content/drive/MyDrive/olx_fridges_dataset/images/fridge_c2296c3fa5/3.jpg"", ""/content/drive/MyDrive/olx_fridges_dataset/images/fridge_c2296c3fa5/4.jpg"", ""/content/drive/MyDrive/olx_fridges_dataset/images/fridge_c2296c3fa5/5.jpg"", ""/content/drive/MyDrive/olx_fridges_dataset/images/fridge_c2296c3fa5/6.jpg"", ""/content/drive/MyDrive/olx_fridges_dataset/images/fridge_c2296c3fa5/7.jpg"", ""/content/drive/MyDrive/olx_fridges_dataset/images/fridge_c2296c3fa5/8.jpg"", ""/content/drive/MyDrive/olx_fridges_dataset/images/fridge_c2296c3fa5/9.jpg"", ""/content/drive/MyDrive/olx_fridges_dataset/images/fridge_c2296c3fa5/10.jpg"", ""/content/drive/MyDrive/olx_fridges_dataset/images/fridge_c2296c3fa5/11.jpg"", ""/content/drive/MyDrive/olx_fridges_dataset/images/fridge_c2296c3fa5/12.jpg"", ""/content/drive/MyDrive/olx_fridges_dataset/images/fridge_c2296c3fa5/13.jpg"", ""/content/drive/MyDrive/olx_fridges_dataset/images/fridge_c2296c3fa5/14.jpg""]",14,2025-12-08 05:57:24.070282
fridge_ef38ce309d,https://www.olx.in/item/fridges-c1617-premium-quality-refrigerator-available-in-randar-muvattupuzha-iid-1821775398,PREMIUM QUALITY REFRIGERATOR AVAILABLE,REPLACEMENT WARRANTY FREE HOME DELIVERY ALL BRAND AVAILABLE - Fridges,3999,"[""/content/drive/MyDrive/olx_fridges_dataset/images/fridge_ef38ce309d/1.jpg"", ""/content/drive/MyDrive/olx_fridges_dataset/images/fridge_ef38ce309d/2.jpg"", ""/content/drive/MyDrive/olx_fridges_dataset/images/fridge_ef38ce309d/3.jpg"", ""/content/drive/MyDrive/olx_fridges_dataset/images/fridge_ef38ce309d/4.jpg"", ""/content/drive/MyDrive/olx_fridges_dataset/images/fridge_ef38ce309d/5.jpg"", ""/content/drive/MyDrive/olx_fridges_dataset/images/fridge_ef38ce309d/6.jpg"", ""/content/drive/MyDrive/olx_fridges_dataset/images/fridge_ef38ce309d/7.jpg"", ""/content/drive/MyDrive/olx_fridges_dataset/images/fridge_ef38ce309d/8.jpg"", ""/content/drive/MyDrive/olx_fridges_dataset/images/fridge_ef38ce309d/9.jpg"", ""/content/drive/MyDrive/olx_fridges_dataset/images/fridge_ef38ce309d/10.jpg"", ""/content/drive/MyDrive/olx_fridges_dataset/images/fridge_ef38ce309d/11.jpg"", ""/content/drive/MyDrive/olx_fridges_dataset/images/fridge_ef38ce309d/12.jpg"", ""/content/drive/MyDrive/olx_fridges_dataset/images/fridge_ef38ce309d/13.jpg"", ""/content/drive/MyDrive/olx_fridges_dataset/images/fridge_ef38ce309d/14.jpg""]",14,2025-12-08 05:57:34.144327
fridge_0f73f7e4d7,https://www.olx.in/item/fridges-c1617-5-year-warranty-fridge-washing-machine-ac-free-delivery-in-kolshet-road-thane-iid-1828424488,5 YEAR WARRANTY_ FRIDGE_ WASHING MACHINE_ AC_ FREE DELIVERY,"@@ WE ARE FROM AIR COOL CENTER . OUR SHOP CAN PROVIDE HARDLY USED APPLIANCES @@ ## BEST 5 YEAR WARRANTY WITH FRIDGES/ WASHING MACHINE DELIVERY FREE AND TECHNICIAN SERVICE TO ALL MUMBAI , THANE , NAVI MUMBAI ## ** WE CAN PROVIDE APPLIANCES LIKE :- ** '' 1) FRIDGES { SINGAL DOOR , DOUBLE DOOR AND BIG SIZE DOUBLE DOOR AVAILABLE ALSO SIDE BY SIDE AVAILABLE } '' '' 2)WASHING MACHINE { FULLY AUTOMATIC } '' '' 3)AC {SPLIT AC AND WINDOW AC } '' ** BEST PRICES OF APPLIANCES LIKE:- ** @ 1) FRIDGE :- i) singal door :- 6500 /- TO 7500/- ii) double door :- 8500/- TO 35000/- @ @ 2) WASHING MACHINE :- i)fully automatic :- 6500/- TO 15500/- @ @ 3) WINDOW AC :- i) 1 ton window ac :- 10500 /- {brand :- lg , samsung } ii) 1.5 ton window ac :- 13500/- {brand :- lg , samsung} @ @ 4) SPLIT AC :- i) 1 ton split ac :- 13500/- TO 15500/- ii) 1.5 ton split ac :- 15500/- TO 18500/- @@ JUST 2.5 YEAR USED APPLIANCE @@ *** NOTE :- *** 1) 5 year warranty on compressor of fridge and motor of washing machine 2) Delivery free all Mumbai/ Thane / Navi Mumbai. 3) Inlet /Outlet pipes free with washing machine . 4) Also available on Rent basis :- i) Rs.500/-per month for washing machine single door fridge ii) Rs.700/-per month for double door fridge[below 280 lit fridge] iii) Rs.800/-per month for 1 ton window Ac iv) Rs.1000/- per month for 1.5 ton window Ac 5) 50% cash back facility too. $ for more details call us and same number for whatsapp information $ *Air cool center* More details Shop no. 4 Yadav colony, Near orange tree school, Opposite trans apartment, Mahakali caves road, Andheri East, Mumbai 400093. Land mark :- Satya sai baba dharmkshetra & School Shop time:- 10 am to 10 pm All day open - Fridges",500,"[""/content/drive/MyDrive/olx_fridges_dataset/images/fridge_0f73f7e4d7/1.jpg"", ""/content/drive/MyDrive/olx_fridges_dataset/images/fridge_0f73f7e4d7/2.jpg"", ""/content/drive/MyDrive/olx_fridges_dataset/images/fridge_0f73f7e4d7/3.jpg"", ""/content/drive/MyDrive/olx_fridges_dataset/images/fridge_0f73f7e4d7/4.jpg"", ""/content/drive/MyDrive/olx_fridges_dataset/images/fridge_0f73f7e4d7/5.jpg"", ""/content/drive/MyDrive/olx_fridges_dataset/images/fridge_0f73f7e4d7/6.jpg"", ""/content/drive/MyDrive/olx_fridges_dataset/images/fridge_0f73f7e4d7/7.jpg"", ""/content/drive/MyDrive/olx_fridges_dataset/images/fridge_0f73f7e4d7/8.jpg"", ""/content/drive/MyDrive/olx_fridges_dataset/images/fridge_0f73f7e4d7/9.jpg"", ""/content/drive/MyDrive/olx_fridges_dataset/images/fridge_0f73f7e4d7/10.jpg"", ""/content/drive/MyDrive/olx_fridges_dataset/images/fridge_0f73f7e4d7/11.jpg"", ""/content/drive/MyDrive/olx_fridges_dataset/images/fridge_0f73f7e4d7/12.jpg"", ""/content/drive/MyDrive/olx_fridges_dataset/images/fridge_0f73f7e4d7/13.jpg"", ""/content/drive/MyDrive/olx_fridges_dataset/images/fridge_0f73f7e4d7/14.jpg""]",14,2025-12-08 05:57:47.823074
fridge_e1fa33b009,https://www.olx.in/item/fridges-c1617-lg-refrigerator-in-chintamaniswar-bhubaneshwar-iid-1828632837,LG Refrigerator,LG Refrigerator with good condition - Fridges,6500,"[""/content/drive/MyDrive/olx_fridges_dataset/images/fridge_e1fa33b009/1.jpg"", ""/content/drive/MyDrive/olx_fridges_dataset/images/fridge_e1fa33b009/2.jpg"", ""/content/drive/MyDrive/olx_fridges_dataset/images/fridge_e1fa33b009/3.jpg"", ""/content/drive/MyDrive/olx_fridges_dataset/images/fridge_e1fa33b009/4.jpg"", ""/content/drive/MyDrive/olx_fridges_dataset/images/fridge_e1fa33b009/5.jpg"", ""/content/drive/MyDrive/olx_fridges_dataset/images/fridge_e1fa33b009/6.jpg"", ""/content/drive/MyDrive/olx_fridges_dataset/images/fridge_e1fa33b009/7.jpg"", ""/content/drive/MyDrive/olx_fridges_dataset/images/fridge_e1fa33b009/8.jpg"", ""/content/drive/MyDrive/olx_fridges_dataset/images/fridge_e1fa33b009/9.jpg"", ""/content/drive/MyDrive/olx_fridges_dataset/images/fridge_e1fa33b009/10.jpg"", ""/content/drive/MyDrive/olx_fridges_dataset/images/fridge_e1fa33b009/11.jpg"", ""/content/drive/MyDrive/olx_fridges_dataset/images/fridge_e1fa33b009/12.jpg"", ""/content/drive/MyDrive/olx_fridges_dataset/images/fridge_e1fa33b009/13.jpg"", ""/content/drive/MyDrive/olx_fridges_dataset/images/fridge_e1fa33b009/14.jpg""]",14,2025-12-08 05:57:57.354652
fridge_39b305932f,https://www.olx.in/item/fridges-c1617-fridge-190-l-in-sector-83-gurgaon-iid-1826402170,Fridge 190 L,190L Well maintained fridge for Sale at heavy discount - Fridges,7500,"[""/content/drive/MyDrive/olx_fridges_dataset/images/fridge_39b305932f/1.jpg"", ""/content/drive/MyDrive/olx_fridges_dataset/images/fridge_39b305932f/2.jpg"", ""/content/drive/MyDrive/olx_fridges_dataset/images/fridge_39b305932f/3.jpg"", ""/content/drive/MyDrive/olx_fridges_dataset/images/fridge_39b305932f/4.jpg"", ""/content/drive/MyDrive/olx_fridges_dataset/images/fridge_39b305932f/5.jpg"", ""/content/drive/MyDrive/olx_fridges_dataset/images/fridge_39b305932f/6.jpg"", ""/content/drive/MyDrive/olx_fridges_dataset/images/fridge_39b305932f/7.jpg"", ""/content/drive/MyDrive/olx_fridges_dataset/images/fridge_39b305932f/8.jpg"", ""/content/drive/MyDrive/olx_fridges_dataset/images/fridge_39b305932f/9.jpg"", ""/content/drive/MyDrive/olx_fridges_dataset/images/fridge_39b305932f/10.jpg"", ""/content/drive/MyDrive/olx_fridges_dataset/images/fridge_39b305932f/11.jpg"", ""/content/drive/MyDrive/olx_fridges_dataset/images/fridge_39b305932f/12.jpg"", ""/content/drive/MyDrive/olx_fridges_dataset/images/fridge_39b305932f/13.jpg"", ""/content/drive/MyDrive/olx_fridges_dataset/images/fridge_39b305932f/14.jpg""]",14,2025-12-08 05:58:05.621400
fridge_5df3e22003,https://www.olx.in/item/fridges-c1617-fridge-perfect-condition-in-police-quarters-tuni-iid-1828632406,Fridge  perfect condition,Urgent need for money - Fridges,40000,"[""/content/drive/MyDrive/olx_fridges_dataset/images/fridge_5df3e22003/1.jpg"", ""/content/drive/MyDrive/olx_fridges_dataset/images/fridge_5df3e22003/2.jpg"", ""/content/drive/MyDrive/olx_fridges_dataset/images/fridge_5df3e22003/3.jpg"", ""/content/drive/MyDrive/olx_fridges_dataset/images/fridge_5df3e22003/4.jpg"", ""/content/drive/MyDrive/olx_fridges_dataset/images/fridge_5df3e22003/5.jpg"", ""/content/drive/MyDrive/olx_fridges_dataset/images/fridge_5df3e22003/6.jpg"", ""/content/drive/MyDrive/olx_fridges_dataset/images/fridge_5df3e22003/7.jpg"", ""/content/drive/MyDrive/olx_fridges_dataset/images/fridge_5df3e22003/8.jpg"", ""/content/drive/MyDrive/olx_fridges_dataset/images/fridge_5df3e22003/9.jpg"", ""/content/drive/MyDrive/olx_fridges_dataset/images/fridge_5df3e22003/10.jpg"", ""/content/drive/MyDrive/olx_fridges_dataset/images/fridge_5df3e22003/11.jpg"", ""/content/drive/MyDrive/olx_fridges_dataset/images/fridge_5df3e22003/12.jpg"", ""/content/drive/MyDrive/olx_fridges_dataset/images/fridge_5df3e22003/13.jpg"", ""/content/drive/MyDrive/olx_fridges_dataset/images/fridge_5df3e22003/14.jpg""]",14,2025-12-08 05:58:15.041495
fridge_9d4bc00a4d,https://www.olx.in/item/fridges-c1617-fridge-automatic-machine-combo-offers-hsr-layout-electroneeds-in-btm-layout-stage-2-bengaluru-iid-1721120763,Fridge & automatic machine combo offers @ HSR layout ElectroNeeds**,"Branches located 1: HSR layout sector 6 2: RT nagar 3: HBR layout About our products *Certified Every product undergo rigorous testing and are in flawless working condition. Some parts may have been replaced with high-quality, OEM parts to ensure full functionality. Benefits of buying * Shipping wil be free * 1 year warranty on motor and 6 months service warranty * Installation with new inlet and outlet pipe for washing machine *50% buy back within 15 months from the date of purchase if u return the product Price range *Top load fully automatic Washing machine starts from 6500* *Front load fully automatic washing machine starts from 8000* *Single door refrigerator starts from 6500* *Double door refrigerator starts from 8000* For more details contact - Fridges",6500,"[""/content/drive/MyDrive/olx_fridges_dataset/images/fridge_9d4bc00a4d/1.jpg"", ""/content/drive/MyDrive/olx_fridges_dataset/images/fridge_9d4bc00a4d/2.jpg"", ""/content/drive/MyDrive/olx_fridges_dataset/images/fridge_9d4bc00a4d/3.jpg"", ""/content/drive/MyDrive/olx_fridges_dataset/images/fridge_9d4bc00a4d/4.jpg"", ""/content/drive/MyDrive/olx_fridges_dataset/images/fridge_9d4bc00a4d/5.jpg"", ""/content/drive/MyDrive/olx_fridges_dataset/images/fridge_9d4bc00a4d/6.jpg"", ""/content/drive/MyDrive/olx_fridges_dataset/images/fridge_9d4bc00a4d/7.jpg"", ""/content/drive/MyDrive/olx_fridges_dataset/images/fridge_9d4bc00a4d/8.jpg"", ""/content/drive/MyDrive/olx_fridges_dataset/images/fridge_9d4bc00a4d/9.jpg"", ""/content/drive/MyDrive/olx_fridges_dataset/images/fridge_9d4bc00a4d/10.jpg"", ""/content/drive/MyDrive/olx_fridges_dataset/images/fridge_9d4bc00a4d/11.jpg"", ""/content/drive/MyDrive/olx_fridges_dataset/images/fridge_9d4bc00a4d/12.jpg"", ""/content/drive/MyDrive/olx_fridges_dataset/images/fridge_9d4bc00a4d/13.jpg"", ""/content/drive/MyDrive/olx_fridges_dataset/images/fridge_9d4bc00a4d/14.jpg""]",14,2025-12-08 05:58:24.115377
fridge_25ec127f7c,https://www.olx.in/item/fridges-c1617-premium-quality-refrigerator-available-in-aariyad-alappuzha-iid-1821777388,PREMIUM QUALITY REFRIGERATOR AVAILABLE,REPLACEMENT WARRANTY FREE HOME DELIVERY ALL BRAND AVAILABLE - Fridges,3999,"[""/content/drive/MyDrive/olx_fridges_dataset/images/fridge_25ec127f7c/1.jpg"", ""/content/drive/MyDrive/olx_fridges_dataset/images/fridge_25ec127f7c/2.jpg"", ""/content/drive/MyDrive/olx_fridges_dataset/images/fridge_25ec127f7c/3.jpg"", ""/content/drive/MyDrive/olx_fridges_dataset/images/fridge_25ec127f7c/4.jpg"", ""/content/drive/MyDrive/olx_fridges_dataset/images/fridge_25ec127f7c/5.jpg"", ""/content/drive/MyDrive/olx_fridges_dataset/images/fridge_25ec127f7c/6.jpg"", ""/content/drive/MyDrive/olx_fridges_dataset/images/fridge_25ec127f7c/7.jpg"", ""/content/drive/MyDrive/olx_fridges_dataset/images/fridge_25ec127f7c/8.jpg"", ""/content/drive/MyDrive/olx_fridges_dataset/images/fridge_25ec127f7c/9.jpg"", ""/content/drive/MyDrive/olx_fridges_dataset/images/fridge_25ec127f7c/10.jpg"", ""/content/drive/MyDrive/olx_fridges_dataset/images/fridge_25ec127f7c/11.jpg"", ""/content/drive/MyDrive/olx_fridges_dataset/images/fridge_25ec127f7c/12.jpg"", ""/content/drive/MyDrive/olx_fridges_dataset/images/fridge_25ec127f7c/13.jpg"", ""/content/drive/MyDrive/olx_fridges_dataset/images/fridge_25ec127f7c/14.jpg""]",14,2025-12-08 05:58:36.998230
fridge_156813143f,https://www.olx.in/item/fridges-c1617-godrej-refrigerator-in-khadra-lucknow-iid-1827038979,Godrej refrigerator,Godrej refrigerator 190 litr bilkul sahi condition koi bhi khrabi nhi - Fridges,5000,"[""/content/drive/MyDrive/olx_fridges_dataset/images/fridge_156813143f/1.jpg"", ""/content/drive/MyDrive/olx_fridges_dataset/images/fridge_156813143f/2.jpg"", ""/content/drive/MyDrive/olx_fridges_dataset/images/fridge_156813143f/3.jpg"", ""/content/drive/MyDrive/olx_fridges_dataset/images/fridge_156813143f/4.jpg"", ""/content/drive/MyDrive/olx_fridges_dataset/images/fridge_156813143f/5.jpg"", ""/content/drive/MyDrive/olx_fridges_dataset/images/fridge_156813143f/6.jpg"", ""/content/drive/MyDrive/olx_fridges_dataset/images/fridge_156813143f/7.jpg"", ""/content/drive/MyDrive/olx_fridges_dataset/images/fridge_156813143f/8.jpg"", ""/content/drive/MyDrive/olx_fridges_dataset/images/fridge_156813143f/9.jpg"", ""/content/drive/MyDrive/olx_fridges_dataset/images/fridge_156813143f/10.jpg"", ""/content/drive/MyDrive/olx_fridges_dataset/images/fridge_156813143f/11.jpg"", ""/content/drive/MyDrive/olx_fridges_dataset/images/fridge_156813143f/12.jpg"", ""/content/drive/MyDrive/olx_fridges_dataset/images/fridge_156813143f/13.jpg"", ""/content/drive/MyDrive/olx_fridges_dataset/images/fridge_156813143f/14.jpg""]",14,2025-12-08 05:58:45.596512
fridge_8fe0875512,https://www.olx.in/item/fridges-c1617-lg-16-months-old-with-4-year-full-amc-in-shahdara-delhi-iid-1819319222,Lg 16 months old with 4 year full AMC,"Lg single door brand new condition fridge for sale. Reason for selling going out of city. Price is 14500rs It's available with 4 years extended warranty with full gas, spare parts. Thank you - Fridges",14500,"[""/content/drive/MyDrive/olx_fridges_dataset/images/fridge_8fe0875512/1.jpg"", ""/content/drive/MyDrive/olx_fridges_dataset/images/fridge_8fe0875512/2.jpg"", ""/content/drive/MyDrive/olx_fridges_dataset/images/fridge_8fe0875512/3.jpg"", ""/content/drive/MyDrive/olx_fridges_dataset/images/fridge_8fe0875512/4.jpg"", ""/content/drive/MyDrive/olx_fridges_dataset/images/fridge_8fe0875512/5.jpg"", ""/content/drive/MyDrive/olx_fridges_dataset/images/fridge_8fe0875512/6.jpg"", ""/content/drive/MyDrive/olx_fridges_dataset/images/fridge_8fe0875512/7.jpg"", ""/content/drive/MyDrive/olx_fridges_dataset/images/fridge_8fe0875512/8.jpg"", ""/content/drive/MyDrive/olx_fridges_dataset/images/fridge_8fe0875512/9.jpg"", ""/content/drive/MyDrive/olx_fridges_dataset/images/fridge_8fe0875512/10.jpg"", ""/content/drive/MyDrive/olx_fridges_dataset/images/fridge_8fe0875512/11.jpg"", ""/content/drive/MyDrive/olx_fridges_dataset/images/fridge_8fe0875512/12.jpg"", ""/content/drive/MyDrive/olx_fridges_dataset/images/fridge_8fe0875512/13.jpg"", ""/content/drive/MyDrive/olx_fridges_dataset/images/fridge_8fe0875512/14.jpg""]",14,2025-12-08 05:58:54.989609
fridge_64c515e8d5,https://www.olx.in/item/fridges-c1617-non-cooling-display-counter-in-junagarh-odisha-iid-1828631000,Non cooling display counter,New condition...rarely used - Fridges,35000,"[""/content/drive/MyDrive/olx_fridges_dataset/images/fridge_64c515e8d5/1.jpg"", ""/content/drive/MyDrive/olx_fridges_dataset/images/fridge_64c515e8d5/2.jpg"", ""/content/drive/MyDrive/olx_fridges_dataset/images/fridge_64c515e8d5/3.jpg"", ""/content/drive/MyDrive/olx_fridges_dataset/images/fridge_64c515e8d5/4.jpg"", ""/content/drive/MyDrive/olx_fridges_dataset/images/fridge_64c515e8d5/5.jpg"", ""/content/drive/MyDrive/olx_fridges_dataset/images/fridge_64c515e8d5/6.jpg"", ""/content/drive/MyDrive/olx_fridges_dataset/images/fridge_64c515e8d5/7.jpg"", ""/content/drive/MyDrive/olx_fridges_dataset/images/fridge_64c515e8d5/8.jpg"", ""/content/drive/MyDrive/olx_fridges_dataset/images/fridge_64c515e8d5/9.jpg"", ""/content/drive/MyDrive/olx_fridges_dataset/images/fridge_64c515e8d5/10.jpg"", ""/content/drive/MyDrive/olx_fridges_dataset/images/fridge_64c515e8d5/11.jpg"", ""/content/drive/MyDrive/olx_fridges_dataset/images/fridge_64c515e8d5/12.jpg"", ""/content/drive/MyDrive/olx_fridges_dataset/images/fridge_64c515e8d5/13.jpg"", ""/content/drive/MyDrive/olx_fridges_dataset/images/fridge_64c515e8d5/14.jpg""]",14,2025-12-08 05:59:03.481025
fridge_500b10c1d9,https://www.olx.in/item/fridges-c1617-refrigerator-in-perambur-tnhb-quaters-chennai-iid-1828630709,Refrigerator,Whirlpool refrigerator - Fridges,3000,"[""/content/drive/MyDrive/olx_fridges_dataset/images/fridge_500b10c1d9/1.jpg"", ""/content/drive/MyDrive/olx_fridges_dataset/images/fridge_500b10c1d9/2.jpg"", ""/content/drive/MyDrive/olx_fridges_dataset/images/fridge_500b10c1d9/3.jpg"", ""/content/drive/MyDrive/olx_fridges_dataset/images/fridge_500b10c1d9/4.jpg"", ""/content/drive/MyDrive/olx_fridges_dataset/images/fridge_500b10c1d9/5.jpg"", ""/content/drive/MyDrive/olx_fridges_dataset/images/fridge_500b10c1d9/6.jpg"", ""/content/drive/MyDrive/olx_fridges_dataset/images/fridge_500b10c1d9/7.jpg"", ""/content/drive/MyDrive/olx_fridges_dataset/images/fridge_500b10c1d9/8.jpg"", ""/content/drive/MyDrive/olx_fridges_dataset/images/fridge_500b10c1d9/9.jpg"", ""/content/drive/MyDrive/olx_fridges_dataset/images/fridge_500b10c1d9/10.jpg"", ""/content/drive/MyDrive/olx_fridges_dataset/images/fridge_500b10c1d9/11.jpg"", ""/content/drive/MyDrive/olx_fridges_dataset/images/fridge_500b10c1d9/12.jpg"", ""/content/drive/MyDrive/olx_fridges_dataset/images/fridge_500b10c1d9/13.jpg"", ""/content/drive/MyDrive/olx_fridges_dataset/images/fridge_500b10c1d9/14.jpg""]",14,2025-12-08 05:59:11.978327
fridge_d97d91f359,https://www.olx.in/item/fridges-c1617-fridge-in-working-condition-in-kamothe-navi-mumbai-iid-1828632076,Fridge in working condition,Selling because buying new one - Fridges,2000,"[""/content/drive/MyDrive/olx_fridges_dataset/images/fridge_d97d91f359/1.jpg"", ""/content/drive/MyDrive/olx_fridges_dataset/images/fridge_d97d91f359/2.jpg"", ""/content/drive/MyDrive/olx_fridges_dataset/images/fridge_d97d91f359/3.jpg"", ""/content/drive/MyDrive/olx_fridges_dataset/images/fridge_d97d91f359/4.jpg"", ""/content/drive/MyDrive/olx_fridges_dataset/images/fridge_d97d91f359/5.jpg"", ""/content/drive/MyDrive/olx_fridges_dataset/images/fridge_d97d91f359/6.jpg"", ""/content/drive/MyDrive/olx_fridges_dataset/images/fridge_d97d91f359/7.jpg"", ""/content/drive/MyDrive/olx_fridges_dataset/images/fridge_d97d91f359/8.jpg"", ""/content/drive/MyDrive/olx_fridges_dataset/images/fridge_d97d91f359/9.jpg"", ""/content/drive/MyDrive/olx_fridges_dataset/images/fridge_d97d91f359/10.jpg"", ""/content/drive/MyDrive/olx_fridges_dataset/images/fridge_d97d91f359/11.jpg"", ""/content/drive/MyDrive/olx_fridges_dataset/images/fridge_d97d91f359/12.jpg"", ""/content/drive/MyDrive/olx_fridges_dataset/images/fridge_d97d91f359/13.jpg"", ""/content/drive/MyDrive/olx_fridges_dataset/images/fridge_d97d91f359/14.jpg""]",14,2025-12-08 05:59:22.160917
fridge_a020e83e2f,https://www.olx.in/item/fridges-c1617-whirlpool-fridge-in-jalandhar-cantt-jalandhar-iid-1828247822,Whirlpool fridge,Doubke door/ 240 litre/ May 2016 Model / good condition - Fridges,10000,"[""/content/drive/MyDrive/olx_fridges_dataset/images/fridge_a020e83e2f/1.jpg"", ""/content/drive/MyDrive/olx_fridges_dataset/images/fridge_a020e83e2f/2.jpg"", ""/content/drive/MyDrive/olx_fridges_dataset/images/fridge_a020e83e2f/3.jpg"", ""/content/drive/MyDrive/olx_fridges_dataset/images/fridge_a020e83e2f/4.jpg"", ""/content/drive/MyDrive/olx_fridges_dataset/images/fridge_a020e83e2f/5.jpg"", ""/content/drive/MyDrive/olx_fridges_dataset/images/fridge_a020e83e2f/6.jpg"", ""/content/drive/MyDrive/olx_fridges_dataset/images/fridge_a020e83e2f/7.jpg"", ""/content/drive/MyDrive/olx_fridges_dataset/images/fridge_a020e83e2f/8.jpg"", ""/content/drive/MyDrive/olx_fridges_dataset/images/fridge_a020e83e2f/9.jpg"", ""/content/drive/MyDrive/olx_fridges_dataset/images/fridge_a020e83e2f/10.jpg"", ""/content/drive/MyDrive/olx_fridges_dataset/images/fridge_a020e83e2f/11.jpg"", ""/content/drive/MyDrive/olx_fridges_dataset/images/fridge_a020e83e2f/12.jpg"", ""/content/drive/MyDrive/olx_fridges_dataset/images/fridge_a020e83e2f/13.jpg"", ""/content/drive/MyDrive/olx_fridges_dataset/images/fridge_a020e83e2f/14.jpg""]",14,2025-12-08 05:59:31.943163
fridge_eb882f7e36,https://www.olx.in/item/fridges-c1617-hair-chest-freezer-double-door-in-chinnachowk-kadapa-iid-1826491288,Hair chest freezer double door,Hair double door freez - Fridges,24000,"[""/content/drive/MyDrive/olx_fridges_dataset/images/fridge_eb882f7e36/1.jpg"", ""/content/drive/MyDrive/olx_fridges_dataset/images/fridge_eb882f7e36/2.jpg"", ""/content/drive/MyDrive/olx_fridges_dataset/images/fridge_eb882f7e36/3.jpg"", ""/content/drive/MyDrive/olx_fridges_dataset/images/fridge_eb882f7e36/4.jpg"", ""/content/drive/MyDrive/olx_fridges_dataset/images/fridge_eb882f7e36/5.jpg"", ""/content/drive/MyDrive/olx_fridges_dataset/images/fridge_eb882f7e36/6.jpg"", ""/content/drive/MyDrive/olx_fridges_dataset/images/fridge_eb882f7e36/7.jpg"", ""/content/drive/MyDrive/olx_fridges_dataset/images/fridge_eb882f7e36/8.jpg"", ""/content/drive/MyDrive/olx_fridges_dataset/images/fridge_eb882f7e36/9.jpg"", ""/content/drive/MyDrive/olx_fridges_dataset/images/fridge_eb882f7e36/10.jpg"", ""/content/drive/MyDrive/olx_fridges_dataset/images/fridge_eb882f7e36/11.jpg"", ""/content/drive/MyDrive/olx_fridges_dataset/images/fridge_eb882f7e36/12.jpg"", ""/content/drive/MyDrive/olx_fridges_dataset/images/fridge_eb882f7e36/13.jpg"", ""/content/drive/MyDrive/olx_fridges_dataset/images/fridge_eb882f7e36/14.jpg""]",14,2025-12-08 05:59:42.879955
fridge_554609777e,https://www.olx.in/item/fridges-c1617-double-door-fridge-for-sale-in-aditya-nagar-hyderabad-iid-1828631911,Double door fridge for sale,Excellent condition. Selling as moving to abroad - Fridges,13500,"[""/content/drive/MyDrive/olx_fridges_dataset/images/fridge_554609777e/1.jpg"", ""/content/drive/MyDrive/olx_fridges_dataset/images/fridge_554609777e/2.jpg"", ""/content/drive/MyDrive/olx_fridges_dataset/images/fridge_554609777e/3.jpg"", ""/content/drive/MyDrive/olx_fridges_dataset/images/fridge_554609777e/4.jpg"", ""/content/drive/MyDrive/olx_fridges_dataset/images/fridge_554609777e/5.jpg"", ""/content/drive/MyDrive/olx_fridges_dataset/images/fridge_554609777e/6.jpg"", ""/content/drive/MyDrive/olx_fridges_dataset/images/fridge_554609777e/7.jpg"", ""/content/drive/MyDrive/olx_fridges_dataset/images/fridge_554609777e/8.jpg"", ""/content/drive/MyDrive/olx_fridges_dataset/images/fridge_554609777e/9.jpg"", ""/content/drive/MyDrive/olx_fridges_dataset/images/fridge_554609777e/10.jpg"", ""/content/drive/MyDrive/olx_fridges_dataset/images/fridge_554609777e/11.jpg"", ""/content/drive/MyDrive/olx_fridges_dataset/images/fridge_554609777e/12.jpg"", ""/content/drive/MyDrive/olx_fridges_dataset/images/fridge_554609777e/13.jpg"", ""/content/drive/MyDrive/olx_fridges_dataset/images/fridge_554609777e/14.jpg""]",14,2025-12-08 05:59:52.643789
fridge_5d1e88808a,https://www.olx.in/item/fridges-c1617-jayanta-panda-in-koel-nagar-rourkela-iid-1809241930,Jayanta Panda,Fridge Kelvinator magnacool ultr - Fridges,10000,"[""/content/drive/MyDrive/olx_fridges_dataset/images/fridge_5d1e88808a/1.jpg"", ""/content/drive/MyDrive/olx_fridges_dataset/images/fridge_5d1e88808a/2.jpg"", ""/content/drive/MyDrive/olx_fridges_dataset/images/fridge_5d1e88808a/3.jpg"", ""/content/drive/MyDrive/olx_fridges_dataset/images/fridge_5d1e88808a/4.jpg"", ""/content/drive/MyDrive/olx_fridges_dataset/images/fridge_5d1e88808a/5.jpg"", ""/content/drive/MyDrive/olx_fridges_dataset/images/fridge_5d1e88808a/6.jpg"", ""/content/drive/MyDrive/olx_fridges_dataset/images/fridge_5d1e88808a/7.jpg"", ""/content/drive/MyDrive/olx_fridges_dataset/images/fridge_5d1e88808a/8.jpg"", ""/content/drive/MyDrive/olx_fridges_dataset/images/fridge_5d1e88808a/9.jpg"", ""/content/drive/MyDrive/olx_fridges_dataset/images/fridge_5d1e88808a/10.jpg"", ""/content/drive/MyDrive/olx_fridges_dataset/images/fridge_5d1e88808a/11.jpg"", ""/content/drive/MyDrive/olx_fridges_dataset/images/fridge_5d1e88808a/12.jpg"", ""/content/drive/MyDrive/olx_fridges_dataset/images/fridge_5d1e88808a/13.jpg"", ""/content/drive/MyDrive/olx_fridges_dataset/images/fridge_5d1e88808a/14.jpg""]",14,2025-12-08 06:00:02.717643
fridge_144289dd28,https://www.olx.in/item/fridges-c1617-samsung-double-door-fridge-in-vempadu-bhimavaram-iid-1828631145,Samsung double door fridge,Many problem nice condition no problem - Fridges,6500,"[""/content/drive/MyDrive/olx_fridges_dataset/images/fridge_144289dd28/1.jpg"", ""/content/drive/MyDrive/olx_fridges_dataset/images/fridge_144289dd28/2.jpg"", ""/content/drive/MyDrive/olx_fridges_dataset/images/fridge_144289dd28/3.jpg"", ""/content/drive/MyDrive/olx_fridges_dataset/images/fridge_144289dd28/4.jpg"", ""/content/drive/MyDrive/olx_fridges_dataset/images/fridge_144289dd28/5.jpg"", ""/content/drive/MyDrive/olx_fridges_dataset/images/fridge_144289dd28/6.jpg"", ""/content/drive/MyDrive/olx_fridges_dataset/images/fridge_144289dd28/7.jpg"", ""/content/drive/MyDrive/olx_fridges_dataset/images/fridge_144289dd28/8.jpg"", ""/content/drive/MyDrive/olx_fridges_dataset/images/fridge_144289dd28/9.jpg"", ""/content/drive/MyDrive/olx_fridges_dataset/images/fridge_144289dd28/10.jpg"", ""/content/drive/MyDrive/olx_fridges_dataset/images/fridge_144289dd28/11.jpg"", ""/content/drive/MyDrive/olx_fridges_dataset/images/fridge_144289dd28/12.jpg"", ""/content/drive/MyDrive/olx_fridges_dataset/images/fridge_144289dd28/13.jpg"", ""/content/drive/MyDrive/olx_fridges_dataset/images/fridge_144289dd28/14.jpg""]",14,2025-12-08 06:00:11.313008
fridge_cd1b9625ce,https://www.olx.in/item/fridges-c1617-lg-double-door-fridge-in-haripuram-rajahmundry-iid-1828631030,LG Double Door Fridge,LG Double Door Fridge of 250 Ltr - Fridges,7500,"[""/content/drive/MyDrive/olx_fridges_dataset/images/fridge_cd1b9625ce/1.jpg"", ""/content/drive/MyDrive/olx_fridges_dataset/images/fridge_cd1b9625ce/2.jpg"", ""/content/drive/MyDrive/olx_fridges_dataset/images/fridge_cd1b9625ce/3.jpg"", ""/content/drive/MyDrive/olx_fridges_dataset/images/fridge_cd1b9625ce/4.jpg"", ""/content/drive/MyDrive/olx_fridges_dataset/images/fridge_cd1b9625ce/5.jpg"", ""/content/drive/MyDrive/olx_fridges_dataset/images/fridge_cd1b9625ce/6.jpg"", ""/content/drive/MyDrive/olx_fridges_dataset/images/fridge_cd1b9625ce/7.jpg"", ""/content/drive/MyDrive/olx_fridges_dataset/images/fridge_cd1b9625ce/8.jpg"", ""/content/drive/MyDrive/olx_fridges_dataset/images/fridge_cd1b9625ce/9.jpg"", ""/content/drive/MyDrive/olx_fridges_dataset/images/fridge_cd1b9625ce/10.jpg"", ""/content/drive/MyDrive/olx_fridges_dataset/images/fridge_cd1b9625ce/11.jpg"", ""/content/drive/MyDrive/olx_fridges_dataset/images/fridge_cd1b9625ce/12.jpg"", ""/content/drive/MyDrive/olx_fridges_dataset/images/fridge_cd1b9625ce/13.jpg"", ""/content/drive/MyDrive/olx_fridges_dataset/images/fridge_cd1b9625ce/14.jpg""]",14,2025-12-08 06:00:19.782211
fridge_3f8440263c,https://www.olx.in/item/fridges-c1617-double-door-fridge-in-tughlakabad-delhi-iid-1825876315,Double Door Fridge,Only 2 years used double door Fridge - Fridges,12000,"[""/content/drive/MyDrive/olx_fridges_dataset/images/fridge_3f8440263c/1.jpg"", ""/content/drive/MyDrive/olx_fridges_dataset/images/fridge_3f8440263c/2.jpg"", ""/content/drive/MyDrive/olx_fridges_dataset/images/fridge_3f8440263c/3.jpg"", ""/content/drive/MyDrive/olx_fridges_dataset/images/fridge_3f8440263c/4.jpg"", ""/content/drive/MyDrive/olx_fridges_dataset/images/fridge_3f8440263c/5.jpg"", ""/content/drive/MyDrive/olx_fridges_dataset/images/fridge_3f8440263c/6.jpg"", ""/content/drive/MyDrive/olx_fridges_dataset/images/fridge_3f8440263c/7.jpg"", ""/content/drive/MyDrive/olx_fridges_dataset/images/fridge_3f8440263c/8.jpg"", ""/content/drive/MyDrive/olx_fridges_dataset/images/fridge_3f8440263c/9.jpg"", ""/content/drive/MyDrive/olx_fridges_dataset/images/fridge_3f8440263c/10.jpg"", ""/content/drive/MyDrive/olx_fridges_dataset/images/fridge_3f8440263c/11.jpg"", ""/content/drive/MyDrive/olx_fridges_dataset/images/fridge_3f8440263c/12.jpg"", ""/content/drive/MyDrive/olx_fridges_dataset/images/fridge_3f8440263c/13.jpg"", ""/content/drive/MyDrive/olx_fridges_dataset/images/fridge_3f8440263c/14.jpg""]",14,2025-12-08 06:00:52.246617
fridge_87cdfe738b,https://www.olx.in/item/fridges-c1617-godrej-refrigerator-good-condition-in-bokka-vari-palem-bhimavaram-iid-1828630799,Godrej refrigerator good condition,Godrej No cumplent good condition - Fridges,9999,"[""/content/drive/MyDrive/olx_fridges_dataset/images/fridge_87cdfe738b/1.jpg"", ""/content/drive/MyDrive/olx_fridges_dataset/images/fridge_87cdfe738b/2.jpg"", ""/content/drive/MyDrive/olx_fridges_dataset/images/fridge_87cdfe738b/3.jpg"", ""/content/drive/MyDrive/olx_fridges_dataset/images/fridge_87cdfe738b/4.jpg"", ""/content/drive/MyDrive/olx_fridges_dataset/images/fridge_87cdfe738b/5.jpg"", ""/content/drive/MyDrive/olx_fridges_dataset/images/fridge_87cdfe738b/6.jpg"", ""/content/drive/MyDrive/olx_fridges_dataset/images/fridge_87cdfe738b/7.jpg"", ""/content/drive/MyDrive/olx_fridges_dataset/images/fridge_87cdfe738b/8.jpg"", ""/content/drive/MyDrive/olx_fridges_dataset/images/fridge_87cdfe738b/9.jpg"", ""/content/drive/MyDrive/olx_fridges_dataset/images/fridge_87cdfe738b/10.jpg"", ""/content/drive/MyDrive/olx_fridges_dataset/images/fridge_87cdfe738b/11.jpg"", ""/content/drive/MyDrive/olx_fridges_dataset/images/fridge_87cdfe738b/12.jpg"", ""/content/drive/MyDrive/olx_fridges_dataset/images/fridge_87cdfe738b/13.jpg"", ""/content/drive/MyDrive/olx_fridges_dataset/images/fridge_87cdfe738b/14.jpg""]",14,2025-12-08 06:00:59.513952
fridge_81ed5ee412,https://www.olx.in/item/fridges-c1617-3-ft-blue-star-fridger-in-kharadi-pune-iid-1826964348,3 ft Blue Star fridger,Well mentioned Blue star fridger 3 ft used in home - Fridges,15000,"[""/content/drive/MyDrive/olx_fridges_dataset/images/fridge_81ed5ee412/1.jpg"", ""/content/drive/MyDrive/olx_fridges_dataset/images/fridge_81ed5ee412/2.jpg"", ""/content/drive/MyDrive/olx_fridges_dataset/images/fridge_81ed5ee412/3.jpg"", ""/content/drive/MyDrive/olx_fridges_dataset/images/fridge_81ed5ee412/4.jpg"", ""/content/drive/MyDrive/olx_fridges_dataset/images/fridge_81ed5ee412/5.jpg"", ""/content/drive/MyDrive/olx_fridges_dataset/images/fridge_81ed5ee412/6.jpg"", ""/content/drive/MyDrive/olx_fridges_dataset/images/fridge_81ed5ee412/7.jpg"", ""/content/drive/MyDrive/olx_fridges_dataset/images/fridge_81ed5ee412/8.jpg"", ""/content/drive/MyDrive/olx_fridges_dataset/images/fridge_81ed5ee412/9.jpg"", ""/content/drive/MyDrive/olx_fridges_dataset/images/fridge_81ed5ee412/10.jpg"", ""/content/drive/MyDrive/olx_fridges_dataset/images/fridge_81ed5ee412/11.jpg"", ""/content/drive/MyDrive/olx_fridges_dataset/images/fridge_81ed5ee412/12.jpg"", ""/content/drive/MyDrive/olx_fridges_dataset/images/fridge_81ed5ee412/13.jpg"", ""/content/drive/MyDrive/olx_fridges_dataset/images/fridge_81ed5ee412/14.jpg""]",14,2025-12-08 06:01:08.610022
fridge_3caa3687e7,https://www.olx.in/item/fridges-c1617-quantity-discounts-for-washing-machines-and-fridges-in-bellandur-bengaluru-iid-1798988778,Quantity Discounts for Washing Machines and Fridges!,"> Visit our website for more options: www .yourchoiz. in Flat ₹500 OFF + Cash on Delivery Use code: NAMMAYOURCHOIZ at www .yourchoiz. in Refurbished Appliances at Best Price – Quality You Can Trust! Looking for affordable home appliances without compromising on quality? Our refurbished refrigerators and washing machines are carefully inspected, fully tested, and restored to perfect working condition by experts. Why Choose Us? Fully tested and repaired if needed Professionally cleaned and sanitized Minor cosmetic marks possible, but 100% functional Environment-friendly and budget-friendly Available Products: Single Door Refrigerator – Starting at just ₹4,999 Double Door Refrigerator – Starting at ₹6,999 Top Load Washing Machine – Starting at ₹4,999 Front Load Washing Machine – Starting at ₹6,999 Warranty: 1 Year Warranty on Motor and Compressor Free delivery available in Bangalore Visit us today and give your home a smart upgrade at a smart price! - Fridges",500,"[""/content/drive/MyDrive/olx_fridges_dataset/images/fridge_3caa3687e7/1.jpg"", ""/content/drive/MyDrive/olx_fridges_dataset/images/fridge_3caa3687e7/2.jpg"", ""/content/drive/MyDrive/olx_fridges_dataset/images/fridge_3caa3687e7/3.jpg"", ""/content/drive/MyDrive/olx_fridges_dataset/images/fridge_3caa3687e7/4.jpg"", ""/content/drive/MyDrive/olx_fridges_dataset/images/fridge_3caa3687e7/5.jpg"", ""/content/drive/MyDrive/olx_fridges_dataset/images/fridge_3caa3687e7/6.jpg"", ""/content/drive/MyDrive/olx_fridges_dataset/images/fridge_3caa3687e7/7.jpg"", ""/content/drive/MyDrive/olx_fridges_dataset/images/fridge_3caa3687e7/8.jpg"", ""/content/drive/MyDrive/olx_fridges_dataset/images/fridge_3caa3687e7/9.jpg"", ""/content/drive/MyDrive/olx_fridges_dataset/images/fridge_3caa3687e7/10.jpg"", ""/content/drive/MyDrive/olx_fridges_dataset/images/fridge_3caa3687e7/11.jpg"", ""/content/drive/MyDrive/olx_fridges_dataset/images/fridge_3caa3687e7/12.jpg"", ""/content/drive/MyDrive/olx_fridges_dataset/images/fridge_3caa3687e7/13.jpg"", ""/content/drive/MyDrive/olx_fridges_dataset/images/fridge_3caa3687e7/14.jpg""]",14,2025-12-08 06:01:18.469330
fridge_3e37273359,https://www.olx.in/item/fridges-c1617-godrej-cold-gold-refrigerator-in-chhend-colony-rourkela-iid-1828631513,Godrej Cold Gold Refrigerator,I want to sell my Godrej Cold Gold Refrigerator. Asking price is 8000/-. Capacity of the fridge is 250 Litres. - Fridges,8000,"[""/content/drive/MyDrive/olx_fridges_dataset/images/fridge_3e37273359/1.jpg"", ""/content/drive/MyDrive/olx_fridges_dataset/images/fridge_3e37273359/2.jpg"", ""/content/drive/MyDrive/olx_fridges_dataset/images/fridge_3e37273359/3.jpg"", ""/content/drive/MyDrive/olx_fridges_dataset/images/fridge_3e37273359/4.jpg"", ""/content/drive/MyDrive/olx_fridges_dataset/images/fridge_3e37273359/5.jpg"", ""/content/drive/MyDrive/olx_fridges_dataset/images/fridge_3e37273359/6.jpg"", ""/content/drive/MyDrive/olx_fridges_dataset/images/fridge_3e37273359/7.jpg"", ""/content/drive/MyDrive/olx_fridges_dataset/images/fridge_3e37273359/8.jpg"", ""/content/drive/MyDrive/olx_fridges_dataset/images/fridge_3e37273359/9.jpg"", ""/content/drive/MyDrive/olx_fridges_dataset/images/fridge_3e37273359/10.jpg"", ""/content/drive/MyDrive/olx_fridges_dataset/images/fridge_3e37273359/11.jpg"", ""/content/drive/MyDrive/olx_fridges_dataset/images/fridge_3e37273359/12.jpg"", ""/content/drive/MyDrive/olx_fridges_dataset/images/fridge_3e37273359/13.jpg"", ""/content/drive/MyDrive/olx_fridges_dataset/images/fridge_3e37273359/14.jpg""]",14,2025-12-08 06:01:35.087109
fridge_aea7247c03,https://www.olx.in/item/fridges-c1617-whirlpool-double-door-in-adajan-surat-iid-1828630890,Whirlpool double door,Koi problem nahi he - Fridges,6000,"[""/content/drive/MyDrive/olx_fridges_dataset/images/fridge_aea7247c03/1.jpg"", ""/content/drive/MyDrive/olx_fridges_dataset/images/fridge_aea7247c03/2.jpg"", ""/content/drive/MyDrive/olx_fridges_dataset/images/fridge_aea7247c03/3.jpg"", ""/content/drive/MyDrive/olx_fridges_dataset/images/fridge_aea7247c03/4.jpg"", ""/content/drive/MyDrive/olx_fridges_dataset/images/fridge_aea7247c03/5.jpg"", ""/content/drive/MyDrive/olx_fridges_dataset/images/fridge_aea7247c03/6.jpg"", ""/content/drive/MyDrive/olx_fridges_dataset/images/fridge_aea7247c03/7.jpg"", ""/content/drive/MyDrive/olx_fridges_dataset/images/fridge_aea7247c03/8.jpg"", ""/content/drive/MyDrive/olx_fridges_dataset/images/fridge_aea7247c03/9.jpg"", ""/content/drive/MyDrive/olx_fridges_dataset/images/fridge_aea7247c03/10.jpg"", ""/content/drive/MyDrive/olx_fridges_dataset/images/fridge_aea7247c03/11.jpg"", ""/content/drive/MyDrive/olx_fridges_dataset/images/fridge_aea7247c03/12.jpg"", ""/content/drive/MyDrive/olx_fridges_dataset/images/fridge_aea7247c03/13.jpg"", ""/content/drive/MyDrive/olx_fridges_dataset/images/fridge_aea7247c03/14.jpg""]",14,2025-12-08 06:01:43.563017
fridge_270abf1f87,https://www.olx.in/item/fridges-c1617-lg-226-litre-single-door-refrigerator-in-maholiya-khatima-iid-1828631087,LG 226 litre single door refrigerator,We buyed a new one . It's compressor is in good condition and fridge is working well. Intrested buyers feel free to connect - Fridges,2000,"[""/content/drive/MyDrive/olx_fridges_dataset/images/fridge_270abf1f87/1.jpg"", ""/content/drive/MyDrive/olx_fridges_dataset/images/fridge_270abf1f87/2.jpg"", ""/content/drive/MyDrive/olx_fridges_dataset/images/fridge_270abf1f87/3.jpg"", ""/content/drive/MyDrive/olx_fridges_dataset/images/fridge_270abf1f87/4.jpg"", ""/content/drive/MyDrive/olx_fridges_dataset/images/fridge_270abf1f87/5.jpg"", ""/content/drive/MyDrive/olx_fridges_dataset/images/fridge_270abf1f87/6.jpg"", ""/content/drive/MyDrive/olx_fridges_dataset/images/fridge_270abf1f87/7.jpg"", ""/content/drive/MyDrive/olx_fridges_dataset/images/fridge_270abf1f87/8.jpg"", ""/content/drive/MyDrive/olx_fridges_dataset/images/fridge_270abf1f87/9.jpg"", ""/content/drive/MyDrive/olx_fridges_dataset/images/fridge_270abf1f87/10.jpg"", ""/content/drive/MyDrive/olx_fridges_dataset/images/fridge_270abf1f87/11.jpg"", ""/content/drive/MyDrive/olx_fridges_dataset/images/fridge_270abf1f87/12.jpg"", ""/content/drive/MyDrive/olx_fridges_dataset/images/fridge_270abf1f87/13.jpg"", ""/content/drive/MyDrive/olx_fridges_dataset/images/fridge_270abf1f87/14.jpg""]",14,2025-12-08 06:01:52.520951
fridge_0c94f797d1,https://www.olx.in/item/fridges-c1617-350-litre-fridge-hair-company-in-gosaidi-gobindpur-iid-1828630809,350 litre fridge hair company,Superb new condition contact to buy - Fridges,19000,"[""/content/drive/MyDrive/olx_fridges_dataset/images/fridge_0c94f797d1/1.jpg"", ""/content/drive/MyDrive/olx_fridges_dataset/images/fridge_0c94f797d1/2.jpg"", ""/content/drive/MyDrive/olx_fridges_dataset/images/fridge_0c94f797d1/3.jpg"", ""/content/drive/MyDrive/olx_fridges_dataset/images/fridge_0c94f797d1/4.jpg"", ""/content/drive/MyDrive/olx_fridges_dataset/images/fridge_0c94f797d1/5.jpg"", ""/content/drive/MyDrive/olx_fridges_dataset/images/fridge_0c94f797d1/6.jpg"", ""/content/drive/MyDrive/olx_fridges_dataset/images/fridge_0c94f797d1/7.jpg"", ""/content/drive/MyDrive/olx_fridges_dataset/images/fridge_0c94f797d1/8.jpg"", ""/content/drive/MyDrive/olx_fridges_dataset/images/fridge_0c94f797d1/9.jpg"", ""/content/drive/MyDrive/olx_fridges_dataset/images/fridge_0c94f797d1/10.jpg"", ""/content/drive/MyDrive/olx_fridges_dataset/images/fridge_0c94f797d1/11.jpg"", ""/content/drive/MyDrive/olx_fridges_dataset/images/fridge_0c94f797d1/12.jpg"", ""/content/drive/MyDrive/olx_fridges_dataset/images/fridge_0c94f797d1/13.jpg"", ""/content/drive/MyDrive/olx_fridges_dataset/images/fridge_0c94f797d1/14.jpg""]",14,2025-12-08 06:01:59.977548
fridge_cbc8c73bea,https://www.olx.in/item/fridges-c1617-chest-freezer-in-rtc-colony-hyderabad-iid-1828632087,Chest freezer,Chest freezer 324litr - Fridges,25000,"[""/content/drive/MyDrive/olx_fridges_dataset/images/fridge_cbc8c73bea/1.jpg"", ""/content/drive/MyDrive/olx_fridges_dataset/images/fridge_cbc8c73bea/2.jpg"", ""/content/drive/MyDrive/olx_fridges_dataset/images/fridge_cbc8c73bea/3.jpg"", ""/content/drive/MyDrive/olx_fridges_dataset/images/fridge_cbc8c73bea/4.jpg"", ""/content/drive/MyDrive/olx_fridges_dataset/images/fridge_cbc8c73bea/5.jpg"", ""/content/drive/MyDrive/olx_fridges_dataset/images/fridge_cbc8c73bea/6.jpg"", ""/content/drive/MyDrive/olx_fridges_dataset/images/fridge_cbc8c73bea/7.jpg"", ""/content/drive/MyDrive/olx_fridges_dataset/images/fridge_cbc8c73bea/8.jpg"", ""/content/drive/MyDrive/olx_fridges_dataset/images/fridge_cbc8c73bea/9.jpg"", ""/content/drive/MyDrive/olx_fridges_dataset/images/fridge_cbc8c73bea/10.jpg"", ""/content/drive/MyDrive/olx_fridges_dataset/images/fridge_cbc8c73bea/11.jpg"", ""/content/drive/MyDrive/olx_fridges_dataset/images/fridge_cbc8c73bea/12.jpg"", ""/content/drive/MyDrive/olx_fridges_dataset/images/fridge_cbc8c73bea/13.jpg"", ""/content/drive/MyDrive/olx_fridges_dataset/images/fridge_cbc8c73bea/14.jpg""]",14,2025-12-08 06:02:07.607876
fridge_6b7f709f08,https://www.olx.in/item/fridges-c1617-godrej-double-door-fridge-for-sell-in-muchia-aiho-iid-1819331986,Godrej double door fridge for sell.,Godrej eon 261. Very good condition. - Fridges,10000,"[""/content/drive/MyDrive/olx_fridges_dataset/images/fridge_6b7f709f08/1.jpg"", ""/content/drive/MyDrive/olx_fridges_dataset/images/fridge_6b7f709f08/2.jpg"", ""/content/drive/MyDrive/olx_fridges_dataset/images/fridge_6b7f709f08/3.jpg"", ""/content/drive/MyDrive/olx_fridges_dataset/images/fridge_6b7f709f08/4.jpg"", ""/content/drive/MyDrive/olx_fridges_dataset/images/fridge_6b7f709f08/5.jpg"", ""/content/drive/MyDrive/olx_fridges_dataset/images/fridge_6b7f709f08/6.jpg"", ""/content/drive/MyDrive/olx_fridges_dataset/images/fridge_6b7f709f08/7.jpg"", ""/content/drive/MyDrive/olx_fridges_dataset/images/fridge_6b7f709f08/8.jpg"", ""/content/drive/MyDrive/olx_fridges_dataset/images/fridge_6b7f709f08/9.jpg"", ""/content/drive/MyDrive/olx_fridges_dataset/images/fridge_6b7f709f08/10.jpg"", ""/content/drive/MyDrive/olx_fridges_dataset/images/fridge_6b7f709f08/11.jpg"", ""/content/drive/MyDrive/olx_fridges_dataset/images/fridge_6b7f709f08/12.jpg"", ""/content/drive/MyDrive/olx_fridges_dataset/images/fridge_6b7f709f08/13.jpg"", ""/content/drive/MyDrive/olx_fridges_dataset/images/fridge_6b7f709f08/14.jpg""]",14,2025-12-08 06:02:16.729499
fridge_7a1a737784,https://www.olx.in/item/fridges-c1617-bed-and-sofa-on-rent-in-bhopal-rentlow-in-mp-nagar-bhopal-iid-1814410588,किराए से Bed and Sofa on rent in Bhopal RentLow रेंट से लो,"RentLow रेंट से लो फ्रिज, वाशिंग मशीन के बाद अब फर्नीचर भी रेंट से Stay tuned Find and Follow us on Insta Bed on rent in Bhopal RentLow रेंट से लो Furniture on rent in Bhopal Fridge on rent in Bhopal Refrigerator on rent in Bhopal Rental fridge Rental appliances Rental washing machine Rental cooler Cooler on rent Bed on rent Sofa rent Rental sofa Rental ac Rental microwave Led on rent Rental LED Ac rent in Bhopal Washing machine Bhopal Bhopal rental shop - Fridges",700,"[""/content/drive/MyDrive/olx_fridges_dataset/images/fridge_7a1a737784/1.jpg"", ""/content/drive/MyDrive/olx_fridges_dataset/images/fridge_7a1a737784/2.jpg"", ""/content/drive/MyDrive/olx_fridges_dataset/images/fridge_7a1a737784/3.jpg"", ""/content/drive/MyDrive/olx_fridges_dataset/images/fridge_7a1a737784/4.jpg"", ""/content/drive/MyDrive/olx_fridges_dataset/images/fridge_7a1a737784/5.jpg"", ""/content/drive/MyDrive/olx_fridges_dataset/images/fridge_7a1a737784/6.jpg"", ""/content/drive/MyDrive/olx_fridges_dataset/images/fridge_7a1a737784/7.jpg"", ""/content/drive/MyDrive/olx_fridges_dataset/images/fridge_7a1a737784/8.jpg"", ""/content/drive/MyDrive/olx_fridges_dataset/images/fridge_7a1a737784/9.jpg"", ""/content/drive/MyDrive/olx_fridges_dataset/images/fridge_7a1a737784/10.jpg"", ""/content/drive/MyDrive/olx_fridges_dataset/images/fridge_7a1a737784/11.jpg"", ""/content/drive/MyDrive/olx_fridges_dataset/images/fridge_7a1a737784/12.jpg"", ""/content/drive/MyDrive/olx_fridges_dataset/images/fridge_7a1a737784/13.jpg"", ""/content/drive/MyDrive/olx_fridges_dataset/images/fridge_7a1a737784/14.jpg""]",14,2025-12-08 06:02:27.266139
fridge_bd0e5ce64c,https://www.olx.in/item/fridges-c1617-ifb-refrigerator-in-said-ul-ajaib-delhi-iid-1828631557,IFB REFRIGERATOR,Model 2025 243 ltr with bill brand new condition - Fridges,20000,"[""/content/drive/MyDrive/olx_fridges_dataset/images/fridge_bd0e5ce64c/1.jpg"", ""/content/drive/MyDrive/olx_fridges_dataset/images/fridge_bd0e5ce64c/2.jpg"", ""/content/drive/MyDrive/olx_fridges_dataset/images/fridge_bd0e5ce64c/3.jpg"", ""/content/drive/MyDrive/olx_fridges_dataset/images/fridge_bd0e5ce64c/4.jpg"", ""/content/drive/MyDrive/olx_fridges_dataset/images/fridge_bd0e5ce64c/5.jpg"", ""/content/drive/MyDrive/olx_fridges_dataset/images/fridge_bd0e5ce64c/6.jpg"", ""/content/drive/MyDrive/olx_fridges_dataset/images/fridge_bd0e5ce64c/7.jpg"", ""/content/drive/MyDrive/olx_fridges_dataset/images/fridge_bd0e5ce64c/8.jpg"", ""/content/drive/MyDrive/olx_fridges_dataset/images/fridge_bd0e5ce64c/9.jpg"", ""/content/drive/MyDrive/olx_fridges_dataset/images/fridge_bd0e5ce64c/10.jpg"", ""/content/drive/MyDrive/olx_fridges_dataset/images/fridge_bd0e5ce64c/11.jpg"", ""/content/drive/MyDrive/olx_fridges_dataset/images/fridge_bd0e5ce64c/12.jpg"", ""/content/drive/MyDrive/olx_fridges_dataset/images/fridge_bd0e5ce64c/13.jpg"", ""/content/drive/MyDrive/olx_fridges_dataset/images/fridge_bd0e5ce64c/14.jpg""]",14,2025-12-08 06:02:36.877413
fridge_a47bbb6417,https://www.olx.in/item/fridges-c1617-lg-side-by-side-fridge-in-marol-mumbai-iid-1828631050,LG side by side Fridge,"Its in Excellent condition, working fine. Availble in Mira road. - Fridges",21000,"[""/content/drive/MyDrive/olx_fridges_dataset/images/fridge_a47bbb6417/1.jpg"", ""/content/drive/MyDrive/olx_fridges_dataset/images/fridge_a47bbb6417/2.jpg"", ""/content/drive/MyDrive/olx_fridges_dataset/images/fridge_a47bbb6417/3.jpg"", ""/content/drive/MyDrive/olx_fridges_dataset/images/fridge_a47bbb6417/4.jpg"", ""/content/drive/MyDrive/olx_fridges_dataset/images/fridge_a47bbb6417/5.jpg"", ""/content/drive/MyDrive/olx_fridges_dataset/images/fridge_a47bbb6417/6.jpg"", ""/content/drive/MyDrive/olx_fridges_dataset/images/fridge_a47bbb6417/7.jpg"", ""/content/drive/MyDrive/olx_fridges_dataset/images/fridge_a47bbb6417/8.jpg"", ""/content/drive/MyDrive/olx_fridges_dataset/images/fridge_a47bbb6417/9.jpg"", ""/content/drive/MyDrive/olx_fridges_dataset/images/fridge_a47bbb6417/10.jpg"", ""/content/drive/MyDrive/olx_fridges_dataset/images/fridge_a47bbb6417/11.jpg"", ""/content/drive/MyDrive/olx_fridges_dataset/images/fridge_a47bbb6417/12.jpg"", ""/content/drive/MyDrive/olx_fridges_dataset/images/fridge_a47bbb6417/13.jpg"", ""/content/drive/MyDrive/olx_fridges_dataset/images/fridge_a47bbb6417/14.jpg""]",14,2025-12-08 06:02:44.787448
fridge_fb687b0c27,https://www.olx.in/item/fridges-c1617-fridge-sell-in-afsar-khan-colony-hyderabad-iid-1828631836,Fridge sell,Neet condition urgent sell - Fridges,6500,"[""/content/drive/MyDrive/olx_fridges_dataset/images/fridge_fb687b0c27/1.jpg"", ""/content/drive/MyDrive/olx_fridges_dataset/images/fridge_fb687b0c27/2.jpg"", ""/content/drive/MyDrive/olx_fridges_dataset/images/fridge_fb687b0c27/3.jpg"", ""/content/drive/MyDrive/olx_fridges_dataset/images/fridge_fb687b0c27/4.jpg"", ""/content/drive/MyDrive/olx_fridges_dataset/images/fridge_fb687b0c27/5.jpg"", ""/content/drive/MyDrive/olx_fridges_dataset/images/fridge_fb687b0c27/6.jpg"", ""/content/drive/MyDrive/olx_fridges_dataset/images/fridge_fb687b0c27/7.jpg"", ""/content/drive/MyDrive/olx_fridges_dataset/images/fridge_fb687b0c27/8.jpg"", ""/content/drive/MyDrive/olx_fridges_dataset/images/fridge_fb687b0c27/9.jpg"", ""/content/drive/MyDrive/olx_fridges_dataset/images/fridge_fb687b0c27/10.jpg"", ""/content/drive/MyDrive/olx_fridges_dataset/images/fridge_fb687b0c27/11.jpg"", ""/content/drive/MyDrive/olx_fridges_dataset/images/fridge_fb687b0c27/12.jpg"", ""/content/drive/MyDrive/olx_fridges_dataset/images/fridge_fb687b0c27/13.jpg"", ""/content/drive/MyDrive/olx_fridges_dataset/images/fridge_fb687b0c27/14.jpg""]",14,2025-12-08 06:02:52.479619
fridge_dad24c9fd5,https://www.olx.in/item/fridges-c1617-good-looking-fridge-5-year-warranty-in-borivali-west-mumbai-iid-1827893764,Good looking fridge 5 year warranty,"#WE CAN PROVIDE HOME APPLIANCES## #1. FRIDGES (single door , Double door and big size Double door available) #2. Washing machine (fully automatic) #3. AC (split ac and window ac) ##BEST PRICE OF APPLIANCES ## 1. FRIDGE:. i)Single door starting price Rs 6500/ ii)Double door starting price Rs 8500/ 2. Washing machine fully automatic starting price RS.6500/ 3. Split ac starting price Rs.12500/ 4. Window ac starting price RS.10500/ ##NOTE## i) Delivery free ii) Inlet pipe and. outlet pipe free with washing machine ## SANVI AIRCOOL## shop no2 shree rampal chawl near little flower high school mahakali caves road Andheri East Mumbai 400093 - Fridges",6500,"[""/content/drive/MyDrive/olx_fridges_dataset/images/fridge_dad24c9fd5/1.jpg"", ""/content/drive/MyDrive/olx_fridges_dataset/images/fridge_dad24c9fd5/2.jpg"", ""/content/drive/MyDrive/olx_fridges_dataset/images/fridge_dad24c9fd5/3.jpg"", ""/content/drive/MyDrive/olx_fridges_dataset/images/fridge_dad24c9fd5/4.jpg"", ""/content/drive/MyDrive/olx_fridges_dataset/images/fridge_dad24c9fd5/5.jpg"", ""/content/drive/MyDrive/olx_fridges_dataset/images/fridge_dad24c9fd5/6.jpg"", ""/content/drive/MyDrive/olx_fridges_dataset/images/fridge_dad24c9fd5/7.jpg"", ""/content/drive/MyDrive/olx_fridges_dataset/images/fridge_dad24c9fd5/8.jpg"", ""/content/drive/MyDrive/olx_fridges_dataset/images/fridge_dad24c9fd5/9.jpg"", ""/content/drive/MyDrive/olx_fridges_dataset/images/fridge_dad24c9fd5/10.jpg"", ""/content/drive/MyDrive/olx_fridges_dataset/images/fridge_dad24c9fd5/11.jpg"", ""/content/drive/MyDrive/olx_fridges_dataset/images/fridge_dad24c9fd5/12.jpg"", ""/content/drive/MyDrive/olx_fridges_dataset/images/fridge_dad24c9fd5/13.jpg"", ""/content/drive/MyDrive/olx_fridges_dataset/images/fridge_dad24c9fd5/14.jpg"", ""/content/drive/MyDrive/olx_fridges_dataset/images/fridge_dad24c9fd5/15.jpg"", ""/content/drive/MyDrive/olx_fridges_dataset/images/fridge_dad24c9fd5/16.jpg""]",16,2025-12-08 06:03:06.869541
fridge_711ed60e71,https://www.olx.in/item/fridges-c1617-thick-shake-machine-in-sangram-nagar-aurangabad-iid-1826994764,THICK SHAKE MACHINE,"Thick shake and ice cream machine with double comressor, digital meter anr 1.5 year warranty.Four month use only,machine is in immaculate condition.. - Fridges",125000,"[""/content/drive/MyDrive/olx_fridges_dataset/images/fridge_711ed60e71/1.jpg"", ""/content/drive/MyDrive/olx_fridges_dataset/images/fridge_711ed60e71/2.jpg"", ""/content/drive/MyDrive/olx_fridges_dataset/images/fridge_711ed60e71/3.jpg"", ""/content/drive/MyDrive/olx_fridges_dataset/images/fridge_711ed60e71/4.jpg"", ""/content/drive/MyDrive/olx_fridges_dataset/images/fridge_711ed60e71/5.jpg"", ""/content/drive/MyDrive/olx_fridges_dataset/images/fridge_711ed60e71/6.jpg"", ""/content/drive/MyDrive/olx_fridges_dataset/images/fridge_711ed60e71/7.jpg"", ""/content/drive/MyDrive/olx_fridges_dataset/images/fridge_711ed60e71/8.jpg"", ""/content/drive/MyDrive/olx_fridges_dataset/images/fridge_711ed60e71/9.jpg"", ""/content/drive/MyDrive/olx_fridges_dataset/images/fridge_711ed60e71/10.jpg"", ""/content/drive/MyDrive/olx_fridges_dataset/images/fridge_711ed60e71/11.jpg"", ""/content/drive/MyDrive/olx_fridges_dataset/images/fridge_711ed60e71/12.jpg"", ""/content/drive/MyDrive/olx_fridges_dataset/images/fridge_711ed60e71/13.jpg"", ""/content/drive/MyDrive/olx_fridges_dataset/images/fridge_711ed60e71/14.jpg""]",14,2025-12-08 06:03:15.245507
fridge_b98b9689e0,https://www.olx.in/item/fridges-c1617-freezer-22000-in-n-g-o-quarter-kozhikode-iid-1828630854,Freezer 22000,Good condition - Fridges,22000,"[""/content/drive/MyDrive/olx_fridges_dataset/images/fridge_b98b9689e0/1.jpg"", ""/content/drive/MyDrive/olx_fridges_dataset/images/fridge_b98b9689e0/2.jpg"", ""/content/drive/MyDrive/olx_fridges_dataset/images/fridge_b98b9689e0/3.jpg"", ""/content/drive/MyDrive/olx_fridges_dataset/images/fridge_b98b9689e0/4.jpg"", ""/content/drive/MyDrive/olx_fridges_dataset/images/fridge_b98b9689e0/5.jpg"", ""/content/drive/MyDrive/olx_fridges_dataset/images/fridge_b98b9689e0/6.jpg"", ""/content/drive/MyDrive/olx_fridges_dataset/images/fridge_b98b9689e0/7.jpg"", ""/content/drive/MyDrive/olx_fridges_dataset/images/fridge_b98b9689e0/8.jpg"", ""/content/drive/MyDrive/olx_fridges_dataset/images/fridge_b98b9689e0/9.jpg"", ""/content/drive/MyDrive/olx_fridges_dataset/images/fridge_b98b9689e0/10.jpg"", ""/content/drive/MyDrive/olx_fridges_dataset/images/fridge_b98b9689e0/11.jpg"", ""/content/drive/MyDrive/olx_fridges_dataset/images/fridge_b98b9689e0/12.jpg"", ""/content/drive/MyDrive/olx_fridges_dataset/images/fridge_b98b9689e0/13.jpg"", ""/content/drive/MyDrive/olx_fridges_dataset/images/fridge_b98b9689e0/14.jpg""]",14,2025-12-08 06:03:24.594882
fridge_9516bb3bca,https://www.olx.in/item/fridges-c1617-second-hand-fridges-showroom-in-sarnampatti-coimbatore-iid-1828630770,Second hand fridges showroom ^^±,Good working condition+ Fridge+ washing machine+ 100% copper a/c+ Delivery arranged+ Warrenty provide WhatsApp & call Tamilnadu & kerala Delivery Arranged Shop in / coimbarore/ palakkad - Fridges,4333,"[""/content/drive/MyDrive/olx_fridges_dataset/images/fridge_9516bb3bca/1.jpg"", ""/content/drive/MyDrive/olx_fridges_dataset/images/fridge_9516bb3bca/2.jpg"", ""/content/drive/MyDrive/olx_fridges_dataset/images/fridge_9516bb3bca/3.jpg"", ""/content/drive/MyDrive/olx_fridges_dataset/images/fridge_9516bb3bca/4.jpg"", ""/content/drive/MyDrive/olx_fridges_dataset/images/fridge_9516bb3bca/5.jpg"", ""/content/drive/MyDrive/olx_fridges_dataset/images/fridge_9516bb3bca/6.jpg"", ""/content/drive/MyDrive/olx_fridges_dataset/images/fridge_9516bb3bca/7.jpg"", ""/content/drive/MyDrive/olx_fridges_dataset/images/fridge_9516bb3bca/8.jpg"", ""/content/drive/MyDrive/olx_fridges_dataset/images/fridge_9516bb3bca/9.jpg"", ""/content/drive/MyDrive/olx_fridges_dataset/images/fridge_9516bb3bca/10.jpg"", ""/content/drive/MyDrive/olx_fridges_dataset/images/fridge_9516bb3bca/11.jpg"", ""/content/drive/MyDrive/olx_fridges_dataset/images/fridge_9516bb3bca/12.jpg"", ""/content/drive/MyDrive/olx_fridges_dataset/images/fridge_9516bb3bca/13.jpg"", ""/content/drive/MyDrive/olx_fridges_dataset/images/fridge_9516bb3bca/14.jpg""]",14,2025-12-08 06:03:32.745083
fridge_5b60a1596b,https://www.olx.in/item/fridges-c1617-samsungs-double-door-freeze-in-excellent-condition-in-gillco-valley-kharar-iid-1826192623,Samsung's double door freeze  in excellent condition,"Reason for sale is shifting. In Warranty ,super cooling system - Fridges",19000,"[""/content/drive/MyDrive/olx_fridges_dataset/images/fridge_5b60a1596b/1.jpg"", ""/content/drive/MyDrive/olx_fridges_dataset/images/fridge_5b60a1596b/2.jpg"", ""/content/drive/MyDrive/olx_fridges_dataset/images/fridge_5b60a1596b/3.jpg"", ""/content/drive/MyDrive/olx_fridges_dataset/images/fridge_5b60a1596b/4.jpg"", ""/content/drive/MyDrive/olx_fridges_dataset/images/fridge_5b60a1596b/5.jpg"", ""/content/drive/MyDrive/olx_fridges_dataset/images/fridge_5b60a1596b/6.jpg"", ""/content/drive/MyDrive/olx_fridges_dataset/images/fridge_5b60a1596b/7.jpg"", ""/content/drive/MyDrive/olx_fridges_dataset/images/fridge_5b60a1596b/8.jpg"", ""/content/drive/MyDrive/olx_fridges_dataset/images/fridge_5b60a1596b/9.jpg"", ""/content/drive/MyDrive/olx_fridges_dataset/images/fridge_5b60a1596b/10.jpg"", ""/content/drive/MyDrive/olx_fridges_dataset/images/fridge_5b60a1596b/11.jpg"", ""/content/drive/MyDrive/olx_fridges_dataset/images/fridge_5b60a1596b/12.jpg"", ""/content/drive/MyDrive/olx_fridges_dataset/images/fridge_5b60a1596b/13.jpg"", ""/content/drive/MyDrive/olx_fridges_dataset/images/fridge_5b60a1596b/14.jpg""]",14,2025-12-08 06:03:43.764864
fridge_665ffa1d02,https://www.olx.in/item/fridges-c1617-refrigerator-fridge-in-thovala-boothapandi-iid-1827918526,Refrigerator fridge,Good conditions - Fridges,1499,"[""/content/drive/MyDrive/olx_fridges_dataset/images/fridge_665ffa1d02/1.jpg"", ""/content/drive/MyDrive/olx_fridges_dataset/images/fridge_665ffa1d02/2.jpg"", ""/content/drive/MyDrive/olx_fridges_dataset/images/fridge_665ffa1d02/3.jpg"", ""/content/drive/MyDrive/olx_fridges_dataset/images/fridge_665ffa1d02/4.jpg"", ""/content/drive/MyDrive/olx_fridges_dataset/images/fridge_665ffa1d02/5.jpg"", ""/content/drive/MyDrive/olx_fridges_dataset/images/fridge_665ffa1d02/6.jpg"", ""/content/drive/MyDrive/olx_fridges_dataset/images/fridge_665ffa1d02/7.jpg"", ""/content/drive/MyDrive/olx_fridges_dataset/images/fridge_665ffa1d02/8.jpg"", ""/content/drive/MyDrive/olx_fridges_dataset/images/fridge_665ffa1d02/9.jpg"", ""/content/drive/MyDrive/olx_fridges_dataset/images/fridge_665ffa1d02/10.jpg"", ""/content/drive/MyDrive/olx_fridges_dataset/images/fridge_665ffa1d02/11.jpg"", ""/content/drive/MyDrive/olx_fridges_dataset/images/fridge_665ffa1d02/12.jpg"", ""/content/drive/MyDrive/olx_fridges_dataset/images/fridge_665ffa1d02/13.jpg"", ""/content/drive/MyDrive/olx_fridges_dataset/images/fridge_665ffa1d02/14.jpg""]",14,2025-12-08 06:03:52.077584
fridge_765bbcd910,https://www.olx.in/item/fridges-c1617-whripool-refrigerator-in-vijaya-lakshmi-nagar-mandapeta-iid-1827216199,Whripool refrigerator,Urgent selling - Fridges,1500,"[""/content/drive/MyDrive/olx_fridges_dataset/images/fridge_765bbcd910/1.jpg"", ""/content/drive/MyDrive/olx_fridges_dataset/images/fridge_765bbcd910/2.jpg"", ""/content/drive/MyDrive/olx_fridges_dataset/images/fridge_765bbcd910/3.jpg"", ""/content/drive/MyDrive/olx_fridges_dataset/images/fridge_765bbcd910/4.jpg"", ""/content/drive/MyDrive/olx_fridges_dataset/images/fridge_765bbcd910/5.jpg"", ""/content/drive/MyDrive/olx_fridges_dataset/images/fridge_765bbcd910/6.jpg"", ""/content/drive/MyDrive/olx_fridges_dataset/images/fridge_765bbcd910/7.jpg"", ""/content/drive/MyDrive/olx_fridges_dataset/images/fridge_765bbcd910/8.jpg"", ""/content/drive/MyDrive/olx_fridges_dataset/images/fridge_765bbcd910/9.jpg"", ""/content/drive/MyDrive/olx_fridges_dataset/images/fridge_765bbcd910/10.jpg"", ""/content/drive/MyDrive/olx_fridges_dataset/images/fridge_765bbcd910/11.jpg"", ""/content/drive/MyDrive/olx_fridges_dataset/images/fridge_765bbcd910/12.jpg"", ""/content/drive/MyDrive/olx_fridges_dataset/images/fridge_765bbcd910/13.jpg"", ""/content/drive/MyDrive/olx_fridges_dataset/images/fridge_765bbcd910/14.jpg""]",14,2025-12-08 06:04:01.501538
fridge_de2226af75,https://www.olx.in/item/fridges-c1617-second-hand-fridges-in-sarnampatti-coimbatore-iid-1828630736,+ second hand fridges +/*,Good working condition< Fridge< washing machine< 100% copper a/c< Delivery arranged< Warrenty provide WhatsApp & call Tamilnadu & kerala Delivery Arranged Shop in / coimbarore/ palakkad - Fridges,4333,"[""/content/drive/MyDrive/olx_fridges_dataset/images/fridge_de2226af75/1.jpg"", ""/content/drive/MyDrive/olx_fridges_dataset/images/fridge_de2226af75/2.jpg"", ""/content/drive/MyDrive/olx_fridges_dataset/images/fridge_de2226af75/3.jpg"", ""/content/drive/MyDrive/olx_fridges_dataset/images/fridge_de2226af75/4.jpg"", ""/content/drive/MyDrive/olx_fridges_dataset/images/fridge_de2226af75/5.jpg"", ""/content/drive/MyDrive/olx_fridges_dataset/images/fridge_de2226af75/6.jpg"", ""/content/drive/MyDrive/olx_fridges_dataset/images/fridge_de2226af75/7.jpg"", ""/content/drive/MyDrive/olx_fridges_dataset/images/fridge_de2226af75/8.jpg"", ""/content/drive/MyDrive/olx_fridges_dataset/images/fridge_de2226af75/9.jpg"", ""/content/drive/MyDrive/olx_fridges_dataset/images/fridge_de2226af75/10.jpg"", ""/content/drive/MyDrive/olx_fridges_dataset/images/fridge_de2226af75/11.jpg"", ""/content/drive/MyDrive/olx_fridges_dataset/images/fridge_de2226af75/12.jpg"", ""/content/drive/MyDrive/olx_fridges_dataset/images/fridge_de2226af75/13.jpg"", ""/content/drive/MyDrive/olx_fridges_dataset/images/fridge_de2226af75/14.jpg""]",14,2025-12-08 06:04:11.849147
fridge_51644ab3cd,https://www.olx.in/item/fridges-c1617-less-used-fridge-and-washing-machine-for-sale-in-padamugal-kochi-iid-1756293012,LESS USED FRIDGE AND WASHING MACHINE FOR SALE,ALL BRANDS AND MODELS AVAILABLE WITH REPLACEMENT WARRANTY ONSITE WARANTY GOOD WORKING CONDITION - Fridges,4000,"[""/content/drive/MyDrive/olx_fridges_dataset/images/fridge_51644ab3cd/1.jpg"", ""/content/drive/MyDrive/olx_fridges_dataset/images/fridge_51644ab3cd/2.jpg"", ""/content/drive/MyDrive/olx_fridges_dataset/images/fridge_51644ab3cd/3.jpg"", ""/content/drive/MyDrive/olx_fridges_dataset/images/fridge_51644ab3cd/4.jpg"", ""/content/drive/MyDrive/olx_fridges_dataset/images/fridge_51644ab3cd/5.jpg"", ""/content/drive/MyDrive/olx_fridges_dataset/images/fridge_51644ab3cd/6.jpg"", ""/content/drive/MyDrive/olx_fridges_dataset/images/fridge_51644ab3cd/7.jpg"", ""/content/drive/MyDrive/olx_fridges_dataset/images/fridge_51644ab3cd/8.jpg"", ""/content/drive/MyDrive/olx_fridges_dataset/images/fridge_51644ab3cd/9.jpg"", ""/content/drive/MyDrive/olx_fridges_dataset/images/fridge_51644ab3cd/10.jpg"", ""/content/drive/MyDrive/olx_fridges_dataset/images/fridge_51644ab3cd/11.jpg"", ""/content/drive/MyDrive/olx_fridges_dataset/images/fridge_51644ab3cd/12.jpg"", ""/content/drive/MyDrive/olx_fridges_dataset/images/fridge_51644ab3cd/13.jpg"", ""/content/drive/MyDrive/olx_fridges_dataset/images/fridge_51644ab3cd/14.jpg"", ""/content/drive/MyDrive/olx_fridges_dataset/images/fridge_51644ab3cd/15.jpg"", ""/content/drive/MyDrive/olx_fridges_dataset/images/fridge_51644ab3cd/16.jpg""]",16,2025-12-08 06:04:20.355670
fridge_28fafeac5c,https://www.olx.in/item/fridges-c1617-chillerfridgeclooer-in-ashok-nagar-near-chandan-nagar-pune-iid-1826619606,Chiller/Fridge/clooer,1 year old chiller - Fridges,25000,"[""/content/drive/MyDrive/olx_fridges_dataset/images/fridge_28fafeac5c/1.jpg"", ""/content/drive/MyDrive/olx_fridges_dataset/images/fridge_28fafeac5c/2.jpg"", ""/content/drive/MyDrive/olx_fridges_dataset/images/fridge_28fafeac5c/3.jpg"", ""/content/drive/MyDrive/olx_fridges_dataset/images/fridge_28fafeac5c/4.jpg"", ""/content/drive/MyDrive/olx_fridges_dataset/images/fridge_28fafeac5c/5.jpg"", ""/content/drive/MyDrive/olx_fridges_dataset/images/fridge_28fafeac5c/6.jpg"", ""/content/drive/MyDrive/olx_fridges_dataset/images/fridge_28fafeac5c/7.jpg"", ""/content/drive/MyDrive/olx_fridges_dataset/images/fridge_28fafeac5c/8.jpg"", ""/content/drive/MyDrive/olx_fridges_dataset/images/fridge_28fafeac5c/9.jpg"", ""/content/drive/MyDrive/olx_fridges_dataset/images/fridge_28fafeac5c/10.jpg"", ""/content/drive/MyDrive/olx_fridges_dataset/images/fridge_28fafeac5c/11.jpg"", ""/content/drive/MyDrive/olx_fridges_dataset/images/fridge_28fafeac5c/12.jpg"", ""/content/drive/MyDrive/olx_fridges_dataset/images/fridge_28fafeac5c/13.jpg"", ""/content/drive/MyDrive/olx_fridges_dataset/images/fridge_28fafeac5c/14.jpg""]",14,2025-12-08 06:04:27.442755
fridge_a0b2b592ee,https://www.olx.in/item/fridges-c1617-samsung-refrigerator-double-door-in-adalat-bazar-patiala-iid-1828631519,Samsung refrigerator double door,Samsung refrigerator double door - Fridges,13000,"[""/content/drive/MyDrive/olx_fridges_dataset/images/fridge_a0b2b592ee/1.jpg"", ""/content/drive/MyDrive/olx_fridges_dataset/images/fridge_a0b2b592ee/2.jpg"", ""/content/drive/MyDrive/olx_fridges_dataset/images/fridge_a0b2b592ee/3.jpg"", ""/content/drive/MyDrive/olx_fridges_dataset/images/fridge_a0b2b592ee/4.jpg"", ""/content/drive/MyDrive/olx_fridges_dataset/images/fridge_a0b2b592ee/5.jpg"", ""/content/drive/MyDrive/olx_fridges_dataset/images/fridge_a0b2b592ee/6.jpg"", ""/content/drive/MyDrive/olx_fridges_dataset/images/fridge_a0b2b592ee/7.jpg"", ""/content/drive/MyDrive/olx_fridges_dataset/images/fridge_a0b2b592ee/8.jpg"", ""/content/drive/MyDrive/olx_fridges_dataset/images/fridge_a0b2b592ee/9.jpg"", ""/content/drive/MyDrive/olx_fridges_dataset/images/fridge_a0b2b592ee/10.jpg"", ""/content/drive/MyDrive/olx_fridges_dataset/images/fridge_a0b2b592ee/11.jpg"", ""/content/drive/MyDrive/olx_fridges_dataset/images/fridge_a0b2b592ee/12.jpg"", ""/content/drive/MyDrive/olx_fridges_dataset/images/fridge_a0b2b592ee/13.jpg"", ""/content/drive/MyDrive/olx_fridges_dataset/images/fridge_a0b2b592ee/14.jpg""]",14,2025-12-08 06:04:34.966466
fridge_8f27ec2315,https://www.olx.in/item/fridges-c1617-192-lit-samsung-5-star-fridge-in-louis-wadi-thane-iid-1826287840,192 lit samsung 5 star fridge,It is good condition and one hand use and 2015 model. It is maintained so well that it is never broken down. Very good condition and worth - Fridges,5750,"[""/content/drive/MyDrive/olx_fridges_dataset/images/fridge_8f27ec2315/1.jpg"", ""/content/drive/MyDrive/olx_fridges_dataset/images/fridge_8f27ec2315/2.jpg"", ""/content/drive/MyDrive/olx_fridges_dataset/images/fridge_8f27ec2315/3.jpg"", ""/content/drive/MyDrive/olx_fridges_dataset/images/fridge_8f27ec2315/4.jpg"", ""/content/drive/MyDrive/olx_fridges_dataset/images/fridge_8f27ec2315/5.jpg"", ""/content/drive/MyDrive/olx_fridges_dataset/images/fridge_8f27ec2315/6.jpg"", ""/content/drive/MyDrive/olx_fridges_dataset/images/fridge_8f27ec2315/7.jpg"", ""/content/drive/MyDrive/olx_fridges_dataset/images/fridge_8f27ec2315/8.jpg"", ""/content/drive/MyDrive/olx_fridges_dataset/images/fridge_8f27ec2315/9.jpg"", ""/content/drive/MyDrive/olx_fridges_dataset/images/fridge_8f27ec2315/10.jpg"", ""/content/drive/MyDrive/olx_fridges_dataset/images/fridge_8f27ec2315/11.jpg"", ""/content/drive/MyDrive/olx_fridges_dataset/images/fridge_8f27ec2315/12.jpg"", ""/content/drive/MyDrive/olx_fridges_dataset/images/fridge_8f27ec2315/13.jpg"", ""/content/drive/MyDrive/olx_fridges_dataset/images/fridge_8f27ec2315/14.jpg""]",14,2025-12-08 06:04:47.538379
fridge_1f252f0f3b,https://www.olx.in/item/fridges-c1617-kenstar-it-is-in-good-condition-no-any-problem-in-bapuji-nagar-bengaluru-iid-1828631181,Kenstar It is in good condition no any problem,I am selling fridge It is in good condition - Fridges,4000,"[""/content/drive/MyDrive/olx_fridges_dataset/images/fridge_1f252f0f3b/1.jpg"", ""/content/drive/MyDrive/olx_fridges_dataset/images/fridge_1f252f0f3b/2.jpg"", ""/content/drive/MyDrive/olx_fridges_dataset/images/fridge_1f252f0f3b/3.jpg"", ""/content/drive/MyDrive/olx_fridges_dataset/images/fridge_1f252f0f3b/4.jpg"", ""/content/drive/MyDrive/olx_fridges_dataset/images/fridge_1f252f0f3b/5.jpg"", ""/content/drive/MyDrive/olx_fridges_dataset/images/fridge_1f252f0f3b/6.jpg"", ""/content/drive/MyDrive/olx_fridges_dataset/images/fridge_1f252f0f3b/7.jpg"", ""/content/drive/MyDrive/olx_fridges_dataset/images/fridge_1f252f0f3b/8.jpg"", ""/content/drive/MyDrive/olx_fridges_dataset/images/fridge_1f252f0f3b/9.jpg"", ""/content/drive/MyDrive/olx_fridges_dataset/images/fridge_1f252f0f3b/10.jpg"", ""/content/drive/MyDrive/olx_fridges_dataset/images/fridge_1f252f0f3b/11.jpg"", ""/content/drive/MyDrive/olx_fridges_dataset/images/fridge_1f252f0f3b/12.jpg"", ""/content/drive/MyDrive/olx_fridges_dataset/images/fridge_1f252f0f3b/13.jpg"", ""/content/drive/MyDrive/olx_fridges_dataset/images/fridge_1f252f0f3b/14.jpg""]",14,2025-12-08 06:04:55.404921
fridge_1cdd352a10,https://www.olx.in/item/fridges-c1617-single-door-fridge-in-amar-vihar-colony-yamunanagar-iid-1828444770,Single door fridge,Whirlpool single door fridge in working condition neat and clean for sale - Fridges,3499,"[""/content/drive/MyDrive/olx_fridges_dataset/images/fridge_1cdd352a10/1.jpg"", ""/content/drive/MyDrive/olx_fridges_dataset/images/fridge_1cdd352a10/2.jpg"", ""/content/drive/MyDrive/olx_fridges_dataset/images/fridge_1cdd352a10/3.jpg"", ""/content/drive/MyDrive/olx_fridges_dataset/images/fridge_1cdd352a10/4.jpg"", ""/content/drive/MyDrive/olx_fridges_dataset/images/fridge_1cdd352a10/5.jpg"", ""/content/drive/MyDrive/olx_fridges_dataset/images/fridge_1cdd352a10/6.jpg"", ""/content/drive/MyDrive/olx_fridges_dataset/images/fridge_1cdd352a10/7.jpg"", ""/content/drive/MyDrive/olx_fridges_dataset/images/fridge_1cdd352a10/8.jpg"", ""/content/drive/MyDrive/olx_fridges_dataset/images/fridge_1cdd352a10/9.jpg"", ""/content/drive/MyDrive/olx_fridges_dataset/images/fridge_1cdd352a10/10.jpg"", ""/content/drive/MyDrive/olx_fridges_dataset/images/fridge_1cdd352a10/11.jpg"", ""/content/drive/MyDrive/olx_fridges_dataset/images/fridge_1cdd352a10/12.jpg"", ""/content/drive/MyDrive/olx_fridges_dataset/images/fridge_1cdd352a10/13.jpg"", ""/content/drive/MyDrive/olx_fridges_dataset/images/fridge_1cdd352a10/14.jpg""]",14,2025-12-08 06:05:04.098759
fridge_02f2c9c58d,https://www.olx.in/item/fridges-c1617-samsung-250-lt-in-kozikot-village-tarantaran-iid-1828299628,Samsung 250 lt,5 Star Refrigerator in Working condition - Fridges,8500,"[""/content/drive/MyDrive/olx_fridges_dataset/images/fridge_02f2c9c58d/1.jpg"", ""/content/drive/MyDrive/olx_fridges_dataset/images/fridge_02f2c9c58d/2.jpg"", ""/content/drive/MyDrive/olx_fridges_dataset/images/fridge_02f2c9c58d/3.jpg"", ""/content/drive/MyDrive/olx_fridges_dataset/images/fridge_02f2c9c58d/4.jpg"", ""/content/drive/MyDrive/olx_fridges_dataset/images/fridge_02f2c9c58d/5.jpg"", ""/content/drive/MyDrive/olx_fridges_dataset/images/fridge_02f2c9c58d/6.jpg"", ""/content/drive/MyDrive/olx_fridges_dataset/images/fridge_02f2c9c58d/7.jpg"", ""/content/drive/MyDrive/olx_fridges_dataset/images/fridge_02f2c9c58d/8.jpg"", ""/content/drive/MyDrive/olx_fridges_dataset/images/fridge_02f2c9c58d/9.jpg"", ""/content/drive/MyDrive/olx_fridges_dataset/images/fridge_02f2c9c58d/10.jpg"", ""/content/drive/MyDrive/olx_fridges_dataset/images/fridge_02f2c9c58d/11.jpg"", ""/content/drive/MyDrive/olx_fridges_dataset/images/fridge_02f2c9c58d/12.jpg"", ""/content/drive/MyDrive/olx_fridges_dataset/images/fridge_02f2c9c58d/13.jpg"", ""/content/drive/MyDrive/olx_fridges_dataset/images/fridge_02f2c9c58d/14.jpg""]",14,2025-12-08 06:05:12.575547
fridge_cbdc9e7e14,https://www.olx.in/item/fridges-c1617-double-door-jumbo-fridge-for-sale-in-cheeriyal-hyderabad-iid-1828629621,Double door jumbo fridge for sale,Double door lieberr fridge for sale - Fridges,18000,"[""/content/drive/MyDrive/olx_fridges_dataset/images/fridge_cbdc9e7e14/1.jpg"", ""/content/drive/MyDrive/olx_fridges_dataset/images/fridge_cbdc9e7e14/2.jpg"", ""/content/drive/MyDrive/olx_fridges_dataset/images/fridge_cbdc9e7e14/3.jpg"", ""/content/drive/MyDrive/olx_fridges_dataset/images/fridge_cbdc9e7e14/4.jpg"", ""/content/drive/MyDrive/olx_fridges_dataset/images/fridge_cbdc9e7e14/5.jpg"", ""/content/drive/MyDrive/olx_fridges_dataset/images/fridge_cbdc9e7e14/6.jpg"", ""/content/drive/MyDrive/olx_fridges_dataset/images/fridge_cbdc9e7e14/7.jpg"", ""/content/drive/MyDrive/olx_fridges_dataset/images/fridge_cbdc9e7e14/8.jpg"", ""/content/drive/MyDrive/olx_fridges_dataset/images/fridge_cbdc9e7e14/9.jpg"", ""/content/drive/MyDrive/olx_fridges_dataset/images/fridge_cbdc9e7e14/10.jpg"", ""/content/drive/MyDrive/olx_fridges_dataset/images/fridge_cbdc9e7e14/11.jpg"", ""/content/drive/MyDrive/olx_fridges_dataset/images/fridge_cbdc9e7e14/12.jpg"", ""/content/drive/MyDrive/olx_fridges_dataset/images/fridge_cbdc9e7e14/13.jpg"", ""/content/drive/MyDrive/olx_fridges_dataset/images/fridge_cbdc9e7e14/14.jpg""]",14,2025-12-08 06:05:20.337751
fridge_94d14ca7ec,https://www.olx.in/item/fridges-c1617-whirlpool-single-door-refrigerator-refurbished-in-malleshwaram-bengaluru-iid-1826940217,Whirlpool single door refrigerator  refurbished,"> Visit our website for more options: www .yourchoiz. in Flat ₹500 OFF + Cash on Delivery Use code: NAMMAYOURCHOIZ at www .yourchoiz. in Refurbished Appliances at Best Price – Quality You Can Trust! Looking for affordable home appliances without compromising on quality? Our refurbished refrigerators and washing machines are carefully inspected, fully tested, and restored to perfect working condition by experts. Why Choose Us? Fully tested and repaired if needed Professionally cleaned and sanitized Minor cosmetic marks possible, but 100% functional Environment-friendly and budget-friendly Available Products: Single Door Refrigerator – Starting at just ₹4,999 Double Door Refrigerator – Starting at ₹6,999 Top Load Washing Machine – Starting at ₹4,999 Front Load Washing Machine – Starting at ₹6,999 Warranty: 1 Year Warranty on Motor and Compressor Free delivery available in Bangalore Visit us today and give your home a smart upgrade at a smart price! - Fridges",500,"[""/content/drive/MyDrive/olx_fridges_dataset/images/fridge_94d14ca7ec/1.jpg"", ""/content/drive/MyDrive/olx_fridges_dataset/images/fridge_94d14ca7ec/2.jpg"", ""/content/drive/MyDrive/olx_fridges_dataset/images/fridge_94d14ca7ec/3.jpg"", ""/content/drive/MyDrive/olx_fridges_dataset/images/fridge_94d14ca7ec/4.jpg"", ""/content/drive/MyDrive/olx_fridges_dataset/images/fridge_94d14ca7ec/5.jpg"", ""/content/drive/MyDrive/olx_fridges_dataset/images/fridge_94d14ca7ec/6.jpg"", ""/content/drive/MyDrive/olx_fridges_dataset/images/fridge_94d14ca7ec/7.jpg"", ""/content/drive/MyDrive/olx_fridges_dataset/images/fridge_94d14ca7ec/8.jpg"", ""/content/drive/MyDrive/olx_fridges_dataset/images/fridge_94d14ca7ec/9.jpg"", ""/content/drive/MyDrive/olx_fridges_dataset/images/fridge_94d14ca7ec/10.jpg"", ""/content/drive/MyDrive/olx_fridges_dataset/images/fridge_94d14ca7ec/11.jpg"", ""/content/drive/MyDrive/olx_fridges_dataset/images/fridge_94d14ca7ec/12.jpg"", ""/content/drive/MyDrive/olx_fridges_dataset/images/fridge_94d14ca7ec/13.jpg"", ""/content/drive/MyDrive/olx_fridges_dataset/images/fridge_94d14ca7ec/14.jpg""]",14,2025-12-08 06:05:37.644439
fridge_81b5d2f1f6,https://www.olx.in/item/fridges-c1617-voltas-vigi-cooler-in-bayana-ghaziabad-iid-1828628771,Voltas Vigi cooler,I want some new items - Fridges,25000,"[""/content/drive/MyDrive/olx_fridges_dataset/images/fridge_81b5d2f1f6/1.jpg"", ""/content/drive/MyDrive/olx_fridges_dataset/images/fridge_81b5d2f1f6/2.jpg"", ""/content/drive/MyDrive/olx_fridges_dataset/images/fridge_81b5d2f1f6/3.jpg"", ""/content/drive/MyDrive/olx_fridges_dataset/images/fridge_81b5d2f1f6/4.jpg"", ""/content/drive/MyDrive/olx_fridges_dataset/images/fridge_81b5d2f1f6/5.jpg"", ""/content/drive/MyDrive/olx_fridges_dataset/images/fridge_81b5d2f1f6/6.jpg"", ""/content/drive/MyDrive/olx_fridges_dataset/images/fridge_81b5d2f1f6/7.jpg"", ""/content/drive/MyDrive/olx_fridges_dataset/images/fridge_81b5d2f1f6/8.jpg"", ""/content/drive/MyDrive/olx_fridges_dataset/images/fridge_81b5d2f1f6/9.jpg"", ""/content/drive/MyDrive/olx_fridges_dataset/images/fridge_81b5d2f1f6/10.jpg"", ""/content/drive/MyDrive/olx_fridges_dataset/images/fridge_81b5d2f1f6/11.jpg"", ""/content/drive/MyDrive/olx_fridges_dataset/images/fridge_81b5d2f1f6/12.jpg"", ""/content/drive/MyDrive/olx_fridges_dataset/images/fridge_81b5d2f1f6/13.jpg"", ""/content/drive/MyDrive/olx_fridges_dataset/images/fridge_81b5d2f1f6/14.jpg""]",14,2025-12-08 06:05:46.932050
fridge_f43f31a0ae,https://www.olx.in/item/fridges-c1617-godrej-190-l-3-star-direct-cool-single-door-fridge-in-chandapura-bengaluru-iid-1817118406,Godrej 190 L 3 star Direct Cool single door fridge,"Godrej 190 ltr Single door fridge with Jumbo Vegetable tray, Base stand & Drawer. Reciprocate Compressor ideal for optimum cooling 2.25 litre Aqua space in the door to store extra large bottles. Toughened glass shelves of 150 kg load capacity 20 litres Vegetable tray capacity - Fridges",10500,"[""/content/drive/MyDrive/olx_fridges_dataset/images/fridge_f43f31a0ae/1.jpg"", ""/content/drive/MyDrive/olx_fridges_dataset/images/fridge_f43f31a0ae/2.jpg"", ""/content/drive/MyDrive/olx_fridges_dataset/images/fridge_f43f31a0ae/3.jpg"", ""/content/drive/MyDrive/olx_fridges_dataset/images/fridge_f43f31a0ae/4.jpg"", ""/content/drive/MyDrive/olx_fridges_dataset/images/fridge_f43f31a0ae/5.jpg"", ""/content/drive/MyDrive/olx_fridges_dataset/images/fridge_f43f31a0ae/6.jpg"", ""/content/drive/MyDrive/olx_fridges_dataset/images/fridge_f43f31a0ae/7.jpg"", ""/content/drive/MyDrive/olx_fridges_dataset/images/fridge_f43f31a0ae/8.jpg"", ""/content/drive/MyDrive/olx_fridges_dataset/images/fridge_f43f31a0ae/9.jpg"", ""/content/drive/MyDrive/olx_fridges_dataset/images/fridge_f43f31a0ae/10.jpg"", ""/content/drive/MyDrive/olx_fridges_dataset/images/fridge_f43f31a0ae/11.jpg"", ""/content/drive/MyDrive/olx_fridges_dataset/images/fridge_f43f31a0ae/12.jpg"", ""/content/drive/MyDrive/olx_fridges_dataset/images/fridge_f43f31a0ae/13.jpg"", ""/content/drive/MyDrive/olx_fridges_dataset/images/fridge_f43f31a0ae/14.jpg""]",14,2025-12-08 06:05:56.914872
fridge_21fbf40d8d,https://www.olx.in/item/fridges-c1617-5-year-warranty-fridge-washing-machine-ac-free-delivery-low-cost-in-malad-west-mumbai-iid-1828283640,5 YEAR WARRANTY_ FRIDGE WASHING MACHINE AC_ FREE DELIVERY _LOW COST,"@@ WE ARE FROM AIR COOL CENTER . OUR SHOP CAN PROVIDE HARDLY USED APPLIANCES @@ ## BEST 5 YEAR WARRANTY WITH FRIDGES/ WASHING MACHINE AND DELIVERY FREE MUMBAI , THANE , NAVI MUMBAI ## ** WE CAN PROVIDE APPLIANCES LIKE :- ** '' 1) FRIDGES { SINGAL DOOR , DOUBLE DOOR AND BIG SIZE DOUBLE DOOR AVAILABLE ALSO SIDE BY SIDE AVAILABLE } '' '' 2)WASHING MACHINE { FULLY AUTOMATIC } '' '' 3)AC {SPLIT AC AND WINDOW AC } '' ** BEST PRICES OF APPLIANCES LIKE:- ** @ 1) FRIDGE :- i) singal door :- 6500 /- TO 7500/- ii) double door :- 8500/- TO 45000/- @ @ 2) WASHING MACHINE :- i)fully automatic :- 6500/- TO 14500/- @ @ 3) WINDOW AC :- i) 1 ton window ac :- 10500/- TO 14500/- {brand :- lg , samsung } ii) 1.5 ton window ac :- 14500/- TO 16500/- {brand :- lg , samsung} @ @ 4) SPLIT AC :- i) 1 ton split ac :- 13500/- TO 14500/- ii) 1.5 ton split ac :- 15500/- TO 18500/- @ @@ JUST 2 TO 3 YEAR USED APPLIANCE @@ *** NOTE :- *** 1) 5 year warranty on compressor of fridge and motor of washing machine. 2) Delivery free all Mumbai/ Thane / Navi Mumbai. 3) Inlet /Outlet pipes free with washing machine . 4) Also available on Rent basis :- i) Rs.500/-per month for washing machine single door fridge ii) Rs.700/-per month for double door fridge[below 280 lit fridge] iii) Rs.800/-per month for 1 ton window Ac iv) Rs.1000/- per month for 1.5 ton window Ac 6) 50% cash back facility too. $ for more details call us and same number for whatsapp information $ *Air cool centre* More details:- Contact pooja Shop no. 4 Yadav colony, Near orange tree school, Opposite trans apartment, Mahakali caves road, Andheri East, Mumbai 400093. LAND MARK :- Shri Sathya Sai Baba dharmakshetra & school Shop time:- 10 am to 10 pm All day open - Fridges",500,"[""/content/drive/MyDrive/olx_fridges_dataset/images/fridge_21fbf40d8d/1.jpg"", ""/content/drive/MyDrive/olx_fridges_dataset/images/fridge_21fbf40d8d/2.jpg"", ""/content/drive/MyDrive/olx_fridges_dataset/images/fridge_21fbf40d8d/3.jpg"", ""/content/drive/MyDrive/olx_fridges_dataset/images/fridge_21fbf40d8d/4.jpg"", ""/content/drive/MyDrive/olx_fridges_dataset/images/fridge_21fbf40d8d/5.jpg"", ""/content/drive/MyDrive/olx_fridges_dataset/images/fridge_21fbf40d8d/6.jpg"", ""/content/drive/MyDrive/olx_fridges_dataset/images/fridge_21fbf40d8d/7.jpg"", ""/content/drive/MyDrive/olx_fridges_dataset/images/fridge_21fbf40d8d/8.jpg"", ""/content/drive/MyDrive/olx_fridges_dataset/images/fridge_21fbf40d8d/9.jpg"", ""/content/drive/MyDrive/olx_fridges_dataset/images/fridge_21fbf40d8d/10.jpg"", ""/content/drive/MyDrive/olx_fridges_dataset/images/fridge_21fbf40d8d/11.jpg"", ""/content/drive/MyDrive/olx_fridges_dataset/images/fridge_21fbf40d8d/12.jpg"", ""/content/drive/MyDrive/olx_fridges_dataset/images/fridge_21fbf40d8d/13.jpg"", ""/content/drive/MyDrive/olx_fridges_dataset/images/fridge_21fbf40d8d/14.jpg"", ""/content/drive/MyDrive/olx_fridges_dataset/images/fridge_21fbf40d8d/15.jpg"", ""/content/drive/MyDrive/olx_fridges_dataset/images/fridge_21fbf40d8d/16.jpg""]",16,2025-12-08 06:06:05.942344
fridge_4df6b36964,https://www.olx.in/item/fridges-c1617-fridge-and-washing-machine-on-rent-at-reasonable-price-in-whitefields-hyderabad-iid-1800540163,Fridge And Washing Machine On Rent At Reasonable Price,We Provide Fridge and Washing Machine On Rent Hire Single Door And Double Door Refrigerators available Semi Automatic And Fully Automatic Top Load And Front Load Washing Machines Available Microwave Oven Available Immediate Service Feel free to contact us Door Delivery Facility Available - Fridges,500,"[""/content/drive/MyDrive/olx_fridges_dataset/images/fridge_4df6b36964/1.jpg"", ""/content/drive/MyDrive/olx_fridges_dataset/images/fridge_4df6b36964/2.jpg"", ""/content/drive/MyDrive/olx_fridges_dataset/images/fridge_4df6b36964/3.jpg"", ""/content/drive/MyDrive/olx_fridges_dataset/images/fridge_4df6b36964/4.jpg"", ""/content/drive/MyDrive/olx_fridges_dataset/images/fridge_4df6b36964/5.jpg"", ""/content/drive/MyDrive/olx_fridges_dataset/images/fridge_4df6b36964/6.jpg"", ""/content/drive/MyDrive/olx_fridges_dataset/images/fridge_4df6b36964/7.jpg"", ""/content/drive/MyDrive/olx_fridges_dataset/images/fridge_4df6b36964/8.jpg"", ""/content/drive/MyDrive/olx_fridges_dataset/images/fridge_4df6b36964/9.jpg"", ""/content/drive/MyDrive/olx_fridges_dataset/images/fridge_4df6b36964/10.jpg"", ""/content/drive/MyDrive/olx_fridges_dataset/images/fridge_4df6b36964/11.jpg"", ""/content/drive/MyDrive/olx_fridges_dataset/images/fridge_4df6b36964/12.jpg"", ""/content/drive/MyDrive/olx_fridges_dataset/images/fridge_4df6b36964/13.jpg"", ""/content/drive/MyDrive/olx_fridges_dataset/images/fridge_4df6b36964/14.jpg""]",14,2025-12-08 06:06:13.640681
fridge_4e7497f5e7,https://www.olx.in/item/fridges-c1617-345-ltrs-frost-free-double-door-samsung-refrigerator-in-park-circus-kolkata-iid-1828628404,345 Ltrs frost free double door Samsung Refrigerator,345 Ltrs frost free double door Samsung Refrigerator in perfect working condition - Fridges,16000,"[""/content/drive/MyDrive/olx_fridges_dataset/images/fridge_4e7497f5e7/1.jpg"", ""/content/drive/MyDrive/olx_fridges_dataset/images/fridge_4e7497f5e7/2.jpg"", ""/content/drive/MyDrive/olx_fridges_dataset/images/fridge_4e7497f5e7/3.jpg"", ""/content/drive/MyDrive/olx_fridges_dataset/images/fridge_4e7497f5e7/4.jpg"", ""/content/drive/MyDrive/olx_fridges_dataset/images/fridge_4e7497f5e7/5.jpg"", ""/content/drive/MyDrive/olx_fridges_dataset/images/fridge_4e7497f5e7/6.jpg"", ""/content/drive/MyDrive/olx_fridges_dataset/images/fridge_4e7497f5e7/7.jpg"", ""/content/drive/MyDrive/olx_fridges_dataset/images/fridge_4e7497f5e7/8.jpg"", ""/content/drive/MyDrive/olx_fridges_dataset/images/fridge_4e7497f5e7/9.jpg"", ""/content/drive/MyDrive/olx_fridges_dataset/images/fridge_4e7497f5e7/10.jpg"", ""/content/drive/MyDrive/olx_fridges_dataset/images/fridge_4e7497f5e7/11.jpg"", ""/content/drive/MyDrive/olx_fridges_dataset/images/fridge_4e7497f5e7/12.jpg"", ""/content/drive/MyDrive/olx_fridges_dataset/images/fridge_4e7497f5e7/13.jpg"", ""/content/drive/MyDrive/olx_fridges_dataset/images/fridge_4e7497f5e7/14.jpg""]",14,2025-12-08 06:06:20.755309
fridge_8b83221d0d,https://www.olx.in/item/fridges-c1617-lg-side-by-side-dispenser-model-glass-door-in-sunkadakatte-bengaluru-iid-1828284644,LG side by side dispenser model glass door,Excellent working condition With warranty - Fridges,42000,"[""/content/drive/MyDrive/olx_fridges_dataset/images/fridge_8b83221d0d/1.jpg"", ""/content/drive/MyDrive/olx_fridges_dataset/images/fridge_8b83221d0d/2.jpg"", ""/content/drive/MyDrive/olx_fridges_dataset/images/fridge_8b83221d0d/3.jpg"", ""/content/drive/MyDrive/olx_fridges_dataset/images/fridge_8b83221d0d/4.jpg"", ""/content/drive/MyDrive/olx_fridges_dataset/images/fridge_8b83221d0d/5.jpg"", ""/content/drive/MyDrive/olx_fridges_dataset/images/fridge_8b83221d0d/6.jpg"", ""/content/drive/MyDrive/olx_fridges_dataset/images/fridge_8b83221d0d/7.jpg"", ""/content/drive/MyDrive/olx_fridges_dataset/images/fridge_8b83221d0d/8.jpg"", ""/content/drive/MyDrive/olx_fridges_dataset/images/fridge_8b83221d0d/9.jpg"", ""/content/drive/MyDrive/olx_fridges_dataset/images/fridge_8b83221d0d/10.jpg"", ""/content/drive/MyDrive/olx_fridges_dataset/images/fridge_8b83221d0d/11.jpg"", ""/content/drive/MyDrive/olx_fridges_dataset/images/fridge_8b83221d0d/12.jpg"", ""/content/drive/MyDrive/olx_fridges_dataset/images/fridge_8b83221d0d/13.jpg"", ""/content/drive/MyDrive/olx_fridges_dataset/images/fridge_8b83221d0d/14.jpg""]",14,2025-12-08 06:06:28.637839
fridge_c4657e6412,https://www.olx.in/item/fridges-c1617-samsung-top-load-washing-machine-in-yelahanka-bengaluru-iid-1822584313,Samsung top load washing machine,"> Visit our website for more options: www .yourchoiz. in Flat ₹500 OFF + Cash on Delivery Use code: NAMMAYOURCHOIZ at www .yourchoiz. in Refurbished Appliances at Best Price – Quality You Can Trust! Looking for affordable home appliances without compromising on quality? Our refurbished refrigerators and washing machines are carefully inspected, fully tested, and restored to perfect working condition by experts. Why Choose Us? Fully tested and repaired if needed Professionally cleaned and sanitized Minor cosmetic marks possible, but 100% functional Environment-friendly and budget-friendly Available Products: Single Door Refrigerator – Starting at just ₹4,999 Double Door Refrigerator – Starting at ₹6,999 Top Load Washing Machine – Starting at ₹4,999 Front Load Washing Machine – Starting at ₹6,999 Warranty: 1 Year Warranty on Motor and Compressor Free delivery available in Bangalore Visit us today and give your home a smart upgrade at a smart price! - Fridges",500,"[""/content/drive/MyDrive/olx_fridges_dataset/images/fridge_c4657e6412/1.jpg"", ""/content/drive/MyDrive/olx_fridges_dataset/images/fridge_c4657e6412/2.jpg"", ""/content/drive/MyDrive/olx_fridges_dataset/images/fridge_c4657e6412/3.jpg"", ""/content/drive/MyDrive/olx_fridges_dataset/images/fridge_c4657e6412/4.jpg"", ""/content/drive/MyDrive/olx_fridges_dataset/images/fridge_c4657e6412/5.jpg"", ""/content/drive/MyDrive/olx_fridges_dataset/images/fridge_c4657e6412/6.jpg"", ""/content/drive/MyDrive/olx_fridges_dataset/images/fridge_c4657e6412/7.jpg"", ""/content/drive/MyDrive/olx_fridges_dataset/images/fridge_c4657e6412/8.jpg"", ""/content/drive/MyDrive/olx_fridges_dataset/images/fridge_c4657e6412/9.jpg"", ""/content/drive/MyDrive/olx_fridges_dataset/images/fridge_c4657e6412/10.jpg"", ""/content/drive/MyDrive/olx_fridges_dataset/images/fridge_c4657e6412/11.jpg"", ""/content/drive/MyDrive/olx_fridges_dataset/images/fridge_c4657e6412/12.jpg"", ""/content/drive/MyDrive/olx_fridges_dataset/images/fridge_c4657e6412/13.jpg"", ""/content/drive/MyDrive/olx_fridges_dataset/images/fridge_c4657e6412/14.jpg""]",14,2025-12-08 06:06:43.510455
fridge_e863b76a10,https://www.olx.in/item/fridges-c1617-double-door-fridge-good-condition-2-year4-months-warranty-in-kollur-base-shahpur-iid-1828629585,Double door fridge good condition 2 year4 months warranty,I am refrige displayed fridge - Fridges,18000,"[""/content/drive/MyDrive/olx_fridges_dataset/images/fridge_e863b76a10/1.jpg"", ""/content/drive/MyDrive/olx_fridges_dataset/images/fridge_e863b76a10/2.jpg"", ""/content/drive/MyDrive/olx_fridges_dataset/images/fridge_e863b76a10/3.jpg"", ""/content/drive/MyDrive/olx_fridges_dataset/images/fridge_e863b76a10/4.jpg"", ""/content/drive/MyDrive/olx_fridges_dataset/images/fridge_e863b76a10/5.jpg"", ""/content/drive/MyDrive/olx_fridges_dataset/images/fridge_e863b76a10/6.jpg"", ""/content/drive/MyDrive/olx_fridges_dataset/images/fridge_e863b76a10/7.jpg"", ""/content/drive/MyDrive/olx_fridges_dataset/images/fridge_e863b76a10/8.jpg"", ""/content/drive/MyDrive/olx_fridges_dataset/images/fridge_e863b76a10/9.jpg"", ""/content/drive/MyDrive/olx_fridges_dataset/images/fridge_e863b76a10/10.jpg"", ""/content/drive/MyDrive/olx_fridges_dataset/images/fridge_e863b76a10/11.jpg"", ""/content/drive/MyDrive/olx_fridges_dataset/images/fridge_e863b76a10/12.jpg"", ""/content/drive/MyDrive/olx_fridges_dataset/images/fridge_e863b76a10/13.jpg"", ""/content/drive/MyDrive/olx_fridges_dataset/images/fridge_e863b76a10/14.jpg""]",14,2025-12-08 06:06:51.979744
fridge_266b692d33,https://www.olx.in/item/fridges-c1617-affordable-refurbished-single-door-refrigerator-best-condition-in-jp-nagar-bengaluru-iid-1826940370,Affordable refurbished single door refrigerator best condition,"> Visit our website for more options: www .yourchoiz. in Flat ₹500 OFF + Cash on Delivery Use code: NAMMAYOURCHOIZ at www .yourchoiz. in Refurbished Appliances at Best Price – Quality You Can Trust! Looking for affordable home appliances without compromising on quality? Our refurbished refrigerators and washing machines are carefully inspected, fully tested, and restored to perfect working condition by experts. Why Choose Us? Fully tested and repaired if needed Professionally cleaned and sanitized Minor cosmetic marks possible, but 100% functional Environment-friendly and budget-friendly Available Products: Single Door Refrigerator – Starting at just ₹4,999 Double Door Refrigerator – Starting at ₹6,999 Top Load Washing Machine – Starting at ₹4,999 Front Load Washing Machine – Starting at ₹6,999 Warranty: 1 Year Warranty on Motor and Compressor Free delivery available in Bangalore Visit us today and give your home a smart upgrade at a smart price! - Fridges",500,"[""/content/drive/MyDrive/olx_fridges_dataset/images/fridge_266b692d33/1.jpg"", ""/content/drive/MyDrive/olx_fridges_dataset/images/fridge_266b692d33/2.jpg"", ""/content/drive/MyDrive/olx_fridges_dataset/images/fridge_266b692d33/3.jpg"", ""/content/drive/MyDrive/olx_fridges_dataset/images/fridge_266b692d33/4.jpg"", ""/content/drive/MyDrive/olx_fridges_dataset/images/fridge_266b692d33/5.jpg"", ""/content/drive/MyDrive/olx_fridges_dataset/images/fridge_266b692d33/6.jpg"", ""/content/drive/MyDrive/olx_fridges_dataset/images/fridge_266b692d33/7.jpg"", ""/content/drive/MyDrive/olx_fridges_dataset/images/fridge_266b692d33/8.jpg"", ""/content/drive/MyDrive/olx_fridges_dataset/images/fridge_266b692d33/9.jpg"", ""/content/drive/MyDrive/olx_fridges_dataset/images/fridge_266b692d33/10.jpg"", ""/content/drive/MyDrive/olx_fridges_dataset/images/fridge_266b692d33/11.jpg"", ""/content/drive/MyDrive/olx_fridges_dataset/images/fridge_266b692d33/12.jpg"", ""/content/drive/MyDrive/olx_fridges_dataset/images/fridge_266b692d33/13.jpg"", ""/content/drive/MyDrive/olx_fridges_dataset/images/fridge_266b692d33/14.jpg""]",14,2025-12-08 06:07:00.436308
fridge_d97bff9b9f,https://www.olx.in/item/fridges-c1617-money-problem-in-sirjabad-suzabad-iid-1819392994,Money problem,6month old only new condition - Fridges,8000,"[""/content/drive/MyDrive/olx_fridges_dataset/images/fridge_d97bff9b9f/1.jpg"", ""/content/drive/MyDrive/olx_fridges_dataset/images/fridge_d97bff9b9f/2.jpg"", ""/content/drive/MyDrive/olx_fridges_dataset/images/fridge_d97bff9b9f/3.jpg"", ""/content/drive/MyDrive/olx_fridges_dataset/images/fridge_d97bff9b9f/4.jpg"", ""/content/drive/MyDrive/olx_fridges_dataset/images/fridge_d97bff9b9f/5.jpg"", ""/content/drive/MyDrive/olx_fridges_dataset/images/fridge_d97bff9b9f/6.jpg"", ""/content/drive/MyDrive/olx_fridges_dataset/images/fridge_d97bff9b9f/7.jpg"", ""/content/drive/MyDrive/olx_fridges_dataset/images/fridge_d97bff9b9f/8.jpg"", ""/content/drive/MyDrive/olx_fridges_dataset/images/fridge_d97bff9b9f/9.jpg"", ""/content/drive/MyDrive/olx_fridges_dataset/images/fridge_d97bff9b9f/10.jpg"", ""/content/drive/MyDrive/olx_fridges_dataset/images/fridge_d97bff9b9f/11.jpg"", ""/content/drive/MyDrive/olx_fridges_dataset/images/fridge_d97bff9b9f/12.jpg"", ""/content/drive/MyDrive/olx_fridges_dataset/images/fridge_d97bff9b9f/13.jpg"", ""/content/drive/MyDrive/olx_fridges_dataset/images/fridge_d97bff9b9f/14.jpg""]",14,2025-12-08 06:07:08.257383
fridge_8da048de68,https://www.olx.in/item/fridges-c1617-lg-freezer-in-hiremath-layout-bengaluru-iid-1826450742,LG Freezer,Double Decker LG Freezer selling - Fridges,15000,"[""/content/drive/MyDrive/olx_fridges_dataset/images/fridge_8da048de68/1.jpg"", ""/content/drive/MyDrive/olx_fridges_dataset/images/fridge_8da048de68/2.jpg"", ""/content/drive/MyDrive/olx_fridges_dataset/images/fridge_8da048de68/3.jpg"", ""/content/drive/MyDrive/olx_fridges_dataset/images/fridge_8da048de68/4.jpg"", ""/content/drive/MyDrive/olx_fridges_dataset/images/fridge_8da048de68/5.jpg"", ""/content/drive/MyDrive/olx_fridges_dataset/images/fridge_8da048de68/6.jpg"", ""/content/drive/MyDrive/olx_fridges_dataset/images/fridge_8da048de68/7.jpg"", ""/content/drive/MyDrive/olx_fridges_dataset/images/fridge_8da048de68/8.jpg"", ""/content/drive/MyDrive/olx_fridges_dataset/images/fridge_8da048de68/9.jpg"", ""/content/drive/MyDrive/olx_fridges_dataset/images/fridge_8da048de68/10.jpg"", ""/content/drive/MyDrive/olx_fridges_dataset/images/fridge_8da048de68/11.jpg"", ""/content/drive/MyDrive/olx_fridges_dataset/images/fridge_8da048de68/12.jpg"", ""/content/drive/MyDrive/olx_fridges_dataset/images/fridge_8da048de68/13.jpg"", ""/content/drive/MyDrive/olx_fridges_dataset/images/fridge_8da048de68/14.jpg""]",14,2025-12-08 06:07:16.664514
fridge_0526969aea,https://www.olx.in/item/fridges-c1617-ac-fridge-washing-machine-repair-and-service-in-minjur-chennai-iid-1828628758,AC fridge washing machine repair and service,"We are dealing AC fridge washing machine repair and service,shop located at minjur, north Chennai location Manali, Ennore, ponneri, Gummidipoondi, these are doing repair and service with expertise technician.any AC fridge washing machine repair contact me. - Fridges",750,"[""/content/drive/MyDrive/olx_fridges_dataset/images/fridge_0526969aea/1.jpg"", ""/content/drive/MyDrive/olx_fridges_dataset/images/fridge_0526969aea/2.jpg"", ""/content/drive/MyDrive/olx_fridges_dataset/images/fridge_0526969aea/3.jpg"", ""/content/drive/MyDrive/olx_fridges_dataset/images/fridge_0526969aea/4.jpg"", ""/content/drive/MyDrive/olx_fridges_dataset/images/fridge_0526969aea/5.jpg"", ""/content/drive/MyDrive/olx_fridges_dataset/images/fridge_0526969aea/6.jpg"", ""/content/drive/MyDrive/olx_fridges_dataset/images/fridge_0526969aea/7.jpg"", ""/content/drive/MyDrive/olx_fridges_dataset/images/fridge_0526969aea/8.jpg"", ""/content/drive/MyDrive/olx_fridges_dataset/images/fridge_0526969aea/9.jpg"", ""/content/drive/MyDrive/olx_fridges_dataset/images/fridge_0526969aea/10.jpg"", ""/content/drive/MyDrive/olx_fridges_dataset/images/fridge_0526969aea/11.jpg"", ""/content/drive/MyDrive/olx_fridges_dataset/images/fridge_0526969aea/12.jpg"", ""/content/drive/MyDrive/olx_fridges_dataset/images/fridge_0526969aea/13.jpg"", ""/content/drive/MyDrive/olx_fridges_dataset/images/fridge_0526969aea/14.jpg""]",14,2025-12-08 06:07:25.005141
fridge_e35e238acc,https://www.olx.in/item/fridges-c1617-5-year-warranty-fridge-washing-machine-ac-free-delivery-in-cotton-green-mumbai-iid-1826448948,5 YEAR WARRANTY FRIDGE WASHING MACHINE AC FREE DELIVERY,"@@ WE ARE FROM AIR COOL CENTER . OUR SHOP CAN PROVIDE HARDLY USED APPLIANCES @@ ## BEST 5 YEAR WARRANTY WITH FRIDGES/ WASHING MACHINE DELIVERY FREE AND TECHNICIAN SERVICE TO ALL MUMBAI , THANE , NAVI MUMBAI ## ** WE CAN PROVIDE APPLIANCES LIKE :- ** '' 1) FRIDGES { SINGAL DOOR , DOUBLE DOOR AND BIG SIZE DOUBLE DOOR AVAILABLE ALSO SIDE BY SIDE AVAILABLE } '' '' 2)WASHING MACHINE { FULLY AUTOMATIC } '' '' 3)AC {SPLIT AC AND WINDOW AC } '' ** BEST PRICES OF APPLIANCES LIKE:- ** @ 1) FRIDGE :- i) singal door :- 6500 /- TO 7500/- ii) double door :- 8500/- TO 35000/- @ @ 2) WASHING MACHINE :- i)fully automatic :- 6500/- TO 15500/- @ @ 3) WINDOW AC :- i) 1 ton window ac :- 10500 /- {brand :- lg , samsung } ii) 1.5 ton window ac :- 13500/- {brand :- lg , samsung} @ @ 4) SPLIT AC :- i) 1 ton split ac :- 13500/- TO 15500/- ii) 1.5 ton split ac :- 15500/- TO 18500/- @@ JUST 2.5 YEAR USED APPLIANCE @@ *** NOTE :- *** 1) 5 year warranty on compressor of fridge and motor of washing machine 2) Delivery free all Mumbai/ Thane / Navi Mumbai. 3) Inlet /Outlet pipes free with washing machine . 4) Also available on Rent basis :- i) Rs.500/-per month for washing machine single door fridge ii) Rs.700/-per month for double door fridge[below 280 lit fridge] iii) Rs.800/-per month for 1 ton window Ac iv) Rs.1000/- per month for 1.5 ton window Ac 5) 50% cash back facility too. $ for more details call us and same number for whatsapp information $ *Air cool center* More details Shop no. 4 Yadav colony, Near orange tree school, Opposite trans apartment, Mahakali caves road, Andheri East, Mumbai 400093. Land mark :- Satya sai baba dharmkshetra & School Shop time:- 10 am to 10 pm All day open - Fridges",500,"[""/content/drive/MyDrive/olx_fridges_dataset/images/fridge_e35e238acc/1.jpg"", ""/content/drive/MyDrive/olx_fridges_dataset/images/fridge_e35e238acc/2.jpg"", ""/content/drive/MyDrive/olx_fridges_dataset/images/fridge_e35e238acc/3.jpg"", ""/content/drive/MyDrive/olx_fridges_dataset/images/fridge_e35e238acc/4.jpg"", ""/content/drive/MyDrive/olx_fridges_dataset/images/fridge_e35e238acc/5.jpg"", ""/content/drive/MyDrive/olx_fridges_dataset/images/fridge_e35e238acc/6.jpg"", ""/content/drive/MyDrive/olx_fridges_dataset/images/fridge_e35e238acc/7.jpg"", ""/content/drive/MyDrive/olx_fridges_dataset/images/fridge_e35e238acc/8.jpg"", ""/content/drive/MyDrive/olx_fridges_dataset/images/fridge_e35e238acc/9.jpg"", ""/content/drive/MyDrive/olx_fridges_dataset/images/fridge_e35e238acc/10.jpg"", ""/content/drive/MyDrive/olx_fridges_dataset/images/fridge_e35e238acc/11.jpg"", ""/content/drive/MyDrive/olx_fridges_dataset/images/fridge_e35e238acc/12.jpg"", ""/content/drive/MyDrive/olx_fridges_dataset/images/fridge_e35e238acc/13.jpg"", ""/content/drive/MyDrive/olx_fridges_dataset/images/fridge_e35e238acc/14.jpg""]",14,2025-12-08 06:07:42.061507
fridge_3bb605459e,https://www.olx.in/item/fridges-c1617-freeze-samsung-in-town-planners-colony-porvorim-iid-1828629067,Freeze  samsung,Freeze samsung - Fridges,8000,"[""/content/drive/MyDrive/olx_fridges_dataset/images/fridge_3bb605459e/1.jpg"", ""/content/drive/MyDrive/olx_fridges_dataset/images/fridge_3bb605459e/2.jpg"", ""/content/drive/MyDrive/olx_fridges_dataset/images/fridge_3bb605459e/3.jpg"", ""/content/drive/MyDrive/olx_fridges_dataset/images/fridge_3bb605459e/4.jpg"", ""/content/drive/MyDrive/olx_fridges_dataset/images/fridge_3bb605459e/5.jpg"", ""/content/drive/MyDrive/olx_fridges_dataset/images/fridge_3bb605459e/6.jpg"", ""/content/drive/MyDrive/olx_fridges_dataset/images/fridge_3bb605459e/7.jpg"", ""/content/drive/MyDrive/olx_fridges_dataset/images/fridge_3bb605459e/8.jpg"", ""/content/drive/MyDrive/olx_fridges_dataset/images/fridge_3bb605459e/9.jpg"", ""/content/drive/MyDrive/olx_fridges_dataset/images/fridge_3bb605459e/10.jpg"", ""/content/drive/MyDrive/olx_fridges_dataset/images/fridge_3bb605459e/11.jpg"", ""/content/drive/MyDrive/olx_fridges_dataset/images/fridge_3bb605459e/12.jpg"", ""/content/drive/MyDrive/olx_fridges_dataset/images/fridge_3bb605459e/13.jpg"", ""/content/drive/MyDrive/olx_fridges_dataset/images/fridge_3bb605459e/14.jpg""]",14,2025-12-08 06:07:56.199048
fridge_cade003209,https://www.olx.in/item/fridges-c1617-whirlpool-190l-in-mukkadipeta-hindupur-iid-1827812380,Whirlpool 190L,Whirlpool 190L refrigerator with good working condition selling because we are planning to buy new one - Fridges,6000,"[""/content/drive/MyDrive/olx_fridges_dataset/images/fridge_cade003209/1.jpg"", ""/content/drive/MyDrive/olx_fridges_dataset/images/fridge_cade003209/2.jpg"", ""/content/drive/MyDrive/olx_fridges_dataset/images/fridge_cade003209/3.jpg"", ""/content/drive/MyDrive/olx_fridges_dataset/images/fridge_cade003209/4.jpg"", ""/content/drive/MyDrive/olx_fridges_dataset/images/fridge_cade003209/5.jpg"", ""/content/drive/MyDrive/olx_fridges_dataset/images/fridge_cade003209/6.jpg"", ""/content/drive/MyDrive/olx_fridges_dataset/images/fridge_cade003209/7.jpg"", ""/content/drive/MyDrive/olx_fridges_dataset/images/fridge_cade003209/8.jpg"", ""/content/drive/MyDrive/olx_fridges_dataset/images/fridge_cade003209/9.jpg"", ""/content/drive/MyDrive/olx_fridges_dataset/images/fridge_cade003209/10.jpg"", ""/content/drive/MyDrive/olx_fridges_dataset/images/fridge_cade003209/11.jpg"", ""/content/drive/MyDrive/olx_fridges_dataset/images/fridge_cade003209/12.jpg"", ""/content/drive/MyDrive/olx_fridges_dataset/images/fridge_cade003209/13.jpg"", ""/content/drive/MyDrive/olx_fridges_dataset/images/fridge_cade003209/14.jpg""]",14,2025-12-08 06:08:04.740456
fridge_7dcdb34902,https://www.olx.in/item/fridges-c1617-vertical-ss-deep-freezer-price-is-also-negotiable-in-chala-vapi-iid-1826268259,Vertical ss deep freezer      Price is also negotiable,Price is also negotiable New Vertical ss deep freezer •1 month used only •Full SS body 304 •Digital temperature controller •8 to -10 temperature capacity •led light for display •(L×W×H)inch = (30×30×87)inch - Fridges,40000,"[""/content/drive/MyDrive/olx_fridges_dataset/images/fridge_7dcdb34902/1.jpg"", ""/content/drive/MyDrive/olx_fridges_dataset/images/fridge_7dcdb34902/2.jpg"", ""/content/drive/MyDrive/olx_fridges_dataset/images/fridge_7dcdb34902/3.jpg"", ""/content/drive/MyDrive/olx_fridges_dataset/images/fridge_7dcdb34902/4.jpg"", ""/content/drive/MyDrive/olx_fridges_dataset/images/fridge_7dcdb34902/5.jpg"", ""/content/drive/MyDrive/olx_fridges_dataset/images/fridge_7dcdb34902/6.jpg"", ""/content/drive/MyDrive/olx_fridges_dataset/images/fridge_7dcdb34902/7.jpg"", ""/content/drive/MyDrive/olx_fridges_dataset/images/fridge_7dcdb34902/8.jpg"", ""/content/drive/MyDrive/olx_fridges_dataset/images/fridge_7dcdb34902/9.jpg"", ""/content/drive/MyDrive/olx_fridges_dataset/images/fridge_7dcdb34902/10.jpg"", ""/content/drive/MyDrive/olx_fridges_dataset/images/fridge_7dcdb34902/11.jpg"", ""/content/drive/MyDrive/olx_fridges_dataset/images/fridge_7dcdb34902/12.jpg"", ""/content/drive/MyDrive/olx_fridges_dataset/images/fridge_7dcdb34902/13.jpg"", ""/content/drive/MyDrive/olx_fridges_dataset/images/fridge_7dcdb34902/14.jpg""]",14,2025-12-08 06:08:13.177065
fridge_37f0e53832,https://www.olx.in/item/fridges-c1617-foot-massager-in-pisoli-pune-iid-1828627815,Foot Massager,Kansaya thali - Fridges,18000,"[""/content/drive/MyDrive/olx_fridges_dataset/images/fridge_37f0e53832/1.jpg"", ""/content/drive/MyDrive/olx_fridges_dataset/images/fridge_37f0e53832/2.jpg"", ""/content/drive/MyDrive/olx_fridges_dataset/images/fridge_37f0e53832/3.jpg"", ""/content/drive/MyDrive/olx_fridges_dataset/images/fridge_37f0e53832/4.jpg"", ""/content/drive/MyDrive/olx_fridges_dataset/images/fridge_37f0e53832/5.jpg"", ""/content/drive/MyDrive/olx_fridges_dataset/images/fridge_37f0e53832/6.jpg"", ""/content/drive/MyDrive/olx_fridges_dataset/images/fridge_37f0e53832/7.jpg"", ""/content/drive/MyDrive/olx_fridges_dataset/images/fridge_37f0e53832/8.jpg"", ""/content/drive/MyDrive/olx_fridges_dataset/images/fridge_37f0e53832/9.jpg"", ""/content/drive/MyDrive/olx_fridges_dataset/images/fridge_37f0e53832/10.jpg"", ""/content/drive/MyDrive/olx_fridges_dataset/images/fridge_37f0e53832/11.jpg"", ""/content/drive/MyDrive/olx_fridges_dataset/images/fridge_37f0e53832/12.jpg"", ""/content/drive/MyDrive/olx_fridges_dataset/images/fridge_37f0e53832/13.jpg"", ""/content/drive/MyDrive/olx_fridges_dataset/images/fridge_37f0e53832/14.jpg""]",14,2025-12-08 06:08:23.335694
fridge_f42dbca9ba,https://www.olx.in/item/fridges-c1617-whirlpool-fridge-1-in-naihati-kolkata-iid-1822645941,Whirlpool fridge 1,"192 litre, Vitamagic pro, dFrost free - Fridges",16000,"[""/content/drive/MyDrive/olx_fridges_dataset/images/fridge_f42dbca9ba/1.jpg"", ""/content/drive/MyDrive/olx_fridges_dataset/images/fridge_f42dbca9ba/2.jpg"", ""/content/drive/MyDrive/olx_fridges_dataset/images/fridge_f42dbca9ba/3.jpg"", ""/content/drive/MyDrive/olx_fridges_dataset/images/fridge_f42dbca9ba/4.jpg"", ""/content/drive/MyDrive/olx_fridges_dataset/images/fridge_f42dbca9ba/5.jpg"", ""/content/drive/MyDrive/olx_fridges_dataset/images/fridge_f42dbca9ba/6.jpg"", ""/content/drive/MyDrive/olx_fridges_dataset/images/fridge_f42dbca9ba/7.jpg"", ""/content/drive/MyDrive/olx_fridges_dataset/images/fridge_f42dbca9ba/8.jpg"", ""/content/drive/MyDrive/olx_fridges_dataset/images/fridge_f42dbca9ba/9.jpg"", ""/content/drive/MyDrive/olx_fridges_dataset/images/fridge_f42dbca9ba/10.jpg"", ""/content/drive/MyDrive/olx_fridges_dataset/images/fridge_f42dbca9ba/11.jpg"", ""/content/drive/MyDrive/olx_fridges_dataset/images/fridge_f42dbca9ba/12.jpg"", ""/content/drive/MyDrive/olx_fridges_dataset/images/fridge_f42dbca9ba/13.jpg"", ""/content/drive/MyDrive/olx_fridges_dataset/images/fridge_f42dbca9ba/14.jpg""]",14,2025-12-08 06:08:30.751810
fridge_f2758f20b0,https://www.olx.in/item/fridges-c1617-samsang-400-liters-fridge-in-kundanpally-hyderabad-iid-1821178285,Samsang 400 liters fridge,Good condition 2017 model 4 yres warrantry also available... Urgent sale - Fridges,18000,"[""/content/drive/MyDrive/olx_fridges_dataset/images/fridge_f2758f20b0/1.jpg"", ""/content/drive/MyDrive/olx_fridges_dataset/images/fridge_f2758f20b0/2.jpg"", ""/content/drive/MyDrive/olx_fridges_dataset/images/fridge_f2758f20b0/3.jpg"", ""/content/drive/MyDrive/olx_fridges_dataset/images/fridge_f2758f20b0/4.jpg"", ""/content/drive/MyDrive/olx_fridges_dataset/images/fridge_f2758f20b0/5.jpg"", ""/content/drive/MyDrive/olx_fridges_dataset/images/fridge_f2758f20b0/6.jpg"", ""/content/drive/MyDrive/olx_fridges_dataset/images/fridge_f2758f20b0/7.jpg"", ""/content/drive/MyDrive/olx_fridges_dataset/images/fridge_f2758f20b0/8.jpg"", ""/content/drive/MyDrive/olx_fridges_dataset/images/fridge_f2758f20b0/9.jpg"", ""/content/drive/MyDrive/olx_fridges_dataset/images/fridge_f2758f20b0/10.jpg"", ""/content/drive/MyDrive/olx_fridges_dataset/images/fridge_f2758f20b0/11.jpg"", ""/content/drive/MyDrive/olx_fridges_dataset/images/fridge_f2758f20b0/12.jpg"", ""/content/drive/MyDrive/olx_fridges_dataset/images/fridge_f2758f20b0/13.jpg"", ""/content/drive/MyDrive/olx_fridges_dataset/images/fridge_f2758f20b0/14.jpg""]",14,2025-12-08 06:08:39.108727
fridge_4fe317cdbd,https://www.olx.in/item/fridges-c1617-whirlpool-single-door-refrigerator-in-shanti-nagar-bengaluru-iid-1822584294,Whirlpool single door refrigerator,"> Visit our website for more options: www .yourchoiz. in Flat ₹500 OFF + Cash on Delivery Use code: NAMMAYOURCHOIZ at www .yourchoiz. in Refurbished Appliances at Best Price – Quality You Can Trust! Looking for affordable home appliances without compromising on quality? Our refurbished refrigerators and washing machines are carefully inspected, fully tested, and restored to perfect working condition by experts. Why Choose Us? Fully tested and repaired if needed Professionally cleaned and sanitized Minor cosmetic marks possible, but 100% functional Environment-friendly and budget-friendly Available Products: Single Door Refrigerator – Starting at just ₹4,999 Double Door Refrigerator – Starting at ₹6,999 Top Load Washing Machine – Starting at ₹4,999 Front Load Washing Machine – Starting at ₹6,999 Warranty: 1 Year Warranty on Motor and Compressor Free delivery available in Bangalore Visit us today and give your home a smart upgrade at a smart price! - Fridges",500,"[""/content/drive/MyDrive/olx_fridges_dataset/images/fridge_4fe317cdbd/1.jpg"", ""/content/drive/MyDrive/olx_fridges_dataset/images/fridge_4fe317cdbd/2.jpg"", ""/content/drive/MyDrive/olx_fridges_dataset/images/fridge_4fe317cdbd/3.jpg"", ""/content/drive/MyDrive/olx_fridges_dataset/images/fridge_4fe317cdbd/4.jpg"", ""/content/drive/MyDrive/olx_fridges_dataset/images/fridge_4fe317cdbd/5.jpg"", ""/content/drive/MyDrive/olx_fridges_dataset/images/fridge_4fe317cdbd/6.jpg"", ""/content/drive/MyDrive/olx_fridges_dataset/images/fridge_4fe317cdbd/7.jpg"", ""/content/drive/MyDrive/olx_fridges_dataset/images/fridge_4fe317cdbd/8.jpg"", ""/content/drive/MyDrive/olx_fridges_dataset/images/fridge_4fe317cdbd/9.jpg"", ""/content/drive/MyDrive/olx_fridges_dataset/images/fridge_4fe317cdbd/10.jpg"", ""/content/drive/MyDrive/olx_fridges_dataset/images/fridge_4fe317cdbd/11.jpg"", ""/content/drive/MyDrive/olx_fridges_dataset/images/fridge_4fe317cdbd/12.jpg"", ""/content/drive/MyDrive/olx_fridges_dataset/images/fridge_4fe317cdbd/13.jpg"", ""/content/drive/MyDrive/olx_fridges_dataset/images/fridge_4fe317cdbd/14.jpg""]",14,2025-12-08 06:08:48.308130
fridge_d1b34bd0c1,https://www.olx.in/item/fridges-c1617-refrigerator-3-door-in-madurdaha-kolkata-iid-1826399577,Refrigerator 3 Door,Whirlpool Proton Top Selling 300 Litre 3 Door - Fridges,8500,"[""/content/drive/MyDrive/olx_fridges_dataset/images/fridge_d1b34bd0c1/1.jpg"", ""/content/drive/MyDrive/olx_fridges_dataset/images/fridge_d1b34bd0c1/2.jpg"", ""/content/drive/MyDrive/olx_fridges_dataset/images/fridge_d1b34bd0c1/3.jpg"", ""/content/drive/MyDrive/olx_fridges_dataset/images/fridge_d1b34bd0c1/4.jpg"", ""/content/drive/MyDrive/olx_fridges_dataset/images/fridge_d1b34bd0c1/5.jpg"", ""/content/drive/MyDrive/olx_fridges_dataset/images/fridge_d1b34bd0c1/6.jpg"", ""/content/drive/MyDrive/olx_fridges_dataset/images/fridge_d1b34bd0c1/7.jpg"", ""/content/drive/MyDrive/olx_fridges_dataset/images/fridge_d1b34bd0c1/8.jpg"", ""/content/drive/MyDrive/olx_fridges_dataset/images/fridge_d1b34bd0c1/9.jpg"", ""/content/drive/MyDrive/olx_fridges_dataset/images/fridge_d1b34bd0c1/10.jpg"", ""/content/drive/MyDrive/olx_fridges_dataset/images/fridge_d1b34bd0c1/11.jpg"", ""/content/drive/MyDrive/olx_fridges_dataset/images/fridge_d1b34bd0c1/12.jpg"", ""/content/drive/MyDrive/olx_fridges_dataset/images/fridge_d1b34bd0c1/13.jpg"", ""/content/drive/MyDrive/olx_fridges_dataset/images/fridge_d1b34bd0c1/14.jpg""]",14,2025-12-08 06:08:59.182463
fridge_ad9d15fd73,https://www.olx.in/item/fridges-c1617-onida-top-load-washing-machine-in-rajanukunte-bengaluru-iid-1822584327,Onida top load washing machine,"> Visit our website for more options: www .yourchoiz. in Flat ₹500 OFF + Cash on Delivery Use code: NAMMAYOURCHOIZ at www .yourchoiz. in Refurbished Appliances at Best Price – Quality You Can Trust! Looking for affordable home appliances without compromising on quality? Our refurbished refrigerators and washing machines are carefully inspected, fully tested, and restored to perfect working condition by experts. Why Choose Us? Fully tested and repaired if needed Professionally cleaned and sanitized Minor cosmetic marks possible, but 100% functional Environment-friendly and budget-friendly Available Products: Single Door Refrigerator – Starting at just ₹4,999 Double Door Refrigerator – Starting at ₹6,999 Top Load Washing Machine – Starting at ₹4,999 Front Load Washing Machine – Starting at ₹6,999 Warranty: 1 Year Warranty on Motor and Compressor Free delivery available in Bangalore Visit us today and give your home a smart upgrade at a smart price! - Fridges",500,"[""/content/drive/MyDrive/olx_fridges_dataset/images/fridge_ad9d15fd73/1.jpg"", ""/content/drive/MyDrive/olx_fridges_dataset/images/fridge_ad9d15fd73/2.jpg"", ""/content/drive/MyDrive/olx_fridges_dataset/images/fridge_ad9d15fd73/3.jpg"", ""/content/drive/MyDrive/olx_fridges_dataset/images/fridge_ad9d15fd73/4.jpg"", ""/content/drive/MyDrive/olx_fridges_dataset/images/fridge_ad9d15fd73/5.jpg"", ""/content/drive/MyDrive/olx_fridges_dataset/images/fridge_ad9d15fd73/6.jpg"", ""/content/drive/MyDrive/olx_fridges_dataset/images/fridge_ad9d15fd73/7.jpg"", ""/content/drive/MyDrive/olx_fridges_dataset/images/fridge_ad9d15fd73/8.jpg"", ""/content/drive/MyDrive/olx_fridges_dataset/images/fridge_ad9d15fd73/9.jpg"", ""/content/drive/MyDrive/olx_fridges_dataset/images/fridge_ad9d15fd73/10.jpg"", ""/content/drive/MyDrive/olx_fridges_dataset/images/fridge_ad9d15fd73/11.jpg"", ""/content/drive/MyDrive/olx_fridges_dataset/images/fridge_ad9d15fd73/12.jpg"", ""/content/drive/MyDrive/olx_fridges_dataset/images/fridge_ad9d15fd73/13.jpg"", ""/content/drive/MyDrive/olx_fridges_dataset/images/fridge_ad9d15fd73/14.jpg""]",14,2025-12-08 06:09:09.136877
fridge_4e1b85f528,https://www.olx.in/item/fridges-c1617-whirlpool-top-load-washing-machine-in-vasanth-nagar-bengaluru-iid-1822584269,Whirlpool top load washing machine,"> Visit our website for more options: www .yourchoiz. in Flat ₹500 OFF + Cash on Delivery Use code: NAMMAYOURCHOIZ at www .yourchoiz. in Refurbished Appliances at Best Price – Quality You Can Trust! Looking for affordable home appliances without compromising on quality? Our refurbished refrigerators and washing machines are carefully inspected, fully tested, and restored to perfect working condition by experts. Why Choose Us? Fully tested and repaired if needed Professionally cleaned and sanitized Minor cosmetic marks possible, but 100% functional Environment-friendly and budget-friendly Available Products: Single Door Refrigerator – Starting at just ₹4,999 Double Door Refrigerator – Starting at ₹6,999 Top Load Washing Machine – Starting at ₹4,999 Front Load Washing Machine – Starting at ₹6,999 Warranty: 1 Year Warranty on Motor and Compressor Free delivery available in Bangalore Visit us today and give your home a smart upgrade at a smart price! - Fridges",500,"[""/content/drive/MyDrive/olx_fridges_dataset/images/fridge_4e1b85f528/1.jpg"", ""/content/drive/MyDrive/olx_fridges_dataset/images/fridge_4e1b85f528/2.jpg"", ""/content/drive/MyDrive/olx_fridges_dataset/images/fridge_4e1b85f528/3.jpg"", ""/content/drive/MyDrive/olx_fridges_dataset/images/fridge_4e1b85f528/4.jpg"", ""/content/drive/MyDrive/olx_fridges_dataset/images/fridge_4e1b85f528/5.jpg"", ""/content/drive/MyDrive/olx_fridges_dataset/images/fridge_4e1b85f528/6.jpg"", ""/content/drive/MyDrive/olx_fridges_dataset/images/fridge_4e1b85f528/7.jpg"", ""/content/drive/MyDrive/olx_fridges_dataset/images/fridge_4e1b85f528/8.jpg"", ""/content/drive/MyDrive/olx_fridges_dataset/images/fridge_4e1b85f528/9.jpg"", ""/content/drive/MyDrive/olx_fridges_dataset/images/fridge_4e1b85f528/10.jpg"", ""/content/drive/MyDrive/olx_fridges_dataset/images/fridge_4e1b85f528/11.jpg"", ""/content/drive/MyDrive/olx_fridges_dataset/images/fridge_4e1b85f528/12.jpg"", ""/content/drive/MyDrive/olx_fridges_dataset/images/fridge_4e1b85f528/13.jpg"", ""/content/drive/MyDrive/olx_fridges_dataset/images/fridge_4e1b85f528/14.jpg""]",14,2025-12-08 06:09:19.168319
fridge_1c1bb70765,https://www.olx.in/item/fridges-c1617-godrej-4-yrs-old-360-ltrs-for-sale-in-avadi-chennai-iid-1828630000,Godrej 4 yrs old 360 Ltrs for sale,"Godrej 360 Ltrs fridge only 4 yrs old very good conditiin, need to gas filling compressor under warrenty. Now working but low cooling. - Fridges",5000,"[""/content/drive/MyDrive/olx_fridges_dataset/images/fridge_1c1bb70765/1.jpg"", ""/content/drive/MyDrive/olx_fridges_dataset/images/fridge_1c1bb70765/2.jpg"", ""/content/drive/MyDrive/olx_fridges_dataset/images/fridge_1c1bb70765/3.jpg"", ""/content/drive/MyDrive/olx_fridges_dataset/images/fridge_1c1bb70765/4.jpg"", ""/content/drive/MyDrive/olx_fridges_dataset/images/fridge_1c1bb70765/5.jpg"", ""/content/drive/MyDrive/olx_fridges_dataset/images/fridge_1c1bb70765/6.jpg"", ""/content/drive/MyDrive/olx_fridges_dataset/images/fridge_1c1bb70765/7.jpg"", ""/content/drive/MyDrive/olx_fridges_dataset/images/fridge_1c1bb70765/8.jpg"", ""/content/drive/MyDrive/olx_fridges_dataset/images/fridge_1c1bb70765/9.jpg"", ""/content/drive/MyDrive/olx_fridges_dataset/images/fridge_1c1bb70765/10.jpg"", ""/content/drive/MyDrive/olx_fridges_dataset/images/fridge_1c1bb70765/11.jpg"", ""/content/drive/MyDrive/olx_fridges_dataset/images/fridge_1c1bb70765/12.jpg"", ""/content/drive/MyDrive/olx_fridges_dataset/images/fridge_1c1bb70765/13.jpg"", ""/content/drive/MyDrive/olx_fridges_dataset/images/fridge_1c1bb70765/14.jpg""]",14,2025-12-08 06:09:27.525815
fridge_40b1e8988a,https://www.olx.in/item/fridges-c1617-lg-smart-fridge-double-door-450-litre-in-shiddharth-nagar-nagpur-iid-1827276177,LG smart fridge double door 450 litre,On condition - Fridges,15000,"[""/content/drive/MyDrive/olx_fridges_dataset/images/fridge_40b1e8988a/1.jpg"", ""/content/drive/MyDrive/olx_fridges_dataset/images/fridge_40b1e8988a/2.jpg"", ""/content/drive/MyDrive/olx_fridges_dataset/images/fridge_40b1e8988a/3.jpg"", ""/content/drive/MyDrive/olx_fridges_dataset/images/fridge_40b1e8988a/4.jpg"", ""/content/drive/MyDrive/olx_fridges_dataset/images/fridge_40b1e8988a/5.jpg"", ""/content/drive/MyDrive/olx_fridges_dataset/images/fridge_40b1e8988a/6.jpg"", ""/content/drive/MyDrive/olx_fridges_dataset/images/fridge_40b1e8988a/7.jpg"", ""/content/drive/MyDrive/olx_fridges_dataset/images/fridge_40b1e8988a/8.jpg"", ""/content/drive/MyDrive/olx_fridges_dataset/images/fridge_40b1e8988a/9.jpg"", ""/content/drive/MyDrive/olx_fridges_dataset/images/fridge_40b1e8988a/10.jpg"", ""/content/drive/MyDrive/olx_fridges_dataset/images/fridge_40b1e8988a/11.jpg"", ""/content/drive/MyDrive/olx_fridges_dataset/images/fridge_40b1e8988a/12.jpg"", ""/content/drive/MyDrive/olx_fridges_dataset/images/fridge_40b1e8988a/13.jpg"", ""/content/drive/MyDrive/olx_fridges_dataset/images/fridge_40b1e8988a/14.jpg""]",14,2025-12-08 06:09:36.350786
fridge_ca5ca9f310,https://www.olx.in/item/fridges-c1617-lg-fridge-195litter-in-dadawadi-jalgaon-iid-1828629719,LG Fridge 195litter,Good condition - Fridges,7000,"[""/content/drive/MyDrive/olx_fridges_dataset/images/fridge_ca5ca9f310/1.jpg"", ""/content/drive/MyDrive/olx_fridges_dataset/images/fridge_ca5ca9f310/2.jpg"", ""/content/drive/MyDrive/olx_fridges_dataset/images/fridge_ca5ca9f310/3.jpg"", ""/content/drive/MyDrive/olx_fridges_dataset/images/fridge_ca5ca9f310/4.jpg"", ""/content/drive/MyDrive/olx_fridges_dataset/images/fridge_ca5ca9f310/5.jpg"", ""/content/drive/MyDrive/olx_fridges_dataset/images/fridge_ca5ca9f310/6.jpg"", ""/content/drive/MyDrive/olx_fridges_dataset/images/fridge_ca5ca9f310/7.jpg"", ""/content/drive/MyDrive/olx_fridges_dataset/images/fridge_ca5ca9f310/8.jpg"", ""/content/drive/MyDrive/olx_fridges_dataset/images/fridge_ca5ca9f310/9.jpg"", ""/content/drive/MyDrive/olx_fridges_dataset/images/fridge_ca5ca9f310/10.jpg"", ""/content/drive/MyDrive/olx_fridges_dataset/images/fridge_ca5ca9f310/11.jpg"", ""/content/drive/MyDrive/olx_fridges_dataset/images/fridge_ca5ca9f310/12.jpg"", ""/content/drive/MyDrive/olx_fridges_dataset/images/fridge_ca5ca9f310/13.jpg"", ""/content/drive/MyDrive/olx_fridges_dataset/images/fridge_ca5ca9f310/14.jpg""]",14,2025-12-08 06:09:45.798726
fridge_942eaf5c4e,https://www.olx.in/item/fridges-c1617-display-counter-display-fridge-cake-counter-in-pimple-saudagar-pune-iid-1828628625,"DISPLAY COUNTER,  DISPLAY FRIDGE , CAKE COUNTER","4 Feet DISPLAY COUNTER in working condition.. Ri8 now in use My cake shop , I wanna update with 6 feet . Any one interested call me 8️⃣4️⃣8️⃣2️⃣8️⃣2️⃣4️⃣1️⃣4️⃣1️⃣ - Fridges",50000,"[""/content/drive/MyDrive/olx_fridges_dataset/images/fridge_942eaf5c4e/1.jpg"", ""/content/drive/MyDrive/olx_fridges_dataset/images/fridge_942eaf5c4e/2.jpg"", ""/content/drive/MyDrive/olx_fridges_dataset/images/fridge_942eaf5c4e/3.jpg"", ""/content/drive/MyDrive/olx_fridges_dataset/images/fridge_942eaf5c4e/4.jpg"", ""/content/drive/MyDrive/olx_fridges_dataset/images/fridge_942eaf5c4e/5.jpg"", ""/content/drive/MyDrive/olx_fridges_dataset/images/fridge_942eaf5c4e/6.jpg"", ""/content/drive/MyDrive/olx_fridges_dataset/images/fridge_942eaf5c4e/7.jpg"", ""/content/drive/MyDrive/olx_fridges_dataset/images/fridge_942eaf5c4e/8.jpg"", ""/content/drive/MyDrive/olx_fridges_dataset/images/fridge_942eaf5c4e/9.jpg"", ""/content/drive/MyDrive/olx_fridges_dataset/images/fridge_942eaf5c4e/10.jpg"", ""/content/drive/MyDrive/olx_fridges_dataset/images/fridge_942eaf5c4e/11.jpg"", ""/content/drive/MyDrive/olx_fridges_dataset/images/fridge_942eaf5c4e/12.jpg"", ""/content/drive/MyDrive/olx_fridges_dataset/images/fridge_942eaf5c4e/13.jpg"", ""/content/drive/MyDrive/olx_fridges_dataset/images/fridge_942eaf5c4e/14.jpg""]",14,2025-12-08 06:09:55.548616
fridge_b5939974e0,https://www.olx.in/item/fridges-c1617-whirlpool-190l-fridge-2-star-in-maradu-kochi-iid-1822291261,Whirlpool 190L fridge 2 star,Selling my 4yr old fridge due to upgrade to bigger one. Completely working condition.Family used.Bought from online feb/2021. Stand will be included. - Fridges,4750,"[""/content/drive/MyDrive/olx_fridges_dataset/images/fridge_b5939974e0/1.jpg"", ""/content/drive/MyDrive/olx_fridges_dataset/images/fridge_b5939974e0/2.jpg"", ""/content/drive/MyDrive/olx_fridges_dataset/images/fridge_b5939974e0/3.jpg"", ""/content/drive/MyDrive/olx_fridges_dataset/images/fridge_b5939974e0/4.jpg"", ""/content/drive/MyDrive/olx_fridges_dataset/images/fridge_b5939974e0/5.jpg"", ""/content/drive/MyDrive/olx_fridges_dataset/images/fridge_b5939974e0/6.jpg"", ""/content/drive/MyDrive/olx_fridges_dataset/images/fridge_b5939974e0/7.jpg"", ""/content/drive/MyDrive/olx_fridges_dataset/images/fridge_b5939974e0/8.jpg"", ""/content/drive/MyDrive/olx_fridges_dataset/images/fridge_b5939974e0/9.jpg"", ""/content/drive/MyDrive/olx_fridges_dataset/images/fridge_b5939974e0/10.jpg"", ""/content/drive/MyDrive/olx_fridges_dataset/images/fridge_b5939974e0/11.jpg"", ""/content/drive/MyDrive/olx_fridges_dataset/images/fridge_b5939974e0/12.jpg"", ""/content/drive/MyDrive/olx_fridges_dataset/images/fridge_b5939974e0/13.jpg"", ""/content/drive/MyDrive/olx_fridges_dataset/images/fridge_b5939974e0/14.jpg""]",14,2025-12-08 06:10:05.354038
fridge_e3015c86ea,https://www.olx.in/item/fridges-c1617-whirlpool-single-door-fridge-in-good-condition-in-kapra-colony-faridabad-iid-1827261015,Whirlpool single door fridge in good condition,"Selling my whirlpool single door fridge in good condition, details are given below - Fridges",9000,"[""/content/drive/MyDrive/olx_fridges_dataset/images/fridge_e3015c86ea/1.jpg"", ""/content/drive/MyDrive/olx_fridges_dataset/images/fridge_e3015c86ea/2.jpg"", ""/content/drive/MyDrive/olx_fridges_dataset/images/fridge_e3015c86ea/3.jpg"", ""/content/drive/MyDrive/olx_fridges_dataset/images/fridge_e3015c86ea/4.jpg"", ""/content/drive/MyDrive/olx_fridges_dataset/images/fridge_e3015c86ea/5.jpg"", ""/content/drive/MyDrive/olx_fridges_dataset/images/fridge_e3015c86ea/6.jpg"", ""/content/drive/MyDrive/olx_fridges_dataset/images/fridge_e3015c86ea/7.jpg"", ""/content/drive/MyDrive/olx_fridges_dataset/images/fridge_e3015c86ea/8.jpg"", ""/content/drive/MyDrive/olx_fridges_dataset/images/fridge_e3015c86ea/9.jpg"", ""/content/drive/MyDrive/olx_fridges_dataset/images/fridge_e3015c86ea/10.jpg"", ""/content/drive/MyDrive/olx_fridges_dataset/images/fridge_e3015c86ea/11.jpg"", ""/content/drive/MyDrive/olx_fridges_dataset/images/fridge_e3015c86ea/12.jpg"", ""/content/drive/MyDrive/olx_fridges_dataset/images/fridge_e3015c86ea/13.jpg"", ""/content/drive/MyDrive/olx_fridges_dataset/images/fridge_e3015c86ea/14.jpg""]",14,2025-12-08 06:10:14.635303
fridge_3517c397f3,https://www.olx.in/item/fridges-c1617-samsung-183-ltr-digital-inverter-technology-refrigerator-in-poovachal-thiruvananthapuram-iid-1827274656,Samsung 183 ltr Digital inverter Technology Refrigerator,"Samsung 183 ltr Digital inverter Technology Refrigerator, Good condition,no complaints and never repaired,home use , selling due to brought new double door. Blindly you can buy and use Negotiable. - Fridges",6000,"[""/content/drive/MyDrive/olx_fridges_dataset/images/fridge_3517c397f3/1.jpg"", ""/content/drive/MyDrive/olx_fridges_dataset/images/fridge_3517c397f3/2.jpg"", ""/content/drive/MyDrive/olx_fridges_dataset/images/fridge_3517c397f3/3.jpg"", ""/content/drive/MyDrive/olx_fridges_dataset/images/fridge_3517c397f3/4.jpg"", ""/content/drive/MyDrive/olx_fridges_dataset/images/fridge_3517c397f3/5.jpg"", ""/content/drive/MyDrive/olx_fridges_dataset/images/fridge_3517c397f3/6.jpg"", ""/content/drive/MyDrive/olx_fridges_dataset/images/fridge_3517c397f3/7.jpg"", ""/content/drive/MyDrive/olx_fridges_dataset/images/fridge_3517c397f3/8.jpg"", ""/content/drive/MyDrive/olx_fridges_dataset/images/fridge_3517c397f3/9.jpg"", ""/content/drive/MyDrive/olx_fridges_dataset/images/fridge_3517c397f3/10.jpg"", ""/content/drive/MyDrive/olx_fridges_dataset/images/fridge_3517c397f3/11.jpg"", ""/content/drive/MyDrive/olx_fridges_dataset/images/fridge_3517c397f3/12.jpg"", ""/content/drive/MyDrive/olx_fridges_dataset/images/fridge_3517c397f3/13.jpg"", ""/content/drive/MyDrive/olx_fridges_dataset/images/fridge_3517c397f3/14.jpg""]",14,2025-12-08 06:10:37.991445
fridge_bbbbfda5f8,https://www.olx.in/item/fridges-c1617-3star-180-ltr-kelvinator-refrigerator-for-sale-in-rang-talab-nai-basti-kota-iid-1828628186,3star 180 ltr Kelvinator Refrigerator for sale,Very good working condition Kelvinator refrigerator for sale. - Fridges,4500,"[""/content/drive/MyDrive/olx_fridges_dataset/images/fridge_bbbbfda5f8/1.jpg"", ""/content/drive/MyDrive/olx_fridges_dataset/images/fridge_bbbbfda5f8/2.jpg"", ""/content/drive/MyDrive/olx_fridges_dataset/images/fridge_bbbbfda5f8/3.jpg"", ""/content/drive/MyDrive/olx_fridges_dataset/images/fridge_bbbbfda5f8/4.jpg"", ""/content/drive/MyDrive/olx_fridges_dataset/images/fridge_bbbbfda5f8/5.jpg"", ""/content/drive/MyDrive/olx_fridges_dataset/images/fridge_bbbbfda5f8/6.jpg"", ""/content/drive/MyDrive/olx_fridges_dataset/images/fridge_bbbbfda5f8/7.jpg"", ""/content/drive/MyDrive/olx_fridges_dataset/images/fridge_bbbbfda5f8/8.jpg"", ""/content/drive/MyDrive/olx_fridges_dataset/images/fridge_bbbbfda5f8/9.jpg"", ""/content/drive/MyDrive/olx_fridges_dataset/images/fridge_bbbbfda5f8/10.jpg"", ""/content/drive/MyDrive/olx_fridges_dataset/images/fridge_bbbbfda5f8/11.jpg"", ""/content/drive/MyDrive/olx_fridges_dataset/images/fridge_bbbbfda5f8/12.jpg"", ""/content/drive/MyDrive/olx_fridges_dataset/images/fridge_bbbbfda5f8/13.jpg"", ""/content/drive/MyDrive/olx_fridges_dataset/images/fridge_bbbbfda5f8/14.jpg""]",14,2025-12-08 06:10:45.006976
fridge_ee6a093fcf,https://www.olx.in/item/fridges-c1617-fridge-for-sale-in-ponnazhikkara-edappal-iid-1816493460,Fridge for sale,Samsung fridge family used - Fridges,4000,"[""/content/drive/MyDrive/olx_fridges_dataset/images/fridge_ee6a093fcf/1.jpg"", ""/content/drive/MyDrive/olx_fridges_dataset/images/fridge_ee6a093fcf/2.jpg"", ""/content/drive/MyDrive/olx_fridges_dataset/images/fridge_ee6a093fcf/3.jpg"", ""/content/drive/MyDrive/olx_fridges_dataset/images/fridge_ee6a093fcf/4.jpg"", ""/content/drive/MyDrive/olx_fridges_dataset/images/fridge_ee6a093fcf/5.jpg"", ""/content/drive/MyDrive/olx_fridges_dataset/images/fridge_ee6a093fcf/6.jpg"", ""/content/drive/MyDrive/olx_fridges_dataset/images/fridge_ee6a093fcf/7.jpg"", ""/content/drive/MyDrive/olx_fridges_dataset/images/fridge_ee6a093fcf/8.jpg"", ""/content/drive/MyDrive/olx_fridges_dataset/images/fridge_ee6a093fcf/9.jpg"", ""/content/drive/MyDrive/olx_fridges_dataset/images/fridge_ee6a093fcf/10.jpg"", ""/content/drive/MyDrive/olx_fridges_dataset/images/fridge_ee6a093fcf/11.jpg"", ""/content/drive/MyDrive/olx_fridges_dataset/images/fridge_ee6a093fcf/12.jpg"", ""/content/drive/MyDrive/olx_fridges_dataset/images/fridge_ee6a093fcf/13.jpg"", ""/content/drive/MyDrive/olx_fridges_dataset/images/fridge_ee6a093fcf/14.jpg""]",14,2025-12-08 06:10:53.938755
fridge_1d6d10641d,https://www.olx.in/item/fridges-c1617-urgent-sell-in-sugnu-ranchi-iid-1828629266,Urgent sell,Fridge gas khatm hai - Fridges,3999,"[""/content/drive/MyDrive/olx_fridges_dataset/images/fridge_1d6d10641d/1.jpg"", ""/content/drive/MyDrive/olx_fridges_dataset/images/fridge_1d6d10641d/2.jpg"", ""/content/drive/MyDrive/olx_fridges_dataset/images/fridge_1d6d10641d/3.jpg"", ""/content/drive/MyDrive/olx_fridges_dataset/images/fridge_1d6d10641d/4.jpg"", ""/content/drive/MyDrive/olx_fridges_dataset/images/fridge_1d6d10641d/5.jpg"", ""/content/drive/MyDrive/olx_fridges_dataset/images/fridge_1d6d10641d/6.jpg"", ""/content/drive/MyDrive/olx_fridges_dataset/images/fridge_1d6d10641d/7.jpg"", ""/content/drive/MyDrive/olx_fridges_dataset/images/fridge_1d6d10641d/8.jpg"", ""/content/drive/MyDrive/olx_fridges_dataset/images/fridge_1d6d10641d/9.jpg"", ""/content/drive/MyDrive/olx_fridges_dataset/images/fridge_1d6d10641d/10.jpg"", ""/content/drive/MyDrive/olx_fridges_dataset/images/fridge_1d6d10641d/11.jpg"", ""/content/drive/MyDrive/olx_fridges_dataset/images/fridge_1d6d10641d/12.jpg"", ""/content/drive/MyDrive/olx_fridges_dataset/images/fridge_1d6d10641d/13.jpg"", ""/content/drive/MyDrive/olx_fridges_dataset/images/fridge_1d6d10641d/14.jpg""]",14,2025-12-08 06:11:01.884069
fridge_2c47f28af2,https://www.olx.in/item/fridges-c1617-samsung-double-door-fridge-230250l-working-perfectly-in-sector-15-noida-iid-1828628909,Samsung Double Door Fridge 230–250L – Working Perfectly,"Samsung Double Door Refrigerator (White Color) Condition: अच्छे से चलता है, कूलिंग बढ़िया है। कोई रिपेयर की जरूरत नहीं। Capacity: लगभग 230–250 लीटर। Usage: फैमिली यूज़ में रहा है, साफ-सुथरी कंडीशन। Features: तेज कूलिंग Freezer और Fridge दोनों अच्छे से काम करते हैं Body पर हल्के इस्तेमाल के निशान (normal wear & tear) बिजली कम खर्च करता है Selling Reason: घर बदलना है ( नया फ्रिज ले लिया है) इसलिए बेच रहा हूँ। - Fridges",6000,"[""/content/drive/MyDrive/olx_fridges_dataset/images/fridge_2c47f28af2/1.jpg"", ""/content/drive/MyDrive/olx_fridges_dataset/images/fridge_2c47f28af2/2.jpg"", ""/content/drive/MyDrive/olx_fridges_dataset/images/fridge_2c47f28af2/3.jpg"", ""/content/drive/MyDrive/olx_fridges_dataset/images/fridge_2c47f28af2/4.jpg"", ""/content/drive/MyDrive/olx_fridges_dataset/images/fridge_2c47f28af2/5.jpg"", ""/content/drive/MyDrive/olx_fridges_dataset/images/fridge_2c47f28af2/6.jpg"", ""/content/drive/MyDrive/olx_fridges_dataset/images/fridge_2c47f28af2/7.jpg"", ""/content/drive/MyDrive/olx_fridges_dataset/images/fridge_2c47f28af2/8.jpg"", ""/content/drive/MyDrive/olx_fridges_dataset/images/fridge_2c47f28af2/9.jpg"", ""/content/drive/MyDrive/olx_fridges_dataset/images/fridge_2c47f28af2/10.jpg"", ""/content/drive/MyDrive/olx_fridges_dataset/images/fridge_2c47f28af2/11.jpg"", ""/content/drive/MyDrive/olx_fridges_dataset/images/fridge_2c47f28af2/12.jpg"", ""/content/drive/MyDrive/olx_fridges_dataset/images/fridge_2c47f28af2/13.jpg"", ""/content/drive/MyDrive/olx_fridges_dataset/images/fridge_2c47f28af2/14.jpg""]",14,2025-12-08 06:11:19.867038
fridge_8b01c09031,https://www.olx.in/item/fridges-c1617-electrolux-in-vivekananda-nagar-hyderabad-iid-1828630216,Electrolux,Good workning - Fridges,5500,"[""/content/drive/MyDrive/olx_fridges_dataset/images/fridge_8b01c09031/1.jpg"", ""/content/drive/MyDrive/olx_fridges_dataset/images/fridge_8b01c09031/2.jpg"", ""/content/drive/MyDrive/olx_fridges_dataset/images/fridge_8b01c09031/3.jpg"", ""/content/drive/MyDrive/olx_fridges_dataset/images/fridge_8b01c09031/4.jpg"", ""/content/drive/MyDrive/olx_fridges_dataset/images/fridge_8b01c09031/5.jpg"", ""/content/drive/MyDrive/olx_fridges_dataset/images/fridge_8b01c09031/6.jpg"", ""/content/drive/MyDrive/olx_fridges_dataset/images/fridge_8b01c09031/7.jpg"", ""/content/drive/MyDrive/olx_fridges_dataset/images/fridge_8b01c09031/8.jpg"", ""/content/drive/MyDrive/olx_fridges_dataset/images/fridge_8b01c09031/9.jpg"", ""/content/drive/MyDrive/olx_fridges_dataset/images/fridge_8b01c09031/10.jpg"", ""/content/drive/MyDrive/olx_fridges_dataset/images/fridge_8b01c09031/11.jpg"", ""/content/drive/MyDrive/olx_fridges_dataset/images/fridge_8b01c09031/12.jpg"", ""/content/drive/MyDrive/olx_fridges_dataset/images/fridge_8b01c09031/13.jpg"", ""/content/drive/MyDrive/olx_fridges_dataset/images/fridge_8b01c09031/14.jpg""]",14,2025-12-08 06:11:30.084621
fridge_0e8fe0d5e3,https://www.olx.in/item/fridges-c1617-samsung-fridge-in-ravikunj-society-borsad-iid-1828629905,Samsung fridge,Sell my fridge nice condition - Fridges,15000,"[""/content/drive/MyDrive/olx_fridges_dataset/images/fridge_0e8fe0d5e3/1.jpg"", ""/content/drive/MyDrive/olx_fridges_dataset/images/fridge_0e8fe0d5e3/2.jpg"", ""/content/drive/MyDrive/olx_fridges_dataset/images/fridge_0e8fe0d5e3/3.jpg"", ""/content/drive/MyDrive/olx_fridges_dataset/images/fridge_0e8fe0d5e3/4.jpg"", ""/content/drive/MyDrive/olx_fridges_dataset/images/fridge_0e8fe0d5e3/5.jpg"", ""/content/drive/MyDrive/olx_fridges_dataset/images/fridge_0e8fe0d5e3/6.jpg"", ""/content/drive/MyDrive/olx_fridges_dataset/images/fridge_0e8fe0d5e3/7.jpg"", ""/content/drive/MyDrive/olx_fridges_dataset/images/fridge_0e8fe0d5e3/8.jpg"", ""/content/drive/MyDrive/olx_fridges_dataset/images/fridge_0e8fe0d5e3/9.jpg"", ""/content/drive/MyDrive/olx_fridges_dataset/images/fridge_0e8fe0d5e3/10.jpg"", ""/content/drive/MyDrive/olx_fridges_dataset/images/fridge_0e8fe0d5e3/11.jpg"", ""/content/drive/MyDrive/olx_fridges_dataset/images/fridge_0e8fe0d5e3/12.jpg"", ""/content/drive/MyDrive/olx_fridges_dataset/images/fridge_0e8fe0d5e3/13.jpg"", ""/content/drive/MyDrive/olx_fridges_dataset/images/fridge_0e8fe0d5e3/14.jpg""]",14,2025-12-08 06:11:41.188985
fridge_370431c263,https://www.olx.in/item/fridges-c1617-lg-single-door-refrigerator-best-cooling-best-price-in-kannur-bengaluru-iid-1826940487,LG single door refrigerator best cooling  best price,"> Visit our website for more options: www .yourchoiz. in Flat ₹500 OFF + Cash on Delivery Use code: NAMMAYOURCHOIZ at www .yourchoiz. in Refurbished Appliances at Best Price – Quality You Can Trust! Looking for affordable home appliances without compromising on quality? Our refurbished refrigerators and washing machines are carefully inspected, fully tested, and restored to perfect working condition by experts. Why Choose Us? Fully tested and repaired if needed Professionally cleaned and sanitized Minor cosmetic marks possible, but 100% functional Environment-friendly and budget-friendly Available Products: Single Door Refrigerator – Starting at just ₹4,999 Double Door Refrigerator – Starting at ₹6,999 Top Load Washing Machine – Starting at ₹4,999 Front Load Washing Machine – Starting at ₹6,999 Warranty: 1 Year Warranty on Motor and Compressor Free delivery available in Bangalore Visit us today and give your home a smart upgrade at a smart price! - Fridges",500,"[""/content/drive/MyDrive/olx_fridges_dataset/images/fridge_370431c263/1.jpg"", ""/content/drive/MyDrive/olx_fridges_dataset/images/fridge_370431c263/2.jpg"", ""/content/drive/MyDrive/olx_fridges_dataset/images/fridge_370431c263/3.jpg"", ""/content/drive/MyDrive/olx_fridges_dataset/images/fridge_370431c263/4.jpg"", ""/content/drive/MyDrive/olx_fridges_dataset/images/fridge_370431c263/5.jpg"", ""/content/drive/MyDrive/olx_fridges_dataset/images/fridge_370431c263/6.jpg"", ""/content/drive/MyDrive/olx_fridges_dataset/images/fridge_370431c263/7.jpg"", ""/content/drive/MyDrive/olx_fridges_dataset/images/fridge_370431c263/8.jpg"", ""/content/drive/MyDrive/olx_fridges_dataset/images/fridge_370431c263/9.jpg"", ""/content/drive/MyDrive/olx_fridges_dataset/images/fridge_370431c263/10.jpg"", ""/content/drive/MyDrive/olx_fridges_dataset/images/fridge_370431c263/11.jpg"", ""/content/drive/MyDrive/olx_fridges_dataset/images/fridge_370431c263/12.jpg"", ""/content/drive/MyDrive/olx_fridges_dataset/images/fridge_370431c263/13.jpg"", ""/content/drive/MyDrive/olx_fridges_dataset/images/fridge_370431c263/14.jpg""]",14,2025-12-08 06:11:50.437731
fridge_3b2bbeddc3,https://www.olx.in/item/fridges-c1617-samsung-single-door-refrigerator-in-kr-puram-bengaluru-iid-1822584280,Samsung single door refrigerator,"> Visit our website for more options: www .yourchoiz. in Flat ₹500 OFF + Cash on Delivery Use code: NAMMAYOURCHOIZ at www .yourchoiz. in Refurbished Appliances at Best Price – Quality You Can Trust! Looking for affordable home appliances without compromising on quality? Our refurbished refrigerators and washing machines are carefully inspected, fully tested, and restored to perfect working condition by experts. Why Choose Us? Fully tested and repaired if needed Professionally cleaned and sanitized Minor cosmetic marks possible, but 100% functional Environment-friendly and budget-friendly Available Products: Single Door Refrigerator – Starting at just ₹4,999 Double Door Refrigerator – Starting at ₹6,999 Top Load Washing Machine – Starting at ₹4,999 Front Load Washing Machine – Starting at ₹6,999 Warranty: 1 Year Warranty on Motor and Compressor Free delivery available in Bangalore Visit us today and give your home a smart upgrade at a smart price! - Fridges",500,"[""/content/drive/MyDrive/olx_fridges_dataset/images/fridge_3b2bbeddc3/1.jpg"", ""/content/drive/MyDrive/olx_fridges_dataset/images/fridge_3b2bbeddc3/2.jpg"", ""/content/drive/MyDrive/olx_fridges_dataset/images/fridge_3b2bbeddc3/3.jpg"", ""/content/drive/MyDrive/olx_fridges_dataset/images/fridge_3b2bbeddc3/4.jpg"", ""/content/drive/MyDrive/olx_fridges_dataset/images/fridge_3b2bbeddc3/5.jpg"", ""/content/drive/MyDrive/olx_fridges_dataset/images/fridge_3b2bbeddc3/6.jpg"", ""/content/drive/MyDrive/olx_fridges_dataset/images/fridge_3b2bbeddc3/7.jpg"", ""/content/drive/MyDrive/olx_fridges_dataset/images/fridge_3b2bbeddc3/8.jpg"", ""/content/drive/MyDrive/olx_fridges_dataset/images/fridge_3b2bbeddc3/9.jpg"", ""/content/drive/MyDrive/olx_fridges_dataset/images/fridge_3b2bbeddc3/10.jpg"", ""/content/drive/MyDrive/olx_fridges_dataset/images/fridge_3b2bbeddc3/11.jpg"", ""/content/drive/MyDrive/olx_fridges_dataset/images/fridge_3b2bbeddc3/12.jpg"", ""/content/drive/MyDrive/olx_fridges_dataset/images/fridge_3b2bbeddc3/13.jpg"", ""/content/drive/MyDrive/olx_fridges_dataset/images/fridge_3b2bbeddc3/14.jpg""]",14,2025-12-08 06:12:00.595478
fridge_1660d7b93e,https://www.olx.in/item/fridges-c1617-samsung-top-load-washing-machine-in-good-working-condition-in-benson-town-bengaluru-iid-1828627459,Samsung top load washing machine in good working condition,From Used to Ready to Use - the Yourchoiz way Electronics Refrigerator Price Single door starting price 4999 Double door starting price 6499 Washing Machine Price Top load fully automatic starting price 4999 Front load fully automatic starting price 6499 Every Refrigerator & Washing Machine is quality checked and thoroughly tested by Yourchoiz engineers. This Refrigerator & Washing Machine is in good condition. Warranty? 1 Year Warranty on Motor & 6 Months Free Door Step Service Delivery & installation? Free Home Delivery with Installation Accessories? Brand new inlet and outlet pipes free (Our branches) . Nagawara main road - Fridges,5999,"[""/content/drive/MyDrive/olx_fridges_dataset/images/fridge_1660d7b93e/1.jpg"", ""/content/drive/MyDrive/olx_fridges_dataset/images/fridge_1660d7b93e/2.jpg"", ""/content/drive/MyDrive/olx_fridges_dataset/images/fridge_1660d7b93e/3.jpg"", ""/content/drive/MyDrive/olx_fridges_dataset/images/fridge_1660d7b93e/4.jpg"", ""/content/drive/MyDrive/olx_fridges_dataset/images/fridge_1660d7b93e/5.jpg"", ""/content/drive/MyDrive/olx_fridges_dataset/images/fridge_1660d7b93e/6.jpg"", ""/content/drive/MyDrive/olx_fridges_dataset/images/fridge_1660d7b93e/7.jpg"", ""/content/drive/MyDrive/olx_fridges_dataset/images/fridge_1660d7b93e/8.jpg"", ""/content/drive/MyDrive/olx_fridges_dataset/images/fridge_1660d7b93e/9.jpg"", ""/content/drive/MyDrive/olx_fridges_dataset/images/fridge_1660d7b93e/10.jpg"", ""/content/drive/MyDrive/olx_fridges_dataset/images/fridge_1660d7b93e/11.jpg"", ""/content/drive/MyDrive/olx_fridges_dataset/images/fridge_1660d7b93e/12.jpg"", ""/content/drive/MyDrive/olx_fridges_dataset/images/fridge_1660d7b93e/13.jpg"", ""/content/drive/MyDrive/olx_fridges_dataset/images/fridge_1660d7b93e/14.jpg""]",14,2025-12-08 06:12:11.383788
fridge_a61cb9a728,https://www.olx.in/item/fridges-c1617-refurbished-refrigerator-in-khardarpet-tiruppur-iid-1822579722,Refurbished Refrigerator,Samsung 190 Litres 5 Star Single Door Good And Excellent Working Condition Well Maintained And Less Used Refrigerator Stabilizer Free Operation 6 Months Warranty Don't Miss It E Tech Engineering Refrigeration And Air Conditioning - Fridges,7500,"[""/content/drive/MyDrive/olx_fridges_dataset/images/fridge_a61cb9a728/1.jpg"", ""/content/drive/MyDrive/olx_fridges_dataset/images/fridge_a61cb9a728/2.jpg"", ""/content/drive/MyDrive/olx_fridges_dataset/images/fridge_a61cb9a728/3.jpg"", ""/content/drive/MyDrive/olx_fridges_dataset/images/fridge_a61cb9a728/4.jpg"", ""/content/drive/MyDrive/olx_fridges_dataset/images/fridge_a61cb9a728/5.jpg"", ""/content/drive/MyDrive/olx_fridges_dataset/images/fridge_a61cb9a728/6.jpg"", ""/content/drive/MyDrive/olx_fridges_dataset/images/fridge_a61cb9a728/7.jpg"", ""/content/drive/MyDrive/olx_fridges_dataset/images/fridge_a61cb9a728/8.jpg"", ""/content/drive/MyDrive/olx_fridges_dataset/images/fridge_a61cb9a728/9.jpg"", ""/content/drive/MyDrive/olx_fridges_dataset/images/fridge_a61cb9a728/10.jpg"", ""/content/drive/MyDrive/olx_fridges_dataset/images/fridge_a61cb9a728/11.jpg"", ""/content/drive/MyDrive/olx_fridges_dataset/images/fridge_a61cb9a728/12.jpg"", ""/content/drive/MyDrive/olx_fridges_dataset/images/fridge_a61cb9a728/13.jpg"", ""/content/drive/MyDrive/olx_fridges_dataset/images/fridge_a61cb9a728/14.jpg"", ""/content/drive/MyDrive/olx_fridges_dataset/images/fridge_a61cb9a728/15.jpg"", ""/content/drive/MyDrive/olx_fridges_dataset/images/fridge_a61cb9a728/16.jpg""]",16,2025-12-08 06:12:21.804099
fridge_828812756f,https://www.olx.in/item/fridges-c1617-carrier-1000ltr-in-shastri-nagar-thiruvananthapuram-iid-1827644136,Carrier 1000ltr,"Visi cooler, 2 year old, excellent working, rotary wheel base, LED light.. - Fridges",45000,"[""/content/drive/MyDrive/olx_fridges_dataset/images/fridge_828812756f/1.jpg"", ""/content/drive/MyDrive/olx_fridges_dataset/images/fridge_828812756f/2.jpg"", ""/content/drive/MyDrive/olx_fridges_dataset/images/fridge_828812756f/3.jpg"", ""/content/drive/MyDrive/olx_fridges_dataset/images/fridge_828812756f/4.jpg"", ""/content/drive/MyDrive/olx_fridges_dataset/images/fridge_828812756f/5.jpg"", ""/content/drive/MyDrive/olx_fridges_dataset/images/fridge_828812756f/6.jpg"", ""/content/drive/MyDrive/olx_fridges_dataset/images/fridge_828812756f/7.jpg"", ""/content/drive/MyDrive/olx_fridges_dataset/images/fridge_828812756f/8.jpg"", ""/content/drive/MyDrive/olx_fridges_dataset/images/fridge_828812756f/9.jpg"", ""/content/drive/MyDrive/olx_fridges_dataset/images/fridge_828812756f/10.jpg"", ""/content/drive/MyDrive/olx_fridges_dataset/images/fridge_828812756f/11.jpg"", ""/content/drive/MyDrive/olx_fridges_dataset/images/fridge_828812756f/12.jpg"", ""/content/drive/MyDrive/olx_fridges_dataset/images/fridge_828812756f/13.jpg"", ""/content/drive/MyDrive/olx_fridges_dataset/images/fridge_828812756f/14.jpg""]",14,2025-12-08 06:12:31.666792
fridge_1ea5d8df08,https://www.olx.in/item/fridges-c1617-godrej-compny-fridge-in-tavarekere-bengaluru-iid-1828626945,Godrej compny fridge,Fridge is good condition but some noise coming from compressor - Fridges,3500,"[""/content/drive/MyDrive/olx_fridges_dataset/images/fridge_1ea5d8df08/1.jpg"", ""/content/drive/MyDrive/olx_fridges_dataset/images/fridge_1ea5d8df08/2.jpg"", ""/content/drive/MyDrive/olx_fridges_dataset/images/fridge_1ea5d8df08/3.jpg"", ""/content/drive/MyDrive/olx_fridges_dataset/images/fridge_1ea5d8df08/4.jpg"", ""/content/drive/MyDrive/olx_fridges_dataset/images/fridge_1ea5d8df08/5.jpg"", ""/content/drive/MyDrive/olx_fridges_dataset/images/fridge_1ea5d8df08/6.jpg"", ""/content/drive/MyDrive/olx_fridges_dataset/images/fridge_1ea5d8df08/7.jpg"", ""/content/drive/MyDrive/olx_fridges_dataset/images/fridge_1ea5d8df08/8.jpg"", ""/content/drive/MyDrive/olx_fridges_dataset/images/fridge_1ea5d8df08/9.jpg"", ""/content/drive/MyDrive/olx_fridges_dataset/images/fridge_1ea5d8df08/10.jpg"", ""/content/drive/MyDrive/olx_fridges_dataset/images/fridge_1ea5d8df08/11.jpg"", ""/content/drive/MyDrive/olx_fridges_dataset/images/fridge_1ea5d8df08/12.jpg"", ""/content/drive/MyDrive/olx_fridges_dataset/images/fridge_1ea5d8df08/13.jpg"", ""/content/drive/MyDrive/olx_fridges_dataset/images/fridge_1ea5d8df08/14.jpg""]",14,2025-12-08 06:12:41.334514
fridge_931d91c758,https://www.olx.in/item/fridges-c1617-models-of-20212022202320242025-single-door-fridges-available-in-hsr-layout-sector-7-bengaluru-iid-1823302088,"Models OF  ,2021,2022,2023,2024,2025 Single door Fridges Available",(Trust Tronics Home Appliances) Our Stores located in Maratahalli & BTM layout 2nd stage Trust Tronics Provides 6month Of Free Service For All Appliances 1 Year Motor Warranty For Washing Machine 1 Year Compressor Warranty For Refrigerator 100% Certified & Quality checked Product We Make Our Products Checked By Experts Before The Time Of Delivery Buy Back Retrun Back 50%Buy Back with In 12to15 Months With Free Pick Up We Provide Brand new Free inlet Out let Pipe Free installation And Free Demo Hassle Free Same Day Free Home Delivery - Fridges,6999,"[""/content/drive/MyDrive/olx_fridges_dataset/images/fridge_931d91c758/1.jpg"", ""/content/drive/MyDrive/olx_fridges_dataset/images/fridge_931d91c758/2.jpg"", ""/content/drive/MyDrive/olx_fridges_dataset/images/fridge_931d91c758/3.jpg"", ""/content/drive/MyDrive/olx_fridges_dataset/images/fridge_931d91c758/4.jpg"", ""/content/drive/MyDrive/olx_fridges_dataset/images/fridge_931d91c758/5.jpg"", ""/content/drive/MyDrive/olx_fridges_dataset/images/fridge_931d91c758/6.jpg"", ""/content/drive/MyDrive/olx_fridges_dataset/images/fridge_931d91c758/7.jpg"", ""/content/drive/MyDrive/olx_fridges_dataset/images/fridge_931d91c758/8.jpg"", ""/content/drive/MyDrive/olx_fridges_dataset/images/fridge_931d91c758/9.jpg"", ""/content/drive/MyDrive/olx_fridges_dataset/images/fridge_931d91c758/10.jpg"", ""/content/drive/MyDrive/olx_fridges_dataset/images/fridge_931d91c758/11.jpg"", ""/content/drive/MyDrive/olx_fridges_dataset/images/fridge_931d91c758/12.jpg"", ""/content/drive/MyDrive/olx_fridges_dataset/images/fridge_931d91c758/13.jpg"", ""/content/drive/MyDrive/olx_fridges_dataset/images/fridge_931d91c758/14.jpg"", ""/content/drive/MyDrive/olx_fridges_dataset/images/fridge_931d91c758/15.jpg""]",15,2025-12-08 06:12:52.148637
fridge_afdd61eea9,https://www.olx.in/item/fridges-c1617-lg-top-load-washing-machine-in-good-working-condition-in-rt-nagar-bengaluru-iid-1828626879,LG top load washing machine in good working condition,From Used to Ready to Use - the Yourchoiz way Electronics Refrigerator Price Single door starting price 4999 Double door starting price 6499 Washing Machine Price Top load fully automatic starting price 4999 Front load fully automatic starting price 6499 Every Refrigerator & Washing Machine is quality checked and thoroughly tested by Yourchoiz engineers. This Refrigerator & Washing Machine is in good condition. Warranty? 1 Year Warranty on Motor & 6 Months Free Door Step Service Delivery & installation? Free Home Delivery with Installation Accessories? Brand new inlet and outlet pipes free (Our branches) . Nagawara main road - Fridges,5999,"[""/content/drive/MyDrive/olx_fridges_dataset/images/fridge_afdd61eea9/1.jpg"", ""/content/drive/MyDrive/olx_fridges_dataset/images/fridge_afdd61eea9/2.jpg"", ""/content/drive/MyDrive/olx_fridges_dataset/images/fridge_afdd61eea9/3.jpg"", ""/content/drive/MyDrive/olx_fridges_dataset/images/fridge_afdd61eea9/4.jpg"", ""/content/drive/MyDrive/olx_fridges_dataset/images/fridge_afdd61eea9/5.jpg"", ""/content/drive/MyDrive/olx_fridges_dataset/images/fridge_afdd61eea9/6.jpg"", ""/content/drive/MyDrive/olx_fridges_dataset/images/fridge_afdd61eea9/7.jpg"", ""/content/drive/MyDrive/olx_fridges_dataset/images/fridge_afdd61eea9/8.jpg"", ""/content/drive/MyDrive/olx_fridges_dataset/images/fridge_afdd61eea9/9.jpg"", ""/content/drive/MyDrive/olx_fridges_dataset/images/fridge_afdd61eea9/10.jpg"", ""/content/drive/MyDrive/olx_fridges_dataset/images/fridge_afdd61eea9/11.jpg"", ""/content/drive/MyDrive/olx_fridges_dataset/images/fridge_afdd61eea9/12.jpg"", ""/content/drive/MyDrive/olx_fridges_dataset/images/fridge_afdd61eea9/13.jpg"", ""/content/drive/MyDrive/olx_fridges_dataset/images/fridge_afdd61eea9/14.jpg""]",14,2025-12-08 06:13:04.114816
fridge_4e59fabcbb,https://www.olx.in/item/fridges-c1617-warranty-on-5-years-refrigerator-delivery-free-available-in-old-panvel-navi-mumbai-iid-1792029994,= WARRANTY ON 5 YEAR'S = REFRIGERATOR= DELIVERY FREE AVAILABLE,"= = WELL CONDITION SINGLE DOOR FRIDGE AVAILABLE == WELL CONDITION DOUBLE DOOR FRIDGE AVAILABLE = = WELL CONDITION FULLY AUTOMATIC WASHING MACHINE AVAILABLE FAST DELIVERY AVAILABLE FAST SERVICE AVAILABLE BRAND= LG, SAMSUNG, GOOD SECOND HAND JUST USED APPLIANCES #* WE CAN PROVIDE APPLIANCES LIKE :- ** '' 1) FRIDGES { SINGAL DOOR , DOUBLE DOOR AND BIG SIZE DOUBLE DOOR AVAILABLE ALSO SIDE BY SIDE AVAILABLE } '' '' 2)WASHING MACHINE { FULLY AUTOMATIC } '' ** BEST PRICES OF APPLIANCES LIKE:- ** @ 1) FRIDGE :- i) singal door :- 6500 /- TO 8500/- ii) double door :- 8500/- TO 35000/- @ [ CAPACITY : 180 LITER ,190 LITER SINGLE DOOR FRIDGE ] [ CAPACITY : 250 LITER TO 600 LITER DOUBLE DOOR FRIDGE ] @ 2) WASHING MACHINE :- i)fully automatic :- 6500/- TO 12500/- @ CAPACITY : [ 6 KG TO 8 KG ] WASHING MACHINE @ 3) WINDOW AC :- i) 1 ton window ac :- 10500 /- {brand :- lg , samsung } ii) 1.5 ton window ac :- 14500/- {brand :- lg , samsung} @ @ 4) SPLIT AC :- i) 1 ton split ac :- 13500/- TO 16500/- ii) 1.5 ton split ac :- 15500/- TO 18500/- @@ JUST 2.5 YEAR USED APPLIANCE @@ *** NOTE :- *** 1) 5 year warranty on compressor of fridge and motor of washing machine. =] ONE ¥€ARS COMPRESSOR WARRANTY ON AC 3) Delivery free all Mumbai/ Thane / Navi Mumbai. 4) Inlet /Outlet pipes free with washing machine . 5) Also available on Rent basis :- = [ SELLING PRICE IS DEPOSIT ] = =[ MINIMUM DURATION OF SIX MONTHS LOCK ]= i) Rs.800/-per month for washing machine single door fridge ii) Rs.1000/-per month for double door fridge[below 280 lit fridge] iii) Rs.900/-per month for 1 ton window Ac iv) Rs.1000/- per month for 1.5 ton window Ac AIR COOL CENTER Shop no. 4 Yadav colony, Near orange tree school, Opposite trans apartment, Mahakali caves road, Andheri East, Mumbai 400093. LAND MARK :- Shri Sathya Sai Baba dharmakshetra & school Contact :- aman Shop time:- 10 am to 10 pm All day open - Fridges",800,"[""/content/drive/MyDrive/olx_fridges_dataset/images/fridge_4e59fabcbb/1.jpg"", ""/content/drive/MyDrive/olx_fridges_dataset/images/fridge_4e59fabcbb/2.jpg"", ""/content/drive/MyDrive/olx_fridges_dataset/images/fridge_4e59fabcbb/3.jpg"", ""/content/drive/MyDrive/olx_fridges_dataset/images/fridge_4e59fabcbb/4.jpg"", ""/content/drive/MyDrive/olx_fridges_dataset/images/fridge_4e59fabcbb/5.jpg"", ""/content/drive/MyDrive/olx_fridges_dataset/images/fridge_4e59fabcbb/6.jpg"", ""/content/drive/MyDrive/olx_fridges_dataset/images/fridge_4e59fabcbb/7.jpg"", ""/content/drive/MyDrive/olx_fridges_dataset/images/fridge_4e59fabcbb/8.jpg"", ""/content/drive/MyDrive/olx_fridges_dataset/images/fridge_4e59fabcbb/9.jpg"", ""/content/drive/MyDrive/olx_fridges_dataset/images/fridge_4e59fabcbb/10.jpg"", ""/content/drive/MyDrive/olx_fridges_dataset/images/fridge_4e59fabcbb/11.jpg"", ""/content/drive/MyDrive/olx_fridges_dataset/images/fridge_4e59fabcbb/12.jpg"", ""/content/drive/MyDrive/olx_fridges_dataset/images/fridge_4e59fabcbb/13.jpg"", ""/content/drive/MyDrive/olx_fridges_dataset/images/fridge_4e59fabcbb/14.jpg""]",14,2025-12-08 06:13:11.752439
fridge_2bcdb2c2b1,https://www.olx.in/item/fridges-c1617-whirlpool-top-washing-machine-in-good-working-condition-in-peenya-bengaluru-iid-1828626712,Whirlpool top washing machine in good working condition,From Used to Ready to Use - the Yourchoiz way Electronics Refrigerator Price Single door starting price 4999 Double door starting price 6499 Washing Machine Price Top load fully automatic starting price 4999 Front load fully automatic starting price 6499 Every Refrigerator & Washing Machine is quality checked and thoroughly tested by Yourchoiz engineers. This Refrigerator & Washing Machine is in good condition. Warranty? 1 Year Warranty on Motor & 6 Months Free Door Step Service Delivery & installation? Free Home Delivery with Installation Accessories? Brand new inlet and outlet pipes free (Our branches) . Nagawara main road - Fridges,5999,"[""/content/drive/MyDrive/olx_fridges_dataset/images/fridge_2bcdb2c2b1/1.jpg"", ""/content/drive/MyDrive/olx_fridges_dataset/images/fridge_2bcdb2c2b1/2.jpg"", ""/content/drive/MyDrive/olx_fridges_dataset/images/fridge_2bcdb2c2b1/3.jpg"", ""/content/drive/MyDrive/olx_fridges_dataset/images/fridge_2bcdb2c2b1/4.jpg"", ""/content/drive/MyDrive/olx_fridges_dataset/images/fridge_2bcdb2c2b1/5.jpg"", ""/content/drive/MyDrive/olx_fridges_dataset/images/fridge_2bcdb2c2b1/6.jpg"", ""/content/drive/MyDrive/olx_fridges_dataset/images/fridge_2bcdb2c2b1/7.jpg"", ""/content/drive/MyDrive/olx_fridges_dataset/images/fridge_2bcdb2c2b1/8.jpg"", ""/content/drive/MyDrive/olx_fridges_dataset/images/fridge_2bcdb2c2b1/9.jpg"", ""/content/drive/MyDrive/olx_fridges_dataset/images/fridge_2bcdb2c2b1/10.jpg"", ""/content/drive/MyDrive/olx_fridges_dataset/images/fridge_2bcdb2c2b1/11.jpg"", ""/content/drive/MyDrive/olx_fridges_dataset/images/fridge_2bcdb2c2b1/12.jpg"", ""/content/drive/MyDrive/olx_fridges_dataset/images/fridge_2bcdb2c2b1/13.jpg"", ""/content/drive/MyDrive/olx_fridges_dataset/images/fridge_2bcdb2c2b1/14.jpg""]",14,2025-12-08 06:13:21.036029
fridge_12143e4d99,https://www.olx.in/item/fridges-c1617-fridge-godrej-185-ltr-in-dwarka-sector-10-delhi-iid-1826675878,Fridge Godrej 185 ltr.,"I want to sale my fridge with working condition, it's 2021 june buying date and just fridgeer doar lock is broken little bit but overall it's in Skech less... Mahroon colour. Only interested buyer msg me please no time pass. I have already buy another fridge so it's just extra with me and I have space problem. - Fridges",7500,"[""/content/drive/MyDrive/olx_fridges_dataset/images/fridge_12143e4d99/1.jpg"", ""/content/drive/MyDrive/olx_fridges_dataset/images/fridge_12143e4d99/2.jpg"", ""/content/drive/MyDrive/olx_fridges_dataset/images/fridge_12143e4d99/3.jpg"", ""/content/drive/MyDrive/olx_fridges_dataset/images/fridge_12143e4d99/4.jpg"", ""/content/drive/MyDrive/olx_fridges_dataset/images/fridge_12143e4d99/5.jpg"", ""/content/drive/MyDrive/olx_fridges_dataset/images/fridge_12143e4d99/6.jpg"", ""/content/drive/MyDrive/olx_fridges_dataset/images/fridge_12143e4d99/7.jpg"", ""/content/drive/MyDrive/olx_fridges_dataset/images/fridge_12143e4d99/8.jpg"", ""/content/drive/MyDrive/olx_fridges_dataset/images/fridge_12143e4d99/9.jpg"", ""/content/drive/MyDrive/olx_fridges_dataset/images/fridge_12143e4d99/10.jpg"", ""/content/drive/MyDrive/olx_fridges_dataset/images/fridge_12143e4d99/11.jpg"", ""/content/drive/MyDrive/olx_fridges_dataset/images/fridge_12143e4d99/12.jpg"", ""/content/drive/MyDrive/olx_fridges_dataset/images/fridge_12143e4d99/13.jpg"", ""/content/drive/MyDrive/olx_fridges_dataset/images/fridge_12143e4d99/14.jpg""]",14,2025-12-08 06:13:34.446757
fridge_ef608f2fd9,https://www.olx.in/item/fridges-c1617-refrigerator-in-mohammad-wadi-pune-iid-1828413080,Refrigerator,Samsung double door fridge for sale - Fridges,7000,"[""/content/drive/MyDrive/olx_fridges_dataset/images/fridge_ef608f2fd9/1.jpg"", ""/content/drive/MyDrive/olx_fridges_dataset/images/fridge_ef608f2fd9/2.jpg"", ""/content/drive/MyDrive/olx_fridges_dataset/images/fridge_ef608f2fd9/3.jpg"", ""/content/drive/MyDrive/olx_fridges_dataset/images/fridge_ef608f2fd9/4.jpg"", ""/content/drive/MyDrive/olx_fridges_dataset/images/fridge_ef608f2fd9/5.jpg"", ""/content/drive/MyDrive/olx_fridges_dataset/images/fridge_ef608f2fd9/6.jpg"", ""/content/drive/MyDrive/olx_fridges_dataset/images/fridge_ef608f2fd9/7.jpg"", ""/content/drive/MyDrive/olx_fridges_dataset/images/fridge_ef608f2fd9/8.jpg"", ""/content/drive/MyDrive/olx_fridges_dataset/images/fridge_ef608f2fd9/9.jpg"", ""/content/drive/MyDrive/olx_fridges_dataset/images/fridge_ef608f2fd9/10.jpg"", ""/content/drive/MyDrive/olx_fridges_dataset/images/fridge_ef608f2fd9/11.jpg"", ""/content/drive/MyDrive/olx_fridges_dataset/images/fridge_ef608f2fd9/12.jpg"", ""/content/drive/MyDrive/olx_fridges_dataset/images/fridge_ef608f2fd9/13.jpg"", ""/content/drive/MyDrive/olx_fridges_dataset/images/fridge_ef608f2fd9/14.jpg""]",14,2025-12-08 06:13:44.552410
fridge_d0d5aafce6,https://www.olx.in/item/fridges-c1617-croma-fridge-in-bellandur-bengaluru-iid-1828220771,Croma fridge,Good quality there is no problem in this refrigerator . I am leaving this city so i have to sell otherwise this is good no problem in this refrigerator - Fridges,7000,"[""/content/drive/MyDrive/olx_fridges_dataset/images/fridge_d0d5aafce6/1.jpg"", ""/content/drive/MyDrive/olx_fridges_dataset/images/fridge_d0d5aafce6/2.jpg"", ""/content/drive/MyDrive/olx_fridges_dataset/images/fridge_d0d5aafce6/3.jpg"", ""/content/drive/MyDrive/olx_fridges_dataset/images/fridge_d0d5aafce6/4.jpg"", ""/content/drive/MyDrive/olx_fridges_dataset/images/fridge_d0d5aafce6/5.jpg"", ""/content/drive/MyDrive/olx_fridges_dataset/images/fridge_d0d5aafce6/6.jpg"", ""/content/drive/MyDrive/olx_fridges_dataset/images/fridge_d0d5aafce6/7.jpg"", ""/content/drive/MyDrive/olx_fridges_dataset/images/fridge_d0d5aafce6/8.jpg"", ""/content/drive/MyDrive/olx_fridges_dataset/images/fridge_d0d5aafce6/9.jpg"", ""/content/drive/MyDrive/olx_fridges_dataset/images/fridge_d0d5aafce6/10.jpg"", ""/content/drive/MyDrive/olx_fridges_dataset/images/fridge_d0d5aafce6/11.jpg"", ""/content/drive/MyDrive/olx_fridges_dataset/images/fridge_d0d5aafce6/12.jpg"", ""/content/drive/MyDrive/olx_fridges_dataset/images/fridge_d0d5aafce6/13.jpg"", ""/content/drive/MyDrive/olx_fridges_dataset/images/fridge_d0d5aafce6/14.jpg""]",14,2025-12-08 06:13:55.795905
fridge_8038847565,https://www.olx.in/item/fridges-c1617-water-dispenser-new-voltas-hot-cold-normal-3-in-1-with-fridge-model-in-murad-nagar-hyderabad-iid-1812145451,Water dispenser  new voltas hot cold normal 3 in 1 with fridge model,Water dispenser Brand new voltas hot cold normal 3 in 1 with fridge model - Fridges,7000,"[""/content/drive/MyDrive/olx_fridges_dataset/images/fridge_8038847565/1.jpg"", ""/content/drive/MyDrive/olx_fridges_dataset/images/fridge_8038847565/2.jpg"", ""/content/drive/MyDrive/olx_fridges_dataset/images/fridge_8038847565/3.jpg"", ""/content/drive/MyDrive/olx_fridges_dataset/images/fridge_8038847565/4.jpg"", ""/content/drive/MyDrive/olx_fridges_dataset/images/fridge_8038847565/5.jpg"", ""/content/drive/MyDrive/olx_fridges_dataset/images/fridge_8038847565/6.jpg"", ""/content/drive/MyDrive/olx_fridges_dataset/images/fridge_8038847565/7.jpg"", ""/content/drive/MyDrive/olx_fridges_dataset/images/fridge_8038847565/8.jpg"", ""/content/drive/MyDrive/olx_fridges_dataset/images/fridge_8038847565/9.jpg"", ""/content/drive/MyDrive/olx_fridges_dataset/images/fridge_8038847565/10.jpg"", ""/content/drive/MyDrive/olx_fridges_dataset/images/fridge_8038847565/11.jpg"", ""/content/drive/MyDrive/olx_fridges_dataset/images/fridge_8038847565/12.jpg"", ""/content/drive/MyDrive/olx_fridges_dataset/images/fridge_8038847565/13.jpg"", ""/content/drive/MyDrive/olx_fridges_dataset/images/fridge_8038847565/14.jpg""]",14,2025-12-08 06:14:05.268166
fridge_1d4f3b6fbd,https://www.olx.in/item/fridges-c1617-fridge-and-washing-machine-on-rent-in-bhumkar-chowk-road-pune-iid-1828626765,FRIDGE AND WASHING MACHINE ON RENT,TOP LOAD FULLY AUTOMATIC WASHING MACHINE AVAILABLE FOR RENT... COMBO 900 1499 REFUNDABLE DEPOSIT 499 PER MONTH RENT 06 MONTH LOCKIN PERIOT MENTANENCE FREE INSTALLATION FREE PICKUP FREE - Fridges,449,"[""/content/drive/MyDrive/olx_fridges_dataset/images/fridge_1d4f3b6fbd/1.jpg"", ""/content/drive/MyDrive/olx_fridges_dataset/images/fridge_1d4f3b6fbd/2.jpg"", ""/content/drive/MyDrive/olx_fridges_dataset/images/fridge_1d4f3b6fbd/3.jpg"", ""/content/drive/MyDrive/olx_fridges_dataset/images/fridge_1d4f3b6fbd/4.jpg"", ""/content/drive/MyDrive/olx_fridges_dataset/images/fridge_1d4f3b6fbd/5.jpg"", ""/content/drive/MyDrive/olx_fridges_dataset/images/fridge_1d4f3b6fbd/6.jpg"", ""/content/drive/MyDrive/olx_fridges_dataset/images/fridge_1d4f3b6fbd/7.jpg"", ""/content/drive/MyDrive/olx_fridges_dataset/images/fridge_1d4f3b6fbd/8.jpg"", ""/content/drive/MyDrive/olx_fridges_dataset/images/fridge_1d4f3b6fbd/9.jpg"", ""/content/drive/MyDrive/olx_fridges_dataset/images/fridge_1d4f3b6fbd/10.jpg"", ""/content/drive/MyDrive/olx_fridges_dataset/images/fridge_1d4f3b6fbd/11.jpg"", ""/content/drive/MyDrive/olx_fridges_dataset/images/fridge_1d4f3b6fbd/12.jpg"", ""/content/drive/MyDrive/olx_fridges_dataset/images/fridge_1d4f3b6fbd/13.jpg"", ""/content/drive/MyDrive/olx_fridges_dataset/images/fridge_1d4f3b6fbd/14.jpg""]",14,2025-12-08 06:14:14.868959
fridge_361b9f6c33,https://www.olx.in/item/fridges-c1617-samsung-fridge-236litres-in-singasandra-bengaluru-iid-1828627182,Samsung Fridge 236Litres,Samsung Fridge 236 Litre in brand new condition. 1.5 years old. No scratches. Everything is perfect selling due to reallocation reasons. - Fridges,17000,"[""/content/drive/MyDrive/olx_fridges_dataset/images/fridge_361b9f6c33/1.jpg"", ""/content/drive/MyDrive/olx_fridges_dataset/images/fridge_361b9f6c33/2.jpg"", ""/content/drive/MyDrive/olx_fridges_dataset/images/fridge_361b9f6c33/3.jpg"", ""/content/drive/MyDrive/olx_fridges_dataset/images/fridge_361b9f6c33/4.jpg"", ""/content/drive/MyDrive/olx_fridges_dataset/images/fridge_361b9f6c33/5.jpg"", ""/content/drive/MyDrive/olx_fridges_dataset/images/fridge_361b9f6c33/6.jpg"", ""/content/drive/MyDrive/olx_fridges_dataset/images/fridge_361b9f6c33/7.jpg"", ""/content/drive/MyDrive/olx_fridges_dataset/images/fridge_361b9f6c33/8.jpg"", ""/content/drive/MyDrive/olx_fridges_dataset/images/fridge_361b9f6c33/9.jpg"", ""/content/drive/MyDrive/olx_fridges_dataset/images/fridge_361b9f6c33/10.jpg"", ""/content/drive/MyDrive/olx_fridges_dataset/images/fridge_361b9f6c33/11.jpg"", ""/content/drive/MyDrive/olx_fridges_dataset/images/fridge_361b9f6c33/12.jpg"", ""/content/drive/MyDrive/olx_fridges_dataset/images/fridge_361b9f6c33/13.jpg"", ""/content/drive/MyDrive/olx_fridges_dataset/images/fridge_361b9f6c33/14.jpg""]",14,2025-12-08 06:14:24.393044
fridge_79c06fe637,https://www.olx.in/item/fridges-c1617-godrej-deep-freezer-dh-epehnta-325c-31-cmfh2-m-rw-in-sector-4a-gandhinagar-iid-1827562954,GODREJ DEEP FREEZER DH EPEHNTA 325C 31 CMFH2 M RW,Good condition and freezing time is same as new one just check one time if you are interested - Fridges,21500,"[""/content/drive/MyDrive/olx_fridges_dataset/images/fridge_79c06fe637/1.jpg"", ""/content/drive/MyDrive/olx_fridges_dataset/images/fridge_79c06fe637/2.jpg"", ""/content/drive/MyDrive/olx_fridges_dataset/images/fridge_79c06fe637/3.jpg"", ""/content/drive/MyDrive/olx_fridges_dataset/images/fridge_79c06fe637/4.jpg"", ""/content/drive/MyDrive/olx_fridges_dataset/images/fridge_79c06fe637/5.jpg"", ""/content/drive/MyDrive/olx_fridges_dataset/images/fridge_79c06fe637/6.jpg"", ""/content/drive/MyDrive/olx_fridges_dataset/images/fridge_79c06fe637/7.jpg"", ""/content/drive/MyDrive/olx_fridges_dataset/images/fridge_79c06fe637/8.jpg"", ""/content/drive/MyDrive/olx_fridges_dataset/images/fridge_79c06fe637/9.jpg"", ""/content/drive/MyDrive/olx_fridges_dataset/images/fridge_79c06fe637/10.jpg"", ""/content/drive/MyDrive/olx_fridges_dataset/images/fridge_79c06fe637/11.jpg"", ""/content/drive/MyDrive/olx_fridges_dataset/images/fridge_79c06fe637/12.jpg"", ""/content/drive/MyDrive/olx_fridges_dataset/images/fridge_79c06fe637/13.jpg"", ""/content/drive/MyDrive/olx_fridges_dataset/images/fridge_79c06fe637/14.jpg""]",14,2025-12-08 06:14:31.912960
fridge_55dc7781a5,https://www.olx.in/item/fridges-c1617-samsung-inverter-refrigerator-excellent-condition-only-2yrs-used-in-taloja-panchanand-navi-mumbai-iid-1828626663,Samsung Inverter refrigerator excellent condition only 2yrs used,Samsung Inverter refrigerator excellent condition only 2yrs used - Fridges,18000,"[""/content/drive/MyDrive/olx_fridges_dataset/images/fridge_55dc7781a5/1.jpg"", ""/content/drive/MyDrive/olx_fridges_dataset/images/fridge_55dc7781a5/2.jpg"", ""/content/drive/MyDrive/olx_fridges_dataset/images/fridge_55dc7781a5/3.jpg"", ""/content/drive/MyDrive/olx_fridges_dataset/images/fridge_55dc7781a5/4.jpg"", ""/content/drive/MyDrive/olx_fridges_dataset/images/fridge_55dc7781a5/5.jpg"", ""/content/drive/MyDrive/olx_fridges_dataset/images/fridge_55dc7781a5/6.jpg"", ""/content/drive/MyDrive/olx_fridges_dataset/images/fridge_55dc7781a5/7.jpg"", ""/content/drive/MyDrive/olx_fridges_dataset/images/fridge_55dc7781a5/8.jpg"", ""/content/drive/MyDrive/olx_fridges_dataset/images/fridge_55dc7781a5/9.jpg"", ""/content/drive/MyDrive/olx_fridges_dataset/images/fridge_55dc7781a5/10.jpg"", ""/content/drive/MyDrive/olx_fridges_dataset/images/fridge_55dc7781a5/11.jpg"", ""/content/drive/MyDrive/olx_fridges_dataset/images/fridge_55dc7781a5/12.jpg"", ""/content/drive/MyDrive/olx_fridges_dataset/images/fridge_55dc7781a5/13.jpg"", ""/content/drive/MyDrive/olx_fridges_dataset/images/fridge_55dc7781a5/14.jpg""]",14,2025-12-08 06:14:40.010758
fridge_1ad684d34d,https://www.olx.in/item/fridges-c1617-samsung-fridge-prestige-gas-stove-preethi-mixer-in-kutak-bandhan-navi-mumbai-iid-1810170968,"SAMSUNG FRIDGE, PRESTIGE GAS STOVE, PREETHI MIXER","Samsung Twin cooling fridge Gross volume : 465 Liters Storage volume: 440 liters Issue: cooling gas issue only Prestige Supreme 3 Burner Glass Top Gas Stove, Black, Manual Ingnition Price: 1800 Preethi Steel Supreme MG-208 mixer grinder, 750 watt, 2 big jars Price: 2000 - Fridges",8000,"[""/content/drive/MyDrive/olx_fridges_dataset/images/fridge_1ad684d34d/1.jpg"", ""/content/drive/MyDrive/olx_fridges_dataset/images/fridge_1ad684d34d/2.jpg"", ""/content/drive/MyDrive/olx_fridges_dataset/images/fridge_1ad684d34d/3.jpg"", ""/content/drive/MyDrive/olx_fridges_dataset/images/fridge_1ad684d34d/4.jpg"", ""/content/drive/MyDrive/olx_fridges_dataset/images/fridge_1ad684d34d/5.jpg"", ""/content/drive/MyDrive/olx_fridges_dataset/images/fridge_1ad684d34d/6.jpg"", ""/content/drive/MyDrive/olx_fridges_dataset/images/fridge_1ad684d34d/7.jpg"", ""/content/drive/MyDrive/olx_fridges_dataset/images/fridge_1ad684d34d/8.jpg"", ""/content/drive/MyDrive/olx_fridges_dataset/images/fridge_1ad684d34d/9.jpg"", ""/content/drive/MyDrive/olx_fridges_dataset/images/fridge_1ad684d34d/10.jpg"", ""/content/drive/MyDrive/olx_fridges_dataset/images/fridge_1ad684d34d/11.jpg"", ""/content/drive/MyDrive/olx_fridges_dataset/images/fridge_1ad684d34d/12.jpg"", ""/content/drive/MyDrive/olx_fridges_dataset/images/fridge_1ad684d34d/13.jpg"", ""/content/drive/MyDrive/olx_fridges_dataset/images/fridge_1ad684d34d/14.jpg""]",14,2025-12-08 06:14:49.509276
fridge_960b84d022,https://www.olx.in/item/fridges-c1617-lg-company-2020-in-dharipur-kanpur-iid-1828627516,LG company 2020,LG company 2020 Kanpur Damodar kar rahi 122 - Fridges,12000,"[""/content/drive/MyDrive/olx_fridges_dataset/images/fridge_960b84d022/1.jpg"", ""/content/drive/MyDrive/olx_fridges_dataset/images/fridge_960b84d022/2.jpg"", ""/content/drive/MyDrive/olx_fridges_dataset/images/fridge_960b84d022/3.jpg"", ""/content/drive/MyDrive/olx_fridges_dataset/images/fridge_960b84d022/4.jpg"", ""/content/drive/MyDrive/olx_fridges_dataset/images/fridge_960b84d022/5.jpg"", ""/content/drive/MyDrive/olx_fridges_dataset/images/fridge_960b84d022/6.jpg"", ""/content/drive/MyDrive/olx_fridges_dataset/images/fridge_960b84d022/7.jpg"", ""/content/drive/MyDrive/olx_fridges_dataset/images/fridge_960b84d022/8.jpg"", ""/content/drive/MyDrive/olx_fridges_dataset/images/fridge_960b84d022/9.jpg"", ""/content/drive/MyDrive/olx_fridges_dataset/images/fridge_960b84d022/10.jpg"", ""/content/drive/MyDrive/olx_fridges_dataset/images/fridge_960b84d022/11.jpg"", ""/content/drive/MyDrive/olx_fridges_dataset/images/fridge_960b84d022/12.jpg"", ""/content/drive/MyDrive/olx_fridges_dataset/images/fridge_960b84d022/13.jpg"", ""/content/drive/MyDrive/olx_fridges_dataset/images/fridge_960b84d022/14.jpg""]",14,2025-12-08 06:14:58.602511
fridge_dd3515f97c,https://www.olx.in/item/fridges-c1617-double-door-samsung-5-stat-inverter-fridge-and-whirlpool-washing-machi-in-kptcl-new-colony-hassan-iid-1828196462,Double door samsung 5 stat inverter fridge and whirlpool washing machi,Second hand 100% working - Fridges,7500,"[""/content/drive/MyDrive/olx_fridges_dataset/images/fridge_dd3515f97c/1.jpg"", ""/content/drive/MyDrive/olx_fridges_dataset/images/fridge_dd3515f97c/2.jpg"", ""/content/drive/MyDrive/olx_fridges_dataset/images/fridge_dd3515f97c/3.jpg"", ""/content/drive/MyDrive/olx_fridges_dataset/images/fridge_dd3515f97c/4.jpg"", ""/content/drive/MyDrive/olx_fridges_dataset/images/fridge_dd3515f97c/5.jpg"", ""/content/drive/MyDrive/olx_fridges_dataset/images/fridge_dd3515f97c/6.jpg"", ""/content/drive/MyDrive/olx_fridges_dataset/images/fridge_dd3515f97c/7.jpg"", ""/content/drive/MyDrive/olx_fridges_dataset/images/fridge_dd3515f97c/8.jpg"", ""/content/drive/MyDrive/olx_fridges_dataset/images/fridge_dd3515f97c/9.jpg"", ""/content/drive/MyDrive/olx_fridges_dataset/images/fridge_dd3515f97c/10.jpg"", ""/content/drive/MyDrive/olx_fridges_dataset/images/fridge_dd3515f97c/11.jpg"", ""/content/drive/MyDrive/olx_fridges_dataset/images/fridge_dd3515f97c/12.jpg"", ""/content/drive/MyDrive/olx_fridges_dataset/images/fridge_dd3515f97c/13.jpg"", ""/content/drive/MyDrive/olx_fridges_dataset/images/fridge_dd3515f97c/14.jpg""]",14,2025-12-08 06:15:06.870695
fridge_a79bde04ae,https://www.olx.in/item/fridges-c1617-refurbished-refrigerator-in-alagapuram-salem-iid-1823364536,Refurbished Refrigerator,Samsung 585 Litres Side By Side Refrigerator Digital Inverter Technology Ice Cube Maker Good And Excellent Working Condition Well Maintained And Less Used Only 6 Months Warranty Dont Miss it E Tech Engineering Refrigeration And Air Conditioning - Fridges,35000,"[""/content/drive/MyDrive/olx_fridges_dataset/images/fridge_a79bde04ae/1.jpg"", ""/content/drive/MyDrive/olx_fridges_dataset/images/fridge_a79bde04ae/2.jpg"", ""/content/drive/MyDrive/olx_fridges_dataset/images/fridge_a79bde04ae/3.jpg"", ""/content/drive/MyDrive/olx_fridges_dataset/images/fridge_a79bde04ae/4.jpg"", ""/content/drive/MyDrive/olx_fridges_dataset/images/fridge_a79bde04ae/5.jpg"", ""/content/drive/MyDrive/olx_fridges_dataset/images/fridge_a79bde04ae/6.jpg"", ""/content/drive/MyDrive/olx_fridges_dataset/images/fridge_a79bde04ae/7.jpg"", ""/content/drive/MyDrive/olx_fridges_dataset/images/fridge_a79bde04ae/8.jpg"", ""/content/drive/MyDrive/olx_fridges_dataset/images/fridge_a79bde04ae/9.jpg"", ""/content/drive/MyDrive/olx_fridges_dataset/images/fridge_a79bde04ae/10.jpg"", ""/content/drive/MyDrive/olx_fridges_dataset/images/fridge_a79bde04ae/11.jpg"", ""/content/drive/MyDrive/olx_fridges_dataset/images/fridge_a79bde04ae/12.jpg"", ""/content/drive/MyDrive/olx_fridges_dataset/images/fridge_a79bde04ae/13.jpg"", ""/content/drive/MyDrive/olx_fridges_dataset/images/fridge_a79bde04ae/14.jpg"", ""/content/drive/MyDrive/olx_fridges_dataset/images/fridge_a79bde04ae/15.jpg"", ""/content/drive/MyDrive/olx_fridges_dataset/images/fridge_a79bde04ae/16.jpg""]",16,2025-12-08 06:15:18.404880
fridge_9eaac7c8de,https://www.olx.in/item/fridges-c1617-refurbished-refrigerator-in-aandipalayam-tiruppur-iid-1823604735,Refurbished Refrigerator,All Brand Used Refrigerators Available In Affordable Price With 6 Months Warranty Dont Miss it E Tech Engineering Refrigeration And Air Conditioning - Fridges,4499,"[""/content/drive/MyDrive/olx_fridges_dataset/images/fridge_9eaac7c8de/1.jpg"", ""/content/drive/MyDrive/olx_fridges_dataset/images/fridge_9eaac7c8de/2.jpg"", ""/content/drive/MyDrive/olx_fridges_dataset/images/fridge_9eaac7c8de/3.jpg"", ""/content/drive/MyDrive/olx_fridges_dataset/images/fridge_9eaac7c8de/4.jpg"", ""/content/drive/MyDrive/olx_fridges_dataset/images/fridge_9eaac7c8de/5.jpg"", ""/content/drive/MyDrive/olx_fridges_dataset/images/fridge_9eaac7c8de/6.jpg"", ""/content/drive/MyDrive/olx_fridges_dataset/images/fridge_9eaac7c8de/7.jpg"", ""/content/drive/MyDrive/olx_fridges_dataset/images/fridge_9eaac7c8de/8.jpg"", ""/content/drive/MyDrive/olx_fridges_dataset/images/fridge_9eaac7c8de/9.jpg"", ""/content/drive/MyDrive/olx_fridges_dataset/images/fridge_9eaac7c8de/10.jpg"", ""/content/drive/MyDrive/olx_fridges_dataset/images/fridge_9eaac7c8de/11.jpg"", ""/content/drive/MyDrive/olx_fridges_dataset/images/fridge_9eaac7c8de/12.jpg"", ""/content/drive/MyDrive/olx_fridges_dataset/images/fridge_9eaac7c8de/13.jpg"", ""/content/drive/MyDrive/olx_fridges_dataset/images/fridge_9eaac7c8de/14.jpg"", ""/content/drive/MyDrive/olx_fridges_dataset/images/fridge_9eaac7c8de/15.jpg"", ""/content/drive/MyDrive/olx_fridges_dataset/images/fridge_9eaac7c8de/16.jpg""]",16,2025-12-08 06:15:26.811961
fridge_75aeb2c0fa,https://www.olx.in/item/fridges-c1617-new-fridge-195-liter-13500-in-royapettah-jawahar-khan-colony-chennai-iid-1828627381,NEW FRIDGE 195 LITER 13500,Samsung fridge - Fridges,13500,"[""/content/drive/MyDrive/olx_fridges_dataset/images/fridge_75aeb2c0fa/1.jpg"", ""/content/drive/MyDrive/olx_fridges_dataset/images/fridge_75aeb2c0fa/2.jpg"", ""/content/drive/MyDrive/olx_fridges_dataset/images/fridge_75aeb2c0fa/3.jpg"", ""/content/drive/MyDrive/olx_fridges_dataset/images/fridge_75aeb2c0fa/4.jpg"", ""/content/drive/MyDrive/olx_fridges_dataset/images/fridge_75aeb2c0fa/5.jpg"", ""/content/drive/MyDrive/olx_fridges_dataset/images/fridge_75aeb2c0fa/6.jpg"", ""/content/drive/MyDrive/olx_fridges_dataset/images/fridge_75aeb2c0fa/7.jpg"", ""/content/drive/MyDrive/olx_fridges_dataset/images/fridge_75aeb2c0fa/8.jpg"", ""/content/drive/MyDrive/olx_fridges_dataset/images/fridge_75aeb2c0fa/9.jpg"", ""/content/drive/MyDrive/olx_fridges_dataset/images/fridge_75aeb2c0fa/10.jpg"", ""/content/drive/MyDrive/olx_fridges_dataset/images/fridge_75aeb2c0fa/11.jpg"", ""/content/drive/MyDrive/olx_fridges_dataset/images/fridge_75aeb2c0fa/12.jpg"", ""/content/drive/MyDrive/olx_fridges_dataset/images/fridge_75aeb2c0fa/13.jpg"", ""/content/drive/MyDrive/olx_fridges_dataset/images/fridge_75aeb2c0fa/14.jpg""]",14,2025-12-08 06:15:36.287641
fridge_accbb0db30,https://www.olx.in/item/fridges-c1617-cooler-new-condition-in-zakhir-colony-meerut-iid-1828015881,Cooler new condition,Because space problem - Fridges,1600,"[""/content/drive/MyDrive/olx_fridges_dataset/images/fridge_accbb0db30/1.jpg"", ""/content/drive/MyDrive/olx_fridges_dataset/images/fridge_accbb0db30/2.jpg"", ""/content/drive/MyDrive/olx_fridges_dataset/images/fridge_accbb0db30/3.jpg"", ""/content/drive/MyDrive/olx_fridges_dataset/images/fridge_accbb0db30/4.jpg"", ""/content/drive/MyDrive/olx_fridges_dataset/images/fridge_accbb0db30/5.jpg"", ""/content/drive/MyDrive/olx_fridges_dataset/images/fridge_accbb0db30/6.jpg"", ""/content/drive/MyDrive/olx_fridges_dataset/images/fridge_accbb0db30/7.jpg"", ""/content/drive/MyDrive/olx_fridges_dataset/images/fridge_accbb0db30/8.jpg"", ""/content/drive/MyDrive/olx_fridges_dataset/images/fridge_accbb0db30/9.jpg"", ""/content/drive/MyDrive/olx_fridges_dataset/images/fridge_accbb0db30/10.jpg"", ""/content/drive/MyDrive/olx_fridges_dataset/images/fridge_accbb0db30/11.jpg"", ""/content/drive/MyDrive/olx_fridges_dataset/images/fridge_accbb0db30/12.jpg"", ""/content/drive/MyDrive/olx_fridges_dataset/images/fridge_accbb0db30/13.jpg"", ""/content/drive/MyDrive/olx_fridges_dataset/images/fridge_accbb0db30/14.jpg""]",14,2025-12-08 06:15:47.350836
fridge_3b82ca8eeb,https://www.olx.in/item/fridges-c1617-refurb-singal-door-refrigerator-with-warranty-free-home-delivery-in-pitampura-delhi-iid-1813669094,Refurb Singal door refrigerator with warranty & free home delivery,"Dhingra Electronic Co We deal used appliances like Refrigerator, washing machine, microwave etc We also provide warranty to our products We never break customer trust We also provide delivery at very responsible price Fixed Price shop no bargain plz - Fridges",4999,"[""/content/drive/MyDrive/olx_fridges_dataset/images/fridge_3b82ca8eeb/1.jpg"", ""/content/drive/MyDrive/olx_fridges_dataset/images/fridge_3b82ca8eeb/2.jpg"", ""/content/drive/MyDrive/olx_fridges_dataset/images/fridge_3b82ca8eeb/3.jpg"", ""/content/drive/MyDrive/olx_fridges_dataset/images/fridge_3b82ca8eeb/4.jpg"", ""/content/drive/MyDrive/olx_fridges_dataset/images/fridge_3b82ca8eeb/5.jpg"", ""/content/drive/MyDrive/olx_fridges_dataset/images/fridge_3b82ca8eeb/6.jpg"", ""/content/drive/MyDrive/olx_fridges_dataset/images/fridge_3b82ca8eeb/7.jpg"", ""/content/drive/MyDrive/olx_fridges_dataset/images/fridge_3b82ca8eeb/8.jpg"", ""/content/drive/MyDrive/olx_fridges_dataset/images/fridge_3b82ca8eeb/9.jpg"", ""/content/drive/MyDrive/olx_fridges_dataset/images/fridge_3b82ca8eeb/10.jpg"", ""/content/drive/MyDrive/olx_fridges_dataset/images/fridge_3b82ca8eeb/11.jpg"", ""/content/drive/MyDrive/olx_fridges_dataset/images/fridge_3b82ca8eeb/12.jpg"", ""/content/drive/MyDrive/olx_fridges_dataset/images/fridge_3b82ca8eeb/13.jpg"", ""/content/drive/MyDrive/olx_fridges_dataset/images/fridge_3b82ca8eeb/14.jpg""]",14,2025-12-08 06:15:56.084219
fridge_2f434216c3,https://www.olx.in/item/fridges-c1617-whirlpool-180-ltr-fridge-in-madhav-puram-meerut-iid-1827504867,Whirlpool 180 ltr fridge,Good condition good cooling. Aaj tk koi kmi nhi aayi . Working condition all new - Fridges,8000,"[""/content/drive/MyDrive/olx_fridges_dataset/images/fridge_2f434216c3/1.jpg"", ""/content/drive/MyDrive/olx_fridges_dataset/images/fridge_2f434216c3/2.jpg"", ""/content/drive/MyDrive/olx_fridges_dataset/images/fridge_2f434216c3/3.jpg"", ""/content/drive/MyDrive/olx_fridges_dataset/images/fridge_2f434216c3/4.jpg"", ""/content/drive/MyDrive/olx_fridges_dataset/images/fridge_2f434216c3/5.jpg"", ""/content/drive/MyDrive/olx_fridges_dataset/images/fridge_2f434216c3/6.jpg"", ""/content/drive/MyDrive/olx_fridges_dataset/images/fridge_2f434216c3/7.jpg"", ""/content/drive/MyDrive/olx_fridges_dataset/images/fridge_2f434216c3/8.jpg"", ""/content/drive/MyDrive/olx_fridges_dataset/images/fridge_2f434216c3/9.jpg"", ""/content/drive/MyDrive/olx_fridges_dataset/images/fridge_2f434216c3/10.jpg"", ""/content/drive/MyDrive/olx_fridges_dataset/images/fridge_2f434216c3/11.jpg"", ""/content/drive/MyDrive/olx_fridges_dataset/images/fridge_2f434216c3/12.jpg"", ""/content/drive/MyDrive/olx_fridges_dataset/images/fridge_2f434216c3/13.jpg"", ""/content/drive/MyDrive/olx_fridges_dataset/images/fridge_2f434216c3/14.jpg""]",14,2025-12-08 06:16:04.425195
fridge_5c5bca6db6,https://www.olx.in/item/fridges-c1617-lg-top-load-washing-machine-in-good-working-condition-in-jayamahal-bengaluru-iid-1828627436,LG top load washing machine in good working condition,From Used to Ready to Use - the Yourchoiz way Electronics Refrigerator Price Single door starting price 4999 Double door starting price 6499 Washing Machine Price Top load fully automatic starting price 4999 Front load fully automatic starting price 6499 Every Refrigerator & Washing Machine is quality checked and thoroughly tested by Yourchoiz engineers. This Refrigerator & Washing Machine is in good condition. Warranty? 1 Year Warranty on Motor & 6 Months Free Door Step Service Delivery & installation? Free Home Delivery with Installation Accessories? Brand new inlet and outlet pipes free (Our branches) . Nagawara main road - Fridges,5999,"[""/content/drive/MyDrive/olx_fridges_dataset/images/fridge_5c5bca6db6/1.jpg"", ""/content/drive/MyDrive/olx_fridges_dataset/images/fridge_5c5bca6db6/2.jpg"", ""/content/drive/MyDrive/olx_fridges_dataset/images/fridge_5c5bca6db6/3.jpg"", ""/content/drive/MyDrive/olx_fridges_dataset/images/fridge_5c5bca6db6/4.jpg"", ""/content/drive/MyDrive/olx_fridges_dataset/images/fridge_5c5bca6db6/5.jpg"", ""/content/drive/MyDrive/olx_fridges_dataset/images/fridge_5c5bca6db6/6.jpg"", ""/content/drive/MyDrive/olx_fridges_dataset/images/fridge_5c5bca6db6/7.jpg"", ""/content/drive/MyDrive/olx_fridges_dataset/images/fridge_5c5bca6db6/8.jpg"", ""/content/drive/MyDrive/olx_fridges_dataset/images/fridge_5c5bca6db6/9.jpg"", ""/content/drive/MyDrive/olx_fridges_dataset/images/fridge_5c5bca6db6/10.jpg"", ""/content/drive/MyDrive/olx_fridges_dataset/images/fridge_5c5bca6db6/11.jpg"", ""/content/drive/MyDrive/olx_fridges_dataset/images/fridge_5c5bca6db6/12.jpg"", ""/content/drive/MyDrive/olx_fridges_dataset/images/fridge_5c5bca6db6/13.jpg"", ""/content/drive/MyDrive/olx_fridges_dataset/images/fridge_5c5bca6db6/14.jpg""]",14,2025-12-08 06:16:13.703999
fridge_2d8e7e759f,https://www.olx.in/item/fridges-c1617-samsung-double-door-fridge-321-ltr-dop-972018-in-civil-lines-bathinda-iid-1827947755,Samsung double door fridge 321 ltr dop 9.7.2018,Refridgerator Date of Purchase 321 ltr - Fridges,8500,"[""/content/drive/MyDrive/olx_fridges_dataset/images/fridge_2d8e7e759f/1.jpg"", ""/content/drive/MyDrive/olx_fridges_dataset/images/fridge_2d8e7e759f/2.jpg"", ""/content/drive/MyDrive/olx_fridges_dataset/images/fridge_2d8e7e759f/3.jpg"", ""/content/drive/MyDrive/olx_fridges_dataset/images/fridge_2d8e7e759f/4.jpg"", ""/content/drive/MyDrive/olx_fridges_dataset/images/fridge_2d8e7e759f/5.jpg"", ""/content/drive/MyDrive/olx_fridges_dataset/images/fridge_2d8e7e759f/6.jpg"", ""/content/drive/MyDrive/olx_fridges_dataset/images/fridge_2d8e7e759f/7.jpg"", ""/content/drive/MyDrive/olx_fridges_dataset/images/fridge_2d8e7e759f/8.jpg"", ""/content/drive/MyDrive/olx_fridges_dataset/images/fridge_2d8e7e759f/9.jpg"", ""/content/drive/MyDrive/olx_fridges_dataset/images/fridge_2d8e7e759f/10.jpg"", ""/content/drive/MyDrive/olx_fridges_dataset/images/fridge_2d8e7e759f/11.jpg"", ""/content/drive/MyDrive/olx_fridges_dataset/images/fridge_2d8e7e759f/12.jpg"", ""/content/drive/MyDrive/olx_fridges_dataset/images/fridge_2d8e7e759f/13.jpg"", ""/content/drive/MyDrive/olx_fridges_dataset/images/fridge_2d8e7e759f/14.jpg""]",14,2025-12-08 06:16:21.820939
fridge_4ab6f637ac,https://www.olx.in/item/fridges-c1617-shop-single-and-double-door-fridge-acailable-for-2nd-hand-in-nammalwarpet-chennai-iid-1828273195,Shop Single and double door fridge acailable for 2nd hand,Second hand single and double hand fridge available - Fridges,30000,"[""/content/drive/MyDrive/olx_fridges_dataset/images/fridge_4ab6f637ac/1.jpg"", ""/content/drive/MyDrive/olx_fridges_dataset/images/fridge_4ab6f637ac/2.jpg"", ""/content/drive/MyDrive/olx_fridges_dataset/images/fridge_4ab6f637ac/3.jpg"", ""/content/drive/MyDrive/olx_fridges_dataset/images/fridge_4ab6f637ac/4.jpg"", ""/content/drive/MyDrive/olx_fridges_dataset/images/fridge_4ab6f637ac/5.jpg"", ""/content/drive/MyDrive/olx_fridges_dataset/images/fridge_4ab6f637ac/6.jpg"", ""/content/drive/MyDrive/olx_fridges_dataset/images/fridge_4ab6f637ac/7.jpg"", ""/content/drive/MyDrive/olx_fridges_dataset/images/fridge_4ab6f637ac/8.jpg"", ""/content/drive/MyDrive/olx_fridges_dataset/images/fridge_4ab6f637ac/9.jpg"", ""/content/drive/MyDrive/olx_fridges_dataset/images/fridge_4ab6f637ac/10.jpg"", ""/content/drive/MyDrive/olx_fridges_dataset/images/fridge_4ab6f637ac/11.jpg"", ""/content/drive/MyDrive/olx_fridges_dataset/images/fridge_4ab6f637ac/12.jpg"", ""/content/drive/MyDrive/olx_fridges_dataset/images/fridge_4ab6f637ac/13.jpg"", ""/content/drive/MyDrive/olx_fridges_dataset/images/fridge_4ab6f637ac/14.jpg""]",14,2025-12-08 06:16:32.082610
fridge_00820cabec,https://www.olx.in/item/fridges-c1617-double-door-just-8499-visit-trust-tronics-btm-layout-maratahalli-in-btm-layout-bengaluru-iid-1823302858,"Double door @Just 8,499 visit Trust Tronics BTM layout & Maratahalli",(Trust Tronics Home Appliances) Our Stores located in Maratahalli & BTM layout 2nd stage Trust Tronics Provides 6month Of Free Service For All Appliances 1 Year Motor Warranty For Washing Machine 1 Year Compressor Warranty For Refrigerator 100% Certified & Quality checked Product We Make Our Products Checked By Experts Before The Time Of Delivery Buy Back Retrun Back 50%Buy Back with In 12to15 Months With Free Pick Up We Provide Brand new Free inlet Out let Pipe Free installation And Free Demo Hassle Free Same Day Free Home Delivery - Fridges,8499,"[""/content/drive/MyDrive/olx_fridges_dataset/images/fridge_00820cabec/1.jpg"", ""/content/drive/MyDrive/olx_fridges_dataset/images/fridge_00820cabec/2.jpg"", ""/content/drive/MyDrive/olx_fridges_dataset/images/fridge_00820cabec/3.jpg"", ""/content/drive/MyDrive/olx_fridges_dataset/images/fridge_00820cabec/4.jpg"", ""/content/drive/MyDrive/olx_fridges_dataset/images/fridge_00820cabec/5.jpg"", ""/content/drive/MyDrive/olx_fridges_dataset/images/fridge_00820cabec/6.jpg"", ""/content/drive/MyDrive/olx_fridges_dataset/images/fridge_00820cabec/7.jpg"", ""/content/drive/MyDrive/olx_fridges_dataset/images/fridge_00820cabec/8.jpg"", ""/content/drive/MyDrive/olx_fridges_dataset/images/fridge_00820cabec/9.jpg"", ""/content/drive/MyDrive/olx_fridges_dataset/images/fridge_00820cabec/10.jpg"", ""/content/drive/MyDrive/olx_fridges_dataset/images/fridge_00820cabec/11.jpg"", ""/content/drive/MyDrive/olx_fridges_dataset/images/fridge_00820cabec/12.jpg"", ""/content/drive/MyDrive/olx_fridges_dataset/images/fridge_00820cabec/13.jpg"", ""/content/drive/MyDrive/olx_fridges_dataset/images/fridge_00820cabec/14.jpg"", ""/content/drive/MyDrive/olx_fridges_dataset/images/fridge_00820cabec/15.jpg""]",15,2025-12-08 06:16:46.405938
fridge_5f385070df,https://www.olx.in/item/fridges-c1617-samsung-235-litre-in-old-guddadahalli-bengaluru-iid-1826077614,Samsung 235 litre,Hey I'm selling samsung fridge 235 litre very good working condition urgent selling Call//me - Fridges,4600,"[""/content/drive/MyDrive/olx_fridges_dataset/images/fridge_5f385070df/1.jpg"", ""/content/drive/MyDrive/olx_fridges_dataset/images/fridge_5f385070df/2.jpg"", ""/content/drive/MyDrive/olx_fridges_dataset/images/fridge_5f385070df/3.jpg"", ""/content/drive/MyDrive/olx_fridges_dataset/images/fridge_5f385070df/4.jpg"", ""/content/drive/MyDrive/olx_fridges_dataset/images/fridge_5f385070df/5.jpg"", ""/content/drive/MyDrive/olx_fridges_dataset/images/fridge_5f385070df/6.jpg"", ""/content/drive/MyDrive/olx_fridges_dataset/images/fridge_5f385070df/7.jpg"", ""/content/drive/MyDrive/olx_fridges_dataset/images/fridge_5f385070df/8.jpg"", ""/content/drive/MyDrive/olx_fridges_dataset/images/fridge_5f385070df/9.jpg"", ""/content/drive/MyDrive/olx_fridges_dataset/images/fridge_5f385070df/10.jpg"", ""/content/drive/MyDrive/olx_fridges_dataset/images/fridge_5f385070df/11.jpg"", ""/content/drive/MyDrive/olx_fridges_dataset/images/fridge_5f385070df/12.jpg"", ""/content/drive/MyDrive/olx_fridges_dataset/images/fridge_5f385070df/13.jpg"", ""/content/drive/MyDrive/olx_fridges_dataset/images/fridge_5f385070df/14.jpg""]",14,2025-12-08 06:16:57.197935
fridge_bc2feeee7b,https://www.olx.in/item/fridges-c1617-lg-fridge-freezer-in-hasanabad-hyderabad-iid-1828627640,LG fridge freezer,"You can mention that it’s an LG 190-liter refrigerator, featuring a compact design, energy efficiency, and ample storage for everyday needs. It’s perfect for small families or compact spaces. - Fridges",15000,"[""/content/drive/MyDrive/olx_fridges_dataset/images/fridge_bc2feeee7b/1.jpg"", ""/content/drive/MyDrive/olx_fridges_dataset/images/fridge_bc2feeee7b/2.jpg"", ""/content/drive/MyDrive/olx_fridges_dataset/images/fridge_bc2feeee7b/3.jpg"", ""/content/drive/MyDrive/olx_fridges_dataset/images/fridge_bc2feeee7b/4.jpg"", ""/content/drive/MyDrive/olx_fridges_dataset/images/fridge_bc2feeee7b/5.jpg"", ""/content/drive/MyDrive/olx_fridges_dataset/images/fridge_bc2feeee7b/6.jpg"", ""/content/drive/MyDrive/olx_fridges_dataset/images/fridge_bc2feeee7b/7.jpg"", ""/content/drive/MyDrive/olx_fridges_dataset/images/fridge_bc2feeee7b/8.jpg"", ""/content/drive/MyDrive/olx_fridges_dataset/images/fridge_bc2feeee7b/9.jpg"", ""/content/drive/MyDrive/olx_fridges_dataset/images/fridge_bc2feeee7b/10.jpg"", ""/content/drive/MyDrive/olx_fridges_dataset/images/fridge_bc2feeee7b/11.jpg"", ""/content/drive/MyDrive/olx_fridges_dataset/images/fridge_bc2feeee7b/12.jpg"", ""/content/drive/MyDrive/olx_fridges_dataset/images/fridge_bc2feeee7b/13.jpg"", ""/content/drive/MyDrive/olx_fridges_dataset/images/fridge_bc2feeee7b/14.jpg""]",14,2025-12-08 06:17:07.841024
fridge_cd728752c9,https://www.olx.in/item/fridges-c1617-brand-new-fridge-sale-negotiable-in-nilje-gaon-navi-mumbai-iid-1828409648,Brand new fridge sale negotiable,Shop closing want to sale brand new fridge 200ltr IFB company buy on oct 25 5 star rating - Fridges,14000,"[""/content/drive/MyDrive/olx_fridges_dataset/images/fridge_cd728752c9/1.jpg"", ""/content/drive/MyDrive/olx_fridges_dataset/images/fridge_cd728752c9/2.jpg"", ""/content/drive/MyDrive/olx_fridges_dataset/images/fridge_cd728752c9/3.jpg"", ""/content/drive/MyDrive/olx_fridges_dataset/images/fridge_cd728752c9/4.jpg"", ""/content/drive/MyDrive/olx_fridges_dataset/images/fridge_cd728752c9/5.jpg"", ""/content/drive/MyDrive/olx_fridges_dataset/images/fridge_cd728752c9/6.jpg"", ""/content/drive/MyDrive/olx_fridges_dataset/images/fridge_cd728752c9/7.jpg"", ""/content/drive/MyDrive/olx_fridges_dataset/images/fridge_cd728752c9/8.jpg"", ""/content/drive/MyDrive/olx_fridges_dataset/images/fridge_cd728752c9/9.jpg"", ""/content/drive/MyDrive/olx_fridges_dataset/images/fridge_cd728752c9/10.jpg"", ""/content/drive/MyDrive/olx_fridges_dataset/images/fridge_cd728752c9/11.jpg"", ""/content/drive/MyDrive/olx_fridges_dataset/images/fridge_cd728752c9/12.jpg"", ""/content/drive/MyDrive/olx_fridges_dataset/images/fridge_cd728752c9/13.jpg"", ""/content/drive/MyDrive/olx_fridges_dataset/images/fridge_cd728752c9/14.jpg""]",14,2025-12-08 06:17:16.446718
fridge_a8adc5061b,https://www.olx.in/item/fridges-c1617-sweets-frij-in-hatod-nagar-palika-hatod-iid-1828626802,"Sweets, Frij","Best condition, sweet Frij - Fridges",40000,"[""/content/drive/MyDrive/olx_fridges_dataset/images/fridge_a8adc5061b/1.jpg"", ""/content/drive/MyDrive/olx_fridges_dataset/images/fridge_a8adc5061b/2.jpg"", ""/content/drive/MyDrive/olx_fridges_dataset/images/fridge_a8adc5061b/3.jpg"", ""/content/drive/MyDrive/olx_fridges_dataset/images/fridge_a8adc5061b/4.jpg"", ""/content/drive/MyDrive/olx_fridges_dataset/images/fridge_a8adc5061b/5.jpg"", ""/content/drive/MyDrive/olx_fridges_dataset/images/fridge_a8adc5061b/6.jpg"", ""/content/drive/MyDrive/olx_fridges_dataset/images/fridge_a8adc5061b/7.jpg"", ""/content/drive/MyDrive/olx_fridges_dataset/images/fridge_a8adc5061b/8.jpg"", ""/content/drive/MyDrive/olx_fridges_dataset/images/fridge_a8adc5061b/9.jpg"", ""/content/drive/MyDrive/olx_fridges_dataset/images/fridge_a8adc5061b/10.jpg"", ""/content/drive/MyDrive/olx_fridges_dataset/images/fridge_a8adc5061b/11.jpg"", ""/content/drive/MyDrive/olx_fridges_dataset/images/fridge_a8adc5061b/12.jpg"", ""/content/drive/MyDrive/olx_fridges_dataset/images/fridge_a8adc5061b/13.jpg"", ""/content/drive/MyDrive/olx_fridges_dataset/images/fridge_a8adc5061b/14.jpg""]",14,2025-12-08 06:17:24.913427
fridge_db9b5edfeb,https://www.olx.in/item/fridges-c1617-double-and-single-door-fridges-rs-5000-to-12000-in-perukawada-warangal-iid-1796440351,Double and Single door fridges Rs 5000 to 12000,"We sell second-hand, refubrished fridges. - Fridges",5000,"[""/content/drive/MyDrive/olx_fridges_dataset/images/fridge_db9b5edfeb/1.jpg"", ""/content/drive/MyDrive/olx_fridges_dataset/images/fridge_db9b5edfeb/2.jpg"", ""/content/drive/MyDrive/olx_fridges_dataset/images/fridge_db9b5edfeb/3.jpg"", ""/content/drive/MyDrive/olx_fridges_dataset/images/fridge_db9b5edfeb/4.jpg"", ""/content/drive/MyDrive/olx_fridges_dataset/images/fridge_db9b5edfeb/5.jpg"", ""/content/drive/MyDrive/olx_fridges_dataset/images/fridge_db9b5edfeb/6.jpg"", ""/content/drive/MyDrive/olx_fridges_dataset/images/fridge_db9b5edfeb/7.jpg"", ""/content/drive/MyDrive/olx_fridges_dataset/images/fridge_db9b5edfeb/8.jpg"", ""/content/drive/MyDrive/olx_fridges_dataset/images/fridge_db9b5edfeb/9.jpg"", ""/content/drive/MyDrive/olx_fridges_dataset/images/fridge_db9b5edfeb/10.jpg"", ""/content/drive/MyDrive/olx_fridges_dataset/images/fridge_db9b5edfeb/11.jpg"", ""/content/drive/MyDrive/olx_fridges_dataset/images/fridge_db9b5edfeb/12.jpg"", ""/content/drive/MyDrive/olx_fridges_dataset/images/fridge_db9b5edfeb/13.jpg"", ""/content/drive/MyDrive/olx_fridges_dataset/images/fridge_db9b5edfeb/14.jpg""]",14,2025-12-08 06:17:36.885151
fridge_9879e24426,https://www.olx.in/item/fridges-c1617-lg-refrigerator-with-warranty-in-ittamadu-bengaluru-iid-1828627545,LG refrigerator with warranty,"237 ltr fridge, 4yrs ols with gentle usage, double door, price negotiable - Fridges",15000,"[""/content/drive/MyDrive/olx_fridges_dataset/images/fridge_9879e24426/1.jpg"", ""/content/drive/MyDrive/olx_fridges_dataset/images/fridge_9879e24426/2.jpg"", ""/content/drive/MyDrive/olx_fridges_dataset/images/fridge_9879e24426/3.jpg"", ""/content/drive/MyDrive/olx_fridges_dataset/images/fridge_9879e24426/4.jpg"", ""/content/drive/MyDrive/olx_fridges_dataset/images/fridge_9879e24426/5.jpg"", ""/content/drive/MyDrive/olx_fridges_dataset/images/fridge_9879e24426/6.jpg"", ""/content/drive/MyDrive/olx_fridges_dataset/images/fridge_9879e24426/7.jpg"", ""/content/drive/MyDrive/olx_fridges_dataset/images/fridge_9879e24426/8.jpg"", ""/content/drive/MyDrive/olx_fridges_dataset/images/fridge_9879e24426/9.jpg"", ""/content/drive/MyDrive/olx_fridges_dataset/images/fridge_9879e24426/10.jpg"", ""/content/drive/MyDrive/olx_fridges_dataset/images/fridge_9879e24426/11.jpg"", ""/content/drive/MyDrive/olx_fridges_dataset/images/fridge_9879e24426/12.jpg"", ""/content/drive/MyDrive/olx_fridges_dataset/images/fridge_9879e24426/13.jpg"", ""/content/drive/MyDrive/olx_fridges_dataset/images/fridge_9879e24426/14.jpg""]",14,2025-12-08 06:17:44.987716
fridge_e260ca37a5,https://www.olx.in/item/fridges-c1617-viediocon-single-door-refrigerator-from-used-to-ready-to-use-in-hegde-nagar-bengaluru-iid-1827888894,Viediocon Single door refrigerator From Used To Ready To Use,1 year compressor warranty 6month door step service charge free Cod available - Fridges,5800,"[""/content/drive/MyDrive/olx_fridges_dataset/images/fridge_e260ca37a5/1.jpg"", ""/content/drive/MyDrive/olx_fridges_dataset/images/fridge_e260ca37a5/2.jpg"", ""/content/drive/MyDrive/olx_fridges_dataset/images/fridge_e260ca37a5/3.jpg"", ""/content/drive/MyDrive/olx_fridges_dataset/images/fridge_e260ca37a5/4.jpg"", ""/content/drive/MyDrive/olx_fridges_dataset/images/fridge_e260ca37a5/5.jpg"", ""/content/drive/MyDrive/olx_fridges_dataset/images/fridge_e260ca37a5/6.jpg"", ""/content/drive/MyDrive/olx_fridges_dataset/images/fridge_e260ca37a5/7.jpg"", ""/content/drive/MyDrive/olx_fridges_dataset/images/fridge_e260ca37a5/8.jpg"", ""/content/drive/MyDrive/olx_fridges_dataset/images/fridge_e260ca37a5/9.jpg"", ""/content/drive/MyDrive/olx_fridges_dataset/images/fridge_e260ca37a5/10.jpg"", ""/content/drive/MyDrive/olx_fridges_dataset/images/fridge_e260ca37a5/11.jpg"", ""/content/drive/MyDrive/olx_fridges_dataset/images/fridge_e260ca37a5/12.jpg"", ""/content/drive/MyDrive/olx_fridges_dataset/images/fridge_e260ca37a5/13.jpg"", ""/content/drive/MyDrive/olx_fridges_dataset/images/fridge_e260ca37a5/14.jpg""]",14,2025-12-08 06:17:53.580373
fridge_8febc878f3,https://www.olx.in/item/fridges-c1617-washing-machine-and-fridge-on-rent-in-thergaon-pune-iid-1828627538,WASHING MACHINE AND FRIDGE ON RENT,TOP LOAD FULLY AUTOMATIC WASHING MACHINE AVAILABLE FOR RENT... 1499 REFUNDABLE DEPOSIT 499 PER MONTH RENT COMBO 900 06 MONTH LOCKIN PERIOT MENTANENCE FREE INSTALLATION FREE PICKUP FREE - Fridges,449,"[""/content/drive/MyDrive/olx_fridges_dataset/images/fridge_8febc878f3/1.jpg"", ""/content/drive/MyDrive/olx_fridges_dataset/images/fridge_8febc878f3/2.jpg"", ""/content/drive/MyDrive/olx_fridges_dataset/images/fridge_8febc878f3/3.jpg"", ""/content/drive/MyDrive/olx_fridges_dataset/images/fridge_8febc878f3/4.jpg"", ""/content/drive/MyDrive/olx_fridges_dataset/images/fridge_8febc878f3/5.jpg"", ""/content/drive/MyDrive/olx_fridges_dataset/images/fridge_8febc878f3/6.jpg"", ""/content/drive/MyDrive/olx_fridges_dataset/images/fridge_8febc878f3/7.jpg"", ""/content/drive/MyDrive/olx_fridges_dataset/images/fridge_8febc878f3/8.jpg"", ""/content/drive/MyDrive/olx_fridges_dataset/images/fridge_8febc878f3/9.jpg"", ""/content/drive/MyDrive/olx_fridges_dataset/images/fridge_8febc878f3/10.jpg"", ""/content/drive/MyDrive/olx_fridges_dataset/images/fridge_8febc878f3/11.jpg"", ""/content/drive/MyDrive/olx_fridges_dataset/images/fridge_8febc878f3/12.jpg"", ""/content/drive/MyDrive/olx_fridges_dataset/images/fridge_8febc878f3/13.jpg"", ""/content/drive/MyDrive/olx_fridges_dataset/images/fridge_8febc878f3/14.jpg""]",14,2025-12-08 06:18:03.793626
fridge_fd1c37ae03,https://www.olx.in/item/fridges-c1617-marq-by-flipkart-514l-frost-free-side-by-side-refrigerator-in-quil-wath-hyderabad-iid-1828627484,MarQ by flipkart 514L Frost free Side by Side Refrigerator,Neat and excellent service MarQ by flipkart 514L Frost free Side by Side Refrigerator - Fridges,13800,"[""/content/drive/MyDrive/olx_fridges_dataset/images/fridge_fd1c37ae03/1.jpg"", ""/content/drive/MyDrive/olx_fridges_dataset/images/fridge_fd1c37ae03/2.jpg"", ""/content/drive/MyDrive/olx_fridges_dataset/images/fridge_fd1c37ae03/3.jpg"", ""/content/drive/MyDrive/olx_fridges_dataset/images/fridge_fd1c37ae03/4.jpg"", ""/content/drive/MyDrive/olx_fridges_dataset/images/fridge_fd1c37ae03/5.jpg"", ""/content/drive/MyDrive/olx_fridges_dataset/images/fridge_fd1c37ae03/6.jpg"", ""/content/drive/MyDrive/olx_fridges_dataset/images/fridge_fd1c37ae03/7.jpg"", ""/content/drive/MyDrive/olx_fridges_dataset/images/fridge_fd1c37ae03/8.jpg"", ""/content/drive/MyDrive/olx_fridges_dataset/images/fridge_fd1c37ae03/9.jpg"", ""/content/drive/MyDrive/olx_fridges_dataset/images/fridge_fd1c37ae03/10.jpg"", ""/content/drive/MyDrive/olx_fridges_dataset/images/fridge_fd1c37ae03/11.jpg"", ""/content/drive/MyDrive/olx_fridges_dataset/images/fridge_fd1c37ae03/12.jpg"", ""/content/drive/MyDrive/olx_fridges_dataset/images/fridge_fd1c37ae03/13.jpg"", ""/content/drive/MyDrive/olx_fridges_dataset/images/fridge_fd1c37ae03/14.jpg""]",14,2025-12-08 06:18:11.413768
fridge_ea0c768f9b,https://www.olx.in/item/fridges-c1617-whirlpool-washing-machine-65kg-combo-fridge-in-whitefield-bengaluru-iid-1795958976,^¢$¥€∆∆¥ Whirlpool washing machine 6.5kg combo fridge.,Best combo offers available Top load washing machine and refrigerator starting price: 12000 Front load washing machine and refrigerator starting price: 13000 Top load washing machine starting price: 6000 Front load washing machine starting price:7000 Single door fridge starting price:6000 Double door fridge starting price:7000 in a very good working condition with 1 year warranty on motor and 6 months free door step service with free shipping and installation with brand new inlet and outlet pipes with demo Payment mode: Tez/Paytm/COD/Net banking - Fridges,14000,"[""/content/drive/MyDrive/olx_fridges_dataset/images/fridge_ea0c768f9b/1.jpg"", ""/content/drive/MyDrive/olx_fridges_dataset/images/fridge_ea0c768f9b/2.jpg"", ""/content/drive/MyDrive/olx_fridges_dataset/images/fridge_ea0c768f9b/3.jpg"", ""/content/drive/MyDrive/olx_fridges_dataset/images/fridge_ea0c768f9b/4.jpg"", ""/content/drive/MyDrive/olx_fridges_dataset/images/fridge_ea0c768f9b/5.jpg"", ""/content/drive/MyDrive/olx_fridges_dataset/images/fridge_ea0c768f9b/6.jpg"", ""/content/drive/MyDrive/olx_fridges_dataset/images/fridge_ea0c768f9b/7.jpg"", ""/content/drive/MyDrive/olx_fridges_dataset/images/fridge_ea0c768f9b/8.jpg"", ""/content/drive/MyDrive/olx_fridges_dataset/images/fridge_ea0c768f9b/9.jpg"", ""/content/drive/MyDrive/olx_fridges_dataset/images/fridge_ea0c768f9b/10.jpg"", ""/content/drive/MyDrive/olx_fridges_dataset/images/fridge_ea0c768f9b/11.jpg"", ""/content/drive/MyDrive/olx_fridges_dataset/images/fridge_ea0c768f9b/12.jpg"", ""/content/drive/MyDrive/olx_fridges_dataset/images/fridge_ea0c768f9b/13.jpg"", ""/content/drive/MyDrive/olx_fridges_dataset/images/fridge_ea0c768f9b/14.jpg""]",14,2025-12-08 06:18:22.247933
fridge_5a7c3e4021,https://www.olx.in/item/fridges-c1617-godrej-3-star-refrigrator-in-chenchu-guda-hyderabad-iid-1828626901,GODREJ 3 STAR REFRIGRATOR,Refrigrator - Fridges,6900,"[""/content/drive/MyDrive/olx_fridges_dataset/images/fridge_5a7c3e4021/1.jpg"", ""/content/drive/MyDrive/olx_fridges_dataset/images/fridge_5a7c3e4021/2.jpg"", ""/content/drive/MyDrive/olx_fridges_dataset/images/fridge_5a7c3e4021/3.jpg"", ""/content/drive/MyDrive/olx_fridges_dataset/images/fridge_5a7c3e4021/4.jpg"", ""/content/drive/MyDrive/olx_fridges_dataset/images/fridge_5a7c3e4021/5.jpg"", ""/content/drive/MyDrive/olx_fridges_dataset/images/fridge_5a7c3e4021/6.jpg"", ""/content/drive/MyDrive/olx_fridges_dataset/images/fridge_5a7c3e4021/7.jpg"", ""/content/drive/MyDrive/olx_fridges_dataset/images/fridge_5a7c3e4021/8.jpg"", ""/content/drive/MyDrive/olx_fridges_dataset/images/fridge_5a7c3e4021/9.jpg"", ""/content/drive/MyDrive/olx_fridges_dataset/images/fridge_5a7c3e4021/10.jpg"", ""/content/drive/MyDrive/olx_fridges_dataset/images/fridge_5a7c3e4021/11.jpg"", ""/content/drive/MyDrive/olx_fridges_dataset/images/fridge_5a7c3e4021/12.jpg"", ""/content/drive/MyDrive/olx_fridges_dataset/images/fridge_5a7c3e4021/13.jpg"", ""/content/drive/MyDrive/olx_fridges_dataset/images/fridge_5a7c3e4021/14.jpg""]",14,2025-12-08 06:18:32.854105
fridge_df6493ee33,https://www.olx.in/item/fridges-c1617-unused-open-box-multi-brand-fridge-starting-just-at-rs7000-only-in-sector-63-noida-iid-1823785178,Unused Open Box Multi brand Fridge starting just at Rs7000/- only,"Selling Unused fridges.All units are LIKE NEW but have minor cosmetic dents or scratches. These are cosmetic flaws only, with full performance intact. STARTING PRICES BY TYPE: • Single Door Fridges start from just Rs 7,000. • Double Door Fridges start from Rs 11,000. • Triple Door Fridges start from Rs 13,000. • Premium Almirah / Side-by-Side Fridges start from Rs 25,000. Why Buy From Us? Full 1-Year Seller Warranty included with every purchase for guaranteed peace of mind. All are high-quality products ACs, Washing Machines, Fridges, TVs, Ovens... All Types of Electronics. 1-Year Warranty on Everything. That’s Royal Electronics. Location: [Sector 73]. Call/Message NOW for brands, capacity details, and current stock. - Fridges",7000,"[""/content/drive/MyDrive/olx_fridges_dataset/images/fridge_df6493ee33/1.jpg"", ""/content/drive/MyDrive/olx_fridges_dataset/images/fridge_df6493ee33/2.jpg"", ""/content/drive/MyDrive/olx_fridges_dataset/images/fridge_df6493ee33/3.jpg"", ""/content/drive/MyDrive/olx_fridges_dataset/images/fridge_df6493ee33/4.jpg"", ""/content/drive/MyDrive/olx_fridges_dataset/images/fridge_df6493ee33/5.jpg"", ""/content/drive/MyDrive/olx_fridges_dataset/images/fridge_df6493ee33/6.jpg"", ""/content/drive/MyDrive/olx_fridges_dataset/images/fridge_df6493ee33/7.jpg"", ""/content/drive/MyDrive/olx_fridges_dataset/images/fridge_df6493ee33/8.jpg"", ""/content/drive/MyDrive/olx_fridges_dataset/images/fridge_df6493ee33/9.jpg"", ""/content/drive/MyDrive/olx_fridges_dataset/images/fridge_df6493ee33/10.jpg"", ""/content/drive/MyDrive/olx_fridges_dataset/images/fridge_df6493ee33/11.jpg"", ""/content/drive/MyDrive/olx_fridges_dataset/images/fridge_df6493ee33/12.jpg"", ""/content/drive/MyDrive/olx_fridges_dataset/images/fridge_df6493ee33/13.jpg"", ""/content/drive/MyDrive/olx_fridges_dataset/images/fridge_df6493ee33/14.jpg""]",14,2025-12-08 06:18:43.572557
fridge_e64196b65b,https://www.olx.in/item/fridges-c1617-warranty-with-5-years-refrigerator-delivery-free-in-new-panvel-navi-mumbai-iid-1658656256,[ WARRANTY WITH 5 YEAR'S ] REFRIGERATOR [ DELIVERY FREE ],"[ WE HAVING GOOD LOOKING REFRIGERATOR AVAILABLE WITH DELIVERY FREE ] [ FAST DELIVERY AND FAST SERVICE ] [ GOOD SECOND HAND JUST USED ] [ BEST WORKING CONDITION ] * WE CAN PROVIDE APPLIANCES LIKE :- ** '' 1) FRIDGES { SINGAL DOOR , DOUBLE DOOR AND BIG SIZE DOUBLE DOOR AVAILABLE ALSO SIDE BY SIDE AVAILABLE } '' '' 2)WASHING MACHINE { FULLY AUTOMATIC // SEMI AUTOMATIC } '' ** BEST PRICES OF APPLIANCES LIKE:- ** @ 1) FRIDGE :- i) singal door :- 6500 /- TO 8500/- ii) double door :- 8500/- TO 35000/- @ CAPACITY : 190 LITER SINGLE DOOR FRIDGE CAPACITY : 250 LITER START DOUBLE DOOR FRIDGE. @ 2) WASHING MACHINE :- i)fully automatic :- 6500/- TO 12500/- @ CAPACITY : 6 KG TO 8 KG WASHING MACHINE @ 3) WINDOW AC :- i) 1 ton window ac :- 9500 /- {brand :- lg , samsung } ii) 1.5 ton window ac :- 10500/- {brand :- lg , samsung} @ @ 4) SPLIT AC :- i) 1 ton split ac :- 12500/- TO 13500/- ii) 1.5 ton split ac :- 14500/- TO 18500/- @@ JUST 2.5 YEAR USED APPLIANCE @@ *** NOTE :- *** 1) 5 year warranty on compressor of fridge and motor of washing machine. 3) Delivery free all Mumbai/ Thane / Navi Mumbai. 4) Inlet /Outlet pipes free with washing machine . 5) Also available on Rent basis :- i) Rs.700/-per month for washing machine single door fridge ii) Rs.900/-per month for double door fridge[below 280 lit fridge] iii) Rs.900/-per month for 1 ton window Ac iv) Rs.1100/- per month for 1.5 ton window Ac # [ good 50% cash back facility too. ] @ AIR COOL CENTER Shop no. 4 Yadav colony, Near orange tree school, Opposite trans apartment, Mahakali caves road, Andheri East, Mumbai 400093. LAND MARK :- Shri Sathya Sai Baba dharmakshetra & school Contact :- aman Shop time:- 10 am to 10 pm All day open - Fridges",700,"[""/content/drive/MyDrive/olx_fridges_dataset/images/fridge_e64196b65b/1.jpg"", ""/content/drive/MyDrive/olx_fridges_dataset/images/fridge_e64196b65b/2.jpg"", ""/content/drive/MyDrive/olx_fridges_dataset/images/fridge_e64196b65b/3.jpg"", ""/content/drive/MyDrive/olx_fridges_dataset/images/fridge_e64196b65b/4.jpg"", ""/content/drive/MyDrive/olx_fridges_dataset/images/fridge_e64196b65b/5.jpg"", ""/content/drive/MyDrive/olx_fridges_dataset/images/fridge_e64196b65b/6.jpg"", ""/content/drive/MyDrive/olx_fridges_dataset/images/fridge_e64196b65b/7.jpg"", ""/content/drive/MyDrive/olx_fridges_dataset/images/fridge_e64196b65b/8.jpg"", ""/content/drive/MyDrive/olx_fridges_dataset/images/fridge_e64196b65b/9.jpg"", ""/content/drive/MyDrive/olx_fridges_dataset/images/fridge_e64196b65b/10.jpg"", ""/content/drive/MyDrive/olx_fridges_dataset/images/fridge_e64196b65b/11.jpg"", ""/content/drive/MyDrive/olx_fridges_dataset/images/fridge_e64196b65b/12.jpg"", ""/content/drive/MyDrive/olx_fridges_dataset/images/fridge_e64196b65b/13.jpg"", ""/content/drive/MyDrive/olx_fridges_dataset/images/fridge_e64196b65b/14.jpg""]",14,2025-12-08 06:18:54.674450
fridge_899a389681,https://www.olx.in/item/fridges-c1617-whril-pool-in-narayanpura-bengaluru-iid-1828626290,Whril pool,Moving to abroad - Fridges,5000,"[""/content/drive/MyDrive/olx_fridges_dataset/images/fridge_899a389681/1.jpg"", ""/content/drive/MyDrive/olx_fridges_dataset/images/fridge_899a389681/2.jpg"", ""/content/drive/MyDrive/olx_fridges_dataset/images/fridge_899a389681/3.jpg"", ""/content/drive/MyDrive/olx_fridges_dataset/images/fridge_899a389681/4.jpg"", ""/content/drive/MyDrive/olx_fridges_dataset/images/fridge_899a389681/5.jpg"", ""/content/drive/MyDrive/olx_fridges_dataset/images/fridge_899a389681/6.jpg"", ""/content/drive/MyDrive/olx_fridges_dataset/images/fridge_899a389681/7.jpg"", ""/content/drive/MyDrive/olx_fridges_dataset/images/fridge_899a389681/8.jpg"", ""/content/drive/MyDrive/olx_fridges_dataset/images/fridge_899a389681/9.jpg"", ""/content/drive/MyDrive/olx_fridges_dataset/images/fridge_899a389681/10.jpg"", ""/content/drive/MyDrive/olx_fridges_dataset/images/fridge_899a389681/11.jpg"", ""/content/drive/MyDrive/olx_fridges_dataset/images/fridge_899a389681/12.jpg"", ""/content/drive/MyDrive/olx_fridges_dataset/images/fridge_899a389681/13.jpg"", ""/content/drive/MyDrive/olx_fridges_dataset/images/fridge_899a389681/14.jpg""]",14,2025-12-08 06:19:03.644473
fridge_a117cbfcc4,https://www.olx.in/item/fridges-c1617-double-door-lg-refrigerator-3-star-in-prime-city-colony-indore-iid-1827422905,Double door Lg refrigerator 3 star,New taken 5 month used need sell urgent - Fridges,24000,"[""/content/drive/MyDrive/olx_fridges_dataset/images/fridge_a117cbfcc4/1.jpg"", ""/content/drive/MyDrive/olx_fridges_dataset/images/fridge_a117cbfcc4/2.jpg"", ""/content/drive/MyDrive/olx_fridges_dataset/images/fridge_a117cbfcc4/3.jpg"", ""/content/drive/MyDrive/olx_fridges_dataset/images/fridge_a117cbfcc4/4.jpg"", ""/content/drive/MyDrive/olx_fridges_dataset/images/fridge_a117cbfcc4/5.jpg"", ""/content/drive/MyDrive/olx_fridges_dataset/images/fridge_a117cbfcc4/6.jpg"", ""/content/drive/MyDrive/olx_fridges_dataset/images/fridge_a117cbfcc4/7.jpg"", ""/content/drive/MyDrive/olx_fridges_dataset/images/fridge_a117cbfcc4/8.jpg"", ""/content/drive/MyDrive/olx_fridges_dataset/images/fridge_a117cbfcc4/9.jpg"", ""/content/drive/MyDrive/olx_fridges_dataset/images/fridge_a117cbfcc4/10.jpg"", ""/content/drive/MyDrive/olx_fridges_dataset/images/fridge_a117cbfcc4/11.jpg"", ""/content/drive/MyDrive/olx_fridges_dataset/images/fridge_a117cbfcc4/12.jpg"", ""/content/drive/MyDrive/olx_fridges_dataset/images/fridge_a117cbfcc4/13.jpg"", ""/content/drive/MyDrive/olx_fridges_dataset/images/fridge_a117cbfcc4/14.jpg""]",14,2025-12-08 06:19:11.902140
fridge_2707ca7232,https://www.olx.in/item/fridges-c1617-lloyd-single-door-fridge-in-mathvarayapuram-alanthurai-iid-1828625764,Lloyd Single door fridge,"This fridge is used for 5 years, still now no service no complaints at all. Along with stand - Fridges",5000,"[""/content/drive/MyDrive/olx_fridges_dataset/images/fridge_2707ca7232/1.jpg"", ""/content/drive/MyDrive/olx_fridges_dataset/images/fridge_2707ca7232/2.jpg"", ""/content/drive/MyDrive/olx_fridges_dataset/images/fridge_2707ca7232/3.jpg"", ""/content/drive/MyDrive/olx_fridges_dataset/images/fridge_2707ca7232/4.jpg"", ""/content/drive/MyDrive/olx_fridges_dataset/images/fridge_2707ca7232/5.jpg"", ""/content/drive/MyDrive/olx_fridges_dataset/images/fridge_2707ca7232/6.jpg"", ""/content/drive/MyDrive/olx_fridges_dataset/images/fridge_2707ca7232/7.jpg"", ""/content/drive/MyDrive/olx_fridges_dataset/images/fridge_2707ca7232/8.jpg"", ""/content/drive/MyDrive/olx_fridges_dataset/images/fridge_2707ca7232/9.jpg"", ""/content/drive/MyDrive/olx_fridges_dataset/images/fridge_2707ca7232/10.jpg"", ""/content/drive/MyDrive/olx_fridges_dataset/images/fridge_2707ca7232/11.jpg"", ""/content/drive/MyDrive/olx_fridges_dataset/images/fridge_2707ca7232/12.jpg"", ""/content/drive/MyDrive/olx_fridges_dataset/images/fridge_2707ca7232/13.jpg"", ""/content/drive/MyDrive/olx_fridges_dataset/images/fridge_2707ca7232/14.jpg""]",14,2025-12-08 06:19:22.117042
fridge_70d976ba7f,https://www.olx.in/item/fridges-c1617-godrej-fridge-in-azadpur-kalaburagi-iid-1828625990,Godrej fridge,"Godrej fridge in good working condition, timely serviced and maintained with all genuine parts Scratchless and dentless single hand used piece. - Fridges",9000,"[""/content/drive/MyDrive/olx_fridges_dataset/images/fridge_70d976ba7f/1.jpg"", ""/content/drive/MyDrive/olx_fridges_dataset/images/fridge_70d976ba7f/2.jpg"", ""/content/drive/MyDrive/olx_fridges_dataset/images/fridge_70d976ba7f/3.jpg"", ""/content/drive/MyDrive/olx_fridges_dataset/images/fridge_70d976ba7f/4.jpg"", ""/content/drive/MyDrive/olx_fridges_dataset/images/fridge_70d976ba7f/5.jpg"", ""/content/drive/MyDrive/olx_fridges_dataset/images/fridge_70d976ba7f/6.jpg"", ""/content/drive/MyDrive/olx_fridges_dataset/images/fridge_70d976ba7f/7.jpg"", ""/content/drive/MyDrive/olx_fridges_dataset/images/fridge_70d976ba7f/8.jpg"", ""/content/drive/MyDrive/olx_fridges_dataset/images/fridge_70d976ba7f/9.jpg"", ""/content/drive/MyDrive/olx_fridges_dataset/images/fridge_70d976ba7f/10.jpg"", ""/content/drive/MyDrive/olx_fridges_dataset/images/fridge_70d976ba7f/11.jpg"", ""/content/drive/MyDrive/olx_fridges_dataset/images/fridge_70d976ba7f/12.jpg"", ""/content/drive/MyDrive/olx_fridges_dataset/images/fridge_70d976ba7f/13.jpg"", ""/content/drive/MyDrive/olx_fridges_dataset/images/fridge_70d976ba7f/14.jpg""]",14,2025-12-08 06:19:31.470757
fridge_b9bf4ebc17,https://www.olx.in/item/fridges-c1617-under-counter-in-dwarka-delhi-iid-1801221080,Under counter,Under counter 4 feet statics ice cooling proper working condition excellent cooling Interested buyer call me location Delhi Jagatpur - Fridges,30000,"[""/content/drive/MyDrive/olx_fridges_dataset/images/fridge_b9bf4ebc17/1.jpg"", ""/content/drive/MyDrive/olx_fridges_dataset/images/fridge_b9bf4ebc17/2.jpg"", ""/content/drive/MyDrive/olx_fridges_dataset/images/fridge_b9bf4ebc17/3.jpg"", ""/content/drive/MyDrive/olx_fridges_dataset/images/fridge_b9bf4ebc17/4.jpg"", ""/content/drive/MyDrive/olx_fridges_dataset/images/fridge_b9bf4ebc17/5.jpg"", ""/content/drive/MyDrive/olx_fridges_dataset/images/fridge_b9bf4ebc17/6.jpg"", ""/content/drive/MyDrive/olx_fridges_dataset/images/fridge_b9bf4ebc17/7.jpg"", ""/content/drive/MyDrive/olx_fridges_dataset/images/fridge_b9bf4ebc17/8.jpg"", ""/content/drive/MyDrive/olx_fridges_dataset/images/fridge_b9bf4ebc17/9.jpg"", ""/content/drive/MyDrive/olx_fridges_dataset/images/fridge_b9bf4ebc17/10.jpg"", ""/content/drive/MyDrive/olx_fridges_dataset/images/fridge_b9bf4ebc17/11.jpg"", ""/content/drive/MyDrive/olx_fridges_dataset/images/fridge_b9bf4ebc17/12.jpg"", ""/content/drive/MyDrive/olx_fridges_dataset/images/fridge_b9bf4ebc17/13.jpg"", ""/content/drive/MyDrive/olx_fridges_dataset/images/fridge_b9bf4ebc17/14.jpg""]",14,2025-12-08 06:19:40.004931
fridge_dccaacee8c,https://www.olx.in/item/fridges-c1617-lg-refrigerator-5-years-warranty-delivery-free-in-wadghar-village-navi-mumbai-iid-1672490788,[ LG ] REFRIGERATOR [ 5 YEAR'S ] WARRANTY  [ DELIVERY FREE ],"GOOD LOOKING LG DOUBLE DOOR FRIDGE GOOD CONDITION. FAST DELIVERY FREE DELIVERY GOOD SECOND HAND JUST USED APPLIANCES WITH FREE DELIVERY BRAND = LG, SAMSUNG, #* WE CAN PROVIDE APPLIANCES LIKE :- ** '' 1) FRIDGES { SINGAL DOOR , DOUBLE DOOR AND BIG SIZE DOUBLE DOOR AVAILABLE ALSO SIDE BY SIDE AVAILABLE } '' '' 2)WASHING MACHINE { FULLY AUTOMATIC } '' ** BEST PRICES OF APPLIANCES LIKE:- ** @ 1) FRIDGE :- i) singal door :- 6500 /- TO 8500/- ii) double door :- 8500/- TO 35000/- @ [ CAPACITY : 180 LITER ,190 LITER SINGLE DOOR FRIDGE ] [ CAPACITY : 250 LITER TO 600 LITER DOUBLE DOOR FRIDGE ] @ 2) WASHING MACHINE :- i)fully automatic :- 6500/- TO 12500/- @ CAPACITY : [ 6 KG TO 8 KG ] WASHING MACHINE @ 3) WINDOW AC :- i) 1 ton window ac :- 10500 /- {brand :- lg , samsung } ii) 1.5 ton window ac :- 13500/- {brand :- lg , samsung} @ @ 4) SPLIT AC :- i) 1 ton split ac :- 13500/- TO 16500/- ii) 1.5 ton split ac :- 15500/- TO 18500/- @@ JUST 2.5 YEAR USED APPLIANCE @@ *** NOTE :- *** 1) 5 year warranty on compressor of fridge and motor of washing machine. =] ONE ¥€ARS COMPRESSOR WARRANTY ON AC, 3) Delivery free all Mumbai/ Thane / Navi Mumbai. 4) Inlet /Outlet pipes free with washing machine . 5) Also available on Rent basis :- = [ SELLING PRICE IS DEPOSIT ] = =[ MINIMUM DURATION OF SIX MONTHS LOCK ]= i) Rs.800/-per month for washing machine single door fridge ii) Rs.900/-per month for double door fridge[below 280 lit fridge] iii) Rs.900/-per month for 1 ton window Ac iv) Rs.1200/- per month for 1.5 ton window Ac # [ good 50% cash back facility too. ] Contact aman l*Air cool center Shop no. 4 Yadav colony, Near orange tree school, Opposite trans apartment, Mahakali caves road, Landmark :- Shri Sathya Sai Baba dharmakshetra & school Andheri East, Mumbai 400093. Contact no:- 75064. 77944 Shop time:- 10 am to 10 pm All day open - Fridges",800,"[""/content/drive/MyDrive/olx_fridges_dataset/images/fridge_dccaacee8c/1.jpg"", ""/content/drive/MyDrive/olx_fridges_dataset/images/fridge_dccaacee8c/2.jpg"", ""/content/drive/MyDrive/olx_fridges_dataset/images/fridge_dccaacee8c/3.jpg"", ""/content/drive/MyDrive/olx_fridges_dataset/images/fridge_dccaacee8c/4.jpg"", ""/content/drive/MyDrive/olx_fridges_dataset/images/fridge_dccaacee8c/5.jpg"", ""/content/drive/MyDrive/olx_fridges_dataset/images/fridge_dccaacee8c/6.jpg"", ""/content/drive/MyDrive/olx_fridges_dataset/images/fridge_dccaacee8c/7.jpg"", ""/content/drive/MyDrive/olx_fridges_dataset/images/fridge_dccaacee8c/8.jpg"", ""/content/drive/MyDrive/olx_fridges_dataset/images/fridge_dccaacee8c/9.jpg"", ""/content/drive/MyDrive/olx_fridges_dataset/images/fridge_dccaacee8c/10.jpg"", ""/content/drive/MyDrive/olx_fridges_dataset/images/fridge_dccaacee8c/11.jpg"", ""/content/drive/MyDrive/olx_fridges_dataset/images/fridge_dccaacee8c/12.jpg"", ""/content/drive/MyDrive/olx_fridges_dataset/images/fridge_dccaacee8c/13.jpg"", ""/content/drive/MyDrive/olx_fridges_dataset/images/fridge_dccaacee8c/14.jpg""]",14,2025-12-08 06:19:48.852761
fridge_2855313878,https://www.olx.in/item/fridges-c1617-swart-inverter-compressor-10-year-warranty-in-govind-niketan-society-anklesvar-iid-1828065205,Swart inverter compressor 10 year warranty,Smart inverter fridge - Fridges,5000,"[""/content/drive/MyDrive/olx_fridges_dataset/images/fridge_2855313878/1.jpg"", ""/content/drive/MyDrive/olx_fridges_dataset/images/fridge_2855313878/2.jpg"", ""/content/drive/MyDrive/olx_fridges_dataset/images/fridge_2855313878/3.jpg"", ""/content/drive/MyDrive/olx_fridges_dataset/images/fridge_2855313878/4.jpg"", ""/content/drive/MyDrive/olx_fridges_dataset/images/fridge_2855313878/5.jpg"", ""/content/drive/MyDrive/olx_fridges_dataset/images/fridge_2855313878/6.jpg"", ""/content/drive/MyDrive/olx_fridges_dataset/images/fridge_2855313878/7.jpg"", ""/content/drive/MyDrive/olx_fridges_dataset/images/fridge_2855313878/8.jpg"", ""/content/drive/MyDrive/olx_fridges_dataset/images/fridge_2855313878/9.jpg"", ""/content/drive/MyDrive/olx_fridges_dataset/images/fridge_2855313878/10.jpg"", ""/content/drive/MyDrive/olx_fridges_dataset/images/fridge_2855313878/11.jpg"", ""/content/drive/MyDrive/olx_fridges_dataset/images/fridge_2855313878/12.jpg"", ""/content/drive/MyDrive/olx_fridges_dataset/images/fridge_2855313878/13.jpg"", ""/content/drive/MyDrive/olx_fridges_dataset/images/fridge_2855313878/14.jpg""]",14,2025-12-08 06:20:03.717026
fridge_569ae76f59,https://www.olx.in/item/fridges-c1617-single-door-refridgerator-with-30-days-warranty-free-delivery-in-raj-nagar-ghaziabad-iid-1773773024,"Single Door Refridgerator with 30 days warranty , free delivery","Dhingra Electronic Co We deal Gently used and brand new appliances like fridge, washing machines, AC, etc We also give warranty to our products We also provide free delivery at your doorstep - Fridges",4999,"[""/content/drive/MyDrive/olx_fridges_dataset/images/fridge_569ae76f59/1.jpg"", ""/content/drive/MyDrive/olx_fridges_dataset/images/fridge_569ae76f59/2.jpg"", ""/content/drive/MyDrive/olx_fridges_dataset/images/fridge_569ae76f59/3.jpg"", ""/content/drive/MyDrive/olx_fridges_dataset/images/fridge_569ae76f59/4.jpg"", ""/content/drive/MyDrive/olx_fridges_dataset/images/fridge_569ae76f59/5.jpg"", ""/content/drive/MyDrive/olx_fridges_dataset/images/fridge_569ae76f59/6.jpg"", ""/content/drive/MyDrive/olx_fridges_dataset/images/fridge_569ae76f59/7.jpg"", ""/content/drive/MyDrive/olx_fridges_dataset/images/fridge_569ae76f59/8.jpg"", ""/content/drive/MyDrive/olx_fridges_dataset/images/fridge_569ae76f59/9.jpg"", ""/content/drive/MyDrive/olx_fridges_dataset/images/fridge_569ae76f59/10.jpg"", ""/content/drive/MyDrive/olx_fridges_dataset/images/fridge_569ae76f59/11.jpg"", ""/content/drive/MyDrive/olx_fridges_dataset/images/fridge_569ae76f59/12.jpg"", ""/content/drive/MyDrive/olx_fridges_dataset/images/fridge_569ae76f59/13.jpg"", ""/content/drive/MyDrive/olx_fridges_dataset/images/fridge_569ae76f59/14.jpg""]",14,2025-12-08 06:20:18.616744
fridge_f0f05174db,https://www.olx.in/item/fridges-c1617-5-year-warranty-good-looking-fridge-free-delivery-in-dombivli-phase-2-thane-iid-1814466166,5 YEAR WARRANTY GOOD LOOKING ( FRIDGE ) FREE DELIVERY,"@@ WE ARE FROM AIR COOL CENTER . OUR SHOP CAN PROVIDE HARDLY USED APPLIANCES @@ ## BEST 5 YEAR WARRANTY WITH FRIDGES/ WASHING MACHINE AND DELIVERY FREE MUMBAI , THANE , NAVI MUMBAI ## ** WE CAN PROVIDE APPLIANCES LIKE :- ** '' 1) FRIDGES { SINGAL DOOR , DOUBLE DOOR AND BIG SIZE DOUBLE DOOR AVAILABLE ALSO SIDE BY SIDE AVAILABLE } '' '' 2)WASHING MACHINE { FULLY AUTOMATIC } '' '' 3)AC {SPLIT AC AND WINDOW AC } '' ** BEST PRICES OF APPLIANCES LIKE:- ** @ 1) FRIDGE :- i) singal door :- 6500 /- TO 7500/- ii) double door :- 8500/- TO 45000/- @ @ 2) WASHING MACHINE :- i)fully automatic :- 6500/- TO 14500/- @ @ 3) WINDOW AC :- i) 1 ton window ac :- 10500/- TO 13500/- {brand :- lg , samsung } ii) 1.5 ton window ac :- 13500/- TO 16500/- {brand :- lg , samsung} @ @ 4) SPLIT AC :- i) 1 ton split ac :- 13500/- TO 15500/- ii) 1.5 ton split ac :- 15500/- TO 18500/- @ @@ JUST 2 TO 3 YEAR USED APPLIANCE @@ *** NOTE :- *** 1) 5 year warranty on compressor of fridge and motor of washing machine. 2) Delivery free all Mumbai/ Thane / Navi Mumbai. 3) Inlet /Outlet pipes free with washing machine . 4) Also available on Rent basis :- i) Rs.500/-per month for washing machine single door fridge ii) Rs.700/-per month for double door fridge[below 280 lit fridge] iii) Rs.800/-per month for 1 ton window Ac iv) Rs.1000/- per month for 1.5 ton window Ac 6) 50% cash back facility too. $ for more details call us and same number for whatsapp information $ *Air cool centre* More details:- Contact :- aman Shop no. 4 Yadav colony, Near orange tree school, Opposite trans apartment, Mahakali caves road, Andheri East, Mumbai 400093. LAND MARK :- Shri Sathya Sai Baba dharmakshetra & school Shop time:- 10 am to 10 pm All day open R Fr - Fridges",500,"[""/content/drive/MyDrive/olx_fridges_dataset/images/fridge_f0f05174db/1.jpg"", ""/content/drive/MyDrive/olx_fridges_dataset/images/fridge_f0f05174db/2.jpg"", ""/content/drive/MyDrive/olx_fridges_dataset/images/fridge_f0f05174db/3.jpg"", ""/content/drive/MyDrive/olx_fridges_dataset/images/fridge_f0f05174db/4.jpg"", ""/content/drive/MyDrive/olx_fridges_dataset/images/fridge_f0f05174db/5.jpg"", ""/content/drive/MyDrive/olx_fridges_dataset/images/fridge_f0f05174db/6.jpg"", ""/content/drive/MyDrive/olx_fridges_dataset/images/fridge_f0f05174db/7.jpg"", ""/content/drive/MyDrive/olx_fridges_dataset/images/fridge_f0f05174db/8.jpg"", ""/content/drive/MyDrive/olx_fridges_dataset/images/fridge_f0f05174db/9.jpg"", ""/content/drive/MyDrive/olx_fridges_dataset/images/fridge_f0f05174db/10.jpg"", ""/content/drive/MyDrive/olx_fridges_dataset/images/fridge_f0f05174db/11.jpg"", ""/content/drive/MyDrive/olx_fridges_dataset/images/fridge_f0f05174db/12.jpg"", ""/content/drive/MyDrive/olx_fridges_dataset/images/fridge_f0f05174db/13.jpg"", ""/content/drive/MyDrive/olx_fridges_dataset/images/fridge_f0f05174db/14.jpg""]",14,2025-12-08 06:20:26.654759
fridge_9634e1a6a0,https://www.olx.in/item/fridges-c1617-brand-new-open-box-single-door-fridge-starting-just-rs-7000-only-in-sector-73-noida-iid-1823771834,"Brand New Open Box Single Door Fridge Starting just - Rs 7,000/- Only","Selling never-used fridges at massive discounts. All units are BRAND NEW but have minor cosmetic dents or scratches. 0%impact on cooling performance. STARTING PRICES BY TYPE: • Single Door Fridges start from just Rs 7,000. • Double Door Fridges start from Rs 11,000. • Triple Door Fridges start from Rs 13,000. • Premium Almirah / Side-by-Side Fridges start from Rs 25,000. Location: [Sector 73]. DM for more details - Fridges",7000,"[""/content/drive/MyDrive/olx_fridges_dataset/images/fridge_9634e1a6a0/1.jpg"", ""/content/drive/MyDrive/olx_fridges_dataset/images/fridge_9634e1a6a0/2.jpg"", ""/content/drive/MyDrive/olx_fridges_dataset/images/fridge_9634e1a6a0/3.jpg"", ""/content/drive/MyDrive/olx_fridges_dataset/images/fridge_9634e1a6a0/4.jpg"", ""/content/drive/MyDrive/olx_fridges_dataset/images/fridge_9634e1a6a0/5.jpg"", ""/content/drive/MyDrive/olx_fridges_dataset/images/fridge_9634e1a6a0/6.jpg"", ""/content/drive/MyDrive/olx_fridges_dataset/images/fridge_9634e1a6a0/7.jpg"", ""/content/drive/MyDrive/olx_fridges_dataset/images/fridge_9634e1a6a0/8.jpg"", ""/content/drive/MyDrive/olx_fridges_dataset/images/fridge_9634e1a6a0/9.jpg"", ""/content/drive/MyDrive/olx_fridges_dataset/images/fridge_9634e1a6a0/10.jpg"", ""/content/drive/MyDrive/olx_fridges_dataset/images/fridge_9634e1a6a0/11.jpg"", ""/content/drive/MyDrive/olx_fridges_dataset/images/fridge_9634e1a6a0/12.jpg"", ""/content/drive/MyDrive/olx_fridges_dataset/images/fridge_9634e1a6a0/13.jpg"", ""/content/drive/MyDrive/olx_fridges_dataset/images/fridge_9634e1a6a0/14.jpg""]",14,2025-12-08 06:20:38.519837
fridge_e550d1fb0a,https://www.olx.in/item/fridges-c1617-refurbished-refrigerator-in-alagapuram-salem-iid-1828256414,Refurbished Refrigerator,Samsung 190 Litres 5 Star Single Door Good And Excellent Working Condition Well Maintained And Less Used Refrigerator Stabilizer Free Operation 6 Months Warranty Dont Miss it For More Details Press Call Button - Fridges,5500,"[""/content/drive/MyDrive/olx_fridges_dataset/images/fridge_e550d1fb0a/1.jpg"", ""/content/drive/MyDrive/olx_fridges_dataset/images/fridge_e550d1fb0a/2.jpg"", ""/content/drive/MyDrive/olx_fridges_dataset/images/fridge_e550d1fb0a/3.jpg"", ""/content/drive/MyDrive/olx_fridges_dataset/images/fridge_e550d1fb0a/4.jpg"", ""/content/drive/MyDrive/olx_fridges_dataset/images/fridge_e550d1fb0a/5.jpg"", ""/content/drive/MyDrive/olx_fridges_dataset/images/fridge_e550d1fb0a/6.jpg"", ""/content/drive/MyDrive/olx_fridges_dataset/images/fridge_e550d1fb0a/7.jpg"", ""/content/drive/MyDrive/olx_fridges_dataset/images/fridge_e550d1fb0a/8.jpg"", ""/content/drive/MyDrive/olx_fridges_dataset/images/fridge_e550d1fb0a/9.jpg"", ""/content/drive/MyDrive/olx_fridges_dataset/images/fridge_e550d1fb0a/10.jpg"", ""/content/drive/MyDrive/olx_fridges_dataset/images/fridge_e550d1fb0a/11.jpg"", ""/content/drive/MyDrive/olx_fridges_dataset/images/fridge_e550d1fb0a/12.jpg"", ""/content/drive/MyDrive/olx_fridges_dataset/images/fridge_e550d1fb0a/13.jpg"", ""/content/drive/MyDrive/olx_fridges_dataset/images/fridge_e550d1fb0a/14.jpg"", ""/content/drive/MyDrive/olx_fridges_dataset/images/fridge_e550d1fb0a/15.jpg"", ""/content/drive/MyDrive/olx_fridges_dataset/images/fridge_e550d1fb0a/16.jpg""]",16,2025-12-08 06:20:51.647676
fridge_0287a2b1a8,https://www.olx.in/item/fridges-c1617-open-box-unused-fridge-with-some-minor-dent-scarth-starting-just-7000-in-sector-34-noida-iid-1823786127,Open Box Unused Fridge with some Minor dent Scarth starting just 7000/,"Selling Open Box Unused Home Appliances at very reasonable price. All units are LIKE NEW but have minor cosmetic dents or scratches. These are cosmetic flaws only, with full performance intact. STARTING PRICES BY TYPE: • Single Door Fridges start from just Rs 7,000. • Double Door Fridges start from Rs 11,000. • Triple Door Fridges start from Rs 13,000. ACs, Washing Machines, Fridges, TVs, Ovens... All Types of Electronics. 1-Year Warranty on Everything. That’s Royal Electronics. Location: [Sector 73]. - Fridges",7000,"[""/content/drive/MyDrive/olx_fridges_dataset/images/fridge_0287a2b1a8/1.jpg"", ""/content/drive/MyDrive/olx_fridges_dataset/images/fridge_0287a2b1a8/2.jpg"", ""/content/drive/MyDrive/olx_fridges_dataset/images/fridge_0287a2b1a8/3.jpg"", ""/content/drive/MyDrive/olx_fridges_dataset/images/fridge_0287a2b1a8/4.jpg"", ""/content/drive/MyDrive/olx_fridges_dataset/images/fridge_0287a2b1a8/5.jpg"", ""/content/drive/MyDrive/olx_fridges_dataset/images/fridge_0287a2b1a8/6.jpg"", ""/content/drive/MyDrive/olx_fridges_dataset/images/fridge_0287a2b1a8/7.jpg"", ""/content/drive/MyDrive/olx_fridges_dataset/images/fridge_0287a2b1a8/8.jpg"", ""/content/drive/MyDrive/olx_fridges_dataset/images/fridge_0287a2b1a8/9.jpg"", ""/content/drive/MyDrive/olx_fridges_dataset/images/fridge_0287a2b1a8/10.jpg"", ""/content/drive/MyDrive/olx_fridges_dataset/images/fridge_0287a2b1a8/11.jpg"", ""/content/drive/MyDrive/olx_fridges_dataset/images/fridge_0287a2b1a8/12.jpg"", ""/content/drive/MyDrive/olx_fridges_dataset/images/fridge_0287a2b1a8/13.jpg"", ""/content/drive/MyDrive/olx_fridges_dataset/images/fridge_0287a2b1a8/14.jpg""]",14,2025-12-08 06:21:00.302130
fridge_e0bea937c2,https://www.olx.in/item/fridges-c1617-good-looking-fridge-5-years-warranty-delivery-free-in-nilje-gaon-navi-mumbai-iid-1653847676,[ GOOD LOOKING FRIDGE ] 5 YEAR'S WARRANTY [ DELIVERY FREE ],"Good looking fridge and washing machine delivery free. 5 year's compressor warranty Delivery free Fast delivery free in navi mumbai Good second hand home kitchen appliances used products. AIR COOL CENTER Shop no. 4 Yadav colony, Near orange tree school, Opposite trans apartment, Mahakali caves road, Andheri East, Mumbai 400093. LAND MARK :- Shri Sathya Sai Baba dharmakshetra & school Contact :- aman Shop time:- 10 am to 10 pm All day open - Fridges",6500,"[""/content/drive/MyDrive/olx_fridges_dataset/images/fridge_e0bea937c2/1.jpg"", ""/content/drive/MyDrive/olx_fridges_dataset/images/fridge_e0bea937c2/2.jpg"", ""/content/drive/MyDrive/olx_fridges_dataset/images/fridge_e0bea937c2/3.jpg"", ""/content/drive/MyDrive/olx_fridges_dataset/images/fridge_e0bea937c2/4.jpg"", ""/content/drive/MyDrive/olx_fridges_dataset/images/fridge_e0bea937c2/5.jpg"", ""/content/drive/MyDrive/olx_fridges_dataset/images/fridge_e0bea937c2/6.jpg"", ""/content/drive/MyDrive/olx_fridges_dataset/images/fridge_e0bea937c2/7.jpg"", ""/content/drive/MyDrive/olx_fridges_dataset/images/fridge_e0bea937c2/8.jpg"", ""/content/drive/MyDrive/olx_fridges_dataset/images/fridge_e0bea937c2/9.jpg"", ""/content/drive/MyDrive/olx_fridges_dataset/images/fridge_e0bea937c2/10.jpg"", ""/content/drive/MyDrive/olx_fridges_dataset/images/fridge_e0bea937c2/11.jpg"", ""/content/drive/MyDrive/olx_fridges_dataset/images/fridge_e0bea937c2/12.jpg"", ""/content/drive/MyDrive/olx_fridges_dataset/images/fridge_e0bea937c2/13.jpg"", ""/content/drive/MyDrive/olx_fridges_dataset/images/fridge_e0bea937c2/14.jpg""]",14,2025-12-08 06:21:08.565218
fridge_9406280bf3,https://www.olx.in/item/fridges-c1617-refurbished-refrigerator-in-gugai-salem-iid-1823146013,Refurbished Refrigerator,Samsung 528 Litres 4 Star Double Door Good And Excellent Working Condition Well Maintained And Less Used Only Digital Inverter Technology Stabilizer Free Operation 6 Month's Warranty Dont Miss It E Tech Engineering Refrigeration And Air Conditioning - Fridges,24000,"[""/content/drive/MyDrive/olx_fridges_dataset/images/fridge_9406280bf3/1.jpg"", ""/content/drive/MyDrive/olx_fridges_dataset/images/fridge_9406280bf3/2.jpg"", ""/content/drive/MyDrive/olx_fridges_dataset/images/fridge_9406280bf3/3.jpg"", ""/content/drive/MyDrive/olx_fridges_dataset/images/fridge_9406280bf3/4.jpg"", ""/content/drive/MyDrive/olx_fridges_dataset/images/fridge_9406280bf3/5.jpg"", ""/content/drive/MyDrive/olx_fridges_dataset/images/fridge_9406280bf3/6.jpg"", ""/content/drive/MyDrive/olx_fridges_dataset/images/fridge_9406280bf3/7.jpg"", ""/content/drive/MyDrive/olx_fridges_dataset/images/fridge_9406280bf3/8.jpg"", ""/content/drive/MyDrive/olx_fridges_dataset/images/fridge_9406280bf3/9.jpg"", ""/content/drive/MyDrive/olx_fridges_dataset/images/fridge_9406280bf3/10.jpg"", ""/content/drive/MyDrive/olx_fridges_dataset/images/fridge_9406280bf3/11.jpg"", ""/content/drive/MyDrive/olx_fridges_dataset/images/fridge_9406280bf3/12.jpg"", ""/content/drive/MyDrive/olx_fridges_dataset/images/fridge_9406280bf3/13.jpg"", ""/content/drive/MyDrive/olx_fridges_dataset/images/fridge_9406280bf3/14.jpg"", ""/content/drive/MyDrive/olx_fridges_dataset/images/fridge_9406280bf3/15.jpg"", ""/content/drive/MyDrive/olx_fridges_dataset/images/fridge_9406280bf3/16.jpg""]",16,2025-12-08 06:21:18.458761
fridge_a64afedf6a,https://www.olx.in/item/fridges-c1617-good-looking-fridge-5-years-warranty-delivery-free-in-cbd-belapur-navi-mumbai-iid-1655606978,GOOD LOOKING [ FRIDGE ] 5 YEAR'S [ WARRANTY ] DELIVERY FREE,"Good looking fridge available Warranty on fridge 5 year's compressor warranty Delivery free Fast delivery free delivery Fast delivery in Navi mumbai good second hand just 2.5 year's used. AIR COOL CENTER Shop no. 4 Yadav colony, Near orange tree school, Opposite trans apartment, Mahakali caves road, Andheri East, Mumbai 400093. LAND MARK :- Shri Sathya Sai Baba dharmakshetra & school - Fridges",7000,"[""/content/drive/MyDrive/olx_fridges_dataset/images/fridge_a64afedf6a/1.jpg"", ""/content/drive/MyDrive/olx_fridges_dataset/images/fridge_a64afedf6a/2.jpg"", ""/content/drive/MyDrive/olx_fridges_dataset/images/fridge_a64afedf6a/3.jpg"", ""/content/drive/MyDrive/olx_fridges_dataset/images/fridge_a64afedf6a/4.jpg"", ""/content/drive/MyDrive/olx_fridges_dataset/images/fridge_a64afedf6a/5.jpg"", ""/content/drive/MyDrive/olx_fridges_dataset/images/fridge_a64afedf6a/6.jpg"", ""/content/drive/MyDrive/olx_fridges_dataset/images/fridge_a64afedf6a/7.jpg"", ""/content/drive/MyDrive/olx_fridges_dataset/images/fridge_a64afedf6a/8.jpg"", ""/content/drive/MyDrive/olx_fridges_dataset/images/fridge_a64afedf6a/9.jpg"", ""/content/drive/MyDrive/olx_fridges_dataset/images/fridge_a64afedf6a/10.jpg"", ""/content/drive/MyDrive/olx_fridges_dataset/images/fridge_a64afedf6a/11.jpg"", ""/content/drive/MyDrive/olx_fridges_dataset/images/fridge_a64afedf6a/12.jpg"", ""/content/drive/MyDrive/olx_fridges_dataset/images/fridge_a64afedf6a/13.jpg"", ""/content/drive/MyDrive/olx_fridges_dataset/images/fridge_a64afedf6a/14.jpg""]",14,2025-12-08 06:21:27.425078
fridge_ba11efb49e,https://www.olx.in/item/fridges-c1617-godrej-refrigerator-double-door-in-ashtavinayak-nagar-nagpur-iid-1828507998,Godrej Refrigerator double door,Working Good condition 2018 model blue color - Fridges,8000,"[""/content/drive/MyDrive/olx_fridges_dataset/images/fridge_ba11efb49e/1.jpg"", ""/content/drive/MyDrive/olx_fridges_dataset/images/fridge_ba11efb49e/2.jpg"", ""/content/drive/MyDrive/olx_fridges_dataset/images/fridge_ba11efb49e/3.jpg"", ""/content/drive/MyDrive/olx_fridges_dataset/images/fridge_ba11efb49e/4.jpg"", ""/content/drive/MyDrive/olx_fridges_dataset/images/fridge_ba11efb49e/5.jpg"", ""/content/drive/MyDrive/olx_fridges_dataset/images/fridge_ba11efb49e/6.jpg"", ""/content/drive/MyDrive/olx_fridges_dataset/images/fridge_ba11efb49e/7.jpg"", ""/content/drive/MyDrive/olx_fridges_dataset/images/fridge_ba11efb49e/8.jpg"", ""/content/drive/MyDrive/olx_fridges_dataset/images/fridge_ba11efb49e/9.jpg"", ""/content/drive/MyDrive/olx_fridges_dataset/images/fridge_ba11efb49e/10.jpg"", ""/content/drive/MyDrive/olx_fridges_dataset/images/fridge_ba11efb49e/11.jpg"", ""/content/drive/MyDrive/olx_fridges_dataset/images/fridge_ba11efb49e/12.jpg"", ""/content/drive/MyDrive/olx_fridges_dataset/images/fridge_ba11efb49e/13.jpg"", ""/content/drive/MyDrive/olx_fridges_dataset/images/fridge_ba11efb49e/14.jpg""]",14,2025-12-08 06:21:38.167030
fridge_89531b1cd4,https://www.olx.in/item/fridges-c1617-in-vijay-nagar-indore-iid-1775696373,आ जाओ ~ ले जाओ : इंदौर की सबसे बड़ी सेल !!!,"Frige, Washing Machine, LED, A.C., R.O. all appliance available % Direct Godown Sale % *ALL BOX PACKED CONDITION* किश्त सुविधा उपलब्ध Branded Premium Frige Starting Double Door @ 16,990 Single Door @ 9,990 185 ltr to 600 Itr Storage Capacity Frige available. ANDROID SMART LED T.V. available 32/42/50 / 55/65 / 75/95/105 --> All sizes available ( सबसे कम कीमत ::: ब्रांड वारंटी के साथ ) BRANDED: Semi automatic and Fully automatic washing machines available at high discounts. CREDIT CARD EMI OPTION AVAILABLE EASY EMI ADJUSTMENT (3 month/ 6 month/ 12 month) (BAJAJ CARD making facility available) सबसे कम कीमत की गारंटी * With GST BILL and WARRANTY * मध्य प्रदेश में कहीं भी डिलीवरी पाएं * सर्वोत्तम ऑफ़र के लिए हमारे स्टोर पर जाएँ Address- Scheme 54 Vijay Nagar, INDORE Near MARRIOTT HOTEL (Bapat Square) and APOLLO HOSPITAL. Rishabh Enterprise (Electronic Store) --Wholesale and Retail home appliances-- - Fridges",9990,"[""/content/drive/MyDrive/olx_fridges_dataset/images/fridge_89531b1cd4/1.jpg"", ""/content/drive/MyDrive/olx_fridges_dataset/images/fridge_89531b1cd4/2.jpg"", ""/content/drive/MyDrive/olx_fridges_dataset/images/fridge_89531b1cd4/3.jpg"", ""/content/drive/MyDrive/olx_fridges_dataset/images/fridge_89531b1cd4/4.jpg"", ""/content/drive/MyDrive/olx_fridges_dataset/images/fridge_89531b1cd4/5.jpg"", ""/content/drive/MyDrive/olx_fridges_dataset/images/fridge_89531b1cd4/6.jpg"", ""/content/drive/MyDrive/olx_fridges_dataset/images/fridge_89531b1cd4/7.jpg"", ""/content/drive/MyDrive/olx_fridges_dataset/images/fridge_89531b1cd4/8.jpg"", ""/content/drive/MyDrive/olx_fridges_dataset/images/fridge_89531b1cd4/9.jpg"", ""/content/drive/MyDrive/olx_fridges_dataset/images/fridge_89531b1cd4/10.jpg"", ""/content/drive/MyDrive/olx_fridges_dataset/images/fridge_89531b1cd4/11.jpg"", ""/content/drive/MyDrive/olx_fridges_dataset/images/fridge_89531b1cd4/12.jpg"", ""/content/drive/MyDrive/olx_fridges_dataset/images/fridge_89531b1cd4/13.jpg"", ""/content/drive/MyDrive/olx_fridges_dataset/images/fridge_89531b1cd4/14.jpg""]",14,2025-12-08 06:21:54.294553
fridge_9cb4168f3d,https://www.olx.in/item/fridges-c1617-display-counter-for-sale-in-indra-nagar-dehradun-iid-1828625671,Display Counter for sale,One display Counter and all shop material for sale - Fridges,25000,"[""/content/drive/MyDrive/olx_fridges_dataset/images/fridge_9cb4168f3d/1.jpg"", ""/content/drive/MyDrive/olx_fridges_dataset/images/fridge_9cb4168f3d/2.jpg"", ""/content/drive/MyDrive/olx_fridges_dataset/images/fridge_9cb4168f3d/3.jpg"", ""/content/drive/MyDrive/olx_fridges_dataset/images/fridge_9cb4168f3d/4.jpg"", ""/content/drive/MyDrive/olx_fridges_dataset/images/fridge_9cb4168f3d/5.jpg"", ""/content/drive/MyDrive/olx_fridges_dataset/images/fridge_9cb4168f3d/6.jpg"", ""/content/drive/MyDrive/olx_fridges_dataset/images/fridge_9cb4168f3d/7.jpg"", ""/content/drive/MyDrive/olx_fridges_dataset/images/fridge_9cb4168f3d/8.jpg"", ""/content/drive/MyDrive/olx_fridges_dataset/images/fridge_9cb4168f3d/9.jpg"", ""/content/drive/MyDrive/olx_fridges_dataset/images/fridge_9cb4168f3d/10.jpg"", ""/content/drive/MyDrive/olx_fridges_dataset/images/fridge_9cb4168f3d/11.jpg"", ""/content/drive/MyDrive/olx_fridges_dataset/images/fridge_9cb4168f3d/12.jpg"", ""/content/drive/MyDrive/olx_fridges_dataset/images/fridge_9cb4168f3d/13.jpg"", ""/content/drive/MyDrive/olx_fridges_dataset/images/fridge_9cb4168f3d/14.jpg""]",14,2025-12-08 06:22:03.351538
fridge_1f1f5b62fc,https://www.olx.in/item/fridges-c1617-sweet-counter-in-panchsheel-extension-delhi-iid-1822522567,Sweet counter,Sweet counter 5 feet for cake pastry sweets etc very good condition excellent cooling Interested buyer call me location Delhi Jagatpur - Fridges,35000,"[""/content/drive/MyDrive/olx_fridges_dataset/images/fridge_1f1f5b62fc/1.jpg"", ""/content/drive/MyDrive/olx_fridges_dataset/images/fridge_1f1f5b62fc/2.jpg"", ""/content/drive/MyDrive/olx_fridges_dataset/images/fridge_1f1f5b62fc/3.jpg"", ""/content/drive/MyDrive/olx_fridges_dataset/images/fridge_1f1f5b62fc/4.jpg"", ""/content/drive/MyDrive/olx_fridges_dataset/images/fridge_1f1f5b62fc/5.jpg"", ""/content/drive/MyDrive/olx_fridges_dataset/images/fridge_1f1f5b62fc/6.jpg"", ""/content/drive/MyDrive/olx_fridges_dataset/images/fridge_1f1f5b62fc/7.jpg"", ""/content/drive/MyDrive/olx_fridges_dataset/images/fridge_1f1f5b62fc/8.jpg"", ""/content/drive/MyDrive/olx_fridges_dataset/images/fridge_1f1f5b62fc/9.jpg"", ""/content/drive/MyDrive/olx_fridges_dataset/images/fridge_1f1f5b62fc/10.jpg"", ""/content/drive/MyDrive/olx_fridges_dataset/images/fridge_1f1f5b62fc/11.jpg"", ""/content/drive/MyDrive/olx_fridges_dataset/images/fridge_1f1f5b62fc/12.jpg"", ""/content/drive/MyDrive/olx_fridges_dataset/images/fridge_1f1f5b62fc/13.jpg"", ""/content/drive/MyDrive/olx_fridges_dataset/images/fridge_1f1f5b62fc/14.jpg""]",14,2025-12-08 06:22:23.343245
fridge_0f80b3c696,https://www.olx.in/item/fridges-c1617-open-box-unused-mulit-brand-fridge-starting-price-just-7000-only-in-sector-34-noida-iid-1823785589,Open Box Unused Mulit-Brand fridge starting price just 7000/- only,"Selling Open Box Home Appliances at very affordable price fridges and Washing Machine now available. All units are LIKE NEW but have minor cosmetic dents or scratches. These are cosmetic flaws only, with full performance intact. STARTING PRICES BY TYPE: • Single Door Fridges start from just Rs 7,000. • Double Door Fridges start from Rs 11,000. • Triple Door Fridges start from Rs 13,000. • Premium Almirah / Side-by-Side Fridges start from Rs 25,000. Full 1-Year Seller Warranty included with every purchase for guaranteed peace of mind. All are high-quality, energy efficient, HURRY! Stock is limited across all models. Visit our location to view the full range. ACs, Washing Machines, Fridges, TVs, Ovens... All Types of Electronics with . 1-Year seller warranty Shop Location: [Sector 73]. - Fridges",7000,"[""/content/drive/MyDrive/olx_fridges_dataset/images/fridge_0f80b3c696/1.jpg"", ""/content/drive/MyDrive/olx_fridges_dataset/images/fridge_0f80b3c696/2.jpg"", ""/content/drive/MyDrive/olx_fridges_dataset/images/fridge_0f80b3c696/3.jpg"", ""/content/drive/MyDrive/olx_fridges_dataset/images/fridge_0f80b3c696/4.jpg"", ""/content/drive/MyDrive/olx_fridges_dataset/images/fridge_0f80b3c696/5.jpg"", ""/content/drive/MyDrive/olx_fridges_dataset/images/fridge_0f80b3c696/6.jpg"", ""/content/drive/MyDrive/olx_fridges_dataset/images/fridge_0f80b3c696/7.jpg"", ""/content/drive/MyDrive/olx_fridges_dataset/images/fridge_0f80b3c696/8.jpg"", ""/content/drive/MyDrive/olx_fridges_dataset/images/fridge_0f80b3c696/9.jpg"", ""/content/drive/MyDrive/olx_fridges_dataset/images/fridge_0f80b3c696/10.jpg"", ""/content/drive/MyDrive/olx_fridges_dataset/images/fridge_0f80b3c696/11.jpg"", ""/content/drive/MyDrive/olx_fridges_dataset/images/fridge_0f80b3c696/12.jpg"", ""/content/drive/MyDrive/olx_fridges_dataset/images/fridge_0f80b3c696/13.jpg"", ""/content/drive/MyDrive/olx_fridges_dataset/images/fridge_0f80b3c696/14.jpg""]",14,2025-12-08 06:22:35.574687
fridge_7b0410ab7e,https://www.olx.in/item/fridges-c1617-887-pick-any-combo-any-brand-jest-11999-only-prime-electronicss-in-koramangala-bengaluru-iid-1800660639,"887¢~ Pick Any Combo Any Brand @ Jest 11,999/-ONLY PRIME ELECTRONICSS","PRIME ELECTRONICSS HOME APPLIANCES Price range 1.) Top load fully automatic washing machine starts from (5500) 2.) Front load fully automatic washing machine starts from (7000) 3.) Single door refrigerator starts from (6000) 4.) Doble door refrigerator starts from (8000) 5.) Combo offers available refrigerator and washing machine starts from (12000) Delivery : delivery will be done by our experience driver with in 12 hours one's the order is taken Warranty : six months of service warranty and one year moter warranty for the washing machine and one year of compressor warranty for the refrigerator Instalation : we provides institution with new Accessories like inlet and outlet pipes for washing machine Certified every product undergo rigorous testing and are in flawless working condition. Some parts may have been replaced with high-quality, OEM parts to ensure full functionality. Service : one's you raise the complete to the service senter with in 24 to 48 house service will be done COD : we accept gpay/phone pe/cash on delivery. for more details contact - Fridges",11999,"[""/content/drive/MyDrive/olx_fridges_dataset/images/fridge_7b0410ab7e/1.jpg"", ""/content/drive/MyDrive/olx_fridges_dataset/images/fridge_7b0410ab7e/2.jpg"", ""/content/drive/MyDrive/olx_fridges_dataset/images/fridge_7b0410ab7e/3.jpg"", ""/content/drive/MyDrive/olx_fridges_dataset/images/fridge_7b0410ab7e/4.jpg"", ""/content/drive/MyDrive/olx_fridges_dataset/images/fridge_7b0410ab7e/5.jpg"", ""/content/drive/MyDrive/olx_fridges_dataset/images/fridge_7b0410ab7e/6.jpg"", ""/content/drive/MyDrive/olx_fridges_dataset/images/fridge_7b0410ab7e/7.jpg"", ""/content/drive/MyDrive/olx_fridges_dataset/images/fridge_7b0410ab7e/8.jpg"", ""/content/drive/MyDrive/olx_fridges_dataset/images/fridge_7b0410ab7e/9.jpg"", ""/content/drive/MyDrive/olx_fridges_dataset/images/fridge_7b0410ab7e/10.jpg"", ""/content/drive/MyDrive/olx_fridges_dataset/images/fridge_7b0410ab7e/11.jpg"", ""/content/drive/MyDrive/olx_fridges_dataset/images/fridge_7b0410ab7e/12.jpg"", ""/content/drive/MyDrive/olx_fridges_dataset/images/fridge_7b0410ab7e/13.jpg"", ""/content/drive/MyDrive/olx_fridges_dataset/images/fridge_7b0410ab7e/14.jpg""]",14,2025-12-08 06:22:45.002683
fridge_fe38ef4e91,https://www.olx.in/item/fridges-c1617-warranty-5-rs-fridge-and-washing-machine-delivery-free-in-kamothe-navi-mumbai-iid-1655289453,[ WARRANTY ] 5 ¥RS [ FRIDGE AND WASHING MACHINE ] DELIVERY  FREE.,"[ GOOD LOOKING SECOND HAND HOME KITCHEN APPLIANCES USED PRODUCTS WITH DELIVERY AND WARRANTY ] [ FAST DELIVERY AND FAST SERVICE PROVIDE ] [ WE HAVING SINGLE DOOR FRIDGE AND DOUBLE DOOR FRIDGE AVAILABLE ] [ WE HAVING TOP LOAD FULLY AUTOMATIC WASHING MACHINE AVAILABLE ] BRAND [ SAMSUNG, LG, WHIRLPOOL ] # We having best excellent condition electronics items in washing machine, fridge, and ac available. ** WE CAN PROVIDE APPLIANCES LIKE :- ** '' 1) FRIDGES { SINGAL DOOR , DOUBLE DOOR AND BIG SIZE DOUBLE DOOR AVAILABLE ALSO SIDE BY SIDE AVAILABLE } '' '' 2)WASHING MACHINE { FULLY AUTOMATIC // SEMI AUTOMATIC } '' '' 3)AC {SPLIT AC AND WINDOW AC } '' ** BEST PRICES OF APPLIANCES LIKE:- ** @ 1) FRIDGE :- i) singal door :- 6500 /- TO 8500/- ii) double door :- 8500/- TO 35000/- @ @ 2) WASHING MACHINE :- i)fully automatic :- 6500/- TO 15500/- @ @ 3) WINDOW AC :- i) 1 ton window ac :- 10500 /- {brand :- lg , samsung } ii) 1.5 ton window ac :- 13500/- {brand :- lg , samsung} @ @ 4) SPLIT AC :- i) 1 ton split ac :- 13500/- TO 16500/- ii) 1.5 ton split ac :- 15500/- TO 18500/- @ @@ JUST 2.5 YEAR USED APPLIANCE @@ *** NOTE :- *** 1) 5 year warranty on compressor of fridge and motor of washing machine. 3) Delivery free all Mumbai/ Thane / Navi Mumbai. 4) Inlet /Outlet pipes free with washing machine . 5) Also available on Rent basis :- i) Rs.800/-per month for washing machine single door fridge ii) Rs.900/-per month for double door fridge[below 280 lit fridge] iii) Rs.800/-per month for 1 ton window Ac iv) Rs.1000/- per month for 1.5 ton window Ac # { good location shop in Navi mumbai } AIR COOL CENTER Shop no. 4 Yadav colony, Near orange tree school, Opposite trans apartment, Mahakali caves road, Andheri East, Mumbai 400093. LAND MARK :- Shri Sathya Sai Baba dharmakshetra & school - Fridges",800,"[""/content/drive/MyDrive/olx_fridges_dataset/images/fridge_fe38ef4e91/1.jpg"", ""/content/drive/MyDrive/olx_fridges_dataset/images/fridge_fe38ef4e91/2.jpg"", ""/content/drive/MyDrive/olx_fridges_dataset/images/fridge_fe38ef4e91/3.jpg"", ""/content/drive/MyDrive/olx_fridges_dataset/images/fridge_fe38ef4e91/4.jpg"", ""/content/drive/MyDrive/olx_fridges_dataset/images/fridge_fe38ef4e91/5.jpg"", ""/content/drive/MyDrive/olx_fridges_dataset/images/fridge_fe38ef4e91/6.jpg"", ""/content/drive/MyDrive/olx_fridges_dataset/images/fridge_fe38ef4e91/7.jpg"", ""/content/drive/MyDrive/olx_fridges_dataset/images/fridge_fe38ef4e91/8.jpg"", ""/content/drive/MyDrive/olx_fridges_dataset/images/fridge_fe38ef4e91/9.jpg"", ""/content/drive/MyDrive/olx_fridges_dataset/images/fridge_fe38ef4e91/10.jpg"", ""/content/drive/MyDrive/olx_fridges_dataset/images/fridge_fe38ef4e91/11.jpg"", ""/content/drive/MyDrive/olx_fridges_dataset/images/fridge_fe38ef4e91/12.jpg"", ""/content/drive/MyDrive/olx_fridges_dataset/images/fridge_fe38ef4e91/13.jpg"", ""/content/drive/MyDrive/olx_fridges_dataset/images/fridge_fe38ef4e91/14.jpg""]",14,2025-12-08 06:22:54.011095
fridge_aacfb751bd,https://www.olx.in/item/fridges-c1617-offer-5-years-warranty-fridge-washing-machine-available-in-palava-city-mumbai-iid-1823831222,[ OFFER = 5 YEAR'S WARRANTY [ FRIDGE WASHING MACHINE ] AVAILABLE,"= GOOD LOOKING WASHING MACHINE FRIDGE AVAILABLE = FAST DELIVERY AVAILABLE MUMBAI, KALYAN,THANE = GOOD LOOKING BEST WORKING CONDITION. @@ WE ARE FROM AIR COOL CENTER . OUR SHOP CAN PROVIDE HARDLY USED APPLIANCES @@ ## BEST 5 YEAR WARRANTY WITH FRIDGES/ WASHING MACHINE AND DELIVERY FREE MUMBAI , THANE , NAVI MUMBAI ## ** WE CAN PROVIDE APPLIANCES LIKE :- ** '' 1) FRIDGES { SINGAL DOOR , DOUBLE DOOR AND BIG SIZE DOUBLE DOOR AVAILABLE ALSO SIDE BY SIDE AVAILABLE } '' '' 2)WASHING MACHINE { FULLY AUTOMATIC } '' '' 3)AC {SPLIT AC AND WINDOW AC } '' ** BEST PRICES OF APPLIANCES LIKE:- ** @ 1) FRIDGE :- i) singal door :- 6500 /- TO 7500/- ii) double door :- 8500/- TO 45000/- @ @ 2) WASHING MACHINE :- i)fully automatic :- 6500/- TO 14500/- @ @ 3) WINDOW AC :- i) 1 ton window ac :- 10500/- TO 13500/- {brand :- lg , samsung } ii) 1.5 ton window ac :- 13500/- TO 16500/- {brand :- lg , samsung} @ @ 4) SPLIT AC :- i) 1 ton split ac :- 13500/- TO 15500/- ii) 1.5 ton split ac :- 15500/- TO 18500/- @ @@ JUST 2 TO 3 YEAR USED APPLIANCE @@ *** NOTE :- *** 1) 5 year warranty on compressor of fridge and motor of washing machine. 2) Delivery free all Mumbai/ Thane / Navi Mumbai. 3) Inlet /Outlet pipes free with washing machine . 4) Also available on Rent basis :- i) Rs.500/-per month for washing machine single door fridge ii) Rs.700/-per month for double door fridge[below 280 lit fridge] iii) Rs.800/-per month for 1 ton window Ac iv) Rs.1000/- per month for 1.5 ton window Ac 6) 50% cash back facility too. $ for more details call us and same number for whatsapp information $ *Air cool centre* More details:- Contact :- aman Shop no. 4 Yadav colony, Near orange tree school, Opposite trans apartment, Mahakali caves road, Andheri East, Mumbai 400093. LAND MARK :- Shri Sathya Sai Baba dharmakshetra & school Shop time:- 10 am to 10 pm All day open - Fridges",500,"[""/content/drive/MyDrive/olx_fridges_dataset/images/fridge_aacfb751bd/1.jpg"", ""/content/drive/MyDrive/olx_fridges_dataset/images/fridge_aacfb751bd/2.jpg"", ""/content/drive/MyDrive/olx_fridges_dataset/images/fridge_aacfb751bd/3.jpg"", ""/content/drive/MyDrive/olx_fridges_dataset/images/fridge_aacfb751bd/4.jpg"", ""/content/drive/MyDrive/olx_fridges_dataset/images/fridge_aacfb751bd/5.jpg"", ""/content/drive/MyDrive/olx_fridges_dataset/images/fridge_aacfb751bd/6.jpg"", ""/content/drive/MyDrive/olx_fridges_dataset/images/fridge_aacfb751bd/7.jpg"", ""/content/drive/MyDrive/olx_fridges_dataset/images/fridge_aacfb751bd/8.jpg"", ""/content/drive/MyDrive/olx_fridges_dataset/images/fridge_aacfb751bd/9.jpg"", ""/content/drive/MyDrive/olx_fridges_dataset/images/fridge_aacfb751bd/10.jpg"", ""/content/drive/MyDrive/olx_fridges_dataset/images/fridge_aacfb751bd/11.jpg"", ""/content/drive/MyDrive/olx_fridges_dataset/images/fridge_aacfb751bd/12.jpg"", ""/content/drive/MyDrive/olx_fridges_dataset/images/fridge_aacfb751bd/13.jpg"", ""/content/drive/MyDrive/olx_fridges_dataset/images/fridge_aacfb751bd/14.jpg""]",14,2025-12-08 06:23:04.446157
fridge_41bfda0423,https://www.olx.in/item/fridges-c1617-fridge-for-sale-in-new-madhopuri-ludhiana-iid-1828625820,Fridge for Sale,Second hand fridge - Fridges,10000,"[""/content/drive/MyDrive/olx_fridges_dataset/images/fridge_41bfda0423/1.jpg"", ""/content/drive/MyDrive/olx_fridges_dataset/images/fridge_41bfda0423/2.jpg"", ""/content/drive/MyDrive/olx_fridges_dataset/images/fridge_41bfda0423/3.jpg"", ""/content/drive/MyDrive/olx_fridges_dataset/images/fridge_41bfda0423/4.jpg"", ""/content/drive/MyDrive/olx_fridges_dataset/images/fridge_41bfda0423/5.jpg"", ""/content/drive/MyDrive/olx_fridges_dataset/images/fridge_41bfda0423/6.jpg"", ""/content/drive/MyDrive/olx_fridges_dataset/images/fridge_41bfda0423/7.jpg"", ""/content/drive/MyDrive/olx_fridges_dataset/images/fridge_41bfda0423/8.jpg"", ""/content/drive/MyDrive/olx_fridges_dataset/images/fridge_41bfda0423/9.jpg"", ""/content/drive/MyDrive/olx_fridges_dataset/images/fridge_41bfda0423/10.jpg"", ""/content/drive/MyDrive/olx_fridges_dataset/images/fridge_41bfda0423/11.jpg"", ""/content/drive/MyDrive/olx_fridges_dataset/images/fridge_41bfda0423/12.jpg"", ""/content/drive/MyDrive/olx_fridges_dataset/images/fridge_41bfda0423/13.jpg"", ""/content/drive/MyDrive/olx_fridges_dataset/images/fridge_41bfda0423/14.jpg""]",14,2025-12-08 06:23:15.094166
fridge_fabc5f1e3f,https://www.olx.in/item/fridges-c1617-fridge-5000-litter-in-peer-wali-gali-saharanpur-iid-1828626014,Fridge 5000 litter,Bakery fridge - Fridges,22000,"[""/content/drive/MyDrive/olx_fridges_dataset/images/fridge_fabc5f1e3f/1.jpg"", ""/content/drive/MyDrive/olx_fridges_dataset/images/fridge_fabc5f1e3f/2.jpg"", ""/content/drive/MyDrive/olx_fridges_dataset/images/fridge_fabc5f1e3f/3.jpg"", ""/content/drive/MyDrive/olx_fridges_dataset/images/fridge_fabc5f1e3f/4.jpg"", ""/content/drive/MyDrive/olx_fridges_dataset/images/fridge_fabc5f1e3f/5.jpg"", ""/content/drive/MyDrive/olx_fridges_dataset/images/fridge_fabc5f1e3f/6.jpg"", ""/content/drive/MyDrive/olx_fridges_dataset/images/fridge_fabc5f1e3f/7.jpg"", ""/content/drive/MyDrive/olx_fridges_dataset/images/fridge_fabc5f1e3f/8.jpg"", ""/content/drive/MyDrive/olx_fridges_dataset/images/fridge_fabc5f1e3f/9.jpg"", ""/content/drive/MyDrive/olx_fridges_dataset/images/fridge_fabc5f1e3f/10.jpg"", ""/content/drive/MyDrive/olx_fridges_dataset/images/fridge_fabc5f1e3f/11.jpg"", ""/content/drive/MyDrive/olx_fridges_dataset/images/fridge_fabc5f1e3f/12.jpg"", ""/content/drive/MyDrive/olx_fridges_dataset/images/fridge_fabc5f1e3f/13.jpg"", ""/content/drive/MyDrive/olx_fridges_dataset/images/fridge_fabc5f1e3f/14.jpg""]",14,2025-12-08 06:23:23.433770
fridge_086c40d7c2,https://www.olx.in/item/fridges-c1617-5-ears-warranty-refrigerator-washing-machine-delivery-free-in-dombivli-west-mumbai-iid-1656102886,5 ¥EARS WARRANTY [ REFRIGERATOR ] WASHING MACHINE [ DELIVERY FREE ],"GOOD LOOKING SECOND HAND HOME KITCHEN APPLIANCES USED PRODUCTS WITH WARRANTY BEST WORKING CONDITION FAST DELIVERY FREE DELIVERY GOOD LOOKING DOUBLE DOOR FRIDGE AVAILABLE ¶ WARRANTY ¶ =¶ 5 YEAR'S COMPRESSOR WARRANTTY =¶ DELIVERY FREE =¶ FAST DELIVERY =¶ GOOD LOOKING FRIDGE AND WASHING MACHINE AVAILABLE =¶ GOOD WORKING CONDITION [ GOOD SECOND HAND JUST 2/3 YEAR'S USED ] AIR COOL CENTER Shop no. 4 Yadav colony, Near orange tree school, Opposite trans apartment, Mahakali caves road, Andheri East, Mumbai 400093. LAND MARK :- Shri Sathya Sai Baba dharmakshetra & school ALL DAYS OPEN TIME :- 10 AM TO 9 PM Sjksjjj@#$12 - Fridges",7000,"[""/content/drive/MyDrive/olx_fridges_dataset/images/fridge_086c40d7c2/1.jpg"", ""/content/drive/MyDrive/olx_fridges_dataset/images/fridge_086c40d7c2/2.jpg"", ""/content/drive/MyDrive/olx_fridges_dataset/images/fridge_086c40d7c2/3.jpg"", ""/content/drive/MyDrive/olx_fridges_dataset/images/fridge_086c40d7c2/4.jpg"", ""/content/drive/MyDrive/olx_fridges_dataset/images/fridge_086c40d7c2/5.jpg"", ""/content/drive/MyDrive/olx_fridges_dataset/images/fridge_086c40d7c2/6.jpg"", ""/content/drive/MyDrive/olx_fridges_dataset/images/fridge_086c40d7c2/7.jpg"", ""/content/drive/MyDrive/olx_fridges_dataset/images/fridge_086c40d7c2/8.jpg"", ""/content/drive/MyDrive/olx_fridges_dataset/images/fridge_086c40d7c2/9.jpg"", ""/content/drive/MyDrive/olx_fridges_dataset/images/fridge_086c40d7c2/10.jpg"", ""/content/drive/MyDrive/olx_fridges_dataset/images/fridge_086c40d7c2/11.jpg"", ""/content/drive/MyDrive/olx_fridges_dataset/images/fridge_086c40d7c2/12.jpg"", ""/content/drive/MyDrive/olx_fridges_dataset/images/fridge_086c40d7c2/13.jpg"", ""/content/drive/MyDrive/olx_fridges_dataset/images/fridge_086c40d7c2/14.jpg""]",14,2025-12-08 06:23:32.172493
fridge_053d1f27c5,https://www.olx.in/item/fridges-c1617-open-box-fridge-with-some-cosmetic-starting-just-7000-in-sector-76-noida-iid-1823812507,Open Box Fridge with some Cosmetic Starting just 7000/-,"Seller of Open box Deeds with some Cosmetic damage All units are BRAND NEW but have minor cosmetic dents or scratches. 0%impact on cooling performance. STARTING PRICES BY TYPE: • Single Door Fridges start from just Rs 7,000. • Double Door Fridges start from Rs 11,000. • Triple Door Fridges start from Rs 13,000. • Premium Almirah / Side-by-Side Fridges start from Rs 25,000. Why Buy From Us? Full 1-Year Seller Warranty included with every purchase for guaranteed peace of mind. All are energy efficient Shop Location:- Noida Sec 73 Near Metro Sec 52 - Fridges",7000,"[""/content/drive/MyDrive/olx_fridges_dataset/images/fridge_053d1f27c5/1.jpg"", ""/content/drive/MyDrive/olx_fridges_dataset/images/fridge_053d1f27c5/2.jpg"", ""/content/drive/MyDrive/olx_fridges_dataset/images/fridge_053d1f27c5/3.jpg"", ""/content/drive/MyDrive/olx_fridges_dataset/images/fridge_053d1f27c5/4.jpg"", ""/content/drive/MyDrive/olx_fridges_dataset/images/fridge_053d1f27c5/5.jpg"", ""/content/drive/MyDrive/olx_fridges_dataset/images/fridge_053d1f27c5/6.jpg"", ""/content/drive/MyDrive/olx_fridges_dataset/images/fridge_053d1f27c5/7.jpg"", ""/content/drive/MyDrive/olx_fridges_dataset/images/fridge_053d1f27c5/8.jpg"", ""/content/drive/MyDrive/olx_fridges_dataset/images/fridge_053d1f27c5/9.jpg"", ""/content/drive/MyDrive/olx_fridges_dataset/images/fridge_053d1f27c5/10.jpg"", ""/content/drive/MyDrive/olx_fridges_dataset/images/fridge_053d1f27c5/11.jpg"", ""/content/drive/MyDrive/olx_fridges_dataset/images/fridge_053d1f27c5/12.jpg"", ""/content/drive/MyDrive/olx_fridges_dataset/images/fridge_053d1f27c5/13.jpg"", ""/content/drive/MyDrive/olx_fridges_dataset/images/fridge_053d1f27c5/14.jpg""]",14,2025-12-08 06:23:39.703248
fridge_4f0eaf8842,https://www.olx.in/item/fridges-c1617-lg-single-door-fridge-5-years-warranty-delivery-free-in-kalamboli-navi-mumbai-iid-1673968345,[ LG SINGLE DOOR FRIDGE ] 5 YEAR'S WARRANTY [ DELIVERY FREE ],"[ GOOD LOOKING GODREJ SINGLE DOOR FRIDGE WITH WARRANTY ] [ BEST LOOKING AND BEST CONDITION ] [ FAST DELIVERY FREE DELIVERY ] #* WE CAN PROVIDE APPLIANCES LIKE :- ** '' 1) FRIDGES { SINGAL DOOR , DOUBLE DOOR AND BIG SIZE DOUBLE DOOR AVAILABLE ALSO SIDE BY SIDE AVAILABLE } '' '' 2)WASHING MACHINE { FULLY AUTOMATIC } '' ** BEST PRICES OF APPLIANCES LIKE:- ** @ 1) FRIDGE :- i) singal door :- 6500 /- TO 8500/- ii) double door :- 8500/- TO 35000/- @ [ CAPACITY : 180 LITER ,190 LITER SINGLE DOOR FRIDGE ] [ CAPACITY : 250 LITER TO 600 LITER DOUBLE DOOR FRIDGE ] @ 2) WASHING MACHINE :- i)fully automatic :- 6500/- TO 12500/- @ CAPACITY : [ 6 KG TO 8 KG ] WASHING MACHINE @ 3) WINDOW AC :- i) 1 ton window ac :- 10500 /- {brand :- lg , samsung } ii) 1.5 ton window ac :- 14500/- {brand :- lg , samsung} @ @ 4) SPLIT AC :- i) 1 ton split ac :- 13500/- TO 16500/- ii) 1.5 ton split ac :- 15500/- TO 18500/- @@ JUST 2.5 YEAR USED APPLIANCE @@ *** NOTE :- *** 1) 5 year warranty on compressor of fridge and motor of washing machine. =] ONE ¥€ARS COMPRESSOR WARRANTY ON AC, 3) Delivery free all Mumbai/ Thane / Navi Mumbai. 4) Inlet /Outlet pipes free with washing machine . 5) Also available on Rent basis :- = [ SELLING PRICE IS DEPOSIT ] = =[ MINIMUM DURATION OF SIX MONTHS LOCK ]= i) Rs.500/-per month for washing machine single door fridge ii) Rs.1000/-per month for double door fridge[below 280 lit fridge] iii) Rs.1000/-per month for 1 ton window Ac iv) Rs.1200/- per month for 1.5 ton window Ac # [ good 50% cash back facility too. ] AIR COOL CENTER Shop no. 4 Yadav colony, Near orange tree school, Opposite trans apartment, Mahakali caves road, Andheri East, Mumbai 400093. LAND MARK :- Shri Sathya Sai Baba dharmakshetra & school Contact :- aman Shop time:- 10 am to 10 pm All day open - Fridges",500,"[""/content/drive/MyDrive/olx_fridges_dataset/images/fridge_4f0eaf8842/1.jpg"", ""/content/drive/MyDrive/olx_fridges_dataset/images/fridge_4f0eaf8842/2.jpg"", ""/content/drive/MyDrive/olx_fridges_dataset/images/fridge_4f0eaf8842/3.jpg"", ""/content/drive/MyDrive/olx_fridges_dataset/images/fridge_4f0eaf8842/4.jpg"", ""/content/drive/MyDrive/olx_fridges_dataset/images/fridge_4f0eaf8842/5.jpg"", ""/content/drive/MyDrive/olx_fridges_dataset/images/fridge_4f0eaf8842/6.jpg"", ""/content/drive/MyDrive/olx_fridges_dataset/images/fridge_4f0eaf8842/7.jpg"", ""/content/drive/MyDrive/olx_fridges_dataset/images/fridge_4f0eaf8842/8.jpg"", ""/content/drive/MyDrive/olx_fridges_dataset/images/fridge_4f0eaf8842/9.jpg"", ""/content/drive/MyDrive/olx_fridges_dataset/images/fridge_4f0eaf8842/10.jpg"", ""/content/drive/MyDrive/olx_fridges_dataset/images/fridge_4f0eaf8842/11.jpg"", ""/content/drive/MyDrive/olx_fridges_dataset/images/fridge_4f0eaf8842/12.jpg"", ""/content/drive/MyDrive/olx_fridges_dataset/images/fridge_4f0eaf8842/13.jpg"", ""/content/drive/MyDrive/olx_fridges_dataset/images/fridge_4f0eaf8842/14.jpg""]",14,2025-12-08 06:23:47.895138
fridge_9f9febdcf8,https://www.olx.in/item/fridges-c1617-brand-new-open-box-single-door-fridge-starting-just-rs-7000-only-in-sector-34-noida-iid-1823772826,"Brand New Open Box Single Door Fridge Starting just - Rs 7,000/- Only","Selling Brand New Open Box Single Door Fridge Starting just - Rs 7,000/- Only. ROYAL ELECTRONICS Clearance: Get never-used fridges at massive discounts. All units are BRAND NEW but have minor cosmetic dents or scratches. 0%impact on cooling performance. STARTING PRICES BY TYPE: • Single Door Fridges start from just Rs 7,000. • Double Door Fridges start from Rs 11,000. • Triple Door Fridges start from Rs 13,000. • Premium Almirah / Side-by-Side Fridges start from Rs 25,000. ACs, Washing Machines, Fridges, TVs, Ovens... All Types of Electronics. 1-Year Warranty on Everything. That’s Royal Electronics. Shop Location: [Sector 73]. - Fridges",7000,"[""/content/drive/MyDrive/olx_fridges_dataset/images/fridge_9f9febdcf8/1.jpg"", ""/content/drive/MyDrive/olx_fridges_dataset/images/fridge_9f9febdcf8/2.jpg"", ""/content/drive/MyDrive/olx_fridges_dataset/images/fridge_9f9febdcf8/3.jpg"", ""/content/drive/MyDrive/olx_fridges_dataset/images/fridge_9f9febdcf8/4.jpg"", ""/content/drive/MyDrive/olx_fridges_dataset/images/fridge_9f9febdcf8/5.jpg"", ""/content/drive/MyDrive/olx_fridges_dataset/images/fridge_9f9febdcf8/6.jpg"", ""/content/drive/MyDrive/olx_fridges_dataset/images/fridge_9f9febdcf8/7.jpg"", ""/content/drive/MyDrive/olx_fridges_dataset/images/fridge_9f9febdcf8/8.jpg"", ""/content/drive/MyDrive/olx_fridges_dataset/images/fridge_9f9febdcf8/9.jpg"", ""/content/drive/MyDrive/olx_fridges_dataset/images/fridge_9f9febdcf8/10.jpg"", ""/content/drive/MyDrive/olx_fridges_dataset/images/fridge_9f9febdcf8/11.jpg"", ""/content/drive/MyDrive/olx_fridges_dataset/images/fridge_9f9febdcf8/12.jpg"", ""/content/drive/MyDrive/olx_fridges_dataset/images/fridge_9f9febdcf8/13.jpg"", ""/content/drive/MyDrive/olx_fridges_dataset/images/fridge_9f9febdcf8/14.jpg""]",14,2025-12-08 06:23:57.800442
fridge_9c5d8cf81e,https://www.olx.in/item/fridges-c1617-warranty-on-5-years-refrigerator-delivery-free-in-kharghar-navi-mumbai-iid-1770979734,= WARRANTY ON 5 YEAR'S = [ REFRIGERATOR ] DELIVERY FREE,"Best looking fridge and washing machine available Fast delivery free delivery Fast service available HURRY UP.. =GOOD LOOKING SECOND HAND USED PRODUCT = BEST WORKING CONDITION = BRAND= SAMSUNG,LG, WHIRLPOOL, GODREJ, = CAPACITY= 190 LITER SINGLE DOOR = WELL CONDITION = WARRANTY ON FRIDGE = 5 YEAR'S YEAR'S WARRANTY ON COMPRESSOR ON FRIDGE = 5 YEAR'S MOTOR WARRANTY ON WASHING MACHINE = NEW INLET AND OUTLET PIPE FREE = DELIVERY FREE = FAST DELIVERY IN NAVI MUMBAI = BEST LOCATION SHOP IN KHARGHAR NAVI MUMBAI. = SINGLE DOOR FRIDGE AVAILABLE = DOUBLE DOOR FRIDGE AVAILABLE = WASHING MACHINE AVAILABLE = BEST CAPACITY AND PROPER WORKING CONDITION H H H = GOOD SECOND HAND JUST USED PRODUCT. ** FEEL FREE TO CALL & WHATSAPP FOR INQUIRY** *** WE ARE LOCATED AT ** [ AMAN ELECTRONICS ] SHOP NAME :- AMAN ELECTRONICS SHOP NO :- 10 , PLOT NO :- C-1 , TIRUPATI CORNER , SECTOR - 12 , NEAR HP GAS OFFICE , KHARGHAR , NAVI MUMBAI 410210. ALL DAYS OPEN TIME :- 10 AM TO 9 PM H H G @ - Fridges",9500,"[""/content/drive/MyDrive/olx_fridges_dataset/images/fridge_9c5d8cf81e/1.jpg"", ""/content/drive/MyDrive/olx_fridges_dataset/images/fridge_9c5d8cf81e/2.jpg"", ""/content/drive/MyDrive/olx_fridges_dataset/images/fridge_9c5d8cf81e/3.jpg"", ""/content/drive/MyDrive/olx_fridges_dataset/images/fridge_9c5d8cf81e/4.jpg"", ""/content/drive/MyDrive/olx_fridges_dataset/images/fridge_9c5d8cf81e/5.jpg"", ""/content/drive/MyDrive/olx_fridges_dataset/images/fridge_9c5d8cf81e/6.jpg"", ""/content/drive/MyDrive/olx_fridges_dataset/images/fridge_9c5d8cf81e/7.jpg"", ""/content/drive/MyDrive/olx_fridges_dataset/images/fridge_9c5d8cf81e/8.jpg"", ""/content/drive/MyDrive/olx_fridges_dataset/images/fridge_9c5d8cf81e/9.jpg"", ""/content/drive/MyDrive/olx_fridges_dataset/images/fridge_9c5d8cf81e/10.jpg"", ""/content/drive/MyDrive/olx_fridges_dataset/images/fridge_9c5d8cf81e/11.jpg"", ""/content/drive/MyDrive/olx_fridges_dataset/images/fridge_9c5d8cf81e/12.jpg"", ""/content/drive/MyDrive/olx_fridges_dataset/images/fridge_9c5d8cf81e/13.jpg"", ""/content/drive/MyDrive/olx_fridges_dataset/images/fridge_9c5d8cf81e/14.jpg""]",14,2025-12-08 06:24:07.160274
fridge_3a856d3238,https://www.olx.in/item/fridges-c1617-5-years-warranty-fridge-and-washing-machine-delivery-free-in-kamothe-navi-mumbai-iid-1655624481,[ 5 ] YEAR'S WARRANTY [ FRIDGE AND WASHING MACHINE ] DELIVERY FREE.,"Good looking fridge and washing machine available Best working condition Good looking well condition refrigerator * WE CAN PROVIDE APPLIANCES LIKE :- ** '' 1) FRIDGES { SINGAL DOOR , DOUBLE DOOR AND BIG SIZE DOUBLE DOOR AVAILABLE ALSO SIDE BY SIDE AVAILABLE } '' '' 2)WASHING MACHINE { FULLY AUTOMATIC } '' '' 3)AC {SPLIT AC AND WINDOW AC } '' ** BEST PRICES OF APPLIANCES LIKE:- ** @ 1) FRIDGE :- i) singal door :- 6500 /- TO 8500/- ii) double door :- 8500/- TO 32500/- @ @ 2) WASHING MACHINE :- i)fully automatic :- 6500/- TO 13500/- @ @ 3) WINDOW AC :- i) 1 ton window ac :- 10500 /- {brand :- lg , samsung } ii) 1.5 ton window ac :- 14500/- {brand :- lg , samsung} @ @ 4) SPLIT AC :- i) 1 ton split ac :- 13500/- TO 15500/- ii) 1.5 ton split ac :- 14500/- TO 17500/- @ @@ JUST 2.5 YEAR USED APPLIANCE @@ *** NOTE :- *** 1) 5 year warranty on compressor of fridge and motor of washing machine. =6 month compressor warranty on AC, 3) Delivery free all Mumbai/ Thane / Navi Mumbai. 4) Inlet /Outlet pipes free with washing machine . FOR THE DETAILS CALL US AIR COOL CENTER Shop no. 4 Yadav colony, Near orange tree school, Opposite trans apartment, Mahakali caves road, Andheri East, Mumbai 400093. LAND MARK :- Shri Sathya Sai Baba dharmakshetra & school - Fridges",11111,"[""/content/drive/MyDrive/olx_fridges_dataset/images/fridge_3a856d3238/1.jpg"", ""/content/drive/MyDrive/olx_fridges_dataset/images/fridge_3a856d3238/2.jpg"", ""/content/drive/MyDrive/olx_fridges_dataset/images/fridge_3a856d3238/3.jpg"", ""/content/drive/MyDrive/olx_fridges_dataset/images/fridge_3a856d3238/4.jpg"", ""/content/drive/MyDrive/olx_fridges_dataset/images/fridge_3a856d3238/5.jpg"", ""/content/drive/MyDrive/olx_fridges_dataset/images/fridge_3a856d3238/6.jpg"", ""/content/drive/MyDrive/olx_fridges_dataset/images/fridge_3a856d3238/7.jpg"", ""/content/drive/MyDrive/olx_fridges_dataset/images/fridge_3a856d3238/8.jpg"", ""/content/drive/MyDrive/olx_fridges_dataset/images/fridge_3a856d3238/9.jpg"", ""/content/drive/MyDrive/olx_fridges_dataset/images/fridge_3a856d3238/10.jpg"", ""/content/drive/MyDrive/olx_fridges_dataset/images/fridge_3a856d3238/11.jpg"", ""/content/drive/MyDrive/olx_fridges_dataset/images/fridge_3a856d3238/12.jpg"", ""/content/drive/MyDrive/olx_fridges_dataset/images/fridge_3a856d3238/13.jpg"", ""/content/drive/MyDrive/olx_fridges_dataset/images/fridge_3a856d3238/14.jpg""]",14,2025-12-08 06:24:16.460410
fridge_fa6cc7bfbd,https://www.olx.in/item/fridges-c1617-refurbished-refrigerator-in-fair-lands-salem-iid-1823926609,Refurbished Refrigerator,Godrej 190 Litres 3 Star Single Door Good And Excellent Working Condition Well Maintained And Less Used Refrigerator Stabilizer Free Operation 6 Months Warranty Don't Miss It E Tech Engineering Refrigeration And Air Conditioning - Fridges,7500,"[""/content/drive/MyDrive/olx_fridges_dataset/images/fridge_fa6cc7bfbd/1.jpg"", ""/content/drive/MyDrive/olx_fridges_dataset/images/fridge_fa6cc7bfbd/2.jpg"", ""/content/drive/MyDrive/olx_fridges_dataset/images/fridge_fa6cc7bfbd/3.jpg"", ""/content/drive/MyDrive/olx_fridges_dataset/images/fridge_fa6cc7bfbd/4.jpg"", ""/content/drive/MyDrive/olx_fridges_dataset/images/fridge_fa6cc7bfbd/5.jpg"", ""/content/drive/MyDrive/olx_fridges_dataset/images/fridge_fa6cc7bfbd/6.jpg"", ""/content/drive/MyDrive/olx_fridges_dataset/images/fridge_fa6cc7bfbd/7.jpg"", ""/content/drive/MyDrive/olx_fridges_dataset/images/fridge_fa6cc7bfbd/8.jpg"", ""/content/drive/MyDrive/olx_fridges_dataset/images/fridge_fa6cc7bfbd/9.jpg"", ""/content/drive/MyDrive/olx_fridges_dataset/images/fridge_fa6cc7bfbd/10.jpg"", ""/content/drive/MyDrive/olx_fridges_dataset/images/fridge_fa6cc7bfbd/11.jpg"", ""/content/drive/MyDrive/olx_fridges_dataset/images/fridge_fa6cc7bfbd/12.jpg"", ""/content/drive/MyDrive/olx_fridges_dataset/images/fridge_fa6cc7bfbd/13.jpg"", ""/content/drive/MyDrive/olx_fridges_dataset/images/fridge_fa6cc7bfbd/14.jpg"", ""/content/drive/MyDrive/olx_fridges_dataset/images/fridge_fa6cc7bfbd/15.jpg"", ""/content/drive/MyDrive/olx_fridges_dataset/images/fridge_fa6cc7bfbd/16.jpg""]",16,2025-12-08 06:24:35.759483
fridge_d81b3f8cbe,https://www.olx.in/item/fridges-c1617-warranty-on-5-years-refrigerator-delivery-free-in-palava-city-mumbai-iid-1660032099,[ WARRANTY ON 5 YEAR'S ] REFRIGERATOR [ DELIVERY ] FREE,"@@ WE ARE FROM AIR COOL CENTER . OUR SHOP CAN PROVIDE HARDLY USED APPLIANCES @@ ## BEST 5 YEAR WARRANTY WITH FRIDGES/ WASHING MACHINE DELIVERY FREE AND TECHNICIAN SERVICE TO ALL MUMBAI , THANE , NAVI MUMBAI ## ** WE CAN PROVIDE APPLIANCES LIKE :- ** '' 1) FRIDGES { SINGAL DOOR , DOUBLE DOOR AND BIG SIZE DOUBLE DOOR AVAILABLE ALSO SIDE BY SIDE AVAILABLE } '' '' 2)WASHING MACHINE { FULLY AUTOMATIC // SEMI AUTOMATIC } '' '' 3)AC {SPLIT AC AND WINDOW AC } '' ** BEST PRICES OF APPLIANCES LIKE:- ** @ 1) FRIDGE :- i) singal door :- 6500 /- TO 9500/- ii) double door :- 8500/- TO 35000/- Ooybg Ghfgg Ytfh Uggu @ 4) SPLIT AC :- i) 1 ton split ac :- 13500/- TO 17500/- ii) 1.5 ton split ac :- 15500/- TO 18500/- @ @@ JUST 2.5 YEAR USED APPLIANCE @@ *** NOTE :- *** 1) 5 year warranty on compressor of fridge and motor of washing machine. 3) Delivery free all Mumbai/ Thane / Navi Mumbai. 4) Inlet /Outlet pipes free with washing machine . 5) Also available on Rent basis :- i) Rs.500/-per month for washing machine single door fridge ii) Rs.800/-per month for double door fridge[below 280 lit fridge] iii) Rs.900/-per month for 1 ton window Ac iv) Rs.1000/- per month for 1.5 ton window Ac 6) 50% cash back facility too. $ for more details call us and same number for whatsapp information $ AIR COOL CENTER Shop no. 4 Yadav colony, Near orange tree school, Opposite trans apartment, Mahakali caves road, Andheri East, Mumbai 400093. LAND MARK :- Shri Sathya Sai Baba dharmakshetra & school - Fridges",500,"[""/content/drive/MyDrive/olx_fridges_dataset/images/fridge_d81b3f8cbe/1.jpg"", ""/content/drive/MyDrive/olx_fridges_dataset/images/fridge_d81b3f8cbe/2.jpg"", ""/content/drive/MyDrive/olx_fridges_dataset/images/fridge_d81b3f8cbe/3.jpg"", ""/content/drive/MyDrive/olx_fridges_dataset/images/fridge_d81b3f8cbe/4.jpg"", ""/content/drive/MyDrive/olx_fridges_dataset/images/fridge_d81b3f8cbe/5.jpg"", ""/content/drive/MyDrive/olx_fridges_dataset/images/fridge_d81b3f8cbe/6.jpg"", ""/content/drive/MyDrive/olx_fridges_dataset/images/fridge_d81b3f8cbe/7.jpg"", ""/content/drive/MyDrive/olx_fridges_dataset/images/fridge_d81b3f8cbe/8.jpg"", ""/content/drive/MyDrive/olx_fridges_dataset/images/fridge_d81b3f8cbe/9.jpg"", ""/content/drive/MyDrive/olx_fridges_dataset/images/fridge_d81b3f8cbe/10.jpg"", ""/content/drive/MyDrive/olx_fridges_dataset/images/fridge_d81b3f8cbe/11.jpg"", ""/content/drive/MyDrive/olx_fridges_dataset/images/fridge_d81b3f8cbe/12.jpg"", ""/content/drive/MyDrive/olx_fridges_dataset/images/fridge_d81b3f8cbe/13.jpg"", ""/content/drive/MyDrive/olx_fridges_dataset/images/fridge_d81b3f8cbe/14.jpg""]",14,2025-12-08 06:24:42.806289
fridge_aa20b3a0ea,https://www.olx.in/item/fridges-c1617-5-years-warranty-fridge-washing-machine-ac-available-delivery-in-dombivli-east-mumbai-iid-1810928056,[ 5 YEAR'S WARRANTY [ FRIDGE= WASHING MACHINE AC AVAILABLE [ DELIVERY.,"= GOOD LOOKING FRIDGE AVAILABLE = GOOD LOOKING WASHING MACHINE AVAILABLE = GOOD LOOKING WINDOWS AC AVAILABLE = GOOD LOOKING SPLIT AC AVAILABLE [ FAST DELIVERY FREE DELIVERY AVAILABLE BRAND= LG, SAMSUNG, VOLTAS, CARRIER,BLUE STAR,HITACHI, GOOD SECOND HAND JUST USED APPLIANCES #* WE CAN PROVIDE APPLIANCES LIKE :- ** '' 1) FRIDGES { SINGAL DOOR , DOUBLE DOOR AND BIG SIZE DOUBLE DOOR AVAILABLE ALSO SIDE BY SIDE AVAILABLE } '' '' 2)WASHING MACHINE { FULLY AUTOMATIC } '' ** BEST PRICES OF APPLIANCES LIKE:- ** @ 1) FRIDGE :- i) singal door :- 6500 /- TO 8500/- ii) double door :- 8500/- TO 35000/- @ [ CAPACITY : 180 LITER ,190 LITER SINGLE DOOR FRIDGE ] [ CAPACITY : 250 LITER TO 600 LITER DOUBLE DOOR FRIDGE ] @ 2) WASHING MACHINE :- i)fully automatic :- 6500/- TO 12500/- @ CAPACITY : [ 6 KG TO 8 KG ] WASHING MACHINE @ 3) WINDOW AC :- i) 1 ton window ac :- 10500 /- {brand :- lg , samsung } ii) 1.5 ton window ac :- 14500/- {brand :- lg , samsung} @ @ 4) SPLIT AC :- i) 1 ton split ac :- 13500/- TO 14500/- ii) 1.5 ton split ac :- 15500/- TO 18500/- @@ JUST 2.5 YEAR USED APPLIANCE @@ *** NOTE :- *** 1) 5 year warranty on compressor of fridge and motor of washing machine. =] ONE ¥€ARS COMPRESSOR WARRANTY ON AC 3) Delivery free all Mumbai/ Thane / Navi Mumbai. 4) Inlet /Outlet pipes free with washing machine . 5) Also available on Rent basis :- = [ SELLING PRICE IS DEPOSIT ] = =[ MINIMUM DURATION OF SIX MONTHS LOCK ]= i) Rs.800/-per month for washing machine single door fridge ii) Rs.1000/-per month for double door fridge[below 280 lit fridge] iii) Rs.900/-per month for 1 ton window Ac iv) Rs.1000/- per month for 1.5 ton window Ac Shop adress l*Air cool center Shop no. 4 Yadav colony, Near orange tree school, Opposite trans apartment, Mahakali caves road, Andheri East, Mumbai 400093. Shop time:- 10 am to 10 pm All day open - Fridges",800,"[""/content/drive/MyDrive/olx_fridges_dataset/images/fridge_aa20b3a0ea/1.jpg"", ""/content/drive/MyDrive/olx_fridges_dataset/images/fridge_aa20b3a0ea/2.jpg"", ""/content/drive/MyDrive/olx_fridges_dataset/images/fridge_aa20b3a0ea/3.jpg"", ""/content/drive/MyDrive/olx_fridges_dataset/images/fridge_aa20b3a0ea/4.jpg"", ""/content/drive/MyDrive/olx_fridges_dataset/images/fridge_aa20b3a0ea/5.jpg"", ""/content/drive/MyDrive/olx_fridges_dataset/images/fridge_aa20b3a0ea/6.jpg"", ""/content/drive/MyDrive/olx_fridges_dataset/images/fridge_aa20b3a0ea/7.jpg"", ""/content/drive/MyDrive/olx_fridges_dataset/images/fridge_aa20b3a0ea/8.jpg"", ""/content/drive/MyDrive/olx_fridges_dataset/images/fridge_aa20b3a0ea/9.jpg"", ""/content/drive/MyDrive/olx_fridges_dataset/images/fridge_aa20b3a0ea/10.jpg"", ""/content/drive/MyDrive/olx_fridges_dataset/images/fridge_aa20b3a0ea/11.jpg"", ""/content/drive/MyDrive/olx_fridges_dataset/images/fridge_aa20b3a0ea/12.jpg"", ""/content/drive/MyDrive/olx_fridges_dataset/images/fridge_aa20b3a0ea/13.jpg"", ""/content/drive/MyDrive/olx_fridges_dataset/images/fridge_aa20b3a0ea/14.jpg""]",14,2025-12-08 06:24:51.543401
fridge_65d94585e9,https://www.olx.in/item/fridges-c1617-whirlpool-dark-grey-colour-360-litres-2-door-fridge-in-jalpaiguri-station-bazar-area-jalpaiguri-iid-1828626178,Whirlpool dark grey colour 360 litres 2 door fridge,Dark grey whitpool 360 litre fridge 5 year old in good running condition and no scratches. - Fridges,14000,"[""/content/drive/MyDrive/olx_fridges_dataset/images/fridge_65d94585e9/1.jpg"", ""/content/drive/MyDrive/olx_fridges_dataset/images/fridge_65d94585e9/2.jpg"", ""/content/drive/MyDrive/olx_fridges_dataset/images/fridge_65d94585e9/3.jpg"", ""/content/drive/MyDrive/olx_fridges_dataset/images/fridge_65d94585e9/4.jpg"", ""/content/drive/MyDrive/olx_fridges_dataset/images/fridge_65d94585e9/5.jpg"", ""/content/drive/MyDrive/olx_fridges_dataset/images/fridge_65d94585e9/6.jpg"", ""/content/drive/MyDrive/olx_fridges_dataset/images/fridge_65d94585e9/7.jpg"", ""/content/drive/MyDrive/olx_fridges_dataset/images/fridge_65d94585e9/8.jpg"", ""/content/drive/MyDrive/olx_fridges_dataset/images/fridge_65d94585e9/9.jpg"", ""/content/drive/MyDrive/olx_fridges_dataset/images/fridge_65d94585e9/10.jpg"", ""/content/drive/MyDrive/olx_fridges_dataset/images/fridge_65d94585e9/11.jpg"", ""/content/drive/MyDrive/olx_fridges_dataset/images/fridge_65d94585e9/12.jpg"", ""/content/drive/MyDrive/olx_fridges_dataset/images/fridge_65d94585e9/13.jpg"", ""/content/drive/MyDrive/olx_fridges_dataset/images/fridge_65d94585e9/14.jpg""]",14,2025-12-08 06:25:02.528935
fridge_ef24bf318c,https://www.olx.in/item/fridges-c1617-200-lt-deep-freezer-in-narol-village-ahmedabad-iid-1828132882,200 Lt deep freezer,4 year old deep freezer - 3 star - Fridges,10000,"[""/content/drive/MyDrive/olx_fridges_dataset/images/fridge_ef24bf318c/1.jpg"", ""/content/drive/MyDrive/olx_fridges_dataset/images/fridge_ef24bf318c/2.jpg"", ""/content/drive/MyDrive/olx_fridges_dataset/images/fridge_ef24bf318c/3.jpg"", ""/content/drive/MyDrive/olx_fridges_dataset/images/fridge_ef24bf318c/4.jpg"", ""/content/drive/MyDrive/olx_fridges_dataset/images/fridge_ef24bf318c/5.jpg"", ""/content/drive/MyDrive/olx_fridges_dataset/images/fridge_ef24bf318c/6.jpg"", ""/content/drive/MyDrive/olx_fridges_dataset/images/fridge_ef24bf318c/7.jpg"", ""/content/drive/MyDrive/olx_fridges_dataset/images/fridge_ef24bf318c/8.jpg"", ""/content/drive/MyDrive/olx_fridges_dataset/images/fridge_ef24bf318c/9.jpg"", ""/content/drive/MyDrive/olx_fridges_dataset/images/fridge_ef24bf318c/10.jpg"", ""/content/drive/MyDrive/olx_fridges_dataset/images/fridge_ef24bf318c/11.jpg"", ""/content/drive/MyDrive/olx_fridges_dataset/images/fridge_ef24bf318c/12.jpg"", ""/content/drive/MyDrive/olx_fridges_dataset/images/fridge_ef24bf318c/13.jpg"", ""/content/drive/MyDrive/olx_fridges_dataset/images/fridge_ef24bf318c/14.jpg""]",14,2025-12-08 06:25:10.738082
fridge_457ca5ce69,https://www.olx.in/item/fridges-c1617-samsung-energy-saving-inverter-fridge-in-parel-mumbai-iid-1828625769,Samsung energy saving inverter fridge,House shifting - Fridges,4999,"[""/content/drive/MyDrive/olx_fridges_dataset/images/fridge_457ca5ce69/1.jpg"", ""/content/drive/MyDrive/olx_fridges_dataset/images/fridge_457ca5ce69/2.jpg"", ""/content/drive/MyDrive/olx_fridges_dataset/images/fridge_457ca5ce69/3.jpg"", ""/content/drive/MyDrive/olx_fridges_dataset/images/fridge_457ca5ce69/4.jpg"", ""/content/drive/MyDrive/olx_fridges_dataset/images/fridge_457ca5ce69/5.jpg"", ""/content/drive/MyDrive/olx_fridges_dataset/images/fridge_457ca5ce69/6.jpg"", ""/content/drive/MyDrive/olx_fridges_dataset/images/fridge_457ca5ce69/7.jpg"", ""/content/drive/MyDrive/olx_fridges_dataset/images/fridge_457ca5ce69/8.jpg"", ""/content/drive/MyDrive/olx_fridges_dataset/images/fridge_457ca5ce69/9.jpg"", ""/content/drive/MyDrive/olx_fridges_dataset/images/fridge_457ca5ce69/10.jpg"", ""/content/drive/MyDrive/olx_fridges_dataset/images/fridge_457ca5ce69/11.jpg"", ""/content/drive/MyDrive/olx_fridges_dataset/images/fridge_457ca5ce69/12.jpg"", ""/content/drive/MyDrive/olx_fridges_dataset/images/fridge_457ca5ce69/13.jpg"", ""/content/drive/MyDrive/olx_fridges_dataset/images/fridge_457ca5ce69/14.jpg""]",14,2025-12-08 06:25:20.121531
fridge_88e23ff356,https://www.olx.in/item/fridges-c1617-restaurant-dining-sofa-set-for-sale-8-pairs-in-veppampattu-railway-station-chennai-iid-1828625560,Restaurant dining sofa set for sale 8 pairs,"Purchased on march 2025 With bill copy 1,92,000 - Fridges",150000,"[""/content/drive/MyDrive/olx_fridges_dataset/images/fridge_88e23ff356/1.jpg"", ""/content/drive/MyDrive/olx_fridges_dataset/images/fridge_88e23ff356/2.jpg"", ""/content/drive/MyDrive/olx_fridges_dataset/images/fridge_88e23ff356/3.jpg"", ""/content/drive/MyDrive/olx_fridges_dataset/images/fridge_88e23ff356/4.jpg"", ""/content/drive/MyDrive/olx_fridges_dataset/images/fridge_88e23ff356/5.jpg"", ""/content/drive/MyDrive/olx_fridges_dataset/images/fridge_88e23ff356/6.jpg"", ""/content/drive/MyDrive/olx_fridges_dataset/images/fridge_88e23ff356/7.jpg"", ""/content/drive/MyDrive/olx_fridges_dataset/images/fridge_88e23ff356/8.jpg"", ""/content/drive/MyDrive/olx_fridges_dataset/images/fridge_88e23ff356/9.jpg"", ""/content/drive/MyDrive/olx_fridges_dataset/images/fridge_88e23ff356/10.jpg"", ""/content/drive/MyDrive/olx_fridges_dataset/images/fridge_88e23ff356/11.jpg"", ""/content/drive/MyDrive/olx_fridges_dataset/images/fridge_88e23ff356/12.jpg"", ""/content/drive/MyDrive/olx_fridges_dataset/images/fridge_88e23ff356/13.jpg"", ""/content/drive/MyDrive/olx_fridges_dataset/images/fridge_88e23ff356/14.jpg""]",14,2025-12-08 06:25:29.650026
fridge_66ed2f25af,https://www.olx.in/item/fridges-c1617-comerstial-dip-fridge-1year-old-combo-in-mangal-murti-nagar-nashik-iid-1824978051,Comerstial dip fridge 1year old combo,दुकान बंध झाल्या मुळे विकायला काढल आहे. 1 वर्ष चा आहे. बिल पण आहे अजून काही repair नाही केल कसल काम पण नाही केल. Combo ahe. (Ice cream. Cooler) - Fridges,22000,"[""/content/drive/MyDrive/olx_fridges_dataset/images/fridge_66ed2f25af/1.jpg"", ""/content/drive/MyDrive/olx_fridges_dataset/images/fridge_66ed2f25af/2.jpg"", ""/content/drive/MyDrive/olx_fridges_dataset/images/fridge_66ed2f25af/3.jpg"", ""/content/drive/MyDrive/olx_fridges_dataset/images/fridge_66ed2f25af/4.jpg"", ""/content/drive/MyDrive/olx_fridges_dataset/images/fridge_66ed2f25af/5.jpg"", ""/content/drive/MyDrive/olx_fridges_dataset/images/fridge_66ed2f25af/6.jpg"", ""/content/drive/MyDrive/olx_fridges_dataset/images/fridge_66ed2f25af/7.jpg"", ""/content/drive/MyDrive/olx_fridges_dataset/images/fridge_66ed2f25af/8.jpg"", ""/content/drive/MyDrive/olx_fridges_dataset/images/fridge_66ed2f25af/9.jpg"", ""/content/drive/MyDrive/olx_fridges_dataset/images/fridge_66ed2f25af/10.jpg"", ""/content/drive/MyDrive/olx_fridges_dataset/images/fridge_66ed2f25af/11.jpg"", ""/content/drive/MyDrive/olx_fridges_dataset/images/fridge_66ed2f25af/12.jpg"", ""/content/drive/MyDrive/olx_fridges_dataset/images/fridge_66ed2f25af/13.jpg"", ""/content/drive/MyDrive/olx_fridges_dataset/images/fridge_66ed2f25af/14.jpg""]",14,2025-12-08 06:25:39.750206
fridge_39a5eb1126,https://www.olx.in/item/fridges-c1617-good-condition-fridge-in-old-bowenpally-sri-sai-enclave-secunderabad-iid-1827787222,2061 Used Fridges in Old Bowenpally Sri Sai Enclave - Buy & Sell Second Hand Fridges,Buy and sell second hand Fridges in Old Bowenpally Sri Sai Enclave. OLX provides the best Free Online Classified Advertising in India.,15000,"[""/content/drive/MyDrive/olx_fridges_dataset/images/fridge_39a5eb1126/1.jpg"", ""/content/drive/MyDrive/olx_fridges_dataset/images/fridge_39a5eb1126/2.jpg"", ""/content/drive/MyDrive/olx_fridges_dataset/images/fridge_39a5eb1126/3.jpg"", ""/content/drive/MyDrive/olx_fridges_dataset/images/fridge_39a5eb1126/4.jpg"", ""/content/drive/MyDrive/olx_fridges_dataset/images/fridge_39a5eb1126/5.jpg"", ""/content/drive/MyDrive/olx_fridges_dataset/images/fridge_39a5eb1126/6.jpg"", ""/content/drive/MyDrive/olx_fridges_dataset/images/fridge_39a5eb1126/7.jpg"", ""/content/drive/MyDrive/olx_fridges_dataset/images/fridge_39a5eb1126/8.jpg"", ""/content/drive/MyDrive/olx_fridges_dataset/images/fridge_39a5eb1126/9.jpg"", ""/content/drive/MyDrive/olx_fridges_dataset/images/fridge_39a5eb1126/10.jpg"", ""/content/drive/MyDrive/olx_fridges_dataset/images/fridge_39a5eb1126/11.jpg"", ""/content/drive/MyDrive/olx_fridges_dataset/images/fridge_39a5eb1126/12.jpg"", ""/content/drive/MyDrive/olx_fridges_dataset/images/fridge_39a5eb1126/13.jpg"", ""/content/drive/MyDrive/olx_fridges_dataset/images/fridge_39a5eb1126/14.jpg"", ""/content/drive/MyDrive/olx_fridges_dataset/images/fridge_39a5eb1126/15.jpg"", ""/content/drive/MyDrive/olx_fridges_dataset/images/fridge_39a5eb1126/16.jpg"", ""/content/drive/MyDrive/olx_fridges_dataset/images/fridge_39a5eb1126/17.jpg"", ""/content/drive/MyDrive/olx_fridges_dataset/images/fridge_39a5eb1126/18.jpg"", ""/content/drive/MyDrive/olx_fridges_dataset/images/fridge_39a5eb1126/19.jpg"", ""/content/drive/MyDrive/olx_fridges_dataset/images/fridge_39a5eb1126/20.jpg"", ""/content/drive/MyDrive/olx_fridges_dataset/images/fridge_39a5eb1126/21.jpg"", ""/content/drive/MyDrive/olx_fridges_dataset/images/fridge_39a5eb1126/22.jpg"", ""/content/drive/MyDrive/olx_fridges_dataset/images/fridge_39a5eb1126/23.jpg"", ""/content/drive/MyDrive/olx_fridges_dataset/images/fridge_39a5eb1126/24.jpg"", ""/content/drive/MyDrive/olx_fridges_dataset/images/fridge_39a5eb1126/25.jpg"", ""/content/drive/MyDrive/olx_fridges_dataset/images/fridge_39a5eb1126/26.jpg"", ""/content/drive/MyDrive/olx_fridges_dataset/images/fridge_39a5eb1126/27.jpg"", ""/content/drive/MyDrive/olx_fridges_dataset/images/fridge_39a5eb1126/28.jpg"", ""/content/drive/MyDrive/olx_fridges_dataset/images/fridge_39a5eb1126/29.jpg"", ""/content/drive/MyDrive/olx_fridges_dataset/images/fridge_39a5eb1126/30.jpg"", ""/content/drive/MyDrive/olx_fridges_dataset/images/fridge_39a5eb1126/31.jpg"", ""/content/drive/MyDrive/olx_fridges_dataset/images/fridge_39a5eb1126/32.jpg"", ""/content/drive/MyDrive/olx_fridges_dataset/images/fridge_39a5eb1126/33.jpg"", ""/content/drive/MyDrive/olx_fridges_dataset/images/fridge_39a5eb1126/34.jpg"", ""/content/drive/MyDrive/olx_fridges_dataset/images/fridge_39a5eb1126/35.jpg"", ""/content/drive/MyDrive/olx_fridges_dataset/images/fridge_39a5eb1126/36.jpg"", ""/content/drive/MyDrive/olx_fridges_dataset/images/fridge_39a5eb1126/37.jpg"", ""/content/drive/MyDrive/olx_fridges_dataset/images/fridge_39a5eb1126/38.jpg"", ""/content/drive/MyDrive/olx_fridges_dataset/images/fridge_39a5eb1126/39.jpg"", ""/content/drive/MyDrive/olx_fridges_dataset/images/fridge_39a5eb1126/40.jpg"", ""/content/drive/MyDrive/olx_fridges_dataset/images/fridge_39a5eb1126/41.jpg"", ""/content/drive/MyDrive/olx_fridges_dataset/images/fridge_39a5eb1126/42.jpg"", ""/content/drive/MyDrive/olx_fridges_dataset/images/fridge_39a5eb1126/43.jpg"", ""/content/drive/MyDrive/olx_fridges_dataset/images/fridge_39a5eb1126/44.jpg"", ""/content/drive/MyDrive/olx_fridges_dataset/images/fridge_39a5eb1126/45.jpg"", ""/content/drive/MyDrive/olx_fridges_dataset/images/fridge_39a5eb1126/46.jpg"", ""/content/drive/MyDrive/olx_fridges_dataset/images/fridge_39a5eb1126/47.jpg"", ""/content/drive/MyDrive/olx_fridges_dataset/images/fridge_39a5eb1126/48.jpg"", ""/content/drive/MyDrive/olx_fridges_dataset/images/fridge_39a5eb1126/49.jpg"", ""/content/drive/MyDrive/olx_fridges_dataset/images/fridge_39a5eb1126/50.jpg"", ""/content/drive/MyDrive/olx_fridges_dataset/images/fridge_39a5eb1126/51.jpg"", ""/content/drive/MyDrive/olx_fridges_dataset/images/fridge_39a5eb1126/52.jpg"", ""/content/drive/MyDrive/olx_fridges_dataset/images/fridge_39a5eb1126/53.jpg""]",53,2025-12-08 06:26:03.987210
fridge_2447a20fcf,https://www.olx.in/item/fridges-c1617-whirlpool-artice-steel-235-ltr-in-shanthi-layout-bengaluru-iid-1828623115,Whirlpool Artice STEEL (235 Ltr),"Capacity: 231 Litres – suitable for small/medium families Model: Arctic Steel Finish (2024) Type: Frost-Free Double Door Compressor: Inverter Technology (energy-efficient & silent) Built-in Stabilizer: Works without external stabilizer Condition: Good working condition (no cooling issues) Features: Toughened glass shelves, fast ice making, large freezer, modern steel look - Fridges",18000,"[""/content/drive/MyDrive/olx_fridges_dataset/images/fridge_2447a20fcf/1.jpg"", ""/content/drive/MyDrive/olx_fridges_dataset/images/fridge_2447a20fcf/2.jpg"", ""/content/drive/MyDrive/olx_fridges_dataset/images/fridge_2447a20fcf/3.jpg"", ""/content/drive/MyDrive/olx_fridges_dataset/images/fridge_2447a20fcf/4.jpg"", ""/content/drive/MyDrive/olx_fridges_dataset/images/fridge_2447a20fcf/5.jpg"", ""/content/drive/MyDrive/olx_fridges_dataset/images/fridge_2447a20fcf/6.jpg"", ""/content/drive/MyDrive/olx_fridges_dataset/images/fridge_2447a20fcf/7.jpg"", ""/content/drive/MyDrive/olx_fridges_dataset/images/fridge_2447a20fcf/8.jpg"", ""/content/drive/MyDrive/olx_fridges_dataset/images/fridge_2447a20fcf/9.jpg"", ""/content/drive/MyDrive/olx_fridges_dataset/images/fridge_2447a20fcf/10.jpg"", ""/content/drive/MyDrive/olx_fridges_dataset/images/fridge_2447a20fcf/11.jpg"", ""/content/drive/MyDrive/olx_fridges_dataset/images/fridge_2447a20fcf/12.jpg"", ""/content/drive/MyDrive/olx_fridges_dataset/images/fridge_2447a20fcf/13.jpg"", ""/content/drive/MyDrive/olx_fridges_dataset/images/fridge_2447a20fcf/14.jpg""]",14,2025-12-08 06:26:16.548973
fridge_9e8b172070,https://www.olx.in/item/fridges-c1617-whirpool-fridge-3-doors-brand-new-in-model-town-hoshiarpur-iid-1828252230,Whirpool fridge 3 doors brand new,Brand new condition only box open - Fridges,27000,"[""/content/drive/MyDrive/olx_fridges_dataset/images/fridge_9e8b172070/1.jpg"", ""/content/drive/MyDrive/olx_fridges_dataset/images/fridge_9e8b172070/2.jpg"", ""/content/drive/MyDrive/olx_fridges_dataset/images/fridge_9e8b172070/3.jpg"", ""/content/drive/MyDrive/olx_fridges_dataset/images/fridge_9e8b172070/4.jpg"", ""/content/drive/MyDrive/olx_fridges_dataset/images/fridge_9e8b172070/5.jpg"", ""/content/drive/MyDrive/olx_fridges_dataset/images/fridge_9e8b172070/6.jpg"", ""/content/drive/MyDrive/olx_fridges_dataset/images/fridge_9e8b172070/7.jpg"", ""/content/drive/MyDrive/olx_fridges_dataset/images/fridge_9e8b172070/8.jpg"", ""/content/drive/MyDrive/olx_fridges_dataset/images/fridge_9e8b172070/9.jpg"", ""/content/drive/MyDrive/olx_fridges_dataset/images/fridge_9e8b172070/10.jpg"", ""/content/drive/MyDrive/olx_fridges_dataset/images/fridge_9e8b172070/11.jpg"", ""/content/drive/MyDrive/olx_fridges_dataset/images/fridge_9e8b172070/12.jpg"", ""/content/drive/MyDrive/olx_fridges_dataset/images/fridge_9e8b172070/13.jpg"", ""/content/drive/MyDrive/olx_fridges_dataset/images/fridge_9e8b172070/14.jpg""]",14,2025-12-08 06:26:24.849443
fridge_762fa81a27,https://www.olx.in/item/fridges-c1617-samsung-5star-fridge-in-ahmed-nagar-sangareddy-rudraram-industrial-area-iid-1828622331,Samsung 5star Fridge,2015-16 model samsung running fridge - Fridges,5000,"[""/content/drive/MyDrive/olx_fridges_dataset/images/fridge_762fa81a27/1.jpg"", ""/content/drive/MyDrive/olx_fridges_dataset/images/fridge_762fa81a27/2.jpg"", ""/content/drive/MyDrive/olx_fridges_dataset/images/fridge_762fa81a27/3.jpg"", ""/content/drive/MyDrive/olx_fridges_dataset/images/fridge_762fa81a27/4.jpg"", ""/content/drive/MyDrive/olx_fridges_dataset/images/fridge_762fa81a27/5.jpg"", ""/content/drive/MyDrive/olx_fridges_dataset/images/fridge_762fa81a27/6.jpg"", ""/content/drive/MyDrive/olx_fridges_dataset/images/fridge_762fa81a27/7.jpg"", ""/content/drive/MyDrive/olx_fridges_dataset/images/fridge_762fa81a27/8.jpg"", ""/content/drive/MyDrive/olx_fridges_dataset/images/fridge_762fa81a27/9.jpg"", ""/content/drive/MyDrive/olx_fridges_dataset/images/fridge_762fa81a27/10.jpg"", ""/content/drive/MyDrive/olx_fridges_dataset/images/fridge_762fa81a27/11.jpg"", ""/content/drive/MyDrive/olx_fridges_dataset/images/fridge_762fa81a27/12.jpg"", ""/content/drive/MyDrive/olx_fridges_dataset/images/fridge_762fa81a27/13.jpg"", ""/content/drive/MyDrive/olx_fridges_dataset/images/fridge_762fa81a27/14.jpg""]",14,2025-12-08 06:26:32.617021
fridge_e9badbc4e5,https://www.olx.in/item/fridges-c1617-whirlpool-5-star-rating-in-working-condition-in-kengeri-bengaluru-iid-1823286336,Whirlpool 5 Star rating in working condition,"Visit our website for more options: www .yourchoiz. in Flat ₹500 OFF + Cash on Delivery Use code: NAMMAYOURCHOIZ at www .yourchoiz. in Refurbished Appliances at Best Price – Quality You Can Trust! Looking for affordable home appliances without compromising on quality? Our refurbished refrigerators and washing machines are carefully inspected, fully tested, and restored to perfect working condition by experts. Why Choose Us? Fully tested and repaired if needed Professionally cleaned and sanitized Minor cosmetic marks possible, but 100% functional Environment-friendly and budget-friendly Available Products: Single Door Refrigerator – Starting at just ₹5499 Double Door Refrigerator – Starting at ₹7499 Top Load Washing Machine – Starting at ₹5499 Front Load Washing Machine – Starting at ₹7499 Warranty: 1 Year Warranty on Motor and Compressor Free delivery available in Bangalore Visit us today and give your home a smart upgrade at a smart price! - Fridges",500,"[""/content/drive/MyDrive/olx_fridges_dataset/images/fridge_e9badbc4e5/1.jpg"", ""/content/drive/MyDrive/olx_fridges_dataset/images/fridge_e9badbc4e5/2.jpg"", ""/content/drive/MyDrive/olx_fridges_dataset/images/fridge_e9badbc4e5/3.jpg"", ""/content/drive/MyDrive/olx_fridges_dataset/images/fridge_e9badbc4e5/4.jpg"", ""/content/drive/MyDrive/olx_fridges_dataset/images/fridge_e9badbc4e5/5.jpg"", ""/content/drive/MyDrive/olx_fridges_dataset/images/fridge_e9badbc4e5/6.jpg"", ""/content/drive/MyDrive/olx_fridges_dataset/images/fridge_e9badbc4e5/7.jpg"", ""/content/drive/MyDrive/olx_fridges_dataset/images/fridge_e9badbc4e5/8.jpg"", ""/content/drive/MyDrive/olx_fridges_dataset/images/fridge_e9badbc4e5/9.jpg"", ""/content/drive/MyDrive/olx_fridges_dataset/images/fridge_e9badbc4e5/10.jpg"", ""/content/drive/MyDrive/olx_fridges_dataset/images/fridge_e9badbc4e5/11.jpg"", ""/content/drive/MyDrive/olx_fridges_dataset/images/fridge_e9badbc4e5/12.jpg"", ""/content/drive/MyDrive/olx_fridges_dataset/images/fridge_e9badbc4e5/13.jpg"", ""/content/drive/MyDrive/olx_fridges_dataset/images/fridge_e9badbc4e5/14.jpg""]",14,2025-12-08 06:26:39.949434
fridge_df2f61c382,https://www.olx.in/item/fridges-c1617-lg-life-good-firde-with-308l-storage-in-ajaywadi-bhavnagar-iid-1828621833,LG LIFE GOOD FIRDE WITH 308L STORAGE,Best fridge good condition of LG 2019 model Temperature controlling function Budget friendly - Fridges,23000,"[""/content/drive/MyDrive/olx_fridges_dataset/images/fridge_df2f61c382/1.jpg"", ""/content/drive/MyDrive/olx_fridges_dataset/images/fridge_df2f61c382/2.jpg"", ""/content/drive/MyDrive/olx_fridges_dataset/images/fridge_df2f61c382/3.jpg"", ""/content/drive/MyDrive/olx_fridges_dataset/images/fridge_df2f61c382/4.jpg"", ""/content/drive/MyDrive/olx_fridges_dataset/images/fridge_df2f61c382/5.jpg"", ""/content/drive/MyDrive/olx_fridges_dataset/images/fridge_df2f61c382/6.jpg"", ""/content/drive/MyDrive/olx_fridges_dataset/images/fridge_df2f61c382/7.jpg"", ""/content/drive/MyDrive/olx_fridges_dataset/images/fridge_df2f61c382/8.jpg"", ""/content/drive/MyDrive/olx_fridges_dataset/images/fridge_df2f61c382/9.jpg"", ""/content/drive/MyDrive/olx_fridges_dataset/images/fridge_df2f61c382/10.jpg"", ""/content/drive/MyDrive/olx_fridges_dataset/images/fridge_df2f61c382/11.jpg"", ""/content/drive/MyDrive/olx_fridges_dataset/images/fridge_df2f61c382/12.jpg"", ""/content/drive/MyDrive/olx_fridges_dataset/images/fridge_df2f61c382/13.jpg"", ""/content/drive/MyDrive/olx_fridges_dataset/images/fridge_df2f61c382/14.jpg""]",14,2025-12-08 06:26:51.611084
fridge_fc04008533,https://www.olx.in/item/fridges-c1617-fridge-samsung-4-star-in-kadavanthra-kochi-iid-1828622780,Fridge Samsung 4 star,Samsung fridge Good working With fridge stand 4 * - Fridges,5000,"[""/content/drive/MyDrive/olx_fridges_dataset/images/fridge_fc04008533/1.jpg"", ""/content/drive/MyDrive/olx_fridges_dataset/images/fridge_fc04008533/2.jpg"", ""/content/drive/MyDrive/olx_fridges_dataset/images/fridge_fc04008533/3.jpg"", ""/content/drive/MyDrive/olx_fridges_dataset/images/fridge_fc04008533/4.jpg"", ""/content/drive/MyDrive/olx_fridges_dataset/images/fridge_fc04008533/5.jpg"", ""/content/drive/MyDrive/olx_fridges_dataset/images/fridge_fc04008533/6.jpg"", ""/content/drive/MyDrive/olx_fridges_dataset/images/fridge_fc04008533/7.jpg"", ""/content/drive/MyDrive/olx_fridges_dataset/images/fridge_fc04008533/8.jpg"", ""/content/drive/MyDrive/olx_fridges_dataset/images/fridge_fc04008533/9.jpg"", ""/content/drive/MyDrive/olx_fridges_dataset/images/fridge_fc04008533/10.jpg"", ""/content/drive/MyDrive/olx_fridges_dataset/images/fridge_fc04008533/11.jpg"", ""/content/drive/MyDrive/olx_fridges_dataset/images/fridge_fc04008533/12.jpg"", ""/content/drive/MyDrive/olx_fridges_dataset/images/fridge_fc04008533/13.jpg"", ""/content/drive/MyDrive/olx_fridges_dataset/images/fridge_fc04008533/14.jpg""]",14,2025-12-08 06:27:00.025751
fridge_f0a0a694b8,https://www.olx.in/item/fridges-c1617-own-working-condition-in-sarthana-jakatnaka-surat-iid-1817826994,Own working condition,Own working condition - Fridges,900,"[""/content/drive/MyDrive/olx_fridges_dataset/images/fridge_f0a0a694b8/1.jpg"", ""/content/drive/MyDrive/olx_fridges_dataset/images/fridge_f0a0a694b8/2.jpg"", ""/content/drive/MyDrive/olx_fridges_dataset/images/fridge_f0a0a694b8/3.jpg"", ""/content/drive/MyDrive/olx_fridges_dataset/images/fridge_f0a0a694b8/4.jpg"", ""/content/drive/MyDrive/olx_fridges_dataset/images/fridge_f0a0a694b8/5.jpg"", ""/content/drive/MyDrive/olx_fridges_dataset/images/fridge_f0a0a694b8/6.jpg"", ""/content/drive/MyDrive/olx_fridges_dataset/images/fridge_f0a0a694b8/7.jpg"", ""/content/drive/MyDrive/olx_fridges_dataset/images/fridge_f0a0a694b8/8.jpg"", ""/content/drive/MyDrive/olx_fridges_dataset/images/fridge_f0a0a694b8/9.jpg"", ""/content/drive/MyDrive/olx_fridges_dataset/images/fridge_f0a0a694b8/10.jpg"", ""/content/drive/MyDrive/olx_fridges_dataset/images/fridge_f0a0a694b8/11.jpg"", ""/content/drive/MyDrive/olx_fridges_dataset/images/fridge_f0a0a694b8/12.jpg"", ""/content/drive/MyDrive/olx_fridges_dataset/images/fridge_f0a0a694b8/13.jpg"", ""/content/drive/MyDrive/olx_fridges_dataset/images/fridge_f0a0a694b8/14.jpg""]",14,2025-12-08 06:27:09.582742
fridge_ef4f20d3ec,https://www.olx.in/item/fridges-c1617-whirlpool-freeze-in-piplod-surat-iid-1827098971,whirlpool freeze,200 liter 10 years old 10000 manish give your mob no i will call you muje mob no bhejo me call karunga. piplod - Fridges,6500,"[""/content/drive/MyDrive/olx_fridges_dataset/images/fridge_ef4f20d3ec/1.jpg"", ""/content/drive/MyDrive/olx_fridges_dataset/images/fridge_ef4f20d3ec/2.jpg"", ""/content/drive/MyDrive/olx_fridges_dataset/images/fridge_ef4f20d3ec/3.jpg"", ""/content/drive/MyDrive/olx_fridges_dataset/images/fridge_ef4f20d3ec/4.jpg"", ""/content/drive/MyDrive/olx_fridges_dataset/images/fridge_ef4f20d3ec/5.jpg"", ""/content/drive/MyDrive/olx_fridges_dataset/images/fridge_ef4f20d3ec/6.jpg"", ""/content/drive/MyDrive/olx_fridges_dataset/images/fridge_ef4f20d3ec/7.jpg"", ""/content/drive/MyDrive/olx_fridges_dataset/images/fridge_ef4f20d3ec/8.jpg"", ""/content/drive/MyDrive/olx_fridges_dataset/images/fridge_ef4f20d3ec/9.jpg"", ""/content/drive/MyDrive/olx_fridges_dataset/images/fridge_ef4f20d3ec/10.jpg"", ""/content/drive/MyDrive/olx_fridges_dataset/images/fridge_ef4f20d3ec/11.jpg"", ""/content/drive/MyDrive/olx_fridges_dataset/images/fridge_ef4f20d3ec/12.jpg"", ""/content/drive/MyDrive/olx_fridges_dataset/images/fridge_ef4f20d3ec/13.jpg"", ""/content/drive/MyDrive/olx_fridges_dataset/images/fridge_ef4f20d3ec/14.jpg""]",14,2025-12-08 06:27:17.800984
fridge_e57987828f,https://www.olx.in/item/fridges-c1617-refrigerator-in-ramanthapur-hyderabad-iid-1828622294,Refrigerator,"Frige for bachelors, family, or fast food centers With good working condition @ 4999 - Fridges",4999,"[""/content/drive/MyDrive/olx_fridges_dataset/images/fridge_e57987828f/1.jpg"", ""/content/drive/MyDrive/olx_fridges_dataset/images/fridge_e57987828f/2.jpg"", ""/content/drive/MyDrive/olx_fridges_dataset/images/fridge_e57987828f/3.jpg"", ""/content/drive/MyDrive/olx_fridges_dataset/images/fridge_e57987828f/4.jpg"", ""/content/drive/MyDrive/olx_fridges_dataset/images/fridge_e57987828f/5.jpg"", ""/content/drive/MyDrive/olx_fridges_dataset/images/fridge_e57987828f/6.jpg"", ""/content/drive/MyDrive/olx_fridges_dataset/images/fridge_e57987828f/7.jpg"", ""/content/drive/MyDrive/olx_fridges_dataset/images/fridge_e57987828f/8.jpg"", ""/content/drive/MyDrive/olx_fridges_dataset/images/fridge_e57987828f/9.jpg"", ""/content/drive/MyDrive/olx_fridges_dataset/images/fridge_e57987828f/10.jpg"", ""/content/drive/MyDrive/olx_fridges_dataset/images/fridge_e57987828f/11.jpg"", ""/content/drive/MyDrive/olx_fridges_dataset/images/fridge_e57987828f/12.jpg"", ""/content/drive/MyDrive/olx_fridges_dataset/images/fridge_e57987828f/13.jpg"", ""/content/drive/MyDrive/olx_fridges_dataset/images/fridge_e57987828f/14.jpg""]",14,2025-12-08 06:27:28.593461
fridge_27f102301f,https://www.olx.in/item/fridges-c1617-good-condition-fridge-in-shahu-colony-gargoti-iid-1828621431,Good Condition fridge,Selling due getting new in marriage - Fridges,2500,"[""/content/drive/MyDrive/olx_fridges_dataset/images/fridge_27f102301f/1.jpg"", ""/content/drive/MyDrive/olx_fridges_dataset/images/fridge_27f102301f/2.jpg"", ""/content/drive/MyDrive/olx_fridges_dataset/images/fridge_27f102301f/3.jpg"", ""/content/drive/MyDrive/olx_fridges_dataset/images/fridge_27f102301f/4.jpg"", ""/content/drive/MyDrive/olx_fridges_dataset/images/fridge_27f102301f/5.jpg"", ""/content/drive/MyDrive/olx_fridges_dataset/images/fridge_27f102301f/6.jpg"", ""/content/drive/MyDrive/olx_fridges_dataset/images/fridge_27f102301f/7.jpg"", ""/content/drive/MyDrive/olx_fridges_dataset/images/fridge_27f102301f/8.jpg"", ""/content/drive/MyDrive/olx_fridges_dataset/images/fridge_27f102301f/9.jpg"", ""/content/drive/MyDrive/olx_fridges_dataset/images/fridge_27f102301f/10.jpg"", ""/content/drive/MyDrive/olx_fridges_dataset/images/fridge_27f102301f/11.jpg"", ""/content/drive/MyDrive/olx_fridges_dataset/images/fridge_27f102301f/12.jpg"", ""/content/drive/MyDrive/olx_fridges_dataset/images/fridge_27f102301f/13.jpg"", ""/content/drive/MyDrive/olx_fridges_dataset/images/fridge_27f102301f/14.jpg""]",14,2025-12-08 06:27:36.325327
fridge_d40d568b13,https://www.olx.in/item/fridges-c1617-slightly-used-fridge-and-washing-machine-available-with-free-delivery-in-mathikere-bengaluru-iid-1813639191,Slightly Used Fridge and washing machine available with free delivery.,"Find Affordable Brand New Factory out & Second hand Appliances with Warranty in Bengaluru at Cool Craft Electronics Bengaluru We offer a wide range of top-brand, gently used appliances, including energy efficient used refrigerators and second hand washing machine in Bengaluru Our inventory includes energy efficient second hand single door price starts @ ₹5499. used double door refrigerator price stars @ 7999. Combo offer price starts @ 12499 Our refurbished refrigerators & refurbished washing machines are top-performing, and we are the best place to find used washing machines and used refrigerators in Bengaluru. Our second hand refrigerators and second hand washing machines are thoroughly inspected and cleaned & ready to use. Do you offer warranty on refurbished home appliances? Absolutely! Each appliance comes with a 1-year GUARANTEE, plus 1 year of FREE SERVICES and FREE DELIVERY across Bengaluru. - Fridges",5499,"[""/content/drive/MyDrive/olx_fridges_dataset/images/fridge_d40d568b13/1.jpg"", ""/content/drive/MyDrive/olx_fridges_dataset/images/fridge_d40d568b13/2.jpg"", ""/content/drive/MyDrive/olx_fridges_dataset/images/fridge_d40d568b13/3.jpg"", ""/content/drive/MyDrive/olx_fridges_dataset/images/fridge_d40d568b13/4.jpg"", ""/content/drive/MyDrive/olx_fridges_dataset/images/fridge_d40d568b13/5.jpg"", ""/content/drive/MyDrive/olx_fridges_dataset/images/fridge_d40d568b13/6.jpg"", ""/content/drive/MyDrive/olx_fridges_dataset/images/fridge_d40d568b13/7.jpg"", ""/content/drive/MyDrive/olx_fridges_dataset/images/fridge_d40d568b13/8.jpg"", ""/content/drive/MyDrive/olx_fridges_dataset/images/fridge_d40d568b13/9.jpg"", ""/content/drive/MyDrive/olx_fridges_dataset/images/fridge_d40d568b13/10.jpg"", ""/content/drive/MyDrive/olx_fridges_dataset/images/fridge_d40d568b13/11.jpg"", ""/content/drive/MyDrive/olx_fridges_dataset/images/fridge_d40d568b13/12.jpg"", ""/content/drive/MyDrive/olx_fridges_dataset/images/fridge_d40d568b13/13.jpg"", ""/content/drive/MyDrive/olx_fridges_dataset/images/fridge_d40d568b13/14.jpg""]",14,2025-12-08 06:27:45.499757
fridge_2469fb4d5d,https://www.olx.in/item/fridges-c1617-247-ltr-haier-double-door-fridge-in-vartak-nagar-thane-iid-1821692806,247 Ltr Haier double door Fridge,247 Ltr Haier Fridge to sale. Very good working Condition. Metallic Grey . 2 door. - Fridges,7900,"[""/content/drive/MyDrive/olx_fridges_dataset/images/fridge_2469fb4d5d/1.jpg"", ""/content/drive/MyDrive/olx_fridges_dataset/images/fridge_2469fb4d5d/2.jpg"", ""/content/drive/MyDrive/olx_fridges_dataset/images/fridge_2469fb4d5d/3.jpg"", ""/content/drive/MyDrive/olx_fridges_dataset/images/fridge_2469fb4d5d/4.jpg"", ""/content/drive/MyDrive/olx_fridges_dataset/images/fridge_2469fb4d5d/5.jpg"", ""/content/drive/MyDrive/olx_fridges_dataset/images/fridge_2469fb4d5d/6.jpg"", ""/content/drive/MyDrive/olx_fridges_dataset/images/fridge_2469fb4d5d/7.jpg"", ""/content/drive/MyDrive/olx_fridges_dataset/images/fridge_2469fb4d5d/8.jpg"", ""/content/drive/MyDrive/olx_fridges_dataset/images/fridge_2469fb4d5d/9.jpg"", ""/content/drive/MyDrive/olx_fridges_dataset/images/fridge_2469fb4d5d/10.jpg"", ""/content/drive/MyDrive/olx_fridges_dataset/images/fridge_2469fb4d5d/11.jpg"", ""/content/drive/MyDrive/olx_fridges_dataset/images/fridge_2469fb4d5d/12.jpg"", ""/content/drive/MyDrive/olx_fridges_dataset/images/fridge_2469fb4d5d/13.jpg"", ""/content/drive/MyDrive/olx_fridges_dataset/images/fridge_2469fb4d5d/14.jpg""]",14,2025-12-08 06:27:55.167726
fridge_9b84541056,https://www.olx.in/item/fridges-c1617-un-usedbox-packed-want-to-sell-electronic-products-in-chikhali-pune-iid-1828623324,Un used(Box packed) want to  sell electronic products,"LG refrigerator(242LTR) Model GL-N292RDSY=1 Qty Smart Inverter Compressor Multi Air Flow Royale Handle MOIST ‘N’ FRESH Product Dimension (WxHxD, mm) 585x1475x669 LLOYD Semi automatic washing machine(7.5KG) Model GLWMS75ARGEL - Fridges",45000,"[""/content/drive/MyDrive/olx_fridges_dataset/images/fridge_9b84541056/1.jpg"", ""/content/drive/MyDrive/olx_fridges_dataset/images/fridge_9b84541056/2.jpg"", ""/content/drive/MyDrive/olx_fridges_dataset/images/fridge_9b84541056/3.jpg"", ""/content/drive/MyDrive/olx_fridges_dataset/images/fridge_9b84541056/4.jpg"", ""/content/drive/MyDrive/olx_fridges_dataset/images/fridge_9b84541056/5.jpg"", ""/content/drive/MyDrive/olx_fridges_dataset/images/fridge_9b84541056/6.jpg"", ""/content/drive/MyDrive/olx_fridges_dataset/images/fridge_9b84541056/7.jpg"", ""/content/drive/MyDrive/olx_fridges_dataset/images/fridge_9b84541056/8.jpg"", ""/content/drive/MyDrive/olx_fridges_dataset/images/fridge_9b84541056/9.jpg"", ""/content/drive/MyDrive/olx_fridges_dataset/images/fridge_9b84541056/10.jpg"", ""/content/drive/MyDrive/olx_fridges_dataset/images/fridge_9b84541056/11.jpg"", ""/content/drive/MyDrive/olx_fridges_dataset/images/fridge_9b84541056/12.jpg"", ""/content/drive/MyDrive/olx_fridges_dataset/images/fridge_9b84541056/13.jpg"", ""/content/drive/MyDrive/olx_fridges_dataset/images/fridge_9b84541056/14.jpg""]",14,2025-12-08 06:28:03.404102
fridge_5ca590bacd,https://www.olx.in/item/fridges-c1617-lg-refigerator-in-banaswadi-b-channasandra-bengaluru-iid-1826845938,L.G Refigerator,I got L.G refigerator side by side.which is not working.I want to sell .. - Fridges,5000,"[""/content/drive/MyDrive/olx_fridges_dataset/images/fridge_5ca590bacd/1.jpg"", ""/content/drive/MyDrive/olx_fridges_dataset/images/fridge_5ca590bacd/2.jpg"", ""/content/drive/MyDrive/olx_fridges_dataset/images/fridge_5ca590bacd/3.jpg"", ""/content/drive/MyDrive/olx_fridges_dataset/images/fridge_5ca590bacd/4.jpg"", ""/content/drive/MyDrive/olx_fridges_dataset/images/fridge_5ca590bacd/5.jpg"", ""/content/drive/MyDrive/olx_fridges_dataset/images/fridge_5ca590bacd/6.jpg"", ""/content/drive/MyDrive/olx_fridges_dataset/images/fridge_5ca590bacd/7.jpg"", ""/content/drive/MyDrive/olx_fridges_dataset/images/fridge_5ca590bacd/8.jpg"", ""/content/drive/MyDrive/olx_fridges_dataset/images/fridge_5ca590bacd/9.jpg"", ""/content/drive/MyDrive/olx_fridges_dataset/images/fridge_5ca590bacd/10.jpg"", ""/content/drive/MyDrive/olx_fridges_dataset/images/fridge_5ca590bacd/11.jpg"", ""/content/drive/MyDrive/olx_fridges_dataset/images/fridge_5ca590bacd/12.jpg"", ""/content/drive/MyDrive/olx_fridges_dataset/images/fridge_5ca590bacd/13.jpg"", ""/content/drive/MyDrive/olx_fridges_dataset/images/fridge_5ca590bacd/14.jpg""]",14,2025-12-08 06:28:15.600153
fridge_b0df7de8ab,https://www.olx.in/item/fridges-c1617-sumsung-single-door-fridge-in-cancer-colony-ranchi-iid-1828622313,Sumsung single door fridge,Sumsung single door fridge - Fridges,3000,"[""/content/drive/MyDrive/olx_fridges_dataset/images/fridge_b0df7de8ab/1.jpg"", ""/content/drive/MyDrive/olx_fridges_dataset/images/fridge_b0df7de8ab/2.jpg"", ""/content/drive/MyDrive/olx_fridges_dataset/images/fridge_b0df7de8ab/3.jpg"", ""/content/drive/MyDrive/olx_fridges_dataset/images/fridge_b0df7de8ab/4.jpg"", ""/content/drive/MyDrive/olx_fridges_dataset/images/fridge_b0df7de8ab/5.jpg"", ""/content/drive/MyDrive/olx_fridges_dataset/images/fridge_b0df7de8ab/6.jpg"", ""/content/drive/MyDrive/olx_fridges_dataset/images/fridge_b0df7de8ab/7.jpg"", ""/content/drive/MyDrive/olx_fridges_dataset/images/fridge_b0df7de8ab/8.jpg"", ""/content/drive/MyDrive/olx_fridges_dataset/images/fridge_b0df7de8ab/9.jpg"", ""/content/drive/MyDrive/olx_fridges_dataset/images/fridge_b0df7de8ab/10.jpg"", ""/content/drive/MyDrive/olx_fridges_dataset/images/fridge_b0df7de8ab/11.jpg"", ""/content/drive/MyDrive/olx_fridges_dataset/images/fridge_b0df7de8ab/12.jpg"", ""/content/drive/MyDrive/olx_fridges_dataset/images/fridge_b0df7de8ab/13.jpg"", ""/content/drive/MyDrive/olx_fridges_dataset/images/fridge_b0df7de8ab/14.jpg""]",14,2025-12-08 06:28:24.630457
fridge_706bd68951,https://www.olx.in/item/fridges-c1617-buy-combo-fridge-and-washing-machine-fromget-electronic-starting-13k-in-hsr-layout-bengaluru-iid-1796587341,Buy combo fridge and washing machine from(GET ELECTRONIC) starting 13k,GET ELECTRONICS: Branches Located : HSR layout Home appliances available: *Combo starting from rupees12000/- only *Single door starting from rupees 6000/- only *Double door starting from rupees 7000/- only *Top load washingmachine starting from 6000/- only *Frontload washing machine starting from 7000/- only Used home appliances available in excellent running condition with 1 year warranty 6 months free service free home delivery installation demo brand new inlet and outlet pies free. Buy back guarantee: If your willing to return the product within 15 months will give 50% off bought amount of the product and after 15 months will give 40% buy back guarantee .. More details contact us Thank you.. - Fridges,12999,"[""/content/drive/MyDrive/olx_fridges_dataset/images/fridge_706bd68951/1.jpg"", ""/content/drive/MyDrive/olx_fridges_dataset/images/fridge_706bd68951/2.jpg"", ""/content/drive/MyDrive/olx_fridges_dataset/images/fridge_706bd68951/3.jpg"", ""/content/drive/MyDrive/olx_fridges_dataset/images/fridge_706bd68951/4.jpg"", ""/content/drive/MyDrive/olx_fridges_dataset/images/fridge_706bd68951/5.jpg"", ""/content/drive/MyDrive/olx_fridges_dataset/images/fridge_706bd68951/6.jpg"", ""/content/drive/MyDrive/olx_fridges_dataset/images/fridge_706bd68951/7.jpg"", ""/content/drive/MyDrive/olx_fridges_dataset/images/fridge_706bd68951/8.jpg"", ""/content/drive/MyDrive/olx_fridges_dataset/images/fridge_706bd68951/9.jpg"", ""/content/drive/MyDrive/olx_fridges_dataset/images/fridge_706bd68951/10.jpg"", ""/content/drive/MyDrive/olx_fridges_dataset/images/fridge_706bd68951/11.jpg"", ""/content/drive/MyDrive/olx_fridges_dataset/images/fridge_706bd68951/12.jpg"", ""/content/drive/MyDrive/olx_fridges_dataset/images/fridge_706bd68951/13.jpg"", ""/content/drive/MyDrive/olx_fridges_dataset/images/fridge_706bd68951/14.jpg"", ""/content/drive/MyDrive/olx_fridges_dataset/images/fridge_706bd68951/15.jpg""]",15,2025-12-08 06:28:36.645819
fridge_0881794f61,https://www.olx.in/item/fridges-c1617-lg-185l-5-star-fridge-in-pragathi-nagar-hyderabad-iid-1826362072,Lg 185L 5 star fridge,LG 185 L 5 Star Inverter Direct-Cool Single Door Refrigerator 1 year old with good condition - Fridges,11000,"[""/content/drive/MyDrive/olx_fridges_dataset/images/fridge_0881794f61/1.jpg"", ""/content/drive/MyDrive/olx_fridges_dataset/images/fridge_0881794f61/2.jpg"", ""/content/drive/MyDrive/olx_fridges_dataset/images/fridge_0881794f61/3.jpg"", ""/content/drive/MyDrive/olx_fridges_dataset/images/fridge_0881794f61/4.jpg"", ""/content/drive/MyDrive/olx_fridges_dataset/images/fridge_0881794f61/5.jpg"", ""/content/drive/MyDrive/olx_fridges_dataset/images/fridge_0881794f61/6.jpg"", ""/content/drive/MyDrive/olx_fridges_dataset/images/fridge_0881794f61/7.jpg"", ""/content/drive/MyDrive/olx_fridges_dataset/images/fridge_0881794f61/8.jpg"", ""/content/drive/MyDrive/olx_fridges_dataset/images/fridge_0881794f61/9.jpg"", ""/content/drive/MyDrive/olx_fridges_dataset/images/fridge_0881794f61/10.jpg"", ""/content/drive/MyDrive/olx_fridges_dataset/images/fridge_0881794f61/11.jpg"", ""/content/drive/MyDrive/olx_fridges_dataset/images/fridge_0881794f61/12.jpg"", ""/content/drive/MyDrive/olx_fridges_dataset/images/fridge_0881794f61/13.jpg"", ""/content/drive/MyDrive/olx_fridges_dataset/images/fridge_0881794f61/14.jpg""]",14,2025-12-08 06:28:45.347470
fridge_23dc87f572,https://www.olx.in/item/fridges-c1617-washing-machine-excellent-condition-budget-friendly-in-pg-halli-bengaluru-iid-1819227185,"Washing Machine – Excellent Condition, Budget Friendly*","> Visit our website for more options: www .yourchoiz. in Flat ₹500 OFF + Cash on Delivery Use code: NAMMAYOURCHOIZ at www .yourchoiz. in Refurbished Appliances at Best Price – Quality You Can Trust! Looking for affordable home appliances without compromising on quality? Our refurbished refrigerators and washing machines are carefully inspected, fully tested, and restored to perfect working condition by experts. Why Choose Us? Fully tested and repaired if needed Professionally cleaned and sanitized Minor cosmetic marks possible, but 100% functional Environment-friendly and budget-friendly Available Products: Single Door Refrigerator – Starting at just ₹4,999 Double Door Refrigerator – Starting at ₹6,999 Top Load Washing Machine – Starting at ₹4,999 Front Load Washing Machine – Starting at ₹6,999 Warranty: 1 Year Warranty on Motor and Compressor Free delivery available in Bangalore Visit us today and give your home a smart upgrade at a smart price! - Fridges",500,"[""/content/drive/MyDrive/olx_fridges_dataset/images/fridge_23dc87f572/1.jpg"", ""/content/drive/MyDrive/olx_fridges_dataset/images/fridge_23dc87f572/2.jpg"", ""/content/drive/MyDrive/olx_fridges_dataset/images/fridge_23dc87f572/3.jpg"", ""/content/drive/MyDrive/olx_fridges_dataset/images/fridge_23dc87f572/4.jpg"", ""/content/drive/MyDrive/olx_fridges_dataset/images/fridge_23dc87f572/5.jpg"", ""/content/drive/MyDrive/olx_fridges_dataset/images/fridge_23dc87f572/6.jpg"", ""/content/drive/MyDrive/olx_fridges_dataset/images/fridge_23dc87f572/7.jpg"", ""/content/drive/MyDrive/olx_fridges_dataset/images/fridge_23dc87f572/8.jpg"", ""/content/drive/MyDrive/olx_fridges_dataset/images/fridge_23dc87f572/9.jpg"", ""/content/drive/MyDrive/olx_fridges_dataset/images/fridge_23dc87f572/10.jpg"", ""/content/drive/MyDrive/olx_fridges_dataset/images/fridge_23dc87f572/11.jpg"", ""/content/drive/MyDrive/olx_fridges_dataset/images/fridge_23dc87f572/12.jpg"", ""/content/drive/MyDrive/olx_fridges_dataset/images/fridge_23dc87f572/13.jpg"", ""/content/drive/MyDrive/olx_fridges_dataset/images/fridge_23dc87f572/14.jpg""]",14,2025-12-08 06:28:54.029263
