id,url,title,description,price,images,image_count,scraped_at
books_c9acce1992,https://www.olx.in/item/books-c453-11th-jee-neet-phoenix-in-bhakti-nagar-rajkot-iid-1828726032,11th jee / neet phoenix,11th jee / neet phoenix all (3 module) - Books,620,"[""/content/drive/MyDrive/olx_books_dataset/images/books_c9acce1992/1.jpg"", ""/content/drive/MyDrive/olx_books_dataset/images/books_c9acce1992/2.jpg"", ""/content/drive/MyDrive/olx_books_dataset/images/books_c9acce1992/3.jpg"", ""/content/drive/MyDrive/olx_books_dataset/images/books_c9acce1992/4.jpg"", ""/content/drive/MyDrive/olx_books_dataset/images/books_c9acce1992/5.jpg"", ""/content/drive/MyDrive/olx_books_dataset/images/books_c9acce1992/6.jpg"", ""/content/drive/MyDrive/olx_books_dataset/images/books_c9acce1992/7.jpg"", ""/content/drive/MyDrive/olx_books_dataset/images/books_c9acce1992/8.jpg"", ""/content/drive/MyDrive/olx_books_dataset/images/books_c9acce1992/9.jpg"", ""/content/drive/MyDrive/olx_books_dataset/images/books_c9acce1992/10.jpg"", ""/content/drive/MyDrive/olx_books_dataset/images/books_c9acce1992/11.jpg"", ""/content/drive/MyDrive/olx_books_dataset/images/books_c9acce1992/12.jpg"", ""/content/drive/MyDrive/olx_books_dataset/images/books_c9acce1992/13.jpg"", ""/content/drive/MyDrive/olx_books_dataset/images/books_c9acce1992/14.jpg""]",14,2025-12-09 04:36:38.426537
books_1516e35d4c,https://www.olx.in/item/books-c453-fiitjee-rsm-study-material-modules-workbook-gmp-pyqs-iit-jee-in-moti-nagar-hyderabad-iid-1828729750,FIITJEE RSM Study Material (Modules + Workbook + GMP + PYQs) - IIT JEE,"Selling a complete set of premium IIT JEE preparation books in excellent condition *** Highlights: * Comprehensive Study Material (Physics/Chemistry/Maths) * Chapter-wise Practice Tests and Phase Tests * Miscellaneous Booklets of Problems with Hints & Solutions * Review Package * Archive of previous years JEE Papers (Main & Advanced) with solutions * Ideal for serious JEE aspirants *** MRP: ₹34,800/- *** Selling at: ₹ 10000 (Negotiable) - Books",10000,"[""/content/drive/MyDrive/olx_books_dataset/images/books_1516e35d4c/1.jpg"", ""/content/drive/MyDrive/olx_books_dataset/images/books_1516e35d4c/2.jpg"", ""/content/drive/MyDrive/olx_books_dataset/images/books_1516e35d4c/3.jpg"", ""/content/drive/MyDrive/olx_books_dataset/images/books_1516e35d4c/4.jpg"", ""/content/drive/MyDrive/olx_books_dataset/images/books_1516e35d4c/5.jpg"", ""/content/drive/MyDrive/olx_books_dataset/images/books_1516e35d4c/6.jpg"", ""/content/drive/MyDrive/olx_books_dataset/images/books_1516e35d4c/7.jpg"", ""/content/drive/MyDrive/olx_books_dataset/images/books_1516e35d4c/8.jpg""]",8,2025-12-09 04:36:44.664841
books_8751a484db,https://www.olx.in/item/books-c453-law-books-sale-purchase-old-law-books-sets-indian-and-foreign-in-ito-delhi-iid-1702881844,"Law books Sale purchase, old law books set’s , Indian, and foreign",Foreign Book Indian books also ( price according books order) - Books,15000,"[""/content/drive/MyDrive/olx_books_dataset/images/books_8751a484db/1.jpg"", ""/content/drive/MyDrive/olx_books_dataset/images/books_8751a484db/2.jpg"", ""/content/drive/MyDrive/olx_books_dataset/images/books_8751a484db/3.jpg"", ""/content/drive/MyDrive/olx_books_dataset/images/books_8751a484db/4.jpg"", ""/content/drive/MyDrive/olx_books_dataset/images/books_8751a484db/5.jpg"", ""/content/drive/MyDrive/olx_books_dataset/images/books_8751a484db/6.jpg"", ""/content/drive/MyDrive/olx_books_dataset/images/books_8751a484db/7.jpg"", ""/content/drive/MyDrive/olx_books_dataset/images/books_8751a484db/8.jpg""]",8,2025-12-09 04:36:57.360340
books_fc4cdabb0d,https://www.olx.in/item/books-c453-new-simplified-physics-in-bijwasan-delhi-iid-1828729726,New simplified PHYSICS,Book for class 12th student - Books,250,"[""/content/drive/MyDrive/olx_books_dataset/images/books_fc4cdabb0d/1.jpg"", ""/content/drive/MyDrive/olx_books_dataset/images/books_fc4cdabb0d/2.jpg"", ""/content/drive/MyDrive/olx_books_dataset/images/books_fc4cdabb0d/3.jpg"", ""/content/drive/MyDrive/olx_books_dataset/images/books_fc4cdabb0d/4.jpg"", ""/content/drive/MyDrive/olx_books_dataset/images/books_fc4cdabb0d/5.jpg"", ""/content/drive/MyDrive/olx_books_dataset/images/books_fc4cdabb0d/6.jpg"", ""/content/drive/MyDrive/olx_books_dataset/images/books_fc4cdabb0d/7.jpg"", ""/content/drive/MyDrive/olx_books_dataset/images/books_fc4cdabb0d/8.jpg""]",8,2025-12-09 04:38:25.964072
books_1a619b70ea,https://www.olx.in/item/books-c453-tokyo-ghoul-re-vol-1-6-in-alapakkam-chennai-iid-1828729935,Tokyo Ghoul RE vol. 1-6,1k for the whole set 200 per volume Selling from Chennai - Books,1000,"[""/content/drive/MyDrive/olx_books_dataset/images/books_1a619b70ea/1.jpg"", ""/content/drive/MyDrive/olx_books_dataset/images/books_1a619b70ea/2.jpg"", ""/content/drive/MyDrive/olx_books_dataset/images/books_1a619b70ea/3.jpg"", ""/content/drive/MyDrive/olx_books_dataset/images/books_1a619b70ea/4.jpg"", ""/content/drive/MyDrive/olx_books_dataset/images/books_1a619b70ea/5.jpg"", ""/content/drive/MyDrive/olx_books_dataset/images/books_1a619b70ea/6.jpg"", ""/content/drive/MyDrive/olx_books_dataset/images/books_1a619b70ea/7.jpg"", ""/content/drive/MyDrive/olx_books_dataset/images/books_1a619b70ea/8.jpg""]",8,2025-12-09 04:39:15.880287
books_accf99c5b3,https://www.olx.in/item/books-c453-why-bharat-matter-in-rangbari-kota-iid-1828731150,Why bharat matter,"Why bharat matter by S .Jaishankar , hardcover and English language - Books",320,"[""/content/drive/MyDrive/olx_books_dataset/images/books_accf99c5b3/1.jpg"", ""/content/drive/MyDrive/olx_books_dataset/images/books_accf99c5b3/2.jpg"", ""/content/drive/MyDrive/olx_books_dataset/images/books_accf99c5b3/3.jpg"", ""/content/drive/MyDrive/olx_books_dataset/images/books_accf99c5b3/4.jpg"", ""/content/drive/MyDrive/olx_books_dataset/images/books_accf99c5b3/5.jpg"", ""/content/drive/MyDrive/olx_books_dataset/images/books_accf99c5b3/6.jpg"", ""/content/drive/MyDrive/olx_books_dataset/images/books_accf99c5b3/7.jpg"", ""/content/drive/MyDrive/olx_books_dataset/images/books_accf99c5b3/8.jpg""]",8,2025-12-09 04:40:47.327802
books_6785198a69,https://www.olx.in/item/books-c453-allen-modules-jee-in-sector-17-lucknow-iid-1828725894,Allen modules JEE,Allen JEE modules s - Books,2000,"[""/content/drive/MyDrive/olx_books_dataset/images/books_6785198a69/1.jpg"", ""/content/drive/MyDrive/olx_books_dataset/images/books_6785198a69/2.jpg"", ""/content/drive/MyDrive/olx_books_dataset/images/books_6785198a69/3.jpg"", ""/content/drive/MyDrive/olx_books_dataset/images/books_6785198a69/4.jpg"", ""/content/drive/MyDrive/olx_books_dataset/images/books_6785198a69/5.jpg"", ""/content/drive/MyDrive/olx_books_dataset/images/books_6785198a69/6.jpg"", ""/content/drive/MyDrive/olx_books_dataset/images/books_6785198a69/7.jpg"", ""/content/drive/MyDrive/olx_books_dataset/images/books_6785198a69/8.jpg"", ""/content/drive/MyDrive/olx_books_dataset/images/books_6785198a69/9.jpg"", ""/content/drive/MyDrive/olx_books_dataset/images/books_6785198a69/10.jpg"", ""/content/drive/MyDrive/olx_books_dataset/images/books_6785198a69/11.jpg"", ""/content/drive/MyDrive/olx_books_dataset/images/books_6785198a69/12.jpg"", ""/content/drive/MyDrive/olx_books_dataset/images/books_6785198a69/13.jpg"", ""/content/drive/MyDrive/olx_books_dataset/images/books_6785198a69/14.jpg""]",14,2025-12-09 04:42:20.862775
books_3cbd7752b0,https://www.olx.in/item/books-c453-old-rare-comics-in-aalinchuvadu-tirur-iid-1821777354,Old rare comics,"All types of comics like Indrajal, Diamond, Laurel and Hardy, Richie Rich, Chandamamas, Tintin, Tinkles, Commando, Amar Chitra Katha, Vasan comics, Graphic Novels - Books",15000,"[""/content/drive/MyDrive/olx_books_dataset/images/books_3cbd7752b0/1.jpg"", ""/content/drive/MyDrive/olx_books_dataset/images/books_3cbd7752b0/2.jpg"", ""/content/drive/MyDrive/olx_books_dataset/images/books_3cbd7752b0/3.jpg"", ""/content/drive/MyDrive/olx_books_dataset/images/books_3cbd7752b0/4.jpg"", ""/content/drive/MyDrive/olx_books_dataset/images/books_3cbd7752b0/5.jpg"", ""/content/drive/MyDrive/olx_books_dataset/images/books_3cbd7752b0/6.jpg"", ""/content/drive/MyDrive/olx_books_dataset/images/books_3cbd7752b0/7.jpg"", ""/content/drive/MyDrive/olx_books_dataset/images/books_3cbd7752b0/8.jpg""]",8,2025-12-09 04:43:14.003181
books_e6a4e83ebb,https://www.olx.in/item/books-c453-twisted-series-in-nageshwar-colony-patna-iid-1828726195,Twisted series,This us twisted series written by ana huang a very famous novel written these books are very entertaining and romantic it will help you decrease your screen time and enhance your vocabulary - Books,1000,"[""/content/drive/MyDrive/olx_books_dataset/images/books_e6a4e83ebb/1.jpg"", ""/content/drive/MyDrive/olx_books_dataset/images/books_e6a4e83ebb/2.jpg"", ""/content/drive/MyDrive/olx_books_dataset/images/books_e6a4e83ebb/3.jpg"", ""/content/drive/MyDrive/olx_books_dataset/images/books_e6a4e83ebb/4.jpg"", ""/content/drive/MyDrive/olx_books_dataset/images/books_e6a4e83ebb/5.jpg"", ""/content/drive/MyDrive/olx_books_dataset/images/books_e6a4e83ebb/6.jpg"", ""/content/drive/MyDrive/olx_books_dataset/images/books_e6a4e83ebb/7.jpg"", ""/content/drive/MyDrive/olx_books_dataset/images/books_e6a4e83ebb/8.jpg""]",8,2025-12-09 04:43:21.632881
books_d39b241eb6,https://www.olx.in/item/books-c453-8-books-for-sale-in-air-view-colony-bengaluru-iid-1827986537,8 Books For Sale,New / Almost New - Books,1620,"[""/content/drive/MyDrive/olx_books_dataset/images/books_d39b241eb6/1.jpg"", ""/content/drive/MyDrive/olx_books_dataset/images/books_d39b241eb6/2.jpg"", ""/content/drive/MyDrive/olx_books_dataset/images/books_d39b241eb6/3.jpg"", ""/content/drive/MyDrive/olx_books_dataset/images/books_d39b241eb6/4.jpg"", ""/content/drive/MyDrive/olx_books_dataset/images/books_d39b241eb6/5.jpg"", ""/content/drive/MyDrive/olx_books_dataset/images/books_d39b241eb6/6.jpg"", ""/content/drive/MyDrive/olx_books_dataset/images/books_d39b241eb6/7.jpg"", ""/content/drive/MyDrive/olx_books_dataset/images/books_d39b241eb6/8.jpg""]",8,2025-12-09 04:43:29.639009
books_efd32f8fc6,https://www.olx.in/item/books-c453-iit-jee-book-set-in-dwarka-nagar-jabalpur-iid-1828068386,IIT-JEE Book set,Full IITJEE Bookset. Unopend books. Theory + practice books. PCM 11th and 12th - Books,5000,"[""/content/drive/MyDrive/olx_books_dataset/images/books_efd32f8fc6/1.jpg"", ""/content/drive/MyDrive/olx_books_dataset/images/books_efd32f8fc6/2.jpg"", ""/content/drive/MyDrive/olx_books_dataset/images/books_efd32f8fc6/3.jpg"", ""/content/drive/MyDrive/olx_books_dataset/images/books_efd32f8fc6/4.jpg"", ""/content/drive/MyDrive/olx_books_dataset/images/books_efd32f8fc6/5.jpg"", ""/content/drive/MyDrive/olx_books_dataset/images/books_efd32f8fc6/6.jpg"", ""/content/drive/MyDrive/olx_books_dataset/images/books_efd32f8fc6/7.jpg"", ""/content/drive/MyDrive/olx_books_dataset/images/books_efd32f8fc6/8.jpg""]",8,2025-12-09 04:43:35.666910
books_8878fdf6bb,https://www.olx.in/item/books-c453-6-books-of-class-9-west-bengal-board-students-in-bandhgora-bolpur-iid-1828726351,6 books of class 9 west Bengal board students,1.Ray and Martin Bengali class 9 sohayika 2. Chaya History class 9 sohayika 3. Ray and Martin Prosno bichitra 2025 4.English Freedom (Grammar and Reference Book) by Dr. P. C. Das 5.Prantik Geography class 9 sohayika 6. Geography Map and picture drawing book of class 9 - Books,900,"[""/content/drive/MyDrive/olx_books_dataset/images/books_8878fdf6bb/1.jpg"", ""/content/drive/MyDrive/olx_books_dataset/images/books_8878fdf6bb/2.jpg"", ""/content/drive/MyDrive/olx_books_dataset/images/books_8878fdf6bb/3.jpg"", ""/content/drive/MyDrive/olx_books_dataset/images/books_8878fdf6bb/4.jpg"", ""/content/drive/MyDrive/olx_books_dataset/images/books_8878fdf6bb/5.jpg"", ""/content/drive/MyDrive/olx_books_dataset/images/books_8878fdf6bb/6.jpg"", ""/content/drive/MyDrive/olx_books_dataset/images/books_8878fdf6bb/7.jpg"", ""/content/drive/MyDrive/olx_books_dataset/images/books_8878fdf6bb/8.jpg""]",8,2025-12-09 04:43:41.545399
books_ab93e57c9f,https://www.olx.in/item/books-c453-programming-in-c-reema-thareja-in-lawspet-puducherry-iid-1828667131,Programming in C - Reema Thareja,Programming in C - Books,450,"[""/content/drive/MyDrive/olx_books_dataset/images/books_ab93e57c9f/1.jpg"", ""/content/drive/MyDrive/olx_books_dataset/images/books_ab93e57c9f/2.jpg"", ""/content/drive/MyDrive/olx_books_dataset/images/books_ab93e57c9f/3.jpg"", ""/content/drive/MyDrive/olx_books_dataset/images/books_ab93e57c9f/4.jpg"", ""/content/drive/MyDrive/olx_books_dataset/images/books_ab93e57c9f/5.jpg"", ""/content/drive/MyDrive/olx_books_dataset/images/books_ab93e57c9f/6.jpg"", ""/content/drive/MyDrive/olx_books_dataset/images/books_ab93e57c9f/7.jpg"", ""/content/drive/MyDrive/olx_books_dataset/images/books_ab93e57c9f/8.jpg""]",8,2025-12-09 04:45:13.056243
books_eb15ebbde1,https://www.olx.in/item/books-c453-sponsorinvestor-required-for-publication-of-my-book-in-bapuji-nagar-bhubaneshwar-iid-1826647369,Sponsor/investor required for publication of my book,You can earn 40 times of your investment. My book ensure stable and happy marriage life in Hindus. It also eliminates possibility of divorce. - Books,299,"[""/content/drive/MyDrive/olx_books_dataset/images/books_eb15ebbde1/1.jpg"", ""/content/drive/MyDrive/olx_books_dataset/images/books_eb15ebbde1/2.jpg"", ""/content/drive/MyDrive/olx_books_dataset/images/books_eb15ebbde1/3.jpg"", ""/content/drive/MyDrive/olx_books_dataset/images/books_eb15ebbde1/4.jpg"", ""/content/drive/MyDrive/olx_books_dataset/images/books_eb15ebbde1/5.jpg"", ""/content/drive/MyDrive/olx_books_dataset/images/books_eb15ebbde1/6.jpg"", ""/content/drive/MyDrive/olx_books_dataset/images/books_eb15ebbde1/7.jpg"", ""/content/drive/MyDrive/olx_books_dataset/images/books_eb15ebbde1/8.jpg""]",8,2025-12-09 04:46:00.972007
books_d7a8b0a6dc,https://www.olx.in/item/books-c453-neet-study-package-28-books-in-nalakunta-hyderabad-iid-1827898296,NEET study package 28 books,"*NEET study package 12 books XI & XII Physics 4, Chemistry 4 and Momentum Booster 2+2 *NEET 12 books+ work book *NCERT Physics 3 Text books Total 28 books 1,450 negotiable - Books",1450,"[""/content/drive/MyDrive/olx_books_dataset/images/books_d7a8b0a6dc/1.jpg"", ""/content/drive/MyDrive/olx_books_dataset/images/books_d7a8b0a6dc/2.jpg"", ""/content/drive/MyDrive/olx_books_dataset/images/books_d7a8b0a6dc/3.jpg"", ""/content/drive/MyDrive/olx_books_dataset/images/books_d7a8b0a6dc/4.jpg"", ""/content/drive/MyDrive/olx_books_dataset/images/books_d7a8b0a6dc/5.jpg"", ""/content/drive/MyDrive/olx_books_dataset/images/books_d7a8b0a6dc/6.jpg"", ""/content/drive/MyDrive/olx_books_dataset/images/books_d7a8b0a6dc/7.jpg"", ""/content/drive/MyDrive/olx_books_dataset/images/books_d7a8b0a6dc/8.jpg""]",8,2025-12-09 04:46:06.748252
books_a5ff93f0c2,https://www.olx.in/item/books-c453-books-are-always-good-my-book-type-are-communication-skills-and-other-in-thari-itaunja-iid-1828730357,Books are always good my book type are communication skills and other.,"Books, sports item etc. - Books",50,"[""/content/drive/MyDrive/olx_books_dataset/images/books_a5ff93f0c2/1.jpg"", ""/content/drive/MyDrive/olx_books_dataset/images/books_a5ff93f0c2/2.jpg"", ""/content/drive/MyDrive/olx_books_dataset/images/books_a5ff93f0c2/3.jpg"", ""/content/drive/MyDrive/olx_books_dataset/images/books_a5ff93f0c2/4.jpg"", ""/content/drive/MyDrive/olx_books_dataset/images/books_a5ff93f0c2/5.jpg"", ""/content/drive/MyDrive/olx_books_dataset/images/books_a5ff93f0c2/6.jpg"", ""/content/drive/MyDrive/olx_books_dataset/images/books_a5ff93f0c2/7.jpg"", ""/content/drive/MyDrive/olx_books_dataset/images/books_a5ff93f0c2/8.jpg""]",8,2025-12-09 04:46:53.505936
books_ce1be99273,https://www.olx.in/item/books-c453-upsc-ese-civil-engineering-all-books-in-pimpri-chinchwad-pune-iid-1828727339,UPSC ESE CIVIL ENGINEERING ALL BOOKS,Prelims + Mains Technical and non technical All Book available - Books,4999,"[""/content/drive/MyDrive/olx_books_dataset/images/books_ce1be99273/1.jpg"", ""/content/drive/MyDrive/olx_books_dataset/images/books_ce1be99273/2.jpg"", ""/content/drive/MyDrive/olx_books_dataset/images/books_ce1be99273/3.jpg"", ""/content/drive/MyDrive/olx_books_dataset/images/books_ce1be99273/4.jpg"", ""/content/drive/MyDrive/olx_books_dataset/images/books_ce1be99273/5.jpg"", ""/content/drive/MyDrive/olx_books_dataset/images/books_ce1be99273/6.jpg"", ""/content/drive/MyDrive/olx_books_dataset/images/books_ce1be99273/7.jpg"", ""/content/drive/MyDrive/olx_books_dataset/images/books_ce1be99273/8.jpg""]",8,2025-12-09 04:47:42.275917
books_aa3e38b641,https://www.olx.in/item/books-c453-dental-books-for-sale-in-charminar-hyderabad-iid-1828729321,Dental books for sale,Dental books !!!All the books are in gud condition and will also b giving away forensic odontology MS books free wt it - Books,2500,"[""/content/drive/MyDrive/olx_books_dataset/images/books_aa3e38b641/1.jpg"", ""/content/drive/MyDrive/olx_books_dataset/images/books_aa3e38b641/2.jpg"", ""/content/drive/MyDrive/olx_books_dataset/images/books_aa3e38b641/3.jpg"", ""/content/drive/MyDrive/olx_books_dataset/images/books_aa3e38b641/4.jpg"", ""/content/drive/MyDrive/olx_books_dataset/images/books_aa3e38b641/5.jpg"", ""/content/drive/MyDrive/olx_books_dataset/images/books_aa3e38b641/6.jpg"", ""/content/drive/MyDrive/olx_books_dataset/images/books_aa3e38b641/7.jpg"", ""/content/drive/MyDrive/olx_books_dataset/images/books_aa3e38b641/8.jpg""]",8,2025-12-09 04:48:31.914106
books_8ee3b9c813,https://www.olx.in/item/books-c453-school-s-college-adidas-laptop-bag-in-lakhe-nagar-raipur-iid-1828728499,School 's' college Adidas laptop bag,"15.6 इंच लैपटॉप के साथ संगत: नॉर्थज़ोन बैकपैक 15.6 इंच लैपटॉप तक फिट बैठता है। आयाम: 34cm x 15cm x 45.5cm; वज़न: 499g हाई क्वालिटी, टिकाऊ और वाटर रिपेलेंट फ़ैब्रिक : यह बैकपैक टिकाऊ स्नो यार्न पॉलिएस्टर फ़ैब्रिक में है और नोटबुक और महत्वपूर्ण वस्तुओं की सुरक्षा के लिए पैडेड इंटीरियर के साथ सुव्यवस्थित डिज़ाइन है सुविधाजनक यात्रा एडजस्टेबल शोल्डर स्ट्रैप और पैडेड लैपटॉप कम्पार्टमेंट एक रजाई वाले बैक पैनल के साथ इसे पूरे दिन उपयोग के लिए आरामदायक बनाता है सुविधाजनक रूप से लगाए गए पैड वाले लैपटॉप कम्पार्टमेंट और पॉकेट: पैडेड इंटीरियर नोटबुक और महत्वपूर्ण वस्तुओं की सुरक्षा में मदद करता है. अतिरिक्त स्टोरेज के लिए क्विक एक्सेस ज़िपर फ्रंट पॉकेट. एक रजाई बना हुआ बैक पैनल इसे पूरे दिन उपयोग के लिए आरामदायक बनाता है। उच्च गुणवत्ता, आरामदायक अभी तक स्टाइलिश डिजाइन: स्कूल, यात्रा और बाहरी गतिविधियों के लिए बहुत ही आकर्षक और बिल्कुल सही। अपने लैपटॉप के लिए स्टाइलिश पूरे दिन सुरक्षा की आवश्यकता वाले लोगों के लिए एकदम सही - Books",400,"[""/content/drive/MyDrive/olx_books_dataset/images/books_8ee3b9c813/1.jpg"", ""/content/drive/MyDrive/olx_books_dataset/images/books_8ee3b9c813/2.jpg"", ""/content/drive/MyDrive/olx_books_dataset/images/books_8ee3b9c813/3.jpg"", ""/content/drive/MyDrive/olx_books_dataset/images/books_8ee3b9c813/4.jpg"", ""/content/drive/MyDrive/olx_books_dataset/images/books_8ee3b9c813/5.jpg"", ""/content/drive/MyDrive/olx_books_dataset/images/books_8ee3b9c813/6.jpg"", ""/content/drive/MyDrive/olx_books_dataset/images/books_8ee3b9c813/7.jpg"", ""/content/drive/MyDrive/olx_books_dataset/images/books_8ee3b9c813/8.jpg""]",8,2025-12-09 04:50:02.031727
books_400eb376d3,https://www.olx.in/item/books-c453-steamtablepsychrometric-chartmddatabook-in-32-bangla-bhilai-iid-1827137277,"Steamtable,psychrometric chart,md,databook","Steamtable,psychrometric chart,md,databook - Books",100,"[""/content/drive/MyDrive/olx_books_dataset/images/books_400eb376d3/1.jpg"", ""/content/drive/MyDrive/olx_books_dataset/images/books_400eb376d3/2.jpg"", ""/content/drive/MyDrive/olx_books_dataset/images/books_400eb376d3/3.jpg"", ""/content/drive/MyDrive/olx_books_dataset/images/books_400eb376d3/4.jpg"", ""/content/drive/MyDrive/olx_books_dataset/images/books_400eb376d3/5.jpg"", ""/content/drive/MyDrive/olx_books_dataset/images/books_400eb376d3/6.jpg"", ""/content/drive/MyDrive/olx_books_dataset/images/books_400eb376d3/7.jpg"", ""/content/drive/MyDrive/olx_books_dataset/images/books_400eb376d3/8.jpg"", ""/content/drive/MyDrive/olx_books_dataset/images/books_400eb376d3/9.jpg"", ""/content/drive/MyDrive/olx_books_dataset/images/books_400eb376d3/10.jpg"", ""/content/drive/MyDrive/olx_books_dataset/images/books_400eb376d3/11.jpg"", ""/content/drive/MyDrive/olx_books_dataset/images/books_400eb376d3/12.jpg"", ""/content/drive/MyDrive/olx_books_dataset/images/books_400eb376d3/13.jpg"", ""/content/drive/MyDrive/olx_books_dataset/images/books_400eb376d3/14.jpg""]",14,2025-12-09 04:51:34.270854
books_ccc6e8de4d,https://www.olx.in/item/books-c453-my-book-selling-in-khidirpur-kolkata-iid-1828729147,My book selling,I don't need it. - Books,750,"[""/content/drive/MyDrive/olx_books_dataset/images/books_ccc6e8de4d/1.jpg"", ""/content/drive/MyDrive/olx_books_dataset/images/books_ccc6e8de4d/2.jpg"", ""/content/drive/MyDrive/olx_books_dataset/images/books_ccc6e8de4d/3.jpg"", ""/content/drive/MyDrive/olx_books_dataset/images/books_ccc6e8de4d/4.jpg"", ""/content/drive/MyDrive/olx_books_dataset/images/books_ccc6e8de4d/5.jpg"", ""/content/drive/MyDrive/olx_books_dataset/images/books_ccc6e8de4d/6.jpg"", ""/content/drive/MyDrive/olx_books_dataset/images/books_ccc6e8de4d/7.jpg"", ""/content/drive/MyDrive/olx_books_dataset/images/books_ccc6e8de4d/8.jpg""]",8,2025-12-09 04:52:21.393614
books_f5caa1bf65,https://www.olx.in/item/books-c453-11th-12th-up-board-hindi-medium-books-in-bhawani-nagar-gorakhpur-iid-1828724529,11th & 12th UP Board Hindi Medium Books,"Chemistry part 1 & 2, Physics part 1 & 2 - Books",1200,"[""/content/drive/MyDrive/olx_books_dataset/images/books_f5caa1bf65/1.jpg"", ""/content/drive/MyDrive/olx_books_dataset/images/books_f5caa1bf65/2.jpg"", ""/content/drive/MyDrive/olx_books_dataset/images/books_f5caa1bf65/3.jpg"", ""/content/drive/MyDrive/olx_books_dataset/images/books_f5caa1bf65/4.jpg"", ""/content/drive/MyDrive/olx_books_dataset/images/books_f5caa1bf65/5.jpg"", ""/content/drive/MyDrive/olx_books_dataset/images/books_f5caa1bf65/6.jpg"", ""/content/drive/MyDrive/olx_books_dataset/images/books_f5caa1bf65/7.jpg"", ""/content/drive/MyDrive/olx_books_dataset/images/books_f5caa1bf65/8.jpg""]",8,2025-12-09 04:52:26.976263
books_07d4b46e9b,https://www.olx.in/item/books-c453-biomedical-anna-university-text-books-in-puthenvelikkara-chendamangalam-iid-1828730108,Biomedical anna university text books,Anna university regulation texbooks - Books,350,"[""/content/drive/MyDrive/olx_books_dataset/images/books_07d4b46e9b/1.jpg"", ""/content/drive/MyDrive/olx_books_dataset/images/books_07d4b46e9b/2.jpg"", ""/content/drive/MyDrive/olx_books_dataset/images/books_07d4b46e9b/3.jpg"", ""/content/drive/MyDrive/olx_books_dataset/images/books_07d4b46e9b/4.jpg"", ""/content/drive/MyDrive/olx_books_dataset/images/books_07d4b46e9b/5.jpg"", ""/content/drive/MyDrive/olx_books_dataset/images/books_07d4b46e9b/6.jpg"", ""/content/drive/MyDrive/olx_books_dataset/images/books_07d4b46e9b/7.jpg"", ""/content/drive/MyDrive/olx_books_dataset/images/books_07d4b46e9b/8.jpg""]",8,2025-12-09 04:53:16.707624
books_827c171747,https://www.olx.in/item/books-c453-chetan-bhagat-9-books-in-lanka-varanasi-iid-1828727050,Chetan Bhagat 9 books,Total 9 books of Chetan Bhagat in good conditions.Get 1 additional book of Ravinder Singh. Contact as soon as possible. - Books,499,"[""/content/drive/MyDrive/olx_books_dataset/images/books_827c171747/1.jpg"", ""/content/drive/MyDrive/olx_books_dataset/images/books_827c171747/2.jpg"", ""/content/drive/MyDrive/olx_books_dataset/images/books_827c171747/3.jpg"", ""/content/drive/MyDrive/olx_books_dataset/images/books_827c171747/4.jpg"", ""/content/drive/MyDrive/olx_books_dataset/images/books_827c171747/5.jpg"", ""/content/drive/MyDrive/olx_books_dataset/images/books_827c171747/6.jpg"", ""/content/drive/MyDrive/olx_books_dataset/images/books_827c171747/7.jpg"", ""/content/drive/MyDrive/olx_books_dataset/images/books_827c171747/8.jpg""]",8,2025-12-09 04:53:24.676685
books_fc70535bd1,https://www.olx.in/item/books-c453-comics-book-in-english-all-0-to-10-volume-in-1200-in-raj-nagar-3-sikar-iid-1827539121,Comics book in english all 0 to 10 volume in 1200,In new condition - Books,1200,"[""/content/drive/MyDrive/olx_books_dataset/images/books_fc70535bd1/1.jpg"", ""/content/drive/MyDrive/olx_books_dataset/images/books_fc70535bd1/2.jpg"", ""/content/drive/MyDrive/olx_books_dataset/images/books_fc70535bd1/3.jpg"", ""/content/drive/MyDrive/olx_books_dataset/images/books_fc70535bd1/4.jpg"", ""/content/drive/MyDrive/olx_books_dataset/images/books_fc70535bd1/5.jpg"", ""/content/drive/MyDrive/olx_books_dataset/images/books_fc70535bd1/6.jpg"", ""/content/drive/MyDrive/olx_books_dataset/images/books_fc70535bd1/7.jpg"", ""/content/drive/MyDrive/olx_books_dataset/images/books_fc70535bd1/8.jpg""]",8,2025-12-09 04:54:54.663832
books_b0cad3c9a5,https://www.olx.in/item/books-c453-cat-exam-books-by-arun-sharma-in-rk-puram-delhi-iid-1823808267,CAT exam books by Arun sharma,All 4 CAT exam books by Arun Sharma. Price non negotiable. Already half than market price. - Books,1500,"[""/content/drive/MyDrive/olx_books_dataset/images/books_b0cad3c9a5/1.jpg"", ""/content/drive/MyDrive/olx_books_dataset/images/books_b0cad3c9a5/2.jpg"", ""/content/drive/MyDrive/olx_books_dataset/images/books_b0cad3c9a5/3.jpg"", ""/content/drive/MyDrive/olx_books_dataset/images/books_b0cad3c9a5/4.jpg"", ""/content/drive/MyDrive/olx_books_dataset/images/books_b0cad3c9a5/5.jpg"", ""/content/drive/MyDrive/olx_books_dataset/images/books_b0cad3c9a5/6.jpg"", ""/content/drive/MyDrive/olx_books_dataset/images/books_b0cad3c9a5/7.jpg"", ""/content/drive/MyDrive/olx_books_dataset/images/books_b0cad3c9a5/8.jpg""]",8,2025-12-09 04:55:02.395762
books_081692d2b2,https://www.olx.in/item/books-c453-jee-mains-materials-10th-text-books-question-bankspractical-manuals-in-vt-agraharam-colony-vizianagaram-iid-1828728922,"JEE MAINS Materials &10th Text books, Question Banks,Practical Manuals",10th and Inter books(100 per each piece) - Books,700,"[""/content/drive/MyDrive/olx_books_dataset/images/books_081692d2b2/1.jpg"", ""/content/drive/MyDrive/olx_books_dataset/images/books_081692d2b2/2.jpg"", ""/content/drive/MyDrive/olx_books_dataset/images/books_081692d2b2/3.jpg"", ""/content/drive/MyDrive/olx_books_dataset/images/books_081692d2b2/4.jpg"", ""/content/drive/MyDrive/olx_books_dataset/images/books_081692d2b2/5.jpg"", ""/content/drive/MyDrive/olx_books_dataset/images/books_081692d2b2/6.jpg"", ""/content/drive/MyDrive/olx_books_dataset/images/books_081692d2b2/7.jpg"", ""/content/drive/MyDrive/olx_books_dataset/images/books_081692d2b2/8.jpg""]",8,2025-12-09 04:55:08.143199
books_6f8cf4c6b7,https://www.olx.in/item/books-c453-pw-modules-in-misbha-nagar-kalaburagi-iid-1828727227,pw modules,Arjuna jee 2025 pw module - Books,3000,"[""/content/drive/MyDrive/olx_books_dataset/images/books_6f8cf4c6b7/1.jpg"", ""/content/drive/MyDrive/olx_books_dataset/images/books_6f8cf4c6b7/2.jpg"", ""/content/drive/MyDrive/olx_books_dataset/images/books_6f8cf4c6b7/3.jpg"", ""/content/drive/MyDrive/olx_books_dataset/images/books_6f8cf4c6b7/4.jpg"", ""/content/drive/MyDrive/olx_books_dataset/images/books_6f8cf4c6b7/5.jpg"", ""/content/drive/MyDrive/olx_books_dataset/images/books_6f8cf4c6b7/6.jpg"", ""/content/drive/MyDrive/olx_books_dataset/images/books_6f8cf4c6b7/7.jpg"", ""/content/drive/MyDrive/olx_books_dataset/images/books_6f8cf4c6b7/8.jpg"", ""/content/drive/MyDrive/olx_books_dataset/images/books_6f8cf4c6b7/9.jpg"", ""/content/drive/MyDrive/olx_books_dataset/images/books_6f8cf4c6b7/10.jpg"", ""/content/drive/MyDrive/olx_books_dataset/images/books_6f8cf4c6b7/11.jpg"", ""/content/drive/MyDrive/olx_books_dataset/images/books_6f8cf4c6b7/12.jpg"", ""/content/drive/MyDrive/olx_books_dataset/images/books_6f8cf4c6b7/13.jpg"", ""/content/drive/MyDrive/olx_books_dataset/images/books_6f8cf4c6b7/14.jpg""]",14,2025-12-09 04:56:00.977107
books_9c4979e11a,https://www.olx.in/item/books-c453-maths-tuitions-for-class-9-and-10-any-board-in-east-kolkata-township-kolkata-iid-1827045602,Maths Tuitions for class 9 and 10 any board,MathsTuitions for class 9 and 10 any board - Books,3000,"[""/content/drive/MyDrive/olx_books_dataset/images/books_9c4979e11a/1.jpg"", ""/content/drive/MyDrive/olx_books_dataset/images/books_9c4979e11a/2.jpg"", ""/content/drive/MyDrive/olx_books_dataset/images/books_9c4979e11a/3.jpg"", ""/content/drive/MyDrive/olx_books_dataset/images/books_9c4979e11a/4.jpg"", ""/content/drive/MyDrive/olx_books_dataset/images/books_9c4979e11a/5.jpg"", ""/content/drive/MyDrive/olx_books_dataset/images/books_9c4979e11a/6.jpg"", ""/content/drive/MyDrive/olx_books_dataset/images/books_9c4979e11a/7.jpg"", ""/content/drive/MyDrive/olx_books_dataset/images/books_9c4979e11a/8.jpg""]",8,2025-12-09 04:56:06.491242
books_d2fc5cd53e,https://www.olx.in/item/books-c453-ps5-ps4-all-titles-available-in-chandni-chowk-delhi-iid-1828725477,Ps5 ps4 all titles available,All aaa titles available - Books,1399,"[""/content/drive/MyDrive/olx_books_dataset/images/books_d2fc5cd53e/1.jpg"", ""/content/drive/MyDrive/olx_books_dataset/images/books_d2fc5cd53e/2.jpg"", ""/content/drive/MyDrive/olx_books_dataset/images/books_d2fc5cd53e/3.jpg"", ""/content/drive/MyDrive/olx_books_dataset/images/books_d2fc5cd53e/4.jpg"", ""/content/drive/MyDrive/olx_books_dataset/images/books_d2fc5cd53e/5.jpg"", ""/content/drive/MyDrive/olx_books_dataset/images/books_d2fc5cd53e/6.jpg"", ""/content/drive/MyDrive/olx_books_dataset/images/books_d2fc5cd53e/7.jpg"", ""/content/drive/MyDrive/olx_books_dataset/images/books_d2fc5cd53e/8.jpg""]",8,2025-12-09 04:56:54.861701
books_2c1e98d9e6,https://www.olx.in/item/books-c453-fitjee-jee-main-and-adv-study-matetial-in-adyar-indra-nagar-chennai-iid-1826648138,Fitjee jee main and adv study matetial,Fitjee jee main and adv study matetial to score top ranks - Books,1400,"[""/content/drive/MyDrive/olx_books_dataset/images/books_2c1e98d9e6/1.jpg"", ""/content/drive/MyDrive/olx_books_dataset/images/books_2c1e98d9e6/2.jpg"", ""/content/drive/MyDrive/olx_books_dataset/images/books_2c1e98d9e6/3.jpg"", ""/content/drive/MyDrive/olx_books_dataset/images/books_2c1e98d9e6/4.jpg"", ""/content/drive/MyDrive/olx_books_dataset/images/books_2c1e98d9e6/5.jpg"", ""/content/drive/MyDrive/olx_books_dataset/images/books_2c1e98d9e6/6.jpg"", ""/content/drive/MyDrive/olx_books_dataset/images/books_2c1e98d9e6/7.jpg"", ""/content/drive/MyDrive/olx_books_dataset/images/books_2c1e98d9e6/8.jpg""]",8,2025-12-09 04:57:00.924933
books_16361cf38c,https://www.olx.in/item/books-c453-laurie-gilnore-set-box-in-mundhwa-pune-iid-1827987488,Laurie gilnore set box,5 books of laurie Gilmore - Books,1000,"[""/content/drive/MyDrive/olx_books_dataset/images/books_16361cf38c/1.jpg"", ""/content/drive/MyDrive/olx_books_dataset/images/books_16361cf38c/2.jpg"", ""/content/drive/MyDrive/olx_books_dataset/images/books_16361cf38c/3.jpg"", ""/content/drive/MyDrive/olx_books_dataset/images/books_16361cf38c/4.jpg"", ""/content/drive/MyDrive/olx_books_dataset/images/books_16361cf38c/5.jpg"", ""/content/drive/MyDrive/olx_books_dataset/images/books_16361cf38c/6.jpg"", ""/content/drive/MyDrive/olx_books_dataset/images/books_16361cf38c/7.jpg"", ""/content/drive/MyDrive/olx_books_dataset/images/books_16361cf38c/8.jpg""]",8,2025-12-09 04:57:48.189375
books_eaab9a9929,https://www.olx.in/item/books-c453-fiction-and-non-fiction-books-in-english-at-flat-40-off-mrp-in-amalanagar-thrissur-iid-1827893735,Fiction and non-fiction books in English at flat 40% off MRP,"1. Alice's Adventures in Wonderland and Through the Looking Glass by Lewis Carroll 2. The Shining by Stephen King 3.The Magic by Rhonda Byrne 4.Republic by Plato 5. Like by Ali Smith 6. The Accidental by Ali Smith 7. The Dutch House by Ann Patchett 8.Fire on the Mountain by Anita Desai 9.The Zigzag Way by Anita Desai 10. Henderson the Rain King by Saul Bellow 11. Melanie Klein - Love, Guilt and Reparation and Other Works 1921 12. Melanie Klein - Envy and Gratitude and Other Works 1946-63 13. Malgudi Days by R.K. Narayan 14. The Old Curiosity Shop by Charles Dickens 15. Ivanhoe by Sir Walter Scott 16. A Tale of Two Cities by Charles Dickens 17. Thinking, Fast and Slow by Daniel Kahneman 18. Maybe You Should Talk to Someone by Lori Gottlieb 19. Clear Light of Day by Anita Desai - Books",200,"[""/content/drive/MyDrive/olx_books_dataset/images/books_eaab9a9929/1.jpg"", ""/content/drive/MyDrive/olx_books_dataset/images/books_eaab9a9929/2.jpg"", ""/content/drive/MyDrive/olx_books_dataset/images/books_eaab9a9929/3.jpg"", ""/content/drive/MyDrive/olx_books_dataset/images/books_eaab9a9929/4.jpg"", ""/content/drive/MyDrive/olx_books_dataset/images/books_eaab9a9929/5.jpg"", ""/content/drive/MyDrive/olx_books_dataset/images/books_eaab9a9929/6.jpg"", ""/content/drive/MyDrive/olx_books_dataset/images/books_eaab9a9929/7.jpg"", ""/content/drive/MyDrive/olx_books_dataset/images/books_eaab9a9929/8.jpg""]",8,2025-12-09 04:57:54.766127
books_58de6e81bd,https://www.olx.in/item/books-c453-west-bengal-board-class-ix-bengali-sohayika-ray-and-martin-in-bhutar-bardhaman-iid-1828727246,West bengal board class ix bengali sohayika ray and martin,Bengali sohayika class ix ray and martin company 1 year old 2025 book - Books,360,"[""/content/drive/MyDrive/olx_books_dataset/images/books_58de6e81bd/1.jpg"", ""/content/drive/MyDrive/olx_books_dataset/images/books_58de6e81bd/2.jpg"", ""/content/drive/MyDrive/olx_books_dataset/images/books_58de6e81bd/3.jpg"", ""/content/drive/MyDrive/olx_books_dataset/images/books_58de6e81bd/4.jpg"", ""/content/drive/MyDrive/olx_books_dataset/images/books_58de6e81bd/5.jpg"", ""/content/drive/MyDrive/olx_books_dataset/images/books_58de6e81bd/6.jpg"", ""/content/drive/MyDrive/olx_books_dataset/images/books_58de6e81bd/7.jpg"", ""/content/drive/MyDrive/olx_books_dataset/images/books_58de6e81bd/8.jpg""]",8,2025-12-09 04:58:43.877447
books_9e2cead55e,https://www.olx.in/item/books-c453-hpcl-books-in-basistha-nagar-old-town-bhubaneshwar-iid-1827835912,Hpcl books,It is used for hpcl exam - Books,300,"[""/content/drive/MyDrive/olx_books_dataset/images/books_9e2cead55e/1.jpg"", ""/content/drive/MyDrive/olx_books_dataset/images/books_9e2cead55e/2.jpg"", ""/content/drive/MyDrive/olx_books_dataset/images/books_9e2cead55e/3.jpg"", ""/content/drive/MyDrive/olx_books_dataset/images/books_9e2cead55e/4.jpg"", ""/content/drive/MyDrive/olx_books_dataset/images/books_9e2cead55e/5.jpg"", ""/content/drive/MyDrive/olx_books_dataset/images/books_9e2cead55e/6.jpg"", ""/content/drive/MyDrive/olx_books_dataset/images/books_9e2cead55e/7.jpg"", ""/content/drive/MyDrive/olx_books_dataset/images/books_9e2cead55e/8.jpg""]",8,2025-12-09 04:58:50.695802
books_12fd40ea46,https://www.olx.in/item/books-c453-jee-and-keam-previous-year-questions-in-kumaramangalam-thodupuzha-iid-1828175781,Jee and keam previous year questions,Books for jee and keam previous year qn and soln Can buy full or any particular book Message for individual prices Can be delivered to muvattupuzha or thodupuzha - Books,2000,"[""/content/drive/MyDrive/olx_books_dataset/images/books_12fd40ea46/1.jpg"", ""/content/drive/MyDrive/olx_books_dataset/images/books_12fd40ea46/2.jpg"", ""/content/drive/MyDrive/olx_books_dataset/images/books_12fd40ea46/3.jpg"", ""/content/drive/MyDrive/olx_books_dataset/images/books_12fd40ea46/4.jpg"", ""/content/drive/MyDrive/olx_books_dataset/images/books_12fd40ea46/5.jpg"", ""/content/drive/MyDrive/olx_books_dataset/images/books_12fd40ea46/6.jpg"", ""/content/drive/MyDrive/olx_books_dataset/images/books_12fd40ea46/7.jpg"", ""/content/drive/MyDrive/olx_books_dataset/images/books_12fd40ea46/8.jpg""]",8,2025-12-09 04:59:38.885217
books_44a834c64e,https://www.olx.in/item/books-c453-mtg-fingerprints-in-sanath-nagar-hyderabad-iid-1828723704,MTG fingerprints,New one I got 2 sets of books in flipkart because I ordered it 2 times mistakenly - Books,1600,"[""/content/drive/MyDrive/olx_books_dataset/images/books_44a834c64e/1.jpg"", ""/content/drive/MyDrive/olx_books_dataset/images/books_44a834c64e/2.jpg"", ""/content/drive/MyDrive/olx_books_dataset/images/books_44a834c64e/3.jpg"", ""/content/drive/MyDrive/olx_books_dataset/images/books_44a834c64e/4.jpg"", ""/content/drive/MyDrive/olx_books_dataset/images/books_44a834c64e/5.jpg"", ""/content/drive/MyDrive/olx_books_dataset/images/books_44a834c64e/6.jpg"", ""/content/drive/MyDrive/olx_books_dataset/images/books_44a834c64e/7.jpg"", ""/content/drive/MyDrive/olx_books_dataset/images/books_44a834c64e/8.jpg""]",8,2025-12-09 05:02:08.291567
books_0884e8add6,https://www.olx.in/item/books-c453-iit-jee-books-in-kutmu-lohardaga-iid-1828724104,IIT JEE Books,A full package of IIT JEE preparation books. All the books are almost new and in very good condition. You will not need extra books apart from these for your JEE preparations. These are all authentic books. Consider buying. Home Delivery Service Available. - Books,5500,"[""/content/drive/MyDrive/olx_books_dataset/images/books_0884e8add6/1.jpg"", ""/content/drive/MyDrive/olx_books_dataset/images/books_0884e8add6/2.jpg"", ""/content/drive/MyDrive/olx_books_dataset/images/books_0884e8add6/3.jpg"", ""/content/drive/MyDrive/olx_books_dataset/images/books_0884e8add6/4.jpg"", ""/content/drive/MyDrive/olx_books_dataset/images/books_0884e8add6/5.jpg"", ""/content/drive/MyDrive/olx_books_dataset/images/books_0884e8add6/6.jpg"", ""/content/drive/MyDrive/olx_books_dataset/images/books_0884e8add6/7.jpg"", ""/content/drive/MyDrive/olx_books_dataset/images/books_0884e8add6/8.jpg""]",8,2025-12-09 05:02:15.939773
books_ea77621bec,https://www.olx.in/item/books-c453-youth-competition-times-in-employees-colony-tirupati-iid-1828730262,Youth competition times,"Arithmetic , reasoning , general knowledge , general science , winners general science . - Books",2000,"[""/content/drive/MyDrive/olx_books_dataset/images/books_ea77621bec/1.jpg"", ""/content/drive/MyDrive/olx_books_dataset/images/books_ea77621bec/2.jpg"", ""/content/drive/MyDrive/olx_books_dataset/images/books_ea77621bec/3.jpg"", ""/content/drive/MyDrive/olx_books_dataset/images/books_ea77621bec/4.jpg"", ""/content/drive/MyDrive/olx_books_dataset/images/books_ea77621bec/5.jpg"", ""/content/drive/MyDrive/olx_books_dataset/images/books_ea77621bec/6.jpg"", ""/content/drive/MyDrive/olx_books_dataset/images/books_ea77621bec/7.jpg"", ""/content/drive/MyDrive/olx_books_dataset/images/books_ea77621bec/8.jpg""]",8,2025-12-09 05:02:21.183659
books_90f234fd94,https://www.olx.in/item/books-c453-khakhra-different-variety-in-kh-road-bengaluru-iid-1828724896,Khakhra. different variety,Very nice quality good item i - Books,80,"[""/content/drive/MyDrive/olx_books_dataset/images/books_90f234fd94/1.jpg"", ""/content/drive/MyDrive/olx_books_dataset/images/books_90f234fd94/2.jpg"", ""/content/drive/MyDrive/olx_books_dataset/images/books_90f234fd94/3.jpg"", ""/content/drive/MyDrive/olx_books_dataset/images/books_90f234fd94/4.jpg"", ""/content/drive/MyDrive/olx_books_dataset/images/books_90f234fd94/5.jpg"", ""/content/drive/MyDrive/olx_books_dataset/images/books_90f234fd94/6.jpg"", ""/content/drive/MyDrive/olx_books_dataset/images/books_90f234fd94/7.jpg"", ""/content/drive/MyDrive/olx_books_dataset/images/books_90f234fd94/8.jpg""]",8,2025-12-09 05:03:10.323390
books_77c007de33,https://www.olx.in/item/books-c453-banking-preparation-in-kallipur-varanasi-iid-1828722970,Banking preparation,All books combination for banking preparation - Books,1800,"[""/content/drive/MyDrive/olx_books_dataset/images/books_77c007de33/1.jpg"", ""/content/drive/MyDrive/olx_books_dataset/images/books_77c007de33/2.jpg"", ""/content/drive/MyDrive/olx_books_dataset/images/books_77c007de33/3.jpg"", ""/content/drive/MyDrive/olx_books_dataset/images/books_77c007de33/4.jpg"", ""/content/drive/MyDrive/olx_books_dataset/images/books_77c007de33/5.jpg"", ""/content/drive/MyDrive/olx_books_dataset/images/books_77c007de33/6.jpg"", ""/content/drive/MyDrive/olx_books_dataset/images/books_77c007de33/7.jpg"", ""/content/drive/MyDrive/olx_books_dataset/images/books_77c007de33/8.jpg""]",8,2025-12-09 05:03:17.008902
books_f45acf4762,https://www.olx.in/item/books-c453-ssc-chsl-pyq-book-solved-in-gondwara-raipur-iid-1828721000,Ssc chsl pyq book solved,Best book for preparation - Books,200,"[""/content/drive/MyDrive/olx_books_dataset/images/books_f45acf4762/1.jpg"", ""/content/drive/MyDrive/olx_books_dataset/images/books_f45acf4762/2.jpg"", ""/content/drive/MyDrive/olx_books_dataset/images/books_f45acf4762/3.jpg"", ""/content/drive/MyDrive/olx_books_dataset/images/books_f45acf4762/4.jpg"", ""/content/drive/MyDrive/olx_books_dataset/images/books_f45acf4762/5.jpg"", ""/content/drive/MyDrive/olx_books_dataset/images/books_f45acf4762/6.jpg"", ""/content/drive/MyDrive/olx_books_dataset/images/books_f45acf4762/7.jpg"", ""/content/drive/MyDrive/olx_books_dataset/images/books_f45acf4762/8.jpg""]",8,2025-12-09 05:07:43.230550
books_5b4bd03c2f,https://www.olx.in/item/books-c453-i-dont-love-you-anymore-in-vanjar-patti-naka-bhiwandi-iid-1828718575,I dont love you anymore,By nitwit Singh in a vary good condition - Books,150,"[""/content/drive/MyDrive/olx_books_dataset/images/books_5b4bd03c2f/1.jpg"", ""/content/drive/MyDrive/olx_books_dataset/images/books_5b4bd03c2f/2.jpg"", ""/content/drive/MyDrive/olx_books_dataset/images/books_5b4bd03c2f/3.jpg"", ""/content/drive/MyDrive/olx_books_dataset/images/books_5b4bd03c2f/4.jpg"", ""/content/drive/MyDrive/olx_books_dataset/images/books_5b4bd03c2f/5.jpg"", ""/content/drive/MyDrive/olx_books_dataset/images/books_5b4bd03c2f/6.jpg"", ""/content/drive/MyDrive/olx_books_dataset/images/books_5b4bd03c2f/7.jpg"", ""/content/drive/MyDrive/olx_books_dataset/images/books_5b4bd03c2f/8.jpg""]",8,2025-12-09 05:09:12.384900
books_6784d308a4,https://www.olx.in/item/books-c453-jaun-elia-yani-in-sapna-sangeeta-indore-iid-1828718335,Jaun Elia Yani,Edited by kumar vishwas it's a book with shayris and gazals of Sir jaun Elia The book is in new condition - Books,250,"[""/content/drive/MyDrive/olx_books_dataset/images/books_6784d308a4/1.jpg"", ""/content/drive/MyDrive/olx_books_dataset/images/books_6784d308a4/2.jpg"", ""/content/drive/MyDrive/olx_books_dataset/images/books_6784d308a4/3.jpg"", ""/content/drive/MyDrive/olx_books_dataset/images/books_6784d308a4/4.jpg"", ""/content/drive/MyDrive/olx_books_dataset/images/books_6784d308a4/5.jpg"", ""/content/drive/MyDrive/olx_books_dataset/images/books_6784d308a4/6.jpg"", ""/content/drive/MyDrive/olx_books_dataset/images/books_6784d308a4/7.jpg"", ""/content/drive/MyDrive/olx_books_dataset/images/books_6784d308a4/8.jpg""]",8,2025-12-09 05:10:00.031929
books_f29e68a637,https://www.olx.in/item/books-c453-expert-chemistry-textbook-1st-puc-class-11-excellent-condition-in-kadri-mangaluru-iid-1828717567,Expert Chemistry Textbook – 1st PUC / Class 11 – Excellent Condition,Covers full Class 11 Chemistry CBSE syllabus Very useful for PU students and foundation learners Clear explanations and diagrams Good for both school exams + competitive foundation - Books,200,"[""/content/drive/MyDrive/olx_books_dataset/images/books_f29e68a637/1.jpg"", ""/content/drive/MyDrive/olx_books_dataset/images/books_f29e68a637/2.jpg"", ""/content/drive/MyDrive/olx_books_dataset/images/books_f29e68a637/3.jpg"", ""/content/drive/MyDrive/olx_books_dataset/images/books_f29e68a637/4.jpg"", ""/content/drive/MyDrive/olx_books_dataset/images/books_f29e68a637/5.jpg"", ""/content/drive/MyDrive/olx_books_dataset/images/books_f29e68a637/6.jpg"", ""/content/drive/MyDrive/olx_books_dataset/images/books_f29e68a637/7.jpg"", ""/content/drive/MyDrive/olx_books_dataset/images/books_f29e68a637/8.jpg""]",8,2025-12-09 05:10:47.520631
books_2bccf31132,https://www.olx.in/item/books-c453-a-brief-history-of-time-in-kaibalya-nagar-cuttack-iid-1828722429,A brief history of Time,"Well set, excellent in condition I have not used it and want to sell the book - Books",319,"[""/content/drive/MyDrive/olx_books_dataset/images/books_2bccf31132/1.jpg"", ""/content/drive/MyDrive/olx_books_dataset/images/books_2bccf31132/2.jpg"", ""/content/drive/MyDrive/olx_books_dataset/images/books_2bccf31132/3.jpg"", ""/content/drive/MyDrive/olx_books_dataset/images/books_2bccf31132/4.jpg"", ""/content/drive/MyDrive/olx_books_dataset/images/books_2bccf31132/5.jpg"", ""/content/drive/MyDrive/olx_books_dataset/images/books_2bccf31132/6.jpg"", ""/content/drive/MyDrive/olx_books_dataset/images/books_2bccf31132/7.jpg"", ""/content/drive/MyDrive/olx_books_dataset/images/books_2bccf31132/8.jpg"", ""/content/drive/MyDrive/olx_books_dataset/images/books_2bccf31132/9.jpg"", ""/content/drive/MyDrive/olx_books_dataset/images/books_2bccf31132/10.jpg"", ""/content/drive/MyDrive/olx_books_dataset/images/books_2bccf31132/11.jpg"", ""/content/drive/MyDrive/olx_books_dataset/images/books_2bccf31132/12.jpg"", ""/content/drive/MyDrive/olx_books_dataset/images/books_2bccf31132/13.jpg"", ""/content/drive/MyDrive/olx_books_dataset/images/books_2bccf31132/14.jpg""]",14,2025-12-09 05:11:37.595103
books_10615c3d5e,https://www.olx.in/item/books-c453-gmat-official-guide-2023-2024-in-mayur-vihar-phase-1-delhi-iid-1827908472,GMAT Official Guide (2023-2024),Focus Edition - Books,900,"[""/content/drive/MyDrive/olx_books_dataset/images/books_10615c3d5e/1.jpg"", ""/content/drive/MyDrive/olx_books_dataset/images/books_10615c3d5e/2.jpg"", ""/content/drive/MyDrive/olx_books_dataset/images/books_10615c3d5e/3.jpg"", ""/content/drive/MyDrive/olx_books_dataset/images/books_10615c3d5e/4.jpg"", ""/content/drive/MyDrive/olx_books_dataset/images/books_10615c3d5e/5.jpg"", ""/content/drive/MyDrive/olx_books_dataset/images/books_10615c3d5e/6.jpg"", ""/content/drive/MyDrive/olx_books_dataset/images/books_10615c3d5e/7.jpg"", ""/content/drive/MyDrive/olx_books_dataset/images/books_10615c3d5e/8.jpg""]",8,2025-12-09 05:11:45.055289
books_5c564967e7,https://www.olx.in/item/books-c453-cambridge-ielts-academic-general-tranning-brand-new-in-jp-nagar-phase-7-bengaluru-iid-1827239301,Cambridge IELTS Academic & General Tranning Brand New,Brand new condition - Books,800,"[""/content/drive/MyDrive/olx_books_dataset/images/books_5c564967e7/1.jpg"", ""/content/drive/MyDrive/olx_books_dataset/images/books_5c564967e7/2.jpg"", ""/content/drive/MyDrive/olx_books_dataset/images/books_5c564967e7/3.jpg"", ""/content/drive/MyDrive/olx_books_dataset/images/books_5c564967e7/4.jpg"", ""/content/drive/MyDrive/olx_books_dataset/images/books_5c564967e7/5.jpg"", ""/content/drive/MyDrive/olx_books_dataset/images/books_5c564967e7/6.jpg"", ""/content/drive/MyDrive/olx_books_dataset/images/books_5c564967e7/7.jpg"", ""/content/drive/MyDrive/olx_books_dataset/images/books_5c564967e7/8.jpg""]",8,2025-12-09 05:11:52.340981
books_c3d4b61b07,https://www.olx.in/item/books-c453-ms-office-bible-in-sompura-bengaluru-iid-1828717720,MS Office Bible,MS Office Bible - Books,500,"[""/content/drive/MyDrive/olx_books_dataset/images/books_c3d4b61b07/1.jpg"", ""/content/drive/MyDrive/olx_books_dataset/images/books_c3d4b61b07/2.jpg"", ""/content/drive/MyDrive/olx_books_dataset/images/books_c3d4b61b07/3.jpg"", ""/content/drive/MyDrive/olx_books_dataset/images/books_c3d4b61b07/4.jpg"", ""/content/drive/MyDrive/olx_books_dataset/images/books_c3d4b61b07/5.jpg"", ""/content/drive/MyDrive/olx_books_dataset/images/books_c3d4b61b07/6.jpg"", ""/content/drive/MyDrive/olx_books_dataset/images/books_c3d4b61b07/7.jpg"", ""/content/drive/MyDrive/olx_books_dataset/images/books_c3d4b61b07/8.jpg""]",8,2025-12-09 05:11:58.419424
books_07227bfc5c,https://www.olx.in/item/books-c453-3book-hai-mujhe-sells-krna-hai-in-agam-kuan-patna-iid-1820717303,3book hai mujhe sells Krna hai,3book hai mujhe sells Krna hai - Books,250,"[""/content/drive/MyDrive/olx_books_dataset/images/books_07227bfc5c/1.jpg"", ""/content/drive/MyDrive/olx_books_dataset/images/books_07227bfc5c/2.jpg"", ""/content/drive/MyDrive/olx_books_dataset/images/books_07227bfc5c/3.jpg"", ""/content/drive/MyDrive/olx_books_dataset/images/books_07227bfc5c/4.jpg"", ""/content/drive/MyDrive/olx_books_dataset/images/books_07227bfc5c/5.jpg"", ""/content/drive/MyDrive/olx_books_dataset/images/books_07227bfc5c/6.jpg"", ""/content/drive/MyDrive/olx_books_dataset/images/books_07227bfc5c/7.jpg"", ""/content/drive/MyDrive/olx_books_dataset/images/books_07227bfc5c/8.jpg""]",8,2025-12-09 05:15:00.915451
books_00c9ff54cf,https://www.olx.in/item/books-c453-schand-book-of-bio-of-10th-class-in-riico-industrial-area-rajgarh-churu-district-rajgarh-iid-1828718529,S.chand Book of Bio of 10th class,S.Chand Book of Class 10th Of Biology with a good situation absolutely a helpful book to understand the concept of biology of class 10th to score a good in boards . - Books,200,"[""/content/drive/MyDrive/olx_books_dataset/images/books_00c9ff54cf/1.jpg"", ""/content/drive/MyDrive/olx_books_dataset/images/books_00c9ff54cf/2.jpg"", ""/content/drive/MyDrive/olx_books_dataset/images/books_00c9ff54cf/3.jpg"", ""/content/drive/MyDrive/olx_books_dataset/images/books_00c9ff54cf/4.jpg"", ""/content/drive/MyDrive/olx_books_dataset/images/books_00c9ff54cf/5.jpg"", ""/content/drive/MyDrive/olx_books_dataset/images/books_00c9ff54cf/6.jpg"", ""/content/drive/MyDrive/olx_books_dataset/images/books_00c9ff54cf/7.jpg"", ""/content/drive/MyDrive/olx_books_dataset/images/books_00c9ff54cf/8.jpg""]",8,2025-12-09 05:16:30.169429
books_be91b7a770,https://www.olx.in/item/books-c453-1300-bestselling-ebooks-mega-bundle-in-meena-colony-jaipur-iid-1828719903,"1300 Bestselling eBooks

Mega Bundle","1300 Bestselling eBooks Mega Bundle - Hindi English Business, Motivation, Finance, Psychology & More (Digital Download) - Books",999,"[""/content/drive/MyDrive/olx_books_dataset/images/books_be91b7a770/1.jpg"", ""/content/drive/MyDrive/olx_books_dataset/images/books_be91b7a770/2.jpg"", ""/content/drive/MyDrive/olx_books_dataset/images/books_be91b7a770/3.jpg"", ""/content/drive/MyDrive/olx_books_dataset/images/books_be91b7a770/4.jpg"", ""/content/drive/MyDrive/olx_books_dataset/images/books_be91b7a770/5.jpg"", ""/content/drive/MyDrive/olx_books_dataset/images/books_be91b7a770/6.jpg"", ""/content/drive/MyDrive/olx_books_dataset/images/books_be91b7a770/7.jpg"", ""/content/drive/MyDrive/olx_books_dataset/images/books_be91b7a770/8.jpg""]",8,2025-12-09 05:18:45.164986
books_cab46af66b,https://www.olx.in/item/books-c453-etl-time-life-book-set-of-48books-in-gokuldham-mumbai-iid-1827000668,ETL Time Life Book set of 48books,"ETL TIMELIFE BOOKs SET “a child first library of learning” focuses on development in four key area; Life, Nature, Science and Our World. It stimulates curiosity through questions, builds the habit of reading, and develop love for reading. The Question-Answer format stimulates and satisfy your child’s curiously, with follow-up questions containing additional information. Colourful photos and illustrations attract and maintain your child’s attention and create interest in the topic with each page providing additional in-depth information. This series of books is developed in such a way that children will learn and have fun. Age group: 5-12years MRP: Rs.75,000 - Books",9800,"[""/content/drive/MyDrive/olx_books_dataset/images/books_cab46af66b/1.jpg"", ""/content/drive/MyDrive/olx_books_dataset/images/books_cab46af66b/2.jpg"", ""/content/drive/MyDrive/olx_books_dataset/images/books_cab46af66b/3.jpg"", ""/content/drive/MyDrive/olx_books_dataset/images/books_cab46af66b/4.jpg"", ""/content/drive/MyDrive/olx_books_dataset/images/books_cab46af66b/5.jpg"", ""/content/drive/MyDrive/olx_books_dataset/images/books_cab46af66b/6.jpg"", ""/content/drive/MyDrive/olx_books_dataset/images/books_cab46af66b/7.jpg"", ""/content/drive/MyDrive/olx_books_dataset/images/books_cab46af66b/8.jpg""]",8,2025-12-09 05:19:34.820514
books_44605803c5,https://www.olx.in/item/books-c453-b-arch-entrance-book-in-batla-house-delhi-iid-1828718276,B Arch Entrance Book,B Arch Entrance Book - Books,150,"[""/content/drive/MyDrive/olx_books_dataset/images/books_44605803c5/1.jpg"", ""/content/drive/MyDrive/olx_books_dataset/images/books_44605803c5/2.jpg"", ""/content/drive/MyDrive/olx_books_dataset/images/books_44605803c5/3.jpg"", ""/content/drive/MyDrive/olx_books_dataset/images/books_44605803c5/4.jpg"", ""/content/drive/MyDrive/olx_books_dataset/images/books_44605803c5/5.jpg"", ""/content/drive/MyDrive/olx_books_dataset/images/books_44605803c5/6.jpg"", ""/content/drive/MyDrive/olx_books_dataset/images/books_44605803c5/7.jpg"", ""/content/drive/MyDrive/olx_books_dataset/images/books_44605803c5/8.jpg""]",8,2025-12-09 05:20:22.698859
books_a416b66fcb,https://www.olx.in/item/books-c453-all-upsc-complete-book-in-sector-56-noida-iid-1828353366,all upsc complete book,all Upsc complete book contact no - Books,10000,"[""/content/drive/MyDrive/olx_books_dataset/images/books_a416b66fcb/1.jpg"", ""/content/drive/MyDrive/olx_books_dataset/images/books_a416b66fcb/2.jpg"", ""/content/drive/MyDrive/olx_books_dataset/images/books_a416b66fcb/3.jpg"", ""/content/drive/MyDrive/olx_books_dataset/images/books_a416b66fcb/4.jpg"", ""/content/drive/MyDrive/olx_books_dataset/images/books_a416b66fcb/5.jpg"", ""/content/drive/MyDrive/olx_books_dataset/images/books_a416b66fcb/6.jpg"", ""/content/drive/MyDrive/olx_books_dataset/images/books_a416b66fcb/7.jpg"", ""/content/drive/MyDrive/olx_books_dataset/images/books_a416b66fcb/8.jpg""]",8,2025-12-09 05:20:30.255185
books_a360d59051,https://www.olx.in/item/books-c453-ccna-tod-lamle-in-thergaon-pune-iid-1828719952,CCNA Tod Lamle,"CCNA book, very less used - Books",600,"[""/content/drive/MyDrive/olx_books_dataset/images/books_a360d59051/1.jpg"", ""/content/drive/MyDrive/olx_books_dataset/images/books_a360d59051/2.jpg"", ""/content/drive/MyDrive/olx_books_dataset/images/books_a360d59051/3.jpg"", ""/content/drive/MyDrive/olx_books_dataset/images/books_a360d59051/4.jpg"", ""/content/drive/MyDrive/olx_books_dataset/images/books_a360d59051/5.jpg"", ""/content/drive/MyDrive/olx_books_dataset/images/books_a360d59051/6.jpg"", ""/content/drive/MyDrive/olx_books_dataset/images/books_a360d59051/7.jpg"", ""/content/drive/MyDrive/olx_books_dataset/images/books_a360d59051/8.jpg""]",8,2025-12-09 05:22:02.992886
books_b349f80ba9,https://www.olx.in/item/books-c453-books-for-sell-in-ramamurthy-nagar-bengaluru-iid-1828501773,Books for sell,Just wanna sell by books For 10th home science and 12 isc business studies important notes Reading books - Books,15000,"[""/content/drive/MyDrive/olx_books_dataset/images/books_b349f80ba9/1.jpg"", ""/content/drive/MyDrive/olx_books_dataset/images/books_b349f80ba9/2.jpg"", ""/content/drive/MyDrive/olx_books_dataset/images/books_b349f80ba9/3.jpg"", ""/content/drive/MyDrive/olx_books_dataset/images/books_b349f80ba9/4.jpg"", ""/content/drive/MyDrive/olx_books_dataset/images/books_b349f80ba9/5.jpg"", ""/content/drive/MyDrive/olx_books_dataset/images/books_b349f80ba9/6.jpg"", ""/content/drive/MyDrive/olx_books_dataset/images/books_b349f80ba9/7.jpg"", ""/content/drive/MyDrive/olx_books_dataset/images/books_b349f80ba9/8.jpg""]",8,2025-12-09 05:22:52.395829
books_9171bdcfd7,https://www.olx.in/item/books-c453-allen-handbooks-for-jeemain-advanced-in-sector-46-noida-iid-1828717870,Allen Handbooks for JEE(main + advanced),Original unused 3 (physics + chemistry + maths) Allen handbooks for JEE(main + advanced) at 70% OFF !! - Books,350,"[""/content/drive/MyDrive/olx_books_dataset/images/books_9171bdcfd7/1.jpg"", ""/content/drive/MyDrive/olx_books_dataset/images/books_9171bdcfd7/2.jpg"", ""/content/drive/MyDrive/olx_books_dataset/images/books_9171bdcfd7/3.jpg"", ""/content/drive/MyDrive/olx_books_dataset/images/books_9171bdcfd7/4.jpg"", ""/content/drive/MyDrive/olx_books_dataset/images/books_9171bdcfd7/5.jpg"", ""/content/drive/MyDrive/olx_books_dataset/images/books_9171bdcfd7/6.jpg"", ""/content/drive/MyDrive/olx_books_dataset/images/books_9171bdcfd7/7.jpg"", ""/content/drive/MyDrive/olx_books_dataset/images/books_9171bdcfd7/8.jpg""]",8,2025-12-09 05:23:00.065871
books_82b6d6a128,https://www.olx.in/item/books-c453-neet-books-in-khajrana-indore-iid-1828722273,Neet books,Neet all sub books brand new condition - Books,3000,"[""/content/drive/MyDrive/olx_books_dataset/images/books_82b6d6a128/1.jpg"", ""/content/drive/MyDrive/olx_books_dataset/images/books_82b6d6a128/2.jpg"", ""/content/drive/MyDrive/olx_books_dataset/images/books_82b6d6a128/3.jpg"", ""/content/drive/MyDrive/olx_books_dataset/images/books_82b6d6a128/4.jpg"", ""/content/drive/MyDrive/olx_books_dataset/images/books_82b6d6a128/5.jpg"", ""/content/drive/MyDrive/olx_books_dataset/images/books_82b6d6a128/6.jpg"", ""/content/drive/MyDrive/olx_books_dataset/images/books_82b6d6a128/7.jpg"", ""/content/drive/MyDrive/olx_books_dataset/images/books_82b6d6a128/8.jpg""]",8,2025-12-09 05:23:04.751127
books_a0b6b9ec74,https://www.olx.in/item/books-c453-cbse-15-sample-question-paper-class12-accountancy-in-bhaniyawala-doiwala-iid-1828718766,CBSE 15 sample question paper class12 Accountancy,CBSE 15 sample question paper class12 Accountancy - Books,300,"[""/content/drive/MyDrive/olx_books_dataset/images/books_a0b6b9ec74/1.jpg"", ""/content/drive/MyDrive/olx_books_dataset/images/books_a0b6b9ec74/2.jpg"", ""/content/drive/MyDrive/olx_books_dataset/images/books_a0b6b9ec74/3.jpg"", ""/content/drive/MyDrive/olx_books_dataset/images/books_a0b6b9ec74/4.jpg"", ""/content/drive/MyDrive/olx_books_dataset/images/books_a0b6b9ec74/5.jpg"", ""/content/drive/MyDrive/olx_books_dataset/images/books_a0b6b9ec74/6.jpg"", ""/content/drive/MyDrive/olx_books_dataset/images/books_a0b6b9ec74/7.jpg"", ""/content/drive/MyDrive/olx_books_dataset/images/books_a0b6b9ec74/8.jpg""]",8,2025-12-09 05:23:52.700149
books_7a2ce22288,https://www.olx.in/item/books-c453-white-board-in-purasawalkam-chennai-iid-1828718928,White Board,4 pieces of white board available. 1 big size and 3 medium size boards. All boards are in good condition.Big size board is new and not used. - Books,5000,"[""/content/drive/MyDrive/olx_books_dataset/images/books_7a2ce22288/1.jpg"", ""/content/drive/MyDrive/olx_books_dataset/images/books_7a2ce22288/2.jpg"", ""/content/drive/MyDrive/olx_books_dataset/images/books_7a2ce22288/3.jpg"", ""/content/drive/MyDrive/olx_books_dataset/images/books_7a2ce22288/4.jpg"", ""/content/drive/MyDrive/olx_books_dataset/images/books_7a2ce22288/5.jpg"", ""/content/drive/MyDrive/olx_books_dataset/images/books_7a2ce22288/6.jpg"", ""/content/drive/MyDrive/olx_books_dataset/images/books_7a2ce22288/7.jpg"", ""/content/drive/MyDrive/olx_books_dataset/images/books_7a2ce22288/8.jpg""]",8,2025-12-09 05:25:27.667828
books_0184832d1c,https://www.olx.in/item/books-c453-demon-slayer-kimetsu-no-yaiba-story-and-art-comics-book-in-kanakia-road-mumbai-iid-1828719949,DEMON SLAYER KIMETSU NO YAIBA (STORY AND ART COMICS BOOK ),COMPLETE BOX SET / contains volumes 1-23 - full colour double - sided poster exclusive commemorative mini -book ( story and art comics book ) - Books,2100,"[""/content/drive/MyDrive/olx_books_dataset/images/books_0184832d1c/1.jpg"", ""/content/drive/MyDrive/olx_books_dataset/images/books_0184832d1c/2.jpg"", ""/content/drive/MyDrive/olx_books_dataset/images/books_0184832d1c/3.jpg"", ""/content/drive/MyDrive/olx_books_dataset/images/books_0184832d1c/4.jpg"", ""/content/drive/MyDrive/olx_books_dataset/images/books_0184832d1c/5.jpg"", ""/content/drive/MyDrive/olx_books_dataset/images/books_0184832d1c/6.jpg"", ""/content/drive/MyDrive/olx_books_dataset/images/books_0184832d1c/7.jpg"", ""/content/drive/MyDrive/olx_books_dataset/images/books_0184832d1c/8.jpg""]",8,2025-12-09 05:29:11.598254
books_c8a3638d29,https://www.olx.in/item/books-c453-neet-ncert-at-your-fingertips-mtg-physics-chemistry-and-biology-in-mumbai-central-mumbai-iid-1827888837,"NEET NCERT at your Fingertips MTG Physics, Chemistry and Biology",All the three books are in very good condition. Edition: 2022 Published by: MTG Learning Media (P) Ltd. Class XI + XII - Books,830,"[""/content/drive/MyDrive/olx_books_dataset/images/books_c8a3638d29/1.jpg"", ""/content/drive/MyDrive/olx_books_dataset/images/books_c8a3638d29/2.jpg"", ""/content/drive/MyDrive/olx_books_dataset/images/books_c8a3638d29/3.jpg"", ""/content/drive/MyDrive/olx_books_dataset/images/books_c8a3638d29/4.jpg"", ""/content/drive/MyDrive/olx_books_dataset/images/books_c8a3638d29/5.jpg"", ""/content/drive/MyDrive/olx_books_dataset/images/books_c8a3638d29/6.jpg"", ""/content/drive/MyDrive/olx_books_dataset/images/books_c8a3638d29/7.jpg"", ""/content/drive/MyDrive/olx_books_dataset/images/books_c8a3638d29/8.jpg""]",8,2025-12-09 05:29:58.909682
books_3dac1b4529,https://www.olx.in/item/books-c453-asoka-enterprises-in-amar-market-bulandshahr-iid-1828723259,Asoka enterprises,The lumber room Where mind is without fear - Books,25,"[""/content/drive/MyDrive/olx_books_dataset/images/books_3dac1b4529/1.jpg"", ""/content/drive/MyDrive/olx_books_dataset/images/books_3dac1b4529/2.jpg"", ""/content/drive/MyDrive/olx_books_dataset/images/books_3dac1b4529/3.jpg"", ""/content/drive/MyDrive/olx_books_dataset/images/books_3dac1b4529/4.jpg"", ""/content/drive/MyDrive/olx_books_dataset/images/books_3dac1b4529/5.jpg"", ""/content/drive/MyDrive/olx_books_dataset/images/books_3dac1b4529/6.jpg"", ""/content/drive/MyDrive/olx_books_dataset/images/books_3dac1b4529/7.jpg"", ""/content/drive/MyDrive/olx_books_dataset/images/books_3dac1b4529/8.jpg"", ""/content/drive/MyDrive/olx_books_dataset/images/books_3dac1b4529/9.jpg"", ""/content/drive/MyDrive/olx_books_dataset/images/books_3dac1b4529/10.jpg"", ""/content/drive/MyDrive/olx_books_dataset/images/books_3dac1b4529/11.jpg"", ""/content/drive/MyDrive/olx_books_dataset/images/books_3dac1b4529/12.jpg"", ""/content/drive/MyDrive/olx_books_dataset/images/books_3dac1b4529/13.jpg"", ""/content/drive/MyDrive/olx_books_dataset/images/books_3dac1b4529/14.jpg""]",14,2025-12-09 05:30:49.121270
books_1960caf71b,https://www.olx.in/item/books-c453-arjuna-neet-modules-in-sector-16c-greater-noida-iid-1828720742,Arjuna neet modules,Study package for neet aspirants Neet modules Latest 2024-25 edition In cheaper rates Best deal modules NEET STUDY MATERIAL STUDY MATERIAL FOR CLASS 11 PCB STUDY COURSE PCB LEARNING MATERIAL VERIFIED SELLERS IN GHAZIABAD & GREATER NOIDA* Best study material for neet - Books,2500,"[""/content/drive/MyDrive/olx_books_dataset/images/books_1960caf71b/1.jpg"", ""/content/drive/MyDrive/olx_books_dataset/images/books_1960caf71b/2.jpg"", ""/content/drive/MyDrive/olx_books_dataset/images/books_1960caf71b/3.jpg"", ""/content/drive/MyDrive/olx_books_dataset/images/books_1960caf71b/4.jpg"", ""/content/drive/MyDrive/olx_books_dataset/images/books_1960caf71b/5.jpg"", ""/content/drive/MyDrive/olx_books_dataset/images/books_1960caf71b/6.jpg"", ""/content/drive/MyDrive/olx_books_dataset/images/books_1960caf71b/7.jpg"", ""/content/drive/MyDrive/olx_books_dataset/images/books_1960caf71b/8.jpg"", ""/content/drive/MyDrive/olx_books_dataset/images/books_1960caf71b/9.jpg"", ""/content/drive/MyDrive/olx_books_dataset/images/books_1960caf71b/10.jpg"", ""/content/drive/MyDrive/olx_books_dataset/images/books_1960caf71b/11.jpg"", ""/content/drive/MyDrive/olx_books_dataset/images/books_1960caf71b/12.jpg"", ""/content/drive/MyDrive/olx_books_dataset/images/books_1960caf71b/13.jpg"", ""/content/drive/MyDrive/olx_books_dataset/images/books_1960caf71b/14.jpg""]",14,2025-12-09 05:30:58.671495
books_2229c9f97d,https://www.olx.in/item/books-c453-ssc-exam-all-4-books-in-badarpur-delhi-iid-1819614603,SSC Exam All 4 Books,Books for the competitive exams and ssc exam. English Grammar English practice set Reasoning book - Books,500,"[""/content/drive/MyDrive/olx_books_dataset/images/books_2229c9f97d/1.jpg"", ""/content/drive/MyDrive/olx_books_dataset/images/books_2229c9f97d/2.jpg"", ""/content/drive/MyDrive/olx_books_dataset/images/books_2229c9f97d/3.jpg"", ""/content/drive/MyDrive/olx_books_dataset/images/books_2229c9f97d/4.jpg"", ""/content/drive/MyDrive/olx_books_dataset/images/books_2229c9f97d/5.jpg"", ""/content/drive/MyDrive/olx_books_dataset/images/books_2229c9f97d/6.jpg"", ""/content/drive/MyDrive/olx_books_dataset/images/books_2229c9f97d/7.jpg"", ""/content/drive/MyDrive/olx_books_dataset/images/books_2229c9f97d/8.jpg""]",8,2025-12-09 05:31:47.743372
books_7908a7936c,https://www.olx.in/item/books-c453-class-12-biology-chemistry-ncert-books-board-exam-2025-in-rudrapur-uttar-pradesh-iid-1828469584,Class 12 Biology Chemistry NCERT Books Board Exam 2025,Class 12 NCERT Books Bundle - Board Exam 2025 Chemistry Part 1 + Part 2 Biology Brand new condition Complete for board exam preparation Science stream students ke liye perfect Bundle Price: Rs. 750 (slightly negotiable) Individual bhi bech sakte hain Urgent sale - Call/WhatsApp kare Payment: Cash/UPI Same day delivery possible Board exams aa rahe hain - jaldi khareed lo! Contact me - Books,650,"[""/content/drive/MyDrive/olx_books_dataset/images/books_7908a7936c/1.jpg"", ""/content/drive/MyDrive/olx_books_dataset/images/books_7908a7936c/2.jpg"", ""/content/drive/MyDrive/olx_books_dataset/images/books_7908a7936c/3.jpg"", ""/content/drive/MyDrive/olx_books_dataset/images/books_7908a7936c/4.jpg"", ""/content/drive/MyDrive/olx_books_dataset/images/books_7908a7936c/5.jpg"", ""/content/drive/MyDrive/olx_books_dataset/images/books_7908a7936c/6.jpg"", ""/content/drive/MyDrive/olx_books_dataset/images/books_7908a7936c/7.jpg"", ""/content/drive/MyDrive/olx_books_dataset/images/books_7908a7936c/8.jpg""]",8,2025-12-09 05:32:33.877249
books_881f7d0c1d,https://www.olx.in/item/books-c453-allen-neet-past-year-ppr-book-in-chitrapura-kota-iid-1828719550,Allen neet past year ppr book,Past 10 year only 10 paper cost 500 neet 15 to neet 24 Past 10 year 19 paper neet 14 to 22 all attempt Ncr also have rate bio 11th and 12th ₹720 - Books,999,"[""/content/drive/MyDrive/olx_books_dataset/images/books_881f7d0c1d/1.jpg"", ""/content/drive/MyDrive/olx_books_dataset/images/books_881f7d0c1d/2.jpg"", ""/content/drive/MyDrive/olx_books_dataset/images/books_881f7d0c1d/3.jpg"", ""/content/drive/MyDrive/olx_books_dataset/images/books_881f7d0c1d/4.jpg"", ""/content/drive/MyDrive/olx_books_dataset/images/books_881f7d0c1d/5.jpg"", ""/content/drive/MyDrive/olx_books_dataset/images/books_881f7d0c1d/6.jpg"", ""/content/drive/MyDrive/olx_books_dataset/images/books_881f7d0c1d/7.jpg"", ""/content/drive/MyDrive/olx_books_dataset/images/books_881f7d0c1d/8.jpg""]",8,2025-12-09 05:32:40.503621
books_1af9320fb0,https://www.olx.in/item/books-c453-iit-foundation-pearson-mathematics-in-kantipota-rajpur-sonarpur-iid-1828717793,IIT FOUNDATION PEARSON MATHEMATICS,Mathematics book edition twelfth edition - Books,370,"[""/content/drive/MyDrive/olx_books_dataset/images/books_1af9320fb0/1.jpg"", ""/content/drive/MyDrive/olx_books_dataset/images/books_1af9320fb0/2.jpg"", ""/content/drive/MyDrive/olx_books_dataset/images/books_1af9320fb0/3.jpg"", ""/content/drive/MyDrive/olx_books_dataset/images/books_1af9320fb0/4.jpg"", ""/content/drive/MyDrive/olx_books_dataset/images/books_1af9320fb0/5.jpg"", ""/content/drive/MyDrive/olx_books_dataset/images/books_1af9320fb0/6.jpg"", ""/content/drive/MyDrive/olx_books_dataset/images/books_1af9320fb0/7.jpg"", ""/content/drive/MyDrive/olx_books_dataset/images/books_1af9320fb0/8.jpg""]",8,2025-12-09 05:34:08.558273
books_d97920f3ef,https://www.olx.in/item/books-c453-bca-2nd-sem-all-in-one-rtmnu-syallabus-in-dharampeth-nagpur-iid-1816401954,BCA 2nd sem All in one (RTMNU syallabus),"This is for 2nd sem students of BCA (bachelor of Computer Application) students It is 2nd hand book,so I'm selling it for 300 ,the original price of this book is. Rs.420 Anyone who need it can message me - Books",300,"[""/content/drive/MyDrive/olx_books_dataset/images/books_d97920f3ef/1.jpg"", ""/content/drive/MyDrive/olx_books_dataset/images/books_d97920f3ef/2.jpg"", ""/content/drive/MyDrive/olx_books_dataset/images/books_d97920f3ef/3.jpg"", ""/content/drive/MyDrive/olx_books_dataset/images/books_d97920f3ef/4.jpg"", ""/content/drive/MyDrive/olx_books_dataset/images/books_d97920f3ef/5.jpg"", ""/content/drive/MyDrive/olx_books_dataset/images/books_d97920f3ef/6.jpg"", ""/content/drive/MyDrive/olx_books_dataset/images/books_d97920f3ef/7.jpg"", ""/content/drive/MyDrive/olx_books_dataset/images/books_d97920f3ef/8.jpg""]",8,2025-12-09 05:34:16.449343
books_6ef58d7ecd,https://www.olx.in/item/books-c453-all-modules-arjuna-class-11th-jee-in-kolar-road-bhopal-iid-1828723600,All modules arjuna class 11th jee,All modules arjuna class 11th jee - Books,1800,"[""/content/drive/MyDrive/olx_books_dataset/images/books_6ef58d7ecd/1.jpg"", ""/content/drive/MyDrive/olx_books_dataset/images/books_6ef58d7ecd/2.jpg"", ""/content/drive/MyDrive/olx_books_dataset/images/books_6ef58d7ecd/3.jpg"", ""/content/drive/MyDrive/olx_books_dataset/images/books_6ef58d7ecd/4.jpg"", ""/content/drive/MyDrive/olx_books_dataset/images/books_6ef58d7ecd/5.jpg"", ""/content/drive/MyDrive/olx_books_dataset/images/books_6ef58d7ecd/6.jpg"", ""/content/drive/MyDrive/olx_books_dataset/images/books_6ef58d7ecd/7.jpg"", ""/content/drive/MyDrive/olx_books_dataset/images/books_6ef58d7ecd/8.jpg""]",8,2025-12-09 05:36:30.706271
books_7446fb93d9,https://www.olx.in/item/books-c453-upsc-ssc-any-competitive-examination-in-azad-market-delhi-iid-1828721580,Upsc ssc any competitive examination,Complete ancient medieval modern history and short crisp ncert summary 6-12 Each book cost more than 300₹ I am ready to sell each at 100₹ - Books,99,"[""/content/drive/MyDrive/olx_books_dataset/images/books_7446fb93d9/1.jpg"", ""/content/drive/MyDrive/olx_books_dataset/images/books_7446fb93d9/2.jpg"", ""/content/drive/MyDrive/olx_books_dataset/images/books_7446fb93d9/3.jpg"", ""/content/drive/MyDrive/olx_books_dataset/images/books_7446fb93d9/4.jpg"", ""/content/drive/MyDrive/olx_books_dataset/images/books_7446fb93d9/5.jpg"", ""/content/drive/MyDrive/olx_books_dataset/images/books_7446fb93d9/6.jpg"", ""/content/drive/MyDrive/olx_books_dataset/images/books_7446fb93d9/7.jpg"", ""/content/drive/MyDrive/olx_books_dataset/images/books_7446fb93d9/8.jpg""]",8,2025-12-09 05:36:37.160105
books_1261266fdc,https://www.olx.in/item/books-c453-brand-new-books-for-preparation-of-goa-govt-jobs-in-cortalim-village-sancoale-iid-1824594551,Brand New Books for preparation of Goa Govt Jobs,Preparation for competitive exam conducted for Goa Govt Jobs. In Brand New Condition. Also includes complete course videos conducted by a reputed coaching institute - Books,11000,"[""/content/drive/MyDrive/olx_books_dataset/images/books_1261266fdc/1.jpg"", ""/content/drive/MyDrive/olx_books_dataset/images/books_1261266fdc/2.jpg"", ""/content/drive/MyDrive/olx_books_dataset/images/books_1261266fdc/3.jpg"", ""/content/drive/MyDrive/olx_books_dataset/images/books_1261266fdc/4.jpg"", ""/content/drive/MyDrive/olx_books_dataset/images/books_1261266fdc/5.jpg"", ""/content/drive/MyDrive/olx_books_dataset/images/books_1261266fdc/6.jpg"", ""/content/drive/MyDrive/olx_books_dataset/images/books_1261266fdc/7.jpg"", ""/content/drive/MyDrive/olx_books_dataset/images/books_1261266fdc/8.jpg""]",8,2025-12-09 05:36:43.857521
books_c1e0bc5667,https://www.olx.in/item/books-c453-urgent-sale-books-stationery-shop-in-bank-colony-bhimavaram-bhimavaram-iid-1828719322,Urgent Sale- Books Stationery shop,"Very Urgent Sale-BOOKS AND STATIONERY SHOP IN BHIMAVARAM- We are shifting to Karnataka State. Stock & Furniture 900000/- Shop Rent 25k monthly. Top Prime Area. Good Running shop. Interested people pls contact, Serious buyers only. - Books",9000,"[""/content/drive/MyDrive/olx_books_dataset/images/books_c1e0bc5667/1.jpg"", ""/content/drive/MyDrive/olx_books_dataset/images/books_c1e0bc5667/2.jpg"", ""/content/drive/MyDrive/olx_books_dataset/images/books_c1e0bc5667/3.jpg"", ""/content/drive/MyDrive/olx_books_dataset/images/books_c1e0bc5667/4.jpg"", ""/content/drive/MyDrive/olx_books_dataset/images/books_c1e0bc5667/5.jpg"", ""/content/drive/MyDrive/olx_books_dataset/images/books_c1e0bc5667/6.jpg"", ""/content/drive/MyDrive/olx_books_dataset/images/books_c1e0bc5667/7.jpg"", ""/content/drive/MyDrive/olx_books_dataset/images/books_c1e0bc5667/8.jpg"", ""/content/drive/MyDrive/olx_books_dataset/images/books_c1e0bc5667/9.jpg"", ""/content/drive/MyDrive/olx_books_dataset/images/books_c1e0bc5667/10.jpg"", ""/content/drive/MyDrive/olx_books_dataset/images/books_c1e0bc5667/11.jpg"", ""/content/drive/MyDrive/olx_books_dataset/images/books_c1e0bc5667/12.jpg"", ""/content/drive/MyDrive/olx_books_dataset/images/books_c1e0bc5667/13.jpg"", ""/content/drive/MyDrive/olx_books_dataset/images/books_c1e0bc5667/14.jpg""]",14,2025-12-09 05:36:53.326968
books_b582a3d515,https://www.olx.in/item/books-c453-allen-class-11th-nurture-modules-full-set-in-vikash-nagar-kota-iid-1828719228,ALLEN Class (11th) Nurture Modules Full set,Books For 11th preparation which is in new condition - Books,473,"[""/content/drive/MyDrive/olx_books_dataset/images/books_b582a3d515/1.jpg"", ""/content/drive/MyDrive/olx_books_dataset/images/books_b582a3d515/2.jpg"", ""/content/drive/MyDrive/olx_books_dataset/images/books_b582a3d515/3.jpg"", ""/content/drive/MyDrive/olx_books_dataset/images/books_b582a3d515/4.jpg"", ""/content/drive/MyDrive/olx_books_dataset/images/books_b582a3d515/5.jpg"", ""/content/drive/MyDrive/olx_books_dataset/images/books_b582a3d515/6.jpg"", ""/content/drive/MyDrive/olx_books_dataset/images/books_b582a3d515/7.jpg"", ""/content/drive/MyDrive/olx_books_dataset/images/books_b582a3d515/8.jpg""]",8,2025-12-09 05:37:41.170102
books_187752de0f,https://www.olx.in/item/books-c453-set-of-27-unused-bare-acts-for-law-students-in-vasant-kunj-delhi-iid-1828721256,Set of 27 Unused bare Acts for Law Students,"Set of 27 unused mint condition bare acts for the year 2026 with all latest amendment. The bare acts are without notes and comments and can be take to college exams where bare acts are permitted and can be used without hassle for the All India Bar Exam (AIBE). The set includes the following bare acts: 1. New criminal laws (BNS, BNSS, BSA) 2. Old Criminal laws ( IPC, CrPC, IEA) 3. Constitution of India 4. Code of Civil Procedure 5. Contract Act 6. Specific Relief Act 7. Negotiable Instruments 8. Family Law ( With complete Hindu and Muslim Personal laws) 9. Arbitration and conciliation act 10. Companies Act 11. Labour and Industrial Law ( Including the old and the newly enacted labour laws) 12. Intellectual Property laws ( patent act, copyright act and trademark act) 13. Motor Vehicles Act 14. Consumer protection act 15. Transfer of property act 16. Advocates Act 17. Environmental laws ( containing 4 acts) 18. Cyber laws 19. Limitation Act 20. The administrative tribunals act 21. Right to fair compensation and transparency in land acquisition and rehabilitation and resettle my act 22. Constitutional Remedies and public interest litigation The bare acts are completely unused and are excellent for a law student. Books are published by reputed publisher Legal Matrix Publisher. The bare acts are available at discounted rates. Please reach out if you are interested in buying the set as an aspiring lawyer. - Books",1600,"[""/content/drive/MyDrive/olx_books_dataset/images/books_187752de0f/1.jpg"", ""/content/drive/MyDrive/olx_books_dataset/images/books_187752de0f/2.jpg"", ""/content/drive/MyDrive/olx_books_dataset/images/books_187752de0f/3.jpg"", ""/content/drive/MyDrive/olx_books_dataset/images/books_187752de0f/4.jpg"", ""/content/drive/MyDrive/olx_books_dataset/images/books_187752de0f/5.jpg"", ""/content/drive/MyDrive/olx_books_dataset/images/books_187752de0f/6.jpg"", ""/content/drive/MyDrive/olx_books_dataset/images/books_187752de0f/7.jpg"", ""/content/drive/MyDrive/olx_books_dataset/images/books_187752de0f/8.jpg""]",8,2025-12-09 05:39:54.245438
books_a314c7b819,https://www.olx.in/item/books-c453-osho-cds-and-books-in-sector-21-panchkula-iid-1815491102,Osho cds and books,"Osho megazines, dvds, hard disks. Each megazines is on different topic. Har megajine me ek alag hi vishya per Osho ke vicharo ka sangreh. - Books",50,"[""/content/drive/MyDrive/olx_books_dataset/images/books_a314c7b819/1.jpg"", ""/content/drive/MyDrive/olx_books_dataset/images/books_a314c7b819/2.jpg"", ""/content/drive/MyDrive/olx_books_dataset/images/books_a314c7b819/3.jpg"", ""/content/drive/MyDrive/olx_books_dataset/images/books_a314c7b819/4.jpg"", ""/content/drive/MyDrive/olx_books_dataset/images/books_a314c7b819/5.jpg"", ""/content/drive/MyDrive/olx_books_dataset/images/books_a314c7b819/6.jpg"", ""/content/drive/MyDrive/olx_books_dataset/images/books_a314c7b819/7.jpg"", ""/content/drive/MyDrive/olx_books_dataset/images/books_a314c7b819/8.jpg""]",8,2025-12-09 05:39:59.134923
books_e0e837e2f5,https://www.olx.in/item/books-c453-emoji-pen-100-price-in-kanti-khurd-muzaffarpur-iid-1828712613,Emoji pen 100 price,Emoji pen 100 price - Books,110,"[""/content/drive/MyDrive/olx_books_dataset/images/books_e0e837e2f5/1.jpg"", ""/content/drive/MyDrive/olx_books_dataset/images/books_e0e837e2f5/2.jpg"", ""/content/drive/MyDrive/olx_books_dataset/images/books_e0e837e2f5/3.jpg"", ""/content/drive/MyDrive/olx_books_dataset/images/books_e0e837e2f5/4.jpg"", ""/content/drive/MyDrive/olx_books_dataset/images/books_e0e837e2f5/5.jpg"", ""/content/drive/MyDrive/olx_books_dataset/images/books_e0e837e2f5/6.jpg"", ""/content/drive/MyDrive/olx_books_dataset/images/books_e0e837e2f5/7.jpg"", ""/content/drive/MyDrive/olx_books_dataset/images/books_e0e837e2f5/8.jpg""]",8,2025-12-09 05:40:47.822192
books_11c026b814,https://www.olx.in/item/books-c453-in-begampur-delhi-iid-1828714787,"गोदान,, मुंशी प्रेमचंद की कहानी।",Book name - Godan Writer- Munshi Premchand New book #storybook - Books,199,"[""/content/drive/MyDrive/olx_books_dataset/images/books_11c026b814/1.jpg"", ""/content/drive/MyDrive/olx_books_dataset/images/books_11c026b814/2.jpg"", ""/content/drive/MyDrive/olx_books_dataset/images/books_11c026b814/3.jpg"", ""/content/drive/MyDrive/olx_books_dataset/images/books_11c026b814/4.jpg"", ""/content/drive/MyDrive/olx_books_dataset/images/books_11c026b814/5.jpg"", ""/content/drive/MyDrive/olx_books_dataset/images/books_11c026b814/6.jpg"", ""/content/drive/MyDrive/olx_books_dataset/images/books_11c026b814/7.jpg"", ""/content/drive/MyDrive/olx_books_dataset/images/books_11c026b814/8.jpg""]",8,2025-12-09 05:40:53.588489
books_23ec4d9a33,https://www.olx.in/item/books-c453-urgent-sale-in-kanakia-road-mumbai-iid-1828418322,Urgent sale,Combo offer - Books,500,"[""/content/drive/MyDrive/olx_books_dataset/images/books_23ec4d9a33/1.jpg"", ""/content/drive/MyDrive/olx_books_dataset/images/books_23ec4d9a33/2.jpg"", ""/content/drive/MyDrive/olx_books_dataset/images/books_23ec4d9a33/3.jpg"", ""/content/drive/MyDrive/olx_books_dataset/images/books_23ec4d9a33/4.jpg"", ""/content/drive/MyDrive/olx_books_dataset/images/books_23ec4d9a33/5.jpg"", ""/content/drive/MyDrive/olx_books_dataset/images/books_23ec4d9a33/6.jpg"", ""/content/drive/MyDrive/olx_books_dataset/images/books_23ec4d9a33/7.jpg"", ""/content/drive/MyDrive/olx_books_dataset/images/books_23ec4d9a33/8.jpg""]",8,2025-12-09 05:40:59.793030
books_6587c00d90,https://www.olx.in/item/books-c453-cbse-question-bank-of-class-12th-in-kothapalem-visakhapatnam-iid-1828713457,CBSE question bank of class 12th,Biology physics chemistry new and the seal is not opened till now! - Books,1500,"[""/content/drive/MyDrive/olx_books_dataset/images/books_6587c00d90/1.jpg"", ""/content/drive/MyDrive/olx_books_dataset/images/books_6587c00d90/2.jpg"", ""/content/drive/MyDrive/olx_books_dataset/images/books_6587c00d90/3.jpg"", ""/content/drive/MyDrive/olx_books_dataset/images/books_6587c00d90/4.jpg"", ""/content/drive/MyDrive/olx_books_dataset/images/books_6587c00d90/5.jpg"", ""/content/drive/MyDrive/olx_books_dataset/images/books_6587c00d90/6.jpg"", ""/content/drive/MyDrive/olx_books_dataset/images/books_6587c00d90/7.jpg"", ""/content/drive/MyDrive/olx_books_dataset/images/books_6587c00d90/8.jpg""]",8,2025-12-09 05:42:30.935098
books_826e37b255,https://www.olx.in/item/books-c453-tnfusrc-forest-test-book-and-gk-and-tamilnadu-maths-new-syllabus-in-sungu-pettai-perambalur-iid-1828712262,TNFUSRC Forest test book and gk and tamilnadu maths New syllabus,TNFUSRC Forest test book and gk and tamilnadu maths New syllabus - Books,1000,"[""/content/drive/MyDrive/olx_books_dataset/images/books_826e37b255/1.jpg"", ""/content/drive/MyDrive/olx_books_dataset/images/books_826e37b255/2.jpg"", ""/content/drive/MyDrive/olx_books_dataset/images/books_826e37b255/3.jpg"", ""/content/drive/MyDrive/olx_books_dataset/images/books_826e37b255/4.jpg"", ""/content/drive/MyDrive/olx_books_dataset/images/books_826e37b255/5.jpg"", ""/content/drive/MyDrive/olx_books_dataset/images/books_826e37b255/6.jpg"", ""/content/drive/MyDrive/olx_books_dataset/images/books_826e37b255/7.jpg"", ""/content/drive/MyDrive/olx_books_dataset/images/books_826e37b255/8.jpg""]",8,2025-12-09 05:44:44.062698
books_f25b564074,https://www.olx.in/item/books-c453-jee-pyqs-physics-in-new-industrial-township-2-faridabad-iid-1828711548,Jee pyqs physics,2025 edition has all pyqs till 2024 - Books,300,"[""/content/drive/MyDrive/olx_books_dataset/images/books_f25b564074/1.jpg"", ""/content/drive/MyDrive/olx_books_dataset/images/books_f25b564074/2.jpg"", ""/content/drive/MyDrive/olx_books_dataset/images/books_f25b564074/3.jpg"", ""/content/drive/MyDrive/olx_books_dataset/images/books_f25b564074/4.jpg"", ""/content/drive/MyDrive/olx_books_dataset/images/books_f25b564074/5.jpg"", ""/content/drive/MyDrive/olx_books_dataset/images/books_f25b564074/6.jpg"", ""/content/drive/MyDrive/olx_books_dataset/images/books_f25b564074/7.jpg"", ""/content/drive/MyDrive/olx_books_dataset/images/books_f25b564074/8.jpg""]",8,2025-12-09 05:45:02.062884
books_462ceb5de9,https://www.olx.in/item/books-c453-in-thoothukudi-tuticorin-iid-1828712755,தமிழர் நாகரிகமும் பண்பாடும் முனைவர்தட்சிணாமூர்த்தி,New book. Tnpsc Group 1 & 2 & 4 Exam Book - Books,500,"[""/content/drive/MyDrive/olx_books_dataset/images/books_462ceb5de9/1.jpg"", ""/content/drive/MyDrive/olx_books_dataset/images/books_462ceb5de9/2.jpg"", ""/content/drive/MyDrive/olx_books_dataset/images/books_462ceb5de9/3.jpg"", ""/content/drive/MyDrive/olx_books_dataset/images/books_462ceb5de9/4.jpg"", ""/content/drive/MyDrive/olx_books_dataset/images/books_462ceb5de9/5.jpg"", ""/content/drive/MyDrive/olx_books_dataset/images/books_462ceb5de9/6.jpg"", ""/content/drive/MyDrive/olx_books_dataset/images/books_462ceb5de9/7.jpg"", ""/content/drive/MyDrive/olx_books_dataset/images/books_462ceb5de9/8.jpg""]",8,2025-12-09 05:45:49.932308
books_803ff0a28e,https://www.olx.in/item/books-c453-clat-legaledge-full-book-set-gk-books-30-books-unused-latest-in-sector-56-gurgaon-iid-1828712785,"CLAT LegalEdge Full Book Set + GK Books (30+ Books, Unused, Latest)","I am selling my complete LegalEdge CLAT preparation book set (latest edition), which is totally unused and in excellent condition. This is the full subject-wise LegalEdge set for CLAT preparation. Along with this, I am also providing: Lucent GK – Latest Edition Arihant GK Book CLAT Guide – 2021 Edition Other GK and practice booklets Overall, this includes 30+ books, all in great condition and mostly unused. These books are ideal for preparation of CLAT, AILET, Law UG Entrance Exams and Strategic GK. Condition: Like new Coverage: Legal, Logical, English, GK, Quantitative techniques and Current Affairs Reason for selling: No longer needed Price: 30k, negotiable - Books",15000,"[""/content/drive/MyDrive/olx_books_dataset/images/books_803ff0a28e/1.jpg"", ""/content/drive/MyDrive/olx_books_dataset/images/books_803ff0a28e/2.jpg"", ""/content/drive/MyDrive/olx_books_dataset/images/books_803ff0a28e/3.jpg"", ""/content/drive/MyDrive/olx_books_dataset/images/books_803ff0a28e/4.jpg"", ""/content/drive/MyDrive/olx_books_dataset/images/books_803ff0a28e/5.jpg"", ""/content/drive/MyDrive/olx_books_dataset/images/books_803ff0a28e/6.jpg"", ""/content/drive/MyDrive/olx_books_dataset/images/books_803ff0a28e/7.jpg"", ""/content/drive/MyDrive/olx_books_dataset/images/books_803ff0a28e/8.jpg""]",8,2025-12-09 05:48:05.771364
books_895d0003b7,https://www.olx.in/item/books-c453-books-good-to-read-in-karmchari-nagar-ahmedabad-iid-1828713289,Books good to read,Some books are fresh and less used - Books,2000,"[""/content/drive/MyDrive/olx_books_dataset/images/books_895d0003b7/1.jpg"", ""/content/drive/MyDrive/olx_books_dataset/images/books_895d0003b7/2.jpg"", ""/content/drive/MyDrive/olx_books_dataset/images/books_895d0003b7/3.jpg"", ""/content/drive/MyDrive/olx_books_dataset/images/books_895d0003b7/4.jpg"", ""/content/drive/MyDrive/olx_books_dataset/images/books_895d0003b7/5.jpg"", ""/content/drive/MyDrive/olx_books_dataset/images/books_895d0003b7/6.jpg"", ""/content/drive/MyDrive/olx_books_dataset/images/books_895d0003b7/7.jpg"", ""/content/drive/MyDrive/olx_books_dataset/images/books_895d0003b7/8.jpg""]",8,2025-12-09 05:51:08.647464
books_4859896c70,https://www.olx.in/item/books-c453-novels-novels-in-morya-nagar-nalasopara-west-palghar-iid-1828715213,NOVEL'S NOVEL'S,"1.I fell in love with hope - Lancali 2.Never never - Colleen Hoover 3.Too late - Colleen Hoover 4. November 9 - Colleen Hoover 5.And then there were none - Agatha Christie 7.The fine print - Lauren Asher 8.crime and punishment - (hardcover) - Fyodor Dostoevsky 9.crime and punishment - (paperback) - Fyodor Dostoevsky 10.White night - Fyodor Dostoevsky 11.To Kill a Mockingbird - Harper Lee 12.Tuesdays with Morrie - Mitch Albom 13.Verity - Colleen Hoover 14.Norwegian Wood - Haruki Murakami 15.The Boy In The Striped Pyjamas - John Boyne 16.The Girl in Room 105 - Chetan Bhagat 17.Kafka On The Shore - Haruki Murakami 18.The Book Thief - Markus Zusak 19.Ugly Love - Colleen Hoover 20.Layla - Colleen Hoover 21.A little life - Hanya Yanagihara 22.Normal People - Sally Rooney 23.The Inheritance Game- Jennifer Lynn Barnes 24.The Hawthorne Legacy- Jennifer Lynn Barnes 25.The Final Gambit- Jennifer Lynn Barnes 26.The Brothers Hawthorne- Jennifer Lynn Barnes IMMEDIATE SALE! Selling a collection of 26 absolute bestsellers in PERFECT condition -no markings, no folded pages. Priced to sell immediately at the lowest possible price. First serious buyer takes them all! - Books",2700,"[""/content/drive/MyDrive/olx_books_dataset/images/books_4859896c70/1.jpg"", ""/content/drive/MyDrive/olx_books_dataset/images/books_4859896c70/2.jpg"", ""/content/drive/MyDrive/olx_books_dataset/images/books_4859896c70/3.jpg"", ""/content/drive/MyDrive/olx_books_dataset/images/books_4859896c70/4.jpg"", ""/content/drive/MyDrive/olx_books_dataset/images/books_4859896c70/5.jpg"", ""/content/drive/MyDrive/olx_books_dataset/images/books_4859896c70/6.jpg"", ""/content/drive/MyDrive/olx_books_dataset/images/books_4859896c70/7.jpg"", ""/content/drive/MyDrive/olx_books_dataset/images/books_4859896c70/8.jpg""]",8,2025-12-09 05:51:15.740314
books_9d9679aaeb,https://www.olx.in/item/books-c453-table-office-computer-wooden-table-in-gariya-kolkata-iid-1827146698,Table office computer wooden table,Table office computer wooden table - Books,5500,"[""/content/drive/MyDrive/olx_books_dataset/images/books_9d9679aaeb/1.jpg"", ""/content/drive/MyDrive/olx_books_dataset/images/books_9d9679aaeb/2.jpg"", ""/content/drive/MyDrive/olx_books_dataset/images/books_9d9679aaeb/3.jpg"", ""/content/drive/MyDrive/olx_books_dataset/images/books_9d9679aaeb/4.jpg"", ""/content/drive/MyDrive/olx_books_dataset/images/books_9d9679aaeb/5.jpg"", ""/content/drive/MyDrive/olx_books_dataset/images/books_9d9679aaeb/6.jpg"", ""/content/drive/MyDrive/olx_books_dataset/images/books_9d9679aaeb/7.jpg"", ""/content/drive/MyDrive/olx_books_dataset/images/books_9d9679aaeb/8.jpg""]",8,2025-12-09 05:51:24.038037
books_8f41130d04,https://www.olx.in/item/books-c453-ncert-exemplar-problem-solutions-class-8-in-nawapara-siliguri-iid-1828715693,Ncert exemplar problem -solutions (class 8),Maths exemplar of class 8in this we have detailed explaination and all obejective and subjective type question - Books,375,"[""/content/drive/MyDrive/olx_books_dataset/images/books_8f41130d04/1.jpg"", ""/content/drive/MyDrive/olx_books_dataset/images/books_8f41130d04/2.jpg"", ""/content/drive/MyDrive/olx_books_dataset/images/books_8f41130d04/3.jpg"", ""/content/drive/MyDrive/olx_books_dataset/images/books_8f41130d04/4.jpg"", ""/content/drive/MyDrive/olx_books_dataset/images/books_8f41130d04/5.jpg"", ""/content/drive/MyDrive/olx_books_dataset/images/books_8f41130d04/6.jpg"", ""/content/drive/MyDrive/olx_books_dataset/images/books_8f41130d04/7.jpg"", ""/content/drive/MyDrive/olx_books_dataset/images/books_8f41130d04/8.jpg""]",8,2025-12-09 05:51:31.410244
books_339e768e0b,https://www.olx.in/item/books-c453-harry-potter-and-the-order-of-the-phoenix-in-jagla-pur-patna-iid-1828713814,harry potter and the order of the phoenix,take it from place if you want then message - Books,1300,"[""/content/drive/MyDrive/olx_books_dataset/images/books_339e768e0b/1.jpg"", ""/content/drive/MyDrive/olx_books_dataset/images/books_339e768e0b/2.jpg"", ""/content/drive/MyDrive/olx_books_dataset/images/books_339e768e0b/3.jpg"", ""/content/drive/MyDrive/olx_books_dataset/images/books_339e768e0b/4.jpg"", ""/content/drive/MyDrive/olx_books_dataset/images/books_339e768e0b/5.jpg"", ""/content/drive/MyDrive/olx_books_dataset/images/books_339e768e0b/6.jpg"", ""/content/drive/MyDrive/olx_books_dataset/images/books_339e768e0b/7.jpg"", ""/content/drive/MyDrive/olx_books_dataset/images/books_339e768e0b/8.jpg""]",8,2025-12-09 05:54:34.922942
books_b775b8d0d9,https://www.olx.in/item/books-c453-stationery-and-gifts-items-in-gita-press-gorakhpur-gorakhpur-iid-1826226910,Stationery and gifts items,I want to sell my all stationery and gift toys items on Flat 30-40% discount rate only 1 Byer to plan open shop. New items hai. Ye add Delhi/NCR ka hai . Location wrong ho gaya hai - Books,15000,"[""/content/drive/MyDrive/olx_books_dataset/images/books_b775b8d0d9/1.jpg"", ""/content/drive/MyDrive/olx_books_dataset/images/books_b775b8d0d9/2.jpg"", ""/content/drive/MyDrive/olx_books_dataset/images/books_b775b8d0d9/3.jpg"", ""/content/drive/MyDrive/olx_books_dataset/images/books_b775b8d0d9/4.jpg"", ""/content/drive/MyDrive/olx_books_dataset/images/books_b775b8d0d9/5.jpg"", ""/content/drive/MyDrive/olx_books_dataset/images/books_b775b8d0d9/6.jpg"", ""/content/drive/MyDrive/olx_books_dataset/images/books_b775b8d0d9/7.jpg"", ""/content/drive/MyDrive/olx_books_dataset/images/books_b775b8d0d9/8.jpg""]",8,2025-12-09 05:54:41.948920
books_c61935eabf,https://www.olx.in/item/books-c453-neet-modules-in-sector-1-block-dd-bidhannagar-iid-1827257964,Neet modules,Want to sell full modules of all the Neet subjects - Books,15000,"[""/content/drive/MyDrive/olx_books_dataset/images/books_c61935eabf/1.jpg"", ""/content/drive/MyDrive/olx_books_dataset/images/books_c61935eabf/2.jpg"", ""/content/drive/MyDrive/olx_books_dataset/images/books_c61935eabf/3.jpg"", ""/content/drive/MyDrive/olx_books_dataset/images/books_c61935eabf/4.jpg"", ""/content/drive/MyDrive/olx_books_dataset/images/books_c61935eabf/5.jpg"", ""/content/drive/MyDrive/olx_books_dataset/images/books_c61935eabf/6.jpg"", ""/content/drive/MyDrive/olx_books_dataset/images/books_c61935eabf/7.jpg"", ""/content/drive/MyDrive/olx_books_dataset/images/books_c61935eabf/8.jpg""]",8,2025-12-09 05:56:12.467934
books_4a353cf03d,https://www.olx.in/item/books-c453-5-book-set-ikigaiatomic-habit-psychology-of-money-rich-dad-poor-da-in-anupam-vihar-dehradun-iid-1828658459,"5 book set( ikigai,atomic habit, psychology of money, rich dad poor da","We only sell brand new products and provide all indian free delivery and cash on delivery service 5 book set (ikigai, Phycology of money, rich dad poor dad , atomic habit, the subtitle art of not Giving f*ck) - Books",350,"[""/content/drive/MyDrive/olx_books_dataset/images/books_4a353cf03d/1.jpg"", ""/content/drive/MyDrive/olx_books_dataset/images/books_4a353cf03d/2.jpg"", ""/content/drive/MyDrive/olx_books_dataset/images/books_4a353cf03d/3.jpg"", ""/content/drive/MyDrive/olx_books_dataset/images/books_4a353cf03d/4.jpg"", ""/content/drive/MyDrive/olx_books_dataset/images/books_4a353cf03d/5.jpg"", ""/content/drive/MyDrive/olx_books_dataset/images/books_4a353cf03d/6.jpg"", ""/content/drive/MyDrive/olx_books_dataset/images/books_4a353cf03d/7.jpg"", ""/content/drive/MyDrive/olx_books_dataset/images/books_4a353cf03d/8.jpg""]",8,2025-12-09 05:57:41.294441
books_ad625a8db1,https://www.olx.in/item/books-c453-best-pens-wabco-in-ognaj-village-ahmedabad-iid-1828716300,Best pens WABCO,I am selling because this pen are very expensive - Books,599,"[""/content/drive/MyDrive/olx_books_dataset/images/books_ad625a8db1/1.jpg"", ""/content/drive/MyDrive/olx_books_dataset/images/books_ad625a8db1/2.jpg"", ""/content/drive/MyDrive/olx_books_dataset/images/books_ad625a8db1/3.jpg"", ""/content/drive/MyDrive/olx_books_dataset/images/books_ad625a8db1/4.jpg"", ""/content/drive/MyDrive/olx_books_dataset/images/books_ad625a8db1/5.jpg"", ""/content/drive/MyDrive/olx_books_dataset/images/books_ad625a8db1/6.jpg"", ""/content/drive/MyDrive/olx_books_dataset/images/books_ad625a8db1/7.jpg"", ""/content/drive/MyDrive/olx_books_dataset/images/books_ad625a8db1/8.jpg""]",8,2025-12-09 05:58:29.898722
books_9751597073,https://www.olx.in/item/books-c453-may-droing-in-katragam-surat-iid-1828711846,May droing,Soic droing - Books,2000,"[""/content/drive/MyDrive/olx_books_dataset/images/books_9751597073/1.jpg"", ""/content/drive/MyDrive/olx_books_dataset/images/books_9751597073/2.jpg"", ""/content/drive/MyDrive/olx_books_dataset/images/books_9751597073/3.jpg"", ""/content/drive/MyDrive/olx_books_dataset/images/books_9751597073/4.jpg"", ""/content/drive/MyDrive/olx_books_dataset/images/books_9751597073/5.jpg"", ""/content/drive/MyDrive/olx_books_dataset/images/books_9751597073/6.jpg"", ""/content/drive/MyDrive/olx_books_dataset/images/books_9751597073/7.jpg"", ""/content/drive/MyDrive/olx_books_dataset/images/books_9751597073/8.jpg""]",8,2025-12-09 05:59:16.997964
books_906aa6c47c,https://www.olx.in/item/books-c453-applied-biochemistry-and-applied-nutrition-dietetics-in-raj-society-kadi-iid-1828717058,Applied biochemistry and applied Nutrition &dietetics,"Good condition,no damage 6month used - Books",500,"[""/content/drive/MyDrive/olx_books_dataset/images/books_906aa6c47c/1.jpg"", ""/content/drive/MyDrive/olx_books_dataset/images/books_906aa6c47c/2.jpg"", ""/content/drive/MyDrive/olx_books_dataset/images/books_906aa6c47c/3.jpg"", ""/content/drive/MyDrive/olx_books_dataset/images/books_906aa6c47c/4.jpg"", ""/content/drive/MyDrive/olx_books_dataset/images/books_906aa6c47c/5.jpg"", ""/content/drive/MyDrive/olx_books_dataset/images/books_906aa6c47c/6.jpg"", ""/content/drive/MyDrive/olx_books_dataset/images/books_906aa6c47c/7.jpg"", ""/content/drive/MyDrive/olx_books_dataset/images/books_906aa6c47c/8.jpg""]",8,2025-12-09 06:00:04.173892
books_7503b7d2e5,https://www.olx.in/item/books-c453-modern-approach-to-physical-chemistry-rc-mukherjee-jee-book-in-kadri-mangaluru-iid-1828717334,Modern Approach to Physical Chemistry – R.C. Mukherjee  JEE Book,"One of the best books for Physical Chemistry concepts Ideal for mastering Equilibrium, Thermodynamics & Numerical problems Highly recommended by toppers and coaching institutes Great for strengthening theory + problem solving - Books",350,"[""/content/drive/MyDrive/olx_books_dataset/images/books_7503b7d2e5/1.jpg"", ""/content/drive/MyDrive/olx_books_dataset/images/books_7503b7d2e5/2.jpg"", ""/content/drive/MyDrive/olx_books_dataset/images/books_7503b7d2e5/3.jpg"", ""/content/drive/MyDrive/olx_books_dataset/images/books_7503b7d2e5/4.jpg"", ""/content/drive/MyDrive/olx_books_dataset/images/books_7503b7d2e5/5.jpg"", ""/content/drive/MyDrive/olx_books_dataset/images/books_7503b7d2e5/6.jpg"", ""/content/drive/MyDrive/olx_books_dataset/images/books_7503b7d2e5/7.jpg"", ""/content/drive/MyDrive/olx_books_dataset/images/books_7503b7d2e5/8.jpg""]",8,2025-12-09 06:00:09.949254
books_493d1208e5,https://www.olx.in/item/books-c453-pw-modules-in-laxmi-nagar-delhi-iid-1828711938,PW modules,Pw yakeen neet modules plus class 11th module - Books,4999,"[""/content/drive/MyDrive/olx_books_dataset/images/books_493d1208e5/1.jpg"", ""/content/drive/MyDrive/olx_books_dataset/images/books_493d1208e5/2.jpg"", ""/content/drive/MyDrive/olx_books_dataset/images/books_493d1208e5/3.jpg"", ""/content/drive/MyDrive/olx_books_dataset/images/books_493d1208e5/4.jpg"", ""/content/drive/MyDrive/olx_books_dataset/images/books_493d1208e5/5.jpg"", ""/content/drive/MyDrive/olx_books_dataset/images/books_493d1208e5/6.jpg"", ""/content/drive/MyDrive/olx_books_dataset/images/books_493d1208e5/7.jpg"", ""/content/drive/MyDrive/olx_books_dataset/images/books_493d1208e5/8.jpg""]",8,2025-12-09 06:00:56.853105
books_9518d24a06,https://www.olx.in/item/books-c453-mtg-fingertips-in-mochi-vada-una-iid-1828714337,Mtg fingertips,Ekdum new j chhe only first page par ek nam lakhel chhe - Books,550,"[""/content/drive/MyDrive/olx_books_dataset/images/books_9518d24a06/1.jpg"", ""/content/drive/MyDrive/olx_books_dataset/images/books_9518d24a06/2.jpg"", ""/content/drive/MyDrive/olx_books_dataset/images/books_9518d24a06/3.jpg"", ""/content/drive/MyDrive/olx_books_dataset/images/books_9518d24a06/4.jpg"", ""/content/drive/MyDrive/olx_books_dataset/images/books_9518d24a06/5.jpg"", ""/content/drive/MyDrive/olx_books_dataset/images/books_9518d24a06/6.jpg"", ""/content/drive/MyDrive/olx_books_dataset/images/books_9518d24a06/7.jpg"", ""/content/drive/MyDrive/olx_books_dataset/images/books_9518d24a06/8.jpg""]",8,2025-12-09 06:01:01.649467
books_2976c14c66,https://www.olx.in/item/books-c453-allen-neet-modules-latest-ed-complete-set-excellent-condition-in-karawal-nagar-delhi-iid-1828715797,Allen NEET Modules (Latest Ed.) – Complete Set – Excellent Condition,"I am selling a complete set of Allen Pre-Medical Biology Modules (Latest Edition). All books are in excellent condition, no torn pages, no major markings. Perfect for NEET aspirants who want high-quality study material from Allen. Included Books: Pre-Medical Biology #1 Pre-Medical Biology #5 Pre-Medical Biology #6 Pre-Medical Biology #7 Pre-Medical Biology #9 Pre-Medical Biology #10 NCRT Biology Class XI (Allen Edition) These modules cover the full NEET Biology syllabus with theory, solved examples, exercises, illustrations, and previous year questions. Why buy: Latest edition High-quality Allen material - Books",100,"[""/content/drive/MyDrive/olx_books_dataset/images/books_2976c14c66/1.jpg"", ""/content/drive/MyDrive/olx_books_dataset/images/books_2976c14c66/2.jpg"", ""/content/drive/MyDrive/olx_books_dataset/images/books_2976c14c66/3.jpg"", ""/content/drive/MyDrive/olx_books_dataset/images/books_2976c14c66/4.jpg"", ""/content/drive/MyDrive/olx_books_dataset/images/books_2976c14c66/5.jpg"", ""/content/drive/MyDrive/olx_books_dataset/images/books_2976c14c66/6.jpg"", ""/content/drive/MyDrive/olx_books_dataset/images/books_2976c14c66/7.jpg"", ""/content/drive/MyDrive/olx_books_dataset/images/books_2976c14c66/8.jpg""]",8,2025-12-09 06:01:07.699377
books_374421b6e3,https://www.olx.in/item/books-c453-book-3xl-suit-in-kopar-khairane-navi-mumbai-iid-1828717148,Book 3xl suit,Sec 12 koparkhairne - Books,250,"[""/content/drive/MyDrive/olx_books_dataset/images/books_374421b6e3/1.jpg"", ""/content/drive/MyDrive/olx_books_dataset/images/books_374421b6e3/2.jpg"", ""/content/drive/MyDrive/olx_books_dataset/images/books_374421b6e3/3.jpg"", ""/content/drive/MyDrive/olx_books_dataset/images/books_374421b6e3/4.jpg"", ""/content/drive/MyDrive/olx_books_dataset/images/books_374421b6e3/5.jpg"", ""/content/drive/MyDrive/olx_books_dataset/images/books_374421b6e3/6.jpg"", ""/content/drive/MyDrive/olx_books_dataset/images/books_374421b6e3/7.jpg"", ""/content/drive/MyDrive/olx_books_dataset/images/books_374421b6e3/8.jpg""]",8,2025-12-09 06:01:15.424569
books_687d5b225e,https://www.olx.in/item/books-c453-ignou-ma-history-guide-book-in-refinery-township-barauni-ioc-township-iid-1828356562,IGNOU MA HISTORY GUIDE BOOK,IGNOU MA HISTORY GUIDE BOOK OF NEERAJ PUBLICATION AND GULLYBABA PUBLICATION FOR BOTH 1ST AND 2ND YEAR. PRICE NEGOTIABLE. - Books,500,"[""/content/drive/MyDrive/olx_books_dataset/images/books_687d5b225e/1.jpg"", ""/content/drive/MyDrive/olx_books_dataset/images/books_687d5b225e/2.jpg"", ""/content/drive/MyDrive/olx_books_dataset/images/books_687d5b225e/3.jpg"", ""/content/drive/MyDrive/olx_books_dataset/images/books_687d5b225e/4.jpg"", ""/content/drive/MyDrive/olx_books_dataset/images/books_687d5b225e/5.jpg"", ""/content/drive/MyDrive/olx_books_dataset/images/books_687d5b225e/6.jpg"", ""/content/drive/MyDrive/olx_books_dataset/images/books_687d5b225e/7.jpg"", ""/content/drive/MyDrive/olx_books_dataset/images/books_687d5b225e/8.jpg""]",8,2025-12-09 06:02:01.471806
books_60d7c79877,https://www.olx.in/item/books-c453-book-on-carpets-7x4-in-nawab-bagh-srinagar-iid-1828713345,Book on carpets 7x4,Books carpet 7x4 Tibetan - Books,14000,"[""/content/drive/MyDrive/olx_books_dataset/images/books_60d7c79877/1.jpg"", ""/content/drive/MyDrive/olx_books_dataset/images/books_60d7c79877/2.jpg"", ""/content/drive/MyDrive/olx_books_dataset/images/books_60d7c79877/3.jpg"", ""/content/drive/MyDrive/olx_books_dataset/images/books_60d7c79877/4.jpg"", ""/content/drive/MyDrive/olx_books_dataset/images/books_60d7c79877/5.jpg"", ""/content/drive/MyDrive/olx_books_dataset/images/books_60d7c79877/6.jpg"", ""/content/drive/MyDrive/olx_books_dataset/images/books_60d7c79877/7.jpg"", ""/content/drive/MyDrive/olx_books_dataset/images/books_60d7c79877/8.jpg""]",8,2025-12-09 06:02:50.080675
books_e90b1cf343,https://www.olx.in/item/books-c453-quantitative-aptitude-in-athikanni-kulam-mevalurkuppam-iid-1828715383,Quantitative aptitude,aptitude book - Books,1200,"[""/content/drive/MyDrive/olx_books_dataset/images/books_e90b1cf343/1.jpg"", ""/content/drive/MyDrive/olx_books_dataset/images/books_e90b1cf343/2.jpg"", ""/content/drive/MyDrive/olx_books_dataset/images/books_e90b1cf343/3.jpg"", ""/content/drive/MyDrive/olx_books_dataset/images/books_e90b1cf343/4.jpg"", ""/content/drive/MyDrive/olx_books_dataset/images/books_e90b1cf343/5.jpg"", ""/content/drive/MyDrive/olx_books_dataset/images/books_e90b1cf343/6.jpg"", ""/content/drive/MyDrive/olx_books_dataset/images/books_e90b1cf343/7.jpg"", ""/content/drive/MyDrive/olx_books_dataset/images/books_e90b1cf343/8.jpg""]",8,2025-12-09 06:02:57.826204
books_8fe929243a,https://www.olx.in/item/books-c453-mirchi-bhaji-counter-in-bowenpally-bapuji-nagar-secunderabad-iid-1828145158,Mirchi bhaji counter,Rate 11000/ - Books,11000,"[""/content/drive/MyDrive/olx_books_dataset/images/books_8fe929243a/1.jpg"", ""/content/drive/MyDrive/olx_books_dataset/images/books_8fe929243a/2.jpg"", ""/content/drive/MyDrive/olx_books_dataset/images/books_8fe929243a/3.jpg"", ""/content/drive/MyDrive/olx_books_dataset/images/books_8fe929243a/4.jpg"", ""/content/drive/MyDrive/olx_books_dataset/images/books_8fe929243a/5.jpg"", ""/content/drive/MyDrive/olx_books_dataset/images/books_8fe929243a/6.jpg"", ""/content/drive/MyDrive/olx_books_dataset/images/books_8fe929243a/7.jpg"", ""/content/drive/MyDrive/olx_books_dataset/images/books_8fe929243a/8.jpg""]",8,2025-12-09 06:03:02.543927
books_1d5e395b2d,https://www.olx.in/item/books-c453-one-piece-and-dragon-ball-manga-in-janibegun-hyderabad-iid-1828710519,One piece and dragon ball manga,"Brand new mangas of dbz, volume 1 of dbz and volume 3 and 5 of one piece. Both are brand new.all are genuine.Selling them due to an unexpected financial need. - Books",1000,"[""/content/drive/MyDrive/olx_books_dataset/images/books_1d5e395b2d/1.jpg"", ""/content/drive/MyDrive/olx_books_dataset/images/books_1d5e395b2d/2.jpg"", ""/content/drive/MyDrive/olx_books_dataset/images/books_1d5e395b2d/3.jpg"", ""/content/drive/MyDrive/olx_books_dataset/images/books_1d5e395b2d/4.jpg"", ""/content/drive/MyDrive/olx_books_dataset/images/books_1d5e395b2d/5.jpg"", ""/content/drive/MyDrive/olx_books_dataset/images/books_1d5e395b2d/6.jpg"", ""/content/drive/MyDrive/olx_books_dataset/images/books_1d5e395b2d/7.jpg"", ""/content/drive/MyDrive/olx_books_dataset/images/books_1d5e395b2d/8.jpg""]",8,2025-12-09 06:03:09.538148
books_1ef2b01969,https://www.olx.in/item/books-c453-class-vi-wbbse-amader-poribesh-xerox-copy-in-andharupara-malda-iid-1828717608,Class vi wbbse Amader Poribesh xerox copy,I don't need this book any more and this book is in new condition - Books,50,"[""/content/drive/MyDrive/olx_books_dataset/images/books_1ef2b01969/1.jpg"", ""/content/drive/MyDrive/olx_books_dataset/images/books_1ef2b01969/2.jpg"", ""/content/drive/MyDrive/olx_books_dataset/images/books_1ef2b01969/3.jpg"", ""/content/drive/MyDrive/olx_books_dataset/images/books_1ef2b01969/4.jpg"", ""/content/drive/MyDrive/olx_books_dataset/images/books_1ef2b01969/5.jpg"", ""/content/drive/MyDrive/olx_books_dataset/images/books_1ef2b01969/6.jpg"", ""/content/drive/MyDrive/olx_books_dataset/images/books_1ef2b01969/7.jpg"", ""/content/drive/MyDrive/olx_books_dataset/images/books_1ef2b01969/8.jpg""]",8,2025-12-09 06:04:39.232403
books_6462ca5d93,https://www.olx.in/item/books-c453-allen-class-9-complete-module-set-35-modules-in-a-bundle-in-hakim-para-siliguri-iid-1828712676,Allen Class 9 Complete Module Set (35 Modules in a bundle),"Selling *Complete* Allen Class IX module set *Foundation + Advanced + Excellent* Module set (35 books total) in very good condition, *untouched* and *Complete* . Includes: Physics, Chemistry, Biology (6 Modules each) Mathematics (9 Modules) + Mental Ability (1 Module) + Social Science (4 Modules) + English (3 Modules) Perfect for NTSE, NSEJS, NSO, IMO, IJSO, INJSO, PRMO/RMO, NMTC, Olympiads, KVPY Foundation, and ideal for Class 8-10 including Class X Board Examination and Students starting early preparation for JEE/NEET. No missing pages 100% guarantee Location: Siliguri Delivery available via courier / local meetup Highlights: Great for strengthening foundation base for competitive exams preparation Early on!! Best for Olympiad aspirants and those that Dream big - focused towards cracking competitive exams in 1st attempt Helps early NEET/JEE starters build strong basics which maximizes chances of scoring high in the actual exam Beneficial for Class X Board Examinations - Books",3600,"[""/content/drive/MyDrive/olx_books_dataset/images/books_6462ca5d93/1.jpg"", ""/content/drive/MyDrive/olx_books_dataset/images/books_6462ca5d93/2.jpg"", ""/content/drive/MyDrive/olx_books_dataset/images/books_6462ca5d93/3.jpg"", ""/content/drive/MyDrive/olx_books_dataset/images/books_6462ca5d93/4.jpg"", ""/content/drive/MyDrive/olx_books_dataset/images/books_6462ca5d93/5.jpg"", ""/content/drive/MyDrive/olx_books_dataset/images/books_6462ca5d93/6.jpg"", ""/content/drive/MyDrive/olx_books_dataset/images/books_6462ca5d93/7.jpg"", ""/content/drive/MyDrive/olx_books_dataset/images/books_6462ca5d93/8.jpg""]",8,2025-12-09 06:04:47.306552
books_440624a2d6,https://www.olx.in/item/books-c453-essentials-of-medical-physiology-by-sembulingam-jaypee-brothers-in-parrys-broadway-chennai-iid-1828711309,"Essentials of Medical physiology by Sembulingam, Jaypee Brothers","8th Edition, used, very good condition + review of medical physiology - Books",1200,"[""/content/drive/MyDrive/olx_books_dataset/images/books_440624a2d6/1.jpg"", ""/content/drive/MyDrive/olx_books_dataset/images/books_440624a2d6/2.jpg"", ""/content/drive/MyDrive/olx_books_dataset/images/books_440624a2d6/3.jpg"", ""/content/drive/MyDrive/olx_books_dataset/images/books_440624a2d6/4.jpg"", ""/content/drive/MyDrive/olx_books_dataset/images/books_440624a2d6/5.jpg"", ""/content/drive/MyDrive/olx_books_dataset/images/books_440624a2d6/6.jpg"", ""/content/drive/MyDrive/olx_books_dataset/images/books_440624a2d6/7.jpg"", ""/content/drive/MyDrive/olx_books_dataset/images/books_440624a2d6/8.jpg""]",8,2025-12-09 06:04:54.289872
books_93d59f8370,https://www.olx.in/item/books-c453-basics-of-medical-physiology-in-potheri-madambakkam-iid-1828712503,Basics of medical physiology,The book is fifth edition Basics of medical physiology by D venkateshHH sudhakar. The contents are simple it's very easy to understand - Books,600,"[""/content/drive/MyDrive/olx_books_dataset/images/books_93d59f8370/1.jpg"", ""/content/drive/MyDrive/olx_books_dataset/images/books_93d59f8370/2.jpg"", ""/content/drive/MyDrive/olx_books_dataset/images/books_93d59f8370/3.jpg"", ""/content/drive/MyDrive/olx_books_dataset/images/books_93d59f8370/4.jpg"", ""/content/drive/MyDrive/olx_books_dataset/images/books_93d59f8370/5.jpg"", ""/content/drive/MyDrive/olx_books_dataset/images/books_93d59f8370/6.jpg"", ""/content/drive/MyDrive/olx_books_dataset/images/books_93d59f8370/7.jpg"", ""/content/drive/MyDrive/olx_books_dataset/images/books_93d59f8370/8.jpg""]",8,2025-12-09 06:05:02.252510
books_dd9a8c9007,https://www.olx.in/item/books-c453-cengage-algebra-for-jee-advanced-g-tewani-3rd-edition-in-shivganj-dehri-iid-1827939037,Cengage Algebra for JEE Advanced – G. Tewani (3rd Edition),"Selling my Cengage “Algebra for JEE (Advanced)” by G. Tewani, 3rd Edition (2-color). Book is in good, usable condition with no missing pages. Why this book is useful: One of the best books for JEE Advanced & JEE Main Algebra Includes chapterwise & topicwise DPPs Great for strengthening fundamentals and practicing high-level problems Used widely by toppers and coaching institutes - Books",450,"[""/content/drive/MyDrive/olx_books_dataset/images/books_dd9a8c9007/1.jpg"", ""/content/drive/MyDrive/olx_books_dataset/images/books_dd9a8c9007/2.jpg"", ""/content/drive/MyDrive/olx_books_dataset/images/books_dd9a8c9007/3.jpg"", ""/content/drive/MyDrive/olx_books_dataset/images/books_dd9a8c9007/4.jpg"", ""/content/drive/MyDrive/olx_books_dataset/images/books_dd9a8c9007/5.jpg"", ""/content/drive/MyDrive/olx_books_dataset/images/books_dd9a8c9007/6.jpg"", ""/content/drive/MyDrive/olx_books_dataset/images/books_dd9a8c9007/7.jpg"", ""/content/drive/MyDrive/olx_books_dataset/images/books_dd9a8c9007/8.jpg""]",8,2025-12-09 06:05:08.083412
books_bfb0f267b8,https://www.olx.in/item/books-c453-rd-sharma-mathematics-textbook-for-class-12-volume-1-and-2-in-brundabati-vihar-bhawanipatna-iid-1828716560,"R.D. Sharma Mathematics Textbook for class 12, Volume 1 and 2","Secondhand but not used, 98% new like condition MRP 970/- - Books",699,"[""/content/drive/MyDrive/olx_books_dataset/images/books_bfb0f267b8/1.jpg"", ""/content/drive/MyDrive/olx_books_dataset/images/books_bfb0f267b8/2.jpg"", ""/content/drive/MyDrive/olx_books_dataset/images/books_bfb0f267b8/3.jpg"", ""/content/drive/MyDrive/olx_books_dataset/images/books_bfb0f267b8/4.jpg"", ""/content/drive/MyDrive/olx_books_dataset/images/books_bfb0f267b8/5.jpg"", ""/content/drive/MyDrive/olx_books_dataset/images/books_bfb0f267b8/6.jpg"", ""/content/drive/MyDrive/olx_books_dataset/images/books_bfb0f267b8/7.jpg"", ""/content/drive/MyDrive/olx_books_dataset/images/books_bfb0f267b8/8.jpg""]",8,2025-12-09 06:05:14.872638
books_985212ebda,https://www.olx.in/item/books-c453-vision-ias-update-material-in-swarnabhoomi-mathigiri-iid-1828096217,Vision IAS  update material,There 43 update both prims and mains books - Books,5000,"[""/content/drive/MyDrive/olx_books_dataset/images/books_985212ebda/1.jpg"", ""/content/drive/MyDrive/olx_books_dataset/images/books_985212ebda/2.jpg"", ""/content/drive/MyDrive/olx_books_dataset/images/books_985212ebda/3.jpg"", ""/content/drive/MyDrive/olx_books_dataset/images/books_985212ebda/4.jpg"", ""/content/drive/MyDrive/olx_books_dataset/images/books_985212ebda/5.jpg"", ""/content/drive/MyDrive/olx_books_dataset/images/books_985212ebda/6.jpg"", ""/content/drive/MyDrive/olx_books_dataset/images/books_985212ebda/7.jpg"", ""/content/drive/MyDrive/olx_books_dataset/images/books_985212ebda/8.jpg""]",8,2025-12-09 06:05:20.797607
books_c55c8397b9,https://www.olx.in/item/books-c453-uptodd-brain-development-kit-in-madipakkam-rajaji-nagar-chennai-iid-1828086672,Uptodd Brain Development kit,Would like to sell uptodds brain development kit which is rarely used with app access valid for 2 yrs.Original price :38900. - Books,15000,"[""/content/drive/MyDrive/olx_books_dataset/images/books_c55c8397b9/1.jpg"", ""/content/drive/MyDrive/olx_books_dataset/images/books_c55c8397b9/2.jpg"", ""/content/drive/MyDrive/olx_books_dataset/images/books_c55c8397b9/3.jpg"", ""/content/drive/MyDrive/olx_books_dataset/images/books_c55c8397b9/4.jpg"", ""/content/drive/MyDrive/olx_books_dataset/images/books_c55c8397b9/5.jpg"", ""/content/drive/MyDrive/olx_books_dataset/images/books_c55c8397b9/6.jpg"", ""/content/drive/MyDrive/olx_books_dataset/images/books_c55c8397b9/7.jpg"", ""/content/drive/MyDrive/olx_books_dataset/images/books_c55c8397b9/8.jpg""]",8,2025-12-09 06:07:36.111037
books_644a01f553,https://www.olx.in/item/books-c453-rd-sharma-class-9-maths-book-in-bhagvat-nagar-patna-iid-1826948724,R.D. Sharma Class 9 Maths book,Class 9 maths book R.D. Sharma - Books,229,"[""/content/drive/MyDrive/olx_books_dataset/images/books_644a01f553/1.jpg"", ""/content/drive/MyDrive/olx_books_dataset/images/books_644a01f553/2.jpg"", ""/content/drive/MyDrive/olx_books_dataset/images/books_644a01f553/3.jpg"", ""/content/drive/MyDrive/olx_books_dataset/images/books_644a01f553/4.jpg"", ""/content/drive/MyDrive/olx_books_dataset/images/books_644a01f553/5.jpg"", ""/content/drive/MyDrive/olx_books_dataset/images/books_644a01f553/6.jpg"", ""/content/drive/MyDrive/olx_books_dataset/images/books_644a01f553/7.jpg"", ""/content/drive/MyDrive/olx_books_dataset/images/books_644a01f553/8.jpg""]",8,2025-12-09 06:07:56.168147
books_1d1af2189f,https://www.olx.in/item/books-c453-drawing-of-tomioka-giyu-in-mominabad-hardoi-iid-1828703644,Drawing of tomioka giyu,I am going to sell the drawing of tomioka giyu and this drawing was made by me and the quality of the drawing was so good and perfect - Books,175,"[""/content/drive/MyDrive/olx_books_dataset/images/books_1d1af2189f/1.jpg"", ""/content/drive/MyDrive/olx_books_dataset/images/books_1d1af2189f/2.jpg"", ""/content/drive/MyDrive/olx_books_dataset/images/books_1d1af2189f/3.jpg"", ""/content/drive/MyDrive/olx_books_dataset/images/books_1d1af2189f/4.jpg"", ""/content/drive/MyDrive/olx_books_dataset/images/books_1d1af2189f/5.jpg"", ""/content/drive/MyDrive/olx_books_dataset/images/books_1d1af2189f/6.jpg"", ""/content/drive/MyDrive/olx_books_dataset/images/books_1d1af2189f/7.jpg"", ""/content/drive/MyDrive/olx_books_dataset/images/books_1d1af2189f/8.jpg""]",8,2025-12-09 06:08:43.970734
books_ae92cc9b29,https://www.olx.in/item/books-c453-upsc-full-book-set-31-books-pre-mains-in-bhawani-nagar-jaipur-iid-1828706287,UPSC Full Book Set (31 Books) – Pre + Mains,"UPSC Civil Services Preparation Full Book Set Total Books: 31 (Prelims + Mains + NCERTs + Current Affairs) Condition: 10/10 - Neat & Clean, No Damage No Writing Perfect for UPSC, PCS, State PSC, SSC CGL, College Students & Beginners Original price: 7000 Final Price: 5000 (Negotiable) Location: Vidhyadhar Nagar, Jaipur Only serious buyers - Books",7000,"[""/content/drive/MyDrive/olx_books_dataset/images/books_ae92cc9b29/1.jpg"", ""/content/drive/MyDrive/olx_books_dataset/images/books_ae92cc9b29/2.jpg"", ""/content/drive/MyDrive/olx_books_dataset/images/books_ae92cc9b29/3.jpg"", ""/content/drive/MyDrive/olx_books_dataset/images/books_ae92cc9b29/4.jpg"", ""/content/drive/MyDrive/olx_books_dataset/images/books_ae92cc9b29/5.jpg"", ""/content/drive/MyDrive/olx_books_dataset/images/books_ae92cc9b29/6.jpg"", ""/content/drive/MyDrive/olx_books_dataset/images/books_ae92cc9b29/7.jpg"", ""/content/drive/MyDrive/olx_books_dataset/images/books_ae92cc9b29/8.jpg""]",8,2025-12-09 06:08:51.007885
books_0f1714b611,https://www.olx.in/item/books-c453-books-and-novels-in-ganga-nagar-extension-bengaluru-iid-1828708386,BOOKS AND NOVELS,1. It Ends With Us 2. The Spanish Love Deception 3. Ugly Love 4. Seven Husbands Of Evelyn Hugo 2nd hand books in good condition (price starting from just ₹300) - Books,300,"[""/content/drive/MyDrive/olx_books_dataset/images/books_0f1714b611/1.jpg"", ""/content/drive/MyDrive/olx_books_dataset/images/books_0f1714b611/2.jpg"", ""/content/drive/MyDrive/olx_books_dataset/images/books_0f1714b611/3.jpg"", ""/content/drive/MyDrive/olx_books_dataset/images/books_0f1714b611/4.jpg"", ""/content/drive/MyDrive/olx_books_dataset/images/books_0f1714b611/5.jpg"", ""/content/drive/MyDrive/olx_books_dataset/images/books_0f1714b611/6.jpg"", ""/content/drive/MyDrive/olx_books_dataset/images/books_0f1714b611/7.jpg"", ""/content/drive/MyDrive/olx_books_dataset/images/books_0f1714b611/8.jpg""]",8,2025-12-09 06:09:39.893704
books_048be92d2d,https://www.olx.in/item/books-c453-grolier-disney-words-books-in-palace-guttanhalli-bengaluru-iid-1828707515,Grolier Disney Words Books,In very new condition - Books,2200,"[""/content/drive/MyDrive/olx_books_dataset/images/books_048be92d2d/1.jpg"", ""/content/drive/MyDrive/olx_books_dataset/images/books_048be92d2d/2.jpg"", ""/content/drive/MyDrive/olx_books_dataset/images/books_048be92d2d/3.jpg"", ""/content/drive/MyDrive/olx_books_dataset/images/books_048be92d2d/4.jpg"", ""/content/drive/MyDrive/olx_books_dataset/images/books_048be92d2d/5.jpg"", ""/content/drive/MyDrive/olx_books_dataset/images/books_048be92d2d/6.jpg"", ""/content/drive/MyDrive/olx_books_dataset/images/books_048be92d2d/7.jpg"", ""/content/drive/MyDrive/olx_books_dataset/images/books_048be92d2d/8.jpg""]",8,2025-12-09 06:09:53.711267
books_4bed962add,https://www.olx.in/item/books-c453-senior-secondary-school-mathematics-in-kanwali-dehradun-iid-1828709255,Senior Secondary School Mathematics,This is a class 11 NCERT Mathematics book. This book is best for NDA Aspirant. I don't need this book that is why it is in sell. If you want to buy kindly contact me - Books,600,"[""/content/drive/MyDrive/olx_books_dataset/images/books_4bed962add/1.jpg"", ""/content/drive/MyDrive/olx_books_dataset/images/books_4bed962add/2.jpg"", ""/content/drive/MyDrive/olx_books_dataset/images/books_4bed962add/3.jpg"", ""/content/drive/MyDrive/olx_books_dataset/images/books_4bed962add/4.jpg"", ""/content/drive/MyDrive/olx_books_dataset/images/books_4bed962add/5.jpg"", ""/content/drive/MyDrive/olx_books_dataset/images/books_4bed962add/6.jpg"", ""/content/drive/MyDrive/olx_books_dataset/images/books_4bed962add/7.jpg"", ""/content/drive/MyDrive/olx_books_dataset/images/books_4bed962add/8.jpg""]",8,2025-12-09 06:10:40.325636
books_269f020842,https://www.olx.in/item/books-c453-civil-engineering-books-in-belghoria-expressway-kolkata-iid-1828709119,Civil engineering books,Civil engineering important books. Those books are all like new ones.. I have completed my degree so selling these. You can have all of them. Or Can message for any of the books. - Books,2500,"[""/content/drive/MyDrive/olx_books_dataset/images/books_269f020842/1.jpg"", ""/content/drive/MyDrive/olx_books_dataset/images/books_269f020842/2.jpg"", ""/content/drive/MyDrive/olx_books_dataset/images/books_269f020842/3.jpg"", ""/content/drive/MyDrive/olx_books_dataset/images/books_269f020842/4.jpg"", ""/content/drive/MyDrive/olx_books_dataset/images/books_269f020842/5.jpg"", ""/content/drive/MyDrive/olx_books_dataset/images/books_269f020842/6.jpg"", ""/content/drive/MyDrive/olx_books_dataset/images/books_269f020842/7.jpg"", ""/content/drive/MyDrive/olx_books_dataset/images/books_269f020842/8.jpg""]",8,2025-12-09 06:12:10.457404
books_8508bf6d84,https://www.olx.in/item/books-c453-scientific-calculator-in-new-saket-nagar-chhatarpur-iid-1819563844,Scientific calculator,Scientific calculator for engineering work - Books,300,"[""/content/drive/MyDrive/olx_books_dataset/images/books_8508bf6d84/1.jpg"", ""/content/drive/MyDrive/olx_books_dataset/images/books_8508bf6d84/2.jpg"", ""/content/drive/MyDrive/olx_books_dataset/images/books_8508bf6d84/3.jpg"", ""/content/drive/MyDrive/olx_books_dataset/images/books_8508bf6d84/4.jpg"", ""/content/drive/MyDrive/olx_books_dataset/images/books_8508bf6d84/5.jpg"", ""/content/drive/MyDrive/olx_books_dataset/images/books_8508bf6d84/6.jpg"", ""/content/drive/MyDrive/olx_books_dataset/images/books_8508bf6d84/7.jpg"", ""/content/drive/MyDrive/olx_books_dataset/images/books_8508bf6d84/8.jpg""]",8,2025-12-09 06:13:39.305854
books_d61bce68ae,https://www.olx.in/item/books-c453-vintage-commando-comics-collectors-delight-in-anand-nagar-nanded-iid-1826499044,Vintage Commando Comics – Collector’s delight,"Selling a selection of original Vintage Commando comics. Only 12 photos uploaded due to OLX limit, but many more titles are available. I also have other varieties of Hindi and English vintage comics in stock. Please message for more details and to view the full collection. DM for details. - Books",350,"[""/content/drive/MyDrive/olx_books_dataset/images/books_d61bce68ae/1.jpg"", ""/content/drive/MyDrive/olx_books_dataset/images/books_d61bce68ae/2.jpg"", ""/content/drive/MyDrive/olx_books_dataset/images/books_d61bce68ae/3.jpg"", ""/content/drive/MyDrive/olx_books_dataset/images/books_d61bce68ae/4.jpg"", ""/content/drive/MyDrive/olx_books_dataset/images/books_d61bce68ae/5.jpg"", ""/content/drive/MyDrive/olx_books_dataset/images/books_d61bce68ae/6.jpg"", ""/content/drive/MyDrive/olx_books_dataset/images/books_d61bce68ae/7.jpg"", ""/content/drive/MyDrive/olx_books_dataset/images/books_d61bce68ae/8.jpg""]",8,2025-12-09 06:13:44.884977
books_7794970941,https://www.olx.in/item/books-c453-good-vibes-good-life-original-book-used-slightly-torn-in-laxmi-sagar-buddha-nagar-bhubaneshwar-iid-1828704385,"Good Vibes, Good Life – Original Book (Used, Slightly Torn)”","Good Vibes, Good Life by Vex King – 100% original book. Condition: Used. Beech ka 1–2 page halkasa torn hai, but reading me koi problem nahi. All pages readable, clean and no major damage. Reason for selling: Already read the book. Selling price: ₹60 (fixed). Nearby log pickup kar sakte हैं. Interested ho to message karein.” - Books",60,"[""/content/drive/MyDrive/olx_books_dataset/images/books_7794970941/1.jpg"", ""/content/drive/MyDrive/olx_books_dataset/images/books_7794970941/2.jpg"", ""/content/drive/MyDrive/olx_books_dataset/images/books_7794970941/3.jpg"", ""/content/drive/MyDrive/olx_books_dataset/images/books_7794970941/4.jpg"", ""/content/drive/MyDrive/olx_books_dataset/images/books_7794970941/5.jpg"", ""/content/drive/MyDrive/olx_books_dataset/images/books_7794970941/6.jpg"", ""/content/drive/MyDrive/olx_books_dataset/images/books_7794970941/7.jpg"", ""/content/drive/MyDrive/olx_books_dataset/images/books_7794970941/8.jpg""]",8,2025-12-09 06:13:50.966212
books_10ce525e61,https://www.olx.in/item/books-c453-used-neet-pg-preparatory-book-in-teynampet-government-quarters-chennai-iid-1828703532,Used neet pg preparatory book,It is used neet pg preparatory book. All 19 subjects available. Only one set - Books,7500,"[""/content/drive/MyDrive/olx_books_dataset/images/books_10ce525e61/1.jpg"", ""/content/drive/MyDrive/olx_books_dataset/images/books_10ce525e61/2.jpg"", ""/content/drive/MyDrive/olx_books_dataset/images/books_10ce525e61/3.jpg"", ""/content/drive/MyDrive/olx_books_dataset/images/books_10ce525e61/4.jpg"", ""/content/drive/MyDrive/olx_books_dataset/images/books_10ce525e61/5.jpg"", ""/content/drive/MyDrive/olx_books_dataset/images/books_10ce525e61/6.jpg"", ""/content/drive/MyDrive/olx_books_dataset/images/books_10ce525e61/7.jpg"", ""/content/drive/MyDrive/olx_books_dataset/images/books_10ce525e61/8.jpg""]",8,2025-12-09 06:13:56.498840
books_3e357f73c6,https://www.olx.in/item/books-c453-zia-choudharyophthalmology-pg-text-in-ezhamkulam-adoor-iid-1828706154,Zia Choudhary(Ophthalmology PG text),Ophthalmology Post Graduate textbook (Part 1 and 2) Second hand - Books,7000,"[""/content/drive/MyDrive/olx_books_dataset/images/books_3e357f73c6/1.jpg"", ""/content/drive/MyDrive/olx_books_dataset/images/books_3e357f73c6/2.jpg"", ""/content/drive/MyDrive/olx_books_dataset/images/books_3e357f73c6/3.jpg"", ""/content/drive/MyDrive/olx_books_dataset/images/books_3e357f73c6/4.jpg"", ""/content/drive/MyDrive/olx_books_dataset/images/books_3e357f73c6/5.jpg"", ""/content/drive/MyDrive/olx_books_dataset/images/books_3e357f73c6/6.jpg"", ""/content/drive/MyDrive/olx_books_dataset/images/books_3e357f73c6/7.jpg"", ""/content/drive/MyDrive/olx_books_dataset/images/books_3e357f73c6/8.jpg""]",8,2025-12-09 06:14:03.275119
books_5b72523c20,https://www.olx.in/item/books-c453-textbook-of-microbiology-in-punit-society-rajkot-iid-1828709111,Textbook of microbiology,6th edition - Books,900,"[""/content/drive/MyDrive/olx_books_dataset/images/books_5b72523c20/1.jpg"", ""/content/drive/MyDrive/olx_books_dataset/images/books_5b72523c20/2.jpg"", ""/content/drive/MyDrive/olx_books_dataset/images/books_5b72523c20/3.jpg"", ""/content/drive/MyDrive/olx_books_dataset/images/books_5b72523c20/4.jpg"", ""/content/drive/MyDrive/olx_books_dataset/images/books_5b72523c20/5.jpg"", ""/content/drive/MyDrive/olx_books_dataset/images/books_5b72523c20/6.jpg"", ""/content/drive/MyDrive/olx_books_dataset/images/books_5b72523c20/7.jpg"", ""/content/drive/MyDrive/olx_books_dataset/images/books_5b72523c20/8.jpg""]",8,2025-12-09 06:14:52.332461
books_5260417462,https://www.olx.in/item/books-c453-akshar-vedika-sulekh-in-pushpanjali-enclave-delhi-iid-1828703768,Akshar vedika sulekh,Alsharvedika sulekh - Books,50,"[""/content/drive/MyDrive/olx_books_dataset/images/books_5260417462/1.jpg"", ""/content/drive/MyDrive/olx_books_dataset/images/books_5260417462/2.jpg"", ""/content/drive/MyDrive/olx_books_dataset/images/books_5260417462/3.jpg"", ""/content/drive/MyDrive/olx_books_dataset/images/books_5260417462/4.jpg"", ""/content/drive/MyDrive/olx_books_dataset/images/books_5260417462/5.jpg"", ""/content/drive/MyDrive/olx_books_dataset/images/books_5260417462/6.jpg"", ""/content/drive/MyDrive/olx_books_dataset/images/books_5260417462/7.jpg"", ""/content/drive/MyDrive/olx_books_dataset/images/books_5260417462/8.jpg""]",8,2025-12-09 06:14:59.805181
books_3ac4dc9dc7,https://www.olx.in/item/books-c453-pw-jee-module-2025-for-droper-student-in-vidya-nagar-bilaspur-iid-1826711216,PW jee module 2025 for droper student,Set of 24 book 8 physics 8 maths 8 chemistry New book hai use nahi hua hai - Books,1299,"[""/content/drive/MyDrive/olx_books_dataset/images/books_3ac4dc9dc7/1.jpg"", ""/content/drive/MyDrive/olx_books_dataset/images/books_3ac4dc9dc7/2.jpg"", ""/content/drive/MyDrive/olx_books_dataset/images/books_3ac4dc9dc7/3.jpg"", ""/content/drive/MyDrive/olx_books_dataset/images/books_3ac4dc9dc7/4.jpg"", ""/content/drive/MyDrive/olx_books_dataset/images/books_3ac4dc9dc7/5.jpg"", ""/content/drive/MyDrive/olx_books_dataset/images/books_3ac4dc9dc7/6.jpg"", ""/content/drive/MyDrive/olx_books_dataset/images/books_3ac4dc9dc7/7.jpg"", ""/content/drive/MyDrive/olx_books_dataset/images/books_3ac4dc9dc7/8.jpg""]",8,2025-12-09 06:16:29.779925
books_1c7e66b7e8,https://www.olx.in/item/books-c453-science-practical-copy-in-gopiband-para-pandaria-iid-1828707621,Science Practical copy,Kuch extra le liya tha - Books,80,"[""/content/drive/MyDrive/olx_books_dataset/images/books_1c7e66b7e8/1.jpg"", ""/content/drive/MyDrive/olx_books_dataset/images/books_1c7e66b7e8/2.jpg"", ""/content/drive/MyDrive/olx_books_dataset/images/books_1c7e66b7e8/3.jpg"", ""/content/drive/MyDrive/olx_books_dataset/images/books_1c7e66b7e8/4.jpg"", ""/content/drive/MyDrive/olx_books_dataset/images/books_1c7e66b7e8/5.jpg"", ""/content/drive/MyDrive/olx_books_dataset/images/books_1c7e66b7e8/6.jpg"", ""/content/drive/MyDrive/olx_books_dataset/images/books_1c7e66b7e8/7.jpg"", ""/content/drive/MyDrive/olx_books_dataset/images/books_1c7e66b7e8/8.jpg""]",8,2025-12-09 06:17:15.852445
books_a6fe647f90,https://www.olx.in/item/books-c453-apdsc-books-all-subjects-books-with-practice-papers-in-peerzadiguda-hyderabad-iid-1828402085,Apdsc books all subjects books with practice papers,New books with all the subjects - Books,2000,"[""/content/drive/MyDrive/olx_books_dataset/images/books_a6fe647f90/1.jpg"", ""/content/drive/MyDrive/olx_books_dataset/images/books_a6fe647f90/2.jpg"", ""/content/drive/MyDrive/olx_books_dataset/images/books_a6fe647f90/3.jpg"", ""/content/drive/MyDrive/olx_books_dataset/images/books_a6fe647f90/4.jpg"", ""/content/drive/MyDrive/olx_books_dataset/images/books_a6fe647f90/5.jpg"", ""/content/drive/MyDrive/olx_books_dataset/images/books_a6fe647f90/6.jpg"", ""/content/drive/MyDrive/olx_books_dataset/images/books_a6fe647f90/7.jpg"", ""/content/drive/MyDrive/olx_books_dataset/images/books_a6fe647f90/8.jpg""]",8,2025-12-09 06:18:02.722690
books_48690c8995,https://www.olx.in/item/books-c453-mlq-2026-maths-in-nawa-magdalla-surat-iid-1828710491,MLQ 2026 MATHS,It not pre own it's is brand new with access code - Books,250,"[""/content/drive/MyDrive/olx_books_dataset/images/books_48690c8995/1.jpg"", ""/content/drive/MyDrive/olx_books_dataset/images/books_48690c8995/2.jpg"", ""/content/drive/MyDrive/olx_books_dataset/images/books_48690c8995/3.jpg"", ""/content/drive/MyDrive/olx_books_dataset/images/books_48690c8995/4.jpg"", ""/content/drive/MyDrive/olx_books_dataset/images/books_48690c8995/5.jpg"", ""/content/drive/MyDrive/olx_books_dataset/images/books_48690c8995/6.jpg"", ""/content/drive/MyDrive/olx_books_dataset/images/books_48690c8995/7.jpg"", ""/content/drive/MyDrive/olx_books_dataset/images/books_48690c8995/8.jpg""]",8,2025-12-09 06:18:08.257698
books_ac7c09f57c,https://www.olx.in/item/books-c453-intermediate-11th-mpc-books-in-tumkunta-hyderabad-iid-1827491999,Intermediate 11th mpc books,11th mpc textbooks - Books,1300,"[""/content/drive/MyDrive/olx_books_dataset/images/books_ac7c09f57c/1.jpg"", ""/content/drive/MyDrive/olx_books_dataset/images/books_ac7c09f57c/2.jpg"", ""/content/drive/MyDrive/olx_books_dataset/images/books_ac7c09f57c/3.jpg"", ""/content/drive/MyDrive/olx_books_dataset/images/books_ac7c09f57c/4.jpg"", ""/content/drive/MyDrive/olx_books_dataset/images/books_ac7c09f57c/5.jpg"", ""/content/drive/MyDrive/olx_books_dataset/images/books_ac7c09f57c/6.jpg"", ""/content/drive/MyDrive/olx_books_dataset/images/books_ac7c09f57c/7.jpg"", ""/content/drive/MyDrive/olx_books_dataset/images/books_ac7c09f57c/8.jpg""]",8,2025-12-09 06:20:20.535863
books_3d50b53bd8,https://www.olx.in/item/books-c453-physics-questions-bank-latest-edition-for-2026-boards-in-sector-10-cuttack-iid-1828705138,Physics questions bank latest edition for 2026 boards,Mastermind question bank of physics for class 12 boards and latest edition for 2026 boards exam . Blueprint education publication. Superb book for class 12 students . - Books,348,"[""/content/drive/MyDrive/olx_books_dataset/images/books_3d50b53bd8/1.jpg"", ""/content/drive/MyDrive/olx_books_dataset/images/books_3d50b53bd8/2.jpg"", ""/content/drive/MyDrive/olx_books_dataset/images/books_3d50b53bd8/3.jpg"", ""/content/drive/MyDrive/olx_books_dataset/images/books_3d50b53bd8/4.jpg"", ""/content/drive/MyDrive/olx_books_dataset/images/books_3d50b53bd8/5.jpg"", ""/content/drive/MyDrive/olx_books_dataset/images/books_3d50b53bd8/6.jpg"", ""/content/drive/MyDrive/olx_books_dataset/images/books_3d50b53bd8/7.jpg"", ""/content/drive/MyDrive/olx_books_dataset/images/books_3d50b53bd8/8.jpg""]",8,2025-12-09 06:20:26.487057
books_edf1349700,https://www.olx.in/item/books-c453-amazing-self-help-books-for-cheap-in-harni-road-vadodara-iid-1827155696,Amazing Self Help Books for cheap,"Brand new books will be delivered to your house , else you pick up also Prices vary, contact me if u want Different prices for different books Combos cost really less - Books",299,"[""/content/drive/MyDrive/olx_books_dataset/images/books_edf1349700/1.jpg"", ""/content/drive/MyDrive/olx_books_dataset/images/books_edf1349700/2.jpg"", ""/content/drive/MyDrive/olx_books_dataset/images/books_edf1349700/3.jpg"", ""/content/drive/MyDrive/olx_books_dataset/images/books_edf1349700/4.jpg"", ""/content/drive/MyDrive/olx_books_dataset/images/books_edf1349700/5.jpg"", ""/content/drive/MyDrive/olx_books_dataset/images/books_edf1349700/6.jpg"", ""/content/drive/MyDrive/olx_books_dataset/images/books_edf1349700/7.jpg"", ""/content/drive/MyDrive/olx_books_dataset/images/books_edf1349700/8.jpg""]",8,2025-12-09 06:20:32.255419
books_7c4cd1c110,https://www.olx.in/item/books-c453-essentials-of-repertorization-6th-edition-in-punit-society-rajkot-iid-1828708720,Essentials of repertorization 6th edition,Good condition and new book - Books,500,"[""/content/drive/MyDrive/olx_books_dataset/images/books_7c4cd1c110/1.jpg"", ""/content/drive/MyDrive/olx_books_dataset/images/books_7c4cd1c110/2.jpg"", ""/content/drive/MyDrive/olx_books_dataset/images/books_7c4cd1c110/3.jpg"", ""/content/drive/MyDrive/olx_books_dataset/images/books_7c4cd1c110/4.jpg"", ""/content/drive/MyDrive/olx_books_dataset/images/books_7c4cd1c110/5.jpg"", ""/content/drive/MyDrive/olx_books_dataset/images/books_7c4cd1c110/6.jpg"", ""/content/drive/MyDrive/olx_books_dataset/images/books_7c4cd1c110/7.jpg"", ""/content/drive/MyDrive/olx_books_dataset/images/books_7c4cd1c110/8.jpg""]",8,2025-12-09 06:20:38.030170
books_e3da88cac6,https://www.olx.in/item/books-c453-ml-agarwal-class-9-mathematics-icse-in-beleghata-kolkata-iid-1828356607,M.L. Agarwal class 9 mathematics ICSE,Any best and new best condition .I bought it by mistake so I want to resale it. Original MRP is 450 I am reselling it for 75. - Books,75,"[""/content/drive/MyDrive/olx_books_dataset/images/books_e3da88cac6/1.jpg"", ""/content/drive/MyDrive/olx_books_dataset/images/books_e3da88cac6/2.jpg"", ""/content/drive/MyDrive/olx_books_dataset/images/books_e3da88cac6/3.jpg"", ""/content/drive/MyDrive/olx_books_dataset/images/books_e3da88cac6/4.jpg"", ""/content/drive/MyDrive/olx_books_dataset/images/books_e3da88cac6/5.jpg"", ""/content/drive/MyDrive/olx_books_dataset/images/books_e3da88cac6/6.jpg"", ""/content/drive/MyDrive/olx_books_dataset/images/books_e3da88cac6/7.jpg"", ""/content/drive/MyDrive/olx_books_dataset/images/books_e3da88cac6/8.jpg""]",8,2025-12-09 06:22:08.240571
books_ecd288dc9e,https://www.olx.in/item/books-c453-pw-chemistry-jee-mains-and-advanced-question-bank-in-sector-11-jodhpur-iid-1828709049,PW Chemistry JEE Mains and Advanced Question bank,JEE Mains and Advanced Chemistry Question bank from 2019 to 2023 paper analyses chapter-wise and topic-wise. - Books,150,"[""/content/drive/MyDrive/olx_books_dataset/images/books_ecd288dc9e/1.jpg"", ""/content/drive/MyDrive/olx_books_dataset/images/books_ecd288dc9e/2.jpg"", ""/content/drive/MyDrive/olx_books_dataset/images/books_ecd288dc9e/3.jpg"", ""/content/drive/MyDrive/olx_books_dataset/images/books_ecd288dc9e/4.jpg"", ""/content/drive/MyDrive/olx_books_dataset/images/books_ecd288dc9e/5.jpg"", ""/content/drive/MyDrive/olx_books_dataset/images/books_ecd288dc9e/6.jpg"", ""/content/drive/MyDrive/olx_books_dataset/images/books_ecd288dc9e/7.jpg"", ""/content/drive/MyDrive/olx_books_dataset/images/books_ecd288dc9e/8.jpg""]",8,2025-12-09 06:22:56.388791
books_9d369abe67,https://www.olx.in/item/books-c453-chemistry-booklet-class-11-dpp-in-lavkush-puram-kanpur-iid-1828709215,Chemistry booklet class 11 dpp,For jee preparation - Books,150,"[""/content/drive/MyDrive/olx_books_dataset/images/books_9d369abe67/1.jpg"", ""/content/drive/MyDrive/olx_books_dataset/images/books_9d369abe67/2.jpg"", ""/content/drive/MyDrive/olx_books_dataset/images/books_9d369abe67/3.jpg"", ""/content/drive/MyDrive/olx_books_dataset/images/books_9d369abe67/4.jpg"", ""/content/drive/MyDrive/olx_books_dataset/images/books_9d369abe67/5.jpg"", ""/content/drive/MyDrive/olx_books_dataset/images/books_9d369abe67/6.jpg"", ""/content/drive/MyDrive/olx_books_dataset/images/books_9d369abe67/7.jpg"", ""/content/drive/MyDrive/olx_books_dataset/images/books_9d369abe67/8.jpg""]",8,2025-12-09 06:23:01.852619
books_00eef19363,https://www.olx.in/item/books-c453-clat-ke-liye-all-materiallegaledge-ka-in-mp-nagar-zone-2-meera-complex-society-bhopal-iid-1828709267,CLAT ke liye all material(Legaledge ka),Yah Legaledge ki RSM hain CLAT ke liye . ENGLISH= English ki all 5 RSM . LOGICAL= Logical ki all 5 RSM . LEGAL= Legal ki all 2 RSM . QUANTITATIVE TECHNIQUES= all 6 RSM . GK= all 2 And some mocks #Rate pe negotiation bhi ho jayega# - Books,1500,"[""/content/drive/MyDrive/olx_books_dataset/images/books_00eef19363/1.jpg"", ""/content/drive/MyDrive/olx_books_dataset/images/books_00eef19363/2.jpg"", ""/content/drive/MyDrive/olx_books_dataset/images/books_00eef19363/3.jpg"", ""/content/drive/MyDrive/olx_books_dataset/images/books_00eef19363/4.jpg"", ""/content/drive/MyDrive/olx_books_dataset/images/books_00eef19363/5.jpg"", ""/content/drive/MyDrive/olx_books_dataset/images/books_00eef19363/6.jpg"", ""/content/drive/MyDrive/olx_books_dataset/images/books_00eef19363/7.jpg"", ""/content/drive/MyDrive/olx_books_dataset/images/books_00eef19363/8.jpg""]",8,2025-12-09 06:23:49.839430
books_045d511782,https://www.olx.in/item/books-c453-r-r-digital-in-sanath-nagar-hyderabad-iid-1828704157,R R DIGITAL,ALL TYPES OFvNEW YEAR DAIRYS. CALENDERD GIFT & STIONERY ITEMS - Books,199,"[""/content/drive/MyDrive/olx_books_dataset/images/books_045d511782/1.jpg"", ""/content/drive/MyDrive/olx_books_dataset/images/books_045d511782/2.jpg"", ""/content/drive/MyDrive/olx_books_dataset/images/books_045d511782/3.jpg"", ""/content/drive/MyDrive/olx_books_dataset/images/books_045d511782/4.jpg"", ""/content/drive/MyDrive/olx_books_dataset/images/books_045d511782/5.jpg"", ""/content/drive/MyDrive/olx_books_dataset/images/books_045d511782/6.jpg"", ""/content/drive/MyDrive/olx_books_dataset/images/books_045d511782/7.jpg"", ""/content/drive/MyDrive/olx_books_dataset/images/books_045d511782/8.jpg""]",8,2025-12-09 06:25:18.222694
books_68196ef3b0,https://www.olx.in/item/books-c453-the-boy-who-harnessed-the-wind-in-shampura-rupnagar-iid-1828703418,The Boy Who Harnessed the wind,"New york times best seller, very interesting book for today's generation it's very entertaining story of an African boy age is 10+ - Books",600,"[""/content/drive/MyDrive/olx_books_dataset/images/books_68196ef3b0/1.jpg"", ""/content/drive/MyDrive/olx_books_dataset/images/books_68196ef3b0/2.jpg"", ""/content/drive/MyDrive/olx_books_dataset/images/books_68196ef3b0/3.jpg"", ""/content/drive/MyDrive/olx_books_dataset/images/books_68196ef3b0/4.jpg"", ""/content/drive/MyDrive/olx_books_dataset/images/books_68196ef3b0/5.jpg"", ""/content/drive/MyDrive/olx_books_dataset/images/books_68196ef3b0/6.jpg"", ""/content/drive/MyDrive/olx_books_dataset/images/books_68196ef3b0/7.jpg"", ""/content/drive/MyDrive/olx_books_dataset/images/books_68196ef3b0/8.jpg""]",8,2025-12-09 06:26:48.311130
books_f1b40301d9,https://www.olx.in/item/books-c453-demon-slayer-manga-8910-real-mangas-wimpy-kid-old-school-in-dakshinpuri-delhi-iid-1828709303,"DEMON SLAYER MANGA (8,9,10 REAL MANGAS) WIMPY KID OLD SCHOOL",I am selling real demon slayers 3 mangas and 1 wimpy kidd at a very reasonable price - Books,1200,"[""/content/drive/MyDrive/olx_books_dataset/images/books_f1b40301d9/1.jpg"", ""/content/drive/MyDrive/olx_books_dataset/images/books_f1b40301d9/2.jpg"", ""/content/drive/MyDrive/olx_books_dataset/images/books_f1b40301d9/3.jpg"", ""/content/drive/MyDrive/olx_books_dataset/images/books_f1b40301d9/4.jpg"", ""/content/drive/MyDrive/olx_books_dataset/images/books_f1b40301d9/5.jpg"", ""/content/drive/MyDrive/olx_books_dataset/images/books_f1b40301d9/6.jpg"", ""/content/drive/MyDrive/olx_books_dataset/images/books_f1b40301d9/7.jpg"", ""/content/drive/MyDrive/olx_books_dataset/images/books_f1b40301d9/8.jpg""]",8,2025-12-09 06:29:02.429290
books_cb787aff73,https://www.olx.in/item/books-c453-cat-pyq-books-and-arun-sharma-books-in-kinfra-industries-park-koratty-iid-1828704856,CAT PYQ books and arun Sharma books,All used books required for preparing for cat in good condition - Books,3000,"[""/content/drive/MyDrive/olx_books_dataset/images/books_cb787aff73/1.jpg"", ""/content/drive/MyDrive/olx_books_dataset/images/books_cb787aff73/2.jpg"", ""/content/drive/MyDrive/olx_books_dataset/images/books_cb787aff73/3.jpg"", ""/content/drive/MyDrive/olx_books_dataset/images/books_cb787aff73/4.jpg"", ""/content/drive/MyDrive/olx_books_dataset/images/books_cb787aff73/5.jpg"", ""/content/drive/MyDrive/olx_books_dataset/images/books_cb787aff73/6.jpg"", ""/content/drive/MyDrive/olx_books_dataset/images/books_cb787aff73/7.jpg"", ""/content/drive/MyDrive/olx_books_dataset/images/books_cb787aff73/8.jpg""]",8,2025-12-09 06:29:08.665840
books_1ede648426,https://www.olx.in/item/books-c453-aditya-ranjan-brahmastra-new-edition-formula-book-in-sector-a-lucknow-iid-1828295424,Aditya Ranjan Brahmastra new edition formula book,Aditya Ranjan new edition formula book hai ek dam new.. Book parcel mngai thi or abhi thak open tak nahi kia hai parcel.. - Books,199,"[""/content/drive/MyDrive/olx_books_dataset/images/books_1ede648426/1.jpg"", ""/content/drive/MyDrive/olx_books_dataset/images/books_1ede648426/2.jpg"", ""/content/drive/MyDrive/olx_books_dataset/images/books_1ede648426/3.jpg"", ""/content/drive/MyDrive/olx_books_dataset/images/books_1ede648426/4.jpg"", ""/content/drive/MyDrive/olx_books_dataset/images/books_1ede648426/5.jpg"", ""/content/drive/MyDrive/olx_books_dataset/images/books_1ede648426/6.jpg"", ""/content/drive/MyDrive/olx_books_dataset/images/books_1ede648426/7.jpg"", ""/content/drive/MyDrive/olx_books_dataset/images/books_1ede648426/8.jpg""]",8,2025-12-09 06:29:15.329376
books_ce667a60f9,https://www.olx.in/item/books-c453-tom-gates-books-in-kukatpally-hyderabad-iid-1828707273,Tom gates books,We have 10 tom gates for sale As perbu50rs - Books,200,"[""/content/drive/MyDrive/olx_books_dataset/images/books_ce667a60f9/1.jpg"", ""/content/drive/MyDrive/olx_books_dataset/images/books_ce667a60f9/2.jpg"", ""/content/drive/MyDrive/olx_books_dataset/images/books_ce667a60f9/3.jpg"", ""/content/drive/MyDrive/olx_books_dataset/images/books_ce667a60f9/4.jpg"", ""/content/drive/MyDrive/olx_books_dataset/images/books_ce667a60f9/5.jpg"", ""/content/drive/MyDrive/olx_books_dataset/images/books_ce667a60f9/6.jpg"", ""/content/drive/MyDrive/olx_books_dataset/images/books_ce667a60f9/7.jpg"", ""/content/drive/MyDrive/olx_books_dataset/images/books_ce667a60f9/8.jpg""]",8,2025-12-09 06:30:04.171138
books_475b57f5e8,https://www.olx.in/item/books-c453-english-literature-related-books-in-avadi-chennai-iid-1821425962,English literature related books,History of English literature by edward albert - Books,239,"[""/content/drive/MyDrive/olx_books_dataset/images/books_475b57f5e8/1.jpg"", ""/content/drive/MyDrive/olx_books_dataset/images/books_475b57f5e8/2.jpg"", ""/content/drive/MyDrive/olx_books_dataset/images/books_475b57f5e8/3.jpg"", ""/content/drive/MyDrive/olx_books_dataset/images/books_475b57f5e8/4.jpg"", ""/content/drive/MyDrive/olx_books_dataset/images/books_475b57f5e8/5.jpg"", ""/content/drive/MyDrive/olx_books_dataset/images/books_475b57f5e8/6.jpg"", ""/content/drive/MyDrive/olx_books_dataset/images/books_475b57f5e8/7.jpg"", ""/content/drive/MyDrive/olx_books_dataset/images/books_475b57f5e8/8.jpg""]",8,2025-12-09 06:30:10.689054
books_b441713d51,https://www.olx.in/item/books-c453-class-7-dav-all-types-of-books-in-castairs-town-deoghar-iid-1828704576,CLASS 7 DAV ALL TYPES OF BOOKS,GOOD QUALITY ALL BOOKS - Books,700,"[""/content/drive/MyDrive/olx_books_dataset/images/books_b441713d51/1.jpg"", ""/content/drive/MyDrive/olx_books_dataset/images/books_b441713d51/2.jpg"", ""/content/drive/MyDrive/olx_books_dataset/images/books_b441713d51/3.jpg"", ""/content/drive/MyDrive/olx_books_dataset/images/books_b441713d51/4.jpg"", ""/content/drive/MyDrive/olx_books_dataset/images/books_b441713d51/5.jpg"", ""/content/drive/MyDrive/olx_books_dataset/images/books_b441713d51/6.jpg"", ""/content/drive/MyDrive/olx_books_dataset/images/books_b441713d51/7.jpg"", ""/content/drive/MyDrive/olx_books_dataset/images/books_b441713d51/8.jpg""]",8,2025-12-09 06:30:58.527532
books_7c39b94c30,https://www.olx.in/item/books-c453-medical-books-in-arakinar-kozhikode-iid-1828707290,Medical books,Medical books - Books,300,"[""/content/drive/MyDrive/olx_books_dataset/images/books_7c39b94c30/1.jpg"", ""/content/drive/MyDrive/olx_books_dataset/images/books_7c39b94c30/2.jpg"", ""/content/drive/MyDrive/olx_books_dataset/images/books_7c39b94c30/3.jpg"", ""/content/drive/MyDrive/olx_books_dataset/images/books_7c39b94c30/4.jpg"", ""/content/drive/MyDrive/olx_books_dataset/images/books_7c39b94c30/5.jpg"", ""/content/drive/MyDrive/olx_books_dataset/images/books_7c39b94c30/6.jpg"", ""/content/drive/MyDrive/olx_books_dataset/images/books_7c39b94c30/7.jpg"", ""/content/drive/MyDrive/olx_books_dataset/images/books_7c39b94c30/8.jpg""]",8,2025-12-09 06:31:06.792571
books_0fd72a4da7,https://www.olx.in/item/books-c453-class-9-books-complete-set-excellent-condition-full-bundle-in-vijay-nagar-khurja-iid-1828704632,Class 9 Books Complete Set – Excellent Condition – Full Bundle,"Class 9 ki total 18 books ka complete set for sale. Books almost new condition me hain — koi tear, pen marks, ya missing page nahi hai. Details: Total books: 18 Board: CBSE Condition: 9/10 Sirf complete set me sale BOOKS : Information technology - 402 , Chemistry , Biology , physics (Refresher) , Maths Lab Manual , Science Lab Manual , NCERT OF Maths , Science , History , Civics , Geography , Economics , ENGLISH : Beehieve , Moments , HINDI : Kratika , grammar , chitiz ALL BOOKS ARE LATEST 2025 FREE : Special Surprise Price: ₹3999 (slightly negotiable) Jo bhi student complete Class 9 ka full bundle sasta me lena chahta hai, unke liye perfect deal hai. Interested ho to message / call kar sakte ho. - Books",3999,"[""/content/drive/MyDrive/olx_books_dataset/images/books_0fd72a4da7/1.jpg"", ""/content/drive/MyDrive/olx_books_dataset/images/books_0fd72a4da7/2.jpg"", ""/content/drive/MyDrive/olx_books_dataset/images/books_0fd72a4da7/3.jpg"", ""/content/drive/MyDrive/olx_books_dataset/images/books_0fd72a4da7/4.jpg"", ""/content/drive/MyDrive/olx_books_dataset/images/books_0fd72a4da7/5.jpg"", ""/content/drive/MyDrive/olx_books_dataset/images/books_0fd72a4da7/6.jpg"", ""/content/drive/MyDrive/olx_books_dataset/images/books_0fd72a4da7/7.jpg"", ""/content/drive/MyDrive/olx_books_dataset/images/books_0fd72a4da7/8.jpg""]",8,2025-12-09 06:31:14.741126
books_4ee1a8528c,https://www.olx.in/item/books-c453-applied-anatomy-and-physiology-in-vengamedu-perundurai-iid-1828704677,Applied anatomy and physiology,Ross and wilson applied anatomy and physiology book.. Book is brand new condition - Books,1000,"[""/content/drive/MyDrive/olx_books_dataset/images/books_4ee1a8528c/1.jpg"", ""/content/drive/MyDrive/olx_books_dataset/images/books_4ee1a8528c/2.jpg"", ""/content/drive/MyDrive/olx_books_dataset/images/books_4ee1a8528c/3.jpg"", ""/content/drive/MyDrive/olx_books_dataset/images/books_4ee1a8528c/4.jpg"", ""/content/drive/MyDrive/olx_books_dataset/images/books_4ee1a8528c/5.jpg"", ""/content/drive/MyDrive/olx_books_dataset/images/books_4ee1a8528c/6.jpg"", ""/content/drive/MyDrive/olx_books_dataset/images/books_4ee1a8528c/7.jpg"", ""/content/drive/MyDrive/olx_books_dataset/images/books_4ee1a8528c/8.jpg""]",8,2025-12-09 06:33:29.424244
books_8ab929afdc,https://www.olx.in/item/books-c453-neet-objective-physics-dc-pandey-book-class-11-and-12-in-lalpur-ranchi-iid-1828702978,Neet objective physics Dc pandey book class 11 and 12,All type of theory and objective are contain - Books,800,"[""/content/drive/MyDrive/olx_books_dataset/images/books_8ab929afdc/1.jpg"", ""/content/drive/MyDrive/olx_books_dataset/images/books_8ab929afdc/2.jpg"", ""/content/drive/MyDrive/olx_books_dataset/images/books_8ab929afdc/3.jpg"", ""/content/drive/MyDrive/olx_books_dataset/images/books_8ab929afdc/4.jpg"", ""/content/drive/MyDrive/olx_books_dataset/images/books_8ab929afdc/5.jpg"", ""/content/drive/MyDrive/olx_books_dataset/images/books_8ab929afdc/6.jpg"", ""/content/drive/MyDrive/olx_books_dataset/images/books_8ab929afdc/7.jpg"", ""/content/drive/MyDrive/olx_books_dataset/images/books_8ab929afdc/8.jpg""]",8,2025-12-09 06:33:36.307697
books_971e723b8d,https://www.olx.in/item/books-c453-sketch-of-anime-in-ward-no-24-sikar-iid-1828701527,Sketch of anime,Handmade sketch of monkey de luffy - Books,500,"[""/content/drive/MyDrive/olx_books_dataset/images/books_971e723b8d/1.jpg"", ""/content/drive/MyDrive/olx_books_dataset/images/books_971e723b8d/2.jpg"", ""/content/drive/MyDrive/olx_books_dataset/images/books_971e723b8d/3.jpg"", ""/content/drive/MyDrive/olx_books_dataset/images/books_971e723b8d/4.jpg"", ""/content/drive/MyDrive/olx_books_dataset/images/books_971e723b8d/5.jpg"", ""/content/drive/MyDrive/olx_books_dataset/images/books_971e723b8d/6.jpg"", ""/content/drive/MyDrive/olx_books_dataset/images/books_971e723b8d/7.jpg"", ""/content/drive/MyDrive/olx_books_dataset/images/books_971e723b8d/8.jpg""]",8,2025-12-09 06:33:49.958693
books_01049b9f08,https://www.olx.in/item/books-c453-foundation-science-biology-class-9-in-gondapur-nawada-iid-1828699802,Foundation science biology class 9,A product of bharti bhawan - Books,180,"[""/content/drive/MyDrive/olx_books_dataset/images/books_01049b9f08/1.jpg"", ""/content/drive/MyDrive/olx_books_dataset/images/books_01049b9f08/2.jpg"", ""/content/drive/MyDrive/olx_books_dataset/images/books_01049b9f08/3.jpg"", ""/content/drive/MyDrive/olx_books_dataset/images/books_01049b9f08/4.jpg"", ""/content/drive/MyDrive/olx_books_dataset/images/books_01049b9f08/5.jpg"", ""/content/drive/MyDrive/olx_books_dataset/images/books_01049b9f08/6.jpg"", ""/content/drive/MyDrive/olx_books_dataset/images/books_01049b9f08/7.jpg"", ""/content/drive/MyDrive/olx_books_dataset/images/books_01049b9f08/8.jpg""]",8,2025-12-09 06:35:20.063116
books_172188867a,https://www.olx.in/item/books-c453-shinchan-drawing-in-thawaria-narsinghgarh-iid-1827911843,Shinchan drawing,Shin-chan ki drawing - Books,150,"[""/content/drive/MyDrive/olx_books_dataset/images/books_172188867a/1.jpg"", ""/content/drive/MyDrive/olx_books_dataset/images/books_172188867a/2.jpg"", ""/content/drive/MyDrive/olx_books_dataset/images/books_172188867a/3.jpg"", ""/content/drive/MyDrive/olx_books_dataset/images/books_172188867a/4.jpg"", ""/content/drive/MyDrive/olx_books_dataset/images/books_172188867a/5.jpg"", ""/content/drive/MyDrive/olx_books_dataset/images/books_172188867a/6.jpg"", ""/content/drive/MyDrive/olx_books_dataset/images/books_172188867a/7.jpg"", ""/content/drive/MyDrive/olx_books_dataset/images/books_172188867a/8.jpg"", ""/content/drive/MyDrive/olx_books_dataset/images/books_172188867a/9.jpg"", ""/content/drive/MyDrive/olx_books_dataset/images/books_172188867a/10.jpg"", ""/content/drive/MyDrive/olx_books_dataset/images/books_172188867a/11.jpg"", ""/content/drive/MyDrive/olx_books_dataset/images/books_172188867a/12.jpg"", ""/content/drive/MyDrive/olx_books_dataset/images/books_172188867a/13.jpg"", ""/content/drive/MyDrive/olx_books_dataset/images/books_172188867a/14.jpg""]",14,2025-12-09 06:36:13.065847
books_329c8f7c00,https://www.olx.in/item/books-c453-naturals-beauty-parlour-training-books-in-patel-nagar-ballari-iid-1715555004,Naturals Beauty parlour Training books,Selling Naturals Beauty parlour Training books worth of 25000/- - Books,6000,"[""/content/drive/MyDrive/olx_books_dataset/images/books_329c8f7c00/1.jpg"", ""/content/drive/MyDrive/olx_books_dataset/images/books_329c8f7c00/2.jpg"", ""/content/drive/MyDrive/olx_books_dataset/images/books_329c8f7c00/3.jpg"", ""/content/drive/MyDrive/olx_books_dataset/images/books_329c8f7c00/4.jpg"", ""/content/drive/MyDrive/olx_books_dataset/images/books_329c8f7c00/5.jpg"", ""/content/drive/MyDrive/olx_books_dataset/images/books_329c8f7c00/6.jpg"", ""/content/drive/MyDrive/olx_books_dataset/images/books_329c8f7c00/7.jpg"", ""/content/drive/MyDrive/olx_books_dataset/images/books_329c8f7c00/8.jpg""]",8,2025-12-09 06:36:19.029719
books_8886a2e583,https://www.olx.in/item/books-c453-complete-made-easy-civil-engg-book-set-gate-ese-top-condition-in-trikuta-nagar-sector-7-jammu-iid-1828700619,Complete Made Easy Civil Engg Book Set- Gate & ESE (Top Condition),"Set of 45 MADE EASY books for Civil Engineering - perfect for GATE and ESE preparation. Covers all subjects with theory, objective questions, solved papers with GS syllabus as well. All books are and in excellent condition. - Books",4999,"[""/content/drive/MyDrive/olx_books_dataset/images/books_8886a2e583/1.jpg"", ""/content/drive/MyDrive/olx_books_dataset/images/books_8886a2e583/2.jpg"", ""/content/drive/MyDrive/olx_books_dataset/images/books_8886a2e583/3.jpg"", ""/content/drive/MyDrive/olx_books_dataset/images/books_8886a2e583/4.jpg"", ""/content/drive/MyDrive/olx_books_dataset/images/books_8886a2e583/5.jpg"", ""/content/drive/MyDrive/olx_books_dataset/images/books_8886a2e583/6.jpg"", ""/content/drive/MyDrive/olx_books_dataset/images/books_8886a2e583/7.jpg"", ""/content/drive/MyDrive/olx_books_dataset/images/books_8886a2e583/8.jpg""]",8,2025-12-09 06:37:49.559380
books_82db397938,https://www.olx.in/item/books-c453-upsi-pyq-all-subjects-modules-by-exampur-in-sector-a-lucknow-iid-1828071420,UPSI PYQ all subjects modules by EXAMPUR,UPSI PYQ all modules sare ke sare ek dam new hai without used..open nahi kie gaye hai jabse mangaya hai.. - Books,550,"[""/content/drive/MyDrive/olx_books_dataset/images/books_82db397938/1.jpg"", ""/content/drive/MyDrive/olx_books_dataset/images/books_82db397938/2.jpg"", ""/content/drive/MyDrive/olx_books_dataset/images/books_82db397938/3.jpg"", ""/content/drive/MyDrive/olx_books_dataset/images/books_82db397938/4.jpg"", ""/content/drive/MyDrive/olx_books_dataset/images/books_82db397938/5.jpg"", ""/content/drive/MyDrive/olx_books_dataset/images/books_82db397938/6.jpg"", ""/content/drive/MyDrive/olx_books_dataset/images/books_82db397938/7.jpg"", ""/content/drive/MyDrive/olx_books_dataset/images/books_82db397938/8.jpg""]",8,2025-12-09 06:40:04.403132
books_9b327ff370,https://www.olx.in/item/books-c453-madubani-art-in-madwapur-allahabad-iid-1828698659,Madubani art,Madubani art - Books,100,"[""/content/drive/MyDrive/olx_books_dataset/images/books_9b327ff370/1.jpg"", ""/content/drive/MyDrive/olx_books_dataset/images/books_9b327ff370/2.jpg"", ""/content/drive/MyDrive/olx_books_dataset/images/books_9b327ff370/3.jpg"", ""/content/drive/MyDrive/olx_books_dataset/images/books_9b327ff370/4.jpg"", ""/content/drive/MyDrive/olx_books_dataset/images/books_9b327ff370/5.jpg"", ""/content/drive/MyDrive/olx_books_dataset/images/books_9b327ff370/6.jpg"", ""/content/drive/MyDrive/olx_books_dataset/images/books_9b327ff370/7.jpg"", ""/content/drive/MyDrive/olx_books_dataset/images/books_9b327ff370/8.jpg""]",8,2025-12-09 06:40:52.660834
books_af45292dd3,https://www.olx.in/item/books-c453-used-ncert-class-xi-math-textbook-cbse-half-price-in-bhagwati-vihar-delhi-iid-1828698214,Used NCERT Class XI Math Textbook (CBSE) - Half Price,"Key Information ​Book Name: NCERT Mathematics Textbook ​Class: 11th (XI) ​Medium: (e.g., English Medium) ​Board: CBSE / State Board ​Edition/Year: (e.g., 2024-25 Edition) The book is in very good overall condition. The cover is clean, and no pages are torn or missing. No pencil Marking in book. - Books",139,"[""/content/drive/MyDrive/olx_books_dataset/images/books_af45292dd3/1.jpg"", ""/content/drive/MyDrive/olx_books_dataset/images/books_af45292dd3/2.jpg"", ""/content/drive/MyDrive/olx_books_dataset/images/books_af45292dd3/3.jpg"", ""/content/drive/MyDrive/olx_books_dataset/images/books_af45292dd3/4.jpg"", ""/content/drive/MyDrive/olx_books_dataset/images/books_af45292dd3/5.jpg"", ""/content/drive/MyDrive/olx_books_dataset/images/books_af45292dd3/6.jpg"", ""/content/drive/MyDrive/olx_books_dataset/images/books_af45292dd3/7.jpg"", ""/content/drive/MyDrive/olx_books_dataset/images/books_af45292dd3/8.jpg""]",8,2025-12-09 06:41:00.485452
books_44d9062c35,https://www.olx.in/item/books-c453-neet-module-full-syallbus-in-baliguma-jamshedpur-iid-1813288660,Neet module full Syallbus,Ranchi biome Institute neet perp module full set for class 11/12 - Books,2000,"[""/content/drive/MyDrive/olx_books_dataset/images/books_44d9062c35/1.jpg"", ""/content/drive/MyDrive/olx_books_dataset/images/books_44d9062c35/2.jpg"", ""/content/drive/MyDrive/olx_books_dataset/images/books_44d9062c35/3.jpg"", ""/content/drive/MyDrive/olx_books_dataset/images/books_44d9062c35/4.jpg"", ""/content/drive/MyDrive/olx_books_dataset/images/books_44d9062c35/5.jpg"", ""/content/drive/MyDrive/olx_books_dataset/images/books_44d9062c35/6.jpg"", ""/content/drive/MyDrive/olx_books_dataset/images/books_44d9062c35/7.jpg"", ""/content/drive/MyDrive/olx_books_dataset/images/books_44d9062c35/8.jpg""]",8,2025-12-09 06:41:07.719903
books_e7c594b574,https://www.olx.in/item/books-c453-pinnacle-7th-addition-new-no-use-in-jhalwa-allahabad-iid-1828701980,Pinnacle 7th addition new no use,Jiski book thi unka selection ho gya h wo pad bhi nahi oaye - Books,200,"[""/content/drive/MyDrive/olx_books_dataset/images/books_e7c594b574/1.jpg"", ""/content/drive/MyDrive/olx_books_dataset/images/books_e7c594b574/2.jpg"", ""/content/drive/MyDrive/olx_books_dataset/images/books_e7c594b574/3.jpg"", ""/content/drive/MyDrive/olx_books_dataset/images/books_e7c594b574/4.jpg"", ""/content/drive/MyDrive/olx_books_dataset/images/books_e7c594b574/5.jpg"", ""/content/drive/MyDrive/olx_books_dataset/images/books_e7c594b574/6.jpg"", ""/content/drive/MyDrive/olx_books_dataset/images/books_e7c594b574/7.jpg"", ""/content/drive/MyDrive/olx_books_dataset/images/books_e7c594b574/8.jpg""]",8,2025-12-09 06:41:13.324025
books_9adddf31be,https://www.olx.in/item/books-c453-vision-fm-4-th-edition-in-thurai-mangalam-perambalur-iid-1828702291,Vision fm 4 th edition,"Quantity:1,price:535 - Books",535,"[""/content/drive/MyDrive/olx_books_dataset/images/books_9adddf31be/1.jpg"", ""/content/drive/MyDrive/olx_books_dataset/images/books_9adddf31be/2.jpg"", ""/content/drive/MyDrive/olx_books_dataset/images/books_9adddf31be/3.jpg"", ""/content/drive/MyDrive/olx_books_dataset/images/books_9adddf31be/4.jpg"", ""/content/drive/MyDrive/olx_books_dataset/images/books_9adddf31be/5.jpg"", ""/content/drive/MyDrive/olx_books_dataset/images/books_9adddf31be/6.jpg"", ""/content/drive/MyDrive/olx_books_dataset/images/books_9adddf31be/7.jpg"", ""/content/drive/MyDrive/olx_books_dataset/images/books_9adddf31be/8.jpg""]",8,2025-12-09 06:42:01.671687
books_fdfafedcfa,https://www.olx.in/item/books-c453-bsc-mathematics-books-in-bagbari-malda-iid-1815171898,Bsc mathematics books,SLST mathematics partial sells also available - Books,3700,"[""/content/drive/MyDrive/olx_books_dataset/images/books_fdfafedcfa/1.jpg"", ""/content/drive/MyDrive/olx_books_dataset/images/books_fdfafedcfa/2.jpg"", ""/content/drive/MyDrive/olx_books_dataset/images/books_fdfafedcfa/3.jpg"", ""/content/drive/MyDrive/olx_books_dataset/images/books_fdfafedcfa/4.jpg"", ""/content/drive/MyDrive/olx_books_dataset/images/books_fdfafedcfa/5.jpg"", ""/content/drive/MyDrive/olx_books_dataset/images/books_fdfafedcfa/6.jpg"", ""/content/drive/MyDrive/olx_books_dataset/images/books_fdfafedcfa/7.jpg"", ""/content/drive/MyDrive/olx_books_dataset/images/books_fdfafedcfa/8.jpg""]",8,2025-12-09 06:42:09.394747
books_1a75b4de9a,https://www.olx.in/item/books-c453-set-of-three-books-in-suchitra-road-hyderabad-iid-1828699421,Set of three books,Self help books - Books,600,"[""/content/drive/MyDrive/olx_books_dataset/images/books_1a75b4de9a/1.jpg"", ""/content/drive/MyDrive/olx_books_dataset/images/books_1a75b4de9a/2.jpg"", ""/content/drive/MyDrive/olx_books_dataset/images/books_1a75b4de9a/3.jpg"", ""/content/drive/MyDrive/olx_books_dataset/images/books_1a75b4de9a/4.jpg"", ""/content/drive/MyDrive/olx_books_dataset/images/books_1a75b4de9a/5.jpg"", ""/content/drive/MyDrive/olx_books_dataset/images/books_1a75b4de9a/6.jpg"", ""/content/drive/MyDrive/olx_books_dataset/images/books_1a75b4de9a/7.jpg"", ""/content/drive/MyDrive/olx_books_dataset/images/books_1a75b4de9a/8.jpg""]",8,2025-12-09 06:42:17.197193
books_46b388f167,https://www.olx.in/item/books-c453-educart-10th-icse-board-study-guides-in-parvati-pune-iid-1827443624,Educart 10th icse board study guides,Volume-1 and Volume-2 guides for standard X icse pattern. Great guides which helped my daughter to secure above 95 in icse board exams. 2 for price of 1 - Books,750,"[""/content/drive/MyDrive/olx_books_dataset/images/books_46b388f167/1.jpg"", ""/content/drive/MyDrive/olx_books_dataset/images/books_46b388f167/2.jpg"", ""/content/drive/MyDrive/olx_books_dataset/images/books_46b388f167/3.jpg"", ""/content/drive/MyDrive/olx_books_dataset/images/books_46b388f167/4.jpg"", ""/content/drive/MyDrive/olx_books_dataset/images/books_46b388f167/5.jpg"", ""/content/drive/MyDrive/olx_books_dataset/images/books_46b388f167/6.jpg"", ""/content/drive/MyDrive/olx_books_dataset/images/books_46b388f167/7.jpg"", ""/content/drive/MyDrive/olx_books_dataset/images/books_46b388f167/8.jpg""]",8,2025-12-09 06:46:02.992681
books_ab4c58a474,https://www.olx.in/item/books-c453-physics-wallah-all-books-for-iit-jeejee-mains-and-advance-11th-12th-in-kautilya-nagar-hilsa-iid-1827067746,"Physics wallah all books for iit jee,jee mains and advance 11th, 12th","Mere paas Physics Wallah (PW) ke original books available hain jo bahut hi achchi condition me hain. Books sirf padhai ke time use ki gayi hain, pages bilkul safe hain, koi tear, pen-mark ya highlighter use nahi kiya gaya hai FEATURE Original PW publication Saaf-suthre pages Notes clear & readable Binding strong Complete chapters included Exam preparation ke liye best book BOOK AVAILABLE: PHYSICS, CHEMISTRY, MATH HAR BOOKS KA 4 MODULE ISME HOGA REASON FOR SELLING hamko preparation complete ho chuka hai PRICE 1000 rs main sabhi book se denge Delivery Local pickup available Interested ho to message karein. Pehle aane wale ko pehle milega. - Books",1000,"[""/content/drive/MyDrive/olx_books_dataset/images/books_ab4c58a474/1.jpg"", ""/content/drive/MyDrive/olx_books_dataset/images/books_ab4c58a474/2.jpg"", ""/content/drive/MyDrive/olx_books_dataset/images/books_ab4c58a474/3.jpg"", ""/content/drive/MyDrive/olx_books_dataset/images/books_ab4c58a474/4.jpg"", ""/content/drive/MyDrive/olx_books_dataset/images/books_ab4c58a474/5.jpg"", ""/content/drive/MyDrive/olx_books_dataset/images/books_ab4c58a474/6.jpg"", ""/content/drive/MyDrive/olx_books_dataset/images/books_ab4c58a474/7.jpg"", ""/content/drive/MyDrive/olx_books_dataset/images/books_ab4c58a474/8.jpg""]",8,2025-12-09 06:46:09.800468
books_71b31c7f1f,https://www.olx.in/item/books-c453-jujutsu-kaisen-vol-012-in-income-tax-colony-jodhpur-iid-1828701901,"JUJUTSU KAISEN VOL 0,1,2","New condition for you Vol,0 : 197 Vol,1 : 207 Vol 3: 198 - Books",600,"[""/content/drive/MyDrive/olx_books_dataset/images/books_71b31c7f1f/1.jpg"", ""/content/drive/MyDrive/olx_books_dataset/images/books_71b31c7f1f/2.jpg"", ""/content/drive/MyDrive/olx_books_dataset/images/books_71b31c7f1f/3.jpg"", ""/content/drive/MyDrive/olx_books_dataset/images/books_71b31c7f1f/4.jpg"", ""/content/drive/MyDrive/olx_books_dataset/images/books_71b31c7f1f/5.jpg"", ""/content/drive/MyDrive/olx_books_dataset/images/books_71b31c7f1f/6.jpg"", ""/content/drive/MyDrive/olx_books_dataset/images/books_71b31c7f1f/7.jpg"", ""/content/drive/MyDrive/olx_books_dataset/images/books_71b31c7f1f/8.jpg""]",8,2025-12-09 06:46:21.802676
books_43a8d21bad,https://www.olx.in/item/books-c453-word-power-made-easy-bt-norman-lewis-in-udailalpur-haldwani-iid-1828698161,Word Power Made Easy bt Norman Lewis,"The ultimate guide to improving your English vocabulary! Word Power Made Easy by Norman Lewis is a must-have for students, professionals, and anyone preparing for competitive exams (GRE, CAT, SSC, Banking, etc.). Condition: Used only one time. Book is in Good condition, minimal highlighting with pencil, no torn pages. Key Feature: Uses a unique, proven method of learning words through roots, prefixes, and suffixes. PRICE- Rs.120 only (original price was 199) - Books",120,"[""/content/drive/MyDrive/olx_books_dataset/images/books_43a8d21bad/1.jpg"", ""/content/drive/MyDrive/olx_books_dataset/images/books_43a8d21bad/2.jpg"", ""/content/drive/MyDrive/olx_books_dataset/images/books_43a8d21bad/3.jpg"", ""/content/drive/MyDrive/olx_books_dataset/images/books_43a8d21bad/4.jpg"", ""/content/drive/MyDrive/olx_books_dataset/images/books_43a8d21bad/5.jpg"", ""/content/drive/MyDrive/olx_books_dataset/images/books_43a8d21bad/6.jpg"", ""/content/drive/MyDrive/olx_books_dataset/images/books_43a8d21bad/7.jpg"", ""/content/drive/MyDrive/olx_books_dataset/images/books_43a8d21bad/8.jpg""]",8,2025-12-09 06:48:34.194528
books_b71fa47131,https://www.olx.in/item/books-c453-disney-toy-story-best-condition-at-the-best-price-in-panjabi-colony-shamgarh-iid-1828699262,Disney toy story best condition at the best price,Book for stories - Books,350,"[""/content/drive/MyDrive/olx_books_dataset/images/books_b71fa47131/1.jpg"", ""/content/drive/MyDrive/olx_books_dataset/images/books_b71fa47131/2.jpg"", ""/content/drive/MyDrive/olx_books_dataset/images/books_b71fa47131/3.jpg"", ""/content/drive/MyDrive/olx_books_dataset/images/books_b71fa47131/4.jpg"", ""/content/drive/MyDrive/olx_books_dataset/images/books_b71fa47131/5.jpg"", ""/content/drive/MyDrive/olx_books_dataset/images/books_b71fa47131/6.jpg"", ""/content/drive/MyDrive/olx_books_dataset/images/books_b71fa47131/7.jpg"", ""/content/drive/MyDrive/olx_books_dataset/images/books_b71fa47131/8.jpg""]",8,2025-12-09 06:50:50.212720
books_8ba4da1647,https://www.olx.in/item/books-c453-jee-advance-cengage-calculus-in-dwarka-nagar-visakhapatnam-iid-1828701881,JEE ADVANCE CENGAGE CALCULUS,Jee advanced CENGAGE CALCULUS mathematics new book Online price was 999-1199 My price - Books,749,"[""/content/drive/MyDrive/olx_books_dataset/images/books_8ba4da1647/1.jpg"", ""/content/drive/MyDrive/olx_books_dataset/images/books_8ba4da1647/2.jpg"", ""/content/drive/MyDrive/olx_books_dataset/images/books_8ba4da1647/3.jpg"", ""/content/drive/MyDrive/olx_books_dataset/images/books_8ba4da1647/4.jpg"", ""/content/drive/MyDrive/olx_books_dataset/images/books_8ba4da1647/5.jpg"", ""/content/drive/MyDrive/olx_books_dataset/images/books_8ba4da1647/6.jpg"", ""/content/drive/MyDrive/olx_books_dataset/images/books_8ba4da1647/7.jpg"", ""/content/drive/MyDrive/olx_books_dataset/images/books_8ba4da1647/8.jpg""]",8,2025-12-09 06:51:36.635072
books_f9ad527d17,https://www.olx.in/item/books-c453-school-bag-in-pazhaverkadu-chennai-iid-1828698547,School bag,Half month use product - Books,100,"[""/content/drive/MyDrive/olx_books_dataset/images/books_f9ad527d17/1.jpg"", ""/content/drive/MyDrive/olx_books_dataset/images/books_f9ad527d17/2.jpg"", ""/content/drive/MyDrive/olx_books_dataset/images/books_f9ad527d17/3.jpg"", ""/content/drive/MyDrive/olx_books_dataset/images/books_f9ad527d17/4.jpg"", ""/content/drive/MyDrive/olx_books_dataset/images/books_f9ad527d17/5.jpg"", ""/content/drive/MyDrive/olx_books_dataset/images/books_f9ad527d17/6.jpg"", ""/content/drive/MyDrive/olx_books_dataset/images/books_f9ad527d17/7.jpg"", ""/content/drive/MyDrive/olx_books_dataset/images/books_f9ad527d17/8.jpg""]",8,2025-12-09 06:52:25.355910
books_16f8597c26,https://www.olx.in/item/books-c453-errorless-physics-in-avanavanchery-thiruvananthapuram-iid-1828700281,Errorless Physics,"The Errorless Physics book is a top-rated, comprehensive study material designed specifically for students preparing for high-stakes competitive exams like NEET, KEAM and JEE Main/Advanced. - Books",500,"[""/content/drive/MyDrive/olx_books_dataset/images/books_16f8597c26/1.jpg"", ""/content/drive/MyDrive/olx_books_dataset/images/books_16f8597c26/2.jpg"", ""/content/drive/MyDrive/olx_books_dataset/images/books_16f8597c26/3.jpg"", ""/content/drive/MyDrive/olx_books_dataset/images/books_16f8597c26/4.jpg"", ""/content/drive/MyDrive/olx_books_dataset/images/books_16f8597c26/5.jpg"", ""/content/drive/MyDrive/olx_books_dataset/images/books_16f8597c26/6.jpg"", ""/content/drive/MyDrive/olx_books_dataset/images/books_16f8597c26/7.jpg"", ""/content/drive/MyDrive/olx_books_dataset/images/books_16f8597c26/8.jpg""]",8,2025-12-09 06:52:32.957339
books_0338b65fbf,https://www.olx.in/item/books-c453-odia-avidhan-new-age-in-dhanupali-sambalpur-iid-1828701699,Odia avidhan New age,"Book name - odia avidhan New age Best book for grammar strong, vocabulary,essay strong,all word get .. It also help for exam .. strong odia Full to new book ,no use one time - Books",800,"[""/content/drive/MyDrive/olx_books_dataset/images/books_0338b65fbf/1.jpg"", ""/content/drive/MyDrive/olx_books_dataset/images/books_0338b65fbf/2.jpg"", ""/content/drive/MyDrive/olx_books_dataset/images/books_0338b65fbf/3.jpg"", ""/content/drive/MyDrive/olx_books_dataset/images/books_0338b65fbf/4.jpg"", ""/content/drive/MyDrive/olx_books_dataset/images/books_0338b65fbf/5.jpg"", ""/content/drive/MyDrive/olx_books_dataset/images/books_0338b65fbf/6.jpg"", ""/content/drive/MyDrive/olx_books_dataset/images/books_0338b65fbf/7.jpg"", ""/content/drive/MyDrive/olx_books_dataset/images/books_0338b65fbf/8.jpg""]",8,2025-12-09 06:52:40.122571
books_0f57f7c441,https://www.olx.in/item/books-c453-assertion-and-reasoning-question-bank-from-parishrama-neet-academy-in-vijaya-nagar-bengaluru-iid-1828699453,Assertion and Reasoning question bank from Parishrama NEET Academy,"Assertion & Reason – Biology by Parishrama NEET Academy is a meticulously crafted resource designed to strengthen conceptual clarity and critical thinking for NEET aspirants. Built under the guidance of Mr. Pradeep Eshwar, the book focuses on one of the most scoring yet challenging sections of the NEET exam: Assertion–Reason type questions. This book provides: •Comprehensive coverage of all major Biology chapters from Class XI & XII •High-quality assertion–reason questions that mirror the NEET pattern •Detailed explanations that help students understand not just what the correct answer is, but why it is correct •Concept linking and logical reasoning practice, essential for mastering modern NEET question trends - Books",600,"[""/content/drive/MyDrive/olx_books_dataset/images/books_0f57f7c441/1.jpg"", ""/content/drive/MyDrive/olx_books_dataset/images/books_0f57f7c441/2.jpg"", ""/content/drive/MyDrive/olx_books_dataset/images/books_0f57f7c441/3.jpg"", ""/content/drive/MyDrive/olx_books_dataset/images/books_0f57f7c441/4.jpg"", ""/content/drive/MyDrive/olx_books_dataset/images/books_0f57f7c441/5.jpg"", ""/content/drive/MyDrive/olx_books_dataset/images/books_0f57f7c441/6.jpg"", ""/content/drive/MyDrive/olx_books_dataset/images/books_0f57f7c441/7.jpg"", ""/content/drive/MyDrive/olx_books_dataset/images/books_0f57f7c441/8.jpg""]",8,2025-12-09 06:54:09.659289
books_2fa6bac6b5,https://www.olx.in/item/books-c453-goal-institute-books-modules-and-allen-test-series-in-ias-colony-patna-iid-1827069780,Goal institute books modules and allen test series,Goal institute modules for neet with question papers set of allen and goal Everything is brand new even the allen and goal test series question paper is also new - Books,4000,"[""/content/drive/MyDrive/olx_books_dataset/images/books_2fa6bac6b5/1.jpg"", ""/content/drive/MyDrive/olx_books_dataset/images/books_2fa6bac6b5/2.jpg"", ""/content/drive/MyDrive/olx_books_dataset/images/books_2fa6bac6b5/3.jpg"", ""/content/drive/MyDrive/olx_books_dataset/images/books_2fa6bac6b5/4.jpg"", ""/content/drive/MyDrive/olx_books_dataset/images/books_2fa6bac6b5/5.jpg"", ""/content/drive/MyDrive/olx_books_dataset/images/books_2fa6bac6b5/6.jpg"", ""/content/drive/MyDrive/olx_books_dataset/images/books_2fa6bac6b5/7.jpg"", ""/content/drive/MyDrive/olx_books_dataset/images/books_2fa6bac6b5/8.jpg""]",8,2025-12-09 06:54:15.629870
books_9c068ac3ae,https://www.olx.in/item/books-c453-drawing-of-anime-in-patel-nagar-dehradun-iid-1828702391,Drawing of anime,Drawing of anime for selling - Books,50,"[""/content/drive/MyDrive/olx_books_dataset/images/books_9c068ac3ae/1.jpg"", ""/content/drive/MyDrive/olx_books_dataset/images/books_9c068ac3ae/2.jpg"", ""/content/drive/MyDrive/olx_books_dataset/images/books_9c068ac3ae/3.jpg"", ""/content/drive/MyDrive/olx_books_dataset/images/books_9c068ac3ae/4.jpg"", ""/content/drive/MyDrive/olx_books_dataset/images/books_9c068ac3ae/5.jpg"", ""/content/drive/MyDrive/olx_books_dataset/images/books_9c068ac3ae/6.jpg"", ""/content/drive/MyDrive/olx_books_dataset/images/books_9c068ac3ae/7.jpg"", ""/content/drive/MyDrive/olx_books_dataset/images/books_9c068ac3ae/8.jpg""]",8,2025-12-09 06:54:20.382685
books_47eb7fef60,https://www.olx.in/item/books-c453-used-medical-neet-pg-preparatory-book-in-teynampet-government-quarters-chennai-iid-1828703061,Used Medical neet Pg Preparatory book,It is used neet pg preparatory book . Complete 19 subjects. Only 1 set available - Books,7500,"[""/content/drive/MyDrive/olx_books_dataset/images/books_47eb7fef60/1.jpg"", ""/content/drive/MyDrive/olx_books_dataset/images/books_47eb7fef60/2.jpg"", ""/content/drive/MyDrive/olx_books_dataset/images/books_47eb7fef60/3.jpg"", ""/content/drive/MyDrive/olx_books_dataset/images/books_47eb7fef60/4.jpg"", ""/content/drive/MyDrive/olx_books_dataset/images/books_47eb7fef60/5.jpg"", ""/content/drive/MyDrive/olx_books_dataset/images/books_47eb7fef60/6.jpg"", ""/content/drive/MyDrive/olx_books_dataset/images/books_47eb7fef60/7.jpg"", ""/content/drive/MyDrive/olx_books_dataset/images/books_47eb7fef60/8.jpg""]",8,2025-12-09 06:54:26.611418
books_c597b1de73,https://www.olx.in/item/books-c453-biochemistry-textbook-in-vani-nagar-jagtial-iid-1828699600,Biochemistry textbook,"U satyanarayana,U.chakrapani - Books",450,"[""/content/drive/MyDrive/olx_books_dataset/images/books_c597b1de73/1.jpg"", ""/content/drive/MyDrive/olx_books_dataset/images/books_c597b1de73/2.jpg"", ""/content/drive/MyDrive/olx_books_dataset/images/books_c597b1de73/3.jpg"", ""/content/drive/MyDrive/olx_books_dataset/images/books_c597b1de73/4.jpg"", ""/content/drive/MyDrive/olx_books_dataset/images/books_c597b1de73/5.jpg"", ""/content/drive/MyDrive/olx_books_dataset/images/books_c597b1de73/6.jpg"", ""/content/drive/MyDrive/olx_books_dataset/images/books_c597b1de73/7.jpg"", ""/content/drive/MyDrive/olx_books_dataset/images/books_c597b1de73/8.jpg""]",8,2025-12-09 06:55:14.583539
books_bd35496443,https://www.olx.in/item/books-c453-class-1112-bookobjective-ncert-on-fingertips-in-barakurla-durllabhganj-iid-1828702363,Class 11&12 book.objective NCERT ON fingertips,Objective book for physics .mrp 850/ - Books,425,"[""/content/drive/MyDrive/olx_books_dataset/images/books_bd35496443/1.jpg"", ""/content/drive/MyDrive/olx_books_dataset/images/books_bd35496443/2.jpg"", ""/content/drive/MyDrive/olx_books_dataset/images/books_bd35496443/3.jpg"", ""/content/drive/MyDrive/olx_books_dataset/images/books_bd35496443/4.jpg"", ""/content/drive/MyDrive/olx_books_dataset/images/books_bd35496443/5.jpg"", ""/content/drive/MyDrive/olx_books_dataset/images/books_bd35496443/6.jpg"", ""/content/drive/MyDrive/olx_books_dataset/images/books_bd35496443/7.jpg"", ""/content/drive/MyDrive/olx_books_dataset/images/books_bd35496443/8.jpg""]",8,2025-12-09 06:55:22.603919
books_9f33f3adfb,https://www.olx.in/item/books-c453-this-book-name-is-foundation-this-is-a-book-on-value-education-and-li-in-mahtopara-jamshedpur-iid-1828702467,This book name is foundation this is A book on value education and li,This book is my 8 class book because i am selling my reason is i am stand in 9 class this book price is 295 but iam sell in 200 rupees discount in 95 rupees - Books,200,"[""/content/drive/MyDrive/olx_books_dataset/images/books_9f33f3adfb/1.jpg"", ""/content/drive/MyDrive/olx_books_dataset/images/books_9f33f3adfb/2.jpg"", ""/content/drive/MyDrive/olx_books_dataset/images/books_9f33f3adfb/3.jpg"", ""/content/drive/MyDrive/olx_books_dataset/images/books_9f33f3adfb/4.jpg"", ""/content/drive/MyDrive/olx_books_dataset/images/books_9f33f3adfb/5.jpg"", ""/content/drive/MyDrive/olx_books_dataset/images/books_9f33f3adfb/6.jpg"", ""/content/drive/MyDrive/olx_books_dataset/images/books_9f33f3adfb/7.jpg"", ""/content/drive/MyDrive/olx_books_dataset/images/books_9f33f3adfb/8.jpg""]",8,2025-12-09 06:56:54.283336
books_fcbdbda3cf,https://www.olx.in/item/books-c453-iit-47-years-pyq-arihant-in-mainpura-patna-iid-1828698660,IIT 47 years pyq Arihant,Physics Chemistry Maths - Books,1200,"[""/content/drive/MyDrive/olx_books_dataset/images/books_fcbdbda3cf/1.jpg"", ""/content/drive/MyDrive/olx_books_dataset/images/books_fcbdbda3cf/2.jpg"", ""/content/drive/MyDrive/olx_books_dataset/images/books_fcbdbda3cf/3.jpg"", ""/content/drive/MyDrive/olx_books_dataset/images/books_fcbdbda3cf/4.jpg"", ""/content/drive/MyDrive/olx_books_dataset/images/books_fcbdbda3cf/5.jpg"", ""/content/drive/MyDrive/olx_books_dataset/images/books_fcbdbda3cf/6.jpg"", ""/content/drive/MyDrive/olx_books_dataset/images/books_fcbdbda3cf/7.jpg"", ""/content/drive/MyDrive/olx_books_dataset/images/books_fcbdbda3cf/8.jpg""]",8,2025-12-09 06:57:43.166268
books_da0fed7b94,https://www.olx.in/item/books-c453-310-in-new-seelampur-delhi-iid-1828698954,नई किताबे सिर्फ 310 की,नई किताबे है - Books,200,"[""/content/drive/MyDrive/olx_books_dataset/images/books_da0fed7b94/1.jpg"", ""/content/drive/MyDrive/olx_books_dataset/images/books_da0fed7b94/2.jpg"", ""/content/drive/MyDrive/olx_books_dataset/images/books_da0fed7b94/3.jpg"", ""/content/drive/MyDrive/olx_books_dataset/images/books_da0fed7b94/4.jpg"", ""/content/drive/MyDrive/olx_books_dataset/images/books_da0fed7b94/5.jpg"", ""/content/drive/MyDrive/olx_books_dataset/images/books_da0fed7b94/6.jpg"", ""/content/drive/MyDrive/olx_books_dataset/images/books_da0fed7b94/7.jpg"", ""/content/drive/MyDrive/olx_books_dataset/images/books_da0fed7b94/8.jpg""]",8,2025-12-09 06:57:50.881070
books_2a6043ce54,https://www.olx.in/item/books-c453-class-10-with-queestion-and-notes-foundation-science-side-book-in-dullipura-tanda-rampur-district-iid-1828699426,( ÇLÃSS 10  WITH QUEESTION AND NOTES) FOUNDATION SCIENCE SIDE BOOK,Class -10 [side book ] foundation Boilogy science best choice book ( Topper choice - Books,200,"[""/content/drive/MyDrive/olx_books_dataset/images/books_2a6043ce54/1.jpg"", ""/content/drive/MyDrive/olx_books_dataset/images/books_2a6043ce54/2.jpg"", ""/content/drive/MyDrive/olx_books_dataset/images/books_2a6043ce54/3.jpg"", ""/content/drive/MyDrive/olx_books_dataset/images/books_2a6043ce54/4.jpg"", ""/content/drive/MyDrive/olx_books_dataset/images/books_2a6043ce54/5.jpg"", ""/content/drive/MyDrive/olx_books_dataset/images/books_2a6043ce54/6.jpg"", ""/content/drive/MyDrive/olx_books_dataset/images/books_2a6043ce54/7.jpg"", ""/content/drive/MyDrive/olx_books_dataset/images/books_2a6043ce54/8.jpg""]",8,2025-12-09 07:00:05.639257
books_7ffb358660,https://www.olx.in/item/books-c453-allen-neet-complete-module-in-pimpri-chinchwad-pune-iid-1828699002,Allen NEET complete module,"Allen 2024-25 complete Neet module available, all books are in new condition. Selling because I no more need them. Complete Physics Chemistry and Biology (Zoology+botany). 3 Practice books also available with tremendous questions. - Books",6500,"[""/content/drive/MyDrive/olx_books_dataset/images/books_7ffb358660/1.jpg"", ""/content/drive/MyDrive/olx_books_dataset/images/books_7ffb358660/2.jpg"", ""/content/drive/MyDrive/olx_books_dataset/images/books_7ffb358660/3.jpg"", ""/content/drive/MyDrive/olx_books_dataset/images/books_7ffb358660/4.jpg"", ""/content/drive/MyDrive/olx_books_dataset/images/books_7ffb358660/5.jpg"", ""/content/drive/MyDrive/olx_books_dataset/images/books_7ffb358660/6.jpg"", ""/content/drive/MyDrive/olx_books_dataset/images/books_7ffb358660/7.jpg"", ""/content/drive/MyDrive/olx_books_dataset/images/books_7ffb358660/8.jpg""]",8,2025-12-09 07:00:13.823286
books_ed091961bf,https://www.olx.in/item/books-c453-ssc-all-book-set-pyqs-in-vigyan-nagar-kota-iid-1828700652,SSC ALL BOOK SET PYQS,All new condition - Books,800,"[""/content/drive/MyDrive/olx_books_dataset/images/books_ed091961bf/1.jpg"", ""/content/drive/MyDrive/olx_books_dataset/images/books_ed091961bf/2.jpg"", ""/content/drive/MyDrive/olx_books_dataset/images/books_ed091961bf/3.jpg"", ""/content/drive/MyDrive/olx_books_dataset/images/books_ed091961bf/4.jpg"", ""/content/drive/MyDrive/olx_books_dataset/images/books_ed091961bf/5.jpg"", ""/content/drive/MyDrive/olx_books_dataset/images/books_ed091961bf/6.jpg"", ""/content/drive/MyDrive/olx_books_dataset/images/books_ed091961bf/7.jpg"", ""/content/drive/MyDrive/olx_books_dataset/images/books_ed091961bf/8.jpg""]",8,2025-12-09 07:01:00.091053
books_0a4c098e00,https://www.olx.in/item/books-c453-pw-11th-module-in-shivpur-patna-iid-1828177376,Pw 11th module,Pw 11th module 2025 - Books,1800,"[""/content/drive/MyDrive/olx_books_dataset/images/books_0a4c098e00/1.jpg"", ""/content/drive/MyDrive/olx_books_dataset/images/books_0a4c098e00/2.jpg"", ""/content/drive/MyDrive/olx_books_dataset/images/books_0a4c098e00/3.jpg"", ""/content/drive/MyDrive/olx_books_dataset/images/books_0a4c098e00/4.jpg"", ""/content/drive/MyDrive/olx_books_dataset/images/books_0a4c098e00/5.jpg"", ""/content/drive/MyDrive/olx_books_dataset/images/books_0a4c098e00/6.jpg"", ""/content/drive/MyDrive/olx_books_dataset/images/books_0a4c098e00/7.jpg"", ""/content/drive/MyDrive/olx_books_dataset/images/books_0a4c098e00/8.jpg""]",8,2025-12-09 07:01:05.114643
books_40641be6e2,https://www.olx.in/item/books-c453-a-best-family-book-in-bagree-mohalla-bikaner-iid-1828698184,A best family book,"It is a good book , you should read it - Books",290,"[""/content/drive/MyDrive/olx_books_dataset/images/books_40641be6e2/1.jpg"", ""/content/drive/MyDrive/olx_books_dataset/images/books_40641be6e2/2.jpg"", ""/content/drive/MyDrive/olx_books_dataset/images/books_40641be6e2/3.jpg"", ""/content/drive/MyDrive/olx_books_dataset/images/books_40641be6e2/4.jpg"", ""/content/drive/MyDrive/olx_books_dataset/images/books_40641be6e2/5.jpg"", ""/content/drive/MyDrive/olx_books_dataset/images/books_40641be6e2/6.jpg"", ""/content/drive/MyDrive/olx_books_dataset/images/books_40641be6e2/7.jpg"", ""/content/drive/MyDrive/olx_books_dataset/images/books_40641be6e2/8.jpg""]",8,2025-12-09 07:01:11.861378
books_cdb41cc906,https://www.olx.in/item/books-c453-dragon-ball-super-vol-1-comic-book-with-cheap-price-in-khansar-chowk-safidon-iid-1828698405,Dragon ball super vol 1 comic book with cheap price,I am selling my comic book of dragon ball super vol 1 - Books,599,"[""/content/drive/MyDrive/olx_books_dataset/images/books_cdb41cc906/1.jpg"", ""/content/drive/MyDrive/olx_books_dataset/images/books_cdb41cc906/2.jpg"", ""/content/drive/MyDrive/olx_books_dataset/images/books_cdb41cc906/3.jpg"", ""/content/drive/MyDrive/olx_books_dataset/images/books_cdb41cc906/4.jpg"", ""/content/drive/MyDrive/olx_books_dataset/images/books_cdb41cc906/5.jpg"", ""/content/drive/MyDrive/olx_books_dataset/images/books_cdb41cc906/6.jpg"", ""/content/drive/MyDrive/olx_books_dataset/images/books_cdb41cc906/7.jpg"", ""/content/drive/MyDrive/olx_books_dataset/images/books_cdb41cc906/8.jpg""]",8,2025-12-09 07:04:54.445782
books_8530c0a0b2,https://www.olx.in/item/books-c453-this-is-a-ss-pen-in-chitra-colony-morbi-iid-1828693110,This is a s.s pen,A S.s + the wil most beautiful - Books,26,"[""/content/drive/MyDrive/olx_books_dataset/images/books_8530c0a0b2/1.jpg"", ""/content/drive/MyDrive/olx_books_dataset/images/books_8530c0a0b2/2.jpg"", ""/content/drive/MyDrive/olx_books_dataset/images/books_8530c0a0b2/3.jpg"", ""/content/drive/MyDrive/olx_books_dataset/images/books_8530c0a0b2/4.jpg"", ""/content/drive/MyDrive/olx_books_dataset/images/books_8530c0a0b2/5.jpg"", ""/content/drive/MyDrive/olx_books_dataset/images/books_8530c0a0b2/6.jpg"", ""/content/drive/MyDrive/olx_books_dataset/images/books_8530c0a0b2/7.jpg"", ""/content/drive/MyDrive/olx_books_dataset/images/books_8530c0a0b2/8.jpg""]",8,2025-12-09 07:06:23.338263
books_a1bff15488,https://www.olx.in/item/books-c453-vmc-jee-11-12th-study-material2022-23-in-mayur-vihar-phase-1-delhi-iid-1828693723,VMC JEE 11-12th Study Material(2022-23),"VMC JEE 11-12th Mostly Unused Study Material (2022-23). Complete set of PCM modules, workbooks and assignments. Total of 58 books(solutions included). - Books",5000,"[""/content/drive/MyDrive/olx_books_dataset/images/books_a1bff15488/1.jpg"", ""/content/drive/MyDrive/olx_books_dataset/images/books_a1bff15488/2.jpg"", ""/content/drive/MyDrive/olx_books_dataset/images/books_a1bff15488/3.jpg"", ""/content/drive/MyDrive/olx_books_dataset/images/books_a1bff15488/4.jpg"", ""/content/drive/MyDrive/olx_books_dataset/images/books_a1bff15488/5.jpg"", ""/content/drive/MyDrive/olx_books_dataset/images/books_a1bff15488/6.jpg"", ""/content/drive/MyDrive/olx_books_dataset/images/books_a1bff15488/7.jpg"", ""/content/drive/MyDrive/olx_books_dataset/images/books_a1bff15488/8.jpg""]",8,2025-12-09 07:06:28.423333
books_be8e3ae0ae,https://www.olx.in/item/books-c453-jee-mains-books-in-moosapet-hyderabad-iid-1828696915,Jee mains books,Jee mains entrance books - Books,3500,"[""/content/drive/MyDrive/olx_books_dataset/images/books_be8e3ae0ae/1.jpg"", ""/content/drive/MyDrive/olx_books_dataset/images/books_be8e3ae0ae/2.jpg"", ""/content/drive/MyDrive/olx_books_dataset/images/books_be8e3ae0ae/3.jpg"", ""/content/drive/MyDrive/olx_books_dataset/images/books_be8e3ae0ae/4.jpg"", ""/content/drive/MyDrive/olx_books_dataset/images/books_be8e3ae0ae/5.jpg"", ""/content/drive/MyDrive/olx_books_dataset/images/books_be8e3ae0ae/6.jpg"", ""/content/drive/MyDrive/olx_books_dataset/images/books_be8e3ae0ae/7.jpg"", ""/content/drive/MyDrive/olx_books_dataset/images/books_be8e3ae0ae/8.jpg""]",8,2025-12-09 07:07:16.590345
books_40f3d0515e,https://www.olx.in/item/books-c453-1-neet-books-full-set-biology-physics-chemistry-comprehensive-in-kavumbhagam-thiruvalla-iid-1828692504,"1. “NEET Books Full Set – Biology, Physics, Chemistry comprehensive",“Selling my NEET preparation books. All books are in good condition with minimal markings. Includes subject-wise textbooks and comprehensive practice books by darsana academy. No missing pages. Useful for NEET 2025/2026 aspirants. ( Including previous year Question papers) - Books,1500,"[""/content/drive/MyDrive/olx_books_dataset/images/books_40f3d0515e/1.jpg"", ""/content/drive/MyDrive/olx_books_dataset/images/books_40f3d0515e/2.jpg"", ""/content/drive/MyDrive/olx_books_dataset/images/books_40f3d0515e/3.jpg"", ""/content/drive/MyDrive/olx_books_dataset/images/books_40f3d0515e/4.jpg"", ""/content/drive/MyDrive/olx_books_dataset/images/books_40f3d0515e/5.jpg"", ""/content/drive/MyDrive/olx_books_dataset/images/books_40f3d0515e/6.jpg"", ""/content/drive/MyDrive/olx_books_dataset/images/books_40f3d0515e/7.jpg"", ""/content/drive/MyDrive/olx_books_dataset/images/books_40f3d0515e/8.jpg""]",8,2025-12-09 07:08:46.023696
books_5a55fb72d5,https://www.olx.in/item/books-c453-philips-induction-2100-watt-in-mela-ground-area-hisar-iid-1819055265,Philips Induction (2100 Watt),Philips Induction in brand new condition. - Rarely used. - New Price - 3300/- - Books,2500,"[""/content/drive/MyDrive/olx_books_dataset/images/books_5a55fb72d5/1.jpg"", ""/content/drive/MyDrive/olx_books_dataset/images/books_5a55fb72d5/2.jpg"", ""/content/drive/MyDrive/olx_books_dataset/images/books_5a55fb72d5/3.jpg"", ""/content/drive/MyDrive/olx_books_dataset/images/books_5a55fb72d5/4.jpg"", ""/content/drive/MyDrive/olx_books_dataset/images/books_5a55fb72d5/5.jpg"", ""/content/drive/MyDrive/olx_books_dataset/images/books_5a55fb72d5/6.jpg"", ""/content/drive/MyDrive/olx_books_dataset/images/books_5a55fb72d5/7.jpg"", ""/content/drive/MyDrive/olx_books_dataset/images/books_5a55fb72d5/8.jpg""]",8,2025-12-09 07:10:58.690486
books_e3182d5db7,https://www.olx.in/item/books-c453-business-laws-and-accounting-in-in-sector-n-lucknow-iid-1828691854,Business laws and Accounting in हिन्दी,I want to sell my CA Foundation Book in hindi medium. It is new and as per latest edition. There is no marks on the book. Even not used for one day. - Books,1200,"[""/content/drive/MyDrive/olx_books_dataset/images/books_e3182d5db7/1.jpg"", ""/content/drive/MyDrive/olx_books_dataset/images/books_e3182d5db7/2.jpg"", ""/content/drive/MyDrive/olx_books_dataset/images/books_e3182d5db7/3.jpg"", ""/content/drive/MyDrive/olx_books_dataset/images/books_e3182d5db7/4.jpg"", ""/content/drive/MyDrive/olx_books_dataset/images/books_e3182d5db7/5.jpg"", ""/content/drive/MyDrive/olx_books_dataset/images/books_e3182d5db7/6.jpg"", ""/content/drive/MyDrive/olx_books_dataset/images/books_e3182d5db7/7.jpg"", ""/content/drive/MyDrive/olx_books_dataset/images/books_e3182d5db7/8.jpg""]",8,2025-12-09 07:11:45.891243
books_3297fd22fb,https://www.olx.in/item/books-c453-youve-reached-sam-by-dustin-thao-200rs-in-maharana-pratap-colony-harda-iid-1828691146,You've reached Sam - By Dustin Thao - 200rs,"Selling You’ve Reached Sam by Dustin Thao. Condition: Almost brand new — no folds, no marks, no damage. Bought a year ago but never read it. Perfect for readers who like emotional YA romance and clean, aesthetic stories. Price: ₹200 (final) Location: Harda, MP Only for local buyers – self-pickup. No shipping. DM if interested. Urgent buyer needed. Tags: book, novel, fiction, romance, young adult, used books, secondhand books - Books",200,"[""/content/drive/MyDrive/olx_books_dataset/images/books_3297fd22fb/1.jpg"", ""/content/drive/MyDrive/olx_books_dataset/images/books_3297fd22fb/2.jpg"", ""/content/drive/MyDrive/olx_books_dataset/images/books_3297fd22fb/3.jpg"", ""/content/drive/MyDrive/olx_books_dataset/images/books_3297fd22fb/4.jpg"", ""/content/drive/MyDrive/olx_books_dataset/images/books_3297fd22fb/5.jpg"", ""/content/drive/MyDrive/olx_books_dataset/images/books_3297fd22fb/6.jpg"", ""/content/drive/MyDrive/olx_books_dataset/images/books_3297fd22fb/7.jpg"", ""/content/drive/MyDrive/olx_books_dataset/images/books_3297fd22fb/8.jpg"", ""/content/drive/MyDrive/olx_books_dataset/images/books_3297fd22fb/9.jpg"", ""/content/drive/MyDrive/olx_books_dataset/images/books_3297fd22fb/10.jpg"", ""/content/drive/MyDrive/olx_books_dataset/images/books_3297fd22fb/11.jpg"", ""/content/drive/MyDrive/olx_books_dataset/images/books_3297fd22fb/12.jpg"", ""/content/drive/MyDrive/olx_books_dataset/images/books_3297fd22fb/13.jpg"", ""/content/drive/MyDrive/olx_books_dataset/images/books_3297fd22fb/14.jpg""]",14,2025-12-09 07:11:53.496721
books_47fb11f571,https://www.olx.in/item/books-c453-sl-arora-book-in-mundaka-delhi-iid-1828695938,S.l Arora book,Both Part Available - Books,900,"[""/content/drive/MyDrive/olx_books_dataset/images/books_47fb11f571/1.jpg"", ""/content/drive/MyDrive/olx_books_dataset/images/books_47fb11f571/2.jpg"", ""/content/drive/MyDrive/olx_books_dataset/images/books_47fb11f571/3.jpg"", ""/content/drive/MyDrive/olx_books_dataset/images/books_47fb11f571/4.jpg"", ""/content/drive/MyDrive/olx_books_dataset/images/books_47fb11f571/5.jpg"", ""/content/drive/MyDrive/olx_books_dataset/images/books_47fb11f571/6.jpg"", ""/content/drive/MyDrive/olx_books_dataset/images/books_47fb11f571/7.jpg"", ""/content/drive/MyDrive/olx_books_dataset/images/books_47fb11f571/8.jpg""]",8,2025-12-09 07:12:41.106750
books_c3528ef037,https://www.olx.in/item/books-c453-errorless-biology-ncert-based-vol-1-2-2017-edition-new-condition-in-indira-nagar-nashik-iid-1817565663,Errorless Biology NCERT Based (Vol 1 & 2) 2017 edition -new condition,"Errorless Biology NCERT Based – Volume 1 & 2 (2017 Edition) Condition: Brand New (no markings, no highlights, just like purchased) Ideal for NEET / AIIMS / Medical Entrance Exams Covers complete NCERT Biology with detailed explanations Includes chapter-wise theory, MCQs, previous years’ NEET/AIIMS questions Trusted book for building strong NEET foundation Done with my NEET prepration so think of selling. - Books",1099,"[""/content/drive/MyDrive/olx_books_dataset/images/books_c3528ef037/1.jpg"", ""/content/drive/MyDrive/olx_books_dataset/images/books_c3528ef037/2.jpg"", ""/content/drive/MyDrive/olx_books_dataset/images/books_c3528ef037/3.jpg"", ""/content/drive/MyDrive/olx_books_dataset/images/books_c3528ef037/4.jpg"", ""/content/drive/MyDrive/olx_books_dataset/images/books_c3528ef037/5.jpg"", ""/content/drive/MyDrive/olx_books_dataset/images/books_c3528ef037/6.jpg"", ""/content/drive/MyDrive/olx_books_dataset/images/books_c3528ef037/7.jpg"", ""/content/drive/MyDrive/olx_books_dataset/images/books_c3528ef037/8.jpg""]",8,2025-12-09 07:12:47.811548
books_fdd12bea90,https://www.olx.in/item/books-c453-mech-engg-books-and-automobile-engg-book-in-kadavanthra-kochi-iid-1828693572,Mech engg books and automobile engg book,Mech and automobile engineering books - Books,2000,"[""/content/drive/MyDrive/olx_books_dataset/images/books_fdd12bea90/1.jpg"", ""/content/drive/MyDrive/olx_books_dataset/images/books_fdd12bea90/2.jpg"", ""/content/drive/MyDrive/olx_books_dataset/images/books_fdd12bea90/3.jpg"", ""/content/drive/MyDrive/olx_books_dataset/images/books_fdd12bea90/4.jpg"", ""/content/drive/MyDrive/olx_books_dataset/images/books_fdd12bea90/5.jpg"", ""/content/drive/MyDrive/olx_books_dataset/images/books_fdd12bea90/6.jpg"", ""/content/drive/MyDrive/olx_books_dataset/images/books_fdd12bea90/7.jpg"", ""/content/drive/MyDrive/olx_books_dataset/images/books_fdd12bea90/8.jpg""]",8,2025-12-09 07:13:35.476792
books_3f119a401a,https://www.olx.in/item/books-c453-ii-pu-guideif-you-you-want-to-buy-please-message-me-in-mary-hill-mangaluru-iid-1820532126,"II Pu Guide,If You you want to buy please message me",Useful for 2nd Pu Commerce students - Books,90,"[""/content/drive/MyDrive/olx_books_dataset/images/books_3f119a401a/1.jpg"", ""/content/drive/MyDrive/olx_books_dataset/images/books_3f119a401a/2.jpg"", ""/content/drive/MyDrive/olx_books_dataset/images/books_3f119a401a/3.jpg"", ""/content/drive/MyDrive/olx_books_dataset/images/books_3f119a401a/4.jpg"", ""/content/drive/MyDrive/olx_books_dataset/images/books_3f119a401a/5.jpg"", ""/content/drive/MyDrive/olx_books_dataset/images/books_3f119a401a/6.jpg"", ""/content/drive/MyDrive/olx_books_dataset/images/books_3f119a401a/7.jpg"", ""/content/drive/MyDrive/olx_books_dataset/images/books_3f119a401a/8.jpg""]",8,2025-12-09 07:13:42.490627
books_62bb6ab513,https://www.olx.in/item/books-c453-engineering-graphics-text-for-polytechnic-students-in-pattom-thiruvananthapuram-iid-1762678501,ENGINEERING GRAPHICS TEXT FOR POLYTECHNIC STUDENTS,MY COURSE IS COMPLETED - Books,250,"[""/content/drive/MyDrive/olx_books_dataset/images/books_62bb6ab513/1.jpg"", ""/content/drive/MyDrive/olx_books_dataset/images/books_62bb6ab513/2.jpg"", ""/content/drive/MyDrive/olx_books_dataset/images/books_62bb6ab513/3.jpg"", ""/content/drive/MyDrive/olx_books_dataset/images/books_62bb6ab513/4.jpg"", ""/content/drive/MyDrive/olx_books_dataset/images/books_62bb6ab513/5.jpg"", ""/content/drive/MyDrive/olx_books_dataset/images/books_62bb6ab513/6.jpg"", ""/content/drive/MyDrive/olx_books_dataset/images/books_62bb6ab513/7.jpg"", ""/content/drive/MyDrive/olx_books_dataset/images/books_62bb6ab513/8.jpg""]",8,2025-12-09 07:15:11.573539
books_55a6966fdc,https://www.olx.in/item/books-c453-clat-books-pack-in-adityapuram-gwalior-iid-1828692217,Clat books pack,"Books for clat exam All subjects with concept books as well as practice modules with respect to the subject Last 10 years pyqs of clat and Ilet and olets. A guide to clat with road map to clear clat and information of all the nlus, their criteria, marks, subjects info and strong strategies Overall, 30 books set of 5 subjects with their concept and practice modules. 1 book containing last 10 years pyqs of clat and Ilet. 1 book of a complete guide to clat. - Books",6000,"[""/content/drive/MyDrive/olx_books_dataset/images/books_55a6966fdc/1.jpg"", ""/content/drive/MyDrive/olx_books_dataset/images/books_55a6966fdc/2.jpg"", ""/content/drive/MyDrive/olx_books_dataset/images/books_55a6966fdc/3.jpg"", ""/content/drive/MyDrive/olx_books_dataset/images/books_55a6966fdc/4.jpg"", ""/content/drive/MyDrive/olx_books_dataset/images/books_55a6966fdc/5.jpg"", ""/content/drive/MyDrive/olx_books_dataset/images/books_55a6966fdc/6.jpg"", ""/content/drive/MyDrive/olx_books_dataset/images/books_55a6966fdc/7.jpg"", ""/content/drive/MyDrive/olx_books_dataset/images/books_55a6966fdc/8.jpg""]",8,2025-12-09 07:16:00.121301
books_5b883c0a62,https://www.olx.in/item/books-c453-toppernotes-hcs-pre-cum-mains-set-of-5-in-sector-23a-gurgaon-iid-1827421156,Toppernotes HCS PRE CUM MAINS ( Set of 5),"It contains 5 books that available in Hindi Language. Books are not used, proper new. Contact me for purchase. - Books",700,"[""/content/drive/MyDrive/olx_books_dataset/images/books_5b883c0a62/1.jpg"", ""/content/drive/MyDrive/olx_books_dataset/images/books_5b883c0a62/2.jpg"", ""/content/drive/MyDrive/olx_books_dataset/images/books_5b883c0a62/3.jpg"", ""/content/drive/MyDrive/olx_books_dataset/images/books_5b883c0a62/4.jpg"", ""/content/drive/MyDrive/olx_books_dataset/images/books_5b883c0a62/5.jpg"", ""/content/drive/MyDrive/olx_books_dataset/images/books_5b883c0a62/6.jpg"", ""/content/drive/MyDrive/olx_books_dataset/images/books_5b883c0a62/7.jpg"", ""/content/drive/MyDrive/olx_books_dataset/images/books_5b883c0a62/8.jpg""]",8,2025-12-09 07:16:47.598513
books_c08c9c23e8,https://www.olx.in/item/books-c453-ma-economics-ignou-helpbooksupplementary-books-in-dhalpur-kullu-iid-1828694439,M.A Economics IGNOU helpbook/supplementary books,MEC/MEAC 1 st year books IGNOU Helpbook /supplementary MA economics - Books,1200,"[""/content/drive/MyDrive/olx_books_dataset/images/books_c08c9c23e8/1.jpg"", ""/content/drive/MyDrive/olx_books_dataset/images/books_c08c9c23e8/2.jpg"", ""/content/drive/MyDrive/olx_books_dataset/images/books_c08c9c23e8/3.jpg"", ""/content/drive/MyDrive/olx_books_dataset/images/books_c08c9c23e8/4.jpg"", ""/content/drive/MyDrive/olx_books_dataset/images/books_c08c9c23e8/5.jpg"", ""/content/drive/MyDrive/olx_books_dataset/images/books_c08c9c23e8/6.jpg"", ""/content/drive/MyDrive/olx_books_dataset/images/books_c08c9c23e8/7.jpg"", ""/content/drive/MyDrive/olx_books_dataset/images/books_c08c9c23e8/8.jpg""]",8,2025-12-09 07:18:19.454362
books_c55fa7e801,https://www.olx.in/item/books-c453-atomic-habits-ikigai-in-saraidhela-dhanbad-iid-1828695770,ATOMIC HABITS         IKIGAI,Atomic Habits - gives you motivation Ikigai - gives you strength to achieve your goals - Books,399,"[""/content/drive/MyDrive/olx_books_dataset/images/books_c55fa7e801/1.jpg"", ""/content/drive/MyDrive/olx_books_dataset/images/books_c55fa7e801/2.jpg"", ""/content/drive/MyDrive/olx_books_dataset/images/books_c55fa7e801/3.jpg"", ""/content/drive/MyDrive/olx_books_dataset/images/books_c55fa7e801/4.jpg"", ""/content/drive/MyDrive/olx_books_dataset/images/books_c55fa7e801/5.jpg"", ""/content/drive/MyDrive/olx_books_dataset/images/books_c55fa7e801/6.jpg"", ""/content/drive/MyDrive/olx_books_dataset/images/books_c55fa7e801/7.jpg"", ""/content/drive/MyDrive/olx_books_dataset/images/books_c55fa7e801/8.jpg""]",8,2025-12-09 07:18:24.215892
books_eb6501f196,https://www.olx.in/item/books-c453-a-books-drawer-wardrobe-in-goregaon-east-mumbai-iid-1828692617,A books drawer wardrobe,This wardrobe include a 7 shelf. Each shelf has a good amount of space. You can use it to store anything that you wanted. Also it has a good height you can also use its upper part - Books,600,"[""/content/drive/MyDrive/olx_books_dataset/images/books_eb6501f196/1.jpg"", ""/content/drive/MyDrive/olx_books_dataset/images/books_eb6501f196/2.jpg"", ""/content/drive/MyDrive/olx_books_dataset/images/books_eb6501f196/3.jpg"", ""/content/drive/MyDrive/olx_books_dataset/images/books_eb6501f196/4.jpg"", ""/content/drive/MyDrive/olx_books_dataset/images/books_eb6501f196/5.jpg"", ""/content/drive/MyDrive/olx_books_dataset/images/books_eb6501f196/6.jpg"", ""/content/drive/MyDrive/olx_books_dataset/images/books_eb6501f196/7.jpg"", ""/content/drive/MyDrive/olx_books_dataset/images/books_eb6501f196/8.jpg""]",8,2025-12-09 07:19:13.206024
books_289087f9d0,https://www.olx.in/item/books-c453-brilliant-pala-study-materials-jee-in-punnathura-kottayam-iid-1812791168,BRILLIANT PALA STUDY MATERIALS JEE,I'm selling brilliant pala's JEE MAINs and keam study materials for repeaters.This package consist of 22 books which include JEE main previous year questions and answers(3) study materials-(3) workbooks-(3) answer keys-(6) for study materials and work books.also 2 keam previous year books. - Books,1999,"[""/content/drive/MyDrive/olx_books_dataset/images/books_289087f9d0/1.jpg"", ""/content/drive/MyDrive/olx_books_dataset/images/books_289087f9d0/2.jpg"", ""/content/drive/MyDrive/olx_books_dataset/images/books_289087f9d0/3.jpg"", ""/content/drive/MyDrive/olx_books_dataset/images/books_289087f9d0/4.jpg"", ""/content/drive/MyDrive/olx_books_dataset/images/books_289087f9d0/5.jpg"", ""/content/drive/MyDrive/olx_books_dataset/images/books_289087f9d0/6.jpg"", ""/content/drive/MyDrive/olx_books_dataset/images/books_289087f9d0/7.jpg"", ""/content/drive/MyDrive/olx_books_dataset/images/books_289087f9d0/8.jpg""]",8,2025-12-09 07:20:03.114084
books_21669cf613,https://www.olx.in/item/books-c453-in-udaipura-madhya-pradesh-iid-1828691361,इतिहास किताब,इतिहास कक्षा 11 बुक शॉर्ट नोट - Books,300,"[""/content/drive/MyDrive/olx_books_dataset/images/books_21669cf613/1.jpg"", ""/content/drive/MyDrive/olx_books_dataset/images/books_21669cf613/2.jpg"", ""/content/drive/MyDrive/olx_books_dataset/images/books_21669cf613/3.jpg"", ""/content/drive/MyDrive/olx_books_dataset/images/books_21669cf613/4.jpg"", ""/content/drive/MyDrive/olx_books_dataset/images/books_21669cf613/5.jpg"", ""/content/drive/MyDrive/olx_books_dataset/images/books_21669cf613/6.jpg"", ""/content/drive/MyDrive/olx_books_dataset/images/books_21669cf613/7.jpg"", ""/content/drive/MyDrive/olx_books_dataset/images/books_21669cf613/8.jpg""]",8,2025-12-09 07:20:50.808561
books_5837c5788a,https://www.olx.in/item/books-c453-this-product-is-very-good-and-best-in-mohanpur-samastipur-iid-1828696660,This product is very good and best,NCERT mathematics book class 11th - Books,175,"[""/content/drive/MyDrive/olx_books_dataset/images/books_5837c5788a/1.jpg"", ""/content/drive/MyDrive/olx_books_dataset/images/books_5837c5788a/2.jpg"", ""/content/drive/MyDrive/olx_books_dataset/images/books_5837c5788a/3.jpg"", ""/content/drive/MyDrive/olx_books_dataset/images/books_5837c5788a/4.jpg"", ""/content/drive/MyDrive/olx_books_dataset/images/books_5837c5788a/5.jpg"", ""/content/drive/MyDrive/olx_books_dataset/images/books_5837c5788a/6.jpg"", ""/content/drive/MyDrive/olx_books_dataset/images/books_5837c5788a/7.jpg"", ""/content/drive/MyDrive/olx_books_dataset/images/books_5837c5788a/8.jpg""]",8,2025-12-09 07:20:55.987061
books_ddfcb1a812,https://www.olx.in/item/books-c453-hindi-question-bank-with-answers-in-ganesh-nagar-hyderabad-iid-1828694581,Hindi QUESTION BANK WITH ANSWERS,Nice in condition - Books,600,"[""/content/drive/MyDrive/olx_books_dataset/images/books_ddfcb1a812/1.jpg"", ""/content/drive/MyDrive/olx_books_dataset/images/books_ddfcb1a812/2.jpg"", ""/content/drive/MyDrive/olx_books_dataset/images/books_ddfcb1a812/3.jpg"", ""/content/drive/MyDrive/olx_books_dataset/images/books_ddfcb1a812/4.jpg"", ""/content/drive/MyDrive/olx_books_dataset/images/books_ddfcb1a812/5.jpg"", ""/content/drive/MyDrive/olx_books_dataset/images/books_ddfcb1a812/6.jpg"", ""/content/drive/MyDrive/olx_books_dataset/images/books_ddfcb1a812/7.jpg"", ""/content/drive/MyDrive/olx_books_dataset/images/books_ddfcb1a812/8.jpg""]",8,2025-12-09 07:21:42.926690
books_0acc8b3c6a,https://www.olx.in/item/books-c453-1001-ideas-by-robert-arp-in-balaji-nagar-nashik-iid-1828048692,1001 ideas by robert arp,Historical books - Books,800,"[""/content/drive/MyDrive/olx_books_dataset/images/books_0acc8b3c6a/1.jpg"", ""/content/drive/MyDrive/olx_books_dataset/images/books_0acc8b3c6a/2.jpg"", ""/content/drive/MyDrive/olx_books_dataset/images/books_0acc8b3c6a/3.jpg"", ""/content/drive/MyDrive/olx_books_dataset/images/books_0acc8b3c6a/4.jpg"", ""/content/drive/MyDrive/olx_books_dataset/images/books_0acc8b3c6a/5.jpg"", ""/content/drive/MyDrive/olx_books_dataset/images/books_0acc8b3c6a/6.jpg"", ""/content/drive/MyDrive/olx_books_dataset/images/books_0acc8b3c6a/7.jpg"", ""/content/drive/MyDrive/olx_books_dataset/images/books_0acc8b3c6a/8.jpg""]",8,2025-12-09 07:22:30.567966
books_da0510fa54,https://www.olx.in/item/books-c453-rd-sharma-mathematics-class-10th-cbse-refresher-book-in-farrukhabad-industrial-area-farrukhabad-iid-1828694690,R.D Sharma MATHEMATICS CLASS 10th CBSE Refresher Book,10th CBSE Refresher Books – Excellent Condition – Lowest Price Books bilkul clean condition me hain. Exams ke liye perfect. Price final hai kyunki already low rakha hai. Nearby area me meet-up possible. Jaldi chahiye to message karo. - Books,350,"[""/content/drive/MyDrive/olx_books_dataset/images/books_da0510fa54/1.jpg"", ""/content/drive/MyDrive/olx_books_dataset/images/books_da0510fa54/2.jpg"", ""/content/drive/MyDrive/olx_books_dataset/images/books_da0510fa54/3.jpg"", ""/content/drive/MyDrive/olx_books_dataset/images/books_da0510fa54/4.jpg"", ""/content/drive/MyDrive/olx_books_dataset/images/books_da0510fa54/5.jpg"", ""/content/drive/MyDrive/olx_books_dataset/images/books_da0510fa54/6.jpg"", ""/content/drive/MyDrive/olx_books_dataset/images/books_da0510fa54/7.jpg"", ""/content/drive/MyDrive/olx_books_dataset/images/books_da0510fa54/8.jpg""]",8,2025-12-09 07:23:19.612006
books_e9a1662f3a,https://www.olx.in/item/books-c453-mba-books-of-dy-patil-in-roadpali-navi-mumbai-iid-1828693648,Mba books of dy patil,I have left the course and its brand new - Books,1100,"[""/content/drive/MyDrive/olx_books_dataset/images/books_e9a1662f3a/1.jpg"", ""/content/drive/MyDrive/olx_books_dataset/images/books_e9a1662f3a/2.jpg"", ""/content/drive/MyDrive/olx_books_dataset/images/books_e9a1662f3a/3.jpg"", ""/content/drive/MyDrive/olx_books_dataset/images/books_e9a1662f3a/4.jpg"", ""/content/drive/MyDrive/olx_books_dataset/images/books_e9a1662f3a/5.jpg"", ""/content/drive/MyDrive/olx_books_dataset/images/books_e9a1662f3a/6.jpg"", ""/content/drive/MyDrive/olx_books_dataset/images/books_e9a1662f3a/7.jpg"", ""/content/drive/MyDrive/olx_books_dataset/images/books_e9a1662f3a/8.jpg""]",8,2025-12-09 07:23:26.620750
books_3b82c44d2e,https://www.olx.in/item/books-c453-my-life-in-full-in-jamia-nagar-delhi-iid-1828692216,My life in Full,"Indra Nooyi's personal account, former chairperson of Pepsico - Books",690,"[""/content/drive/MyDrive/olx_books_dataset/images/books_3b82c44d2e/1.jpg"", ""/content/drive/MyDrive/olx_books_dataset/images/books_3b82c44d2e/2.jpg"", ""/content/drive/MyDrive/olx_books_dataset/images/books_3b82c44d2e/3.jpg"", ""/content/drive/MyDrive/olx_books_dataset/images/books_3b82c44d2e/4.jpg"", ""/content/drive/MyDrive/olx_books_dataset/images/books_3b82c44d2e/5.jpg"", ""/content/drive/MyDrive/olx_books_dataset/images/books_3b82c44d2e/6.jpg"", ""/content/drive/MyDrive/olx_books_dataset/images/books_3b82c44d2e/7.jpg"", ""/content/drive/MyDrive/olx_books_dataset/images/books_3b82c44d2e/8.jpg"", ""/content/drive/MyDrive/olx_books_dataset/images/books_3b82c44d2e/9.jpg"", ""/content/drive/MyDrive/olx_books_dataset/images/books_3b82c44d2e/10.jpg"", ""/content/drive/MyDrive/olx_books_dataset/images/books_3b82c44d2e/11.jpg"", ""/content/drive/MyDrive/olx_books_dataset/images/books_3b82c44d2e/12.jpg"", ""/content/drive/MyDrive/olx_books_dataset/images/books_3b82c44d2e/13.jpg"", ""/content/drive/MyDrive/olx_books_dataset/images/books_3b82c44d2e/14.jpg""]",14,2025-12-09 07:23:35.454369
books_0880de5fe9,https://www.olx.in/item/books-c453-mpc-full-combo-of-both-class-1112-em-books-for-eapcetjee-in-sirinivasanagar-colony-srungavarapukota-iid-1826306847,"Mpc full combo of both class 11&12 E.M.  books for EAPCET,JEE","Vedantu tatva JEE volumes of class 11&12 with EAPCET books also get Disha NTA mock test book for jee and EAPCET pyq and mock test book also. ALL Are in good condition . If interested message me . In this book u will get NCERT based theory + video based explanation + pdf solutions by scanning the inside scanner . Best book for jee and EAPCET entrance exams . Practice bits , pyq’s, are in the volumes with full syllabus coverage also. - Books",2300,"[""/content/drive/MyDrive/olx_books_dataset/images/books_0880de5fe9/1.jpg"", ""/content/drive/MyDrive/olx_books_dataset/images/books_0880de5fe9/2.jpg"", ""/content/drive/MyDrive/olx_books_dataset/images/books_0880de5fe9/3.jpg"", ""/content/drive/MyDrive/olx_books_dataset/images/books_0880de5fe9/4.jpg"", ""/content/drive/MyDrive/olx_books_dataset/images/books_0880de5fe9/5.jpg"", ""/content/drive/MyDrive/olx_books_dataset/images/books_0880de5fe9/6.jpg"", ""/content/drive/MyDrive/olx_books_dataset/images/books_0880de5fe9/7.jpg"", ""/content/drive/MyDrive/olx_books_dataset/images/books_0880de5fe9/8.jpg""]",8,2025-12-09 07:25:05.239380
books_7221a87ee4,https://www.olx.in/item/books-c453-verbal-ability-and-reading-comprehension-in-parvat-patiya-surat-iid-1827943924,Verbal ability and reading comprehension,CAT books for exam preparation - Books,570,"[""/content/drive/MyDrive/olx_books_dataset/images/books_7221a87ee4/1.jpg"", ""/content/drive/MyDrive/olx_books_dataset/images/books_7221a87ee4/2.jpg"", ""/content/drive/MyDrive/olx_books_dataset/images/books_7221a87ee4/3.jpg"", ""/content/drive/MyDrive/olx_books_dataset/images/books_7221a87ee4/4.jpg"", ""/content/drive/MyDrive/olx_books_dataset/images/books_7221a87ee4/5.jpg"", ""/content/drive/MyDrive/olx_books_dataset/images/books_7221a87ee4/6.jpg"", ""/content/drive/MyDrive/olx_books_dataset/images/books_7221a87ee4/7.jpg"", ""/content/drive/MyDrive/olx_books_dataset/images/books_7221a87ee4/8.jpg""]",8,2025-12-09 07:25:53.248539
books_54d350b3c0,https://www.olx.in/item/books-c453-pinnacle-ssc-books-in-behala-kolkata-iid-1828690910,Pinnacle SSC books,Great for self study - Books,2000,"[""/content/drive/MyDrive/olx_books_dataset/images/books_54d350b3c0/1.jpg"", ""/content/drive/MyDrive/olx_books_dataset/images/books_54d350b3c0/2.jpg"", ""/content/drive/MyDrive/olx_books_dataset/images/books_54d350b3c0/3.jpg"", ""/content/drive/MyDrive/olx_books_dataset/images/books_54d350b3c0/4.jpg"", ""/content/drive/MyDrive/olx_books_dataset/images/books_54d350b3c0/5.jpg"", ""/content/drive/MyDrive/olx_books_dataset/images/books_54d350b3c0/6.jpg"", ""/content/drive/MyDrive/olx_books_dataset/images/books_54d350b3c0/7.jpg"", ""/content/drive/MyDrive/olx_books_dataset/images/books_54d350b3c0/8.jpg""]",8,2025-12-09 07:26:50.514083
books_5dd0c3177d,https://www.olx.in/item/books-c453-pw-arjun-module-class-11-in-purvi-lohanipur-patna-iid-1828690030,PW Arjun Module Class 11,All physics chemistry and maths module of Arjun jee class 11 . Now All physics chemistry and maths module of Lakshya Class 12 are also available. - Books,1500,"[""/content/drive/MyDrive/olx_books_dataset/images/books_5dd0c3177d/1.jpg"", ""/content/drive/MyDrive/olx_books_dataset/images/books_5dd0c3177d/2.jpg"", ""/content/drive/MyDrive/olx_books_dataset/images/books_5dd0c3177d/3.jpg"", ""/content/drive/MyDrive/olx_books_dataset/images/books_5dd0c3177d/4.jpg"", ""/content/drive/MyDrive/olx_books_dataset/images/books_5dd0c3177d/5.jpg"", ""/content/drive/MyDrive/olx_books_dataset/images/books_5dd0c3177d/6.jpg"", ""/content/drive/MyDrive/olx_books_dataset/images/books_5dd0c3177d/7.jpg"", ""/content/drive/MyDrive/olx_books_dataset/images/books_5dd0c3177d/8.jpg""]",8,2025-12-09 07:27:38.331611
books_7741515fad,https://www.olx.in/item/books-c453-paper-tray-in-kurla-west-mumbai-iid-1828696658,Paper tray,Paper tray organizer black document file paper - Books,500,"[""/content/drive/MyDrive/olx_books_dataset/images/books_7741515fad/1.jpg"", ""/content/drive/MyDrive/olx_books_dataset/images/books_7741515fad/2.jpg"", ""/content/drive/MyDrive/olx_books_dataset/images/books_7741515fad/3.jpg"", ""/content/drive/MyDrive/olx_books_dataset/images/books_7741515fad/4.jpg"", ""/content/drive/MyDrive/olx_books_dataset/images/books_7741515fad/5.jpg"", ""/content/drive/MyDrive/olx_books_dataset/images/books_7741515fad/6.jpg"", ""/content/drive/MyDrive/olx_books_dataset/images/books_7741515fad/7.jpg"", ""/content/drive/MyDrive/olx_books_dataset/images/books_7741515fad/8.jpg""]",8,2025-12-09 07:27:44.216083
books_fa7067df18,https://www.olx.in/item/books-c453-physics-class-11-books-ncert-in-kishangarh-delhi-iid-1828690678,Physics class 11 books ncert,I m selling my class 11th physics books part 1 and part 2 NCERT - Books,200,"[""/content/drive/MyDrive/olx_books_dataset/images/books_fa7067df18/1.jpg"", ""/content/drive/MyDrive/olx_books_dataset/images/books_fa7067df18/2.jpg"", ""/content/drive/MyDrive/olx_books_dataset/images/books_fa7067df18/3.jpg"", ""/content/drive/MyDrive/olx_books_dataset/images/books_fa7067df18/4.jpg"", ""/content/drive/MyDrive/olx_books_dataset/images/books_fa7067df18/5.jpg"", ""/content/drive/MyDrive/olx_books_dataset/images/books_fa7067df18/6.jpg"", ""/content/drive/MyDrive/olx_books_dataset/images/books_fa7067df18/7.jpg"", ""/content/drive/MyDrive/olx_books_dataset/images/books_fa7067df18/8.jpg""]",8,2025-12-09 07:29:12.719765
books_eda98275a7,https://www.olx.in/item/books-c453-ncert-boster-class-11th-12th-both-2-books-in-pir-kokate-nagar-latur-iid-1828692087,NCERT BOSTER CLASS 11th & 12th (BOTH) 2 BOOKS,NCERT BOSTER CLASS 11th & 12th (BOTH) BOOKS - Books,1000,"[""/content/drive/MyDrive/olx_books_dataset/images/books_eda98275a7/1.jpg"", ""/content/drive/MyDrive/olx_books_dataset/images/books_eda98275a7/2.jpg"", ""/content/drive/MyDrive/olx_books_dataset/images/books_eda98275a7/3.jpg"", ""/content/drive/MyDrive/olx_books_dataset/images/books_eda98275a7/4.jpg"", ""/content/drive/MyDrive/olx_books_dataset/images/books_eda98275a7/5.jpg"", ""/content/drive/MyDrive/olx_books_dataset/images/books_eda98275a7/6.jpg"", ""/content/drive/MyDrive/olx_books_dataset/images/books_eda98275a7/7.jpg"", ""/content/drive/MyDrive/olx_books_dataset/images/books_eda98275a7/8.jpg""]",8,2025-12-09 07:34:24.101508
books_3fa907415b,https://www.olx.in/item/books-c453-bssc-cgl-mains-prelims-complete-guide-in-khajpura-patna-iid-1828691868,Bssc cgl mains + prelims complete guide,Brand new unused book. - Books,800,"[""/content/drive/MyDrive/olx_books_dataset/images/books_3fa907415b/1.jpg"", ""/content/drive/MyDrive/olx_books_dataset/images/books_3fa907415b/2.jpg"", ""/content/drive/MyDrive/olx_books_dataset/images/books_3fa907415b/3.jpg"", ""/content/drive/MyDrive/olx_books_dataset/images/books_3fa907415b/4.jpg"", ""/content/drive/MyDrive/olx_books_dataset/images/books_3fa907415b/5.jpg"", ""/content/drive/MyDrive/olx_books_dataset/images/books_3fa907415b/6.jpg"", ""/content/drive/MyDrive/olx_books_dataset/images/books_3fa907415b/7.jpg"", ""/content/drive/MyDrive/olx_books_dataset/images/books_3fa907415b/8.jpg""]",8,2025-12-09 07:34:30.938034
books_f2c7ab8508,https://www.olx.in/item/books-c453-naruto-volume-1-in-bapane-navghar-manikpur-iid-1828691957,Naruto volume 1,Manga of good quality - Books,120,"[""/content/drive/MyDrive/olx_books_dataset/images/books_f2c7ab8508/1.jpg"", ""/content/drive/MyDrive/olx_books_dataset/images/books_f2c7ab8508/2.jpg"", ""/content/drive/MyDrive/olx_books_dataset/images/books_f2c7ab8508/3.jpg"", ""/content/drive/MyDrive/olx_books_dataset/images/books_f2c7ab8508/4.jpg"", ""/content/drive/MyDrive/olx_books_dataset/images/books_f2c7ab8508/5.jpg"", ""/content/drive/MyDrive/olx_books_dataset/images/books_f2c7ab8508/6.jpg"", ""/content/drive/MyDrive/olx_books_dataset/images/books_f2c7ab8508/7.jpg"", ""/content/drive/MyDrive/olx_books_dataset/images/books_f2c7ab8508/8.jpg""]",8,2025-12-09 07:35:17.899278
books_5656c01d4d,https://www.olx.in/item/books-c453-new-books-for-sale-in-shivaji-enclave-delhi-iid-1828696967,New books for sale,For SALE GC LEONG + Atlas 100 Ethics 150 3 ring file in good condition 70 Soft board + Pin 250 Sanjiv Verma100 TN board economics 200 - Books,100,"[""/content/drive/MyDrive/olx_books_dataset/images/books_5656c01d4d/1.jpg"", ""/content/drive/MyDrive/olx_books_dataset/images/books_5656c01d4d/2.jpg"", ""/content/drive/MyDrive/olx_books_dataset/images/books_5656c01d4d/3.jpg"", ""/content/drive/MyDrive/olx_books_dataset/images/books_5656c01d4d/4.jpg"", ""/content/drive/MyDrive/olx_books_dataset/images/books_5656c01d4d/5.jpg"", ""/content/drive/MyDrive/olx_books_dataset/images/books_5656c01d4d/6.jpg"", ""/content/drive/MyDrive/olx_books_dataset/images/books_5656c01d4d/7.jpg"", ""/content/drive/MyDrive/olx_books_dataset/images/books_5656c01d4d/8.jpg""]",8,2025-12-09 07:36:49.178728
books_7737d7006c,https://www.olx.in/item/books-c453-bpl-television-in-mayur-vihar-phase-3-delhi-iid-1826600679,BPL Television,Lastly 1800 - Books,2000,"[""/content/drive/MyDrive/olx_books_dataset/images/books_7737d7006c/1.jpg"", ""/content/drive/MyDrive/olx_books_dataset/images/books_7737d7006c/2.jpg"", ""/content/drive/MyDrive/olx_books_dataset/images/books_7737d7006c/3.jpg"", ""/content/drive/MyDrive/olx_books_dataset/images/books_7737d7006c/4.jpg"", ""/content/drive/MyDrive/olx_books_dataset/images/books_7737d7006c/5.jpg"", ""/content/drive/MyDrive/olx_books_dataset/images/books_7737d7006c/6.jpg"", ""/content/drive/MyDrive/olx_books_dataset/images/books_7737d7006c/7.jpg"", ""/content/drive/MyDrive/olx_books_dataset/images/books_7737d7006c/8.jpg""]",8,2025-12-09 07:37:35.218143
books_62f9941bcc,https://www.olx.in/item/books-c453-law-all-bare-acts-new-set-in-dwarka-sector-7-delhi-iid-1828697402,Law all bare acts new set,Mainely purchased to aibe - Books,2000,"[""/content/drive/MyDrive/olx_books_dataset/images/books_62f9941bcc/1.jpg"", ""/content/drive/MyDrive/olx_books_dataset/images/books_62f9941bcc/2.jpg"", ""/content/drive/MyDrive/olx_books_dataset/images/books_62f9941bcc/3.jpg"", ""/content/drive/MyDrive/olx_books_dataset/images/books_62f9941bcc/4.jpg"", ""/content/drive/MyDrive/olx_books_dataset/images/books_62f9941bcc/5.jpg"", ""/content/drive/MyDrive/olx_books_dataset/images/books_62f9941bcc/6.jpg"", ""/content/drive/MyDrive/olx_books_dataset/images/books_62f9941bcc/7.jpg"", ""/content/drive/MyDrive/olx_books_dataset/images/books_62f9941bcc/8.jpg""]",8,2025-12-09 07:37:42.308829
books_054f1aef16,https://www.olx.in/item/books-c453-self-help-book-in-arya-nagar-haridwar-iid-1828697840,Self help book,Set of 4 book in 350 only - Books,350,"[""/content/drive/MyDrive/olx_books_dataset/images/books_054f1aef16/1.jpg"", ""/content/drive/MyDrive/olx_books_dataset/images/books_054f1aef16/2.jpg"", ""/content/drive/MyDrive/olx_books_dataset/images/books_054f1aef16/3.jpg"", ""/content/drive/MyDrive/olx_books_dataset/images/books_054f1aef16/4.jpg"", ""/content/drive/MyDrive/olx_books_dataset/images/books_054f1aef16/5.jpg"", ""/content/drive/MyDrive/olx_books_dataset/images/books_054f1aef16/6.jpg"", ""/content/drive/MyDrive/olx_books_dataset/images/books_054f1aef16/7.jpg"", ""/content/drive/MyDrive/olx_books_dataset/images/books_054f1aef16/8.jpg""]",8,2025-12-09 07:39:56.445695
books_217e11f7a9,https://www.olx.in/item/books-c453-gstdhldludky-in-south-chitragupt-nagar-patna-iid-1828694363,Gstdhldludky,Kgzoduli8f - Books,250,"[""/content/drive/MyDrive/olx_books_dataset/images/books_217e11f7a9/1.jpg"", ""/content/drive/MyDrive/olx_books_dataset/images/books_217e11f7a9/2.jpg"", ""/content/drive/MyDrive/olx_books_dataset/images/books_217e11f7a9/3.jpg"", ""/content/drive/MyDrive/olx_books_dataset/images/books_217e11f7a9/4.jpg"", ""/content/drive/MyDrive/olx_books_dataset/images/books_217e11f7a9/5.jpg"", ""/content/drive/MyDrive/olx_books_dataset/images/books_217e11f7a9/6.jpg"", ""/content/drive/MyDrive/olx_books_dataset/images/books_217e11f7a9/7.jpg"", ""/content/drive/MyDrive/olx_books_dataset/images/books_217e11f7a9/8.jpg""]",8,2025-12-09 07:40:42.409345
books_0e6f8b366b,https://www.olx.in/item/books-c453-play-with-graphs-jee-maths-by-amit-m-aggarwal-sir-in-sangam-vihar-delhi-iid-1828687146,Play with graphs jee maths by Amit m aggarwal sir,Hey guys I am selling this book at most affordable price - Books,150,"[""/content/drive/MyDrive/olx_books_dataset/images/books_0e6f8b366b/1.jpg"", ""/content/drive/MyDrive/olx_books_dataset/images/books_0e6f8b366b/2.jpg"", ""/content/drive/MyDrive/olx_books_dataset/images/books_0e6f8b366b/3.jpg"", ""/content/drive/MyDrive/olx_books_dataset/images/books_0e6f8b366b/4.jpg"", ""/content/drive/MyDrive/olx_books_dataset/images/books_0e6f8b366b/5.jpg"", ""/content/drive/MyDrive/olx_books_dataset/images/books_0e6f8b366b/6.jpg"", ""/content/drive/MyDrive/olx_books_dataset/images/books_0e6f8b366b/7.jpg"", ""/content/drive/MyDrive/olx_books_dataset/images/books_0e6f8b366b/8.jpg""]",8,2025-12-09 07:42:56.942988
books_d60f412df7,https://www.olx.in/item/books-c453-my-hero-acedamic-volume-3-in-behlana-chandigarh-iid-1827939749,My hero acedamic volume 3,Manga of my hero academic - Books,1000,"[""/content/drive/MyDrive/olx_books_dataset/images/books_d60f412df7/1.jpg"", ""/content/drive/MyDrive/olx_books_dataset/images/books_d60f412df7/2.jpg"", ""/content/drive/MyDrive/olx_books_dataset/images/books_d60f412df7/3.jpg"", ""/content/drive/MyDrive/olx_books_dataset/images/books_d60f412df7/4.jpg"", ""/content/drive/MyDrive/olx_books_dataset/images/books_d60f412df7/5.jpg"", ""/content/drive/MyDrive/olx_books_dataset/images/books_d60f412df7/6.jpg"", ""/content/drive/MyDrive/olx_books_dataset/images/books_d60f412df7/7.jpg"", ""/content/drive/MyDrive/olx_books_dataset/images/books_d60f412df7/8.jpg""]",8,2025-12-09 07:44:27.556315
books_58b6905543,https://www.olx.in/item/books-c453-unilateral-synthetic-bone-set-in-saraspur-ahmedabad-iid-1828688371,Books in Saraspur,Buy and sell second hand Books in Saraspur. OLX provides the best Free Online Classified Advertising in India.,15000,"[""/content/drive/MyDrive/olx_books_dataset/images/books_58b6905543/1.jpg"", ""/content/drive/MyDrive/olx_books_dataset/images/books_58b6905543/2.jpg"", ""/content/drive/MyDrive/olx_books_dataset/images/books_58b6905543/3.jpg"", ""/content/drive/MyDrive/olx_books_dataset/images/books_58b6905543/4.jpg"", ""/content/drive/MyDrive/olx_books_dataset/images/books_58b6905543/5.jpg"", ""/content/drive/MyDrive/olx_books_dataset/images/books_58b6905543/6.jpg"", ""/content/drive/MyDrive/olx_books_dataset/images/books_58b6905543/7.jpg"", ""/content/drive/MyDrive/olx_books_dataset/images/books_58b6905543/8.jpg"", ""/content/drive/MyDrive/olx_books_dataset/images/books_58b6905543/9.jpg"", ""/content/drive/MyDrive/olx_books_dataset/images/books_58b6905543/10.jpg"", ""/content/drive/MyDrive/olx_books_dataset/images/books_58b6905543/11.jpg"", ""/content/drive/MyDrive/olx_books_dataset/images/books_58b6905543/12.jpg"", ""/content/drive/MyDrive/olx_books_dataset/images/books_58b6905543/13.jpg"", ""/content/drive/MyDrive/olx_books_dataset/images/books_58b6905543/14.jpg"", ""/content/drive/MyDrive/olx_books_dataset/images/books_58b6905543/15.jpg"", ""/content/drive/MyDrive/olx_books_dataset/images/books_58b6905543/16.jpg"", ""/content/drive/MyDrive/olx_books_dataset/images/books_58b6905543/17.jpg"", ""/content/drive/MyDrive/olx_books_dataset/images/books_58b6905543/18.jpg"", ""/content/drive/MyDrive/olx_books_dataset/images/books_58b6905543/19.jpg"", ""/content/drive/MyDrive/olx_books_dataset/images/books_58b6905543/20.jpg"", ""/content/drive/MyDrive/olx_books_dataset/images/books_58b6905543/21.jpg"", ""/content/drive/MyDrive/olx_books_dataset/images/books_58b6905543/22.jpg"", ""/content/drive/MyDrive/olx_books_dataset/images/books_58b6905543/23.jpg"", ""/content/drive/MyDrive/olx_books_dataset/images/books_58b6905543/24.jpg"", ""/content/drive/MyDrive/olx_books_dataset/images/books_58b6905543/25.jpg"", ""/content/drive/MyDrive/olx_books_dataset/images/books_58b6905543/26.jpg"", ""/content/drive/MyDrive/olx_books_dataset/images/books_58b6905543/27.jpg"", ""/content/drive/MyDrive/olx_books_dataset/images/books_58b6905543/28.jpg"", ""/content/drive/MyDrive/olx_books_dataset/images/books_58b6905543/29.jpg"", ""/content/drive/MyDrive/olx_books_dataset/images/books_58b6905543/30.jpg"", ""/content/drive/MyDrive/olx_books_dataset/images/books_58b6905543/31.jpg"", ""/content/drive/MyDrive/olx_books_dataset/images/books_58b6905543/32.jpg"", ""/content/drive/MyDrive/olx_books_dataset/images/books_58b6905543/33.jpg"", ""/content/drive/MyDrive/olx_books_dataset/images/books_58b6905543/34.jpg"", ""/content/drive/MyDrive/olx_books_dataset/images/books_58b6905543/35.jpg"", ""/content/drive/MyDrive/olx_books_dataset/images/books_58b6905543/36.jpg"", ""/content/drive/MyDrive/olx_books_dataset/images/books_58b6905543/37.jpg"", ""/content/drive/MyDrive/olx_books_dataset/images/books_58b6905543/38.jpg"", ""/content/drive/MyDrive/olx_books_dataset/images/books_58b6905543/39.jpg"", ""/content/drive/MyDrive/olx_books_dataset/images/books_58b6905543/40.jpg"", ""/content/drive/MyDrive/olx_books_dataset/images/books_58b6905543/41.jpg"", ""/content/drive/MyDrive/olx_books_dataset/images/books_58b6905543/42.jpg"", ""/content/drive/MyDrive/olx_books_dataset/images/books_58b6905543/43.jpg"", ""/content/drive/MyDrive/olx_books_dataset/images/books_58b6905543/44.jpg"", ""/content/drive/MyDrive/olx_books_dataset/images/books_58b6905543/45.jpg"", ""/content/drive/MyDrive/olx_books_dataset/images/books_58b6905543/46.jpg"", ""/content/drive/MyDrive/olx_books_dataset/images/books_58b6905543/47.jpg"", ""/content/drive/MyDrive/olx_books_dataset/images/books_58b6905543/48.jpg"", ""/content/drive/MyDrive/olx_books_dataset/images/books_58b6905543/49.jpg"", ""/content/drive/MyDrive/olx_books_dataset/images/books_58b6905543/50.jpg""]",50,2025-12-09 07:45:18.537682
books_f5199daf2b,https://www.olx.in/item/books-c453-pls-buy-my-first-selling-thing-in-navagraha-hills-guwahati-iid-1828680133,Pls buy my first selling thing,Silver pokemon card - Books,200,"[""/content/drive/MyDrive/olx_books_dataset/images/books_f5199daf2b/1.jpg"", ""/content/drive/MyDrive/olx_books_dataset/images/books_f5199daf2b/2.jpg"", ""/content/drive/MyDrive/olx_books_dataset/images/books_f5199daf2b/3.jpg"", ""/content/drive/MyDrive/olx_books_dataset/images/books_f5199daf2b/4.jpg"", ""/content/drive/MyDrive/olx_books_dataset/images/books_f5199daf2b/5.jpg"", ""/content/drive/MyDrive/olx_books_dataset/images/books_f5199daf2b/6.jpg"", ""/content/drive/MyDrive/olx_books_dataset/images/books_f5199daf2b/7.jpg"", ""/content/drive/MyDrive/olx_books_dataset/images/books_f5199daf2b/8.jpg""]",8,2025-12-09 07:46:05.224639
books_e6e0c7a7d7,https://www.olx.in/item/books-c453-10th-class-ncert-books-achiever-guides-full-set-good-condition-in-durashpora-handwara-iid-1828679986,10th Class NCERT Books + Achiever Guides – Full Set – Good Condition,10th Class NCERT books + Achiever guide books full set for sale. • All books clean & well-kept • No torn pages • Notes included (if any) • Perfect for next session Location: Srinagar Price slightly negotiable. - Books,600,"[""/content/drive/MyDrive/olx_books_dataset/images/books_e6e0c7a7d7/1.jpg"", ""/content/drive/MyDrive/olx_books_dataset/images/books_e6e0c7a7d7/2.jpg"", ""/content/drive/MyDrive/olx_books_dataset/images/books_e6e0c7a7d7/3.jpg"", ""/content/drive/MyDrive/olx_books_dataset/images/books_e6e0c7a7d7/4.jpg"", ""/content/drive/MyDrive/olx_books_dataset/images/books_e6e0c7a7d7/5.jpg"", ""/content/drive/MyDrive/olx_books_dataset/images/books_e6e0c7a7d7/6.jpg"", ""/content/drive/MyDrive/olx_books_dataset/images/books_e6e0c7a7d7/7.jpg"", ""/content/drive/MyDrive/olx_books_dataset/images/books_e6e0c7a7d7/8.jpg""]",8,2025-12-09 07:46:12.379703
books_11545f1ce4,https://www.olx.in/item/books-c453-10-th-class-book-english-medium-in-ram-nagar-kurukshetra-iid-1828684515,10 th class Book english medium,I am 12 th class because 10 th class Book not warthed - Books,200,"[""/content/drive/MyDrive/olx_books_dataset/images/books_11545f1ce4/1.jpg"", ""/content/drive/MyDrive/olx_books_dataset/images/books_11545f1ce4/2.jpg"", ""/content/drive/MyDrive/olx_books_dataset/images/books_11545f1ce4/3.jpg"", ""/content/drive/MyDrive/olx_books_dataset/images/books_11545f1ce4/4.jpg"", ""/content/drive/MyDrive/olx_books_dataset/images/books_11545f1ce4/5.jpg"", ""/content/drive/MyDrive/olx_books_dataset/images/books_11545f1ce4/6.jpg"", ""/content/drive/MyDrive/olx_books_dataset/images/books_11545f1ce4/7.jpg"", ""/content/drive/MyDrive/olx_books_dataset/images/books_11545f1ce4/8.jpg"", ""/content/drive/MyDrive/olx_books_dataset/images/books_11545f1ce4/9.jpg"", ""/content/drive/MyDrive/olx_books_dataset/images/books_11545f1ce4/10.jpg"", ""/content/drive/MyDrive/olx_books_dataset/images/books_11545f1ce4/11.jpg"", ""/content/drive/MyDrive/olx_books_dataset/images/books_11545f1ce4/12.jpg"", ""/content/drive/MyDrive/olx_books_dataset/images/books_11545f1ce4/13.jpg"", ""/content/drive/MyDrive/olx_books_dataset/images/books_11545f1ce4/14.jpg""]",14,2025-12-09 07:47:00.557096
books_b74ca463ea,https://www.olx.in/item/books-c453-jee-mains-physics-pyq-hindi-medium-arihant-publication-in-mahaveer-nagar-1-kota-iid-1828137700,JEE mains Physics Pyq Hindi medium Arihant publication,"(New book ) Jee mains 15 years pyq 2010-24 New without any tick I'm neet aspirant so I have no time for 14 yrs pyq so I just ordered it new from Amazon and did not attempt even a single tick or question, so I am selling it. - Books",150,"[""/content/drive/MyDrive/olx_books_dataset/images/books_b74ca463ea/1.jpg"", ""/content/drive/MyDrive/olx_books_dataset/images/books_b74ca463ea/2.jpg"", ""/content/drive/MyDrive/olx_books_dataset/images/books_b74ca463ea/3.jpg"", ""/content/drive/MyDrive/olx_books_dataset/images/books_b74ca463ea/4.jpg"", ""/content/drive/MyDrive/olx_books_dataset/images/books_b74ca463ea/5.jpg"", ""/content/drive/MyDrive/olx_books_dataset/images/books_b74ca463ea/6.jpg"", ""/content/drive/MyDrive/olx_books_dataset/images/books_b74ca463ea/7.jpg"", ""/content/drive/MyDrive/olx_books_dataset/images/books_b74ca463ea/8.jpg""]",8,2025-12-09 07:47:48.658183
books_114b6cca42,https://www.olx.in/item/books-c453-rare-comics-books-for-sale-in-nanganallur-macmillan-colony-chennai-iid-1828683904,RARE COMICS BOOKS FOR SALE,RARE COMICS BOOKS FOR SALE - Books,899,"[""/content/drive/MyDrive/olx_books_dataset/images/books_114b6cca42/1.jpg"", ""/content/drive/MyDrive/olx_books_dataset/images/books_114b6cca42/2.jpg"", ""/content/drive/MyDrive/olx_books_dataset/images/books_114b6cca42/3.jpg"", ""/content/drive/MyDrive/olx_books_dataset/images/books_114b6cca42/4.jpg"", ""/content/drive/MyDrive/olx_books_dataset/images/books_114b6cca42/5.jpg"", ""/content/drive/MyDrive/olx_books_dataset/images/books_114b6cca42/6.jpg"", ""/content/drive/MyDrive/olx_books_dataset/images/books_114b6cca42/7.jpg"", ""/content/drive/MyDrive/olx_books_dataset/images/books_114b6cca42/8.jpg""]",8,2025-12-09 07:48:35.658568
books_7e9e697bd4,https://www.olx.in/item/books-c453-books-stock-upto-90-discount-in-syed-nagar-hyderabad-iid-1828687195,Books stock upto 90% discount,Books business stock for sale upto 90% discount - Books,99,"[""/content/drive/MyDrive/olx_books_dataset/images/books_7e9e697bd4/1.jpg"", ""/content/drive/MyDrive/olx_books_dataset/images/books_7e9e697bd4/2.jpg"", ""/content/drive/MyDrive/olx_books_dataset/images/books_7e9e697bd4/3.jpg"", ""/content/drive/MyDrive/olx_books_dataset/images/books_7e9e697bd4/4.jpg"", ""/content/drive/MyDrive/olx_books_dataset/images/books_7e9e697bd4/5.jpg"", ""/content/drive/MyDrive/olx_books_dataset/images/books_7e9e697bd4/6.jpg"", ""/content/drive/MyDrive/olx_books_dataset/images/books_7e9e697bd4/7.jpg"", ""/content/drive/MyDrive/olx_books_dataset/images/books_7e9e697bd4/8.jpg""]",8,2025-12-09 07:48:45.387526
books_4eb8ac7df0,https://www.olx.in/item/books-c453-cuetug-general-test-languages-book-in-khojwa-nai-bazar-varanasi-iid-1828688940,"CUET(UG) General Test, Languages Book",In best condition to learn.. - Books,400,"[""/content/drive/MyDrive/olx_books_dataset/images/books_4eb8ac7df0/1.jpg"", ""/content/drive/MyDrive/olx_books_dataset/images/books_4eb8ac7df0/2.jpg"", ""/content/drive/MyDrive/olx_books_dataset/images/books_4eb8ac7df0/3.jpg"", ""/content/drive/MyDrive/olx_books_dataset/images/books_4eb8ac7df0/4.jpg"", ""/content/drive/MyDrive/olx_books_dataset/images/books_4eb8ac7df0/5.jpg"", ""/content/drive/MyDrive/olx_books_dataset/images/books_4eb8ac7df0/6.jpg"", ""/content/drive/MyDrive/olx_books_dataset/images/books_4eb8ac7df0/7.jpg"", ""/content/drive/MyDrive/olx_books_dataset/images/books_4eb8ac7df0/8.jpg""]",8,2025-12-09 07:50:13.746400
books_4036d54c2c,https://www.olx.in/item/books-c453-best-photo-collage-in-bikaner-in-kk-colony-bikaner-iid-1828682698,Best photo collage in bikaner,Best Customised photo collage - Books,300,"[""/content/drive/MyDrive/olx_books_dataset/images/books_4036d54c2c/1.jpg"", ""/content/drive/MyDrive/olx_books_dataset/images/books_4036d54c2c/2.jpg"", ""/content/drive/MyDrive/olx_books_dataset/images/books_4036d54c2c/3.jpg"", ""/content/drive/MyDrive/olx_books_dataset/images/books_4036d54c2c/4.jpg"", ""/content/drive/MyDrive/olx_books_dataset/images/books_4036d54c2c/5.jpg"", ""/content/drive/MyDrive/olx_books_dataset/images/books_4036d54c2c/6.jpg"", ""/content/drive/MyDrive/olx_books_dataset/images/books_4036d54c2c/7.jpg"", ""/content/drive/MyDrive/olx_books_dataset/images/books_4036d54c2c/8.jpg""]",8,2025-12-09 07:57:34.790244
books_92660b024b,https://www.olx.in/item/books-c453-bhrugu-samhita-shree-ramcharitamanas-in-nandapada-sambalpur-iid-1828680572,Bhrugu Samhita & Shree Ramcharitamanas,Bhrugu Samhita is an astrological book with 4 parts. Ramcharitamanas is a Holy Book of Spirituality. All books are printed from Gita Press Gorakhpur and all books are in Odia Letter. Every book is in very good condition. - Books,750,"[""/content/drive/MyDrive/olx_books_dataset/images/books_92660b024b/1.jpg"", ""/content/drive/MyDrive/olx_books_dataset/images/books_92660b024b/2.jpg"", ""/content/drive/MyDrive/olx_books_dataset/images/books_92660b024b/3.jpg"", ""/content/drive/MyDrive/olx_books_dataset/images/books_92660b024b/4.jpg"", ""/content/drive/MyDrive/olx_books_dataset/images/books_92660b024b/5.jpg"", ""/content/drive/MyDrive/olx_books_dataset/images/books_92660b024b/6.jpg"", ""/content/drive/MyDrive/olx_books_dataset/images/books_92660b024b/7.jpg"", ""/content/drive/MyDrive/olx_books_dataset/images/books_92660b024b/8.jpg""]",8,2025-12-09 07:57:41.616139
books_74e5edabdd,https://www.olx.in/item/books-c453-rs-agrawal-quantative-aptitude-and-reasoning-book-in-lavkush-puram-kanpur-iid-1828686001,RS AGRAWAL Quantative Aptitude And Reasoning Book,"Book look like new, not any page missing, single book Rs250 and both book Rs 400 Rupees only - Books",400,"[""/content/drive/MyDrive/olx_books_dataset/images/books_74e5edabdd/1.jpg"", ""/content/drive/MyDrive/olx_books_dataset/images/books_74e5edabdd/2.jpg"", ""/content/drive/MyDrive/olx_books_dataset/images/books_74e5edabdd/3.jpg"", ""/content/drive/MyDrive/olx_books_dataset/images/books_74e5edabdd/4.jpg"", ""/content/drive/MyDrive/olx_books_dataset/images/books_74e5edabdd/5.jpg"", ""/content/drive/MyDrive/olx_books_dataset/images/books_74e5edabdd/6.jpg"", ""/content/drive/MyDrive/olx_books_dataset/images/books_74e5edabdd/7.jpg"", ""/content/drive/MyDrive/olx_books_dataset/images/books_74e5edabdd/8.jpg""]",8,2025-12-09 07:57:48.262175
books_3e82d0eeaa,https://www.olx.in/item/books-c453-self-help-books-75-each-in-jawarhartola-jamshedpur-iid-1828110257,Self Help Books 75 Each,"Self Help Books, Investing, Finance, Money Etc - Books",75,"[""/content/drive/MyDrive/olx_books_dataset/images/books_3e82d0eeaa/1.jpg"", ""/content/drive/MyDrive/olx_books_dataset/images/books_3e82d0eeaa/2.jpg"", ""/content/drive/MyDrive/olx_books_dataset/images/books_3e82d0eeaa/3.jpg"", ""/content/drive/MyDrive/olx_books_dataset/images/books_3e82d0eeaa/4.jpg"", ""/content/drive/MyDrive/olx_books_dataset/images/books_3e82d0eeaa/5.jpg"", ""/content/drive/MyDrive/olx_books_dataset/images/books_3e82d0eeaa/6.jpg"", ""/content/drive/MyDrive/olx_books_dataset/images/books_3e82d0eeaa/7.jpg"", ""/content/drive/MyDrive/olx_books_dataset/images/books_3e82d0eeaa/8.jpg""]",8,2025-12-09 07:58:37.362282
books_f8301a8b9f,https://www.olx.in/item/books-c453-odia-dictionary-new-age-in-dhanupali-sambalpur-iid-1828688028,Odia dictionary new age,"Book name odia avidhan new age.. Best book for both correct word power,word meaning,use for essay I don't use one time ..new book ..new edition It also perfect for every class student - Books",700,"[""/content/drive/MyDrive/olx_books_dataset/images/books_f8301a8b9f/1.jpg"", ""/content/drive/MyDrive/olx_books_dataset/images/books_f8301a8b9f/2.jpg"", ""/content/drive/MyDrive/olx_books_dataset/images/books_f8301a8b9f/3.jpg"", ""/content/drive/MyDrive/olx_books_dataset/images/books_f8301a8b9f/4.jpg"", ""/content/drive/MyDrive/olx_books_dataset/images/books_f8301a8b9f/5.jpg"", ""/content/drive/MyDrive/olx_books_dataset/images/books_f8301a8b9f/6.jpg"", ""/content/drive/MyDrive/olx_books_dataset/images/books_f8301a8b9f/7.jpg"", ""/content/drive/MyDrive/olx_books_dataset/images/books_f8301a8b9f/8.jpg""]",8,2025-12-09 07:58:42.953487
books_7f70687322,https://www.olx.in/item/books-c453-time-carrer-launcher-cat-exam-collection-in-apr-colony-katanga-jabalpur-iid-1828689129,TIME / Carrer Launcher CAT Exam Collection,Just charging 101 Rs so that you don't feel like you got all of this for free - This would maintain your self-respect. TIME and Career Launcher books collection for the CAT exam preparation. - Books,101,"[""/content/drive/MyDrive/olx_books_dataset/images/books_7f70687322/1.jpg"", ""/content/drive/MyDrive/olx_books_dataset/images/books_7f70687322/2.jpg"", ""/content/drive/MyDrive/olx_books_dataset/images/books_7f70687322/3.jpg"", ""/content/drive/MyDrive/olx_books_dataset/images/books_7f70687322/4.jpg"", ""/content/drive/MyDrive/olx_books_dataset/images/books_7f70687322/5.jpg"", ""/content/drive/MyDrive/olx_books_dataset/images/books_7f70687322/6.jpg"", ""/content/drive/MyDrive/olx_books_dataset/images/books_7f70687322/7.jpg"", ""/content/drive/MyDrive/olx_books_dataset/images/books_7f70687322/8.jpg""]",8,2025-12-09 07:58:49.093757
books_d94961d26d,https://www.olx.in/item/books-c453-class-9th-rd-sharma-mathematics-in-cementery-shimla-iid-1828686070,Class 9th R.D. Sharma Mathematics,Class 9th R.D. Sharma Mathematics Book 2020 edition in excellent condition - Books,200,"[""/content/drive/MyDrive/olx_books_dataset/images/books_d94961d26d/1.jpg"", ""/content/drive/MyDrive/olx_books_dataset/images/books_d94961d26d/2.jpg"", ""/content/drive/MyDrive/olx_books_dataset/images/books_d94961d26d/3.jpg"", ""/content/drive/MyDrive/olx_books_dataset/images/books_d94961d26d/4.jpg"", ""/content/drive/MyDrive/olx_books_dataset/images/books_d94961d26d/5.jpg"", ""/content/drive/MyDrive/olx_books_dataset/images/books_d94961d26d/6.jpg"", ""/content/drive/MyDrive/olx_books_dataset/images/books_d94961d26d/7.jpg"", ""/content/drive/MyDrive/olx_books_dataset/images/books_d94961d26d/8.jpg""]",8,2025-12-09 07:59:38.383419
books_05a37db2a3,https://www.olx.in/item/books-c453-it-ends-with-us-it-starts-with-us-in-veppur-arcot-iid-1828685057,It ends with us + It starts with us,"Selling two Colleen Hoover books in great conditions. No torn pages. Tiny doodles only in the first quarter of It ends with us. Nothing messy, doesn't affect reading at all. Perfect for book lovers, gifting and reading. Price negotiable. DM if interested !! - Books",280,"[""/content/drive/MyDrive/olx_books_dataset/images/books_05a37db2a3/1.jpg"", ""/content/drive/MyDrive/olx_books_dataset/images/books_05a37db2a3/2.jpg"", ""/content/drive/MyDrive/olx_books_dataset/images/books_05a37db2a3/3.jpg"", ""/content/drive/MyDrive/olx_books_dataset/images/books_05a37db2a3/4.jpg"", ""/content/drive/MyDrive/olx_books_dataset/images/books_05a37db2a3/5.jpg"", ""/content/drive/MyDrive/olx_books_dataset/images/books_05a37db2a3/6.jpg"", ""/content/drive/MyDrive/olx_books_dataset/images/books_05a37db2a3/7.jpg"", ""/content/drive/MyDrive/olx_books_dataset/images/books_05a37db2a3/8.jpg""]",8,2025-12-09 07:59:44.183945
books_953faf2f35,https://www.olx.in/item/books-c453-class-12-gaurav-jain-business-studies-almost-new-in-castle-wadi-nagar-verna-iid-1826596658,Class 12 Gaurav Jain Business Studies (Almost New),"Selling my Gaurav Jain Business Studies textbook for Class 12. The book is in excellent, like-new condition — no highlighting, no folded pages. Perfect for commerce students preparing for board exams and even business studies students Price: ₹250 Location: Goa DM for quick pickup.. - Books",250,"[""/content/drive/MyDrive/olx_books_dataset/images/books_953faf2f35/1.jpg"", ""/content/drive/MyDrive/olx_books_dataset/images/books_953faf2f35/2.jpg"", ""/content/drive/MyDrive/olx_books_dataset/images/books_953faf2f35/3.jpg"", ""/content/drive/MyDrive/olx_books_dataset/images/books_953faf2f35/4.jpg"", ""/content/drive/MyDrive/olx_books_dataset/images/books_953faf2f35/5.jpg"", ""/content/drive/MyDrive/olx_books_dataset/images/books_953faf2f35/6.jpg"", ""/content/drive/MyDrive/olx_books_dataset/images/books_953faf2f35/7.jpg"", ""/content/drive/MyDrive/olx_books_dataset/images/books_953faf2f35/8.jpg""]",8,2025-12-09 08:00:32.601550
books_3e4989e800,https://www.olx.in/item/books-c453-stray-kids-kpop-music-album-in-veerapuram-chengalpattu-taluka-mahindra-world-city-iid-1828689722,Stray Kids Kpop Music Album,"I have a Stray Kids “Go” album in excellent condition that I’d like to give to someone who truly appreciates them. It’s well maintained, damage-free, and ready to be enjoyed by a real fan. I am selling it because i would rather give it to someone who will use it better than I did - Books",4500,"[""/content/drive/MyDrive/olx_books_dataset/images/books_3e4989e800/1.jpg"", ""/content/drive/MyDrive/olx_books_dataset/images/books_3e4989e800/2.jpg"", ""/content/drive/MyDrive/olx_books_dataset/images/books_3e4989e800/3.jpg"", ""/content/drive/MyDrive/olx_books_dataset/images/books_3e4989e800/4.jpg"", ""/content/drive/MyDrive/olx_books_dataset/images/books_3e4989e800/5.jpg"", ""/content/drive/MyDrive/olx_books_dataset/images/books_3e4989e800/6.jpg"", ""/content/drive/MyDrive/olx_books_dataset/images/books_3e4989e800/7.jpg"", ""/content/drive/MyDrive/olx_books_dataset/images/books_3e4989e800/8.jpg""]",8,2025-12-09 08:02:01.625107
books_363032326e,https://www.olx.in/item/books-c453-biologyphysicschemistry-book-for-sale-class-1112-in-arithang-gangtok-iid-1828687534,Biology/Physics/Chemistry book for sale - Class 11/12,"Condition : 9.5/10 - Pages clean, not used, no writing, no fold marks, exactly like new Best for: # Class 12 Science # Neet Aspirants #Jee Aspirants Solid concepts, easy explaination, exam-oriented content Selling because: Already have another set Price: negotiatable Delivery available (extra shipping charges) First come, first serve. Book is literally unused -so don't miss. Price: 1.Pradeep's class 12 Physics book combo at rupees ₹1400 (real price ₹2240) 2. Pradeep's class 12 Biology book at ruppes ₹ 700 (real price ₹1390) 3. Arihant Dc pandey Jee main and advanced Physics book combo at rupees ₹890 (real price ₹1425) 4. Pradeep publication Chemistry class 12 book at rupees 650 (real price ₹1149) The notes and syllabus are the same... The only difference is the price... Be smart not expensive.. - Books",3640,"[""/content/drive/MyDrive/olx_books_dataset/images/books_363032326e/1.jpg"", ""/content/drive/MyDrive/olx_books_dataset/images/books_363032326e/2.jpg"", ""/content/drive/MyDrive/olx_books_dataset/images/books_363032326e/3.jpg"", ""/content/drive/MyDrive/olx_books_dataset/images/books_363032326e/4.jpg"", ""/content/drive/MyDrive/olx_books_dataset/images/books_363032326e/5.jpg"", ""/content/drive/MyDrive/olx_books_dataset/images/books_363032326e/6.jpg"", ""/content/drive/MyDrive/olx_books_dataset/images/books_363032326e/7.jpg"", ""/content/drive/MyDrive/olx_books_dataset/images/books_363032326e/8.jpg""]",8,2025-12-09 08:02:49.720396
books_705a52dfdb,https://www.olx.in/item/books-c453-wholesale-priceclassmate-copy-stationery-all-items-are-available-in-chandmari-guwahati-iid-1828681566,"Wholesale price.Classmate copy, stationery all items are available.",Wholesale price. - Books,25,"[""/content/drive/MyDrive/olx_books_dataset/images/books_705a52dfdb/1.jpg"", ""/content/drive/MyDrive/olx_books_dataset/images/books_705a52dfdb/2.jpg"", ""/content/drive/MyDrive/olx_books_dataset/images/books_705a52dfdb/3.jpg"", ""/content/drive/MyDrive/olx_books_dataset/images/books_705a52dfdb/4.jpg"", ""/content/drive/MyDrive/olx_books_dataset/images/books_705a52dfdb/5.jpg"", ""/content/drive/MyDrive/olx_books_dataset/images/books_705a52dfdb/6.jpg"", ""/content/drive/MyDrive/olx_books_dataset/images/books_705a52dfdb/7.jpg"", ""/content/drive/MyDrive/olx_books_dataset/images/books_705a52dfdb/8.jpg""]",8,2025-12-09 08:02:55.816490
books_0e27854227,https://www.olx.in/item/books-c453-allen-neet-modules-with-all-inclusions-in-sector-150-noida-iid-1828680399,Allen NEET Modules (with all inclusions),"I’m selling my Allen NEET modules for Class 11 and Class 12 (2024 edition). The set includes all major subjects required for NEET preparation (Physics, Chemistry & Biology) . Also includes the Race module which has questions based on every chapter. Condition: Mildly used – there are a few highlighted lines and some pencil markings, but everything is fully readable and in good usable condition. The content is still very useful for question practice, concept revision and self-study. Price: Willing to negotiate. Interested buyers can message for more details. - Books",1600,"[""/content/drive/MyDrive/olx_books_dataset/images/books_0e27854227/1.jpg"", ""/content/drive/MyDrive/olx_books_dataset/images/books_0e27854227/2.jpg"", ""/content/drive/MyDrive/olx_books_dataset/images/books_0e27854227/3.jpg"", ""/content/drive/MyDrive/olx_books_dataset/images/books_0e27854227/4.jpg"", ""/content/drive/MyDrive/olx_books_dataset/images/books_0e27854227/5.jpg"", ""/content/drive/MyDrive/olx_books_dataset/images/books_0e27854227/6.jpg"", ""/content/drive/MyDrive/olx_books_dataset/images/books_0e27854227/7.jpg"", ""/content/drive/MyDrive/olx_books_dataset/images/books_0e27854227/8.jpg""]",8,2025-12-09 08:03:01.658020
books_164a39c879,https://www.olx.in/item/books-c453-arjuna-jee-module-in-lok-vihar-ranchi-iid-1828680736,Arjuna jee module,Physics wallah Arjuna jee module edition 2025 Price negotiable - Books,1200,"[""/content/drive/MyDrive/olx_books_dataset/images/books_164a39c879/1.jpg"", ""/content/drive/MyDrive/olx_books_dataset/images/books_164a39c879/2.jpg"", ""/content/drive/MyDrive/olx_books_dataset/images/books_164a39c879/3.jpg"", ""/content/drive/MyDrive/olx_books_dataset/images/books_164a39c879/4.jpg"", ""/content/drive/MyDrive/olx_books_dataset/images/books_164a39c879/5.jpg"", ""/content/drive/MyDrive/olx_books_dataset/images/books_164a39c879/6.jpg"", ""/content/drive/MyDrive/olx_books_dataset/images/books_164a39c879/7.jpg"", ""/content/drive/MyDrive/olx_books_dataset/images/books_164a39c879/8.jpg""]",8,2025-12-09 08:03:09.006437
books_93eed68ef3,https://www.olx.in/item/books-c453-want-to-sell-stationery-shop-material-in-ratanpur-sadak-bhopal-iid-1828680756,Want to sell stationery shop material,Shifting to new place wholesale around 2 to 2.5 lakh material - Books,25,"[""/content/drive/MyDrive/olx_books_dataset/images/books_93eed68ef3/1.jpg"", ""/content/drive/MyDrive/olx_books_dataset/images/books_93eed68ef3/2.jpg"", ""/content/drive/MyDrive/olx_books_dataset/images/books_93eed68ef3/3.jpg"", ""/content/drive/MyDrive/olx_books_dataset/images/books_93eed68ef3/4.jpg"", ""/content/drive/MyDrive/olx_books_dataset/images/books_93eed68ef3/5.jpg"", ""/content/drive/MyDrive/olx_books_dataset/images/books_93eed68ef3/6.jpg"", ""/content/drive/MyDrive/olx_books_dataset/images/books_93eed68ef3/7.jpg"", ""/content/drive/MyDrive/olx_books_dataset/images/books_93eed68ef3/8.jpg""]",8,2025-12-09 08:03:56.631741
books_ca80044017,https://www.olx.in/item/books-c453-books-for-sale-in-industrial-development-colony-jalandhar-iid-1828689372,Books for sale,I am selling a book in good condition. easy to read and well maintained - Books,400,"[""/content/drive/MyDrive/olx_books_dataset/images/books_ca80044017/1.jpg"", ""/content/drive/MyDrive/olx_books_dataset/images/books_ca80044017/2.jpg"", ""/content/drive/MyDrive/olx_books_dataset/images/books_ca80044017/3.jpg"", ""/content/drive/MyDrive/olx_books_dataset/images/books_ca80044017/4.jpg"", ""/content/drive/MyDrive/olx_books_dataset/images/books_ca80044017/5.jpg"", ""/content/drive/MyDrive/olx_books_dataset/images/books_ca80044017/6.jpg"", ""/content/drive/MyDrive/olx_books_dataset/images/books_ca80044017/7.jpg"", ""/content/drive/MyDrive/olx_books_dataset/images/books_ca80044017/8.jpg""]",8,2025-12-09 08:05:27.192960
books_49bbac0ace,https://www.olx.in/item/books-c453-second-hand-book-in-kan-majra-126-rewari-iid-1828687134,second hand book,Second hand book - Books,200,"[""/content/drive/MyDrive/olx_books_dataset/images/books_49bbac0ace/1.jpg"", ""/content/drive/MyDrive/olx_books_dataset/images/books_49bbac0ace/2.jpg"", ""/content/drive/MyDrive/olx_books_dataset/images/books_49bbac0ace/3.jpg"", ""/content/drive/MyDrive/olx_books_dataset/images/books_49bbac0ace/4.jpg"", ""/content/drive/MyDrive/olx_books_dataset/images/books_49bbac0ace/5.jpg"", ""/content/drive/MyDrive/olx_books_dataset/images/books_49bbac0ace/6.jpg"", ""/content/drive/MyDrive/olx_books_dataset/images/books_49bbac0ace/7.jpg"", ""/content/drive/MyDrive/olx_books_dataset/images/books_49bbac0ace/8.jpg""]",8,2025-12-09 08:08:33.114935
books_737884d70e,https://www.olx.in/item/books-c453-english-communicative-cbse-class-10-in-kavadiguda-hyderabad-iid-1828689259,English communicative CBSE class 10,All in one Arihant English guide Very helpful for rapid revison - Books,400,"[""/content/drive/MyDrive/olx_books_dataset/images/books_737884d70e/1.jpg"", ""/content/drive/MyDrive/olx_books_dataset/images/books_737884d70e/2.jpg"", ""/content/drive/MyDrive/olx_books_dataset/images/books_737884d70e/3.jpg"", ""/content/drive/MyDrive/olx_books_dataset/images/books_737884d70e/4.jpg"", ""/content/drive/MyDrive/olx_books_dataset/images/books_737884d70e/5.jpg"", ""/content/drive/MyDrive/olx_books_dataset/images/books_737884d70e/6.jpg"", ""/content/drive/MyDrive/olx_books_dataset/images/books_737884d70e/7.jpg"", ""/content/drive/MyDrive/olx_books_dataset/images/books_737884d70e/8.jpg""]",8,2025-12-09 08:08:38.392380
books_1f0e5795bd,https://www.olx.in/item/books-c453-novel-tom-gates-in-airoli-navi-mumbai-iid-1828686035,Novel tom gates,Tom gates - genius ideas - Books,100,"[""/content/drive/MyDrive/olx_books_dataset/images/books_1f0e5795bd/1.jpg"", ""/content/drive/MyDrive/olx_books_dataset/images/books_1f0e5795bd/2.jpg"", ""/content/drive/MyDrive/olx_books_dataset/images/books_1f0e5795bd/3.jpg"", ""/content/drive/MyDrive/olx_books_dataset/images/books_1f0e5795bd/4.jpg"", ""/content/drive/MyDrive/olx_books_dataset/images/books_1f0e5795bd/5.jpg"", ""/content/drive/MyDrive/olx_books_dataset/images/books_1f0e5795bd/6.jpg"", ""/content/drive/MyDrive/olx_books_dataset/images/books_1f0e5795bd/7.jpg"", ""/content/drive/MyDrive/olx_books_dataset/images/books_1f0e5795bd/8.jpg""]",8,2025-12-09 08:08:45.019866
books_b43988fb53,https://www.olx.in/item/books-c453-biology-neet-fingertips-in-birup-itanagar-iid-1828687073,Biology neet fingertips,Biology neet fingertips - Books,499,"[""/content/drive/MyDrive/olx_books_dataset/images/books_b43988fb53/1.jpg"", ""/content/drive/MyDrive/olx_books_dataset/images/books_b43988fb53/2.jpg"", ""/content/drive/MyDrive/olx_books_dataset/images/books_b43988fb53/3.jpg"", ""/content/drive/MyDrive/olx_books_dataset/images/books_b43988fb53/4.jpg"", ""/content/drive/MyDrive/olx_books_dataset/images/books_b43988fb53/5.jpg"", ""/content/drive/MyDrive/olx_books_dataset/images/books_b43988fb53/6.jpg"", ""/content/drive/MyDrive/olx_books_dataset/images/books_b43988fb53/7.jpg"", ""/content/drive/MyDrive/olx_books_dataset/images/books_b43988fb53/8.jpg""]",8,2025-12-09 08:10:16.898067
books_56147f4bf8,https://www.olx.in/item/books-c453-educart-2024-class-12-th-accountancy-sample-question-paper-in-guru-govind-singh-ward-sagar-iid-1828689545,Educart 2024 class 12 th accountancy sample question paper,12 th sample ppr book - Books,100,"[""/content/drive/MyDrive/olx_books_dataset/images/books_56147f4bf8/1.jpg"", ""/content/drive/MyDrive/olx_books_dataset/images/books_56147f4bf8/2.jpg"", ""/content/drive/MyDrive/olx_books_dataset/images/books_56147f4bf8/3.jpg"", ""/content/drive/MyDrive/olx_books_dataset/images/books_56147f4bf8/4.jpg"", ""/content/drive/MyDrive/olx_books_dataset/images/books_56147f4bf8/5.jpg"", ""/content/drive/MyDrive/olx_books_dataset/images/books_56147f4bf8/6.jpg"", ""/content/drive/MyDrive/olx_books_dataset/images/books_56147f4bf8/7.jpg"", ""/content/drive/MyDrive/olx_books_dataset/images/books_56147f4bf8/8.jpg""]",8,2025-12-09 08:10:24.984720
books_2a9e5135e7,https://www.olx.in/item/books-c453-std-10th-navneet-21-most-likely-question-sets-2024-in-varale-talegaon-dabhade-iid-1828416847,Std 10th Navneet 21 most likely question sets 2024,Std 10th Navneet 21 most likely question sets 2024 1. Maths part 1 2. Maths part 2 3. Science and technology part 1 4. Science and technology part 2 5. History 6. Geography Total no. of books =6 Books are at good condition I am selling at half price. If you want contact with me. - Books,200,"[""/content/drive/MyDrive/olx_books_dataset/images/books_2a9e5135e7/1.jpg"", ""/content/drive/MyDrive/olx_books_dataset/images/books_2a9e5135e7/2.jpg"", ""/content/drive/MyDrive/olx_books_dataset/images/books_2a9e5135e7/3.jpg"", ""/content/drive/MyDrive/olx_books_dataset/images/books_2a9e5135e7/4.jpg"", ""/content/drive/MyDrive/olx_books_dataset/images/books_2a9e5135e7/5.jpg"", ""/content/drive/MyDrive/olx_books_dataset/images/books_2a9e5135e7/6.jpg"", ""/content/drive/MyDrive/olx_books_dataset/images/books_2a9e5135e7/7.jpg"", ""/content/drive/MyDrive/olx_books_dataset/images/books_2a9e5135e7/8.jpg""]",8,2025-12-09 08:11:55.722718
books_28f6f8e86f,https://www.olx.in/item/books-c453-kp-singh-reasoning-book-in-fazapur-gajraula-iid-1828687611,Kp Singh reasoning book,New book CGL level - Books,430,"[""/content/drive/MyDrive/olx_books_dataset/images/books_28f6f8e86f/1.jpg"", ""/content/drive/MyDrive/olx_books_dataset/images/books_28f6f8e86f/2.jpg"", ""/content/drive/MyDrive/olx_books_dataset/images/books_28f6f8e86f/3.jpg"", ""/content/drive/MyDrive/olx_books_dataset/images/books_28f6f8e86f/4.jpg"", ""/content/drive/MyDrive/olx_books_dataset/images/books_28f6f8e86f/5.jpg"", ""/content/drive/MyDrive/olx_books_dataset/images/books_28f6f8e86f/6.jpg"", ""/content/drive/MyDrive/olx_books_dataset/images/books_28f6f8e86f/7.jpg"", ""/content/drive/MyDrive/olx_books_dataset/images/books_28f6f8e86f/8.jpg""]",8,2025-12-09 08:12:02.657131
books_3491fad2d4,https://www.olx.in/item/books-c453-mbbs-neet-pg-books-in-jogeshwari-east-mumbai-iid-1828682617,"Mbbs, Neet pg books",Good condition - Books,7000,"[""/content/drive/MyDrive/olx_books_dataset/images/books_3491fad2d4/1.jpg"", ""/content/drive/MyDrive/olx_books_dataset/images/books_3491fad2d4/2.jpg"", ""/content/drive/MyDrive/olx_books_dataset/images/books_3491fad2d4/3.jpg"", ""/content/drive/MyDrive/olx_books_dataset/images/books_3491fad2d4/4.jpg"", ""/content/drive/MyDrive/olx_books_dataset/images/books_3491fad2d4/5.jpg"", ""/content/drive/MyDrive/olx_books_dataset/images/books_3491fad2d4/6.jpg"", ""/content/drive/MyDrive/olx_books_dataset/images/books_3491fad2d4/7.jpg"", ""/content/drive/MyDrive/olx_books_dataset/images/books_3491fad2d4/8.jpg""]",8,2025-12-09 08:12:50.752763
books_ce4de70e7f,https://www.olx.in/item/books-c453-eetuvum-priyapetta-enood-and-2nd-part-eetuvum-priyapetta-ninood-in-chittazha-thiruvananthapuram-iid-1828686948,eetuvum priyapetta enood  and 2nd part  eetuvum priyapetta ninood,It's a book about a girl in her 20s going through different struggles and achieving her dreams. Dedicated to those people who doesn't know how to love ourselves - Books,600,"[""/content/drive/MyDrive/olx_books_dataset/images/books_ce4de70e7f/1.jpg"", ""/content/drive/MyDrive/olx_books_dataset/images/books_ce4de70e7f/2.jpg"", ""/content/drive/MyDrive/olx_books_dataset/images/books_ce4de70e7f/3.jpg"", ""/content/drive/MyDrive/olx_books_dataset/images/books_ce4de70e7f/4.jpg"", ""/content/drive/MyDrive/olx_books_dataset/images/books_ce4de70e7f/5.jpg"", ""/content/drive/MyDrive/olx_books_dataset/images/books_ce4de70e7f/6.jpg"", ""/content/drive/MyDrive/olx_books_dataset/images/books_ce4de70e7f/7.jpg"", ""/content/drive/MyDrive/olx_books_dataset/images/books_ce4de70e7f/8.jpg""]",8,2025-12-09 08:12:57.535650
books_a23fb7b477,https://www.olx.in/item/books-c453-the-hidden-hindu-1-in-maharana-pratap-colony-harda-iid-1828682515,The Hidden Hindu 1,First book of the trilogy of the Hidden Hindu - Books,99,"[""/content/drive/MyDrive/olx_books_dataset/images/books_a23fb7b477/1.jpg"", ""/content/drive/MyDrive/olx_books_dataset/images/books_a23fb7b477/2.jpg"", ""/content/drive/MyDrive/olx_books_dataset/images/books_a23fb7b477/3.jpg"", ""/content/drive/MyDrive/olx_books_dataset/images/books_a23fb7b477/4.jpg"", ""/content/drive/MyDrive/olx_books_dataset/images/books_a23fb7b477/5.jpg"", ""/content/drive/MyDrive/olx_books_dataset/images/books_a23fb7b477/6.jpg"", ""/content/drive/MyDrive/olx_books_dataset/images/books_a23fb7b477/7.jpg"", ""/content/drive/MyDrive/olx_books_dataset/images/books_a23fb7b477/8.jpg""]",8,2025-12-09 08:15:11.077708
books_18b282821b,https://www.olx.in/item/books-c453-mind-relax-book-in-kailash-puri-saharsa-iid-1828685775,Mind relax book,The power of positive thinking.. By: Norman Vincent Peale - Books,199,"[""/content/drive/MyDrive/olx_books_dataset/images/books_18b282821b/1.jpg"", ""/content/drive/MyDrive/olx_books_dataset/images/books_18b282821b/2.jpg"", ""/content/drive/MyDrive/olx_books_dataset/images/books_18b282821b/3.jpg"", ""/content/drive/MyDrive/olx_books_dataset/images/books_18b282821b/4.jpg"", ""/content/drive/MyDrive/olx_books_dataset/images/books_18b282821b/5.jpg"", ""/content/drive/MyDrive/olx_books_dataset/images/books_18b282821b/6.jpg"", ""/content/drive/MyDrive/olx_books_dataset/images/books_18b282821b/7.jpg""]",7,2025-12-09 08:15:17.196957
books_687186531c,https://www.olx.in/item/books-c453-cbse-class-12-chapterwise-question-bank-in-kuttkuzhi-kothamangalam-iid-1828674247,cbse class 12 chapterwise question bank,"cbse class 12 chapterwise question bank (2011-2024) fresh condition. reasonable price (half rate only), negotiable - Books",600,"[""/content/drive/MyDrive/olx_books_dataset/images/books_687186531c/1.jpg"", ""/content/drive/MyDrive/olx_books_dataset/images/books_687186531c/2.jpg"", ""/content/drive/MyDrive/olx_books_dataset/images/books_687186531c/3.jpg"", ""/content/drive/MyDrive/olx_books_dataset/images/books_687186531c/4.jpg"", ""/content/drive/MyDrive/olx_books_dataset/images/books_687186531c/5.jpg"", ""/content/drive/MyDrive/olx_books_dataset/images/books_687186531c/6.jpg"", ""/content/drive/MyDrive/olx_books_dataset/images/books_687186531c/7.jpg"", ""/content/drive/MyDrive/olx_books_dataset/images/books_687186531c/8.jpg""]",8,2025-12-09 08:15:23.490142
books_56e42e3503,https://www.olx.in/item/books-c453-yakeen-neet-modules-in-balupura-ghaziabad-iid-1828675322,Yakeen neet modules,2024 edition physics wallah Modules available Brand new condition Untouched set of 24 books - Books,3000,"[""/content/drive/MyDrive/olx_books_dataset/images/books_56e42e3503/1.jpg"", ""/content/drive/MyDrive/olx_books_dataset/images/books_56e42e3503/2.jpg"", ""/content/drive/MyDrive/olx_books_dataset/images/books_56e42e3503/3.jpg"", ""/content/drive/MyDrive/olx_books_dataset/images/books_56e42e3503/4.jpg"", ""/content/drive/MyDrive/olx_books_dataset/images/books_56e42e3503/5.jpg"", ""/content/drive/MyDrive/olx_books_dataset/images/books_56e42e3503/6.jpg"", ""/content/drive/MyDrive/olx_books_dataset/images/books_56e42e3503/7.jpg"", ""/content/drive/MyDrive/olx_books_dataset/images/books_56e42e3503/8.jpg""]",8,2025-12-09 08:15:30.402947
books_75ab29a9ee,https://www.olx.in/item/books-c453-babok-guide-v3-business-analyst-certification-book-new-condition-in-qutub-shahi-tombs-hyderabad-iid-1828678577,BABOK Guide v3 Business Analyst Certification Book (New Condition),Original BABOK Guide V3 - Business Analysis Book for Sale - Books,4500,"[""/content/drive/MyDrive/olx_books_dataset/images/books_75ab29a9ee/1.jpg"", ""/content/drive/MyDrive/olx_books_dataset/images/books_75ab29a9ee/2.jpg"", ""/content/drive/MyDrive/olx_books_dataset/images/books_75ab29a9ee/3.jpg"", ""/content/drive/MyDrive/olx_books_dataset/images/books_75ab29a9ee/4.jpg"", ""/content/drive/MyDrive/olx_books_dataset/images/books_75ab29a9ee/5.jpg"", ""/content/drive/MyDrive/olx_books_dataset/images/books_75ab29a9ee/6.jpg"", ""/content/drive/MyDrive/olx_books_dataset/images/books_75ab29a9ee/7.jpg"", ""/content/drive/MyDrive/olx_books_dataset/images/books_75ab29a9ee/8.jpg""]",8,2025-12-09 08:15:37.345743
books_b6335e8f13,https://www.olx.in/item/books-c453-need-money-in-sankar-bazar-karwi-iid-1828673600,Need money,I am sell a book - Books,450,"[""/content/drive/MyDrive/olx_books_dataset/images/books_b6335e8f13/1.jpg"", ""/content/drive/MyDrive/olx_books_dataset/images/books_b6335e8f13/2.jpg"", ""/content/drive/MyDrive/olx_books_dataset/images/books_b6335e8f13/3.jpg"", ""/content/drive/MyDrive/olx_books_dataset/images/books_b6335e8f13/4.jpg"", ""/content/drive/MyDrive/olx_books_dataset/images/books_b6335e8f13/5.jpg"", ""/content/drive/MyDrive/olx_books_dataset/images/books_b6335e8f13/6.jpg"", ""/content/drive/MyDrive/olx_books_dataset/images/books_b6335e8f13/7.jpg"", ""/content/drive/MyDrive/olx_books_dataset/images/books_b6335e8f13/8.jpg""]",8,2025-12-09 08:16:25.518223
books_5379df45db,https://www.olx.in/item/books-c453-educart-cbse-class-10-sample-paper-social-science-in-rahmat-nagar-asansol-mc-iid-1828675066,Educart CBSE CLASS 10 SAMPLE PAPER SOCIAL SCIENCE,"This Social Science Sample Paper book has been carefully designed under the guidance of Digraj Sir, ensuring conceptual clarity and accurate solutions as per the latest Class 10 CBSE Social Science SyllabusBook Structure: 10 Full CBSE Class 10 Social Science Sample Papers (with detailed, step-by-step solutions) Class 10 SST Chapter-wise Practice Papers for History, Geography, Civics & Economics Thematic Worksheets to strengthen analytical & map-based skills Competency-based, case-based & source-based questions included How Good are Educart Sample Papers? Strictly aligned with the official CBSE Class 10 Social Science Sample Papers released on July 30th, 2025 Covers every question type (MCQs, Short, Long, Case-based, Competency-based Clear chapter-wise weightage distribution for better planning Integrated Social Science Class 10 Previous Year Questions with additional exam-ready problems Step-by-step, easy-to-follow explanations for every solution “Topper’s Tips” with strategies, common errors, and presentation guidance Why Choose this Book? India’s most reliable CBSE Sample Paper book series for Board preparation Gives a complete exam-level experience, reducing last-minute stress Perfect for: Class 10 students aiming to master CBSE Class 10 Social Science in one go before the 2026 CBSE Board Exams. - Books",400,"[""/content/drive/MyDrive/olx_books_dataset/images/books_5379df45db/1.jpg"", ""/content/drive/MyDrive/olx_books_dataset/images/books_5379df45db/2.jpg"", ""/content/drive/MyDrive/olx_books_dataset/images/books_5379df45db/3.jpg"", ""/content/drive/MyDrive/olx_books_dataset/images/books_5379df45db/4.jpg"", ""/content/drive/MyDrive/olx_books_dataset/images/books_5379df45db/5.jpg"", ""/content/drive/MyDrive/olx_books_dataset/images/books_5379df45db/6.jpg"", ""/content/drive/MyDrive/olx_books_dataset/images/books_5379df45db/7.jpg"", ""/content/drive/MyDrive/olx_books_dataset/images/books_5379df45db/8.jpg""]",8,2025-12-09 08:19:27.840743
books_29d3718b3a,https://www.olx.in/item/books-c453-calculator-in-gajaraj-park-area-nashik-iid-1828677212,Calculator,Mathematics calculator - Books,795,"[""/content/drive/MyDrive/olx_books_dataset/images/books_29d3718b3a/1.jpg"", ""/content/drive/MyDrive/olx_books_dataset/images/books_29d3718b3a/2.jpg"", ""/content/drive/MyDrive/olx_books_dataset/images/books_29d3718b3a/3.jpg"", ""/content/drive/MyDrive/olx_books_dataset/images/books_29d3718b3a/4.jpg"", ""/content/drive/MyDrive/olx_books_dataset/images/books_29d3718b3a/5.jpg"", ""/content/drive/MyDrive/olx_books_dataset/images/books_29d3718b3a/6.jpg"", ""/content/drive/MyDrive/olx_books_dataset/images/books_29d3718b3a/7.jpg"", ""/content/drive/MyDrive/olx_books_dataset/images/books_29d3718b3a/8.jpg""]",8,2025-12-09 08:19:32.501710
books_6fca9d2467,https://www.olx.in/item/books-c453-objective-ncert-fingertips-biology-11-12-in-narhi-bazar-area-lucknow-iid-1826850939,Objective NCERT Fingertips Biology 11- 12,No need I have sufficient materials. - Books,399,"[""/content/drive/MyDrive/olx_books_dataset/images/books_6fca9d2467/1.jpg"", ""/content/drive/MyDrive/olx_books_dataset/images/books_6fca9d2467/2.jpg"", ""/content/drive/MyDrive/olx_books_dataset/images/books_6fca9d2467/3.jpg"", ""/content/drive/MyDrive/olx_books_dataset/images/books_6fca9d2467/4.jpg"", ""/content/drive/MyDrive/olx_books_dataset/images/books_6fca9d2467/5.jpg"", ""/content/drive/MyDrive/olx_books_dataset/images/books_6fca9d2467/6.jpg"", ""/content/drive/MyDrive/olx_books_dataset/images/books_6fca9d2467/7.jpg"", ""/content/drive/MyDrive/olx_books_dataset/images/books_6fca9d2467/8.jpg""]",8,2025-12-09 08:21:45.855185
books_c2bc7ee7c5,https://www.olx.in/item/books-c453-chemistry-ncert-12-in-tagore-nagar-mumbai-iid-1828666731,CHEMISTRY NCERT-12,CHEMISTRY NCERT CLASS 12 - Books,300,"[""/content/drive/MyDrive/olx_books_dataset/images/books_c2bc7ee7c5/1.jpg"", ""/content/drive/MyDrive/olx_books_dataset/images/books_c2bc7ee7c5/2.jpg"", ""/content/drive/MyDrive/olx_books_dataset/images/books_c2bc7ee7c5/3.jpg"", ""/content/drive/MyDrive/olx_books_dataset/images/books_c2bc7ee7c5/4.jpg"", ""/content/drive/MyDrive/olx_books_dataset/images/books_c2bc7ee7c5/5.jpg"", ""/content/drive/MyDrive/olx_books_dataset/images/books_c2bc7ee7c5/6.jpg"", ""/content/drive/MyDrive/olx_books_dataset/images/books_c2bc7ee7c5/7.jpg"", ""/content/drive/MyDrive/olx_books_dataset/images/books_c2bc7ee7c5/8.jpg""]",8,2025-12-09 08:23:13.967059
books_94adce0293,https://www.olx.in/item/books-c453-pokimon-card-in-bir-kheri-gujran-34-patiala-iid-1828677268,Pokimon card,Real price hai 900 - Books,699,"[""/content/drive/MyDrive/olx_books_dataset/images/books_94adce0293/1.jpg"", ""/content/drive/MyDrive/olx_books_dataset/images/books_94adce0293/2.jpg"", ""/content/drive/MyDrive/olx_books_dataset/images/books_94adce0293/3.jpg"", ""/content/drive/MyDrive/olx_books_dataset/images/books_94adce0293/4.jpg"", ""/content/drive/MyDrive/olx_books_dataset/images/books_94adce0293/5.jpg"", ""/content/drive/MyDrive/olx_books_dataset/images/books_94adce0293/6.jpg"", ""/content/drive/MyDrive/olx_books_dataset/images/books_94adce0293/7.jpg"", ""/content/drive/MyDrive/olx_books_dataset/images/books_94adce0293/8.jpg""]",8,2025-12-09 08:23:20.932853
books_0998b7bf58,https://www.olx.in/item/books-c453-entrance-books-in-pathirippala-ottappalam-iid-1828672582,Entrance books,"Budget friendly xylem entrance books for neet and jee new For one book 550Rs For one set 1500Rs (including physics, chemistry,maths part A) - Books",1500,"[""/content/drive/MyDrive/olx_books_dataset/images/books_0998b7bf58/1.jpg"", ""/content/drive/MyDrive/olx_books_dataset/images/books_0998b7bf58/2.jpg"", ""/content/drive/MyDrive/olx_books_dataset/images/books_0998b7bf58/3.jpg"", ""/content/drive/MyDrive/olx_books_dataset/images/books_0998b7bf58/4.jpg"", ""/content/drive/MyDrive/olx_books_dataset/images/books_0998b7bf58/5.jpg"", ""/content/drive/MyDrive/olx_books_dataset/images/books_0998b7bf58/6.jpg"", ""/content/drive/MyDrive/olx_books_dataset/images/books_0998b7bf58/7.jpg"", ""/content/drive/MyDrive/olx_books_dataset/images/books_0998b7bf58/8.jpg""]",8,2025-12-09 08:26:22.743289
books_b9bb589953,https://www.olx.in/item/books-c453-mtg-jee-champion-physics-chemistry-mathematics-in-valanchery-malappuram-iid-1828679121,"Mtg JEE champion PHYSICS , CHEMISTRY , MATHEMATICS","Mtg's JEE champion PHYSICS(Rs.850) CHEMISTRY (Rs.850) MATHEMATICS (Rs.900) chapter wise topic wise questions from previous years engineering entrance exams... No damage no marking fresh book Real price : Rs. 2,600 - Books",600,"[""/content/drive/MyDrive/olx_books_dataset/images/books_b9bb589953/1.jpg"", ""/content/drive/MyDrive/olx_books_dataset/images/books_b9bb589953/2.jpg"", ""/content/drive/MyDrive/olx_books_dataset/images/books_b9bb589953/3.jpg"", ""/content/drive/MyDrive/olx_books_dataset/images/books_b9bb589953/4.jpg"", ""/content/drive/MyDrive/olx_books_dataset/images/books_b9bb589953/5.jpg"", ""/content/drive/MyDrive/olx_books_dataset/images/books_b9bb589953/6.jpg"", ""/content/drive/MyDrive/olx_books_dataset/images/books_b9bb589953/7.jpg"", ""/content/drive/MyDrive/olx_books_dataset/images/books_b9bb589953/8.jpg""]",8,2025-12-09 08:27:11.622258
books_ad72903111,https://www.olx.in/item/books-c453-neet-study-material-bipc-2years-in-uppal-hyderabad-iid-1827393021,NEET study material BiPC 2years,Botany Zoology Physics Chemistry intermediate 1st and 2nd year material (CDF) 50+ NEET practice question papers along with answer sheets - Books,5000,"[""/content/drive/MyDrive/olx_books_dataset/images/books_ad72903111/1.jpg"", ""/content/drive/MyDrive/olx_books_dataset/images/books_ad72903111/2.jpg"", ""/content/drive/MyDrive/olx_books_dataset/images/books_ad72903111/3.jpg"", ""/content/drive/MyDrive/olx_books_dataset/images/books_ad72903111/4.jpg"", ""/content/drive/MyDrive/olx_books_dataset/images/books_ad72903111/5.jpg"", ""/content/drive/MyDrive/olx_books_dataset/images/books_ad72903111/6.jpg"", ""/content/drive/MyDrive/olx_books_dataset/images/books_ad72903111/7.jpg"", ""/content/drive/MyDrive/olx_books_dataset/images/books_ad72903111/8.jpg""]",8,2025-12-09 08:27:58.544392
books_91af1c1ed3,https://www.olx.in/item/books-c453-allen-jeemainadvanced-pcm-books-jee-main-topic-wise-test-papers-in-motera-village-ahmedabad-iid-1828677398,ALLEN JEE(Main+Advanced) PCM Books + JEE Main Topic Wise Test Papers,Allen JEE(Main+Advanced) PCM Books for Sale Second Hand in Good Condition Sale by current IIT GN student Total : 39 Books 2 ALLEN Topic Wise Test Paper Books 21 ALLEN Handbooks 16 CBSS Compendiums and Assignments - Books,1499,"[""/content/drive/MyDrive/olx_books_dataset/images/books_91af1c1ed3/1.jpg"", ""/content/drive/MyDrive/olx_books_dataset/images/books_91af1c1ed3/2.jpg"", ""/content/drive/MyDrive/olx_books_dataset/images/books_91af1c1ed3/3.jpg"", ""/content/drive/MyDrive/olx_books_dataset/images/books_91af1c1ed3/4.jpg"", ""/content/drive/MyDrive/olx_books_dataset/images/books_91af1c1ed3/5.jpg"", ""/content/drive/MyDrive/olx_books_dataset/images/books_91af1c1ed3/6.jpg"", ""/content/drive/MyDrive/olx_books_dataset/images/books_91af1c1ed3/7.jpg"", ""/content/drive/MyDrive/olx_books_dataset/images/books_91af1c1ed3/8.jpg""]",8,2025-12-09 08:28:05.230082
books_d0e920f0a8,https://www.olx.in/item/books-c453-jee-pcm-books-in-hazratganj-lucknow-iid-1828674583,JEE PCM BOOKS,Books unused - Books,1750,"[""/content/drive/MyDrive/olx_books_dataset/images/books_d0e920f0a8/1.jpg"", ""/content/drive/MyDrive/olx_books_dataset/images/books_d0e920f0a8/2.jpg"", ""/content/drive/MyDrive/olx_books_dataset/images/books_d0e920f0a8/3.jpg"", ""/content/drive/MyDrive/olx_books_dataset/images/books_d0e920f0a8/4.jpg"", ""/content/drive/MyDrive/olx_books_dataset/images/books_d0e920f0a8/5.jpg"", ""/content/drive/MyDrive/olx_books_dataset/images/books_d0e920f0a8/6.jpg"", ""/content/drive/MyDrive/olx_books_dataset/images/books_d0e920f0a8/7.jpg"", ""/content/drive/MyDrive/olx_books_dataset/images/books_d0e920f0a8/8.jpg""]",8,2025-12-09 08:31:49.202648
books_8e6ed3a0b9,https://www.olx.in/item/books-c453-robert-tkiyosakis-rich-dad-poor-dad-in-keraladityapuram-thiruvananthapuram-iid-1828370485,Robert T.Kiyosaki’s “RICH DAD POOR DAD”,"Author Robert Kiyosaki contrasts his “poor dad” (educated but broke) with “rich dad” (smart investor). Rich dad says: Learn money skills, buy income-makers, not money-takers…..US published original one Urgent sale - Price negotiable - Books",150,"[""/content/drive/MyDrive/olx_books_dataset/images/books_8e6ed3a0b9/1.jpg"", ""/content/drive/MyDrive/olx_books_dataset/images/books_8e6ed3a0b9/2.jpg"", ""/content/drive/MyDrive/olx_books_dataset/images/books_8e6ed3a0b9/3.jpg"", ""/content/drive/MyDrive/olx_books_dataset/images/books_8e6ed3a0b9/4.jpg"", ""/content/drive/MyDrive/olx_books_dataset/images/books_8e6ed3a0b9/5.jpg"", ""/content/drive/MyDrive/olx_books_dataset/images/books_8e6ed3a0b9/6.jpg"", ""/content/drive/MyDrive/olx_books_dataset/images/books_8e6ed3a0b9/7.jpg"", ""/content/drive/MyDrive/olx_books_dataset/images/books_8e6ed3a0b9/8.jpg""]",8,2025-12-09 08:31:56.853708
books_88e447707a,https://www.olx.in/item/books-c453-medical-textbooks-in-kakatiyanagar-hyderabad-iid-1828677637,Medical textbooks,"Medical textbooks from 1st year till final year. All subjects, fair condition, many are unused and like new. - Books",4750,"[""/content/drive/MyDrive/olx_books_dataset/images/books_88e447707a/1.jpg"", ""/content/drive/MyDrive/olx_books_dataset/images/books_88e447707a/2.jpg"", ""/content/drive/MyDrive/olx_books_dataset/images/books_88e447707a/3.jpg"", ""/content/drive/MyDrive/olx_books_dataset/images/books_88e447707a/4.jpg"", ""/content/drive/MyDrive/olx_books_dataset/images/books_88e447707a/5.jpg"", ""/content/drive/MyDrive/olx_books_dataset/images/books_88e447707a/6.jpg"", ""/content/drive/MyDrive/olx_books_dataset/images/books_88e447707a/7.jpg"", ""/content/drive/MyDrive/olx_books_dataset/images/books_88e447707a/8.jpg""]",8,2025-12-09 08:32:44.799176
books_566b7094c4,https://www.olx.in/item/books-c453-book-for-electrical-engineering-in-postal-colony-baleshwar-iid-1828679755,Book for Electrical engineering,This is a 2nd hand book of BASIC ELECTRICAL ENGINEERING By B.L THERJA and A.K THERJA - Books,320,"[""/content/drive/MyDrive/olx_books_dataset/images/books_566b7094c4/1.jpg"", ""/content/drive/MyDrive/olx_books_dataset/images/books_566b7094c4/2.jpg"", ""/content/drive/MyDrive/olx_books_dataset/images/books_566b7094c4/3.jpg"", ""/content/drive/MyDrive/olx_books_dataset/images/books_566b7094c4/4.jpg"", ""/content/drive/MyDrive/olx_books_dataset/images/books_566b7094c4/5.jpg"", ""/content/drive/MyDrive/olx_books_dataset/images/books_566b7094c4/6.jpg"", ""/content/drive/MyDrive/olx_books_dataset/images/books_566b7094c4/7.jpg"", ""/content/drive/MyDrive/olx_books_dataset/images/books_566b7094c4/8.jpg""]",8,2025-12-09 08:32:51.496238
books_49c2dceafa,https://www.olx.in/item/books-c453-math-textbook-icse-in-nagaraj-pet-kadapa-iid-1828680067,Math textbook ICSE,I'm giving you a brand new mathematics textbook for a good price of ninth class - Books,399,"[""/content/drive/MyDrive/olx_books_dataset/images/books_49c2dceafa/1.jpg"", ""/content/drive/MyDrive/olx_books_dataset/images/books_49c2dceafa/2.jpg"", ""/content/drive/MyDrive/olx_books_dataset/images/books_49c2dceafa/3.jpg"", ""/content/drive/MyDrive/olx_books_dataset/images/books_49c2dceafa/4.jpg"", ""/content/drive/MyDrive/olx_books_dataset/images/books_49c2dceafa/5.jpg"", ""/content/drive/MyDrive/olx_books_dataset/images/books_49c2dceafa/6.jpg"", ""/content/drive/MyDrive/olx_books_dataset/images/books_49c2dceafa/7.jpg"", ""/content/drive/MyDrive/olx_books_dataset/images/books_49c2dceafa/8.jpg""]",8,2025-12-09 08:33:39.329609
books_15a10efee9,https://www.olx.in/item/books-c453-2019-unused-ca-foundation-amity-university-bcom-textbooks-16-books-in-undavalli-vijayawada-iid-1828473187,2019 Unused CA Foundation & Amity University BCom Textbooks (16 Books),"Old, but unused and as good as new. Chartered Accountancy Foundation Course Textbooks by ICAI BCom Textbooks by Amity University (Distance & Online Education) - Books",200,"[""/content/drive/MyDrive/olx_books_dataset/images/books_15a10efee9/1.jpg"", ""/content/drive/MyDrive/olx_books_dataset/images/books_15a10efee9/2.jpg"", ""/content/drive/MyDrive/olx_books_dataset/images/books_15a10efee9/3.jpg"", ""/content/drive/MyDrive/olx_books_dataset/images/books_15a10efee9/4.jpg"", ""/content/drive/MyDrive/olx_books_dataset/images/books_15a10efee9/5.jpg"", ""/content/drive/MyDrive/olx_books_dataset/images/books_15a10efee9/6.jpg"", ""/content/drive/MyDrive/olx_books_dataset/images/books_15a10efee9/7.jpg"", ""/content/drive/MyDrive/olx_books_dataset/images/books_15a10efee9/8.jpg""]",8,2025-12-09 08:34:27.431105
books_052728c28f,https://www.olx.in/item/books-c453-brand-new-post-it-sticky-notes-for-office-study-in-laxmipura-vadodara-iid-1827948083,Brand New Post-it Sticky Notes for Office & Study,"Description: Selling brand-new Post-it sticky notes. Perfect for office work, study, reminders, journaling, and quick notes. Strong adhesive, easy to peel, and leaves no marks. Available in multiple colors. Message for details or bulk orders. - Books",50,"[""/content/drive/MyDrive/olx_books_dataset/images/books_052728c28f/1.jpg"", ""/content/drive/MyDrive/olx_books_dataset/images/books_052728c28f/2.jpg"", ""/content/drive/MyDrive/olx_books_dataset/images/books_052728c28f/3.jpg"", ""/content/drive/MyDrive/olx_books_dataset/images/books_052728c28f/4.jpg"", ""/content/drive/MyDrive/olx_books_dataset/images/books_052728c28f/5.jpg"", ""/content/drive/MyDrive/olx_books_dataset/images/books_052728c28f/6.jpg"", ""/content/drive/MyDrive/olx_books_dataset/images/books_052728c28f/7.jpg"", ""/content/drive/MyDrive/olx_books_dataset/images/books_052728c28f/8.jpg""]",8,2025-12-09 08:35:14.830966
books_c2bae43541,https://www.olx.in/item/books-c453-wonders-of-mathematics-in-rangampet-warangal-iid-1828671745,Wonders of mathematics,"Wonders of Mathematics is an excellent book designed to build strong mathematical understanding for students from 6th to 10th class. The book explains concepts in a simple and enjoyable way, making it perfect for school learning, self-study, and competitive exam foundation. Contents Include: Basic arithmetic and number systems Fractions, decimals, and percentages Algebra fundamentals Geometry concepts with easy explanations Mensuration formulas Data handling and statistics Logical reasoning & problem-solving Practice exercises with solutions - Books",39,"[""/content/drive/MyDrive/olx_books_dataset/images/books_c2bae43541/1.jpg"", ""/content/drive/MyDrive/olx_books_dataset/images/books_c2bae43541/2.jpg"", ""/content/drive/MyDrive/olx_books_dataset/images/books_c2bae43541/3.jpg"", ""/content/drive/MyDrive/olx_books_dataset/images/books_c2bae43541/4.jpg"", ""/content/drive/MyDrive/olx_books_dataset/images/books_c2bae43541/5.jpg"", ""/content/drive/MyDrive/olx_books_dataset/images/books_c2bae43541/6.jpg"", ""/content/drive/MyDrive/olx_books_dataset/images/books_c2bae43541/7.jpg"", ""/content/drive/MyDrive/olx_books_dataset/images/books_c2bae43541/8.jpg""]",8,2025-12-09 08:35:20.685170
books_80a1542d00,https://www.olx.in/item/books-c453-chainsaw-man-maga-in-rohini-sector-16-delhi-iid-1828679015,Chainsaw man maga,Chainsaw manga main series - Books,900,"[""/content/drive/MyDrive/olx_books_dataset/images/books_80a1542d00/1.jpg"", ""/content/drive/MyDrive/olx_books_dataset/images/books_80a1542d00/2.jpg"", ""/content/drive/MyDrive/olx_books_dataset/images/books_80a1542d00/3.jpg"", ""/content/drive/MyDrive/olx_books_dataset/images/books_80a1542d00/4.jpg"", ""/content/drive/MyDrive/olx_books_dataset/images/books_80a1542d00/5.jpg"", ""/content/drive/MyDrive/olx_books_dataset/images/books_80a1542d00/6.jpg"", ""/content/drive/MyDrive/olx_books_dataset/images/books_80a1542d00/7.jpg"", ""/content/drive/MyDrive/olx_books_dataset/images/books_80a1542d00/8.jpg""]",8,2025-12-09 08:35:25.905101
books_2506bc3898,https://www.olx.in/item/books-c453-oswal-class-10-competency-based-question-books-in-keshtopur-kolkata-iid-1827257088,Oswal class 10 competency based question books,Its one of the best book k practice as per new board pattern . and the condition is also very good . - Books,300,"[""/content/drive/MyDrive/olx_books_dataset/images/books_2506bc3898/1.jpg"", ""/content/drive/MyDrive/olx_books_dataset/images/books_2506bc3898/2.jpg"", ""/content/drive/MyDrive/olx_books_dataset/images/books_2506bc3898/3.jpg"", ""/content/drive/MyDrive/olx_books_dataset/images/books_2506bc3898/4.jpg"", ""/content/drive/MyDrive/olx_books_dataset/images/books_2506bc3898/5.jpg"", ""/content/drive/MyDrive/olx_books_dataset/images/books_2506bc3898/6.jpg"", ""/content/drive/MyDrive/olx_books_dataset/images/books_2506bc3898/7.jpg"", ""/content/drive/MyDrive/olx_books_dataset/images/books_2506bc3898/8.jpg""]",8,2025-12-09 08:36:56.139554
books_58164787fe,https://www.olx.in/item/books-c453-class-11-english-exercise-workbook-in-ram-nagar-kaithal-iid-1828679434,Class 11 english exercise workbook,New book without any mark on it just packing opened - Books,1000,"[""/content/drive/MyDrive/olx_books_dataset/images/books_58164787fe/1.jpg"", ""/content/drive/MyDrive/olx_books_dataset/images/books_58164787fe/2.jpg"", ""/content/drive/MyDrive/olx_books_dataset/images/books_58164787fe/3.jpg"", ""/content/drive/MyDrive/olx_books_dataset/images/books_58164787fe/4.jpg"", ""/content/drive/MyDrive/olx_books_dataset/images/books_58164787fe/5.jpg"", ""/content/drive/MyDrive/olx_books_dataset/images/books_58164787fe/6.jpg"", ""/content/drive/MyDrive/olx_books_dataset/images/books_58164787fe/7.jpg"", ""/content/drive/MyDrive/olx_books_dataset/images/books_58164787fe/8.jpg""]",8,2025-12-09 08:37:02.110950
books_575f87a371,https://www.olx.in/item/books-c453-electrical-engineering-books-in-jaitala-nagpur-iid-1827756717,Electrical Engineering Books,competative exam electrical engg books - Books,1600,"[""/content/drive/MyDrive/olx_books_dataset/images/books_575f87a371/1.jpg"", ""/content/drive/MyDrive/olx_books_dataset/images/books_575f87a371/2.jpg"", ""/content/drive/MyDrive/olx_books_dataset/images/books_575f87a371/3.jpg"", ""/content/drive/MyDrive/olx_books_dataset/images/books_575f87a371/4.jpg"", ""/content/drive/MyDrive/olx_books_dataset/images/books_575f87a371/5.jpg"", ""/content/drive/MyDrive/olx_books_dataset/images/books_575f87a371/6.jpg"", ""/content/drive/MyDrive/olx_books_dataset/images/books_575f87a371/7.jpg"", ""/content/drive/MyDrive/olx_books_dataset/images/books_575f87a371/8.jpg""]",8,2025-12-09 08:37:48.145280
books_88a500a4f2,https://www.olx.in/item/books-c453-nta-ugc-book-in-pankhedi-madhya-pradesh-iid-1828674998,NTA UGC book,MRP 545 selling price 400 - Books,450,"[""/content/drive/MyDrive/olx_books_dataset/images/books_88a500a4f2/1.jpg"", ""/content/drive/MyDrive/olx_books_dataset/images/books_88a500a4f2/2.jpg"", ""/content/drive/MyDrive/olx_books_dataset/images/books_88a500a4f2/3.jpg"", ""/content/drive/MyDrive/olx_books_dataset/images/books_88a500a4f2/4.jpg"", ""/content/drive/MyDrive/olx_books_dataset/images/books_88a500a4f2/5.jpg"", ""/content/drive/MyDrive/olx_books_dataset/images/books_88a500a4f2/6.jpg"", ""/content/drive/MyDrive/olx_books_dataset/images/books_88a500a4f2/7.jpg"", ""/content/drive/MyDrive/olx_books_dataset/images/books_88a500a4f2/8.jpg""]",8,2025-12-09 08:37:54.935808
books_d913daec39,https://www.olx.in/item/books-c453-trolley-school-bag-in-sector-20-panchkula-iid-1818005662,Trolley school bag,Trolley school bag - Books,1620,"[""/content/drive/MyDrive/olx_books_dataset/images/books_d913daec39/1.jpg"", ""/content/drive/MyDrive/olx_books_dataset/images/books_d913daec39/2.jpg"", ""/content/drive/MyDrive/olx_books_dataset/images/books_d913daec39/3.jpg"", ""/content/drive/MyDrive/olx_books_dataset/images/books_d913daec39/4.jpg"", ""/content/drive/MyDrive/olx_books_dataset/images/books_d913daec39/5.jpg"", ""/content/drive/MyDrive/olx_books_dataset/images/books_d913daec39/6.jpg"", ""/content/drive/MyDrive/olx_books_dataset/images/books_d913daec39/7.jpg"", ""/content/drive/MyDrive/olx_books_dataset/images/books_d913daec39/8.jpg""]",8,2025-12-09 08:39:23.004380
books_33842ebdcf,https://www.olx.in/item/books-c453-topper-notes-biology-3-books-in-brahma-nagar-jhansi-iid-1828672643,Topper notes biology 3 books,My already notes biology - Books,500,"[""/content/drive/MyDrive/olx_books_dataset/images/books_33842ebdcf/1.jpg"", ""/content/drive/MyDrive/olx_books_dataset/images/books_33842ebdcf/2.jpg"", ""/content/drive/MyDrive/olx_books_dataset/images/books_33842ebdcf/3.jpg"", ""/content/drive/MyDrive/olx_books_dataset/images/books_33842ebdcf/4.jpg"", ""/content/drive/MyDrive/olx_books_dataset/images/books_33842ebdcf/5.jpg"", ""/content/drive/MyDrive/olx_books_dataset/images/books_33842ebdcf/6.jpg"", ""/content/drive/MyDrive/olx_books_dataset/images/books_33842ebdcf/7.jpg"", ""/content/drive/MyDrive/olx_books_dataset/images/books_33842ebdcf/8.jpg"", ""/content/drive/MyDrive/olx_books_dataset/images/books_33842ebdcf/9.jpg"", ""/content/drive/MyDrive/olx_books_dataset/images/books_33842ebdcf/10.jpg"", ""/content/drive/MyDrive/olx_books_dataset/images/books_33842ebdcf/11.jpg"", ""/content/drive/MyDrive/olx_books_dataset/images/books_33842ebdcf/12.jpg"", ""/content/drive/MyDrive/olx_books_dataset/images/books_33842ebdcf/13.jpg"", ""/content/drive/MyDrive/olx_books_dataset/images/books_33842ebdcf/14.jpg""]",14,2025-12-09 08:40:55.757288
books_4034905c03,https://www.olx.in/item/books-c453-pw-yakeen-for-neet-droppers-pcbz-module-set-of-18-books-2025-edition-in-indra-vihar-kota-iid-1828678897,PW Yakeen For NEET Droppers PCBZ Module Set of 18 Books (2025 Edition),"TOTALLY NEW BOOKS PW Yakeen For NEET Droppers Physics, Chemistry, Botany and Zoology Set of 18 Books (2025 Edition) [Paperback] PW - Books",2000,"[""/content/drive/MyDrive/olx_books_dataset/images/books_4034905c03/1.jpg"", ""/content/drive/MyDrive/olx_books_dataset/images/books_4034905c03/2.jpg"", ""/content/drive/MyDrive/olx_books_dataset/images/books_4034905c03/3.jpg"", ""/content/drive/MyDrive/olx_books_dataset/images/books_4034905c03/4.jpg"", ""/content/drive/MyDrive/olx_books_dataset/images/books_4034905c03/5.jpg"", ""/content/drive/MyDrive/olx_books_dataset/images/books_4034905c03/6.jpg"", ""/content/drive/MyDrive/olx_books_dataset/images/books_4034905c03/7.jpg"", ""/content/drive/MyDrive/olx_books_dataset/images/books_4034905c03/8.jpg""]",8,2025-12-09 08:41:42.730172
books_097b7490ee,https://www.olx.in/item/books-c453-cbse-class-12-sample-question-papers-eng-bio-phy-chem-like-new-in-naga-bigha-aurangabad-iid-1828677475,"CBSE Class 12 Sample Question Papers (Eng, Bio, Phy, Chem) – Like New","Selling CBSE Class 12 Sample Question Papers for English, Biology, Physics and Chemistry. Books are in very good condition, no major writing or damage. Used only for exam preparation. Perfect for students preparing for 2026 CBSE Board Exams. Reason for selling: I have completed my exams and no longer need them. - Books",900,"[""/content/drive/MyDrive/olx_books_dataset/images/books_097b7490ee/1.jpg"", ""/content/drive/MyDrive/olx_books_dataset/images/books_097b7490ee/2.jpg"", ""/content/drive/MyDrive/olx_books_dataset/images/books_097b7490ee/3.jpg"", ""/content/drive/MyDrive/olx_books_dataset/images/books_097b7490ee/4.jpg"", ""/content/drive/MyDrive/olx_books_dataset/images/books_097b7490ee/5.jpg"", ""/content/drive/MyDrive/olx_books_dataset/images/books_097b7490ee/6.jpg"", ""/content/drive/MyDrive/olx_books_dataset/images/books_097b7490ee/7.jpg"", ""/content/drive/MyDrive/olx_books_dataset/images/books_097b7490ee/8.jpg""]",8,2025-12-09 08:43:13.892001
books_c0a128ad8f,https://www.olx.in/item/books-c453-cengage-maths-for-jee-mains-and-advanced-in-chhatrasal-nagar-nowgong-iid-1828672450,Cengage maths for jee Mains and advanced,I'm in nit college so I want to help other person. - Books,1900,"[""/content/drive/MyDrive/olx_books_dataset/images/books_c0a128ad8f/1.jpg"", ""/content/drive/MyDrive/olx_books_dataset/images/books_c0a128ad8f/2.jpg"", ""/content/drive/MyDrive/olx_books_dataset/images/books_c0a128ad8f/3.jpg"", ""/content/drive/MyDrive/olx_books_dataset/images/books_c0a128ad8f/4.jpg"", ""/content/drive/MyDrive/olx_books_dataset/images/books_c0a128ad8f/5.jpg"", ""/content/drive/MyDrive/olx_books_dataset/images/books_c0a128ad8f/6.jpg"", ""/content/drive/MyDrive/olx_books_dataset/images/books_c0a128ad8f/7.jpg"", ""/content/drive/MyDrive/olx_books_dataset/images/books_c0a128ad8f/8.jpg""]",8,2025-12-09 08:44:43.031701
books_28e8921336,https://www.olx.in/item/books-c453-er-sk-jha-genral-secince-5th-edition-24-25-in-milan-vihar-delhi-iid-1828672838,Er. SK jha (Genral secince) 5th Edition 24-25,NCERT EXAMPLAR NCERT REACTIONS 4000+MCQ TCS- GROUP D & NTPC ORIGINAL QUESTION ALP/TECH - Books,320,"[""/content/drive/MyDrive/olx_books_dataset/images/books_28e8921336/1.jpg"", ""/content/drive/MyDrive/olx_books_dataset/images/books_28e8921336/2.jpg"", ""/content/drive/MyDrive/olx_books_dataset/images/books_28e8921336/3.jpg"", ""/content/drive/MyDrive/olx_books_dataset/images/books_28e8921336/4.jpg"", ""/content/drive/MyDrive/olx_books_dataset/images/books_28e8921336/5.jpg"", ""/content/drive/MyDrive/olx_books_dataset/images/books_28e8921336/6.jpg"", ""/content/drive/MyDrive/olx_books_dataset/images/books_28e8921336/7.jpg"", ""/content/drive/MyDrive/olx_books_dataset/images/books_28e8921336/8.jpg""]",8,2025-12-09 08:44:48.282548
books_b64b328ada,https://www.olx.in/item/books-c453-neet-iit-jee-latest-edition-modules-full-set-for-sale-in-south-extension-delhi-iid-1828442584,NEET / IIT JEE Latest Edition Modules – Full Set for Sale,"NEET & IIT JEE Latest Edition Modules – Complete and well-maintained set. No writing or damage. Updated Physics, Chemistry & Biology modules included. Ideal for serious exam preparation. Only genuine buyers contact. Courier service available. - Books",4000,"[""/content/drive/MyDrive/olx_books_dataset/images/books_b64b328ada/1.jpg"", ""/content/drive/MyDrive/olx_books_dataset/images/books_b64b328ada/2.jpg"", ""/content/drive/MyDrive/olx_books_dataset/images/books_b64b328ada/3.jpg"", ""/content/drive/MyDrive/olx_books_dataset/images/books_b64b328ada/4.jpg"", ""/content/drive/MyDrive/olx_books_dataset/images/books_b64b328ada/5.jpg"", ""/content/drive/MyDrive/olx_books_dataset/images/books_b64b328ada/6.jpg"", ""/content/drive/MyDrive/olx_books_dataset/images/books_b64b328ada/7.jpg"", ""/content/drive/MyDrive/olx_books_dataset/images/books_b64b328ada/8.jpg""]",8,2025-12-09 08:46:17.144317
books_cc328b9d77,https://www.olx.in/item/books-c453-scientific-calculator-2nd-edition-in-hebbal-subhash-nagar-mysuru-iid-1828679240,Scientific calculator 2nd edition,Good condition - Books,800,"[""/content/drive/MyDrive/olx_books_dataset/images/books_cc328b9d77/1.jpg"", ""/content/drive/MyDrive/olx_books_dataset/images/books_cc328b9d77/2.jpg"", ""/content/drive/MyDrive/olx_books_dataset/images/books_cc328b9d77/3.jpg"", ""/content/drive/MyDrive/olx_books_dataset/images/books_cc328b9d77/4.jpg"", ""/content/drive/MyDrive/olx_books_dataset/images/books_cc328b9d77/5.jpg"", ""/content/drive/MyDrive/olx_books_dataset/images/books_cc328b9d77/6.jpg"", ""/content/drive/MyDrive/olx_books_dataset/images/books_cc328b9d77/7.jpg"", ""/content/drive/MyDrive/olx_books_dataset/images/books_cc328b9d77/8.jpg""]",8,2025-12-09 08:48:31.117937
books_ae4cf4e3d2,https://www.olx.in/item/books-c453-business-cambridge-book-in-bramha-puri-jaipur-iid-1828675366,Business Cambridge book,"Used for one year, all new to use - Books",1000,"[""/content/drive/MyDrive/olx_books_dataset/images/books_ae4cf4e3d2/1.jpg"", ""/content/drive/MyDrive/olx_books_dataset/images/books_ae4cf4e3d2/2.jpg"", ""/content/drive/MyDrive/olx_books_dataset/images/books_ae4cf4e3d2/3.jpg"", ""/content/drive/MyDrive/olx_books_dataset/images/books_ae4cf4e3d2/4.jpg"", ""/content/drive/MyDrive/olx_books_dataset/images/books_ae4cf4e3d2/5.jpg"", ""/content/drive/MyDrive/olx_books_dataset/images/books_ae4cf4e3d2/6.jpg"", ""/content/drive/MyDrive/olx_books_dataset/images/books_ae4cf4e3d2/7.jpg"", ""/content/drive/MyDrive/olx_books_dataset/images/books_ae4cf4e3d2/8.jpg"", ""/content/drive/MyDrive/olx_books_dataset/images/books_ae4cf4e3d2/9.jpg"", ""/content/drive/MyDrive/olx_books_dataset/images/books_ae4cf4e3d2/10.jpg"", ""/content/drive/MyDrive/olx_books_dataset/images/books_ae4cf4e3d2/11.jpg"", ""/content/drive/MyDrive/olx_books_dataset/images/books_ae4cf4e3d2/12.jpg"", ""/content/drive/MyDrive/olx_books_dataset/images/books_ae4cf4e3d2/13.jpg"", ""/content/drive/MyDrive/olx_books_dataset/images/books_ae4cf4e3d2/14.jpg""]",14,2025-12-09 08:48:40.971079
books_3348ed3d6b,https://www.olx.in/item/books-c453-the-diary-of-a-wimpy-kid-in-bhalukdubi-goalpara-iid-1828669808,The diary of a wimpy kid,Almost new No contact number will be given coz lots of scammers are also there you can buy it directly also by giving me address and contact details its 100% genuine or you can buy it from my meesho page also!! - Books,250,"[""/content/drive/MyDrive/olx_books_dataset/images/books_3348ed3d6b/1.jpg"", ""/content/drive/MyDrive/olx_books_dataset/images/books_3348ed3d6b/2.jpg"", ""/content/drive/MyDrive/olx_books_dataset/images/books_3348ed3d6b/3.jpg"", ""/content/drive/MyDrive/olx_books_dataset/images/books_3348ed3d6b/4.jpg"", ""/content/drive/MyDrive/olx_books_dataset/images/books_3348ed3d6b/5.jpg"", ""/content/drive/MyDrive/olx_books_dataset/images/books_3348ed3d6b/6.jpg"", ""/content/drive/MyDrive/olx_books_dataset/images/books_3348ed3d6b/7.jpg"", ""/content/drive/MyDrive/olx_books_dataset/images/books_3348ed3d6b/8.jpg""]",8,2025-12-09 08:49:29.771512
books_f3b9570ed9,https://www.olx.in/item/books-c453-mbbs-medical-books-in-perambur-chennai-iid-1828673881,MBBS MEDICAL BOOKS,"VISHRAM SINGH 3RD EDITION (HEAD,NECK)-350 GENERAL ANATOMY VISHRAM SINGH-450 NEUROANATOMY VISHRAM SINGH _350 SATYANARAYANAN _ 900 G.K. PAL PHYSIOLOGY _900 VASUDEVAN BIOCHEM_1000 - Books",2950,"[""/content/drive/MyDrive/olx_books_dataset/images/books_f3b9570ed9/1.jpg"", ""/content/drive/MyDrive/olx_books_dataset/images/books_f3b9570ed9/2.jpg"", ""/content/drive/MyDrive/olx_books_dataset/images/books_f3b9570ed9/3.jpg"", ""/content/drive/MyDrive/olx_books_dataset/images/books_f3b9570ed9/4.jpg"", ""/content/drive/MyDrive/olx_books_dataset/images/books_f3b9570ed9/5.jpg"", ""/content/drive/MyDrive/olx_books_dataset/images/books_f3b9570ed9/6.jpg"", ""/content/drive/MyDrive/olx_books_dataset/images/books_f3b9570ed9/7.jpg"", ""/content/drive/MyDrive/olx_books_dataset/images/books_f3b9570ed9/8.jpg"", ""/content/drive/MyDrive/olx_books_dataset/images/books_f3b9570ed9/9.jpg"", ""/content/drive/MyDrive/olx_books_dataset/images/books_f3b9570ed9/10.jpg"", ""/content/drive/MyDrive/olx_books_dataset/images/books_f3b9570ed9/11.jpg"", ""/content/drive/MyDrive/olx_books_dataset/images/books_f3b9570ed9/12.jpg"", ""/content/drive/MyDrive/olx_books_dataset/images/books_f3b9570ed9/13.jpg"", ""/content/drive/MyDrive/olx_books_dataset/images/books_f3b9570ed9/14.jpg""]",14,2025-12-09 08:51:45.587447
