id,url,title,description,price,images,image_count,scraped_at
printer_48d13b75f7,https://www.olx.in/item/hard-disks-printers-monitors-c1509-hp-m24h-full-hd-ips-monitor-within-warranty-period-in-chakvrigu-balurghat-iid-1827013425,Hp M24h Full HD IPS Monitor within warranty period,"Hp 524sh Full HD IPS Monitor within warranty period & warranty claimed..all are new & very good condition...For sale - Hard Disks, Printers & Monitors",7500,"[""/content/drive/MyDrive/olx_printer_dataset/images/printer_48d13b75f7/1.jpg"", ""/content/drive/MyDrive/olx_printer_dataset/images/printer_48d13b75f7/2.jpg"", ""/content/drive/MyDrive/olx_printer_dataset/images/printer_48d13b75f7/3.jpg"", ""/content/drive/MyDrive/olx_printer_dataset/images/printer_48d13b75f7/4.jpg"", ""/content/drive/MyDrive/olx_printer_dataset/images/printer_48d13b75f7/5.jpg"", ""/content/drive/MyDrive/olx_printer_dataset/images/printer_48d13b75f7/6.jpg"", ""/content/drive/MyDrive/olx_printer_dataset/images/printer_48d13b75f7/7.jpg"", ""/content/drive/MyDrive/olx_printer_dataset/images/printer_48d13b75f7/8.jpg""]",8,2025-12-07 12:22:53.384931
printer_71825169a9,https://www.olx.in/item/hard-disks-printers-monitors-c1509-ups-branded-in-indirapuram-shipra-sun-city-ghaziabad-iid-1828592040,Ups branded,"Ups battery branded - Hard Disks, Printers & Monitors",800,"[""/content/drive/MyDrive/olx_printer_dataset/images/printer_71825169a9/1.jpg"", ""/content/drive/MyDrive/olx_printer_dataset/images/printer_71825169a9/2.jpg"", ""/content/drive/MyDrive/olx_printer_dataset/images/printer_71825169a9/3.jpg"", ""/content/drive/MyDrive/olx_printer_dataset/images/printer_71825169a9/4.jpg"", ""/content/drive/MyDrive/olx_printer_dataset/images/printer_71825169a9/5.jpg"", ""/content/drive/MyDrive/olx_printer_dataset/images/printer_71825169a9/6.jpg"", ""/content/drive/MyDrive/olx_printer_dataset/images/printer_71825169a9/7.jpg"", ""/content/drive/MyDrive/olx_printer_dataset/images/printer_71825169a9/8.jpg""]",8,2025-12-07 12:22:59.391165
printer_131c035ba2,https://www.olx.in/item/hard-disks-printers-monitors-c1509-clearance-sale-on-34-inch-acer-nitro-curved-gaming-monitor-ed343cur-x0-in-rt-nagar-bengaluru-iid-1827856105,Clearance Sale on 34 Inch Acer Nitro Curved Gaming Monitor ED343CUR X0,"• Quality Visuals: The Nitro EDA343CUR 34 Curved Display with QHD (3440 x 1440) resolution offers the sharpest picture quality and provides a perfect picture with a broader view. The zero-frame design does away with the thick frames found on conventional monitors freeing up precious screen space, so you have more to look at from edge to edge. • AMD Free Sync Premium Technology: Say “goodbye” to stuttering and tearing. With AMD Free Sync Premium, the monitor’s frames are synced with the graphics card’s frames, which eliminates screen tearing and provide the smoothest gaming experience. • Up to 120Hz Refresh Rate: The 120Hz refresh rate speeds up the frames per second to deliver ultra-smooth 2D scenes. With a rapid refresh rate of up to 120Hz, Acer Monitors shorten the time it takes for frame rendering, lower input lag and provide gamers an excellent in-game experience. • Responsive! Fast response time of 1ms enhanced gamers in-game experience. No matter the fast-moving action or any dramatic transitions will be all rendered smoothly without the annoying effects of smearing or ghosting. • Curved Screen: The 1000R curved 21:9 display wraps you in a world of entertainment with every corner of the screen at the same distance from your eyes for a uniform viewing experience without blind spots. Tilt the screen -5 to 15 degrees for the most comfortable view. • 34 UWQHD (3440 x 1440) 1000R Curved Widescreen Display AMD Free Sync Premium Technology • Refresh Rate: Up to 120Hz Response Time: 1ms (VRB) Pixel Pitch: 0.232mm Color Saturation: SRGB 99% • VESA mounting compliant (100 x 100mm) Zero-Frame Design 2 Speakers, 3 Watts per Speaker Ergonomic Tilt: -5° to 15° Ports: 2 x Display Port 1.2 & 2 x HDMI 2.0 Ports (Display Port Cable Included) - Hard Disks, Printers & Monitors",19999,"[""/content/drive/MyDrive/olx_printer_dataset/images/printer_131c035ba2/1.jpg"", ""/content/drive/MyDrive/olx_printer_dataset/images/printer_131c035ba2/2.jpg"", ""/content/drive/MyDrive/olx_printer_dataset/images/printer_131c035ba2/3.jpg"", ""/content/drive/MyDrive/olx_printer_dataset/images/printer_131c035ba2/4.jpg"", ""/content/drive/MyDrive/olx_printer_dataset/images/printer_131c035ba2/5.jpg"", ""/content/drive/MyDrive/olx_printer_dataset/images/printer_131c035ba2/6.jpg"", ""/content/drive/MyDrive/olx_printer_dataset/images/printer_131c035ba2/7.jpg"", ""/content/drive/MyDrive/olx_printer_dataset/images/printer_131c035ba2/8.jpg""]",8,2025-12-07 12:23:06.123199
printer_cd5462bbcc,https://www.olx.in/item/hard-disks-printers-monitors-c1509-epson-l805-6-colour-printer-in-malad-west-mumbai-iid-1828590553,Epson L805 - 6-colour printer,"Printer in excellent condition, great for photo printing and colour projects. - Hard Disks, Printers & Monitors",12000,"[""/content/drive/MyDrive/olx_printer_dataset/images/printer_cd5462bbcc/1.jpg"", ""/content/drive/MyDrive/olx_printer_dataset/images/printer_cd5462bbcc/2.jpg"", ""/content/drive/MyDrive/olx_printer_dataset/images/printer_cd5462bbcc/3.jpg"", ""/content/drive/MyDrive/olx_printer_dataset/images/printer_cd5462bbcc/4.jpg"", ""/content/drive/MyDrive/olx_printer_dataset/images/printer_cd5462bbcc/5.jpg"", ""/content/drive/MyDrive/olx_printer_dataset/images/printer_cd5462bbcc/6.jpg"", ""/content/drive/MyDrive/olx_printer_dataset/images/printer_cd5462bbcc/7.jpg"", ""/content/drive/MyDrive/olx_printer_dataset/images/printer_cd5462bbcc/8.jpg""]",8,2025-12-07 12:23:53.312786
printer_96203095e4,https://www.olx.in/item/hard-disks-printers-monitors-c1509-hard-disc-and-ram-in-rvs-nagar-coimbatore-iid-1828594213,Hard disc and Ram,"Hard disc and ram - Hard Disks, Printers & Monitors",300,"[""/content/drive/MyDrive/olx_printer_dataset/images/printer_96203095e4/1.jpg"", ""/content/drive/MyDrive/olx_printer_dataset/images/printer_96203095e4/2.jpg"", ""/content/drive/MyDrive/olx_printer_dataset/images/printer_96203095e4/3.jpg"", ""/content/drive/MyDrive/olx_printer_dataset/images/printer_96203095e4/4.jpg"", ""/content/drive/MyDrive/olx_printer_dataset/images/printer_96203095e4/5.jpg"", ""/content/drive/MyDrive/olx_printer_dataset/images/printer_96203095e4/6.jpg"", ""/content/drive/MyDrive/olx_printer_dataset/images/printer_96203095e4/7.jpg"", ""/content/drive/MyDrive/olx_printer_dataset/images/printer_96203095e4/8.jpg""]",8,2025-12-07 12:23:58.756666
printer_9f85200e3b,https://www.olx.in/item/hard-disks-printers-monitors-c1509-4-channel-nvr-cpplus-in-sector-124-mohali-iid-1828590689,4 channel NVR CPplus,"4channel nvr camera u can use two 8mp pixel camera , with motion detection, I need to go with 8 channel nvr - Hard Disks, Printers & Monitors",3000,"[""/content/drive/MyDrive/olx_printer_dataset/images/printer_9f85200e3b/1.jpg"", ""/content/drive/MyDrive/olx_printer_dataset/images/printer_9f85200e3b/2.jpg"", ""/content/drive/MyDrive/olx_printer_dataset/images/printer_9f85200e3b/3.jpg"", ""/content/drive/MyDrive/olx_printer_dataset/images/printer_9f85200e3b/4.jpg"", ""/content/drive/MyDrive/olx_printer_dataset/images/printer_9f85200e3b/5.jpg"", ""/content/drive/MyDrive/olx_printer_dataset/images/printer_9f85200e3b/6.jpg"", ""/content/drive/MyDrive/olx_printer_dataset/images/printer_9f85200e3b/7.jpg"", ""/content/drive/MyDrive/olx_printer_dataset/images/printer_9f85200e3b/8.jpg"", ""/content/drive/MyDrive/olx_printer_dataset/images/printer_9f85200e3b/9.jpg"", ""/content/drive/MyDrive/olx_printer_dataset/images/printer_9f85200e3b/10.jpg"", ""/content/drive/MyDrive/olx_printer_dataset/images/printer_9f85200e3b/11.jpg"", ""/content/drive/MyDrive/olx_printer_dataset/images/printer_9f85200e3b/12.jpg"", ""/content/drive/MyDrive/olx_printer_dataset/images/printer_9f85200e3b/13.jpg"", ""/content/drive/MyDrive/olx_printer_dataset/images/printer_9f85200e3b/14.jpg""]",14,2025-12-07 12:24:48.908691
printer_89e10cdcc7,https://www.olx.in/item/hard-disks-printers-monitors-c1509-hp-laserjet-m1136-in-sector-a-lucknow-iid-1828594783,Hp laserjet m1136,"cartridges Printer black and white - Hard Disks, Printers & Monitors",10000,"[""/content/drive/MyDrive/olx_printer_dataset/images/printer_89e10cdcc7/1.jpg"", ""/content/drive/MyDrive/olx_printer_dataset/images/printer_89e10cdcc7/2.jpg"", ""/content/drive/MyDrive/olx_printer_dataset/images/printer_89e10cdcc7/3.jpg"", ""/content/drive/MyDrive/olx_printer_dataset/images/printer_89e10cdcc7/4.jpg"", ""/content/drive/MyDrive/olx_printer_dataset/images/printer_89e10cdcc7/5.jpg"", ""/content/drive/MyDrive/olx_printer_dataset/images/printer_89e10cdcc7/6.jpg"", ""/content/drive/MyDrive/olx_printer_dataset/images/printer_89e10cdcc7/7.jpg"", ""/content/drive/MyDrive/olx_printer_dataset/images/printer_89e10cdcc7/8.jpg""]",8,2025-12-07 12:27:02.408387
printer_7160b19bc2,https://www.olx.in/item/hard-disks-printers-monitors-c1509-canon-printer-mg2577s-in-madambakkam-tambaram-iid-1814547293,Canon printer MG2577S,"Canon printer in good working condition - Hard Disks, Printers & Monitors",2000,"[""/content/drive/MyDrive/olx_printer_dataset/images/printer_7160b19bc2/1.jpg"", ""/content/drive/MyDrive/olx_printer_dataset/images/printer_7160b19bc2/2.jpg"", ""/content/drive/MyDrive/olx_printer_dataset/images/printer_7160b19bc2/3.jpg"", ""/content/drive/MyDrive/olx_printer_dataset/images/printer_7160b19bc2/4.jpg"", ""/content/drive/MyDrive/olx_printer_dataset/images/printer_7160b19bc2/5.jpg"", ""/content/drive/MyDrive/olx_printer_dataset/images/printer_7160b19bc2/6.jpg"", ""/content/drive/MyDrive/olx_printer_dataset/images/printer_7160b19bc2/7.jpg"", ""/content/drive/MyDrive/olx_printer_dataset/images/printer_7160b19bc2/8.jpg""]",8,2025-12-07 12:27:07.567434
printer_eccecdbded,https://www.olx.in/item/hard-disks-printers-monitors-c1509-laser-jet-pro-m706n-perfectly-functional-for-sale-in-lawspet-puducherry-iid-1826207376,Laser Jet Pro M706n Perfectly Functional For Sale,"• Laser Jet Pro M706n High Quality Black and White Laser printer. • The printer is in GOOD CONDITION. • Full NEW cartridge is also included. - Hard Disks, Printers & Monitors",11000,"[""/content/drive/MyDrive/olx_printer_dataset/images/printer_eccecdbded/1.jpg"", ""/content/drive/MyDrive/olx_printer_dataset/images/printer_eccecdbded/2.jpg"", ""/content/drive/MyDrive/olx_printer_dataset/images/printer_eccecdbded/3.jpg"", ""/content/drive/MyDrive/olx_printer_dataset/images/printer_eccecdbded/4.jpg"", ""/content/drive/MyDrive/olx_printer_dataset/images/printer_eccecdbded/5.jpg"", ""/content/drive/MyDrive/olx_printer_dataset/images/printer_eccecdbded/6.jpg"", ""/content/drive/MyDrive/olx_printer_dataset/images/printer_eccecdbded/7.jpg"", ""/content/drive/MyDrive/olx_printer_dataset/images/printer_eccecdbded/8.jpg""]",8,2025-12-07 12:30:08.278611
printer_66f0e01809,https://www.olx.in/item/hard-disks-printers-monitors-c1509-oxygen-concentrator-oc-02-in-sector-3-block-ga-bidhannagar-iid-1828590157,OXYGEN CONCENTRATOR OC-02,"oxygen concentrator(Dr . morepen) 5 liter..price can be reconsider according to the coustomer - Hard Disks, Printers & Monitors",12000,"[""/content/drive/MyDrive/olx_printer_dataset/images/printer_66f0e01809/1.jpg"", ""/content/drive/MyDrive/olx_printer_dataset/images/printer_66f0e01809/2.jpg"", ""/content/drive/MyDrive/olx_printer_dataset/images/printer_66f0e01809/3.jpg"", ""/content/drive/MyDrive/olx_printer_dataset/images/printer_66f0e01809/4.jpg"", ""/content/drive/MyDrive/olx_printer_dataset/images/printer_66f0e01809/5.jpg"", ""/content/drive/MyDrive/olx_printer_dataset/images/printer_66f0e01809/6.jpg"", ""/content/drive/MyDrive/olx_printer_dataset/images/printer_66f0e01809/7.jpg"", ""/content/drive/MyDrive/olx_printer_dataset/images/printer_66f0e01809/8.jpg""]",8,2025-12-07 12:31:37.927856
printer_6ba88e7c04,https://www.olx.in/item/hard-disks-printers-monitors-c1509-print-scan-xerox-machine-in-ambattur-prithvipakkam-chennai-iid-1828594498,"Print, scan xerox machine","All are good in condition - Hard Disks, Printers & Monitors",70000,"[""/content/drive/MyDrive/olx_printer_dataset/images/printer_6ba88e7c04/1.jpg"", ""/content/drive/MyDrive/olx_printer_dataset/images/printer_6ba88e7c04/2.jpg"", ""/content/drive/MyDrive/olx_printer_dataset/images/printer_6ba88e7c04/3.jpg"", ""/content/drive/MyDrive/olx_printer_dataset/images/printer_6ba88e7c04/4.jpg"", ""/content/drive/MyDrive/olx_printer_dataset/images/printer_6ba88e7c04/5.jpg"", ""/content/drive/MyDrive/olx_printer_dataset/images/printer_6ba88e7c04/6.jpg"", ""/content/drive/MyDrive/olx_printer_dataset/images/printer_6ba88e7c04/7.jpg"", ""/content/drive/MyDrive/olx_printer_dataset/images/printer_6ba88e7c04/8.jpg""]",8,2025-12-07 12:32:25.976920
printer_eddc643d61,https://www.olx.in/item/hard-disks-printers-monitors-c1509-canon-printerg2010-in-pashupati-vihar-colony-bareilly-iid-1816168916,Canon printerG2010,"I am selling new printer use nhi kiya h . Only genius contact me. Ink bhi full hai - Hard Disks, Printers & Monitors",7600,"[""/content/drive/MyDrive/olx_printer_dataset/images/printer_eddc643d61/1.jpg"", ""/content/drive/MyDrive/olx_printer_dataset/images/printer_eddc643d61/2.jpg"", ""/content/drive/MyDrive/olx_printer_dataset/images/printer_eddc643d61/3.jpg"", ""/content/drive/MyDrive/olx_printer_dataset/images/printer_eddc643d61/4.jpg"", ""/content/drive/MyDrive/olx_printer_dataset/images/printer_eddc643d61/5.jpg"", ""/content/drive/MyDrive/olx_printer_dataset/images/printer_eddc643d61/6.jpg"", ""/content/drive/MyDrive/olx_printer_dataset/images/printer_eddc643d61/7.jpg"", ""/content/drive/MyDrive/olx_printer_dataset/images/printer_eddc643d61/8.jpg""]",8,2025-12-07 12:35:28.147703
printer_7366595c54,https://www.olx.in/item/hard-disks-printers-monitors-c1509-printer-machine-in-azad-nagar-delhi-iid-1828593975,Printer Machine,"Selling a printer that is in good condition and working fine, just 1 tear old - Hard Disks, Printers & Monitors",7500,"[""/content/drive/MyDrive/olx_printer_dataset/images/printer_7366595c54/1.jpg"", ""/content/drive/MyDrive/olx_printer_dataset/images/printer_7366595c54/2.jpg"", ""/content/drive/MyDrive/olx_printer_dataset/images/printer_7366595c54/3.jpg"", ""/content/drive/MyDrive/olx_printer_dataset/images/printer_7366595c54/4.jpg"", ""/content/drive/MyDrive/olx_printer_dataset/images/printer_7366595c54/5.jpg"", ""/content/drive/MyDrive/olx_printer_dataset/images/printer_7366595c54/6.jpg"", ""/content/drive/MyDrive/olx_printer_dataset/images/printer_7366595c54/7.jpg"", ""/content/drive/MyDrive/olx_printer_dataset/images/printer_7366595c54/8.jpg""]",8,2025-12-07 12:36:17.504209
printer_8e41f4ae39,https://www.olx.in/item/hard-disks-printers-monitors-c1509-gfroce-rtx-3060-in-bhagal-surat-iid-1828593191,Gfroce rtx 3060,"ZOTAC Gaming GeForce RTX 3070 Ti AMP Extreme Holo graphics card 8GB of GDDR6X memory - Hard Disks, Printers & Monitors",15500,"[""/content/drive/MyDrive/olx_printer_dataset/images/printer_8e41f4ae39/1.jpg"", ""/content/drive/MyDrive/olx_printer_dataset/images/printer_8e41f4ae39/2.jpg"", ""/content/drive/MyDrive/olx_printer_dataset/images/printer_8e41f4ae39/3.jpg"", ""/content/drive/MyDrive/olx_printer_dataset/images/printer_8e41f4ae39/4.jpg"", ""/content/drive/MyDrive/olx_printer_dataset/images/printer_8e41f4ae39/5.jpg"", ""/content/drive/MyDrive/olx_printer_dataset/images/printer_8e41f4ae39/6.jpg"", ""/content/drive/MyDrive/olx_printer_dataset/images/printer_8e41f4ae39/7.jpg"", ""/content/drive/MyDrive/olx_printer_dataset/images/printer_8e41f4ae39/8.jpg""]",8,2025-12-07 12:36:24.869671
printer_5df3408aca,https://www.olx.in/item/hard-disks-printers-monitors-c1509-hp-designjet-510-plotter-in-nandanam-chennai-iid-1828242249,HP DESIGNJET 510 plotter,"HP DESIGNJET 510 plotter 6 years old A0 size colour printer - Hard Disks, Printers & Monitors",40000,"[""/content/drive/MyDrive/olx_printer_dataset/images/printer_5df3408aca/1.jpg"", ""/content/drive/MyDrive/olx_printer_dataset/images/printer_5df3408aca/2.jpg"", ""/content/drive/MyDrive/olx_printer_dataset/images/printer_5df3408aca/3.jpg"", ""/content/drive/MyDrive/olx_printer_dataset/images/printer_5df3408aca/4.jpg"", ""/content/drive/MyDrive/olx_printer_dataset/images/printer_5df3408aca/5.jpg"", ""/content/drive/MyDrive/olx_printer_dataset/images/printer_5df3408aca/6.jpg"", ""/content/drive/MyDrive/olx_printer_dataset/images/printer_5df3408aca/7.jpg"", ""/content/drive/MyDrive/olx_printer_dataset/images/printer_5df3408aca/8.jpg""]",8,2025-12-07 12:37:13.777180
printer_17fa27a15a,https://www.olx.in/item/hard-disks-printers-monitors-c1509-geonix-powershell-s7-external-hard-drive-2tb-in-baba-saheb-ambedkar-chowk-mumbai-iid-1828594846,Geonix powershell s7 external hard drive 2tb,"One day old geonix will bill and original box - Hard Disks, Printers & Monitors",6500,"[""/content/drive/MyDrive/olx_printer_dataset/images/printer_17fa27a15a/1.jpg"", ""/content/drive/MyDrive/olx_printer_dataset/images/printer_17fa27a15a/2.jpg"", ""/content/drive/MyDrive/olx_printer_dataset/images/printer_17fa27a15a/3.jpg"", ""/content/drive/MyDrive/olx_printer_dataset/images/printer_17fa27a15a/4.jpg"", ""/content/drive/MyDrive/olx_printer_dataset/images/printer_17fa27a15a/5.jpg"", ""/content/drive/MyDrive/olx_printer_dataset/images/printer_17fa27a15a/6.jpg"", ""/content/drive/MyDrive/olx_printer_dataset/images/printer_17fa27a15a/7.jpg"", ""/content/drive/MyDrive/olx_printer_dataset/images/printer_17fa27a15a/8.jpg""]",8,2025-12-07 12:38:43.539908
printer_b51a6d72be,https://www.olx.in/item/hard-disks-printers-monitors-c1509-canon-pixma-e510-multi-function-color-inkjet-printer-in-kotturpuram-police-quarters-chennai-iid-1828107228,Canon PIXMA E510 Multi-function Color Inkjet Printer,"Second hand Canon E510 printer for sale (Price negotiable), great condition, sparingly used and fully functional. Specifications: Compatible Inks/toners: Compatible Colour Cartridge: Canon CL-98 Tricolor Ink Catridge Compatible Black cartridge: Canon PG88 Black Ink Catridge Print: Max Print Resolution (Colour): 4800 x 1200 dpi Max Print Resolution (Mono):4800x1200 dpi Print speed Photo (10 x 15):44 sec Print Speed Color: 5 ipm Print Speed Mono:8.6 ipm Duplex Print:No Other Print Features: Ink End Sensor is Dot Count, Print Head Alignment is Manual Type, Printing Area Top Margin: 32.5 mm, Printing Area Bottom Margin: 33.5 mm, Paper Handling Plain paper: A4, A5, B5, LTR=100, LGL=10, High Resolution Paper: A4=80, Photo Paper Pro Platinum: 4 x 6 inch=20, A4=10, Photo Paper Plus Glossy II: 4 x 6 inch=20, A4=10, Photo Paper Pro Luster: A4=10, Photo Paper Plus Semi-Gloss: 4 x 6 inch=20, A4/8 x 10 inch=10, Glossy Photo Paper Everyday Use: 4 x 6 inch=20, A4=10, Matte Photo Paper: 4 x 6 inch=20, A4=10 Additional Features: Paper Weight - Plain Paper: 64 - 105 g / m2, Canon Specialty Paper: Max Paper Weight: Approx. 300g / m2 (Photo Paper Pro Platinum PT-101) Sales Package: In The Box: Printer, USB Cable, CD, Power Chord, NO ink cartridge Copy: Maximum Multicopy: 20 pages System Requirements: Compatible Operating System: Windows XP (SP2, SP3), Windows Vista (SP1, SP2), Windows 7 SP1, Mac OS X v10.4.11 - 10.7,Windows 7 or higher General: Brand:Canon Active Noise Level: 43 Printing Method:Inkjet Type:Multi-function Display: 7 segment LED Model Name: PIXMA E510 Model Series: PIXMA Printing Output:Color Functions: Copy, Scan, Print Refill Type: Ink Cartridge Voice Assistant Compatibility: NA OS Supported: Windows, macOS, Linux Connectivity: USB Interface Support: USB Connectivity: Connectivity: USB USB support: USB 2.0 Wireless Support: No Paper Handling: Media types supported: Plain Paper, Photo Paper Plus Glossy II, Photo Paper Plus Semi-gloss, Glossy Photo Paper Everyday Use, Photo Paper Pro Luster Auto Document Feeder: No Input tray capacity: 100 pages Borderless printing: Yes Media size supported: A4, A5, B5, LTR, LGL, 4 x 6, 5 x 7, 8 x 10 Scan: Bit depth Colour: 48-bit, 24-bit Bit depth Mono: 16-bit, 8-bit Scan area size: 216 x 297 mm Scan Method: Contact Image Sensor (CIS) Optical scanning resolution: 1200x2400 dpi Scan Type: Flatbed Fax: Resolution: 4800x1200 dpi Dimensions And Weight: Height: 15.2 cm Width: 44.9 cm Weight: 5.3 kg Depth: 30.4 cm - Hard Disks, Printers & Monitors",2500,"[""/content/drive/MyDrive/olx_printer_dataset/images/printer_b51a6d72be/1.jpg"", ""/content/drive/MyDrive/olx_printer_dataset/images/printer_b51a6d72be/2.jpg"", ""/content/drive/MyDrive/olx_printer_dataset/images/printer_b51a6d72be/3.jpg"", ""/content/drive/MyDrive/olx_printer_dataset/images/printer_b51a6d72be/4.jpg"", ""/content/drive/MyDrive/olx_printer_dataset/images/printer_b51a6d72be/5.jpg"", ""/content/drive/MyDrive/olx_printer_dataset/images/printer_b51a6d72be/6.jpg"", ""/content/drive/MyDrive/olx_printer_dataset/images/printer_b51a6d72be/7.jpg"", ""/content/drive/MyDrive/olx_printer_dataset/images/printer_b51a6d72be/8.jpg""]",8,2025-12-07 12:38:50.809814
printer_29a66c98f8,https://www.olx.in/item/hard-disks-printers-monitors-c1509-printer-for-sale-in-battala-agartala-iid-1828590232,PRINTER FOR SALE,"I want to sell my hp printer at minimal cost - Hard Disks, Printers & Monitors",4000,"[""/content/drive/MyDrive/olx_printer_dataset/images/printer_29a66c98f8/1.jpg"", ""/content/drive/MyDrive/olx_printer_dataset/images/printer_29a66c98f8/2.jpg"", ""/content/drive/MyDrive/olx_printer_dataset/images/printer_29a66c98f8/3.jpg"", ""/content/drive/MyDrive/olx_printer_dataset/images/printer_29a66c98f8/4.jpg"", ""/content/drive/MyDrive/olx_printer_dataset/images/printer_29a66c98f8/5.jpg"", ""/content/drive/MyDrive/olx_printer_dataset/images/printer_29a66c98f8/6.jpg"", ""/content/drive/MyDrive/olx_printer_dataset/images/printer_29a66c98f8/7.jpg"", ""/content/drive/MyDrive/olx_printer_dataset/images/printer_29a66c98f8/8.jpg""]",8,2025-12-07 12:40:20.314504
printer_776973e0be,https://www.olx.in/item/hard-disks-printers-monitors-c1509-harddisc-toshiba-in-laskana-surat-iid-1786818960,Harddisc toshiba..,"1 tb good condition - Hard Disks, Printers & Monitors",1100,"[""/content/drive/MyDrive/olx_printer_dataset/images/printer_776973e0be/1.jpg"", ""/content/drive/MyDrive/olx_printer_dataset/images/printer_776973e0be/2.jpg"", ""/content/drive/MyDrive/olx_printer_dataset/images/printer_776973e0be/3.jpg"", ""/content/drive/MyDrive/olx_printer_dataset/images/printer_776973e0be/4.jpg"", ""/content/drive/MyDrive/olx_printer_dataset/images/printer_776973e0be/5.jpg"", ""/content/drive/MyDrive/olx_printer_dataset/images/printer_776973e0be/6.jpg"", ""/content/drive/MyDrive/olx_printer_dataset/images/printer_776973e0be/7.jpg"", ""/content/drive/MyDrive/olx_printer_dataset/images/printer_776973e0be/8.jpg""]",8,2025-12-07 12:41:07.112875
printer_56e5bfd554,https://www.olx.in/item/hard-disks-printers-monitors-c1509-epson-l6460-in-andulia-kandi-iid-1828550359,EPSON L6460,"New condition - Hard Disks, Printers & Monitors",14999,"[""/content/drive/MyDrive/olx_printer_dataset/images/printer_56e5bfd554/1.jpg"", ""/content/drive/MyDrive/olx_printer_dataset/images/printer_56e5bfd554/2.jpg"", ""/content/drive/MyDrive/olx_printer_dataset/images/printer_56e5bfd554/3.jpg"", ""/content/drive/MyDrive/olx_printer_dataset/images/printer_56e5bfd554/4.jpg"", ""/content/drive/MyDrive/olx_printer_dataset/images/printer_56e5bfd554/5.jpg"", ""/content/drive/MyDrive/olx_printer_dataset/images/printer_56e5bfd554/6.jpg"", ""/content/drive/MyDrive/olx_printer_dataset/images/printer_56e5bfd554/7.jpg"", ""/content/drive/MyDrive/olx_printer_dataset/images/printer_56e5bfd554/8.jpg""]",8,2025-12-07 12:41:13.893921
printer_f82779036b,https://www.olx.in/item/hard-disks-printers-monitors-c1509-wd-1tb-external-hdd-in-shakti-nagar-bahadurgarh-iid-1825917913,WD 1TB external hdd,"WD 1TB external hdd - Hard Disks, Printers & Monitors",1799,"[""/content/drive/MyDrive/olx_printer_dataset/images/printer_f82779036b/1.jpg"", ""/content/drive/MyDrive/olx_printer_dataset/images/printer_f82779036b/2.jpg"", ""/content/drive/MyDrive/olx_printer_dataset/images/printer_f82779036b/3.jpg"", ""/content/drive/MyDrive/olx_printer_dataset/images/printer_f82779036b/4.jpg"", ""/content/drive/MyDrive/olx_printer_dataset/images/printer_f82779036b/5.jpg"", ""/content/drive/MyDrive/olx_printer_dataset/images/printer_f82779036b/6.jpg"", ""/content/drive/MyDrive/olx_printer_dataset/images/printer_f82779036b/7.jpg"", ""/content/drive/MyDrive/olx_printer_dataset/images/printer_f82779036b/8.jpg""]",8,2025-12-07 12:41:19.862693
printer_1c6f168bb4,https://www.olx.in/item/hard-disks-printers-monitors-c1509-lg-29-inch-ultrawide-monitor-29wp60g-in-ollur-thrissur-iid-1824880147,LG 29 INCH ULTRAWIDE MONITOR (29WP60G),"LG 29WP60G MONITOR, 3 years old, Very Good Condition, Last Price - No negotiation... - Hard Disks, Printers & Monitors",10500,"[""/content/drive/MyDrive/olx_printer_dataset/images/printer_1c6f168bb4/1.jpg"", ""/content/drive/MyDrive/olx_printer_dataset/images/printer_1c6f168bb4/2.jpg"", ""/content/drive/MyDrive/olx_printer_dataset/images/printer_1c6f168bb4/3.jpg"", ""/content/drive/MyDrive/olx_printer_dataset/images/printer_1c6f168bb4/4.jpg"", ""/content/drive/MyDrive/olx_printer_dataset/images/printer_1c6f168bb4/5.jpg"", ""/content/drive/MyDrive/olx_printer_dataset/images/printer_1c6f168bb4/6.jpg"", ""/content/drive/MyDrive/olx_printer_dataset/images/printer_1c6f168bb4/7.jpg"", ""/content/drive/MyDrive/olx_printer_dataset/images/printer_1c6f168bb4/8.jpg""]",8,2025-12-07 12:48:00.431339
printer_12366fc4f6,https://www.olx.in/item/hard-disks-printers-monitors-c1509-printer-scanner-color-in-gurdwara-sahib-colony-sirhind-fatehgarh-sahib-iid-1826352556,"Printer, Scanner (color)","Canon printer and scanner - Hard Disks, Printers & Monitors",2600,"[""/content/drive/MyDrive/olx_printer_dataset/images/printer_12366fc4f6/1.jpg"", ""/content/drive/MyDrive/olx_printer_dataset/images/printer_12366fc4f6/2.jpg"", ""/content/drive/MyDrive/olx_printer_dataset/images/printer_12366fc4f6/3.jpg"", ""/content/drive/MyDrive/olx_printer_dataset/images/printer_12366fc4f6/4.jpg"", ""/content/drive/MyDrive/olx_printer_dataset/images/printer_12366fc4f6/5.jpg"", ""/content/drive/MyDrive/olx_printer_dataset/images/printer_12366fc4f6/6.jpg"", ""/content/drive/MyDrive/olx_printer_dataset/images/printer_12366fc4f6/7.jpg"", ""/content/drive/MyDrive/olx_printer_dataset/images/printer_12366fc4f6/8.jpg"", ""/content/drive/MyDrive/olx_printer_dataset/images/printer_12366fc4f6/9.jpg"", ""/content/drive/MyDrive/olx_printer_dataset/images/printer_12366fc4f6/10.jpg"", ""/content/drive/MyDrive/olx_printer_dataset/images/printer_12366fc4f6/11.jpg"", ""/content/drive/MyDrive/olx_printer_dataset/images/printer_12366fc4f6/12.jpg"", ""/content/drive/MyDrive/olx_printer_dataset/images/printer_12366fc4f6/13.jpg"", ""/content/drive/MyDrive/olx_printer_dataset/images/printer_12366fc4f6/14.jpg""]",14,2025-12-07 12:48:54.577782
printer_4a0cd7ca1e,https://www.olx.in/item/hard-disks-printers-monitors-c1509-flat-bed-printer-a3plus-in-sanath-nagar-hyderabad-iid-1828568390,Flat bed printer A3PLUS,"Uv flatbed printer A3 PLUS - Hard Disks, Printers & Monitors",300000,"[""/content/drive/MyDrive/olx_printer_dataset/images/printer_4a0cd7ca1e/1.jpg"", ""/content/drive/MyDrive/olx_printer_dataset/images/printer_4a0cd7ca1e/2.jpg"", ""/content/drive/MyDrive/olx_printer_dataset/images/printer_4a0cd7ca1e/3.jpg"", ""/content/drive/MyDrive/olx_printer_dataset/images/printer_4a0cd7ca1e/4.jpg"", ""/content/drive/MyDrive/olx_printer_dataset/images/printer_4a0cd7ca1e/5.jpg"", ""/content/drive/MyDrive/olx_printer_dataset/images/printer_4a0cd7ca1e/6.jpg"", ""/content/drive/MyDrive/olx_printer_dataset/images/printer_4a0cd7ca1e/7.jpg"", ""/content/drive/MyDrive/olx_printer_dataset/images/printer_4a0cd7ca1e/8.jpg""]",8,2025-12-07 12:49:41.746855
printer_121566d4e3,https://www.olx.in/item/hard-disks-printers-monitors-c1509-planar-pll2210-22-inch-led-monitor-in-pt-colony-hyderabad-iid-1828594133,Planar PLL2210 - 22-inch LED Monitor,"Planar PLL2210 - 22-inch LED Monitor - Hard Disks, Printers & Monitors",5000,"[""/content/drive/MyDrive/olx_printer_dataset/images/printer_121566d4e3/1.jpg"", ""/content/drive/MyDrive/olx_printer_dataset/images/printer_121566d4e3/2.jpg"", ""/content/drive/MyDrive/olx_printer_dataset/images/printer_121566d4e3/3.jpg"", ""/content/drive/MyDrive/olx_printer_dataset/images/printer_121566d4e3/4.jpg"", ""/content/drive/MyDrive/olx_printer_dataset/images/printer_121566d4e3/5.jpg"", ""/content/drive/MyDrive/olx_printer_dataset/images/printer_121566d4e3/6.jpg"", ""/content/drive/MyDrive/olx_printer_dataset/images/printer_121566d4e3/7.jpg"", ""/content/drive/MyDrive/olx_printer_dataset/images/printer_121566d4e3/8.jpg""]",8,2025-12-07 12:50:29.439879
printer_fe66e82e7b,https://www.olx.in/item/hard-disks-printers-monitors-c1509-27-inch-lenovo-monitor-in-kadugodi-bengaluru-iid-1824637059,27 inch Lenovo Monitor,"27 inch Lenovo Monitor for sale. It's hardly used and in excellent condition - Hard Disks, Printers & Monitors",9000,"[""/content/drive/MyDrive/olx_printer_dataset/images/printer_fe66e82e7b/1.jpg"", ""/content/drive/MyDrive/olx_printer_dataset/images/printer_fe66e82e7b/2.jpg"", ""/content/drive/MyDrive/olx_printer_dataset/images/printer_fe66e82e7b/3.jpg"", ""/content/drive/MyDrive/olx_printer_dataset/images/printer_fe66e82e7b/4.jpg"", ""/content/drive/MyDrive/olx_printer_dataset/images/printer_fe66e82e7b/5.jpg"", ""/content/drive/MyDrive/olx_printer_dataset/images/printer_fe66e82e7b/6.jpg"", ""/content/drive/MyDrive/olx_printer_dataset/images/printer_fe66e82e7b/7.jpg"", ""/content/drive/MyDrive/olx_printer_dataset/images/printer_fe66e82e7b/8.jpg""]",8,2025-12-07 12:51:17.567572
printer_da6019f31c,https://www.olx.in/item/hard-disks-printers-monitors-c1509-epson-ecotank-l805-ink-tank-photo-colour-printer-in-rohini-sector-29-delhi-iid-1827448560,Epson Ecotank L805 Ink Tank Photo Colour Printer,"Printer Type: InkTank; Functions: Print; Printer output: Colour; Only interested pls msg want to sell urgently. Price can be negotiated - Hard Disks, Printers & Monitors",7999,"[""/content/drive/MyDrive/olx_printer_dataset/images/printer_da6019f31c/1.jpg"", ""/content/drive/MyDrive/olx_printer_dataset/images/printer_da6019f31c/2.jpg"", ""/content/drive/MyDrive/olx_printer_dataset/images/printer_da6019f31c/3.jpg"", ""/content/drive/MyDrive/olx_printer_dataset/images/printer_da6019f31c/4.jpg"", ""/content/drive/MyDrive/olx_printer_dataset/images/printer_da6019f31c/5.jpg"", ""/content/drive/MyDrive/olx_printer_dataset/images/printer_da6019f31c/6.jpg"", ""/content/drive/MyDrive/olx_printer_dataset/images/printer_da6019f31c/7.jpg"", ""/content/drive/MyDrive/olx_printer_dataset/images/printer_da6019f31c/8.jpg""]",8,2025-12-07 12:52:04.272911
printer_4bd765e8a2,https://www.olx.in/item/hard-disks-printers-monitors-c1509-photo-copy-canon-printer-for-sale-in-changorabhata-raipur-iid-1827678660,Photo copy Canon printer for sale,"Printer for sale mint condition all original canon part Only serious buyer can contact - Hard Disks, Printers & Monitors",32000,"[""/content/drive/MyDrive/olx_printer_dataset/images/printer_4bd765e8a2/1.jpg"", ""/content/drive/MyDrive/olx_printer_dataset/images/printer_4bd765e8a2/2.jpg"", ""/content/drive/MyDrive/olx_printer_dataset/images/printer_4bd765e8a2/3.jpg"", ""/content/drive/MyDrive/olx_printer_dataset/images/printer_4bd765e8a2/4.jpg"", ""/content/drive/MyDrive/olx_printer_dataset/images/printer_4bd765e8a2/5.jpg"", ""/content/drive/MyDrive/olx_printer_dataset/images/printer_4bd765e8a2/6.jpg"", ""/content/drive/MyDrive/olx_printer_dataset/images/printer_4bd765e8a2/7.jpg"", ""/content/drive/MyDrive/olx_printer_dataset/images/printer_4bd765e8a2/8.jpg""]",8,2025-12-07 12:52:08.987259
printer_1528ef26a1,https://www.olx.in/item/hard-disks-printers-monitors-c1509-4flow-meters-3medium-1large-new-very-good-condition-for-commercial-use-in-nagsenvan-aurangabad-iid-1828594675,4Flow meters 3medium 1large New very good condition for commercial use,"4 Flow meter 3medium 1large New very good condition for commercial use in very reasonable price - Hard Disks, Printers & Monitors",60000,"[""/content/drive/MyDrive/olx_printer_dataset/images/printer_1528ef26a1/1.jpg"", ""/content/drive/MyDrive/olx_printer_dataset/images/printer_1528ef26a1/2.jpg"", ""/content/drive/MyDrive/olx_printer_dataset/images/printer_1528ef26a1/3.jpg"", ""/content/drive/MyDrive/olx_printer_dataset/images/printer_1528ef26a1/4.jpg"", ""/content/drive/MyDrive/olx_printer_dataset/images/printer_1528ef26a1/5.jpg"", ""/content/drive/MyDrive/olx_printer_dataset/images/printer_1528ef26a1/6.jpg"", ""/content/drive/MyDrive/olx_printer_dataset/images/printer_1528ef26a1/7.jpg"", ""/content/drive/MyDrive/olx_printer_dataset/images/printer_1528ef26a1/8.jpg""]",8,2025-12-07 12:52:15.118189
printer_ec2144ad05,https://www.olx.in/item/hard-disks-printers-monitors-c1509-paise-ki-jarurat-h-in-firozabad-industrial-area-firozabad-iid-1828376067,Paise ki jarurat h,"Paise ki jarurat hai - Hard Disks, Printers & Monitors",2500,"[""/content/drive/MyDrive/olx_printer_dataset/images/printer_ec2144ad05/1.jpg"", ""/content/drive/MyDrive/olx_printer_dataset/images/printer_ec2144ad05/2.jpg"", ""/content/drive/MyDrive/olx_printer_dataset/images/printer_ec2144ad05/3.jpg"", ""/content/drive/MyDrive/olx_printer_dataset/images/printer_ec2144ad05/4.jpg"", ""/content/drive/MyDrive/olx_printer_dataset/images/printer_ec2144ad05/5.jpg"", ""/content/drive/MyDrive/olx_printer_dataset/images/printer_ec2144ad05/6.jpg"", ""/content/drive/MyDrive/olx_printer_dataset/images/printer_ec2144ad05/7.jpg"", ""/content/drive/MyDrive/olx_printer_dataset/images/printer_ec2144ad05/8.jpg""]",8,2025-12-07 12:52:19.829937
printer_efd6bc0175,https://www.olx.in/item/hard-disks-printers-monitors-c1509-kyocera-2040dn-in-amlidih-raipur-iid-1817568405,Kyocera 2040dn,"Best machine ever Worth every penny of it Sirf paper atak rha h - Hard Disks, Printers & Monitors",26000,"[""/content/drive/MyDrive/olx_printer_dataset/images/printer_efd6bc0175/1.jpg"", ""/content/drive/MyDrive/olx_printer_dataset/images/printer_efd6bc0175/2.jpg"", ""/content/drive/MyDrive/olx_printer_dataset/images/printer_efd6bc0175/3.jpg"", ""/content/drive/MyDrive/olx_printer_dataset/images/printer_efd6bc0175/4.jpg"", ""/content/drive/MyDrive/olx_printer_dataset/images/printer_efd6bc0175/5.jpg"", ""/content/drive/MyDrive/olx_printer_dataset/images/printer_efd6bc0175/6.jpg"", ""/content/drive/MyDrive/olx_printer_dataset/images/printer_efd6bc0175/7.jpg"", ""/content/drive/MyDrive/olx_printer_dataset/images/printer_efd6bc0175/8.jpg""]",8,2025-12-07 12:52:25.372915
printer_9a9295202b,https://www.olx.in/item/hard-disks-printers-monitors-c1509-kyocera-ecosys-m2040dn-in-mandi-bazar-warangal-iid-1816604507,Kyocera ecosys M2040dn,"No external damage working good ,minor repair - Hard Disks, Printers & Monitors",18000,"[""/content/drive/MyDrive/olx_printer_dataset/images/printer_9a9295202b/1.jpg"", ""/content/drive/MyDrive/olx_printer_dataset/images/printer_9a9295202b/2.jpg"", ""/content/drive/MyDrive/olx_printer_dataset/images/printer_9a9295202b/3.jpg"", ""/content/drive/MyDrive/olx_printer_dataset/images/printer_9a9295202b/4.jpg"", ""/content/drive/MyDrive/olx_printer_dataset/images/printer_9a9295202b/5.jpg"", ""/content/drive/MyDrive/olx_printer_dataset/images/printer_9a9295202b/6.jpg"", ""/content/drive/MyDrive/olx_printer_dataset/images/printer_9a9295202b/7.jpg"", ""/content/drive/MyDrive/olx_printer_dataset/images/printer_9a9295202b/8.jpg""]",8,2025-12-07 12:53:12.622032
printer_260b0b2f4f,https://www.olx.in/item/hard-disks-printers-monitors-c1509-viewsonic-27-inch-monitor-va2708-2k-in-rt-nagar-bengaluru-iid-1827858450,ViewSonic 27 Inch Monitor VA2708 2K,"• SEE THE DIFFERENCE: 27 Inch Full HD (1920x1080p) gaming monitor with thin bezels • MAXIMIZED GAMEPLAY: 180Hz refresh rate and 1ms MPRT response time (with Display Port) for ultimate gaming experience • ULTRA-SMOOTH GAMING: Free Sync technology enables fluid and tear-free game play • ENHANCED VIEWING COMFORT: Flicker-Free technology and Blue Light Filter for reduced eye fatigue • GAME ON: An arsenal of Pre- set customizable visual modes keeps you ready for any FPS, RTS, or MOBA games • FLEXIBLE CONNECTIVITY: The VX2718-P-MHD supports laptops, PCs, and Macs with HDMI and Display Port inputs - Hard Disks, Printers & Monitors",8999,"[""/content/drive/MyDrive/olx_printer_dataset/images/printer_260b0b2f4f/1.jpg"", ""/content/drive/MyDrive/olx_printer_dataset/images/printer_260b0b2f4f/2.jpg"", ""/content/drive/MyDrive/olx_printer_dataset/images/printer_260b0b2f4f/3.jpg"", ""/content/drive/MyDrive/olx_printer_dataset/images/printer_260b0b2f4f/4.jpg"", ""/content/drive/MyDrive/olx_printer_dataset/images/printer_260b0b2f4f/5.jpg"", ""/content/drive/MyDrive/olx_printer_dataset/images/printer_260b0b2f4f/6.jpg"", ""/content/drive/MyDrive/olx_printer_dataset/images/printer_260b0b2f4f/7.jpg"", ""/content/drive/MyDrive/olx_printer_dataset/images/printer_260b0b2f4f/8.jpg""]",8,2025-12-07 12:53:19.042641
printer_b633a43277,https://www.olx.in/item/hard-disks-printers-monitors-c1509-epson-l3211-printer-in-sector-2d-bokaro-steel-city-iid-1828590609,Epson L3211 printer,"Printer colour jamed ...have to repair - Hard Disks, Printers & Monitors",8000,"[""/content/drive/MyDrive/olx_printer_dataset/images/printer_b633a43277/1.jpg"", ""/content/drive/MyDrive/olx_printer_dataset/images/printer_b633a43277/2.jpg"", ""/content/drive/MyDrive/olx_printer_dataset/images/printer_b633a43277/3.jpg"", ""/content/drive/MyDrive/olx_printer_dataset/images/printer_b633a43277/4.jpg"", ""/content/drive/MyDrive/olx_printer_dataset/images/printer_b633a43277/5.jpg"", ""/content/drive/MyDrive/olx_printer_dataset/images/printer_b633a43277/6.jpg"", ""/content/drive/MyDrive/olx_printer_dataset/images/printer_b633a43277/7.jpg"", ""/content/drive/MyDrive/olx_printer_dataset/images/printer_b633a43277/8.jpg"", ""/content/drive/MyDrive/olx_printer_dataset/images/printer_b633a43277/9.jpg"", ""/content/drive/MyDrive/olx_printer_dataset/images/printer_b633a43277/10.jpg"", ""/content/drive/MyDrive/olx_printer_dataset/images/printer_b633a43277/11.jpg"", ""/content/drive/MyDrive/olx_printer_dataset/images/printer_b633a43277/12.jpg"", ""/content/drive/MyDrive/olx_printer_dataset/images/printer_b633a43277/13.jpg"", ""/content/drive/MyDrive/olx_printer_dataset/images/printer_b633a43277/14.jpg""]",14,2025-12-07 12:53:27.670348
printer_c01eb4f489,https://www.olx.in/item/hard-disks-printers-monitors-c1509-all-types-printer-laptop-repir-and-rc-sale-in-mp-nagar-bhopal-iid-1823413138,All types printer Laptop Repir And Rc sale,"All types printer Laptop solution - Hard Disks, Printers & Monitors",9500,"[""/content/drive/MyDrive/olx_printer_dataset/images/printer_c01eb4f489/1.jpg"", ""/content/drive/MyDrive/olx_printer_dataset/images/printer_c01eb4f489/2.jpg"", ""/content/drive/MyDrive/olx_printer_dataset/images/printer_c01eb4f489/3.jpg"", ""/content/drive/MyDrive/olx_printer_dataset/images/printer_c01eb4f489/4.jpg"", ""/content/drive/MyDrive/olx_printer_dataset/images/printer_c01eb4f489/5.jpg"", ""/content/drive/MyDrive/olx_printer_dataset/images/printer_c01eb4f489/6.jpg"", ""/content/drive/MyDrive/olx_printer_dataset/images/printer_c01eb4f489/7.jpg"", ""/content/drive/MyDrive/olx_printer_dataset/images/printer_c01eb4f489/8.jpg""]",8,2025-12-07 12:55:01.339845
printer_9bf5500707,https://www.olx.in/item/hard-disks-printers-monitors-c1509-dell-presison-5410-i5-10th-16gb-ram-512gb-ssd-in-kottar-nagercoil-iid-1822141537,DELL PRESISON 5410 i5 10th 16GB RAM 512GB SSD,"DELL PRECISION 5410 • Processor: Intel Core i5 10th Gen • RAM: 16GB • Storage: 512GB SSD • Condition: Very good, no issues • Performance: Smooth for office work, AutoCAD, Designing, Programming, Online classes, etc. Highly durable business series laptop. Battery backup good, body neat and clean. Price: (Rs. 25,500) --- DELL PRECISION 5420 • Processor: Intel Core i5 11th Gen • RAM: 16GB • Storage: 512GB SSD • Condition: Excellent • Usage: Best for professional work, heavy multitasking, designing and daily use. Latest model with strong performance and premium quality. Price: (Rs.26,500)   22 inch Lenovo 300 nos available Dell p2214 led 200 nos available Dell 7070 i59th 16gb 512gb 18500 Retail and Whole Sale available Cantact Now - Hard Disks, Printers & Monitors",25500,"[""/content/drive/MyDrive/olx_printer_dataset/images/printer_9bf5500707/1.jpg"", ""/content/drive/MyDrive/olx_printer_dataset/images/printer_9bf5500707/2.jpg"", ""/content/drive/MyDrive/olx_printer_dataset/images/printer_9bf5500707/3.jpg"", ""/content/drive/MyDrive/olx_printer_dataset/images/printer_9bf5500707/4.jpg"", ""/content/drive/MyDrive/olx_printer_dataset/images/printer_9bf5500707/5.jpg"", ""/content/drive/MyDrive/olx_printer_dataset/images/printer_9bf5500707/6.jpg"", ""/content/drive/MyDrive/olx_printer_dataset/images/printer_9bf5500707/7.jpg"", ""/content/drive/MyDrive/olx_printer_dataset/images/printer_9bf5500707/8.jpg"", ""/content/drive/MyDrive/olx_printer_dataset/images/printer_9bf5500707/9.jpg"", ""/content/drive/MyDrive/olx_printer_dataset/images/printer_9bf5500707/10.jpg"", ""/content/drive/MyDrive/olx_printer_dataset/images/printer_9bf5500707/11.jpg"", ""/content/drive/MyDrive/olx_printer_dataset/images/printer_9bf5500707/12.jpg"", ""/content/drive/MyDrive/olx_printer_dataset/images/printer_9bf5500707/13.jpg"", ""/content/drive/MyDrive/olx_printer_dataset/images/printer_9bf5500707/14.jpg""]",14,2025-12-07 12:55:52.300258
printer_07c2f1b361,https://www.olx.in/item/hard-disks-printers-monitors-c1509-clearance-sale-on-27-inch-acer-led-gaming-monitor-kg271-x1-in-rt-nagar-bengaluru-iid-1827848038,Clearance Sale on 27 Inch Acer LED Gaming Monitor KG271 X1,"• Quality Visuals: The KG271 27 IPS monitor with 1920 x 1080 Full HD resolution in a 16:9 aspect ratio presents stunning, high-quality images with excellent detail. The zero-frame design does away with the thick frames found on conventional monitors freeing up precious screen space. • AMD Free Sync Premium Technology: Say “goodbye” to stuttering and tearing. With AMD Free Sync Premium, the monitor’s frames are synced with the graphics card’s frames, which eliminates screen tearing and provide the smoothest gaming experience. • 200Hz Refresh Rate: The 200Hz refresh rate speeds up the frames per second to deliver an ultra-smooth 2D motion scene. With a rapid refresh rate of up to 200Hz, Acer Gaming Monitors shorten the time it takes for frame rendering, lower input lag and provide gamers an excellent in-game experience. • Responsive Up to 0.5ms GTG (Gray to Gray) response time enhanced gamers’ in-game experience. No matter if the fast-moving action or any dramatic transitions will be rendered smoothly without the annoying effects of smearing or ghosting with KG271 Gaming Monitor. • New Depths of Color Accuracy: This monitor is ideal for color-critical projects producing accurate colors, supporting sRGB 99%. An amazing monitor for graphic designers, photographers and film editors. - Hard Disks, Printers & Monitors",7999,"[""/content/drive/MyDrive/olx_printer_dataset/images/printer_07c2f1b361/1.jpg"", ""/content/drive/MyDrive/olx_printer_dataset/images/printer_07c2f1b361/2.jpg"", ""/content/drive/MyDrive/olx_printer_dataset/images/printer_07c2f1b361/3.jpg"", ""/content/drive/MyDrive/olx_printer_dataset/images/printer_07c2f1b361/4.jpg"", ""/content/drive/MyDrive/olx_printer_dataset/images/printer_07c2f1b361/5.jpg"", ""/content/drive/MyDrive/olx_printer_dataset/images/printer_07c2f1b361/6.jpg"", ""/content/drive/MyDrive/olx_printer_dataset/images/printer_07c2f1b361/7.jpg"", ""/content/drive/MyDrive/olx_printer_dataset/images/printer_07c2f1b361/8.jpg""]",8,2025-12-07 12:55:57.178278
printer_3c44317c9e,https://www.olx.in/item/hard-disks-printers-monitors-c1509-lg-monitor-in-aamdi-chhattisgarh-iid-1828587375,LG Monitor,"Flatron E1641 - Hard Disks, Printers & Monitors",1299,"[""/content/drive/MyDrive/olx_printer_dataset/images/printer_3c44317c9e/1.jpg"", ""/content/drive/MyDrive/olx_printer_dataset/images/printer_3c44317c9e/2.jpg"", ""/content/drive/MyDrive/olx_printer_dataset/images/printer_3c44317c9e/3.jpg"", ""/content/drive/MyDrive/olx_printer_dataset/images/printer_3c44317c9e/4.jpg"", ""/content/drive/MyDrive/olx_printer_dataset/images/printer_3c44317c9e/5.jpg"", ""/content/drive/MyDrive/olx_printer_dataset/images/printer_3c44317c9e/6.jpg"", ""/content/drive/MyDrive/olx_printer_dataset/images/printer_3c44317c9e/7.jpg"", ""/content/drive/MyDrive/olx_printer_dataset/images/printer_3c44317c9e/8.jpg""]",8,2025-12-07 12:56:45.815460
printer_e444ed95a1,https://www.olx.in/item/hard-disks-printers-monitors-c1509-kyocera-taskalfa-1800-very-good-condition-and-working-in-rcf-colony-kapurthala-iid-1828587799,Kyocera taskalfa 1800 very good condition and working,"Good condition and working scanner,print out,photostat only serious buyer call &msg - Hard Disks, Printers & Monitors",13500,"[""/content/drive/MyDrive/olx_printer_dataset/images/printer_e444ed95a1/1.jpg"", ""/content/drive/MyDrive/olx_printer_dataset/images/printer_e444ed95a1/2.jpg"", ""/content/drive/MyDrive/olx_printer_dataset/images/printer_e444ed95a1/3.jpg"", ""/content/drive/MyDrive/olx_printer_dataset/images/printer_e444ed95a1/4.jpg"", ""/content/drive/MyDrive/olx_printer_dataset/images/printer_e444ed95a1/5.jpg"", ""/content/drive/MyDrive/olx_printer_dataset/images/printer_e444ed95a1/6.jpg"", ""/content/drive/MyDrive/olx_printer_dataset/images/printer_e444ed95a1/7.jpg"", ""/content/drive/MyDrive/olx_printer_dataset/images/printer_e444ed95a1/8.jpg""]",8,2025-12-07 12:56:50.600962
printer_c5f2e1a78e,https://www.olx.in/item/hard-disks-printers-monitors-c1509-hdd-for-sale-in-navneet-colony-patna-iid-1828352325,HDD FOR SALE,"Seagate 4 HDD HAI FOR Desktop and CCTV Footages Storage, etc. 1TB = Rs 3.5 k hazar ( new cost 6000) 2TB = Rs 7 k hazar ( New cost 10,000) 4TB = Rs 10 k Hazar (New Cost 14,000) Price Negotable !! APP SARE BHI LE SAKTE HAI YAH KOI 1 BHI . Selling because wedding mixing kaam band kar dia hai , uss lia he lia tha to ab use nhi ho rha hai iska. Message Fast Selling quickly. - Hard Disks, Printers & Monitors",2000,"[""/content/drive/MyDrive/olx_printer_dataset/images/printer_c5f2e1a78e/1.jpg"", ""/content/drive/MyDrive/olx_printer_dataset/images/printer_c5f2e1a78e/2.jpg"", ""/content/drive/MyDrive/olx_printer_dataset/images/printer_c5f2e1a78e/3.jpg"", ""/content/drive/MyDrive/olx_printer_dataset/images/printer_c5f2e1a78e/4.jpg"", ""/content/drive/MyDrive/olx_printer_dataset/images/printer_c5f2e1a78e/5.jpg"", ""/content/drive/MyDrive/olx_printer_dataset/images/printer_c5f2e1a78e/6.jpg"", ""/content/drive/MyDrive/olx_printer_dataset/images/printer_c5f2e1a78e/7.jpg"", ""/content/drive/MyDrive/olx_printer_dataset/images/printer_c5f2e1a78e/8.jpg""]",8,2025-12-07 12:56:59.842039
printer_59a60c3c05,https://www.olx.in/item/hard-disks-printers-monitors-c1509-dell-p2414h-full-hd-monitor-in-thuraipakkam-armugam-avenue-chennai-iid-1826873952,Dell P2414H full HD monitor,"Dell P2414H full HD monitor in very good condition available for sale. Contact Sundareshwaran Chennai - Hard Disks, Printers & Monitors",10000,"[""/content/drive/MyDrive/olx_printer_dataset/images/printer_59a60c3c05/1.jpg"", ""/content/drive/MyDrive/olx_printer_dataset/images/printer_59a60c3c05/2.jpg"", ""/content/drive/MyDrive/olx_printer_dataset/images/printer_59a60c3c05/3.jpg"", ""/content/drive/MyDrive/olx_printer_dataset/images/printer_59a60c3c05/4.jpg"", ""/content/drive/MyDrive/olx_printer_dataset/images/printer_59a60c3c05/5.jpg"", ""/content/drive/MyDrive/olx_printer_dataset/images/printer_59a60c3c05/6.jpg"", ""/content/drive/MyDrive/olx_printer_dataset/images/printer_59a60c3c05/7.jpg"", ""/content/drive/MyDrive/olx_printer_dataset/images/printer_59a60c3c05/8.jpg""]",8,2025-12-07 12:57:48.651835
printer_9fe04388cd,https://www.olx.in/item/hard-disks-printers-monitors-c1509-hp-brand-23-inch-lcd-monitor-in-good-working-condition-in-arakere-bengaluru-iid-1826334109,Hp Brand 23 inch LCD monitor in good working condition,"Hp Brand 23 inch LCD monitor in good working condition (Dp,vga and dvi port available) (Without stand it can be Wall mounted) - Hard Disks, Printers & Monitors",3600,"[""/content/drive/MyDrive/olx_printer_dataset/images/printer_9fe04388cd/1.jpg"", ""/content/drive/MyDrive/olx_printer_dataset/images/printer_9fe04388cd/2.jpg"", ""/content/drive/MyDrive/olx_printer_dataset/images/printer_9fe04388cd/3.jpg"", ""/content/drive/MyDrive/olx_printer_dataset/images/printer_9fe04388cd/4.jpg"", ""/content/drive/MyDrive/olx_printer_dataset/images/printer_9fe04388cd/5.jpg"", ""/content/drive/MyDrive/olx_printer_dataset/images/printer_9fe04388cd/6.jpg"", ""/content/drive/MyDrive/olx_printer_dataset/images/printer_9fe04388cd/7.jpg"", ""/content/drive/MyDrive/olx_printer_dataset/images/printer_9fe04388cd/8.jpg"", ""/content/drive/MyDrive/olx_printer_dataset/images/printer_9fe04388cd/9.jpg""]",9,2025-12-07 13:00:02.006454
printer_d547d0513d,https://www.olx.in/item/hard-disks-printers-monitors-c1509-wacom-dth1320k0-cintiq-pro-13-pen-display-hd-lcd-monitor-used-in-karangalpady-mangaluru-iid-1826375901,Wacom DTH1320K0 Cintiq Pro 13 Pen Display HD LCD Monitor (USED),"Hi, I am selling my Wacom Cintiq Pro 13 because I no longer have use for it. This model is one of a kind, legacy model and very hard to come by now. Available for pick-up and will ship pan India if needed (shipping charges upto Rs. 300 will be covered by me). What you will get: - Wacom Display - Wacom Pro Pen with pen holder and extra nibs - Wacom link to connect to Windows and Mac - AC Power adapter The M.R.P is between 58,000/- to 68,000/- and the product is very hard to find today. PS - Open to slight negotiation as already VERY realistically priced. But will not entertain unreasonable offers. PLEASE NOTE: - HDMI & USB-C (DATA CABLE) ARE NOT INCLUDED. Thank you. - Hard Disks, Printers & Monitors",21000,"[""/content/drive/MyDrive/olx_printer_dataset/images/printer_d547d0513d/1.jpg"", ""/content/drive/MyDrive/olx_printer_dataset/images/printer_d547d0513d/2.jpg"", ""/content/drive/MyDrive/olx_printer_dataset/images/printer_d547d0513d/3.jpg"", ""/content/drive/MyDrive/olx_printer_dataset/images/printer_d547d0513d/4.jpg"", ""/content/drive/MyDrive/olx_printer_dataset/images/printer_d547d0513d/5.jpg"", ""/content/drive/MyDrive/olx_printer_dataset/images/printer_d547d0513d/6.jpg"", ""/content/drive/MyDrive/olx_printer_dataset/images/printer_d547d0513d/7.jpg"", ""/content/drive/MyDrive/olx_printer_dataset/images/printer_d547d0513d/8.jpg""]",8,2025-12-07 13:00:09.462330
printer_9c6133ab90,https://www.olx.in/item/hard-disks-printers-monitors-c1509-hp-scanjet-pro-3000-s3-in-basantpur-rajnandgaon-iid-1828584918,Hp scanjet pro 3000 s3,"Scanner 2 year old with bill - Hard Disks, Printers & Monitors",15500,"[""/content/drive/MyDrive/olx_printer_dataset/images/printer_9c6133ab90/1.jpg"", ""/content/drive/MyDrive/olx_printer_dataset/images/printer_9c6133ab90/2.jpg"", ""/content/drive/MyDrive/olx_printer_dataset/images/printer_9c6133ab90/3.jpg"", ""/content/drive/MyDrive/olx_printer_dataset/images/printer_9c6133ab90/4.jpg"", ""/content/drive/MyDrive/olx_printer_dataset/images/printer_9c6133ab90/5.jpg"", ""/content/drive/MyDrive/olx_printer_dataset/images/printer_9c6133ab90/6.jpg"", ""/content/drive/MyDrive/olx_printer_dataset/images/printer_9c6133ab90/7.jpg"", ""/content/drive/MyDrive/olx_printer_dataset/images/printer_9c6133ab90/8.jpg""]",8,2025-12-07 13:00:15.881055
printer_40e46f4c4a,https://www.olx.in/item/hard-disks-printers-monitors-c1509-ssd-solid-state-drive-128-gb-consistent-in-hari-enclave-bulandshahr-iid-1828584348,Ssd solid state drive 128 gb consistent,"Ssd of 128gb of consistent - Hard Disks, Printers & Monitors",1000,"[""/content/drive/MyDrive/olx_printer_dataset/images/printer_40e46f4c4a/1.jpg"", ""/content/drive/MyDrive/olx_printer_dataset/images/printer_40e46f4c4a/2.jpg"", ""/content/drive/MyDrive/olx_printer_dataset/images/printer_40e46f4c4a/3.jpg"", ""/content/drive/MyDrive/olx_printer_dataset/images/printer_40e46f4c4a/4.jpg"", ""/content/drive/MyDrive/olx_printer_dataset/images/printer_40e46f4c4a/5.jpg"", ""/content/drive/MyDrive/olx_printer_dataset/images/printer_40e46f4c4a/6.jpg"", ""/content/drive/MyDrive/olx_printer_dataset/images/printer_40e46f4c4a/7.jpg"", ""/content/drive/MyDrive/olx_printer_dataset/images/printer_40e46f4c4a/8.jpg""]",8,2025-12-07 13:05:28.356886
printer_a8b6cd8851,https://www.olx.in/item/hard-disks-printers-monitors-c1509-stabilizer-6kv-in-dum-duma-darbhanga-iid-1828585023,stabilizer - 6kv,"6 kva working condition stabilizer - Hard Disks, Printers & Monitors",6500,"[""/content/drive/MyDrive/olx_printer_dataset/images/printer_a8b6cd8851/1.jpg"", ""/content/drive/MyDrive/olx_printer_dataset/images/printer_a8b6cd8851/2.jpg"", ""/content/drive/MyDrive/olx_printer_dataset/images/printer_a8b6cd8851/3.jpg"", ""/content/drive/MyDrive/olx_printer_dataset/images/printer_a8b6cd8851/4.jpg"", ""/content/drive/MyDrive/olx_printer_dataset/images/printer_a8b6cd8851/5.jpg"", ""/content/drive/MyDrive/olx_printer_dataset/images/printer_a8b6cd8851/6.jpg"", ""/content/drive/MyDrive/olx_printer_dataset/images/printer_a8b6cd8851/7.jpg"", ""/content/drive/MyDrive/olx_printer_dataset/images/printer_a8b6cd8851/8.jpg""]",8,2025-12-07 13:05:33.979301
printer_c2e7469de5,https://www.olx.in/item/hard-disks-printers-monitors-c1509-canon-3045-in-v-nagar-rasipuram-iid-1828588883,"Canon 3045,","Canon 3045, - Hard Disks, Printers & Monitors",40000,"[""/content/drive/MyDrive/olx_printer_dataset/images/printer_c2e7469de5/1.jpg"", ""/content/drive/MyDrive/olx_printer_dataset/images/printer_c2e7469de5/2.jpg"", ""/content/drive/MyDrive/olx_printer_dataset/images/printer_c2e7469de5/3.jpg"", ""/content/drive/MyDrive/olx_printer_dataset/images/printer_c2e7469de5/4.jpg"", ""/content/drive/MyDrive/olx_printer_dataset/images/printer_c2e7469de5/5.jpg"", ""/content/drive/MyDrive/olx_printer_dataset/images/printer_c2e7469de5/6.jpg"", ""/content/drive/MyDrive/olx_printer_dataset/images/printer_c2e7469de5/7.jpg"", ""/content/drive/MyDrive/olx_printer_dataset/images/printer_c2e7469de5/8.jpg"", ""/content/drive/MyDrive/olx_printer_dataset/images/printer_c2e7469de5/9.jpg"", ""/content/drive/MyDrive/olx_printer_dataset/images/printer_c2e7469de5/10.jpg"", ""/content/drive/MyDrive/olx_printer_dataset/images/printer_c2e7469de5/11.jpg"", ""/content/drive/MyDrive/olx_printer_dataset/images/printer_c2e7469de5/12.jpg"", ""/content/drive/MyDrive/olx_printer_dataset/images/printer_c2e7469de5/13.jpg"", ""/content/drive/MyDrive/olx_printer_dataset/images/printer_c2e7469de5/14.jpg""]",14,2025-12-07 13:05:44.783492
printer_9f77ef4b3e,https://www.olx.in/item/hard-disks-printers-monitors-c1509-advance-image-runner-4025-canon-printer-in-tilak-nagar-delhi-iid-1828585580,Advance image runner 4025 canon printer,"4 trays working and color scan and black and white printer & photo copy totally good condition - Hard Disks, Printers & Monitors",55000,"[""/content/drive/MyDrive/olx_printer_dataset/images/printer_9f77ef4b3e/1.jpg"", ""/content/drive/MyDrive/olx_printer_dataset/images/printer_9f77ef4b3e/2.jpg"", ""/content/drive/MyDrive/olx_printer_dataset/images/printer_9f77ef4b3e/3.jpg"", ""/content/drive/MyDrive/olx_printer_dataset/images/printer_9f77ef4b3e/4.jpg"", ""/content/drive/MyDrive/olx_printer_dataset/images/printer_9f77ef4b3e/5.jpg"", ""/content/drive/MyDrive/olx_printer_dataset/images/printer_9f77ef4b3e/6.jpg"", ""/content/drive/MyDrive/olx_printer_dataset/images/printer_9f77ef4b3e/7.jpg"", ""/content/drive/MyDrive/olx_printer_dataset/images/printer_9f77ef4b3e/8.jpg""]",8,2025-12-07 13:05:51.685648
printer_8d20fb5436,https://www.olx.in/item/hard-disks-printers-monitors-c1509-laser-jet-tank-mfp-2606-sdw-printer-in-ganga-enclave-behta-hazipur-iid-1828584451,Laser jet tank MFP 2606 sdw printer,"In good condition used less than 1 year is on under guarantee - Hard Disks, Printers & Monitors",20000,"[""/content/drive/MyDrive/olx_printer_dataset/images/printer_8d20fb5436/1.jpg"", ""/content/drive/MyDrive/olx_printer_dataset/images/printer_8d20fb5436/2.jpg"", ""/content/drive/MyDrive/olx_printer_dataset/images/printer_8d20fb5436/3.jpg"", ""/content/drive/MyDrive/olx_printer_dataset/images/printer_8d20fb5436/4.jpg"", ""/content/drive/MyDrive/olx_printer_dataset/images/printer_8d20fb5436/5.jpg"", ""/content/drive/MyDrive/olx_printer_dataset/images/printer_8d20fb5436/6.jpg"", ""/content/drive/MyDrive/olx_printer_dataset/images/printer_8d20fb5436/7.jpg"", ""/content/drive/MyDrive/olx_printer_dataset/images/printer_8d20fb5436/8.jpg""]",8,2025-12-07 13:05:58.007991
printer_ed5b8529ac,https://www.olx.in/item/hard-disks-printers-monitors-c1509-xerox-machine-in-rani-anna-nagar-salem-iid-1828589494,Xerox machine,"Xerox machine - (Model : Sindoh HD N410/MF Series) - Hard Disks, Printers & Monitors",50000,"[""/content/drive/MyDrive/olx_printer_dataset/images/printer_ed5b8529ac/1.jpg"", ""/content/drive/MyDrive/olx_printer_dataset/images/printer_ed5b8529ac/2.jpg"", ""/content/drive/MyDrive/olx_printer_dataset/images/printer_ed5b8529ac/3.jpg"", ""/content/drive/MyDrive/olx_printer_dataset/images/printer_ed5b8529ac/4.jpg"", ""/content/drive/MyDrive/olx_printer_dataset/images/printer_ed5b8529ac/5.jpg"", ""/content/drive/MyDrive/olx_printer_dataset/images/printer_ed5b8529ac/6.jpg"", ""/content/drive/MyDrive/olx_printer_dataset/images/printer_ed5b8529ac/7.jpg"", ""/content/drive/MyDrive/olx_printer_dataset/images/printer_ed5b8529ac/8.jpg""]",8,2025-12-07 13:06:44.458309
printer_ad61593bc5,https://www.olx.in/item/hard-disks-printers-monitors-c1509-photostat-machine-in-malappuram-up-hill-malappuram-iid-1826281236,Photostat machine,"Updating to new - Hard Disks, Printers & Monitors",24000,"[""/content/drive/MyDrive/olx_printer_dataset/images/printer_ad61593bc5/1.jpg"", ""/content/drive/MyDrive/olx_printer_dataset/images/printer_ad61593bc5/2.jpg"", ""/content/drive/MyDrive/olx_printer_dataset/images/printer_ad61593bc5/3.jpg"", ""/content/drive/MyDrive/olx_printer_dataset/images/printer_ad61593bc5/4.jpg"", ""/content/drive/MyDrive/olx_printer_dataset/images/printer_ad61593bc5/5.jpg"", ""/content/drive/MyDrive/olx_printer_dataset/images/printer_ad61593bc5/6.jpg"", ""/content/drive/MyDrive/olx_printer_dataset/images/printer_ad61593bc5/7.jpg"", ""/content/drive/MyDrive/olx_printer_dataset/images/printer_ad61593bc5/8.jpg""]",8,2025-12-07 13:06:52.179670
printer_989ef76d18,https://www.olx.in/item/hard-disks-printers-monitors-c1509-canon-pixma-in-chandivali-mumbai-iid-1828588294,Canon Pixma,"Sparingly used colour printer with a scanner - Hard Disks, Printers & Monitors",2500,"[""/content/drive/MyDrive/olx_printer_dataset/images/printer_989ef76d18/1.jpg"", ""/content/drive/MyDrive/olx_printer_dataset/images/printer_989ef76d18/2.jpg"", ""/content/drive/MyDrive/olx_printer_dataset/images/printer_989ef76d18/3.jpg"", ""/content/drive/MyDrive/olx_printer_dataset/images/printer_989ef76d18/4.jpg"", ""/content/drive/MyDrive/olx_printer_dataset/images/printer_989ef76d18/5.jpg"", ""/content/drive/MyDrive/olx_printer_dataset/images/printer_989ef76d18/6.jpg"", ""/content/drive/MyDrive/olx_printer_dataset/images/printer_989ef76d18/7.jpg"", ""/content/drive/MyDrive/olx_printer_dataset/images/printer_989ef76d18/8.jpg""]",8,2025-12-07 13:06:59.819110
printer_c2f7b591bb,https://www.olx.in/item/hard-disks-printers-monitors-c1509-hp-laser-jet-pro-m126-printer-in-parsi-dungarwadi-ahmedabad-iid-1828588295,HP laser jet pro M126 printer,"HP laser jet pro M126 printer condition like new without carterage Print, Copy, Scan In jashoda nagar - Hard Disks, Printers & Monitors",15000,"[""/content/drive/MyDrive/olx_printer_dataset/images/printer_c2f7b591bb/1.jpg"", ""/content/drive/MyDrive/olx_printer_dataset/images/printer_c2f7b591bb/2.jpg"", ""/content/drive/MyDrive/olx_printer_dataset/images/printer_c2f7b591bb/3.jpg"", ""/content/drive/MyDrive/olx_printer_dataset/images/printer_c2f7b591bb/4.jpg"", ""/content/drive/MyDrive/olx_printer_dataset/images/printer_c2f7b591bb/5.jpg"", ""/content/drive/MyDrive/olx_printer_dataset/images/printer_c2f7b591bb/6.jpg"", ""/content/drive/MyDrive/olx_printer_dataset/images/printer_c2f7b591bb/7.jpg"", ""/content/drive/MyDrive/olx_printer_dataset/images/printer_c2f7b591bb/8.jpg""]",8,2025-12-07 13:07:46.965343
printer_d76166dc0c,https://www.olx.in/item/hard-disks-printers-monitors-c1509-keyboardportable-monitorusb-dockextenal-hard-disk-12000-each-in-kaloor-kochi-iid-1828588219,"Keyboard,Portable Monitor,USB DOCK,Extenal Hard Disk-12,000/- Each","Keyboard,Portable Monitor,USB DOCK,Extenal Hard Disk for Sale.. Will be sold separately also Price- Rs.12,000/- Each Contact-message me in OLX will call back immediately - Hard Disks, Printers & Monitors",12000,"[""/content/drive/MyDrive/olx_printer_dataset/images/printer_d76166dc0c/1.jpg"", ""/content/drive/MyDrive/olx_printer_dataset/images/printer_d76166dc0c/2.jpg"", ""/content/drive/MyDrive/olx_printer_dataset/images/printer_d76166dc0c/3.jpg"", ""/content/drive/MyDrive/olx_printer_dataset/images/printer_d76166dc0c/4.jpg"", ""/content/drive/MyDrive/olx_printer_dataset/images/printer_d76166dc0c/5.jpg"", ""/content/drive/MyDrive/olx_printer_dataset/images/printer_d76166dc0c/6.jpg"", ""/content/drive/MyDrive/olx_printer_dataset/images/printer_d76166dc0c/7.jpg"", ""/content/drive/MyDrive/olx_printer_dataset/images/printer_d76166dc0c/8.jpg""]",8,2025-12-07 13:08:34.412672
printer_8841ffda6a,https://www.olx.in/item/hard-disks-printers-monitors-c1509-type-writer-machines-in-dnp-nagar-vijayawada-iid-1828586369,Type Writer Machines,"Godrej Type writer in Good working condition Prize Negotiable - Hard Disks, Printers & Monitors",6500,"[""/content/drive/MyDrive/olx_printer_dataset/images/printer_8841ffda6a/1.jpg"", ""/content/drive/MyDrive/olx_printer_dataset/images/printer_8841ffda6a/2.jpg"", ""/content/drive/MyDrive/olx_printer_dataset/images/printer_8841ffda6a/3.jpg"", ""/content/drive/MyDrive/olx_printer_dataset/images/printer_8841ffda6a/4.jpg"", ""/content/drive/MyDrive/olx_printer_dataset/images/printer_8841ffda6a/5.jpg"", ""/content/drive/MyDrive/olx_printer_dataset/images/printer_8841ffda6a/6.jpg"", ""/content/drive/MyDrive/olx_printer_dataset/images/printer_8841ffda6a/7.jpg"", ""/content/drive/MyDrive/olx_printer_dataset/images/printer_8841ffda6a/8.jpg""]",8,2025-12-07 13:09:21.156455
printer_d2d8b2572f,https://www.olx.in/item/hard-disks-printers-monitors-c1509-27-1440p-hp-monitor-in-doddanekundi-bengaluru-iid-1828586743,27 1440p HP Monitor,"Model: HP E27u G4 Display: 2560x1440 60 Hz Input: USB C, HDMI, Display Port INCLUDING MONITOR ARM FREE (18K MRP) Perfect condition No dead pixels VESA compatible Slightly used office monitor Reason for selling: I want to buy a high refresh rate monitor. DM for any additional info - Hard Disks, Printers & Monitors",12000,"[""/content/drive/MyDrive/olx_printer_dataset/images/printer_d2d8b2572f/1.jpg"", ""/content/drive/MyDrive/olx_printer_dataset/images/printer_d2d8b2572f/2.jpg"", ""/content/drive/MyDrive/olx_printer_dataset/images/printer_d2d8b2572f/3.jpg"", ""/content/drive/MyDrive/olx_printer_dataset/images/printer_d2d8b2572f/4.jpg"", ""/content/drive/MyDrive/olx_printer_dataset/images/printer_d2d8b2572f/5.jpg"", ""/content/drive/MyDrive/olx_printer_dataset/images/printer_d2d8b2572f/6.jpg"", ""/content/drive/MyDrive/olx_printer_dataset/images/printer_d2d8b2572f/7.jpg"", ""/content/drive/MyDrive/olx_printer_dataset/images/printer_d2d8b2572f/8.jpg""]",8,2025-12-07 13:09:51.157642
printer_9edb4a420f,https://www.olx.in/item/hard-disks-printers-monitors-c1509-dvd-player-in-vivekanand-nagar-mumbai-iid-1293628513,DVD player,"Silver And Black HP Printer - Hard Disks, Printers & Monitors",7000,"[""/content/drive/MyDrive/olx_printer_dataset/images/printer_9edb4a420f/1.jpg"", ""/content/drive/MyDrive/olx_printer_dataset/images/printer_9edb4a420f/3.jpg"", ""/content/drive/MyDrive/olx_printer_dataset/images/printer_9edb4a420f/4.jpg"", ""/content/drive/MyDrive/olx_printer_dataset/images/printer_9edb4a420f/5.jpg"", ""/content/drive/MyDrive/olx_printer_dataset/images/printer_9edb4a420f/6.jpg"", ""/content/drive/MyDrive/olx_printer_dataset/images/printer_9edb4a420f/7.jpg"", ""/content/drive/MyDrive/olx_printer_dataset/images/printer_9edb4a420f/8.jpg"", ""/content/drive/MyDrive/olx_printer_dataset/images/printer_9edb4a420f/9.jpg"", ""/content/drive/MyDrive/olx_printer_dataset/images/printer_9edb4a420f/10.jpg"", ""/content/drive/MyDrive/olx_printer_dataset/images/printer_9edb4a420f/11.jpg"", ""/content/drive/MyDrive/olx_printer_dataset/images/printer_9edb4a420f/12.jpg"", ""/content/drive/MyDrive/olx_printer_dataset/images/printer_9edb4a420f/13.jpg"", ""/content/drive/MyDrive/olx_printer_dataset/images/printer_9edb4a420f/14.jpg""]",13,2025-12-07 13:10:41.220399
printer_2511e99e33,https://www.olx.in/item/hard-disks-printers-monitors-c1509-hp-deskjet-ink-advantage-2677-in-shibpur-howrah-iid-1811062632,HP Deskjet Ink Advantage 2677,"HP brand printer + scanner + photocopy (least used, no scratch, clean as new, cartridge dried out/without cartridge). - Hard Disks, Printers & Monitors",3500,"[""/content/drive/MyDrive/olx_printer_dataset/images/printer_2511e99e33/1.jpg"", ""/content/drive/MyDrive/olx_printer_dataset/images/printer_2511e99e33/2.jpg"", ""/content/drive/MyDrive/olx_printer_dataset/images/printer_2511e99e33/3.jpg"", ""/content/drive/MyDrive/olx_printer_dataset/images/printer_2511e99e33/4.jpg"", ""/content/drive/MyDrive/olx_printer_dataset/images/printer_2511e99e33/5.jpg"", ""/content/drive/MyDrive/olx_printer_dataset/images/printer_2511e99e33/6.jpg"", ""/content/drive/MyDrive/olx_printer_dataset/images/printer_2511e99e33/7.jpg"", ""/content/drive/MyDrive/olx_printer_dataset/images/printer_2511e99e33/8.jpg""]",8,2025-12-07 13:12:55.541596
printer_fe7be7775d,https://www.olx.in/item/hard-disks-printers-monitors-c1509-canon-e4270-print-scan-copy-wireless-wifi-printer-excelent-condition-in-gangyal-jammu-iid-1827529380,Canon E4270 Print Scan Copy Wireless WiFi Printer – Excelent Condition,"Print / Scan / Copy / Fax – All-in-One Printer in good working condition. All functions working properly. Currently out of ink – refill or cartridge replacement required. Ideal for home or office use. Well maintained Wi-Fi + USB connectivity. Supports Apple AirPrint and Google Cloud Print. Ink Efficient model with very low print cost. Duplex (2-side) printing. ADF available. High-quality prints with 4800×1200 DPI resolution. Scan resolution: 600×1200 DPI. Wireless printing from mobile and laptop. Page yield: PG-47 Black ~400 pages, CL-57 Color ~300 pages. Bill and Box available - Hard Disks, Printers & Monitors",6450,"[""/content/drive/MyDrive/olx_printer_dataset/images/printer_fe7be7775d/1.jpg"", ""/content/drive/MyDrive/olx_printer_dataset/images/printer_fe7be7775d/2.jpg"", ""/content/drive/MyDrive/olx_printer_dataset/images/printer_fe7be7775d/3.jpg"", ""/content/drive/MyDrive/olx_printer_dataset/images/printer_fe7be7775d/4.jpg"", ""/content/drive/MyDrive/olx_printer_dataset/images/printer_fe7be7775d/5.jpg"", ""/content/drive/MyDrive/olx_printer_dataset/images/printer_fe7be7775d/6.jpg"", ""/content/drive/MyDrive/olx_printer_dataset/images/printer_fe7be7775d/7.jpg"", ""/content/drive/MyDrive/olx_printer_dataset/images/printer_fe7be7775d/8.jpg""]",8,2025-12-07 13:14:23.621841
printer_ad4e1e8213,https://www.olx.in/item/hard-disks-printers-monitors-c1509-simmtronics-ssd-120-gb-in-kabir-colony-gwalior-iid-1828588248,Simmtronics SSD 120 gb,"Format nhi ho rahi hai. Pata nhi - Hard Disks, Printers & Monitors",900,"[""/content/drive/MyDrive/olx_printer_dataset/images/printer_ad4e1e8213/1.jpg"", ""/content/drive/MyDrive/olx_printer_dataset/images/printer_ad4e1e8213/2.jpg"", ""/content/drive/MyDrive/olx_printer_dataset/images/printer_ad4e1e8213/3.jpg"", ""/content/drive/MyDrive/olx_printer_dataset/images/printer_ad4e1e8213/4.jpg"", ""/content/drive/MyDrive/olx_printer_dataset/images/printer_ad4e1e8213/5.jpg"", ""/content/drive/MyDrive/olx_printer_dataset/images/printer_ad4e1e8213/6.jpg"", ""/content/drive/MyDrive/olx_printer_dataset/images/printer_ad4e1e8213/7.jpg"", ""/content/drive/MyDrive/olx_printer_dataset/images/printer_ad4e1e8213/8.jpg""]",8,2025-12-07 13:14:29.177865
printer_84356b4168,https://www.olx.in/item/hard-disks-printers-monitors-c1509-sandisk-1tb-portable-ssd-in-kandivali-west-mumbai-iid-1828493969,Sandisk 1TB Portable SSD,"Rarely used portable SSD-800MB/s R, USB 3.2 Gen 2, Rugged SSD with Upto 2 Meter Drop Protection, Type-C to Type-A Cable, PC & Mac Compatible, External SSD (SDSSDE30-1T00-G26) Note - this product comes with no box - Hard Disks, Printers & Monitors",9999,"[""/content/drive/MyDrive/olx_printer_dataset/images/printer_84356b4168/1.jpg"", ""/content/drive/MyDrive/olx_printer_dataset/images/printer_84356b4168/2.jpg"", ""/content/drive/MyDrive/olx_printer_dataset/images/printer_84356b4168/3.jpg"", ""/content/drive/MyDrive/olx_printer_dataset/images/printer_84356b4168/4.jpg"", ""/content/drive/MyDrive/olx_printer_dataset/images/printer_84356b4168/5.jpg"", ""/content/drive/MyDrive/olx_printer_dataset/images/printer_84356b4168/6.jpg"", ""/content/drive/MyDrive/olx_printer_dataset/images/printer_84356b4168/7.jpg"", ""/content/drive/MyDrive/olx_printer_dataset/images/printer_84356b4168/8.jpg""]",8,2025-12-07 13:14:51.368001
printer_b3ce343bc9,https://www.olx.in/item/hard-disks-printers-monitors-c1509-acer-brand-27-inch-lcd-monitor-in-good-working-condition-hdmivgadvi-in-arakere-bengaluru-iid-1826417642,"Acer Brand 27 inch LCD monitor in good working condition
Hdmi,vga,dvi","Acer Brand 27 inch LCD monitor in good working condition (Hdmi,vga, dvi and audio port available) (Wall mount option only) - Hard Disks, Printers & Monitors",7000,"[""/content/drive/MyDrive/olx_printer_dataset/images/printer_b3ce343bc9/1.jpg"", ""/content/drive/MyDrive/olx_printer_dataset/images/printer_b3ce343bc9/2.jpg"", ""/content/drive/MyDrive/olx_printer_dataset/images/printer_b3ce343bc9/3.jpg"", ""/content/drive/MyDrive/olx_printer_dataset/images/printer_b3ce343bc9/4.jpg"", ""/content/drive/MyDrive/olx_printer_dataset/images/printer_b3ce343bc9/5.jpg"", ""/content/drive/MyDrive/olx_printer_dataset/images/printer_b3ce343bc9/6.jpg"", ""/content/drive/MyDrive/olx_printer_dataset/images/printer_b3ce343bc9/7.jpg"", ""/content/drive/MyDrive/olx_printer_dataset/images/printer_b3ce343bc9/8.jpg"", ""/content/drive/MyDrive/olx_printer_dataset/images/printer_b3ce343bc9/9.jpg"", ""/content/drive/MyDrive/olx_printer_dataset/images/printer_b3ce343bc9/10.jpg"", ""/content/drive/MyDrive/olx_printer_dataset/images/printer_b3ce343bc9/11.jpg"", ""/content/drive/MyDrive/olx_printer_dataset/images/printer_b3ce343bc9/12.jpg"", ""/content/drive/MyDrive/olx_printer_dataset/images/printer_b3ce343bc9/13.jpg"", ""/content/drive/MyDrive/olx_printer_dataset/images/printer_b3ce343bc9/14.jpg"", ""/content/drive/MyDrive/olx_printer_dataset/images/printer_b3ce343bc9/15.jpg""]",15,2025-12-07 13:15:00.258780
printer_9c62b1e623,https://www.olx.in/item/hard-disks-printers-monitors-c1509-151719inch-lcd-branded-monitors-in-good-working-condition-in-arakere-bengaluru-iid-1764739194,"15,17,19inch LCD Branded monitors in good working condition","15,17,19inch LCD Branded monitors in good working condition with power chord only 15inch 1500rs only, 17inch 1800rs only, 19inch 2500rs only. 20inch 3200rs only 22inch 4000rs only. 24inch 4500rs only - Hard Disks, Printers & Monitors",1499,"[""/content/drive/MyDrive/olx_printer_dataset/images/printer_9c62b1e623/1.jpg"", ""/content/drive/MyDrive/olx_printer_dataset/images/printer_9c62b1e623/2.jpg"", ""/content/drive/MyDrive/olx_printer_dataset/images/printer_9c62b1e623/3.jpg"", ""/content/drive/MyDrive/olx_printer_dataset/images/printer_9c62b1e623/4.jpg"", ""/content/drive/MyDrive/olx_printer_dataset/images/printer_9c62b1e623/5.jpg"", ""/content/drive/MyDrive/olx_printer_dataset/images/printer_9c62b1e623/6.jpg"", ""/content/drive/MyDrive/olx_printer_dataset/images/printer_9c62b1e623/7.jpg"", ""/content/drive/MyDrive/olx_printer_dataset/images/printer_9c62b1e623/8.jpg"", ""/content/drive/MyDrive/olx_printer_dataset/images/printer_9c62b1e623/9.jpg""]",9,2025-12-07 13:15:48.497711
printer_7e61cb200b,https://www.olx.in/item/hard-disks-printers-monitors-c1509-hp-printer-p1007-in-phulwari-sharif-patna-iid-1828586337,HP printer P1007,"HP printer P1007 in good condition. - Hard Disks, Printers & Monitors",3500,"[""/content/drive/MyDrive/olx_printer_dataset/images/printer_7e61cb200b/1.jpg"", ""/content/drive/MyDrive/olx_printer_dataset/images/printer_7e61cb200b/2.jpg"", ""/content/drive/MyDrive/olx_printer_dataset/images/printer_7e61cb200b/3.jpg"", ""/content/drive/MyDrive/olx_printer_dataset/images/printer_7e61cb200b/4.jpg"", ""/content/drive/MyDrive/olx_printer_dataset/images/printer_7e61cb200b/5.jpg"", ""/content/drive/MyDrive/olx_printer_dataset/images/printer_7e61cb200b/6.jpg"", ""/content/drive/MyDrive/olx_printer_dataset/images/printer_7e61cb200b/7.jpg"", ""/content/drive/MyDrive/olx_printer_dataset/images/printer_7e61cb200b/8.jpg""]",8,2025-12-07 13:17:17.800409
printer_1142dc911c,https://www.olx.in/item/hard-disks-printers-monitors-c1509-shop-bill-printer-in-kisan-gunj-colony-hapur-iid-1828263632,Shop bill printer,"Best printer Good use - Hard Disks, Printers & Monitors",3000,"[""/content/drive/MyDrive/olx_printer_dataset/images/printer_1142dc911c/1.jpg"", ""/content/drive/MyDrive/olx_printer_dataset/images/printer_1142dc911c/2.jpg"", ""/content/drive/MyDrive/olx_printer_dataset/images/printer_1142dc911c/3.jpg"", ""/content/drive/MyDrive/olx_printer_dataset/images/printer_1142dc911c/4.jpg"", ""/content/drive/MyDrive/olx_printer_dataset/images/printer_1142dc911c/5.jpg"", ""/content/drive/MyDrive/olx_printer_dataset/images/printer_1142dc911c/6.jpg"", ""/content/drive/MyDrive/olx_printer_dataset/images/printer_1142dc911c/7.jpg"", ""/content/drive/MyDrive/olx_printer_dataset/images/printer_1142dc911c/8.jpg""]",8,2025-12-07 13:18:06.164274
printer_b3e5499828,https://www.olx.in/item/hard-disks-printers-monitors-c1509-canon-541-z36-printer-plotter-high-capacity-resolution-jumbo-printer-in-kondhwa-pune-iid-1825393441,"Canon 541 Z36 printer-plotter high capacity, resolution jumbo printer","Canon 5410 Z36 printer, unused - Hard Disks, Printers & Monitors",950000,"[""/content/drive/MyDrive/olx_printer_dataset/images/printer_b3e5499828/1.jpg"", ""/content/drive/MyDrive/olx_printer_dataset/images/printer_b3e5499828/2.jpg"", ""/content/drive/MyDrive/olx_printer_dataset/images/printer_b3e5499828/3.jpg"", ""/content/drive/MyDrive/olx_printer_dataset/images/printer_b3e5499828/4.jpg"", ""/content/drive/MyDrive/olx_printer_dataset/images/printer_b3e5499828/5.jpg"", ""/content/drive/MyDrive/olx_printer_dataset/images/printer_b3e5499828/6.jpg"", ""/content/drive/MyDrive/olx_printer_dataset/images/printer_b3e5499828/7.jpg"", ""/content/drive/MyDrive/olx_printer_dataset/images/printer_b3e5499828/8.jpg""]",8,2025-12-07 13:18:11.929080
printer_73acf555cc,https://www.olx.in/item/hard-disks-printers-monitors-c1509-ssd-512-gb-in-thiruvanmiyur-thiruvalluvar-nagar-chennai-iid-1828588943,SSD 512 GB,"SSD storage - Hard Disks, Printers & Monitors",6000,"[""/content/drive/MyDrive/olx_printer_dataset/images/printer_73acf555cc/1.jpg"", ""/content/drive/MyDrive/olx_printer_dataset/images/printer_73acf555cc/2.jpg"", ""/content/drive/MyDrive/olx_printer_dataset/images/printer_73acf555cc/3.jpg"", ""/content/drive/MyDrive/olx_printer_dataset/images/printer_73acf555cc/4.jpg"", ""/content/drive/MyDrive/olx_printer_dataset/images/printer_73acf555cc/5.jpg"", ""/content/drive/MyDrive/olx_printer_dataset/images/printer_73acf555cc/6.jpg"", ""/content/drive/MyDrive/olx_printer_dataset/images/printer_73acf555cc/7.jpg"", ""/content/drive/MyDrive/olx_printer_dataset/images/printer_73acf555cc/8.jpg""]",8,2025-12-07 13:19:01.632097
printer_7173128c65,https://www.olx.in/item/hard-disks-printers-monitors-c1509-ir-3235-printer-in-as-rao-nagar-hyderabad-iid-1828587530,IR 3235 PRINTER,"GOOD CANDATATION - Hard Disks, Printers & Monitors",30000,"[""/content/drive/MyDrive/olx_printer_dataset/images/printer_7173128c65/1.jpg"", ""/content/drive/MyDrive/olx_printer_dataset/images/printer_7173128c65/2.jpg"", ""/content/drive/MyDrive/olx_printer_dataset/images/printer_7173128c65/3.jpg"", ""/content/drive/MyDrive/olx_printer_dataset/images/printer_7173128c65/4.jpg"", ""/content/drive/MyDrive/olx_printer_dataset/images/printer_7173128c65/5.jpg"", ""/content/drive/MyDrive/olx_printer_dataset/images/printer_7173128c65/6.jpg"", ""/content/drive/MyDrive/olx_printer_dataset/images/printer_7173128c65/7.jpg"", ""/content/drive/MyDrive/olx_printer_dataset/images/printer_7173128c65/8.jpg""]",8,2025-12-07 13:22:03.898538
printer_c7de54cb9d,https://www.olx.in/item/hard-disks-printers-monitors-c1509-brand-new-zebra-zxp-series3-idcard-printer-singledual-sided-printer-in-bharat-puri-ramnagar-iid-1826754719,Brand new Zebra ZXP Series3 IDcard printer single/dual sided printer,"Zebra ZXP Series 3 ID Card Printer - Single/Dual Sided Printing ​Professional Card Printer - Zebra ZXP 3 Series (Brand New/Used)​Fast ID Card Printer - Zebra ZXP Series 3 with USB/Ethernet'​Magnetic Stripe/Smart Card Encoding ZXP Series 3 Printer ​Brand New Zebra ZXP Series 3 - ID/Access Card Printing Machine - Hard Disks, Printers & Monitors",50000,"[""/content/drive/MyDrive/olx_printer_dataset/images/printer_c7de54cb9d/1.jpg"", ""/content/drive/MyDrive/olx_printer_dataset/images/printer_c7de54cb9d/2.jpg"", ""/content/drive/MyDrive/olx_printer_dataset/images/printer_c7de54cb9d/3.jpg"", ""/content/drive/MyDrive/olx_printer_dataset/images/printer_c7de54cb9d/4.jpg"", ""/content/drive/MyDrive/olx_printer_dataset/images/printer_c7de54cb9d/5.jpg"", ""/content/drive/MyDrive/olx_printer_dataset/images/printer_c7de54cb9d/6.jpg"", ""/content/drive/MyDrive/olx_printer_dataset/images/printer_c7de54cb9d/7.jpg"", ""/content/drive/MyDrive/olx_printer_dataset/images/printer_c7de54cb9d/8.jpg""]",8,2025-12-07 13:24:18.222780
printer_be6e579b43,https://www.olx.in/item/hard-disks-printers-monitors-c1509-dell-monitor-ultrasharp-27frameless-27-inches-immaculate-condition-in-mayur-vihar-phase-1-delhi-iid-1828165315,DELL MONITOR ULTRASHARP 27(FRAMELESS 27 INCHES) (IMMACULATE CONDITION),"DELL MONITOR ULTRASHARP (FRAMELESS 27 INCHES) (IMMACULATE CONDITION) ULTRASHARP MONITOR EXCELLENT PICTURE QUALITY SLEEK, DASHING DESIGN COMES WITH STAND AND POWER CABLE HDMI, USB ETC CONNECTORS NOTE: I DONT HAVE BILL, SO PLZ DONT ASK FOR BILL DONT WASTE UR AND MINE TIME NEED GENUINE BUYER FOR GENUINE PRODUCT - Hard Disks, Printers & Monitors",11999,"[""/content/drive/MyDrive/olx_printer_dataset/images/printer_be6e579b43/1.jpg"", ""/content/drive/MyDrive/olx_printer_dataset/images/printer_be6e579b43/2.jpg"", ""/content/drive/MyDrive/olx_printer_dataset/images/printer_be6e579b43/3.jpg"", ""/content/drive/MyDrive/olx_printer_dataset/images/printer_be6e579b43/4.jpg"", ""/content/drive/MyDrive/olx_printer_dataset/images/printer_be6e579b43/5.jpg"", ""/content/drive/MyDrive/olx_printer_dataset/images/printer_be6e579b43/6.jpg"", ""/content/drive/MyDrive/olx_printer_dataset/images/printer_be6e579b43/7.jpg"", ""/content/drive/MyDrive/olx_printer_dataset/images/printer_be6e579b43/8.jpg""]",8,2025-12-07 13:25:48.512374
printer_5090d33d70,https://www.olx.in/item/hard-disks-printers-monitors-c1509-makita-ub1102-blower-in-chandanathope-kollam-iid-1826392648,Makita UB1102 Blower,"Working condition - Hard Disks, Printers & Monitors",1999,"[""/content/drive/MyDrive/olx_printer_dataset/images/printer_5090d33d70/1.jpg"", ""/content/drive/MyDrive/olx_printer_dataset/images/printer_5090d33d70/2.jpg"", ""/content/drive/MyDrive/olx_printer_dataset/images/printer_5090d33d70/3.jpg"", ""/content/drive/MyDrive/olx_printer_dataset/images/printer_5090d33d70/4.jpg"", ""/content/drive/MyDrive/olx_printer_dataset/images/printer_5090d33d70/5.jpg"", ""/content/drive/MyDrive/olx_printer_dataset/images/printer_5090d33d70/6.jpg"", ""/content/drive/MyDrive/olx_printer_dataset/images/printer_5090d33d70/7.jpg"", ""/content/drive/MyDrive/olx_printer_dataset/images/printer_5090d33d70/8.jpg""]",8,2025-12-07 13:26:36.243642
printer_aeafb2a50d,https://www.olx.in/item/hard-disks-printers-monitors-c1509-hard-disks-4tb-in-gb-road-delhi-iid-1828585769,Hard disks 4tb,"Warking candice all cctv and laptop and computer - Hard Disks, Printers & Monitors",6499,"[""/content/drive/MyDrive/olx_printer_dataset/images/printer_aeafb2a50d/1.jpg"", ""/content/drive/MyDrive/olx_printer_dataset/images/printer_aeafb2a50d/2.jpg"", ""/content/drive/MyDrive/olx_printer_dataset/images/printer_aeafb2a50d/3.jpg"", ""/content/drive/MyDrive/olx_printer_dataset/images/printer_aeafb2a50d/4.jpg"", ""/content/drive/MyDrive/olx_printer_dataset/images/printer_aeafb2a50d/5.jpg"", ""/content/drive/MyDrive/olx_printer_dataset/images/printer_aeafb2a50d/6.jpg"", ""/content/drive/MyDrive/olx_printer_dataset/images/printer_aeafb2a50d/7.jpg"", ""/content/drive/MyDrive/olx_printer_dataset/images/printer_aeafb2a50d/8.jpg""]",8,2025-12-07 13:28:51.096649
printer_7550b81e3b,https://www.olx.in/item/hard-disks-printers-monitors-c1509-singer-1306-in-amrut-park-rajkot-iid-1825920707,Singer 1306,"Machine high power - Hard Disks, Printers & Monitors",7500,"[""/content/drive/MyDrive/olx_printer_dataset/images/printer_7550b81e3b/1.jpg"", ""/content/drive/MyDrive/olx_printer_dataset/images/printer_7550b81e3b/2.jpg"", ""/content/drive/MyDrive/olx_printer_dataset/images/printer_7550b81e3b/3.jpg"", ""/content/drive/MyDrive/olx_printer_dataset/images/printer_7550b81e3b/4.jpg"", ""/content/drive/MyDrive/olx_printer_dataset/images/printer_7550b81e3b/5.jpg"", ""/content/drive/MyDrive/olx_printer_dataset/images/printer_7550b81e3b/6.jpg"", ""/content/drive/MyDrive/olx_printer_dataset/images/printer_7550b81e3b/7.jpg"", ""/content/drive/MyDrive/olx_printer_dataset/images/printer_7550b81e3b/8.jpg""]",8,2025-12-07 13:29:38.278435
printer_dd8232df4c,https://www.olx.in/item/hard-disks-printers-monitors-c1509-acer-monitor-in-baba-nagar-nandyal-iid-1828589222,Acer monitor,"Acer monitor 2016 modal - Hard Disks, Printers & Monitors",6000,"[""/content/drive/MyDrive/olx_printer_dataset/images/printer_dd8232df4c/1.jpg"", ""/content/drive/MyDrive/olx_printer_dataset/images/printer_dd8232df4c/2.jpg"", ""/content/drive/MyDrive/olx_printer_dataset/images/printer_dd8232df4c/3.jpg"", ""/content/drive/MyDrive/olx_printer_dataset/images/printer_dd8232df4c/4.jpg"", ""/content/drive/MyDrive/olx_printer_dataset/images/printer_dd8232df4c/5.jpg"", ""/content/drive/MyDrive/olx_printer_dataset/images/printer_dd8232df4c/6.jpg"", ""/content/drive/MyDrive/olx_printer_dataset/images/printer_dd8232df4c/7.jpg"", ""/content/drive/MyDrive/olx_printer_dataset/images/printer_dd8232df4c/8.jpg""]",8,2025-12-07 13:30:25.579245
printer_4f21040006,https://www.olx.in/item/hard-disks-printers-monitors-c1509-xerox-machine-in-suchitra-road-hyderabad-iid-1828581336,Xerox machine,"XEROX company XEROX MACHINE - Hard Disks, Printers & Monitors",25000,"[""/content/drive/MyDrive/olx_printer_dataset/images/printer_4f21040006/1.jpg"", ""/content/drive/MyDrive/olx_printer_dataset/images/printer_4f21040006/2.jpg"", ""/content/drive/MyDrive/olx_printer_dataset/images/printer_4f21040006/3.jpg"", ""/content/drive/MyDrive/olx_printer_dataset/images/printer_4f21040006/4.jpg"", ""/content/drive/MyDrive/olx_printer_dataset/images/printer_4f21040006/5.jpg"", ""/content/drive/MyDrive/olx_printer_dataset/images/printer_4f21040006/6.jpg"", ""/content/drive/MyDrive/olx_printer_dataset/images/printer_4f21040006/7.jpg"", ""/content/drive/MyDrive/olx_printer_dataset/images/printer_4f21040006/8.jpg""]",8,2025-12-07 13:32:38.492075
printer_018a78bb5f,https://www.olx.in/item/hard-disks-printers-monitors-c1509-brand-new-canon-pixma-e3370-in-kasaba-egra-iid-1828578020,Brand new Canon Pixma E3370,"Canon Pixma E3370 multi function inkjet printer with 1year warranty by canon. USB and Wi-Fi both support . - Hard Disks, Printers & Monitors",5000,"[""/content/drive/MyDrive/olx_printer_dataset/images/printer_018a78bb5f/1.jpg"", ""/content/drive/MyDrive/olx_printer_dataset/images/printer_018a78bb5f/2.jpg"", ""/content/drive/MyDrive/olx_printer_dataset/images/printer_018a78bb5f/3.jpg"", ""/content/drive/MyDrive/olx_printer_dataset/images/printer_018a78bb5f/4.jpg"", ""/content/drive/MyDrive/olx_printer_dataset/images/printer_018a78bb5f/5.jpg"", ""/content/drive/MyDrive/olx_printer_dataset/images/printer_018a78bb5f/6.jpg"", ""/content/drive/MyDrive/olx_printer_dataset/images/printer_018a78bb5f/7.jpg"", ""/content/drive/MyDrive/olx_printer_dataset/images/printer_018a78bb5f/8.jpg""]",8,2025-12-07 13:32:43.870102
printer_12982ba380,https://www.olx.in/item/hard-disks-printers-monitors-c1509-label-printer-in-piplod-surat-iid-1828581799,Label Printer,"Amazon, Flipkart, meesho, and other e-commerce printer - Hard Disks, Printers & Monitors",17000,"[""/content/drive/MyDrive/olx_printer_dataset/images/printer_12982ba380/1.jpg"", ""/content/drive/MyDrive/olx_printer_dataset/images/printer_12982ba380/2.jpg"", ""/content/drive/MyDrive/olx_printer_dataset/images/printer_12982ba380/3.jpg"", ""/content/drive/MyDrive/olx_printer_dataset/images/printer_12982ba380/4.jpg"", ""/content/drive/MyDrive/olx_printer_dataset/images/printer_12982ba380/5.jpg"", ""/content/drive/MyDrive/olx_printer_dataset/images/printer_12982ba380/6.jpg"", ""/content/drive/MyDrive/olx_printer_dataset/images/printer_12982ba380/7.jpg"", ""/content/drive/MyDrive/olx_printer_dataset/images/printer_12982ba380/8.jpg""]",8,2025-12-07 13:32:51.179972
printer_185c1af780,https://www.olx.in/item/hard-disks-printers-monitors-c1509-western-digital-500gb-laptop-hdd-7200rpm-in-kurmidi-dhanbad-iid-1828577625,Western Digital 500GB laptop HDD- 7200rpm,"Western Digital WD Black 500GB. High performance 7200rpm laptop hard drive. Fully working condition, no issues. Features : 1. 7200 RPM fast performance. 2. SATA 6Gb/s interface. 3. WD Black performance series. Ideal for laptop, mini PC/s, DVR or external HDD use. Health 》 GOOD No bad sectors. Tested before listing. Smooth and noise free operation. - Hard Disks, Printers & Monitors",999,"[""/content/drive/MyDrive/olx_printer_dataset/images/printer_185c1af780/1.jpg"", ""/content/drive/MyDrive/olx_printer_dataset/images/printer_185c1af780/2.jpg"", ""/content/drive/MyDrive/olx_printer_dataset/images/printer_185c1af780/3.jpg"", ""/content/drive/MyDrive/olx_printer_dataset/images/printer_185c1af780/4.jpg"", ""/content/drive/MyDrive/olx_printer_dataset/images/printer_185c1af780/5.jpg"", ""/content/drive/MyDrive/olx_printer_dataset/images/printer_185c1af780/6.jpg"", ""/content/drive/MyDrive/olx_printer_dataset/images/printer_185c1af780/7.jpg"", ""/content/drive/MyDrive/olx_printer_dataset/images/printer_185c1af780/8.jpg""]",8,2025-12-07 13:32:57.676163
printer_cd80465be2,https://www.olx.in/item/hard-disks-printers-monitors-c1509-money-counting-machine-in-nolambur-shakthi-nagar-chennai-iid-1828583560,Money counting machine,"Money counting machine for sale in good condition - Hard Disks, Printers & Monitors",1700,"[""/content/drive/MyDrive/olx_printer_dataset/images/printer_cd80465be2/1.jpg"", ""/content/drive/MyDrive/olx_printer_dataset/images/printer_cd80465be2/2.jpg"", ""/content/drive/MyDrive/olx_printer_dataset/images/printer_cd80465be2/3.jpg"", ""/content/drive/MyDrive/olx_printer_dataset/images/printer_cd80465be2/4.jpg"", ""/content/drive/MyDrive/olx_printer_dataset/images/printer_cd80465be2/5.jpg"", ""/content/drive/MyDrive/olx_printer_dataset/images/printer_cd80465be2/6.jpg"", ""/content/drive/MyDrive/olx_printer_dataset/images/printer_cd80465be2/7.jpg"", ""/content/drive/MyDrive/olx_printer_dataset/images/printer_cd80465be2/8.jpg""]",8,2025-12-07 13:34:25.712521
printer_b69f012f49,https://www.olx.in/item/hard-disks-printers-monitors-c1509-seagate-backup-plus-2tb-wd-elements-2tb-external-hdd-150-games-in-sinthi-kolkata-iid-1827395418,Seagate Backup Plus 2TB + WD Elements 2TB External HDD+ 150 Games,"Hi everyone. I am selling 2 of my external hard drives packed with world class AAA game titles for PC. This tribes a ideal for people who are looking for large storage and have great gaming enthusiasm. Top games which are released in last two decades are here and all games comes with their latest updates. Below are the hard disk specifications and game series folder listings. Total storage 2tb+2tb=4tb Connection type USB 3.0 Brand Seagate and Western Digital One and half year warranty available for the WD elements hard drive 6 months technical support available for all the games in these HDDs. Pricing: as mentioned. Single drive purchase cost is half of the mentioned value. Pricing is affordable as you are getting not only the two hard drives from top brands with warranty but also your getting 150 Plus top rated games sizing about 3 TB and 200 GB of essential softwares. So, buy with confidence Game series list Disk 1 ​Assassin's Creed ​Battlefield ​Bully ​Doom ​EA Cricket ​Freedom Fighters ​God of War ​Grand Theft Auto ​Half-Life ​Max Payne ​Need for Speed ​Prince of Persia ​Red Dead Redemption ​Spider-Man ​Splinter Cell ​Summer Athletics ​The Amazing Spider-Man ​Total Overdose ​Watch Dogs ​Disk 2 ​Batman Arkham ​Call of Duty ​Far Cry ​Forza Horizon ​Gotham Knights ​Hitman ​IGI (Project I.G.I.) ​Just Cause ​Lara Croft ​Mafia ​Medal of Honor ​Metro ​Mirror's Edge ​Need for Speed ​Rainbow Six ​Resident Evil ​The Elder Scrolls ​Tomb Raider Interested customers can chat or contact me via WhatsApp - Hard Disks, Printers & Monitors",14000,"[""/content/drive/MyDrive/olx_printer_dataset/images/printer_b69f012f49/1.jpg"", ""/content/drive/MyDrive/olx_printer_dataset/images/printer_b69f012f49/2.jpg"", ""/content/drive/MyDrive/olx_printer_dataset/images/printer_b69f012f49/3.jpg"", ""/content/drive/MyDrive/olx_printer_dataset/images/printer_b69f012f49/4.jpg"", ""/content/drive/MyDrive/olx_printer_dataset/images/printer_b69f012f49/5.jpg"", ""/content/drive/MyDrive/olx_printer_dataset/images/printer_b69f012f49/6.jpg"", ""/content/drive/MyDrive/olx_printer_dataset/images/printer_b69f012f49/7.jpg"", ""/content/drive/MyDrive/olx_printer_dataset/images/printer_b69f012f49/8.jpg""]",8,2025-12-07 13:37:28.503160
printer_46d48dde92,https://www.olx.in/item/hard-disks-printers-monitors-c1509-apple-studio-display-with-tilt-and-height-adjustable-stand-in-puppal-guda-hyderabad-iid-1821031602,Apple Studio Display with Tilt and Height adjustable stand,"- purchased on 7-feb-25 from Apple India online store - Apple Care+ valid till 7-feb-28 - standard glass but has an anti-reflective screen protector worth 5K - Hard Disks, Printers & Monitors",179998,"[""/content/drive/MyDrive/olx_printer_dataset/images/printer_46d48dde92/1.jpg"", ""/content/drive/MyDrive/olx_printer_dataset/images/printer_46d48dde92/2.jpg"", ""/content/drive/MyDrive/olx_printer_dataset/images/printer_46d48dde92/3.jpg"", ""/content/drive/MyDrive/olx_printer_dataset/images/printer_46d48dde92/4.jpg"", ""/content/drive/MyDrive/olx_printer_dataset/images/printer_46d48dde92/5.jpg"", ""/content/drive/MyDrive/olx_printer_dataset/images/printer_46d48dde92/6.jpg"", ""/content/drive/MyDrive/olx_printer_dataset/images/printer_46d48dde92/7.jpg"", ""/content/drive/MyDrive/olx_printer_dataset/images/printer_46d48dde92/8.jpg""]",8,2025-12-07 13:37:34.977743
printer_a0deea0eeb,https://www.olx.in/item/hard-disks-printers-monitors-c1509-wireless-ear-buds-2-pen-drives-16gb32gb-2-headsets-in-elichpur-palwancha-iid-1828582705,"Wireless ear buds, 2 pen Drives (16gb,32gb) 2 headsets","Electronic (pendrive, airbud , headset) - Hard Disks, Printers & Monitors",1400,"[""/content/drive/MyDrive/olx_printer_dataset/images/printer_a0deea0eeb/1.jpg"", ""/content/drive/MyDrive/olx_printer_dataset/images/printer_a0deea0eeb/2.jpg"", ""/content/drive/MyDrive/olx_printer_dataset/images/printer_a0deea0eeb/3.jpg"", ""/content/drive/MyDrive/olx_printer_dataset/images/printer_a0deea0eeb/4.jpg"", ""/content/drive/MyDrive/olx_printer_dataset/images/printer_a0deea0eeb/5.jpg"", ""/content/drive/MyDrive/olx_printer_dataset/images/printer_a0deea0eeb/6.jpg"", ""/content/drive/MyDrive/olx_printer_dataset/images/printer_a0deea0eeb/7.jpg"", ""/content/drive/MyDrive/olx_printer_dataset/images/printer_a0deea0eeb/8.jpg""]",8,2025-12-07 13:39:05.166070
printer_d96251a0d9,https://www.olx.in/item/hard-disks-printers-monitors-c1509-samsung-ssd-kingston-ssd-transcend-ssd-in-sikarajapuram-thiruvalam-iid-1828577541,"SAMSUNG SSD, KINGSTON SSD, TRANSCEND SSD.","SAMSUNG SSD 4GB RAM 4pieces, TRANSCEND SSD 2GB RAM 2pieces, KINGSTON SSD 2GB RAM 2pieces. - Hard Disks, Printers & Monitors",8200,"[""/content/drive/MyDrive/olx_printer_dataset/images/printer_d96251a0d9/1.jpg"", ""/content/drive/MyDrive/olx_printer_dataset/images/printer_d96251a0d9/2.jpg"", ""/content/drive/MyDrive/olx_printer_dataset/images/printer_d96251a0d9/3.jpg"", ""/content/drive/MyDrive/olx_printer_dataset/images/printer_d96251a0d9/4.jpg"", ""/content/drive/MyDrive/olx_printer_dataset/images/printer_d96251a0d9/5.jpg"", ""/content/drive/MyDrive/olx_printer_dataset/images/printer_d96251a0d9/6.jpg"", ""/content/drive/MyDrive/olx_printer_dataset/images/printer_d96251a0d9/7.jpg"", ""/content/drive/MyDrive/olx_printer_dataset/images/printer_d96251a0d9/8.jpg""]",8,2025-12-07 13:39:11.226185
printer_0ac4e5ccc2,https://www.olx.in/item/hard-disks-printers-monitors-c1509-clearance-sale-on-245-inch-acer-gaming-monitor-xb253qf-in-rt-nagar-bengaluru-iid-1827845397,Clearance sale on 24.5 inch Acer Gaming monitor - XB253QF,"IPS Panel: 24.5 Inch IPS Full HD Display with s RGB 99% and HDR 10 Support I 6 axis Color Adjustment, Super Sharpness, Extreme Black Monitor I AMD Free Sync: Enable smooth game play, Eliminating screen tearing, Minimizing lag and latency I With Free Sync the monitor’s frames are synced with the graphics card’s frames, which eliminates screen tearing and delivers very smooth gaming experiences. Connectivity Options: 2 x HDMI (2.0) , 1 x DP (1.4), Audio Out with inbox HDMI & DP cables I Integrated 2W x 2 Stereo Speakers Acer Vision Care: Technology incorporates several features like Blue light Shield, Flicker less, Low Dimming, Comfy view, Monitor is Eye Safe Certified Ergo stand: Monitor having Ergo Stand with Height (120mm), Tilt (-5 to 25 Degrees), Pivot (±90) Degrees and Swivel (±360) Degrees I Acer Display Widget for Easy modification of monitor settings through this utility software, Different game modes for Better viewing experience - Hard Disks, Printers & Monitors",7999,"[""/content/drive/MyDrive/olx_printer_dataset/images/printer_0ac4e5ccc2/1.jpg"", ""/content/drive/MyDrive/olx_printer_dataset/images/printer_0ac4e5ccc2/2.jpg"", ""/content/drive/MyDrive/olx_printer_dataset/images/printer_0ac4e5ccc2/3.jpg"", ""/content/drive/MyDrive/olx_printer_dataset/images/printer_0ac4e5ccc2/4.jpg"", ""/content/drive/MyDrive/olx_printer_dataset/images/printer_0ac4e5ccc2/5.jpg"", ""/content/drive/MyDrive/olx_printer_dataset/images/printer_0ac4e5ccc2/6.jpg"", ""/content/drive/MyDrive/olx_printer_dataset/images/printer_0ac4e5ccc2/7.jpg"", ""/content/drive/MyDrive/olx_printer_dataset/images/printer_0ac4e5ccc2/8.jpg""]",8,2025-12-07 13:40:01.381698
printer_683b16f2a0,https://www.olx.in/item/hard-disks-printers-monitors-c1509-kyocera-taskalfa-1801-in-naliapool-dibrugarh-iid-1825907657,Kyocera taskalfa 1801,"Need Urgent Money Kyocera taskalfa XEROX machine with 2 cassette and 1 bypass tray. And also have ADF with both side scan and Duplex facility. Both side print in 1 click. Sale because of space difficulties in our shop. We already purchased another type of machine. - Hard Disks, Printers & Monitors",17000,"[""/content/drive/MyDrive/olx_printer_dataset/images/printer_683b16f2a0/1.jpg"", ""/content/drive/MyDrive/olx_printer_dataset/images/printer_683b16f2a0/2.jpg"", ""/content/drive/MyDrive/olx_printer_dataset/images/printer_683b16f2a0/3.jpg"", ""/content/drive/MyDrive/olx_printer_dataset/images/printer_683b16f2a0/4.jpg"", ""/content/drive/MyDrive/olx_printer_dataset/images/printer_683b16f2a0/5.jpg"", ""/content/drive/MyDrive/olx_printer_dataset/images/printer_683b16f2a0/6.jpg"", ""/content/drive/MyDrive/olx_printer_dataset/images/printer_683b16f2a0/7.jpg"", ""/content/drive/MyDrive/olx_printer_dataset/images/printer_683b16f2a0/8.jpg""]",8,2025-12-07 13:40:49.041279
printer_f81890ef58,https://www.olx.in/item/hard-disks-printers-monitors-c1509-epson-l18050-a3-photo-printer-in-panki-kanpur-iid-1828293621,Epson L18050 A3 photo Printer,"New Condition - Hard Disks, Printers & Monitors",32000,"[""/content/drive/MyDrive/olx_printer_dataset/images/printer_f81890ef58/1.jpg"", ""/content/drive/MyDrive/olx_printer_dataset/images/printer_f81890ef58/2.jpg"", ""/content/drive/MyDrive/olx_printer_dataset/images/printer_f81890ef58/3.jpg"", ""/content/drive/MyDrive/olx_printer_dataset/images/printer_f81890ef58/4.jpg"", ""/content/drive/MyDrive/olx_printer_dataset/images/printer_f81890ef58/5.jpg"", ""/content/drive/MyDrive/olx_printer_dataset/images/printer_f81890ef58/6.jpg"", ""/content/drive/MyDrive/olx_printer_dataset/images/printer_f81890ef58/7.jpg"", ""/content/drive/MyDrive/olx_printer_dataset/images/printer_f81890ef58/8.jpg""]",8,2025-12-07 13:41:37.648178
printer_35fca5c88b,https://www.olx.in/item/hard-disks-printers-monitors-c1509-used-for-4-month-in-shahibag-ahmedabad-iid-1828578367,Used for 4 month,"Sale this items now - Hard Disks, Printers & Monitors",10000,"[""/content/drive/MyDrive/olx_printer_dataset/images/printer_35fca5c88b/1.jpg"", ""/content/drive/MyDrive/olx_printer_dataset/images/printer_35fca5c88b/2.jpg"", ""/content/drive/MyDrive/olx_printer_dataset/images/printer_35fca5c88b/3.jpg"", ""/content/drive/MyDrive/olx_printer_dataset/images/printer_35fca5c88b/4.jpg"", ""/content/drive/MyDrive/olx_printer_dataset/images/printer_35fca5c88b/5.jpg"", ""/content/drive/MyDrive/olx_printer_dataset/images/printer_35fca5c88b/6.jpg"", ""/content/drive/MyDrive/olx_printer_dataset/images/printer_35fca5c88b/7.jpg"", ""/content/drive/MyDrive/olx_printer_dataset/images/printer_35fca5c88b/8.jpg""]",8,2025-12-07 13:45:22.132975
printer_70d800b0e7,https://www.olx.in/item/hard-disks-printers-monitors-c1509-refurbished-hp-laserjet-printers-starts-5000-warrantyofficeschool-in-bahadurpura-hyderabad-iid-1758472921,Refurbished HP LaserJet Printers Starts 5000₹ Warranty/Office/School,"Brand New Like Condition 10+ Years in Business Reliable Service We deal in professionally refurbished LaserJet printers of top brands like HP, Canon, Brother. All printers are fully tested and come with: Free installation (in Hyderabad) Minimum 15-day to 6-month warranty Support for bulk buyers / offices / schools Models Available: HP 1020, HP M1005, M1136, M126nw, Canon LBP 2900, and more. Prices: Starting ₹5,000 to ₹45,000 depending on the model and configuration. Call / WhatsApp for latest stock, pictures, and best deals. Delivery available across Hyderabad and nearby locations. Why Buy From us? 10 years experience After-sales support Trusted by 100+ Hyderabad offices Call Now or Message on OLX / WhatsApp. - Hard Disks, Printers & Monitors",5800,"[""/content/drive/MyDrive/olx_printer_dataset/images/printer_70d800b0e7/1.jpg"", ""/content/drive/MyDrive/olx_printer_dataset/images/printer_70d800b0e7/2.jpg"", ""/content/drive/MyDrive/olx_printer_dataset/images/printer_70d800b0e7/3.jpg"", ""/content/drive/MyDrive/olx_printer_dataset/images/printer_70d800b0e7/4.jpg"", ""/content/drive/MyDrive/olx_printer_dataset/images/printer_70d800b0e7/5.jpg"", ""/content/drive/MyDrive/olx_printer_dataset/images/printer_70d800b0e7/6.jpg"", ""/content/drive/MyDrive/olx_printer_dataset/images/printer_70d800b0e7/7.jpg"", ""/content/drive/MyDrive/olx_printer_dataset/images/printer_70d800b0e7/8.jpg""]",8,2025-12-07 13:45:28.603227
printer_67b93ba88f,https://www.olx.in/item/hard-disks-printers-monitors-c1509-hp-leaser-1008w-in-mahalunge-chakan-iid-1828583804,HP Leaser 1008w,"Not Using the Printer - Hard Disks, Printers & Monitors",7500,"[""/content/drive/MyDrive/olx_printer_dataset/images/printer_67b93ba88f/1.jpg"", ""/content/drive/MyDrive/olx_printer_dataset/images/printer_67b93ba88f/2.jpg"", ""/content/drive/MyDrive/olx_printer_dataset/images/printer_67b93ba88f/3.jpg"", ""/content/drive/MyDrive/olx_printer_dataset/images/printer_67b93ba88f/4.jpg"", ""/content/drive/MyDrive/olx_printer_dataset/images/printer_67b93ba88f/5.jpg"", ""/content/drive/MyDrive/olx_printer_dataset/images/printer_67b93ba88f/6.jpg"", ""/content/drive/MyDrive/olx_printer_dataset/images/printer_67b93ba88f/7.jpg"", ""/content/drive/MyDrive/olx_printer_dataset/images/printer_67b93ba88f/8.jpg""]",8,2025-12-07 13:46:16.368803
printer_94c077d56e,https://www.olx.in/item/hard-disks-printers-monitors-c1509-industrial-grade-high-capacity-inverter-ups-in-andheri-east-mumbai-iid-1828578102,Industrial grade high capacity INVERTER/ UPS,"For Sale: Industrial grade high capacity INVERTER/ UPS Emerson / Liebert Online UPS with Quanta Batteries Location: Mittal Industries, Marol, Andheri East, Mumbai Price: ₹15,000 (Negotiable) (for complete setup – UPS + batteries) Product Description High-performance Emerson Network Power (Liebert) Online UPS with Quanta sealed maintenance-free batteries. Designed for reliable power backup and voltage regulation in offices, server rooms, labs, and IT environments. Suitable for protecting computers, servers, and critical electronic equipment from power outages and fluctuations. System is in used but working condition and available for immediate pickup. Product Details UPS Unit Brand: Emerson Network Power / Liebert Type: Online UPS Application: Office, server room, commercial use Condition: Used – working condition Display Panel: Digital status display Cooling: Built-in fan system Build: Industrial-grade cabinet Installation: Floor-standing Power Protection: Voltage regulation & backup Battery Details Brand: Quanta Battery Type: SMF (Sealed Maintenance-Free) Rating: 12V / 18Ah per battery Model: 12AL018 Manufactured: May 2022 Condition: Used Make: Amara Raja Batteries Ltd Why Buy This? Reliable brand (Emerson / Liebert) Ideal for office & IT infrastructure Cost-effective vs new system Heavy-duty professional setup Ready for reuse Additional Information Inspection welcome before purchase Buyer to arrange pickup / transport Power cables included as shown Sold as-is Interested buyers, please message or call to enquire. - Hard Disks, Printers & Monitors",95000,"[""/content/drive/MyDrive/olx_printer_dataset/images/printer_94c077d56e/1.jpg"", ""/content/drive/MyDrive/olx_printer_dataset/images/printer_94c077d56e/2.jpg"", ""/content/drive/MyDrive/olx_printer_dataset/images/printer_94c077d56e/3.jpg"", ""/content/drive/MyDrive/olx_printer_dataset/images/printer_94c077d56e/4.jpg"", ""/content/drive/MyDrive/olx_printer_dataset/images/printer_94c077d56e/5.jpg"", ""/content/drive/MyDrive/olx_printer_dataset/images/printer_94c077d56e/6.jpg"", ""/content/drive/MyDrive/olx_printer_dataset/images/printer_94c077d56e/7.jpg"", ""/content/drive/MyDrive/olx_printer_dataset/images/printer_94c077d56e/8.jpg""]",8,2025-12-07 13:46:23.155273
printer_d0b03690a5,https://www.olx.in/item/hard-disks-printers-monitors-c1509-canon-printer-in-vali-cross-mulgund-iid-1826116046,Canon printer,"Canon TS3370S printer - Hard Disks, Printers & Monitors",5000,"[""/content/drive/MyDrive/olx_printer_dataset/images/printer_d0b03690a5/1.jpg"", ""/content/drive/MyDrive/olx_printer_dataset/images/printer_d0b03690a5/2.jpg"", ""/content/drive/MyDrive/olx_printer_dataset/images/printer_d0b03690a5/3.jpg"", ""/content/drive/MyDrive/olx_printer_dataset/images/printer_d0b03690a5/4.jpg"", ""/content/drive/MyDrive/olx_printer_dataset/images/printer_d0b03690a5/5.jpg"", ""/content/drive/MyDrive/olx_printer_dataset/images/printer_d0b03690a5/6.jpg"", ""/content/drive/MyDrive/olx_printer_dataset/images/printer_d0b03690a5/7.jpg"", ""/content/drive/MyDrive/olx_printer_dataset/images/printer_d0b03690a5/8.jpg""]",8,2025-12-07 13:47:12.039686
printer_5befb83ca6,https://www.olx.in/item/hard-disks-printers-monitors-c1509-epson-ecotank-l8050-color-printer-and-combo-digital-heatpress-machine-in-suraksha-colony-hyderabad-iid-1825943080,EPSON EcoTank L8050 Color Printer and Combo Digital Heatpress Machine,"Used for printing designs in Print-On-Demand Services like Mug Printing, T-shirt Printing, business purpose.. - Hard Disks, Printers & Monitors",25008,"[""/content/drive/MyDrive/olx_printer_dataset/images/printer_5befb83ca6/1.jpg"", ""/content/drive/MyDrive/olx_printer_dataset/images/printer_5befb83ca6/2.jpg"", ""/content/drive/MyDrive/olx_printer_dataset/images/printer_5befb83ca6/3.jpg"", ""/content/drive/MyDrive/olx_printer_dataset/images/printer_5befb83ca6/4.jpg"", ""/content/drive/MyDrive/olx_printer_dataset/images/printer_5befb83ca6/5.jpg"", ""/content/drive/MyDrive/olx_printer_dataset/images/printer_5befb83ca6/6.jpg"", ""/content/drive/MyDrive/olx_printer_dataset/images/printer_5befb83ca6/7.jpg"", ""/content/drive/MyDrive/olx_printer_dataset/images/printer_5befb83ca6/8.jpg""]",8,2025-12-07 13:48:41.145055
printer_7afedf2c47,https://www.olx.in/item/hard-disks-printers-monitors-c1509-cannon-lbp-2900b-laser-printer-in-katargam-surat-iid-1828583410,Cannon lbp 2900b laser printer,"Used for very less time in very good condition - Hard Disks, Printers & Monitors",8999,"[""/content/drive/MyDrive/olx_printer_dataset/images/printer_7afedf2c47/1.jpg"", ""/content/drive/MyDrive/olx_printer_dataset/images/printer_7afedf2c47/2.jpg"", ""/content/drive/MyDrive/olx_printer_dataset/images/printer_7afedf2c47/3.jpg"", ""/content/drive/MyDrive/olx_printer_dataset/images/printer_7afedf2c47/4.jpg"", ""/content/drive/MyDrive/olx_printer_dataset/images/printer_7afedf2c47/5.jpg"", ""/content/drive/MyDrive/olx_printer_dataset/images/printer_7afedf2c47/6.jpg"", ""/content/drive/MyDrive/olx_printer_dataset/images/printer_7afedf2c47/7.jpg"", ""/content/drive/MyDrive/olx_printer_dataset/images/printer_7afedf2c47/8.jpg""]",8,2025-12-07 13:48:48.132798
printer_9a19774aa3,https://www.olx.in/item/hard-disks-printers-monitors-c1509-hard-disk-drive-hdd-in-dehu-road-area-pune-iid-1811698516,Hard disk drive (HDD).,"Capacity: It offers 500GB of storage space. Form Factor: This is a 3.5-inch internal desktop drive. Rotation Speed: It operates at a speed of 7200 RPM, which ensures fast response times and smooth performance, especially for tasks requiring frequent data access. Interface: It uses a SATA 6.0 Gbps interface. Features: It is designed for desktop storage and is suitable for various uses, including general computing and potentially as a reliable alternative to solid-state drives. - Hard Disks, Printers & Monitors",1000,"[""/content/drive/MyDrive/olx_printer_dataset/images/printer_9a19774aa3/1.jpg"", ""/content/drive/MyDrive/olx_printer_dataset/images/printer_9a19774aa3/2.jpg"", ""/content/drive/MyDrive/olx_printer_dataset/images/printer_9a19774aa3/3.jpg"", ""/content/drive/MyDrive/olx_printer_dataset/images/printer_9a19774aa3/4.jpg"", ""/content/drive/MyDrive/olx_printer_dataset/images/printer_9a19774aa3/5.jpg"", ""/content/drive/MyDrive/olx_printer_dataset/images/printer_9a19774aa3/6.jpg"", ""/content/drive/MyDrive/olx_printer_dataset/images/printer_9a19774aa3/7.jpg"", ""/content/drive/MyDrive/olx_printer_dataset/images/printer_9a19774aa3/8.jpg""]",8,2025-12-07 13:48:54.772636
printer_01fa2cf99f,https://www.olx.in/item/hard-disks-printers-monitors-c1509-computer-monitors-tvs-pt-262-pos-terminal-hoin-printer-in-arakere-bengaluru-iid-1821693386,"computer monitors, TVS PT 262 pos terminal,  HOIN printer","TVS PT 262 pos terminal cash register - 9000/- HOIN thermal printer 1000/- Viewsonic wide monitor - VX2453MH-LED - 4400 HP wide monitor - E232 - 4400/- - Hard Disks, Printers & Monitors",9000,"[""/content/drive/MyDrive/olx_printer_dataset/images/printer_01fa2cf99f/1.jpg"", ""/content/drive/MyDrive/olx_printer_dataset/images/printer_01fa2cf99f/2.jpg"", ""/content/drive/MyDrive/olx_printer_dataset/images/printer_01fa2cf99f/3.jpg"", ""/content/drive/MyDrive/olx_printer_dataset/images/printer_01fa2cf99f/4.jpg"", ""/content/drive/MyDrive/olx_printer_dataset/images/printer_01fa2cf99f/5.jpg"", ""/content/drive/MyDrive/olx_printer_dataset/images/printer_01fa2cf99f/6.jpg"", ""/content/drive/MyDrive/olx_printer_dataset/images/printer_01fa2cf99f/7.jpg"", ""/content/drive/MyDrive/olx_printer_dataset/images/printer_01fa2cf99f/8.jpg""]",8,2025-12-07 13:49:01.647724
printer_a9c7539079,https://www.olx.in/item/hard-disks-printers-monitors-c1509-xerox-machine-ricoh-in-bibwewadi-pune-iid-1818493996,Xerox machine Ricoh,"Ricoh mp2001L Copy print scan Ardf,duplex A3, A4,legal size Machine in working & good cundtion 1.5 lack Spare & service avalibale New machine avalibale Hp A3 size with warranty - Hard Disks, Printers & Monitors",18000,"[""/content/drive/MyDrive/olx_printer_dataset/images/printer_a9c7539079/1.jpg"", ""/content/drive/MyDrive/olx_printer_dataset/images/printer_a9c7539079/2.jpg"", ""/content/drive/MyDrive/olx_printer_dataset/images/printer_a9c7539079/3.jpg"", ""/content/drive/MyDrive/olx_printer_dataset/images/printer_a9c7539079/4.jpg"", ""/content/drive/MyDrive/olx_printer_dataset/images/printer_a9c7539079/5.jpg"", ""/content/drive/MyDrive/olx_printer_dataset/images/printer_a9c7539079/6.jpg"", ""/content/drive/MyDrive/olx_printer_dataset/images/printer_a9c7539079/7.jpg"", ""/content/drive/MyDrive/olx_printer_dataset/images/printer_a9c7539079/8.jpg""]",8,2025-12-07 13:49:09.362441
printer_19332978e6,https://www.olx.in/item/hard-disks-printers-monitors-c1509-inverter-and-battery-in-sector-78-faridabad-iid-1824431998,Inverter and battery,"Inverter with battery and stand - Hard Disks, Printers & Monitors",12000,"[""/content/drive/MyDrive/olx_printer_dataset/images/printer_19332978e6/1.jpg"", ""/content/drive/MyDrive/olx_printer_dataset/images/printer_19332978e6/2.jpg"", ""/content/drive/MyDrive/olx_printer_dataset/images/printer_19332978e6/3.jpg"", ""/content/drive/MyDrive/olx_printer_dataset/images/printer_19332978e6/4.jpg"", ""/content/drive/MyDrive/olx_printer_dataset/images/printer_19332978e6/5.jpg"", ""/content/drive/MyDrive/olx_printer_dataset/images/printer_19332978e6/6.jpg"", ""/content/drive/MyDrive/olx_printer_dataset/images/printer_19332978e6/7.jpg"", ""/content/drive/MyDrive/olx_printer_dataset/images/printer_19332978e6/8.jpg""]",8,2025-12-07 13:49:55.517734
printer_26305fcaae,https://www.olx.in/item/hard-disks-printers-monitors-c1509-laser-jet-hp-printer-1020-full-working-in-sadar-bazar-gurgaon-iid-1823650326,Laser jet HP printer 1020 full working,"Full working Close cyber cafe - Hard Disks, Printers & Monitors",6100,"[""/content/drive/MyDrive/olx_printer_dataset/images/printer_26305fcaae/1.jpg"", ""/content/drive/MyDrive/olx_printer_dataset/images/printer_26305fcaae/2.jpg"", ""/content/drive/MyDrive/olx_printer_dataset/images/printer_26305fcaae/3.jpg"", ""/content/drive/MyDrive/olx_printer_dataset/images/printer_26305fcaae/4.jpg"", ""/content/drive/MyDrive/olx_printer_dataset/images/printer_26305fcaae/5.jpg"", ""/content/drive/MyDrive/olx_printer_dataset/images/printer_26305fcaae/6.jpg"", ""/content/drive/MyDrive/olx_printer_dataset/images/printer_26305fcaae/7.jpg"", ""/content/drive/MyDrive/olx_printer_dataset/images/printer_26305fcaae/8.jpg""]",8,2025-12-07 13:50:01.394907
printer_a1f2b3806e,https://www.olx.in/item/hard-disks-printers-monitors-c1509-one-touch-hard-disk-drive-2tb-in-sri-nagar-colony-hyderabad-iid-1828576944,One touch hard disk drive - 2TB,"Hard disk drive, seal piece - Hard Disks, Printers & Monitors",5000,"[""/content/drive/MyDrive/olx_printer_dataset/images/printer_a1f2b3806e/1.jpg"", ""/content/drive/MyDrive/olx_printer_dataset/images/printer_a1f2b3806e/2.jpg"", ""/content/drive/MyDrive/olx_printer_dataset/images/printer_a1f2b3806e/3.jpg"", ""/content/drive/MyDrive/olx_printer_dataset/images/printer_a1f2b3806e/4.jpg"", ""/content/drive/MyDrive/olx_printer_dataset/images/printer_a1f2b3806e/5.jpg"", ""/content/drive/MyDrive/olx_printer_dataset/images/printer_a1f2b3806e/6.jpg"", ""/content/drive/MyDrive/olx_printer_dataset/images/printer_a1f2b3806e/7.jpg"", ""/content/drive/MyDrive/olx_printer_dataset/images/printer_a1f2b3806e/8.jpg""]",8,2025-12-07 13:50:07.212179
printer_b51ffac57d,https://www.olx.in/item/hard-disks-printers-monitors-c1509-kyocera-m4125-a3-photocopier-in-excellent-condition-in-patel-seva-nagar-patna-iid-1828576666,KYOCERA M4125 A3 photocopier in excellent condition,"Selling kyocera m4125 idn A3 printer and photocopier in excellent condition and less used - Hard Disks, Printers & Monitors",40000,"[""/content/drive/MyDrive/olx_printer_dataset/images/printer_b51ffac57d/1.jpg"", ""/content/drive/MyDrive/olx_printer_dataset/images/printer_b51ffac57d/2.jpg"", ""/content/drive/MyDrive/olx_printer_dataset/images/printer_b51ffac57d/3.jpg"", ""/content/drive/MyDrive/olx_printer_dataset/images/printer_b51ffac57d/4.jpg"", ""/content/drive/MyDrive/olx_printer_dataset/images/printer_b51ffac57d/5.jpg"", ""/content/drive/MyDrive/olx_printer_dataset/images/printer_b51ffac57d/6.jpg"", ""/content/drive/MyDrive/olx_printer_dataset/images/printer_b51ffac57d/7.jpg"", ""/content/drive/MyDrive/olx_printer_dataset/images/printer_b51ffac57d/8.jpg""]",8,2025-12-07 13:50:53.625609
printer_88c6ad0165,https://www.olx.in/item/hard-disks-printers-monitors-c1509-2tb-2-hard-disk-for-sale-in-bhosari-adinath-nagar-pune-iid-1828576405,2tb 2 hard disk for sale,"Good condition - Hard Disks, Printers & Monitors",6000,"[""/content/drive/MyDrive/olx_printer_dataset/images/printer_88c6ad0165/1.jpg"", ""/content/drive/MyDrive/olx_printer_dataset/images/printer_88c6ad0165/2.jpg"", ""/content/drive/MyDrive/olx_printer_dataset/images/printer_88c6ad0165/3.jpg"", ""/content/drive/MyDrive/olx_printer_dataset/images/printer_88c6ad0165/4.jpg"", ""/content/drive/MyDrive/olx_printer_dataset/images/printer_88c6ad0165/5.jpg"", ""/content/drive/MyDrive/olx_printer_dataset/images/printer_88c6ad0165/6.jpg"", ""/content/drive/MyDrive/olx_printer_dataset/images/printer_88c6ad0165/7.jpg"", ""/content/drive/MyDrive/olx_printer_dataset/images/printer_88c6ad0165/8.jpg""]",8,2025-12-07 13:51:41.693321
printer_95e7b6aebf,https://www.olx.in/item/hard-disks-printers-monitors-c1509-hp-z22-g2-22inch-monitor-in-wakad-pune-iid-1825739590,HP Z22 G2 22INCH MONITOR,"100% Genuine Laptops with All Branded Original Parts 100% Fix Price, No bargain Cash Payment, Gpay/PhonePe Laptop Bag & Wired Mouse Free HP Z22 G2 22INCH MONITOR ️ HP Z22 G2 22INCH MONITOR 22 inch FHD Display ️ Ips panel ,Borderless ️Hydraulic stand Ports: HDMI, VGA, DISPLAY ️ 360⁰ Rotate 15 days Warranty BusinessComputers(Dot)in 2nd floor, above new poona bakery, opposite of mm Pharmacy College. Beside Shriram Vadapav. Landmark- Kalewadi D-Mart Signal. Pimpri Chinchwad (Pune) Pin 411033 - Hard Disks, Printers & Monitors",6700,"[""/content/drive/MyDrive/olx_printer_dataset/images/printer_95e7b6aebf/1.jpg"", ""/content/drive/MyDrive/olx_printer_dataset/images/printer_95e7b6aebf/2.jpg"", ""/content/drive/MyDrive/olx_printer_dataset/images/printer_95e7b6aebf/3.jpg"", ""/content/drive/MyDrive/olx_printer_dataset/images/printer_95e7b6aebf/4.jpg"", ""/content/drive/MyDrive/olx_printer_dataset/images/printer_95e7b6aebf/5.jpg"", ""/content/drive/MyDrive/olx_printer_dataset/images/printer_95e7b6aebf/6.jpg"", ""/content/drive/MyDrive/olx_printer_dataset/images/printer_95e7b6aebf/7.jpg"", ""/content/drive/MyDrive/olx_printer_dataset/images/printer_95e7b6aebf/8.jpg""]",8,2025-12-07 13:51:48.447543
printer_e98d2b8551,https://www.olx.in/item/hard-disks-printers-monitors-c1509-hp-mfp-m72625-laserjet-excellent-brand-new-condition-in-sarojini-devi-road-secunderabad-iid-1828552075,Hp  mfp m72625 laserjet. Excellent Brand New condition,"A3 Digital copier with Network Printer Colour Scanner Duplex And RADF - Hard Disks, Printers & Monitors",56000,"[""/content/drive/MyDrive/olx_printer_dataset/images/printer_e98d2b8551/1.jpg"", ""/content/drive/MyDrive/olx_printer_dataset/images/printer_e98d2b8551/2.jpg"", ""/content/drive/MyDrive/olx_printer_dataset/images/printer_e98d2b8551/3.jpg"", ""/content/drive/MyDrive/olx_printer_dataset/images/printer_e98d2b8551/4.jpg"", ""/content/drive/MyDrive/olx_printer_dataset/images/printer_e98d2b8551/5.jpg"", ""/content/drive/MyDrive/olx_printer_dataset/images/printer_e98d2b8551/6.jpg"", ""/content/drive/MyDrive/olx_printer_dataset/images/printer_e98d2b8551/7.jpg"", ""/content/drive/MyDrive/olx_printer_dataset/images/printer_e98d2b8551/8.jpg""]",8,2025-12-07 13:51:55.680171
printer_a337b09a9d,https://www.olx.in/item/hard-disks-printers-monitors-c1509-benq-gw2480-24-ips-full-hd-monitor-box-hdmi-cable-included-in-hoodi-bengaluru-iid-1819313569,BenQ GW2480 24” IPS Full HD Monitor – Box & HDMI Cable Included,"Selling my BenQ GW2480 24” IPS Full HD Monitor in excellent condition. Features: • 24” IPS Full HD 1080p, 60Hz, ultra-slim bezel • Eye-Care: Low Blue Light, Flicker-Free, Brightness Intelligence • Built-in speakers, HDMI + DP + VGA ports • Original box + HDMI cable included Note: Stand not available (can use wall mount or third-party stand). Price: 7000 (fixed / slightly negotiable) Location: Bangalore - Hard Disks, Printers & Monitors",7000,"[""/content/drive/MyDrive/olx_printer_dataset/images/printer_a337b09a9d/1.jpg"", ""/content/drive/MyDrive/olx_printer_dataset/images/printer_a337b09a9d/2.jpg"", ""/content/drive/MyDrive/olx_printer_dataset/images/printer_a337b09a9d/3.jpg"", ""/content/drive/MyDrive/olx_printer_dataset/images/printer_a337b09a9d/4.jpg"", ""/content/drive/MyDrive/olx_printer_dataset/images/printer_a337b09a9d/5.jpg"", ""/content/drive/MyDrive/olx_printer_dataset/images/printer_a337b09a9d/6.jpg"", ""/content/drive/MyDrive/olx_printer_dataset/images/printer_a337b09a9d/7.jpg"", ""/content/drive/MyDrive/olx_printer_dataset/images/printer_a337b09a9d/8.jpg""]",8,2025-12-07 13:52:01.662436
printer_94e52dfdd3,https://www.olx.in/item/hard-disks-printers-monitors-c1509-hp-126a-printer-in-satnali-mahendragarh-iid-1828579562,Hp 126a  printer,"Brand new printer h 1 baar refill hui h cartage - Hard Disks, Printers & Monitors",18500,"[""/content/drive/MyDrive/olx_printer_dataset/images/printer_94e52dfdd3/1.jpg"", ""/content/drive/MyDrive/olx_printer_dataset/images/printer_94e52dfdd3/2.jpg"", ""/content/drive/MyDrive/olx_printer_dataset/images/printer_94e52dfdd3/3.jpg"", ""/content/drive/MyDrive/olx_printer_dataset/images/printer_94e52dfdd3/4.jpg"", ""/content/drive/MyDrive/olx_printer_dataset/images/printer_94e52dfdd3/5.jpg"", ""/content/drive/MyDrive/olx_printer_dataset/images/printer_94e52dfdd3/6.jpg"", ""/content/drive/MyDrive/olx_printer_dataset/images/printer_94e52dfdd3/7.jpg"", ""/content/drive/MyDrive/olx_printer_dataset/images/printer_94e52dfdd3/8.jpg""]",8,2025-12-07 13:52:08.096827
printer_9175f5ce2a,https://www.olx.in/item/hard-disks-printers-monitors-c1509-hp-branded-monitors-for-sale-in-sundaraiah-nagar-vijayawada-iid-1822268074,hp branded monitors for sale,"Hp 19 inch monitors, good workinga and no issue One monitor price -2500 - Hard Disks, Printers & Monitors",2500,"[""/content/drive/MyDrive/olx_printer_dataset/images/printer_9175f5ce2a/1.jpg"", ""/content/drive/MyDrive/olx_printer_dataset/images/printer_9175f5ce2a/2.jpg"", ""/content/drive/MyDrive/olx_printer_dataset/images/printer_9175f5ce2a/3.jpg"", ""/content/drive/MyDrive/olx_printer_dataset/images/printer_9175f5ce2a/4.jpg"", ""/content/drive/MyDrive/olx_printer_dataset/images/printer_9175f5ce2a/5.jpg"", ""/content/drive/MyDrive/olx_printer_dataset/images/printer_9175f5ce2a/6.jpg"", ""/content/drive/MyDrive/olx_printer_dataset/images/printer_9175f5ce2a/7.jpg"", ""/content/drive/MyDrive/olx_printer_dataset/images/printer_9175f5ce2a/8.jpg""]",8,2025-12-07 13:53:38.201157
printer_1b69a3a5fc,https://www.olx.in/item/hard-disks-printers-monitors-c1509-hp-mfp-427-printer-in-hari-enclave-delhi-iid-1828583743,Hp mfp 427 printer,"Hp m427 printer in good condition - Hard Disks, Printers & Monitors",15000,"[""/content/drive/MyDrive/olx_printer_dataset/images/printer_1b69a3a5fc/1.jpg"", ""/content/drive/MyDrive/olx_printer_dataset/images/printer_1b69a3a5fc/2.jpg"", ""/content/drive/MyDrive/olx_printer_dataset/images/printer_1b69a3a5fc/3.jpg"", ""/content/drive/MyDrive/olx_printer_dataset/images/printer_1b69a3a5fc/4.jpg"", ""/content/drive/MyDrive/olx_printer_dataset/images/printer_1b69a3a5fc/5.jpg"", ""/content/drive/MyDrive/olx_printer_dataset/images/printer_1b69a3a5fc/6.jpg"", ""/content/drive/MyDrive/olx_printer_dataset/images/printer_1b69a3a5fc/7.jpg"", ""/content/drive/MyDrive/olx_printer_dataset/images/printer_1b69a3a5fc/8.jpg""]",8,2025-12-07 13:53:44.082659
printer_4162e85b98,https://www.olx.in/item/hard-disks-printers-monitors-c1509-hard-disk-4tb-in-chrompet-chennai-iid-1827680703,Hard disk 4TB,"Western degital WD Hard Disk 4TB 100% Health condition Powered Hard disk Only Back Up use Online /Offline Price….12500 or.11000 - Hard Disks, Printers & Monitors",8500,"[""/content/drive/MyDrive/olx_printer_dataset/images/printer_4162e85b98/1.jpg"", ""/content/drive/MyDrive/olx_printer_dataset/images/printer_4162e85b98/2.jpg"", ""/content/drive/MyDrive/olx_printer_dataset/images/printer_4162e85b98/3.jpg"", ""/content/drive/MyDrive/olx_printer_dataset/images/printer_4162e85b98/4.jpg"", ""/content/drive/MyDrive/olx_printer_dataset/images/printer_4162e85b98/5.jpg"", ""/content/drive/MyDrive/olx_printer_dataset/images/printer_4162e85b98/6.jpg"", ""/content/drive/MyDrive/olx_printer_dataset/images/printer_4162e85b98/7.jpg"", ""/content/drive/MyDrive/olx_printer_dataset/images/printer_4162e85b98/8.jpg""]",8,2025-12-07 13:54:31.110483
printer_bc93f42f71,https://www.olx.in/item/hard-disks-printers-monitors-c1509-urgent-sale-hp-682-ink-cartridges-tricolour-and-black-for-hp-printers-in-paravattani-thrissur-iid-1823837309,Urgent sale-HP 682 Ink Cartridges Tricolour and Black for HP Printers,"HP 682 Ink Cartridges combo pack for HP Printers are for immediate Sale.This combo contains 1 Number of HP 682 Tricolour and 1 Number of HP 682 Black Colour Ink Cartridges for HP Printers .These cartridges are unopened and unused.I am selling these cartidges because my printer is sold yesterday.I had ordered these cartidges last week and got delivered on yesterday.I have ordered for another HP Printer yesterday and these cartridges are not compatible with it.That is why I am selling these cartidges. I am selling these cartidges at a much lower price.So grab it at the earliest.So genuine buyers contact me over my phone - Hard Disks, Printers & Monitors",950,"[""/content/drive/MyDrive/olx_printer_dataset/images/printer_bc93f42f71/1.jpg"", ""/content/drive/MyDrive/olx_printer_dataset/images/printer_bc93f42f71/2.jpg"", ""/content/drive/MyDrive/olx_printer_dataset/images/printer_bc93f42f71/3.jpg"", ""/content/drive/MyDrive/olx_printer_dataset/images/printer_bc93f42f71/4.jpg"", ""/content/drive/MyDrive/olx_printer_dataset/images/printer_bc93f42f71/5.jpg"", ""/content/drive/MyDrive/olx_printer_dataset/images/printer_bc93f42f71/6.jpg"", ""/content/drive/MyDrive/olx_printer_dataset/images/printer_bc93f42f71/7.jpg"", ""/content/drive/MyDrive/olx_printer_dataset/images/printer_bc93f42f71/8.jpg""]",8,2025-12-07 13:54:36.823945
printer_3504ca0ae5,https://www.olx.in/item/hard-disks-printers-monitors-c1509-mahindra-auto-charger-25000-in-abupur-uttar-pradesh-iid-1828578172,Mahindra auto charger 25000,"Mahindra Plus charger 25000 mein agar kisi Ko lena hai to contact Karen... - Hard Disks, Printers & Monitors",25000,"[""/content/drive/MyDrive/olx_printer_dataset/images/printer_3504ca0ae5/1.jpg"", ""/content/drive/MyDrive/olx_printer_dataset/images/printer_3504ca0ae5/2.jpg"", ""/content/drive/MyDrive/olx_printer_dataset/images/printer_3504ca0ae5/3.jpg"", ""/content/drive/MyDrive/olx_printer_dataset/images/printer_3504ca0ae5/4.jpg"", ""/content/drive/MyDrive/olx_printer_dataset/images/printer_3504ca0ae5/5.jpg"", ""/content/drive/MyDrive/olx_printer_dataset/images/printer_3504ca0ae5/6.jpg"", ""/content/drive/MyDrive/olx_printer_dataset/images/printer_3504ca0ae5/7.jpg"", ""/content/drive/MyDrive/olx_printer_dataset/images/printer_3504ca0ae5/8.jpg""]",8,2025-12-07 13:54:42.782416
printer_b5ab31de29,https://www.olx.in/item/hard-disks-printers-monitors-c1509-hp-laserjet-printer-p2015d-in-gokuldham-mumbai-iid-1828582267,hp laserjet printer p2015d,"Cost effective printer - Hard Disks, Printers & Monitors",8000,"[""/content/drive/MyDrive/olx_printer_dataset/images/printer_b5ab31de29/1.jpg"", ""/content/drive/MyDrive/olx_printer_dataset/images/printer_b5ab31de29/2.jpg"", ""/content/drive/MyDrive/olx_printer_dataset/images/printer_b5ab31de29/3.jpg"", ""/content/drive/MyDrive/olx_printer_dataset/images/printer_b5ab31de29/4.jpg"", ""/content/drive/MyDrive/olx_printer_dataset/images/printer_b5ab31de29/5.jpg"", ""/content/drive/MyDrive/olx_printer_dataset/images/printer_b5ab31de29/6.jpg"", ""/content/drive/MyDrive/olx_printer_dataset/images/printer_b5ab31de29/7.jpg"", ""/content/drive/MyDrive/olx_printer_dataset/images/printer_b5ab31de29/8.jpg""]",8,2025-12-07 13:54:49.560232
printer_f704e60373,https://www.olx.in/item/hard-disks-printers-monitors-c1509-1tb-laptop-harddisk-in-malad-west-mumbai-iid-1828579999,1tb Laptop Harddisk,"Good Condition - Hard Disks, Printers & Monitors",2000,"[""/content/drive/MyDrive/olx_printer_dataset/images/printer_f704e60373/1.jpg"", ""/content/drive/MyDrive/olx_printer_dataset/images/printer_f704e60373/2.jpg"", ""/content/drive/MyDrive/olx_printer_dataset/images/printer_f704e60373/3.jpg"", ""/content/drive/MyDrive/olx_printer_dataset/images/printer_f704e60373/4.jpg"", ""/content/drive/MyDrive/olx_printer_dataset/images/printer_f704e60373/5.jpg"", ""/content/drive/MyDrive/olx_printer_dataset/images/printer_f704e60373/6.jpg"", ""/content/drive/MyDrive/olx_printer_dataset/images/printer_f704e60373/7.jpg"", ""/content/drive/MyDrive/olx_printer_dataset/images/printer_f704e60373/8.jpg""]",8,2025-12-07 13:54:55.328792
printer_acfcbb1e44,https://www.olx.in/item/hard-disks-printers-monitors-c1509-canon-printer-in-indirapuram-shakti-khand-1-ghaziabad-iid-1828574841,Canon Printer,"Canon printer in very good condition, not used much, for sale. - Hard Disks, Printers & Monitors",2400,"[""/content/drive/MyDrive/olx_printer_dataset/images/printer_acfcbb1e44/1.jpg"", ""/content/drive/MyDrive/olx_printer_dataset/images/printer_acfcbb1e44/2.jpg"", ""/content/drive/MyDrive/olx_printer_dataset/images/printer_acfcbb1e44/3.jpg"", ""/content/drive/MyDrive/olx_printer_dataset/images/printer_acfcbb1e44/4.jpg"", ""/content/drive/MyDrive/olx_printer_dataset/images/printer_acfcbb1e44/5.jpg"", ""/content/drive/MyDrive/olx_printer_dataset/images/printer_acfcbb1e44/6.jpg"", ""/content/drive/MyDrive/olx_printer_dataset/images/printer_acfcbb1e44/7.jpg"", ""/content/drive/MyDrive/olx_printer_dataset/images/printer_acfcbb1e44/8.jpg""]",8,2025-12-07 13:55:44.237306
printer_cff198d6ad,https://www.olx.in/item/hard-disks-printers-monitors-c1509-2tb-western-digital-hard-disc-in-koyambedu-chennai-iid-1828357679,2TB WESTERN DIGITAL HARD DISC,"LIGHT USED EXCELLENT WORKING CONDITION PRICE NEGOTIABLE - Hard Disks, Printers & Monitors",5500,"[""/content/drive/MyDrive/olx_printer_dataset/images/printer_cff198d6ad/1.jpg"", ""/content/drive/MyDrive/olx_printer_dataset/images/printer_cff198d6ad/2.jpg"", ""/content/drive/MyDrive/olx_printer_dataset/images/printer_cff198d6ad/3.jpg"", ""/content/drive/MyDrive/olx_printer_dataset/images/printer_cff198d6ad/4.jpg"", ""/content/drive/MyDrive/olx_printer_dataset/images/printer_cff198d6ad/5.jpg"", ""/content/drive/MyDrive/olx_printer_dataset/images/printer_cff198d6ad/6.jpg"", ""/content/drive/MyDrive/olx_printer_dataset/images/printer_cff198d6ad/7.jpg"", ""/content/drive/MyDrive/olx_printer_dataset/images/printer_cff198d6ad/8.jpg""]",8,2025-12-07 13:56:30.907885
printer_c9f9c4bf67,https://www.olx.in/item/hard-disks-printers-monitors-c1509-canon-2200-xerox-machine-in-kattupakkam-astha-lakshmi-nagar-chennai-iid-1826144160,Canon 2200 xerox Machine,"Sparingly used 2017 Model Good working condition Canon 2200 Xerox Machine for sale. Scanning and Printing A4 and A3 size. - Hard Disks, Printers & Monitors",10000,"[""/content/drive/MyDrive/olx_printer_dataset/images/printer_c9f9c4bf67/1.jpg"", ""/content/drive/MyDrive/olx_printer_dataset/images/printer_c9f9c4bf67/2.jpg"", ""/content/drive/MyDrive/olx_printer_dataset/images/printer_c9f9c4bf67/3.jpg"", ""/content/drive/MyDrive/olx_printer_dataset/images/printer_c9f9c4bf67/4.jpg"", ""/content/drive/MyDrive/olx_printer_dataset/images/printer_c9f9c4bf67/5.jpg"", ""/content/drive/MyDrive/olx_printer_dataset/images/printer_c9f9c4bf67/6.jpg"", ""/content/drive/MyDrive/olx_printer_dataset/images/printer_c9f9c4bf67/7.jpg"", ""/content/drive/MyDrive/olx_printer_dataset/images/printer_c9f9c4bf67/8.jpg""]",8,2025-12-07 13:58:43.001481
printer_4530ea4b9b,https://www.olx.in/item/hard-disks-printers-monitors-c1509-1tb-geonix-cctv-nd-pc-1yrs-rs-4300-in-aranya-nagar-indore-iid-1697391573,1TB हार्डडिस्क geonix cctv nd pc केलिये 1yrs वारंटी RS 4300,"1TB हार्डडिस्क geonix /segate/wd cctv ND pc केलिये 1yrवारंटी RS 4300. 1tb segate/wd/ thosiba 2yr warranty. for - cctv camera for - computer for -server for - pc. 1yr warranty new box pack 1yr local service center warranty 1 TB Geonix hard disk 1yr warranty for cctv/pc @4300 call/WhatsApp ultimate electronics scheme no. 78 vijaya nagar indore - Hard Disks, Printers & Monitors",4300,"[""/content/drive/MyDrive/olx_printer_dataset/images/printer_4530ea4b9b/1.jpg"", ""/content/drive/MyDrive/olx_printer_dataset/images/printer_4530ea4b9b/2.jpg"", ""/content/drive/MyDrive/olx_printer_dataset/images/printer_4530ea4b9b/3.jpg"", ""/content/drive/MyDrive/olx_printer_dataset/images/printer_4530ea4b9b/4.jpg"", ""/content/drive/MyDrive/olx_printer_dataset/images/printer_4530ea4b9b/5.jpg"", ""/content/drive/MyDrive/olx_printer_dataset/images/printer_4530ea4b9b/6.jpg"", ""/content/drive/MyDrive/olx_printer_dataset/images/printer_4530ea4b9b/7.jpg"", ""/content/drive/MyDrive/olx_printer_dataset/images/printer_4530ea4b9b/8.jpg""]",8,2025-12-07 14:00:12.099067
printer_385281c73a,https://www.olx.in/item/hard-disks-printers-monitors-c1509-paper-plate-machine-in-toppampatti-chinnalapatti-iid-1826108441,Paper plate machine,"Multiple parpuse tree dai machine,new machine 5 months good condition - Hard Disks, Printers & Monitors",260000,"[""/content/drive/MyDrive/olx_printer_dataset/images/printer_385281c73a/1.jpg"", ""/content/drive/MyDrive/olx_printer_dataset/images/printer_385281c73a/2.jpg"", ""/content/drive/MyDrive/olx_printer_dataset/images/printer_385281c73a/3.jpg"", ""/content/drive/MyDrive/olx_printer_dataset/images/printer_385281c73a/4.jpg"", ""/content/drive/MyDrive/olx_printer_dataset/images/printer_385281c73a/5.jpg"", ""/content/drive/MyDrive/olx_printer_dataset/images/printer_385281c73a/6.jpg"", ""/content/drive/MyDrive/olx_printer_dataset/images/printer_385281c73a/7.jpg"", ""/content/drive/MyDrive/olx_printer_dataset/images/printer_385281c73a/8.jpg"", ""/content/drive/MyDrive/olx_printer_dataset/images/printer_385281c73a/9.jpg"", ""/content/drive/MyDrive/olx_printer_dataset/images/printer_385281c73a/10.jpg"", ""/content/drive/MyDrive/olx_printer_dataset/images/printer_385281c73a/11.jpg"", ""/content/drive/MyDrive/olx_printer_dataset/images/printer_385281c73a/12.jpg"", ""/content/drive/MyDrive/olx_printer_dataset/images/printer_385281c73a/13.jpg"", ""/content/drive/MyDrive/olx_printer_dataset/images/printer_385281c73a/14.jpg""]",14,2025-12-07 14:01:02.946621
printer_4fec53d036,https://www.olx.in/item/hard-disks-printers-monitors-c1509-canon-mf3010-in-mahimadham-mandideep-iid-1828573191,Canon mf3010,"Laser printer - Hard Disks, Printers & Monitors",12000,"[""/content/drive/MyDrive/olx_printer_dataset/images/printer_4fec53d036/1.jpg"", ""/content/drive/MyDrive/olx_printer_dataset/images/printer_4fec53d036/2.jpg"", ""/content/drive/MyDrive/olx_printer_dataset/images/printer_4fec53d036/3.jpg"", ""/content/drive/MyDrive/olx_printer_dataset/images/printer_4fec53d036/4.jpg"", ""/content/drive/MyDrive/olx_printer_dataset/images/printer_4fec53d036/5.jpg"", ""/content/drive/MyDrive/olx_printer_dataset/images/printer_4fec53d036/6.jpg"", ""/content/drive/MyDrive/olx_printer_dataset/images/printer_4fec53d036/7.jpg"", ""/content/drive/MyDrive/olx_printer_dataset/images/printer_4fec53d036/8.jpg""]",8,2025-12-07 14:01:50.898381
printer_754dc29dce,https://www.olx.in/item/hard-disks-printers-monitors-c1509-printer-electronic-is-use-ful-for-every-work-in-shaheed-path-lucknow-iid-1828570626,Printer electronic is use ful for every work,"HP printer - Hard Disks, Printers & Monitors",48000,"[""/content/drive/MyDrive/olx_printer_dataset/images/printer_754dc29dce/1.jpg"", ""/content/drive/MyDrive/olx_printer_dataset/images/printer_754dc29dce/2.jpg"", ""/content/drive/MyDrive/olx_printer_dataset/images/printer_754dc29dce/3.jpg"", ""/content/drive/MyDrive/olx_printer_dataset/images/printer_754dc29dce/4.jpg"", ""/content/drive/MyDrive/olx_printer_dataset/images/printer_754dc29dce/5.jpg"", ""/content/drive/MyDrive/olx_printer_dataset/images/printer_754dc29dce/6.jpg"", ""/content/drive/MyDrive/olx_printer_dataset/images/printer_754dc29dce/7.jpg"", ""/content/drive/MyDrive/olx_printer_dataset/images/printer_754dc29dce/8.jpg""]",8,2025-12-07 14:02:38.695038
printer_b551a3d38c,https://www.olx.in/item/hard-disks-printers-monitors-c1509-hathway-tv-set-top-box-in-banjara-hills-hyderabad-iid-1828572661,Hathway tv set top box,"Hathway tv disk recharging disk - Hard Disks, Printers & Monitors",500,"[""/content/drive/MyDrive/olx_printer_dataset/images/printer_b551a3d38c/1.jpg"", ""/content/drive/MyDrive/olx_printer_dataset/images/printer_b551a3d38c/2.jpg"", ""/content/drive/MyDrive/olx_printer_dataset/images/printer_b551a3d38c/3.jpg"", ""/content/drive/MyDrive/olx_printer_dataset/images/printer_b551a3d38c/4.jpg"", ""/content/drive/MyDrive/olx_printer_dataset/images/printer_b551a3d38c/5.jpg"", ""/content/drive/MyDrive/olx_printer_dataset/images/printer_b551a3d38c/6.jpg"", ""/content/drive/MyDrive/olx_printer_dataset/images/printer_b551a3d38c/7.jpg"", ""/content/drive/MyDrive/olx_printer_dataset/images/printer_b551a3d38c/8.jpg""]",8,2025-12-07 14:03:26.232677
printer_d49eb1f98b,https://www.olx.in/item/hard-disks-printers-monitors-c1509-lg-ultragear-monitor-24-inch-180hz-in-kogilu-bengaluru-iid-1828572679,LG Ultragear Monitor 24 inch 180hz,"LG Ultragear 24GS65F IPS Full HD Gaming Monitor, 24 Inch, 1920 X 1080, 1ms, 180Hz, HDR 10, NVIDIA G-Sync Compatible, AMD FreeSync, Height/Pivot/Tilt stand, Under warranty and no issues till date - Hard Disks, Printers & Monitors",7500,"[""/content/drive/MyDrive/olx_printer_dataset/images/printer_d49eb1f98b/1.jpg"", ""/content/drive/MyDrive/olx_printer_dataset/images/printer_d49eb1f98b/2.jpg"", ""/content/drive/MyDrive/olx_printer_dataset/images/printer_d49eb1f98b/3.jpg"", ""/content/drive/MyDrive/olx_printer_dataset/images/printer_d49eb1f98b/4.jpg"", ""/content/drive/MyDrive/olx_printer_dataset/images/printer_d49eb1f98b/5.jpg"", ""/content/drive/MyDrive/olx_printer_dataset/images/printer_d49eb1f98b/6.jpg"", ""/content/drive/MyDrive/olx_printer_dataset/images/printer_d49eb1f98b/7.jpg"", ""/content/drive/MyDrive/olx_printer_dataset/images/printer_d49eb1f98b/8.jpg""]",8,2025-12-07 14:04:55.344001
printer_e84c98805c,https://www.olx.in/item/hard-disks-printers-monitors-c1509-hp-1005-printer-and-scanner-in-very-good-condition-2023-model-in-bandhwapara-bilaspur-iid-1796693171,Hp 1005 Printer and scanner in Very Good Condition 2023 model,"Hp 1005 Printer and scanner in very Condition Call for other information - Hard Disks, Printers & Monitors",13400,"[""/content/drive/MyDrive/olx_printer_dataset/images/printer_e84c98805c/1.jpg"", ""/content/drive/MyDrive/olx_printer_dataset/images/printer_e84c98805c/2.jpg"", ""/content/drive/MyDrive/olx_printer_dataset/images/printer_e84c98805c/3.jpg"", ""/content/drive/MyDrive/olx_printer_dataset/images/printer_e84c98805c/4.jpg"", ""/content/drive/MyDrive/olx_printer_dataset/images/printer_e84c98805c/5.jpg"", ""/content/drive/MyDrive/olx_printer_dataset/images/printer_e84c98805c/6.jpg"", ""/content/drive/MyDrive/olx_printer_dataset/images/printer_e84c98805c/7.jpg"", ""/content/drive/MyDrive/olx_printer_dataset/images/printer_e84c98805c/8.jpg""]",8,2025-12-07 14:05:01.249708
printer_1693e3e626,https://www.olx.in/item/hard-disks-printers-monitors-c1509-epson-sure-colour-p-8000-in-indira-nagar-lucknow-iid-1805281107,EPSON Sure Colour P 8000,"Best Running condition plotter 44 Printer - Hard Disks, Printers & Monitors",175000,"[""/content/drive/MyDrive/olx_printer_dataset/images/printer_1693e3e626/1.jpg"", ""/content/drive/MyDrive/olx_printer_dataset/images/printer_1693e3e626/2.jpg"", ""/content/drive/MyDrive/olx_printer_dataset/images/printer_1693e3e626/3.jpg"", ""/content/drive/MyDrive/olx_printer_dataset/images/printer_1693e3e626/4.jpg"", ""/content/drive/MyDrive/olx_printer_dataset/images/printer_1693e3e626/5.jpg"", ""/content/drive/MyDrive/olx_printer_dataset/images/printer_1693e3e626/6.jpg"", ""/content/drive/MyDrive/olx_printer_dataset/images/printer_1693e3e626/7.jpg"", ""/content/drive/MyDrive/olx_printer_dataset/images/printer_1693e3e626/8.jpg""]",8,2025-12-07 14:05:47.156710
printer_469c3562f2,https://www.olx.in/item/hard-disks-printers-monitors-c1509-sublimation-printing-combo-5-in-1-machine-in-kakadev-kanpur-iid-1828575756,Sublimation printing combo 5 in 1 machine,"New condition 2 months old only - Hard Disks, Printers & Monitors",16000,"[""/content/drive/MyDrive/olx_printer_dataset/images/printer_469c3562f2/1.jpg"", ""/content/drive/MyDrive/olx_printer_dataset/images/printer_469c3562f2/2.jpg"", ""/content/drive/MyDrive/olx_printer_dataset/images/printer_469c3562f2/3.jpg"", ""/content/drive/MyDrive/olx_printer_dataset/images/printer_469c3562f2/4.jpg"", ""/content/drive/MyDrive/olx_printer_dataset/images/printer_469c3562f2/5.jpg"", ""/content/drive/MyDrive/olx_printer_dataset/images/printer_469c3562f2/6.jpg"", ""/content/drive/MyDrive/olx_printer_dataset/images/printer_469c3562f2/7.jpg"", ""/content/drive/MyDrive/olx_printer_dataset/images/printer_469c3562f2/8.jpg""]",8,2025-12-07 14:06:35.936502
printer_346f6e6768,https://www.olx.in/item/hard-disks-printers-monitors-c1509-epson-l3560-printer-sale-karna-hai-with-warranty-hai-in-bhorasla-indore-iid-1827470227,Epson L3560 printer sale karna hai with warranty hai,"Epson L3560 colour inkjet printer - Hard Disks, Printers & Monitors",9000,"[""/content/drive/MyDrive/olx_printer_dataset/images/printer_346f6e6768/1.jpg"", ""/content/drive/MyDrive/olx_printer_dataset/images/printer_346f6e6768/2.jpg"", ""/content/drive/MyDrive/olx_printer_dataset/images/printer_346f6e6768/3.jpg"", ""/content/drive/MyDrive/olx_printer_dataset/images/printer_346f6e6768/4.jpg"", ""/content/drive/MyDrive/olx_printer_dataset/images/printer_346f6e6768/5.jpg"", ""/content/drive/MyDrive/olx_printer_dataset/images/printer_346f6e6768/6.jpg"", ""/content/drive/MyDrive/olx_printer_dataset/images/printer_346f6e6768/7.jpg"", ""/content/drive/MyDrive/olx_printer_dataset/images/printer_346f6e6768/8.jpg""]",8,2025-12-07 14:07:23.136450
printer_e07097e359,https://www.olx.in/item/hard-disks-printers-monitors-c1509-aoc-led-monitor-19-inches-482-cm-in-bhandewadi-near-pardi-nagpur-iid-1813828046,AOC LED monitor 19 inches (48.2 CM),"* Start condition * Use for PC * Use For CCTV purpose * Multipurpose use - Hard Disks, Printers & Monitors",2599,"[""/content/drive/MyDrive/olx_printer_dataset/images/printer_e07097e359/1.jpg"", ""/content/drive/MyDrive/olx_printer_dataset/images/printer_e07097e359/2.jpg"", ""/content/drive/MyDrive/olx_printer_dataset/images/printer_e07097e359/3.jpg"", ""/content/drive/MyDrive/olx_printer_dataset/images/printer_e07097e359/4.jpg"", ""/content/drive/MyDrive/olx_printer_dataset/images/printer_e07097e359/5.jpg"", ""/content/drive/MyDrive/olx_printer_dataset/images/printer_e07097e359/6.jpg"", ""/content/drive/MyDrive/olx_printer_dataset/images/printer_e07097e359/7.jpg"", ""/content/drive/MyDrive/olx_printer_dataset/images/printer_e07097e359/8.jpg""]",8,2025-12-07 14:08:11.077692
printer_ec3d9c41f7,https://www.olx.in/item/hard-disks-printers-monitors-c1509-hp-photosmart-6510-e-all-in-one-color-printer-in-sector-57-gurgaon-iid-1828571042,HP Photosmart 6510 e-All-in-One Color Printer,"HP Photosmart 6510 e-All-in-One Color Printer A fully functional HP Photosmart 6510 e-All-in-one color printer, nice to have for adhoc prints needed by students. Printer Copier Scanner Web Wifi connectivity 4 5-6 years old, perfect working condition, no bill Reason of selling - kids grown up now and not needed now - Hard Disks, Printers & Monitors",6199,"[""/content/drive/MyDrive/olx_printer_dataset/images/printer_ec3d9c41f7/1.jpg"", ""/content/drive/MyDrive/olx_printer_dataset/images/printer_ec3d9c41f7/2.jpg"", ""/content/drive/MyDrive/olx_printer_dataset/images/printer_ec3d9c41f7/3.jpg"", ""/content/drive/MyDrive/olx_printer_dataset/images/printer_ec3d9c41f7/4.jpg"", ""/content/drive/MyDrive/olx_printer_dataset/images/printer_ec3d9c41f7/5.jpg"", ""/content/drive/MyDrive/olx_printer_dataset/images/printer_ec3d9c41f7/6.jpg"", ""/content/drive/MyDrive/olx_printer_dataset/images/printer_ec3d9c41f7/7.jpg"", ""/content/drive/MyDrive/olx_printer_dataset/images/printer_ec3d9c41f7/8.jpg""]",8,2025-12-07 14:09:00.226432
printer_6726bfc52a,https://www.olx.in/item/hard-disks-printers-monitors-c1509-1-tb-desktop-wd-surveillance-hard-disk-in-talap-kannur-iid-1826129043,1 TB Desktop (WD) Surveillance Hard Disk,"Working with 100 % best condition - Hard Disks, Printers & Monitors",1800,"[""/content/drive/MyDrive/olx_printer_dataset/images/printer_6726bfc52a/1.jpg"", ""/content/drive/MyDrive/olx_printer_dataset/images/printer_6726bfc52a/2.jpg"", ""/content/drive/MyDrive/olx_printer_dataset/images/printer_6726bfc52a/3.jpg"", ""/content/drive/MyDrive/olx_printer_dataset/images/printer_6726bfc52a/4.jpg"", ""/content/drive/MyDrive/olx_printer_dataset/images/printer_6726bfc52a/5.jpg"", ""/content/drive/MyDrive/olx_printer_dataset/images/printer_6726bfc52a/6.jpg"", ""/content/drive/MyDrive/olx_printer_dataset/images/printer_6726bfc52a/7.jpg"", ""/content/drive/MyDrive/olx_printer_dataset/images/printer_6726bfc52a/8.jpg""]",8,2025-12-07 14:10:29.436375
printer_af929dd0a7,https://www.olx.in/item/hard-disks-printers-monitors-c1509-injection-moulding-machine-in-udyog-nagar-industrial-area-delhi-iid-1824963279,Injection moulding machine,"Injection moulding - Hard Disks, Printers & Monitors",350000,"[""/content/drive/MyDrive/olx_printer_dataset/images/printer_af929dd0a7/1.jpg"", ""/content/drive/MyDrive/olx_printer_dataset/images/printer_af929dd0a7/2.jpg"", ""/content/drive/MyDrive/olx_printer_dataset/images/printer_af929dd0a7/3.jpg"", ""/content/drive/MyDrive/olx_printer_dataset/images/printer_af929dd0a7/4.jpg"", ""/content/drive/MyDrive/olx_printer_dataset/images/printer_af929dd0a7/5.jpg"", ""/content/drive/MyDrive/olx_printer_dataset/images/printer_af929dd0a7/6.jpg"", ""/content/drive/MyDrive/olx_printer_dataset/images/printer_af929dd0a7/7.jpg"", ""/content/drive/MyDrive/olx_printer_dataset/images/printer_af929dd0a7/8.jpg""]",8,2025-12-07 14:10:35.871636
printer_2bfb3c7e7c,https://www.olx.in/item/hard-disks-printers-monitors-c1509-printing-machine-in-amar-vihar-jagraon-iid-1828574837,Printing machine,"Flex printing konica 521 i - Hard Disks, Printers & Monitors",595000,"[""/content/drive/MyDrive/olx_printer_dataset/images/printer_2bfb3c7e7c/1.jpg"", ""/content/drive/MyDrive/olx_printer_dataset/images/printer_2bfb3c7e7c/2.jpg"", ""/content/drive/MyDrive/olx_printer_dataset/images/printer_2bfb3c7e7c/3.jpg"", ""/content/drive/MyDrive/olx_printer_dataset/images/printer_2bfb3c7e7c/4.jpg"", ""/content/drive/MyDrive/olx_printer_dataset/images/printer_2bfb3c7e7c/5.jpg"", ""/content/drive/MyDrive/olx_printer_dataset/images/printer_2bfb3c7e7c/6.jpg"", ""/content/drive/MyDrive/olx_printer_dataset/images/printer_2bfb3c7e7c/7.jpg"", ""/content/drive/MyDrive/olx_printer_dataset/images/printer_2bfb3c7e7c/8.jpg"", ""/content/drive/MyDrive/olx_printer_dataset/images/printer_2bfb3c7e7c/9.jpg"", ""/content/drive/MyDrive/olx_printer_dataset/images/printer_2bfb3c7e7c/10.jpg"", ""/content/drive/MyDrive/olx_printer_dataset/images/printer_2bfb3c7e7c/11.jpg"", ""/content/drive/MyDrive/olx_printer_dataset/images/printer_2bfb3c7e7c/12.jpg"", ""/content/drive/MyDrive/olx_printer_dataset/images/printer_2bfb3c7e7c/13.jpg"", ""/content/drive/MyDrive/olx_printer_dataset/images/printer_2bfb3c7e7c/14.jpg""]",14,2025-12-07 14:10:46.118666
printer_c272bd72c1,https://www.olx.in/item/hard-disks-printers-monitors-c1509-colour-printer-in-budameru-colony-vijayawada-iid-1828571414,Colour printer,"Good condition - Hard Disks, Printers & Monitors",4000,"[""/content/drive/MyDrive/olx_printer_dataset/images/printer_c272bd72c1/1.jpg"", ""/content/drive/MyDrive/olx_printer_dataset/images/printer_c272bd72c1/2.jpg"", ""/content/drive/MyDrive/olx_printer_dataset/images/printer_c272bd72c1/3.jpg"", ""/content/drive/MyDrive/olx_printer_dataset/images/printer_c272bd72c1/4.jpg"", ""/content/drive/MyDrive/olx_printer_dataset/images/printer_c272bd72c1/5.jpg"", ""/content/drive/MyDrive/olx_printer_dataset/images/printer_c272bd72c1/6.jpg"", ""/content/drive/MyDrive/olx_printer_dataset/images/printer_c272bd72c1/7.jpg"", ""/content/drive/MyDrive/olx_printer_dataset/images/printer_c272bd72c1/8.jpg""]",8,2025-12-07 14:11:34.670915
printer_d3a22a2848,https://www.olx.in/item/hard-disks-printers-monitors-c1509-sata-ssd-120-gb-in-sarangpur-ahmedabad-iid-1828571985,SATA SSD 120 GB,"PNY SATA SSD, 120 GB, 6GB/S, windows 7 installed, full working condition, ready to use. - Hard Disks, Printers & Monitors",850,"[""/content/drive/MyDrive/olx_printer_dataset/images/printer_d3a22a2848/1.jpg"", ""/content/drive/MyDrive/olx_printer_dataset/images/printer_d3a22a2848/2.jpg"", ""/content/drive/MyDrive/olx_printer_dataset/images/printer_d3a22a2848/3.jpg"", ""/content/drive/MyDrive/olx_printer_dataset/images/printer_d3a22a2848/4.jpg"", ""/content/drive/MyDrive/olx_printer_dataset/images/printer_d3a22a2848/5.jpg"", ""/content/drive/MyDrive/olx_printer_dataset/images/printer_d3a22a2848/6.jpg"", ""/content/drive/MyDrive/olx_printer_dataset/images/printer_d3a22a2848/7.jpg"", ""/content/drive/MyDrive/olx_printer_dataset/images/printer_d3a22a2848/8.jpg""]",8,2025-12-07 14:12:20.915971
printer_7edf94d520,https://www.olx.in/item/hard-disks-printers-monitors-c1509-ecosys-m2040dn-in-ravindra-nagar-near-mariyapuram-kadapa-iid-1827506463,ECOSYS M2040dn,"ECOSYS M2040dn best price - Hard Disks, Printers & Monitors",28500,"[""/content/drive/MyDrive/olx_printer_dataset/images/printer_7edf94d520/1.jpg"", ""/content/drive/MyDrive/olx_printer_dataset/images/printer_7edf94d520/2.jpg"", ""/content/drive/MyDrive/olx_printer_dataset/images/printer_7edf94d520/3.jpg"", ""/content/drive/MyDrive/olx_printer_dataset/images/printer_7edf94d520/4.jpg"", ""/content/drive/MyDrive/olx_printer_dataset/images/printer_7edf94d520/5.jpg"", ""/content/drive/MyDrive/olx_printer_dataset/images/printer_7edf94d520/6.jpg"", ""/content/drive/MyDrive/olx_printer_dataset/images/printer_7edf94d520/7.jpg"", ""/content/drive/MyDrive/olx_printer_dataset/images/printer_7edf94d520/8.jpg""]",8,2025-12-07 14:12:26.623894
printer_770e7155c6,https://www.olx.in/item/hard-disks-printers-monitors-c1509-ricoh-xerox-machine-in-bagayam-vellore-iid-1828572790,Ricoh xerox machine,"Working condition - Hard Disks, Printers & Monitors",8000,"[""/content/drive/MyDrive/olx_printer_dataset/images/printer_770e7155c6/1.jpg"", ""/content/drive/MyDrive/olx_printer_dataset/images/printer_770e7155c6/2.jpg"", ""/content/drive/MyDrive/olx_printer_dataset/images/printer_770e7155c6/3.jpg"", ""/content/drive/MyDrive/olx_printer_dataset/images/printer_770e7155c6/4.jpg"", ""/content/drive/MyDrive/olx_printer_dataset/images/printer_770e7155c6/5.jpg"", ""/content/drive/MyDrive/olx_printer_dataset/images/printer_770e7155c6/6.jpg"", ""/content/drive/MyDrive/olx_printer_dataset/images/printer_770e7155c6/7.jpg"", ""/content/drive/MyDrive/olx_printer_dataset/images/printer_770e7155c6/8.jpg""]",8,2025-12-07 14:13:14.542989
printer_7eb7bc56b3,https://www.olx.in/item/hard-disks-printers-monitors-c1509-hp-printer-in-chak-thakurani-kolkata-iid-1827303279,HP Printer,"Hp deskjet multifunction printer - Hard Disks, Printers & Monitors",3500,"[""/content/drive/MyDrive/olx_printer_dataset/images/printer_7eb7bc56b3/1.jpg"", ""/content/drive/MyDrive/olx_printer_dataset/images/printer_7eb7bc56b3/2.jpg"", ""/content/drive/MyDrive/olx_printer_dataset/images/printer_7eb7bc56b3/3.jpg"", ""/content/drive/MyDrive/olx_printer_dataset/images/printer_7eb7bc56b3/4.jpg"", ""/content/drive/MyDrive/olx_printer_dataset/images/printer_7eb7bc56b3/5.jpg"", ""/content/drive/MyDrive/olx_printer_dataset/images/printer_7eb7bc56b3/6.jpg"", ""/content/drive/MyDrive/olx_printer_dataset/images/printer_7eb7bc56b3/7.jpg"", ""/content/drive/MyDrive/olx_printer_dataset/images/printer_7eb7bc56b3/8.jpg""]",8,2025-12-07 14:13:22.039751
printer_84b8c1dc76,https://www.olx.in/item/hard-disks-printers-monitors-c1509-hard-disk-1tb-and-usb-connector-in-kon-bhiwandi-iid-1828575626,Hard Disk 1TB And Usb Connector,"1TB HDD USB Connector All Working Good Condition No Timepass Geniune Buyers Only - Hard Disks, Printers & Monitors",2000,"[""/content/drive/MyDrive/olx_printer_dataset/images/printer_84b8c1dc76/1.jpg"", ""/content/drive/MyDrive/olx_printer_dataset/images/printer_84b8c1dc76/2.jpg"", ""/content/drive/MyDrive/olx_printer_dataset/images/printer_84b8c1dc76/3.jpg"", ""/content/drive/MyDrive/olx_printer_dataset/images/printer_84b8c1dc76/4.jpg"", ""/content/drive/MyDrive/olx_printer_dataset/images/printer_84b8c1dc76/5.jpg"", ""/content/drive/MyDrive/olx_printer_dataset/images/printer_84b8c1dc76/6.jpg"", ""/content/drive/MyDrive/olx_printer_dataset/images/printer_84b8c1dc76/7.jpg"", ""/content/drive/MyDrive/olx_printer_dataset/images/printer_84b8c1dc76/8.jpg""]",8,2025-12-07 14:14:52.200260
printer_d8df196886,https://www.olx.in/item/hard-disks-printers-monitors-c1509-hp-new-printer-in-balmiki-basti-sunam-iid-1828570852,HP New Printer,"New condition With warranty, 2878 desktop ,wifi ,USB, scanning - Hard Disks, Printers & Monitors",5000,"[""/content/drive/MyDrive/olx_printer_dataset/images/printer_d8df196886/1.jpg"", ""/content/drive/MyDrive/olx_printer_dataset/images/printer_d8df196886/2.jpg"", ""/content/drive/MyDrive/olx_printer_dataset/images/printer_d8df196886/3.jpg"", ""/content/drive/MyDrive/olx_printer_dataset/images/printer_d8df196886/4.jpg"", ""/content/drive/MyDrive/olx_printer_dataset/images/printer_d8df196886/5.jpg"", ""/content/drive/MyDrive/olx_printer_dataset/images/printer_d8df196886/6.jpg"", ""/content/drive/MyDrive/olx_printer_dataset/images/printer_d8df196886/7.jpg"", ""/content/drive/MyDrive/olx_printer_dataset/images/printer_d8df196886/8.jpg""]",8,2025-12-07 14:17:54.041719
printer_9c5fcd8ce7,https://www.olx.in/item/hard-disks-printers-monitors-c1509-canon-mg-2470-printer-inkjet-printer-slightly-negotiable-in-kuvempu-nagara-channarayapatna-iid-1828570799,"Canon MG 2470 Printer, inkjet printer slightly negotiable","Canon MG-2470 printer , inkjet printer. With box bill . Printer is in mint condition Cartridge is empty Replace the cartridge and it's as new With original cartridge - Hard Disks, Printers & Monitors",1199,"[""/content/drive/MyDrive/olx_printer_dataset/images/printer_9c5fcd8ce7/1.jpg"", ""/content/drive/MyDrive/olx_printer_dataset/images/printer_9c5fcd8ce7/2.jpg"", ""/content/drive/MyDrive/olx_printer_dataset/images/printer_9c5fcd8ce7/3.jpg"", ""/content/drive/MyDrive/olx_printer_dataset/images/printer_9c5fcd8ce7/4.jpg"", ""/content/drive/MyDrive/olx_printer_dataset/images/printer_9c5fcd8ce7/5.jpg"", ""/content/drive/MyDrive/olx_printer_dataset/images/printer_9c5fcd8ce7/6.jpg"", ""/content/drive/MyDrive/olx_printer_dataset/images/printer_9c5fcd8ce7/7.jpg"", ""/content/drive/MyDrive/olx_printer_dataset/images/printer_9c5fcd8ce7/8.jpg""]",8,2025-12-07 14:17:59.362027
printer_e6307e30ea,https://www.olx.in/item/hard-disks-printers-monitors-c1509-hp-laserjet-printer-mfs-1005w-is-excellent-condition-in-bijwasan-delhi-iid-1828574280,HP LaserJet printer MFS 1005w is excellent condition,"Selling HP LaserJet printer MFS 1005w is excellent condition . Details are given below. 1. Only 1 year old. 2. Very less used 3. No scratch 4. USB port wire 5. Fast printing - Hard Disks, Printers & Monitors",15000,"[""/content/drive/MyDrive/olx_printer_dataset/images/printer_e6307e30ea/1.jpg"", ""/content/drive/MyDrive/olx_printer_dataset/images/printer_e6307e30ea/2.jpg"", ""/content/drive/MyDrive/olx_printer_dataset/images/printer_e6307e30ea/3.jpg"", ""/content/drive/MyDrive/olx_printer_dataset/images/printer_e6307e30ea/4.jpg"", ""/content/drive/MyDrive/olx_printer_dataset/images/printer_e6307e30ea/5.jpg"", ""/content/drive/MyDrive/olx_printer_dataset/images/printer_e6307e30ea/6.jpg"", ""/content/drive/MyDrive/olx_printer_dataset/images/printer_e6307e30ea/7.jpg"", ""/content/drive/MyDrive/olx_printer_dataset/images/printer_e6307e30ea/8.jpg""]",8,2025-12-07 14:18:47.295252
printer_e5846e36fa,https://www.olx.in/item/hard-disks-printers-monitors-c1509-lamination-machine-and-myntra-mfs-l1-biometric-device-in-haldu-pokhra-dharampal-haldwani-iid-1828576069,Lamination Machine and Myntra MFS L1 Biometric device.,"Lamination Machine with lamination sheets A4, laminated roll and small card lamination sheet bundle - 3800. Biometric device Mantra MFS 110 L1 used for aadhaar services - 3000 - Hard Disks, Printers & Monitors",6800,"[""/content/drive/MyDrive/olx_printer_dataset/images/printer_e5846e36fa/1.jpg"", ""/content/drive/MyDrive/olx_printer_dataset/images/printer_e5846e36fa/2.jpg"", ""/content/drive/MyDrive/olx_printer_dataset/images/printer_e5846e36fa/3.jpg"", ""/content/drive/MyDrive/olx_printer_dataset/images/printer_e5846e36fa/4.jpg"", ""/content/drive/MyDrive/olx_printer_dataset/images/printer_e5846e36fa/5.jpg"", ""/content/drive/MyDrive/olx_printer_dataset/images/printer_e5846e36fa/6.jpg"", ""/content/drive/MyDrive/olx_printer_dataset/images/printer_e5846e36fa/7.jpg"", ""/content/drive/MyDrive/olx_printer_dataset/images/printer_e5846e36fa/8.jpg""]",8,2025-12-07 14:18:54.053717
printer_8b2ff11619,https://www.olx.in/item/hard-disks-printers-monitors-c1509-wd-green-ssd-240-gb-in-anand-gokul-layout-bengaluru-iid-1828573723,WD Green SSD 240 GB,"240 GB SATA SSD 100% Health - Hard Disks, Printers & Monitors",1999,"[""/content/drive/MyDrive/olx_printer_dataset/images/printer_8b2ff11619/1.jpg"", ""/content/drive/MyDrive/olx_printer_dataset/images/printer_8b2ff11619/2.jpg"", ""/content/drive/MyDrive/olx_printer_dataset/images/printer_8b2ff11619/3.jpg"", ""/content/drive/MyDrive/olx_printer_dataset/images/printer_8b2ff11619/4.jpg"", ""/content/drive/MyDrive/olx_printer_dataset/images/printer_8b2ff11619/5.jpg"", ""/content/drive/MyDrive/olx_printer_dataset/images/printer_8b2ff11619/6.jpg"", ""/content/drive/MyDrive/olx_printer_dataset/images/printer_8b2ff11619/7.jpg"", ""/content/drive/MyDrive/olx_printer_dataset/images/printer_8b2ff11619/8.jpg""]",8,2025-12-07 14:19:00.639234
printer_b825d1aee4,https://www.olx.in/item/hard-disks-printers-monitors-c1509-canon-pixma-mg3070s-in-anand-gokul-layout-bengaluru-iid-1828576153,Canon pixma mg3070s,"3 months old printer - Hard Disks, Printers & Monitors",3000,"[""/content/drive/MyDrive/olx_printer_dataset/images/printer_b825d1aee4/1.jpg"", ""/content/drive/MyDrive/olx_printer_dataset/images/printer_b825d1aee4/2.jpg"", ""/content/drive/MyDrive/olx_printer_dataset/images/printer_b825d1aee4/3.jpg"", ""/content/drive/MyDrive/olx_printer_dataset/images/printer_b825d1aee4/4.jpg"", ""/content/drive/MyDrive/olx_printer_dataset/images/printer_b825d1aee4/5.jpg"", ""/content/drive/MyDrive/olx_printer_dataset/images/printer_b825d1aee4/6.jpg"", ""/content/drive/MyDrive/olx_printer_dataset/images/printer_b825d1aee4/7.jpg"", ""/content/drive/MyDrive/olx_printer_dataset/images/printer_b825d1aee4/8.jpg""]",8,2025-12-07 14:19:07.145679
printer_cde4b030af,https://www.olx.in/item/hard-disks-printers-monitors-c1509-sandisk-2tb-ssd-in-unta-jehanabad-iid-1828575976,Sandisk 2TB SSD,"Sandisk extreme SSD 2TB Rarely Used mint condition - Hard Disks, Printers & Monitors",8500,"[""/content/drive/MyDrive/olx_printer_dataset/images/printer_cde4b030af/1.jpg"", ""/content/drive/MyDrive/olx_printer_dataset/images/printer_cde4b030af/2.jpg"", ""/content/drive/MyDrive/olx_printer_dataset/images/printer_cde4b030af/3.jpg"", ""/content/drive/MyDrive/olx_printer_dataset/images/printer_cde4b030af/4.jpg"", ""/content/drive/MyDrive/olx_printer_dataset/images/printer_cde4b030af/5.jpg"", ""/content/drive/MyDrive/olx_printer_dataset/images/printer_cde4b030af/6.jpg"", ""/content/drive/MyDrive/olx_printer_dataset/images/printer_cde4b030af/7.jpg"", ""/content/drive/MyDrive/olx_printer_dataset/images/printer_cde4b030af/8.jpg""]",8,2025-12-07 14:19:14.041438
printer_ff4c239ebe,https://www.olx.in/item/hard-disks-printers-monitors-c1509-hp-desk-jet-printer-for-sale-in-bollaram-hyderabad-iid-1828574603,Hp Desk jet printer for sale,"Desk jet printer , rarely used, in good condition for sale. - Hard Disks, Printers & Monitors",3000,"[""/content/drive/MyDrive/olx_printer_dataset/images/printer_ff4c239ebe/1.jpg"", ""/content/drive/MyDrive/olx_printer_dataset/images/printer_ff4c239ebe/2.jpg"", ""/content/drive/MyDrive/olx_printer_dataset/images/printer_ff4c239ebe/3.jpg"", ""/content/drive/MyDrive/olx_printer_dataset/images/printer_ff4c239ebe/4.jpg"", ""/content/drive/MyDrive/olx_printer_dataset/images/printer_ff4c239ebe/5.jpg"", ""/content/drive/MyDrive/olx_printer_dataset/images/printer_ff4c239ebe/6.jpg"", ""/content/drive/MyDrive/olx_printer_dataset/images/printer_ff4c239ebe/7.jpg"", ""/content/drive/MyDrive/olx_printer_dataset/images/printer_ff4c239ebe/8.jpg""]",8,2025-12-07 14:19:19.798682
printer_a8e5a02262,https://www.olx.in/item/hard-disks-printers-monitors-c1509-konica-bizhub-206-in-kursi-road-lucknow-iid-1828576065,Konica bizhub  206,"Photo copy machine urgently sale working good condition - Hard Disks, Printers & Monitors",26000,"[""/content/drive/MyDrive/olx_printer_dataset/images/printer_a8e5a02262/1.jpg"", ""/content/drive/MyDrive/olx_printer_dataset/images/printer_a8e5a02262/2.jpg"", ""/content/drive/MyDrive/olx_printer_dataset/images/printer_a8e5a02262/3.jpg"", ""/content/drive/MyDrive/olx_printer_dataset/images/printer_a8e5a02262/4.jpg"", ""/content/drive/MyDrive/olx_printer_dataset/images/printer_a8e5a02262/5.jpg"", ""/content/drive/MyDrive/olx_printer_dataset/images/printer_a8e5a02262/6.jpg"", ""/content/drive/MyDrive/olx_printer_dataset/images/printer_a8e5a02262/7.jpg"", ""/content/drive/MyDrive/olx_printer_dataset/images/printer_a8e5a02262/8.jpg""]",8,2025-12-07 14:22:22.830858
printer_c21f8caa03,https://www.olx.in/item/hard-disks-printers-monitors-c1509-canon-ir-6000-in-subhanpura-vadodara-iid-1828571456,Canon Ir 6000,"Canon ir 6000 machine - Hard Disks, Printers & Monitors",35000,"[""/content/drive/MyDrive/olx_printer_dataset/images/printer_c21f8caa03/1.jpg"", ""/content/drive/MyDrive/olx_printer_dataset/images/printer_c21f8caa03/2.jpg"", ""/content/drive/MyDrive/olx_printer_dataset/images/printer_c21f8caa03/3.jpg"", ""/content/drive/MyDrive/olx_printer_dataset/images/printer_c21f8caa03/4.jpg"", ""/content/drive/MyDrive/olx_printer_dataset/images/printer_c21f8caa03/5.jpg"", ""/content/drive/MyDrive/olx_printer_dataset/images/printer_c21f8caa03/6.jpg"", ""/content/drive/MyDrive/olx_printer_dataset/images/printer_c21f8caa03/7.jpg"", ""/content/drive/MyDrive/olx_printer_dataset/images/printer_c21f8caa03/8.jpg""]",8,2025-12-07 14:22:28.484772
printer_5a7daa3c14,https://www.olx.in/item/hard-disks-printers-monitors-c1509-i-want-to-sale-my-hp-laser-jet-tank-mfp-1005w-model-on-rs15000-in-anupperpalayam-coimbatore-iid-1827009242,I want to sale my hp laser jet tank MFP 1005w model on Rs.15000/-,"I want to sale my hp laser jwt tank MFP 1005w model on Rs.15000/-good working condition bill box available interested guys pl.contact soon. - Hard Disks, Printers & Monitors",15000,"[""/content/drive/MyDrive/olx_printer_dataset/images/printer_5a7daa3c14/1.jpg"", ""/content/drive/MyDrive/olx_printer_dataset/images/printer_5a7daa3c14/2.jpg"", ""/content/drive/MyDrive/olx_printer_dataset/images/printer_5a7daa3c14/3.jpg"", ""/content/drive/MyDrive/olx_printer_dataset/images/printer_5a7daa3c14/4.jpg"", ""/content/drive/MyDrive/olx_printer_dataset/images/printer_5a7daa3c14/5.jpg"", ""/content/drive/MyDrive/olx_printer_dataset/images/printer_5a7daa3c14/6.jpg"", ""/content/drive/MyDrive/olx_printer_dataset/images/printer_5a7daa3c14/7.jpg"", ""/content/drive/MyDrive/olx_printer_dataset/images/printer_5a7daa3c14/8.jpg""]",8,2025-12-07 14:22:36.990069
printer_e1e4415860,https://www.olx.in/item/hard-disks-printers-monitors-c1509-audi-key-pan-drive-in-dahin-nagar-surat-iid-1828570354,AUDI key pan drive,"AUDI KEY PAN 2 PAN DRIVE BOX PACKED NEW CONDITION 8 Gb Storage - Hard Disks, Printers & Monitors",3500,"[""/content/drive/MyDrive/olx_printer_dataset/images/printer_e1e4415860/1.jpg"", ""/content/drive/MyDrive/olx_printer_dataset/images/printer_e1e4415860/2.jpg"", ""/content/drive/MyDrive/olx_printer_dataset/images/printer_e1e4415860/3.jpg"", ""/content/drive/MyDrive/olx_printer_dataset/images/printer_e1e4415860/4.jpg"", ""/content/drive/MyDrive/olx_printer_dataset/images/printer_e1e4415860/5.jpg"", ""/content/drive/MyDrive/olx_printer_dataset/images/printer_e1e4415860/6.jpg"", ""/content/drive/MyDrive/olx_printer_dataset/images/printer_e1e4415860/7.jpg"", ""/content/drive/MyDrive/olx_printer_dataset/images/printer_e1e4415860/8.jpg""]",8,2025-12-07 14:24:51.306625
printer_f07b71761a,https://www.olx.in/item/hard-disks-printers-monitors-c1509-dell-monitor-e2418hn-in-brooke-bond-first-cross-bengaluru-iid-1828333960,Dell monitor  E2418HN,"Dell Monitor – Excellent Condition Only Used as Extended Screen ₹5,000 Product Details: Selling a Dell monitor in excellent condition. It has been used only as an extended monitor for work, so it has very minimal usage and no heavy wear. Key Features: Brand: Dell Condition: Gently used Usage: Only used as a secondary/extended display Screen Quality: Bright display with sharp visuals No dead pixels / No scratches Perfect for office work, coding, browsing, or study setup All ports functioning perfectly What You Get: Dell Monitor Power Cable HDMI/VGA cable (if available, you can specify) Stand included Reason for Selling: Upgraded my setup — not using this monitor anymore. Price: ₹5,000 (slightly negotiable) - Hard Disks, Printers & Monitors",5000,"[""/content/drive/MyDrive/olx_printer_dataset/images/printer_f07b71761a/1.jpg"", ""/content/drive/MyDrive/olx_printer_dataset/images/printer_f07b71761a/2.jpg"", ""/content/drive/MyDrive/olx_printer_dataset/images/printer_f07b71761a/3.jpg"", ""/content/drive/MyDrive/olx_printer_dataset/images/printer_f07b71761a/4.jpg"", ""/content/drive/MyDrive/olx_printer_dataset/images/printer_f07b71761a/5.jpg"", ""/content/drive/MyDrive/olx_printer_dataset/images/printer_f07b71761a/6.jpg"", ""/content/drive/MyDrive/olx_printer_dataset/images/printer_f07b71761a/7.jpg"", ""/content/drive/MyDrive/olx_printer_dataset/images/printer_f07b71761a/8.jpg""]",8,2025-12-07 14:24:57.235133
printer_69baf3de04,https://www.olx.in/item/hard-disks-printers-monitors-c1509-konica-minolta-bizhub-c360-multifunction-printer-in-kampu-gwalior-iid-1825271274,Konica Minolta Bizhub C360 multifunction Printer,"Konika company - Hard Disks, Printers & Monitors",45000,"[""/content/drive/MyDrive/olx_printer_dataset/images/printer_69baf3de04/1.jpg"", ""/content/drive/MyDrive/olx_printer_dataset/images/printer_69baf3de04/2.jpg"", ""/content/drive/MyDrive/olx_printer_dataset/images/printer_69baf3de04/3.jpg"", ""/content/drive/MyDrive/olx_printer_dataset/images/printer_69baf3de04/4.jpg"", ""/content/drive/MyDrive/olx_printer_dataset/images/printer_69baf3de04/5.jpg"", ""/content/drive/MyDrive/olx_printer_dataset/images/printer_69baf3de04/6.jpg"", ""/content/drive/MyDrive/olx_printer_dataset/images/printer_69baf3de04/7.jpg"", ""/content/drive/MyDrive/olx_printer_dataset/images/printer_69baf3de04/8.jpg""]",8,2025-12-07 14:25:45.884486
printer_c9f730a7d0,https://www.olx.in/item/hard-disks-printers-monitors-c1509-hp-ink-tank-319-printer-in-sitapur-chitrakoot-uttar-pradesh-iid-1828566450,hp ink tank 319 printer,"good qality printer slow speed printing - Hard Disks, Printers & Monitors",5000,"[""/content/drive/MyDrive/olx_printer_dataset/images/printer_c9f730a7d0/1.jpg"", ""/content/drive/MyDrive/olx_printer_dataset/images/printer_c9f730a7d0/2.jpg"", ""/content/drive/MyDrive/olx_printer_dataset/images/printer_c9f730a7d0/3.jpg"", ""/content/drive/MyDrive/olx_printer_dataset/images/printer_c9f730a7d0/4.jpg"", ""/content/drive/MyDrive/olx_printer_dataset/images/printer_c9f730a7d0/5.jpg"", ""/content/drive/MyDrive/olx_printer_dataset/images/printer_c9f730a7d0/6.jpg"", ""/content/drive/MyDrive/olx_printer_dataset/images/printer_c9f730a7d0/7.jpg"", ""/content/drive/MyDrive/olx_printer_dataset/images/printer_c9f730a7d0/8.jpg""]",8,2025-12-07 14:25:50.810322
printer_b216ba6e2a,https://www.olx.in/item/hard-disks-printers-monitors-c1509-wifi-printer-canon-brand-new-not-used-in-sector-142-noida-iid-1827283982,Wifi Printer Canon Brand New ( not used ),"PIXMA MG series Coloured / Black and white ( connect with phone/laptop/PC) - Hard Disks, Printers & Monitors",4300,"[""/content/drive/MyDrive/olx_printer_dataset/images/printer_b216ba6e2a/1.jpg"", ""/content/drive/MyDrive/olx_printer_dataset/images/printer_b216ba6e2a/2.jpg"", ""/content/drive/MyDrive/olx_printer_dataset/images/printer_b216ba6e2a/3.jpg"", ""/content/drive/MyDrive/olx_printer_dataset/images/printer_b216ba6e2a/4.jpg"", ""/content/drive/MyDrive/olx_printer_dataset/images/printer_b216ba6e2a/5.jpg"", ""/content/drive/MyDrive/olx_printer_dataset/images/printer_b216ba6e2a/6.jpg"", ""/content/drive/MyDrive/olx_printer_dataset/images/printer_b216ba6e2a/7.jpg"", ""/content/drive/MyDrive/olx_printer_dataset/images/printer_b216ba6e2a/8.jpg""]",8,2025-12-07 14:25:55.495535
printer_6c4687b12a,https://www.olx.in/item/hard-disks-printers-monitors-c1509-hongsheng-mx-5500-price-labeler-printing-rate-printer-label-gun-7digit-in-baghara-allahabad-iid-1828566491,Hongsheng MX-5500 Price Labeler Printing Rate Printer Label Gun 7Digit,"Hongsheng MX-5500 Price Labeler Printing Rate Printer Label Gun 7Digits Rarely Used Excellent Condition - Hard Disks, Printers & Monitors",200,"[""/content/drive/MyDrive/olx_printer_dataset/images/printer_6c4687b12a/1.jpg"", ""/content/drive/MyDrive/olx_printer_dataset/images/printer_6c4687b12a/2.jpg"", ""/content/drive/MyDrive/olx_printer_dataset/images/printer_6c4687b12a/3.jpg"", ""/content/drive/MyDrive/olx_printer_dataset/images/printer_6c4687b12a/4.jpg"", ""/content/drive/MyDrive/olx_printer_dataset/images/printer_6c4687b12a/5.jpg"", ""/content/drive/MyDrive/olx_printer_dataset/images/printer_6c4687b12a/6.jpg"", ""/content/drive/MyDrive/olx_printer_dataset/images/printer_6c4687b12a/7.jpg"", ""/content/drive/MyDrive/olx_printer_dataset/images/printer_6c4687b12a/8.jpg""]",8,2025-12-07 14:26:02.475237
printer_79a22849da,https://www.olx.in/item/hard-disks-printers-monitors-c1509-acer-24gaming-monitor-in-bhago-majra-mohali-iid-1826657967,Acer 24”Gaming Monitor,"Acer 24” Gaming monitor in perfect working condition 165 Hz monitor 2HDMI ports and 1 DVI port - Hard Disks, Printers & Monitors",7999,"[""/content/drive/MyDrive/olx_printer_dataset/images/printer_79a22849da/1.jpg"", ""/content/drive/MyDrive/olx_printer_dataset/images/printer_79a22849da/2.jpg"", ""/content/drive/MyDrive/olx_printer_dataset/images/printer_79a22849da/3.jpg"", ""/content/drive/MyDrive/olx_printer_dataset/images/printer_79a22849da/4.jpg"", ""/content/drive/MyDrive/olx_printer_dataset/images/printer_79a22849da/5.jpg"", ""/content/drive/MyDrive/olx_printer_dataset/images/printer_79a22849da/6.jpg"", ""/content/drive/MyDrive/olx_printer_dataset/images/printer_79a22849da/7.jpg"", ""/content/drive/MyDrive/olx_printer_dataset/images/printer_79a22849da/8.jpg""]",8,2025-12-07 14:26:11.206730
printer_f1326a2537,https://www.olx.in/item/hard-disks-printers-monitors-c1509-cctv-dvr-8-channel-in-vasant-nagar-nagpur-iid-1828011767,Cctv Dvr 8 channel,"Cctv Dvr for sell - Hard Disks, Printers & Monitors",7500,"[""/content/drive/MyDrive/olx_printer_dataset/images/printer_f1326a2537/1.jpg"", ""/content/drive/MyDrive/olx_printer_dataset/images/printer_f1326a2537/2.jpg"", ""/content/drive/MyDrive/olx_printer_dataset/images/printer_f1326a2537/3.jpg"", ""/content/drive/MyDrive/olx_printer_dataset/images/printer_f1326a2537/4.jpg"", ""/content/drive/MyDrive/olx_printer_dataset/images/printer_f1326a2537/5.jpg"", ""/content/drive/MyDrive/olx_printer_dataset/images/printer_f1326a2537/6.jpg"", ""/content/drive/MyDrive/olx_printer_dataset/images/printer_f1326a2537/7.jpg"", ""/content/drive/MyDrive/olx_printer_dataset/images/printer_f1326a2537/8.jpg""]",8,2025-12-07 14:26:19.943816
printer_66d402b17a,https://www.olx.in/item/hard-disks-printers-monitors-c1509-hp-printer-in-pipli-kurukshetra-iid-1828566188,Hp Printer,"HP Printer 1005 Model - Hard Disks, Printers & Monitors",9000,"[""/content/drive/MyDrive/olx_printer_dataset/images/printer_66d402b17a/1.jpg"", ""/content/drive/MyDrive/olx_printer_dataset/images/printer_66d402b17a/2.jpg"", ""/content/drive/MyDrive/olx_printer_dataset/images/printer_66d402b17a/3.jpg"", ""/content/drive/MyDrive/olx_printer_dataset/images/printer_66d402b17a/4.jpg"", ""/content/drive/MyDrive/olx_printer_dataset/images/printer_66d402b17a/5.jpg"", ""/content/drive/MyDrive/olx_printer_dataset/images/printer_66d402b17a/6.jpg"", ""/content/drive/MyDrive/olx_printer_dataset/images/printer_66d402b17a/7.jpg"", ""/content/drive/MyDrive/olx_printer_dataset/images/printer_66d402b17a/8.jpg""]",8,2025-12-07 14:28:32.936051
printer_220c2be802,https://www.olx.in/item/hard-disks-printers-monitors-c1509-computer-hp-in-mota-varachha-surat-iid-1828566008,Computer Hp,"Pc Cpu Priter - Hard Disks, Printers & Monitors",25000,"[""/content/drive/MyDrive/olx_printer_dataset/images/printer_220c2be802/1.jpg"", ""/content/drive/MyDrive/olx_printer_dataset/images/printer_220c2be802/2.jpg"", ""/content/drive/MyDrive/olx_printer_dataset/images/printer_220c2be802/3.jpg"", ""/content/drive/MyDrive/olx_printer_dataset/images/printer_220c2be802/4.jpg"", ""/content/drive/MyDrive/olx_printer_dataset/images/printer_220c2be802/5.jpg"", ""/content/drive/MyDrive/olx_printer_dataset/images/printer_220c2be802/6.jpg"", ""/content/drive/MyDrive/olx_printer_dataset/images/printer_220c2be802/7.jpg"", ""/content/drive/MyDrive/olx_printer_dataset/images/printer_220c2be802/8.jpg""]",8,2025-12-07 14:28:40.466000
printer_52a1ff14a3,https://www.olx.in/item/hard-disks-printers-monitors-c1509-epson-l-380-ink-tank-printer-avaliable-in-mysore-mysuru-iid-1828569203,EPSON L 380 Ink tank printer avaliable,"Epson L 380 All in one Ink tank printer Excellent working condition available - Hard Disks, Printers & Monitors",3500,"[""/content/drive/MyDrive/olx_printer_dataset/images/printer_52a1ff14a3/1.jpg"", ""/content/drive/MyDrive/olx_printer_dataset/images/printer_52a1ff14a3/2.jpg"", ""/content/drive/MyDrive/olx_printer_dataset/images/printer_52a1ff14a3/3.jpg"", ""/content/drive/MyDrive/olx_printer_dataset/images/printer_52a1ff14a3/4.jpg"", ""/content/drive/MyDrive/olx_printer_dataset/images/printer_52a1ff14a3/5.jpg"", ""/content/drive/MyDrive/olx_printer_dataset/images/printer_52a1ff14a3/6.jpg"", ""/content/drive/MyDrive/olx_printer_dataset/images/printer_52a1ff14a3/7.jpg"", ""/content/drive/MyDrive/olx_printer_dataset/images/printer_52a1ff14a3/8.jpg""]",8,2025-12-07 14:30:08.871697
printer_a7b2c30698,https://www.olx.in/item/hard-disks-printers-monitors-c1509-cash-counting-machine-in-handewadi-pune-iid-1828570161,Cash counting machine,"New machine, - Hard Disks, Printers & Monitors",5000,"[""/content/drive/MyDrive/olx_printer_dataset/images/printer_a7b2c30698/1.jpg"", ""/content/drive/MyDrive/olx_printer_dataset/images/printer_a7b2c30698/2.jpg"", ""/content/drive/MyDrive/olx_printer_dataset/images/printer_a7b2c30698/3.jpg"", ""/content/drive/MyDrive/olx_printer_dataset/images/printer_a7b2c30698/4.jpg"", ""/content/drive/MyDrive/olx_printer_dataset/images/printer_a7b2c30698/5.jpg"", ""/content/drive/MyDrive/olx_printer_dataset/images/printer_a7b2c30698/6.jpg"", ""/content/drive/MyDrive/olx_printer_dataset/images/printer_a7b2c30698/7.jpg"", ""/content/drive/MyDrive/olx_printer_dataset/images/printer_a7b2c30698/8.jpg"", ""/content/drive/MyDrive/olx_printer_dataset/images/printer_a7b2c30698/9.jpg"", ""/content/drive/MyDrive/olx_printer_dataset/images/printer_a7b2c30698/10.jpg"", ""/content/drive/MyDrive/olx_printer_dataset/images/printer_a7b2c30698/11.jpg"", ""/content/drive/MyDrive/olx_printer_dataset/images/printer_a7b2c30698/12.jpg"", ""/content/drive/MyDrive/olx_printer_dataset/images/printer_a7b2c30698/13.jpg"", ""/content/drive/MyDrive/olx_printer_dataset/images/printer_a7b2c30698/14.jpg""]",14,2025-12-07 14:31:42.583459
printer_ffb2d87239,https://www.olx.in/item/hard-disks-printers-monitors-c1509-goog-condition-in-gurukul-colony-rau-iid-1828569468,Goog condition,"Use me nhi araha hai to shell karna badiya condition me hai ek dam chalu - Hard Disks, Printers & Monitors",6000,"[""/content/drive/MyDrive/olx_printer_dataset/images/printer_ffb2d87239/1.jpg"", ""/content/drive/MyDrive/olx_printer_dataset/images/printer_ffb2d87239/2.jpg"", ""/content/drive/MyDrive/olx_printer_dataset/images/printer_ffb2d87239/3.jpg"", ""/content/drive/MyDrive/olx_printer_dataset/images/printer_ffb2d87239/4.jpg"", ""/content/drive/MyDrive/olx_printer_dataset/images/printer_ffb2d87239/5.jpg"", ""/content/drive/MyDrive/olx_printer_dataset/images/printer_ffb2d87239/6.jpg"", ""/content/drive/MyDrive/olx_printer_dataset/images/printer_ffb2d87239/7.jpg"", ""/content/drive/MyDrive/olx_printer_dataset/images/printer_ffb2d87239/8.jpg"", ""/content/drive/MyDrive/olx_printer_dataset/images/printer_ffb2d87239/9.jpg"", ""/content/drive/MyDrive/olx_printer_dataset/images/printer_ffb2d87239/10.jpg"", ""/content/drive/MyDrive/olx_printer_dataset/images/printer_ffb2d87239/11.jpg"", ""/content/drive/MyDrive/olx_printer_dataset/images/printer_ffb2d87239/12.jpg"", ""/content/drive/MyDrive/olx_printer_dataset/images/printer_ffb2d87239/13.jpg"", ""/content/drive/MyDrive/olx_printer_dataset/images/printer_ffb2d87239/14.jpg""]",14,2025-12-07 14:31:50.142209
printer_0708e16915,https://www.olx.in/item/hard-disks-printers-monitors-c1509-smart-board-75-inches-newline-with-stand-in-rmv-stage-2-bengaluru-iid-1828346479,Smart board 75 inches Newline with Stand,"Interactive 10 touch points, Wi-Fi . 4K resolution with stand - Hard Disks, Printers & Monitors",92000,"[""/content/drive/MyDrive/olx_printer_dataset/images/printer_0708e16915/1.jpg"", ""/content/drive/MyDrive/olx_printer_dataset/images/printer_0708e16915/2.jpg"", ""/content/drive/MyDrive/olx_printer_dataset/images/printer_0708e16915/3.jpg"", ""/content/drive/MyDrive/olx_printer_dataset/images/printer_0708e16915/4.jpg"", ""/content/drive/MyDrive/olx_printer_dataset/images/printer_0708e16915/5.jpg"", ""/content/drive/MyDrive/olx_printer_dataset/images/printer_0708e16915/6.jpg"", ""/content/drive/MyDrive/olx_printer_dataset/images/printer_0708e16915/7.jpg"", ""/content/drive/MyDrive/olx_printer_dataset/images/printer_0708e16915/8.jpg""]",8,2025-12-07 14:31:56.881891
printer_263dde7995,https://www.olx.in/item/hard-disks-printers-monitors-c1509-canon-printer-and-flask-bottle-borosil-company-we-sell-in-sector-19-panchkula-iid-1828294975,Canon printer and flask bottle borosil company we sell,"Canon printer Pixma colourfull print hota hh or ek dum new good condition me Hain and we sell flask bottle borosil company 24 hours hot and cold 1 liter bottle good discount amazon pe 950 rs ki Mrp hh hum 700 rs me sell karte hh - Hard Disks, Printers & Monitors",2000,"[""/content/drive/MyDrive/olx_printer_dataset/images/printer_263dde7995/1.jpg"", ""/content/drive/MyDrive/olx_printer_dataset/images/printer_263dde7995/2.jpg"", ""/content/drive/MyDrive/olx_printer_dataset/images/printer_263dde7995/3.jpg"", ""/content/drive/MyDrive/olx_printer_dataset/images/printer_263dde7995/4.jpg"", ""/content/drive/MyDrive/olx_printer_dataset/images/printer_263dde7995/5.jpg"", ""/content/drive/MyDrive/olx_printer_dataset/images/printer_263dde7995/6.jpg"", ""/content/drive/MyDrive/olx_printer_dataset/images/printer_263dde7995/7.jpg"", ""/content/drive/MyDrive/olx_printer_dataset/images/printer_263dde7995/8.jpg""]",8,2025-12-07 14:32:02.581172
printer_ee5cfeebbd,https://www.olx.in/item/hard-disks-printers-monitors-c1509-4-month-old-in-katghar-allahabad-iid-1827455357,4 Month old,"HP printer smart tank 525 all in one colour printer - Hard Disks, Printers & Monitors",8500,"[""/content/drive/MyDrive/olx_printer_dataset/images/printer_ee5cfeebbd/1.jpg"", ""/content/drive/MyDrive/olx_printer_dataset/images/printer_ee5cfeebbd/2.jpg"", ""/content/drive/MyDrive/olx_printer_dataset/images/printer_ee5cfeebbd/3.jpg"", ""/content/drive/MyDrive/olx_printer_dataset/images/printer_ee5cfeebbd/4.jpg"", ""/content/drive/MyDrive/olx_printer_dataset/images/printer_ee5cfeebbd/5.jpg"", ""/content/drive/MyDrive/olx_printer_dataset/images/printer_ee5cfeebbd/6.jpg"", ""/content/drive/MyDrive/olx_printer_dataset/images/printer_ee5cfeebbd/7.jpg"", ""/content/drive/MyDrive/olx_printer_dataset/images/printer_ee5cfeebbd/8.jpg""]",8,2025-12-07 14:32:09.986306
printer_8180f9b7fa,https://www.olx.in/item/hard-disks-printers-monitors-c1509-hp-printer-desjet-in-indira-nagar-kanpur-iid-1828570153,Hp printer DesJet,"Bohot acchi condition me hai Maine new printer le liya hai issi liye sell kr rha hu - Hard Disks, Printers & Monitors",5000,"[""/content/drive/MyDrive/olx_printer_dataset/images/printer_8180f9b7fa/1.jpg"", ""/content/drive/MyDrive/olx_printer_dataset/images/printer_8180f9b7fa/2.jpg"", ""/content/drive/MyDrive/olx_printer_dataset/images/printer_8180f9b7fa/3.jpg"", ""/content/drive/MyDrive/olx_printer_dataset/images/printer_8180f9b7fa/4.jpg"", ""/content/drive/MyDrive/olx_printer_dataset/images/printer_8180f9b7fa/5.jpg"", ""/content/drive/MyDrive/olx_printer_dataset/images/printer_8180f9b7fa/6.jpg"", ""/content/drive/MyDrive/olx_printer_dataset/images/printer_8180f9b7fa/7.jpg"", ""/content/drive/MyDrive/olx_printer_dataset/images/printer_8180f9b7fa/8.jpg""]",8,2025-12-07 14:32:56.047835
printer_943db2b4a1,https://www.olx.in/item/hard-disks-printers-monitors-c1509-1-tb-hdd-available-in-apte-road-pune-iid-1827895751,1 TB HDD available,"100 health - Hard Disks, Printers & Monitors",1300,"[""/content/drive/MyDrive/olx_printer_dataset/images/printer_943db2b4a1/1.jpg"", ""/content/drive/MyDrive/olx_printer_dataset/images/printer_943db2b4a1/2.jpg"", ""/content/drive/MyDrive/olx_printer_dataset/images/printer_943db2b4a1/3.jpg"", ""/content/drive/MyDrive/olx_printer_dataset/images/printer_943db2b4a1/4.jpg"", ""/content/drive/MyDrive/olx_printer_dataset/images/printer_943db2b4a1/5.jpg"", ""/content/drive/MyDrive/olx_printer_dataset/images/printer_943db2b4a1/6.jpg"", ""/content/drive/MyDrive/olx_printer_dataset/images/printer_943db2b4a1/7.jpg"", ""/content/drive/MyDrive/olx_printer_dataset/images/printer_943db2b4a1/8.jpg""]",8,2025-12-07 14:33:46.506271
printer_784cd52b42,https://www.olx.in/item/hard-disks-printers-monitors-c1509-hp-1200w-he-platinum-power-supply-in-sector-11-panchkula-iid-1826960885,HP 1200W HE PLATINUM Power Supply,"HP 1200W HE PLATINUM Hot Plug Power Supply 570451-101 (Certified Refurbished) About this item : This Certified Refurbished product is tested and certified to look and work like new. The refurbishing process includes functionality testing, basic cleaning, inspection, and repackaging. The product ships with all relevant accessories. - Manufacturer: HP - Device Type: Power supply - hot-plug - Power Capacity: 1200 Watt - Designed For: Proliant DL380 G7 DL580 G7 - No Guarantee 2 units lelf (each cost 9k) - Hard Disks, Printers & Monitors",9000,"[""/content/drive/MyDrive/olx_printer_dataset/images/printer_784cd52b42/1.jpg"", ""/content/drive/MyDrive/olx_printer_dataset/images/printer_784cd52b42/2.jpg"", ""/content/drive/MyDrive/olx_printer_dataset/images/printer_784cd52b42/3.jpg"", ""/content/drive/MyDrive/olx_printer_dataset/images/printer_784cd52b42/4.jpg"", ""/content/drive/MyDrive/olx_printer_dataset/images/printer_784cd52b42/5.jpg"", ""/content/drive/MyDrive/olx_printer_dataset/images/printer_784cd52b42/6.jpg"", ""/content/drive/MyDrive/olx_printer_dataset/images/printer_784cd52b42/7.jpg"", ""/content/drive/MyDrive/olx_printer_dataset/images/printer_784cd52b42/8.jpg""]",8,2025-12-07 14:35:16.028603
printer_3d4e348d93,https://www.olx.in/item/hard-disks-printers-monitors-c1509-samsung-4699-cm-monitor-in-mallappa-layout-bengaluru-iid-1828569008,Samsung 46.99 cm Monitor,"Samsung 46.99 cm (19 Inch) Monitor with VGA and HDMI Support With : 1 Monitor 1 Display Cable 1 FREE HDMI TO VGA Converter adapter 1 Monitor Power Adapter and Cable Display Technology: AH IPS (Advanced High Performance In-Plane Switching) for better color and viewing. - Hard Disks, Printers & Monitors",2500,"[""/content/drive/MyDrive/olx_printer_dataset/images/printer_3d4e348d93/1.jpg"", ""/content/drive/MyDrive/olx_printer_dataset/images/printer_3d4e348d93/2.jpg"", ""/content/drive/MyDrive/olx_printer_dataset/images/printer_3d4e348d93/3.jpg"", ""/content/drive/MyDrive/olx_printer_dataset/images/printer_3d4e348d93/4.jpg"", ""/content/drive/MyDrive/olx_printer_dataset/images/printer_3d4e348d93/5.jpg"", ""/content/drive/MyDrive/olx_printer_dataset/images/printer_3d4e348d93/6.jpg"", ""/content/drive/MyDrive/olx_printer_dataset/images/printer_3d4e348d93/7.jpg"", ""/content/drive/MyDrive/olx_printer_dataset/images/printer_3d4e348d93/8.jpg""]",8,2025-12-07 14:36:10.181057
printer_8cff894446,https://www.olx.in/item/hard-disks-printers-monitors-c1509-heat-press-machine-1624-inch-in-palpara-west-chandannagar-mc-iid-1828565009,Heat Press Machine 16*24 inch,"- non-commercial used - new condition - 2yrs old - Hard Disks, Printers & Monitors",10000,"[""/content/drive/MyDrive/olx_printer_dataset/images/printer_8cff894446/1.jpg"", ""/content/drive/MyDrive/olx_printer_dataset/images/printer_8cff894446/2.jpg"", ""/content/drive/MyDrive/olx_printer_dataset/images/printer_8cff894446/3.jpg"", ""/content/drive/MyDrive/olx_printer_dataset/images/printer_8cff894446/4.jpg"", ""/content/drive/MyDrive/olx_printer_dataset/images/printer_8cff894446/5.jpg"", ""/content/drive/MyDrive/olx_printer_dataset/images/printer_8cff894446/6.jpg"", ""/content/drive/MyDrive/olx_printer_dataset/images/printer_8cff894446/7.jpg"", ""/content/drive/MyDrive/olx_printer_dataset/images/printer_8cff894446/8.jpg""]",8,2025-12-07 14:36:58.213317
printer_44ee1fa24f,https://www.olx.in/item/hard-disks-printers-monitors-c1509-tsc-ttp-244-pro-direct-thermal-label-printer-in-bhagwati-garden-delhi-iid-1828211647,TSC TTP 244 PRO direct thermal label printer,"Best to e-commerce business - Hard Disks, Printers & Monitors",7000,"[""/content/drive/MyDrive/olx_printer_dataset/images/printer_44ee1fa24f/1.jpg"", ""/content/drive/MyDrive/olx_printer_dataset/images/printer_44ee1fa24f/2.jpg"", ""/content/drive/MyDrive/olx_printer_dataset/images/printer_44ee1fa24f/3.jpg"", ""/content/drive/MyDrive/olx_printer_dataset/images/printer_44ee1fa24f/4.jpg"", ""/content/drive/MyDrive/olx_printer_dataset/images/printer_44ee1fa24f/5.jpg"", ""/content/drive/MyDrive/olx_printer_dataset/images/printer_44ee1fa24f/6.jpg"", ""/content/drive/MyDrive/olx_printer_dataset/images/printer_44ee1fa24f/7.jpg"", ""/content/drive/MyDrive/olx_printer_dataset/images/printer_44ee1fa24f/8.jpg"", ""/content/drive/MyDrive/olx_printer_dataset/images/printer_44ee1fa24f/9.jpg"", ""/content/drive/MyDrive/olx_printer_dataset/images/printer_44ee1fa24f/10.jpg"", ""/content/drive/MyDrive/olx_printer_dataset/images/printer_44ee1fa24f/11.jpg"", ""/content/drive/MyDrive/olx_printer_dataset/images/printer_44ee1fa24f/12.jpg"", ""/content/drive/MyDrive/olx_printer_dataset/images/printer_44ee1fa24f/13.jpg"", ""/content/drive/MyDrive/olx_printer_dataset/images/printer_44ee1fa24f/14.jpg""]",14,2025-12-07 14:38:30.588532
printer_055b105d28,https://www.olx.in/item/hard-disks-printers-monitors-c1509-desktop-harddisk-1tb-7400-rpm-computer-hard-disk-pc-hdd-in-silchar-part-x-silchar-iid-1828570558,Desktop Harddisk 1TB 7400 rpm Computer Hard Disk PC HDD,"Selling my PC Internal Hard disk Toshiba 1 TB Sata 7400 RPM FAST Data Transfer Un-Tempered and Intact No sound or problem No bad sector & Fully working I have switched to SSD and cloud based storage thus selling my HDD 1TB. It is inside my PC now you can check and buy. Local only. Negotiable. - Hard Disks, Printers & Monitors",1200,"[""/content/drive/MyDrive/olx_printer_dataset/images/printer_055b105d28/1.jpg"", ""/content/drive/MyDrive/olx_printer_dataset/images/printer_055b105d28/2.jpg"", ""/content/drive/MyDrive/olx_printer_dataset/images/printer_055b105d28/3.jpg"", ""/content/drive/MyDrive/olx_printer_dataset/images/printer_055b105d28/4.jpg"", ""/content/drive/MyDrive/olx_printer_dataset/images/printer_055b105d28/5.jpg"", ""/content/drive/MyDrive/olx_printer_dataset/images/printer_055b105d28/6.jpg"", ""/content/drive/MyDrive/olx_printer_dataset/images/printer_055b105d28/7.jpg"", ""/content/drive/MyDrive/olx_printer_dataset/images/printer_055b105d28/8.jpg""]",8,2025-12-07 14:39:18.583182
printer_ed06010f29,https://www.olx.in/item/hard-disks-printers-monitors-c1509-epson-l220-in-kr-garden-bengaluru-iid-1828568029,Epson L220,"Epson L220 Printer in working condition, available with power cable, also balance INK set is also available. Since not used for a long almost 6 months, need one service. price slightly negotiable - Hard Disks, Printers & Monitors",3500,"[""/content/drive/MyDrive/olx_printer_dataset/images/printer_ed06010f29/1.jpg"", ""/content/drive/MyDrive/olx_printer_dataset/images/printer_ed06010f29/2.jpg"", ""/content/drive/MyDrive/olx_printer_dataset/images/printer_ed06010f29/3.jpg"", ""/content/drive/MyDrive/olx_printer_dataset/images/printer_ed06010f29/4.jpg"", ""/content/drive/MyDrive/olx_printer_dataset/images/printer_ed06010f29/5.jpg"", ""/content/drive/MyDrive/olx_printer_dataset/images/printer_ed06010f29/6.jpg"", ""/content/drive/MyDrive/olx_printer_dataset/images/printer_ed06010f29/7.jpg"", ""/content/drive/MyDrive/olx_printer_dataset/images/printer_ed06010f29/8.jpg"", ""/content/drive/MyDrive/olx_printer_dataset/images/printer_ed06010f29/9.jpg"", ""/content/drive/MyDrive/olx_printer_dataset/images/printer_ed06010f29/10.jpg"", ""/content/drive/MyDrive/olx_printer_dataset/images/printer_ed06010f29/11.jpg"", ""/content/drive/MyDrive/olx_printer_dataset/images/printer_ed06010f29/12.jpg"", ""/content/drive/MyDrive/olx_printer_dataset/images/printer_ed06010f29/13.jpg"", ""/content/drive/MyDrive/olx_printer_dataset/images/printer_ed06010f29/14.jpg""]",14,2025-12-07 14:40:09.284874
printer_48021e466c,https://www.olx.in/item/hard-disks-printers-monitors-c1509-hp-laser-108nw-in-uruli-kanchan-loni-kalbhor-iid-1828565289,HP laser 108nw,"HP laser 108nw - Hard Disks, Printers & Monitors",10000,"[""/content/drive/MyDrive/olx_printer_dataset/images/printer_48021e466c/1.jpg"", ""/content/drive/MyDrive/olx_printer_dataset/images/printer_48021e466c/2.jpg"", ""/content/drive/MyDrive/olx_printer_dataset/images/printer_48021e466c/3.jpg"", ""/content/drive/MyDrive/olx_printer_dataset/images/printer_48021e466c/4.jpg"", ""/content/drive/MyDrive/olx_printer_dataset/images/printer_48021e466c/5.jpg"", ""/content/drive/MyDrive/olx_printer_dataset/images/printer_48021e466c/6.jpg"", ""/content/drive/MyDrive/olx_printer_dataset/images/printer_48021e466c/7.jpg"", ""/content/drive/MyDrive/olx_printer_dataset/images/printer_48021e466c/8.jpg""]",8,2025-12-07 14:42:22.532884
printer_ef4f7580e4,https://www.olx.in/item/hard-disks-printers-monitors-c1509-shirt-and-tshirt-printer-in-nawada-garhwa-iid-1828566584,Shirt and tshirt printer,"This is a machine help in printing all non- woolen shirt and tshirt by heat of electricity.This is very good machine and in well condition.Very helpful for earning money. The reason for selling this is I don't have place to sell properly and in large amount.If you want to by give me your number I will call you at 8:00 PM. Thanks for preview - Hard Disks, Printers & Monitors",24999,"[""/content/drive/MyDrive/olx_printer_dataset/images/printer_ef4f7580e4/1.jpg"", ""/content/drive/MyDrive/olx_printer_dataset/images/printer_ef4f7580e4/2.jpg"", ""/content/drive/MyDrive/olx_printer_dataset/images/printer_ef4f7580e4/3.jpg"", ""/content/drive/MyDrive/olx_printer_dataset/images/printer_ef4f7580e4/4.jpg"", ""/content/drive/MyDrive/olx_printer_dataset/images/printer_ef4f7580e4/5.jpg"", ""/content/drive/MyDrive/olx_printer_dataset/images/printer_ef4f7580e4/6.jpg"", ""/content/drive/MyDrive/olx_printer_dataset/images/printer_ef4f7580e4/7.jpg"", ""/content/drive/MyDrive/olx_printer_dataset/images/printer_ef4f7580e4/8.jpg""]",8,2025-12-07 14:42:27.835409
printer_7ff74f410b,https://www.olx.in/item/hard-disks-printers-monitors-c1509-epson-l6270-inkjet-printer-for-sale-only-head-problem-in-padegaon-aurangabad-iid-1828038139,Epson L6270 Inkjet Printer for sale only head problem,"Inkjet Printer for sale only head problem - Hard Disks, Printers & Monitors",5000,"[""/content/drive/MyDrive/olx_printer_dataset/images/printer_7ff74f410b/1.jpg"", ""/content/drive/MyDrive/olx_printer_dataset/images/printer_7ff74f410b/2.jpg"", ""/content/drive/MyDrive/olx_printer_dataset/images/printer_7ff74f410b/3.jpg"", ""/content/drive/MyDrive/olx_printer_dataset/images/printer_7ff74f410b/4.jpg"", ""/content/drive/MyDrive/olx_printer_dataset/images/printer_7ff74f410b/5.jpg"", ""/content/drive/MyDrive/olx_printer_dataset/images/printer_7ff74f410b/6.jpg"", ""/content/drive/MyDrive/olx_printer_dataset/images/printer_7ff74f410b/7.jpg"", ""/content/drive/MyDrive/olx_printer_dataset/images/printer_7ff74f410b/8.jpg""]",8,2025-12-07 14:42:34.258228
printer_ef8242631e,https://www.olx.in/item/hard-disks-printers-monitors-c1509-printer-for-sale-in-good-condition-in-bhartiya-city-bengaluru-iid-1828567450,Printer for sale in good condition,"Canon Pixma E477 PRINTER for sale in excellent condition - Hard Disks, Printers & Monitors",3000,"[""/content/drive/MyDrive/olx_printer_dataset/images/printer_ef8242631e/1.jpg"", ""/content/drive/MyDrive/olx_printer_dataset/images/printer_ef8242631e/2.jpg"", ""/content/drive/MyDrive/olx_printer_dataset/images/printer_ef8242631e/3.jpg"", ""/content/drive/MyDrive/olx_printer_dataset/images/printer_ef8242631e/4.jpg"", ""/content/drive/MyDrive/olx_printer_dataset/images/printer_ef8242631e/5.jpg"", ""/content/drive/MyDrive/olx_printer_dataset/images/printer_ef8242631e/6.jpg"", ""/content/drive/MyDrive/olx_printer_dataset/images/printer_ef8242631e/7.jpg"", ""/content/drive/MyDrive/olx_printer_dataset/images/printer_ef8242631e/8.jpg""]",8,2025-12-07 14:42:42.155656
printer_8f455881d2,https://www.olx.in/item/hard-disks-printers-monitors-c1509-hp-leaser-printer-1020-in-jaiprakash-nagar-aurangabad-iid-1828570765,Hp leaser printer  1020,"Mujhe ab iski jarurat nhi hai - Hard Disks, Printers & Monitors",7000,"[""/content/drive/MyDrive/olx_printer_dataset/images/printer_8f455881d2/1.jpg"", ""/content/drive/MyDrive/olx_printer_dataset/images/printer_8f455881d2/2.jpg"", ""/content/drive/MyDrive/olx_printer_dataset/images/printer_8f455881d2/3.jpg"", ""/content/drive/MyDrive/olx_printer_dataset/images/printer_8f455881d2/4.jpg"", ""/content/drive/MyDrive/olx_printer_dataset/images/printer_8f455881d2/5.jpg"", ""/content/drive/MyDrive/olx_printer_dataset/images/printer_8f455881d2/6.jpg"", ""/content/drive/MyDrive/olx_printer_dataset/images/printer_8f455881d2/7.jpg"", ""/content/drive/MyDrive/olx_printer_dataset/images/printer_8f455881d2/8.jpg""]",8,2025-12-07 14:43:32.050989
printer_0d125cee5e,https://www.olx.in/item/hard-disks-printers-monitors-c1509-hp-deskjet-printer-for-sale-in-sector-34-noida-iid-1825879817,HP Deskjet Printer for sale,"HP Deskjet Printer - IA2677 in immaculate condition. Rarely used. In working condition. Without Cartridge. Price Negotiable. - Hard Disks, Printers & Monitors",3000,"[""/content/drive/MyDrive/olx_printer_dataset/images/printer_0d125cee5e/1.jpg"", ""/content/drive/MyDrive/olx_printer_dataset/images/printer_0d125cee5e/2.jpg"", ""/content/drive/MyDrive/olx_printer_dataset/images/printer_0d125cee5e/3.jpg"", ""/content/drive/MyDrive/olx_printer_dataset/images/printer_0d125cee5e/4.jpg"", ""/content/drive/MyDrive/olx_printer_dataset/images/printer_0d125cee5e/5.jpg"", ""/content/drive/MyDrive/olx_printer_dataset/images/printer_0d125cee5e/6.jpg"", ""/content/drive/MyDrive/olx_printer_dataset/images/printer_0d125cee5e/7.jpg"", ""/content/drive/MyDrive/olx_printer_dataset/images/printer_0d125cee5e/8.jpg""]",8,2025-12-07 14:43:38.598967
printer_b120c821bc,https://www.olx.in/item/hard-disks-printers-monitors-c1509-printer-for-sale-in-excellent-condition-in-bhartiya-city-bengaluru-iid-1828567773,Printer for sale in excellent condition,"Canon Pixma E477printer for sale in excellent condition. - Hard Disks, Printers & Monitors",3000,"[""/content/drive/MyDrive/olx_printer_dataset/images/printer_b120c821bc/1.jpg"", ""/content/drive/MyDrive/olx_printer_dataset/images/printer_b120c821bc/2.jpg"", ""/content/drive/MyDrive/olx_printer_dataset/images/printer_b120c821bc/3.jpg"", ""/content/drive/MyDrive/olx_printer_dataset/images/printer_b120c821bc/4.jpg"", ""/content/drive/MyDrive/olx_printer_dataset/images/printer_b120c821bc/5.jpg"", ""/content/drive/MyDrive/olx_printer_dataset/images/printer_b120c821bc/6.jpg"", ""/content/drive/MyDrive/olx_printer_dataset/images/printer_b120c821bc/7.jpg"", ""/content/drive/MyDrive/olx_printer_dataset/images/printer_b120c821bc/8.jpg""]",8,2025-12-07 14:43:45.350076
printer_1d82c4e408,https://www.olx.in/item/hard-disks-printers-monitors-c1509-hp-inktank-310-printer-in-guru-udham-singh-nagar-phagwara-iid-1828245318,Hp inktank 310 printer,"Hp inktank printer 310 series, scanner not working - Hard Disks, Printers & Monitors",3000,"[""/content/drive/MyDrive/olx_printer_dataset/images/printer_1d82c4e408/1.jpg"", ""/content/drive/MyDrive/olx_printer_dataset/images/printer_1d82c4e408/2.jpg"", ""/content/drive/MyDrive/olx_printer_dataset/images/printer_1d82c4e408/3.jpg"", ""/content/drive/MyDrive/olx_printer_dataset/images/printer_1d82c4e408/4.jpg"", ""/content/drive/MyDrive/olx_printer_dataset/images/printer_1d82c4e408/5.jpg"", ""/content/drive/MyDrive/olx_printer_dataset/images/printer_1d82c4e408/6.jpg"", ""/content/drive/MyDrive/olx_printer_dataset/images/printer_1d82c4e408/7.jpg"", ""/content/drive/MyDrive/olx_printer_dataset/images/printer_1d82c4e408/8.jpg""]",8,2025-12-07 14:45:15.540422
printer_d9f5c7c9bd,https://www.olx.in/item/hard-disks-printers-monitors-c1509-hp-laser-1008w-printer-in-new-katra-allahabad-iid-1828570338,HP laser 1008w printer,"Newly packed laser printer not a single use…need to sell urgently - Hard Disks, Printers & Monitors",12300,"[""/content/drive/MyDrive/olx_printer_dataset/images/printer_d9f5c7c9bd/1.jpg"", ""/content/drive/MyDrive/olx_printer_dataset/images/printer_d9f5c7c9bd/2.jpg"", ""/content/drive/MyDrive/olx_printer_dataset/images/printer_d9f5c7c9bd/3.jpg"", ""/content/drive/MyDrive/olx_printer_dataset/images/printer_d9f5c7c9bd/4.jpg"", ""/content/drive/MyDrive/olx_printer_dataset/images/printer_d9f5c7c9bd/5.jpg"", ""/content/drive/MyDrive/olx_printer_dataset/images/printer_d9f5c7c9bd/6.jpg"", ""/content/drive/MyDrive/olx_printer_dataset/images/printer_d9f5c7c9bd/7.jpg"", ""/content/drive/MyDrive/olx_printer_dataset/images/printer_d9f5c7c9bd/8.jpg""]",8,2025-12-07 14:45:24.013792
printer_7707b13622,https://www.olx.in/item/hard-disks-printers-monitors-c1509-canon-and-kyocera-machines-for-sale-in-danavai-peta-rajahmundry-iid-1828565713,Canon and kyocera machines for sale,"Canon machine and Kyocera machines for sale seconds good price in condition. - Hard Disks, Printers & Monitors",20000,"[""/content/drive/MyDrive/olx_printer_dataset/images/printer_7707b13622/1.jpg"", ""/content/drive/MyDrive/olx_printer_dataset/images/printer_7707b13622/2.jpg"", ""/content/drive/MyDrive/olx_printer_dataset/images/printer_7707b13622/3.jpg"", ""/content/drive/MyDrive/olx_printer_dataset/images/printer_7707b13622/4.jpg"", ""/content/drive/MyDrive/olx_printer_dataset/images/printer_7707b13622/5.jpg"", ""/content/drive/MyDrive/olx_printer_dataset/images/printer_7707b13622/6.jpg"", ""/content/drive/MyDrive/olx_printer_dataset/images/printer_7707b13622/7.jpg"", ""/content/drive/MyDrive/olx_printer_dataset/images/printer_7707b13622/8.jpg""]",8,2025-12-07 14:45:31.310204
printer_924ab38a9c,https://www.olx.in/item/hard-disks-printers-monitors-c1509-new-printer-full-working-condition-no-issues-with-3-years-warranty-in-roodahi-bakshi-ka-talab-iid-1828565902,New Printer Full working condition No issues with 3 years warranty,"New Printer Full working condition No issues with 3 years warranty - Hard Disks, Printers & Monitors",13500,"[""/content/drive/MyDrive/olx_printer_dataset/images/printer_924ab38a9c/1.jpg"", ""/content/drive/MyDrive/olx_printer_dataset/images/printer_924ab38a9c/2.jpg"", ""/content/drive/MyDrive/olx_printer_dataset/images/printer_924ab38a9c/3.jpg"", ""/content/drive/MyDrive/olx_printer_dataset/images/printer_924ab38a9c/4.jpg"", ""/content/drive/MyDrive/olx_printer_dataset/images/printer_924ab38a9c/5.jpg"", ""/content/drive/MyDrive/olx_printer_dataset/images/printer_924ab38a9c/6.jpg"", ""/content/drive/MyDrive/olx_printer_dataset/images/printer_924ab38a9c/7.jpg"", ""/content/drive/MyDrive/olx_printer_dataset/images/printer_924ab38a9c/8.jpg""]",8,2025-12-07 14:45:38.278318
printer_4104f2634b,https://www.olx.in/item/hard-disks-printers-monitors-c1509-in-ganesh-nagar-pandharpur-iid-1827627227,रेडीयम कटर मशीन,"रेडियम कटर मशीन. वापर =फक्त 2 महिने कंडिशन =चांगली किंमत =फक्त 15000/- लोकेशन =pandharpur. - Hard Disks, Printers & Monitors",15000,"[""/content/drive/MyDrive/olx_printer_dataset/images/printer_4104f2634b/1.jpg"", ""/content/drive/MyDrive/olx_printer_dataset/images/printer_4104f2634b/2.jpg"", ""/content/drive/MyDrive/olx_printer_dataset/images/printer_4104f2634b/3.jpg"", ""/content/drive/MyDrive/olx_printer_dataset/images/printer_4104f2634b/4.jpg"", ""/content/drive/MyDrive/olx_printer_dataset/images/printer_4104f2634b/5.jpg"", ""/content/drive/MyDrive/olx_printer_dataset/images/printer_4104f2634b/6.jpg"", ""/content/drive/MyDrive/olx_printer_dataset/images/printer_4104f2634b/7.jpg"", ""/content/drive/MyDrive/olx_printer_dataset/images/printer_4104f2634b/8.jpg""]",8,2025-12-07 14:45:51.082823
printer_da44d16bda,https://www.olx.in/item/hard-disks-printers-monitors-c1509-canon-photocopy-machine-in-matidas-nagar-bathinda-iid-1828567090,Canon Photocopy Machine,"i3245 model, Photocopy Machine - Hard Disks, Printers & Monitors",75000,"[""/content/drive/MyDrive/olx_printer_dataset/images/printer_da44d16bda/1.jpg"", ""/content/drive/MyDrive/olx_printer_dataset/images/printer_da44d16bda/2.jpg"", ""/content/drive/MyDrive/olx_printer_dataset/images/printer_da44d16bda/3.jpg"", ""/content/drive/MyDrive/olx_printer_dataset/images/printer_da44d16bda/4.jpg"", ""/content/drive/MyDrive/olx_printer_dataset/images/printer_da44d16bda/5.jpg"", ""/content/drive/MyDrive/olx_printer_dataset/images/printer_da44d16bda/6.jpg"", ""/content/drive/MyDrive/olx_printer_dataset/images/printer_da44d16bda/7.jpg"", ""/content/drive/MyDrive/olx_printer_dataset/images/printer_da44d16bda/8.jpg""]",8,2025-12-07 14:45:58.236058
printer_389c3f5444,https://www.olx.in/item/hard-disks-printers-monitors-c1509-my-print-heat-press-5-in-1-digital-multi-functional-in-gandhipuram-bengaluru-iid-1822260139,MY PRINT  Heat Press 5 in 1 Digital Multi Functional,"MY PRINT Heat Press 5 in 1 Digital Multi Functional DTF PRINTING Sublimation Printing Vinyl Printing Machine for T-Shirts [Any Flat Product] with Cap Press, Plate Press, Mug Press, with extra Mug Attachment 12x15 Inch for Business Supplies - Hard Disks, Printers & Monitors",8500,"[""/content/drive/MyDrive/olx_printer_dataset/images/printer_389c3f5444/1.jpg"", ""/content/drive/MyDrive/olx_printer_dataset/images/printer_389c3f5444/2.jpg"", ""/content/drive/MyDrive/olx_printer_dataset/images/printer_389c3f5444/3.jpg"", ""/content/drive/MyDrive/olx_printer_dataset/images/printer_389c3f5444/4.jpg"", ""/content/drive/MyDrive/olx_printer_dataset/images/printer_389c3f5444/5.jpg"", ""/content/drive/MyDrive/olx_printer_dataset/images/printer_389c3f5444/6.jpg"", ""/content/drive/MyDrive/olx_printer_dataset/images/printer_389c3f5444/7.jpg"", ""/content/drive/MyDrive/olx_printer_dataset/images/printer_389c3f5444/8.jpg""]",8,2025-12-07 14:46:04.589740
printer_826fc12d8e,https://www.olx.in/item/hard-disks-printers-monitors-c1509-xerox-machine-canon-in-rasipuram-tamil-nadu-iid-1826202655,Xerox machine canon,"Canon image runner 6570 Price negotiable 65copies per min Warm-up time 30 sec Storage 1tb N.o of tray 4 Stabilizer included - Hard Disks, Printers & Monitors",65000,"[""/content/drive/MyDrive/olx_printer_dataset/images/printer_826fc12d8e/1.jpg"", ""/content/drive/MyDrive/olx_printer_dataset/images/printer_826fc12d8e/2.jpg"", ""/content/drive/MyDrive/olx_printer_dataset/images/printer_826fc12d8e/3.jpg"", ""/content/drive/MyDrive/olx_printer_dataset/images/printer_826fc12d8e/4.jpg"", ""/content/drive/MyDrive/olx_printer_dataset/images/printer_826fc12d8e/5.jpg"", ""/content/drive/MyDrive/olx_printer_dataset/images/printer_826fc12d8e/6.jpg"", ""/content/drive/MyDrive/olx_printer_dataset/images/printer_826fc12d8e/7.jpg"", ""/content/drive/MyDrive/olx_printer_dataset/images/printer_826fc12d8e/8.jpg""]",8,2025-12-07 14:49:50.006701
printer_2a3b8f3849,https://www.olx.in/item/hard-disks-printers-monitors-c1509-printer-epson-l15150-in-kudus-maharashtra-iid-1828568287,Printer epson L15150,"You can print A3/A4/and other size.Fully working condition with full ink. - Hard Disks, Printers & Monitors",55000,"[""/content/drive/MyDrive/olx_printer_dataset/images/printer_2a3b8f3849/1.jpg"", ""/content/drive/MyDrive/olx_printer_dataset/images/printer_2a3b8f3849/2.jpg"", ""/content/drive/MyDrive/olx_printer_dataset/images/printer_2a3b8f3849/3.jpg"", ""/content/drive/MyDrive/olx_printer_dataset/images/printer_2a3b8f3849/4.jpg"", ""/content/drive/MyDrive/olx_printer_dataset/images/printer_2a3b8f3849/5.jpg"", ""/content/drive/MyDrive/olx_printer_dataset/images/printer_2a3b8f3849/6.jpg"", ""/content/drive/MyDrive/olx_printer_dataset/images/printer_2a3b8f3849/7.jpg"", ""/content/drive/MyDrive/olx_printer_dataset/images/printer_2a3b8f3849/8.jpg""]",8,2025-12-07 14:49:55.425482
printer_859c2b5ba9,https://www.olx.in/item/hard-disks-printers-monitors-c1509-canon-duplex-xerox-machine-in-lankamura-gandhigram-iid-1828568188,Canon duplex Xerox machine,"Xerox machine model - 2870 sale price 35000 - Hard Disks, Printers & Monitors",35000,"[""/content/drive/MyDrive/olx_printer_dataset/images/printer_859c2b5ba9/1.jpg"", ""/content/drive/MyDrive/olx_printer_dataset/images/printer_859c2b5ba9/2.jpg"", ""/content/drive/MyDrive/olx_printer_dataset/images/printer_859c2b5ba9/3.jpg"", ""/content/drive/MyDrive/olx_printer_dataset/images/printer_859c2b5ba9/4.jpg"", ""/content/drive/MyDrive/olx_printer_dataset/images/printer_859c2b5ba9/5.jpg"", ""/content/drive/MyDrive/olx_printer_dataset/images/printer_859c2b5ba9/6.jpg"", ""/content/drive/MyDrive/olx_printer_dataset/images/printer_859c2b5ba9/7.jpg"", ""/content/drive/MyDrive/olx_printer_dataset/images/printer_859c2b5ba9/8.jpg""]",8,2025-12-07 14:50:03.612960
printer_34edb7a69f,https://www.olx.in/item/hard-disks-printers-monitors-c1509-refurbished-laserjet-printers-available-wholesale-price-big-quantity-in-dilsukh-nagar-hyderabad-iid-1811526631,Refurbished LaserJet printers Available wholesale price big quantity,"Refurbished LaserJet printers Working Condition Available Note = Different types of models available with Different prices Single Function Printer Multi Function Xerox Printer Models Available: HP 1020, HP M1005, M1136, M126nw, Canon LBP 2900, and more. Prices: Starting ₹5,000 to ₹45,000 depending on the model and configuration. Our office is near zoopark bahadurpura hyderabad Call / WhatsApp for latest stock, pictures, and best deals. Delivery available across Hyderabad and nearby locations. Why Buy From us? 10 years experience After-sales support Trusted by 100+ Hyderabad offices - Hard Disks, Printers & Monitors",5999,"[""/content/drive/MyDrive/olx_printer_dataset/images/printer_34edb7a69f/1.jpg"", ""/content/drive/MyDrive/olx_printer_dataset/images/printer_34edb7a69f/2.jpg"", ""/content/drive/MyDrive/olx_printer_dataset/images/printer_34edb7a69f/3.jpg"", ""/content/drive/MyDrive/olx_printer_dataset/images/printer_34edb7a69f/4.jpg"", ""/content/drive/MyDrive/olx_printer_dataset/images/printer_34edb7a69f/5.jpg"", ""/content/drive/MyDrive/olx_printer_dataset/images/printer_34edb7a69f/6.jpg"", ""/content/drive/MyDrive/olx_printer_dataset/images/printer_34edb7a69f/7.jpg"", ""/content/drive/MyDrive/olx_printer_dataset/images/printer_34edb7a69f/8.jpg""]",8,2025-12-07 14:53:04.810508
printer_08a552486c,https://www.olx.in/item/hard-disks-printers-monitors-c1509-epson-l8050-new-condition-urgent-sell-in-khongjom-heirok-iid-1828562270,Epson L8050 (new condition) urgent sell,"Best condition you will get! Urgent sell because of financial problem ! Contact me hurry!!! - Hard Disks, Printers & Monitors",14500,"[""/content/drive/MyDrive/olx_printer_dataset/images/printer_08a552486c/1.jpg"", ""/content/drive/MyDrive/olx_printer_dataset/images/printer_08a552486c/2.jpg"", ""/content/drive/MyDrive/olx_printer_dataset/images/printer_08a552486c/3.jpg"", ""/content/drive/MyDrive/olx_printer_dataset/images/printer_08a552486c/4.jpg"", ""/content/drive/MyDrive/olx_printer_dataset/images/printer_08a552486c/5.jpg"", ""/content/drive/MyDrive/olx_printer_dataset/images/printer_08a552486c/6.jpg"", ""/content/drive/MyDrive/olx_printer_dataset/images/printer_08a552486c/7.jpg"", ""/content/drive/MyDrive/olx_printer_dataset/images/printer_08a552486c/8.jpg""]",8,2025-12-07 14:53:11.043014
printer_54915d4d64,https://www.olx.in/item/hard-disks-printers-monitors-c1509-printing-machine-in-pandri-raipur-iid-1828562907,Printing machine,"Laser jet pro p1108 plus - Hard Disks, Printers & Monitors",11999,"[""/content/drive/MyDrive/olx_printer_dataset/images/printer_54915d4d64/1.jpg"", ""/content/drive/MyDrive/olx_printer_dataset/images/printer_54915d4d64/2.jpg"", ""/content/drive/MyDrive/olx_printer_dataset/images/printer_54915d4d64/3.jpg"", ""/content/drive/MyDrive/olx_printer_dataset/images/printer_54915d4d64/4.jpg"", ""/content/drive/MyDrive/olx_printer_dataset/images/printer_54915d4d64/5.jpg"", ""/content/drive/MyDrive/olx_printer_dataset/images/printer_54915d4d64/6.jpg"", ""/content/drive/MyDrive/olx_printer_dataset/images/printer_54915d4d64/7.jpg"", ""/content/drive/MyDrive/olx_printer_dataset/images/printer_54915d4d64/8.jpg""]",8,2025-12-07 14:54:41.064203
printer_4c66bd850d,https://www.olx.in/item/hard-disks-printers-monitors-c1509-epson-l805-in-param-puri-delhi-iid-1828561164,EPSON L805,"Good Condition - Hard Disks, Printers & Monitors",5000,"[""/content/drive/MyDrive/olx_printer_dataset/images/printer_4c66bd850d/1.jpg"", ""/content/drive/MyDrive/olx_printer_dataset/images/printer_4c66bd850d/2.jpg"", ""/content/drive/MyDrive/olx_printer_dataset/images/printer_4c66bd850d/3.jpg"", ""/content/drive/MyDrive/olx_printer_dataset/images/printer_4c66bd850d/4.jpg"", ""/content/drive/MyDrive/olx_printer_dataset/images/printer_4c66bd850d/5.jpg"", ""/content/drive/MyDrive/olx_printer_dataset/images/printer_4c66bd850d/6.jpg"", ""/content/drive/MyDrive/olx_printer_dataset/images/printer_4c66bd850d/7.jpg"", ""/content/drive/MyDrive/olx_printer_dataset/images/printer_4c66bd850d/8.jpg""]",8,2025-12-07 14:54:46.852968
printer_2b40601529,https://www.olx.in/item/hard-disks-printers-monitors-c1509-canon-pixma-e477-all-in-one-wireless-inkjet-printer-in-baner-pune-iid-1828560238,Canon PIXMA E477 All-in-one Wireless Inkjet Printer,"4 years old. Still working very smoothly, never encountered any issues. All-in-one printer: Print, Scan and Copy functionality. Wireless + USB connectivity — works over Wi-Fi or via USB cable. ￼ • Colour printing and mono printing support. ￼ • Max print resolution: up to 4800 × 1200 dpi (colour). ￼ • Print speed: about 8.0 ipm (mono) / 4.0 ipm (colour) for A4 documents. ￼ • Supports various paper sizes: A4, A5, B5, Letter, Legal etc. Also handles photo-paper and small sizes. ￼ • Good for home/study use, small office, printing documents and occasional colour/ photo prints. ￼ - Hard Disks, Printers & Monitors",2500,"[""/content/drive/MyDrive/olx_printer_dataset/images/printer_2b40601529/1.jpg"", ""/content/drive/MyDrive/olx_printer_dataset/images/printer_2b40601529/2.jpg"", ""/content/drive/MyDrive/olx_printer_dataset/images/printer_2b40601529/3.jpg"", ""/content/drive/MyDrive/olx_printer_dataset/images/printer_2b40601529/4.jpg"", ""/content/drive/MyDrive/olx_printer_dataset/images/printer_2b40601529/5.jpg"", ""/content/drive/MyDrive/olx_printer_dataset/images/printer_2b40601529/6.jpg"", ""/content/drive/MyDrive/olx_printer_dataset/images/printer_2b40601529/7.jpg"", ""/content/drive/MyDrive/olx_printer_dataset/images/printer_2b40601529/8.jpg""]",8,2025-12-07 14:54:52.182959
printer_252a3fb894,https://www.olx.in/item/hard-disks-printers-monitors-c1509-graphic-card-in-new-modikhana-pune-iid-1827363899,GRAPHIC CARD,"Graphic card full working condition me hai. No repair, no issues. Gaming, editing aur rendering sab smoothly chal jaata hai. • Model: (GT710) • VRAM: (2GB) • Condition: Very good • Usage: Sirf normal gaming / editing • Temperature normal, overheat issue nahi • Dust clean + maintenance done • Warranty: (99/) • Bill/Box: (/ Not available) Card ko stress test karke check kiya hai – 100% OK. Price slightly negotiable hai. Serious buyers only. - Hard Disks, Printers & Monitors",1100,"[""/content/drive/MyDrive/olx_printer_dataset/images/printer_252a3fb894/1.jpg"", ""/content/drive/MyDrive/olx_printer_dataset/images/printer_252a3fb894/2.jpg"", ""/content/drive/MyDrive/olx_printer_dataset/images/printer_252a3fb894/3.jpg"", ""/content/drive/MyDrive/olx_printer_dataset/images/printer_252a3fb894/4.jpg"", ""/content/drive/MyDrive/olx_printer_dataset/images/printer_252a3fb894/5.jpg"", ""/content/drive/MyDrive/olx_printer_dataset/images/printer_252a3fb894/6.jpg"", ""/content/drive/MyDrive/olx_printer_dataset/images/printer_252a3fb894/7.jpg"", ""/content/drive/MyDrive/olx_printer_dataset/images/printer_252a3fb894/8.jpg"", ""/content/drive/MyDrive/olx_printer_dataset/images/printer_252a3fb894/9.jpg"", ""/content/drive/MyDrive/olx_printer_dataset/images/printer_252a3fb894/10.jpg"", ""/content/drive/MyDrive/olx_printer_dataset/images/printer_252a3fb894/11.jpg"", ""/content/drive/MyDrive/olx_printer_dataset/images/printer_252a3fb894/12.jpg"", ""/content/drive/MyDrive/olx_printer_dataset/images/printer_252a3fb894/13.jpg"", ""/content/drive/MyDrive/olx_printer_dataset/images/printer_252a3fb894/14.jpg""]",14,2025-12-07 14:55:02.774051
printer_1dbb114082,https://www.olx.in/item/hard-disks-printers-monitors-c1509-hp-printer-model-laser-jet-pro-mfp-m138fnw-in-main-chowk-baghpat-iid-1828563007,H.P printer model laser jet pro mfp M138fnw,"Only heatingrod khrb h all ok condition ( 25000) no any usee so sell only (15000) - Hard Disks, Printers & Monitors",15000,"[""/content/drive/MyDrive/olx_printer_dataset/images/printer_1dbb114082/1.jpg"", ""/content/drive/MyDrive/olx_printer_dataset/images/printer_1dbb114082/2.jpg"", ""/content/drive/MyDrive/olx_printer_dataset/images/printer_1dbb114082/3.jpg"", ""/content/drive/MyDrive/olx_printer_dataset/images/printer_1dbb114082/4.jpg"", ""/content/drive/MyDrive/olx_printer_dataset/images/printer_1dbb114082/5.jpg"", ""/content/drive/MyDrive/olx_printer_dataset/images/printer_1dbb114082/6.jpg"", ""/content/drive/MyDrive/olx_printer_dataset/images/printer_1dbb114082/7.jpg"", ""/content/drive/MyDrive/olx_printer_dataset/images/printer_1dbb114082/8.jpg""]",8,2025-12-07 14:55:07.582880
printer_0895aa2fc0,https://www.olx.in/item/hard-disks-printers-monitors-c1509-brother-dcp-l2541dw-laser-printer-in-dwarika-bishnupur-industrial-growth-centre-iid-1828559971,Brother dcp L2541dw laser printer,"Laser printer - Hard Disks, Printers & Monitors",9000,"[""/content/drive/MyDrive/olx_printer_dataset/images/printer_0895aa2fc0/1.jpg"", ""/content/drive/MyDrive/olx_printer_dataset/images/printer_0895aa2fc0/2.jpg"", ""/content/drive/MyDrive/olx_printer_dataset/images/printer_0895aa2fc0/3.jpg"", ""/content/drive/MyDrive/olx_printer_dataset/images/printer_0895aa2fc0/4.jpg"", ""/content/drive/MyDrive/olx_printer_dataset/images/printer_0895aa2fc0/5.jpg"", ""/content/drive/MyDrive/olx_printer_dataset/images/printer_0895aa2fc0/6.jpg"", ""/content/drive/MyDrive/olx_printer_dataset/images/printer_0895aa2fc0/7.jpg"", ""/content/drive/MyDrive/olx_printer_dataset/images/printer_0895aa2fc0/8.jpg""]",8,2025-12-07 14:55:15.273281
printer_eab63da318,https://www.olx.in/item/hard-disks-printers-monitors-c1509-ender-3-v3-se-3d-printer-in-mysore-mysuru-iid-1828562554,Ender 3 V3 SE (3D printer),"I'm selling my Creality Ender-3 V3 SE 3D printer. It has been lightly used, with less than 20 hours of total print time. The printer is in excellent, almost-new condition and includes everything it originally came with - the box, all accessories, spares, and the stock filament. No modifications have been made. Reason for selling: My brother, who originally bought it during his engineering college days, is moving abroad for further studies, so he won't be able to use it anymore. Price: 17,500 (Final price, not negotiable) - Hard Disks, Printers & Monitors",17500,"[""/content/drive/MyDrive/olx_printer_dataset/images/printer_eab63da318/1.jpg"", ""/content/drive/MyDrive/olx_printer_dataset/images/printer_eab63da318/2.jpg"", ""/content/drive/MyDrive/olx_printer_dataset/images/printer_eab63da318/3.jpg"", ""/content/drive/MyDrive/olx_printer_dataset/images/printer_eab63da318/4.jpg"", ""/content/drive/MyDrive/olx_printer_dataset/images/printer_eab63da318/5.jpg"", ""/content/drive/MyDrive/olx_printer_dataset/images/printer_eab63da318/6.jpg"", ""/content/drive/MyDrive/olx_printer_dataset/images/printer_eab63da318/7.jpg"", ""/content/drive/MyDrive/olx_printer_dataset/images/printer_eab63da318/8.jpg""]",8,2025-12-07 14:55:23.646344
printer_0b931bbf70,https://www.olx.in/item/hard-disks-printers-monitors-c1509-hp-laserjet-2055dn-duplex-network-printer-in-chandivali-mumbai-iid-1794266061,Hp laserjet 2055dn - duplex network printer,"Warranty - 6month 35 ppm Print Speeds Compact Foot Print First Print Speed of 8 Seconds 600MHz Processor Expandable 128MB Memory Automatic Duplex Printing 250 Sheet Input Tray 50 Sheet Multi-Purpose Tray 10/100 Ethernet/Fast Ethernet Networking Wide Media Size Compatibility - Hard Disks, Printers & Monitors",6500,"[""/content/drive/MyDrive/olx_printer_dataset/images/printer_0b931bbf70/1.jpg"", ""/content/drive/MyDrive/olx_printer_dataset/images/printer_0b931bbf70/2.jpg"", ""/content/drive/MyDrive/olx_printer_dataset/images/printer_0b931bbf70/3.jpg"", ""/content/drive/MyDrive/olx_printer_dataset/images/printer_0b931bbf70/4.jpg"", ""/content/drive/MyDrive/olx_printer_dataset/images/printer_0b931bbf70/5.jpg"", ""/content/drive/MyDrive/olx_printer_dataset/images/printer_0b931bbf70/6.jpg"", ""/content/drive/MyDrive/olx_printer_dataset/images/printer_0b931bbf70/7.jpg"", ""/content/drive/MyDrive/olx_printer_dataset/images/printer_0b931bbf70/8.jpg""]",8,2025-12-07 14:59:08.357103
printer_35ae19cb00,https://www.olx.in/item/hard-disks-printers-monitors-c1509-sandisk-256-gb-memory-card-high-endurance-in-cherthala-south-cherthala-iid-1828246274,SanDisk 256 gb memory card High endurance,"Fresh piece price negotiable - Hard Disks, Printers & Monitors",2300,"[""/content/drive/MyDrive/olx_printer_dataset/images/printer_35ae19cb00/1.jpg"", ""/content/drive/MyDrive/olx_printer_dataset/images/printer_35ae19cb00/2.jpg"", ""/content/drive/MyDrive/olx_printer_dataset/images/printer_35ae19cb00/3.jpg"", ""/content/drive/MyDrive/olx_printer_dataset/images/printer_35ae19cb00/4.jpg"", ""/content/drive/MyDrive/olx_printer_dataset/images/printer_35ae19cb00/5.jpg"", ""/content/drive/MyDrive/olx_printer_dataset/images/printer_35ae19cb00/6.jpg"", ""/content/drive/MyDrive/olx_printer_dataset/images/printer_35ae19cb00/7.jpg"", ""/content/drive/MyDrive/olx_printer_dataset/images/printer_35ae19cb00/8.jpg""]",8,2025-12-07 14:59:15.173759
printer_dfbfa46426,https://www.olx.in/item/hard-disks-printers-monitors-c1509-brother-hl-l3220cdw-wi-fi-color-laser-printer-low-usage-in-kachamaranahalli-bengaluru-iid-1828228959,Brother HL-L3220CDW  Wi-Fi Color Laser Printer  Low Usage,"Purchased 4 months ago, very less used printer. It delivers high-quality HD color prints, and was used mainly for High quality printouts. Due to HD printing, toner ink got consumed faster - so toners need replacement now. Total pages printed is very minimal (used at home only). Key Features: • Color Laser Printer with Wi-Fi • Duplex (Auto Double-Side) Printing • Fast print speed • High-resolution output suitable for photos & documents • USB / Wireless connectivity • Perfect for office, business & home - Hard Disks, Printers & Monitors",25000,"[""/content/drive/MyDrive/olx_printer_dataset/images/printer_dfbfa46426/1.jpg"", ""/content/drive/MyDrive/olx_printer_dataset/images/printer_dfbfa46426/2.jpg"", ""/content/drive/MyDrive/olx_printer_dataset/images/printer_dfbfa46426/3.jpg"", ""/content/drive/MyDrive/olx_printer_dataset/images/printer_dfbfa46426/4.jpg"", ""/content/drive/MyDrive/olx_printer_dataset/images/printer_dfbfa46426/5.jpg"", ""/content/drive/MyDrive/olx_printer_dataset/images/printer_dfbfa46426/6.jpg"", ""/content/drive/MyDrive/olx_printer_dataset/images/printer_dfbfa46426/7.jpg"", ""/content/drive/MyDrive/olx_printer_dataset/images/printer_dfbfa46426/8.jpg""]",8,2025-12-07 15:00:03.424706
printer_55da846f98,https://www.olx.in/item/hard-disks-printers-monitors-c1509-heat-press-machine-5-in-one-machine-sablimation-for-t-shirt-print-in-jhariatdi-adra-iid-1828560364,Heat press machine 5 in one machine sablimation for T shirt print,"New conditions in 5days no use - Hard Disks, Printers & Monitors",10500,"[""/content/drive/MyDrive/olx_printer_dataset/images/printer_55da846f98/1.jpg"", ""/content/drive/MyDrive/olx_printer_dataset/images/printer_55da846f98/2.jpg"", ""/content/drive/MyDrive/olx_printer_dataset/images/printer_55da846f98/3.jpg"", ""/content/drive/MyDrive/olx_printer_dataset/images/printer_55da846f98/4.jpg"", ""/content/drive/MyDrive/olx_printer_dataset/images/printer_55da846f98/5.jpg"", ""/content/drive/MyDrive/olx_printer_dataset/images/printer_55da846f98/6.jpg"", ""/content/drive/MyDrive/olx_printer_dataset/images/printer_55da846f98/7.jpg"", ""/content/drive/MyDrive/olx_printer_dataset/images/printer_55da846f98/8.jpg""]",8,2025-12-07 15:00:11.190283
printer_b32cb098da,https://www.olx.in/item/hard-disks-printers-monitors-c1509-75kva-ups-in-jp-nagar-phase-8-royal-lake-front-residency-phase-bengaluru-iid-1826664315,7.5KVA UPS,"I want to sell model details (Cruze sinewave 3 years used with good condition UPS(Rating 7.5KVA)+10 battery 120 AH with (48 months warranty for 6 batteries and other 4 is good only but it’s little old but giving 5-7hrs backup ) Only interested person can text or call me immediately sale because of shifting Price will be negotiable, If you want only 10 batteries that also u can take it - Hard Disks, Printers & Monitors",105000,"[""/content/drive/MyDrive/olx_printer_dataset/images/printer_b32cb098da/1.jpg"", ""/content/drive/MyDrive/olx_printer_dataset/images/printer_b32cb098da/2.jpg"", ""/content/drive/MyDrive/olx_printer_dataset/images/printer_b32cb098da/3.jpg"", ""/content/drive/MyDrive/olx_printer_dataset/images/printer_b32cb098da/4.jpg"", ""/content/drive/MyDrive/olx_printer_dataset/images/printer_b32cb098da/5.jpg"", ""/content/drive/MyDrive/olx_printer_dataset/images/printer_b32cb098da/6.jpg"", ""/content/drive/MyDrive/olx_printer_dataset/images/printer_b32cb098da/7.jpg"", ""/content/drive/MyDrive/olx_printer_dataset/images/printer_b32cb098da/8.jpg""]",8,2025-12-07 15:00:17.332942
printer_9677a42c30,https://www.olx.in/item/hard-disks-printers-monitors-c1509-lg-ultragear-monitor-27gs60f-2024-model-in-juhi-kalan-kanpur-iid-1828385576,LG UltraGear Monitor 27GS60F 2024 model,"Display Size:- 27 inch FullHD Resolution:- 1920*1080 pixels Panel:- IPS panel with HDR10 & Nvidia G-sync and AMD freesync compatible Ports:- 1 HDMI, 1 DISPLAY PORT, 1 Headphone jack, DC-in Refresh Rate:- 180Hz with 1 ms response time Brightness:- 250nits Colour Gamut:- 99% sRGB Only 1.5years old monitor Better in condition No issue in screen Monitor stand available & 100*100 wall mount support NEGOTIATION IS OPEN - Hard Disks, Printers & Monitors",9499,"[""/content/drive/MyDrive/olx_printer_dataset/images/printer_9677a42c30/1.jpg"", ""/content/drive/MyDrive/olx_printer_dataset/images/printer_9677a42c30/2.jpg"", ""/content/drive/MyDrive/olx_printer_dataset/images/printer_9677a42c30/3.jpg"", ""/content/drive/MyDrive/olx_printer_dataset/images/printer_9677a42c30/4.jpg"", ""/content/drive/MyDrive/olx_printer_dataset/images/printer_9677a42c30/5.jpg"", ""/content/drive/MyDrive/olx_printer_dataset/images/printer_9677a42c30/6.jpg"", ""/content/drive/MyDrive/olx_printer_dataset/images/printer_9677a42c30/7.jpg"", ""/content/drive/MyDrive/olx_printer_dataset/images/printer_9677a42c30/8.jpg""]",8,2025-12-07 15:00:24.444945
printer_2e316212d1,https://www.olx.in/item/hard-disks-printers-monitors-c1509-dell-20-lcd-n-led-qty-available-in-lal-darwaja-ahmedabad-iid-1749796086,DELL 20” LCD N LED QTY AVAILABLE,"DELL 20” LCD N LED QTY AVAILABLE - Hard Disks, Printers & Monitors",2500,"[""/content/drive/MyDrive/olx_printer_dataset/images/printer_2e316212d1/1.jpg"", ""/content/drive/MyDrive/olx_printer_dataset/images/printer_2e316212d1/2.jpg"", ""/content/drive/MyDrive/olx_printer_dataset/images/printer_2e316212d1/3.jpg"", ""/content/drive/MyDrive/olx_printer_dataset/images/printer_2e316212d1/4.jpg"", ""/content/drive/MyDrive/olx_printer_dataset/images/printer_2e316212d1/5.jpg"", ""/content/drive/MyDrive/olx_printer_dataset/images/printer_2e316212d1/6.jpg"", ""/content/drive/MyDrive/olx_printer_dataset/images/printer_2e316212d1/7.jpg"", ""/content/drive/MyDrive/olx_printer_dataset/images/printer_2e316212d1/8.jpg""]",8,2025-12-07 15:01:11.733144
printer_a2053a8a81,https://www.olx.in/item/hard-disks-printers-monitors-c1509-hp-inkjet-coloured-printer-in-sector-15a-chandigarh-iid-1823894237,HP Inkjet Coloured Printer,"HP Deskjet 3050 Print Scan Copy. Wireless - Hard Disks, Printers & Monitors",1700,"[""/content/drive/MyDrive/olx_printer_dataset/images/printer_a2053a8a81/1.jpg"", ""/content/drive/MyDrive/olx_printer_dataset/images/printer_a2053a8a81/2.jpg"", ""/content/drive/MyDrive/olx_printer_dataset/images/printer_a2053a8a81/3.jpg"", ""/content/drive/MyDrive/olx_printer_dataset/images/printer_a2053a8a81/4.jpg"", ""/content/drive/MyDrive/olx_printer_dataset/images/printer_a2053a8a81/5.jpg"", ""/content/drive/MyDrive/olx_printer_dataset/images/printer_a2053a8a81/6.jpg"", ""/content/drive/MyDrive/olx_printer_dataset/images/printer_a2053a8a81/7.jpg"", ""/content/drive/MyDrive/olx_printer_dataset/images/printer_a2053a8a81/8.jpg""]",8,2025-12-07 15:05:38.885852
printer_13e523d7c4,https://www.olx.in/item/hard-disks-printers-monitors-c1509-uv-printer-and-laser-cutting-machine-in-transport-nagar-raipur-iid-1827989745,Uv printer and laser cutting machine,"Multiple printing as a wooden gift print, mobile back cover print, tiles print, clothes print, acrylic print, I'd card print Lasser cutting as a I'd card, customize wodden, Acrilyc cutting, mobile back cover cutting, mobile glass guard cutting etc. - Hard Disks, Printers & Monitors",360000,"[""/content/drive/MyDrive/olx_printer_dataset/images/printer_13e523d7c4/1.jpg"", ""/content/drive/MyDrive/olx_printer_dataset/images/printer_13e523d7c4/2.jpg"", ""/content/drive/MyDrive/olx_printer_dataset/images/printer_13e523d7c4/3.jpg"", ""/content/drive/MyDrive/olx_printer_dataset/images/printer_13e523d7c4/4.jpg"", ""/content/drive/MyDrive/olx_printer_dataset/images/printer_13e523d7c4/5.jpg"", ""/content/drive/MyDrive/olx_printer_dataset/images/printer_13e523d7c4/6.jpg"", ""/content/drive/MyDrive/olx_printer_dataset/images/printer_13e523d7c4/7.jpg"", ""/content/drive/MyDrive/olx_printer_dataset/images/printer_13e523d7c4/8.jpg""]",8,2025-12-07 15:06:28.474017
printer_91fb36b3ac,https://www.olx.in/item/hard-disks-printers-monitors-c1509-brother-dcp-t500w-wireless-printer-in-pudupakkam-chennai-iid-1819857786,Brother DCP T500W Wireless Printer,"Brother DCP T500W Wireless Printer Package Condition Neat and clean Condition Ink tank leakage All good apart ink tank - Hard Disks, Printers & Monitors",4500,"[""/content/drive/MyDrive/olx_printer_dataset/images/printer_91fb36b3ac/1.jpg"", ""/content/drive/MyDrive/olx_printer_dataset/images/printer_91fb36b3ac/2.jpg"", ""/content/drive/MyDrive/olx_printer_dataset/images/printer_91fb36b3ac/3.jpg"", ""/content/drive/MyDrive/olx_printer_dataset/images/printer_91fb36b3ac/4.jpg"", ""/content/drive/MyDrive/olx_printer_dataset/images/printer_91fb36b3ac/5.jpg"", ""/content/drive/MyDrive/olx_printer_dataset/images/printer_91fb36b3ac/6.jpg"", ""/content/drive/MyDrive/olx_printer_dataset/images/printer_91fb36b3ac/7.jpg"", ""/content/drive/MyDrive/olx_printer_dataset/images/printer_91fb36b3ac/8.jpg""]",8,2025-12-07 15:09:31.792309
printer_ccebd51659,https://www.olx.in/item/hard-disks-printers-monitors-c1509-heat-press-machine-1624-size-in-mandoli-delhi-iid-1828563495,Heat Press Machine 16×24 size,"Heat Press Machine for tshirt printing machine. Size 16×24 - Hard Disks, Printers & Monitors",13000,"[""/content/drive/MyDrive/olx_printer_dataset/images/printer_ccebd51659/1.jpg"", ""/content/drive/MyDrive/olx_printer_dataset/images/printer_ccebd51659/2.jpg"", ""/content/drive/MyDrive/olx_printer_dataset/images/printer_ccebd51659/3.jpg"", ""/content/drive/MyDrive/olx_printer_dataset/images/printer_ccebd51659/4.jpg"", ""/content/drive/MyDrive/olx_printer_dataset/images/printer_ccebd51659/5.jpg"", ""/content/drive/MyDrive/olx_printer_dataset/images/printer_ccebd51659/6.jpg"", ""/content/drive/MyDrive/olx_printer_dataset/images/printer_ccebd51659/7.jpg"", ""/content/drive/MyDrive/olx_printer_dataset/images/printer_ccebd51659/8.jpg""]",8,2025-12-07 15:10:19.878993
printer_6b3c6a620b,https://www.olx.in/item/hard-disks-printers-monitors-c1509-schindler-touch-panel-3-pieces-110000-in-amrutahalli-bengaluru-iid-1828563780,Schindler touch panel 3 pieces (1*10000),"*Good conditions *No used product *touch panel *G to 9 th floor *Affordable price accept - Hard Disks, Printers & Monitors",30000,"[""/content/drive/MyDrive/olx_printer_dataset/images/printer_6b3c6a620b/1.jpg"", ""/content/drive/MyDrive/olx_printer_dataset/images/printer_6b3c6a620b/2.jpg"", ""/content/drive/MyDrive/olx_printer_dataset/images/printer_6b3c6a620b/3.jpg"", ""/content/drive/MyDrive/olx_printer_dataset/images/printer_6b3c6a620b/4.jpg"", ""/content/drive/MyDrive/olx_printer_dataset/images/printer_6b3c6a620b/5.jpg"", ""/content/drive/MyDrive/olx_printer_dataset/images/printer_6b3c6a620b/6.jpg"", ""/content/drive/MyDrive/olx_printer_dataset/images/printer_6b3c6a620b/7.jpg"", ""/content/drive/MyDrive/olx_printer_dataset/images/printer_6b3c6a620b/8.jpg""]",8,2025-12-07 15:10:28.334952
printer_cbd2e761c0,https://www.olx.in/item/hard-disks-printers-monitors-c1509-paper-cup-machine-fully-automatic-in-netteri-kancheepuram-iid-1828560212,Paper Cup machine fully automatic,"Sale paper Cup machine 6 months used fully automatic - Hard Disks, Printers & Monitors",160000,"[""/content/drive/MyDrive/olx_printer_dataset/images/printer_cbd2e761c0/1.jpg"", ""/content/drive/MyDrive/olx_printer_dataset/images/printer_cbd2e761c0/2.jpg"", ""/content/drive/MyDrive/olx_printer_dataset/images/printer_cbd2e761c0/3.jpg"", ""/content/drive/MyDrive/olx_printer_dataset/images/printer_cbd2e761c0/4.jpg"", ""/content/drive/MyDrive/olx_printer_dataset/images/printer_cbd2e761c0/5.jpg"", ""/content/drive/MyDrive/olx_printer_dataset/images/printer_cbd2e761c0/6.jpg"", ""/content/drive/MyDrive/olx_printer_dataset/images/printer_cbd2e761c0/7.jpg"", ""/content/drive/MyDrive/olx_printer_dataset/images/printer_cbd2e761c0/8.jpg""]",8,2025-12-07 15:11:16.652373
printer_45021d1ff5,https://www.olx.in/item/hard-disks-printers-monitors-c1509-btali-aair-compressor-50l-for-sale-in-fatorda-margao-iid-1828561922,Btali aair compressor 50L for sale,"Selling the Btali air compressor 50L .only one time used price slightly nego - Hard Disks, Printers & Monitors",15000,"[""/content/drive/MyDrive/olx_printer_dataset/images/printer_45021d1ff5/1.jpg"", ""/content/drive/MyDrive/olx_printer_dataset/images/printer_45021d1ff5/2.jpg"", ""/content/drive/MyDrive/olx_printer_dataset/images/printer_45021d1ff5/3.jpg"", ""/content/drive/MyDrive/olx_printer_dataset/images/printer_45021d1ff5/4.jpg"", ""/content/drive/MyDrive/olx_printer_dataset/images/printer_45021d1ff5/5.jpg"", ""/content/drive/MyDrive/olx_printer_dataset/images/printer_45021d1ff5/6.jpg"", ""/content/drive/MyDrive/olx_printer_dataset/images/printer_45021d1ff5/7.jpg"", ""/content/drive/MyDrive/olx_printer_dataset/images/printer_45021d1ff5/8.jpg""]",8,2025-12-07 15:11:23.707674
printer_eb9f862be9,https://www.olx.in/item/hard-disks-printers-monitors-c1509-canon-mfm-photocopier-machine-in-dwarka-sector-1-delhi-iid-1828560199,Canon MFM Photocopier Machine,"Heavy Duty Canon Multifunctional Machine, ir Advance 4225, excellent condition, Double Tray of A4 & A3 paper, Auto Duplex B&W. - Hard Disks, Printers & Monitors",22500,"[""/content/drive/MyDrive/olx_printer_dataset/images/printer_eb9f862be9/1.jpg"", ""/content/drive/MyDrive/olx_printer_dataset/images/printer_eb9f862be9/2.jpg"", ""/content/drive/MyDrive/olx_printer_dataset/images/printer_eb9f862be9/3.jpg"", ""/content/drive/MyDrive/olx_printer_dataset/images/printer_eb9f862be9/4.jpg"", ""/content/drive/MyDrive/olx_printer_dataset/images/printer_eb9f862be9/5.jpg"", ""/content/drive/MyDrive/olx_printer_dataset/images/printer_eb9f862be9/6.jpg"", ""/content/drive/MyDrive/olx_printer_dataset/images/printer_eb9f862be9/7.jpg"", ""/content/drive/MyDrive/olx_printer_dataset/images/printer_eb9f862be9/8.jpg""]",8,2025-12-07 15:11:31.338846
printer_b5b91dbb30,https://www.olx.in/item/hard-disks-printers-monitors-c1509-hp-printer-in-hafeezpet-hyderabad-iid-1828558708,hp Printer,"Best hp printer good condition.. selling urgently for money . - Hard Disks, Printers & Monitors",6000,"[""/content/drive/MyDrive/olx_printer_dataset/images/printer_b5b91dbb30/1.jpg"", ""/content/drive/MyDrive/olx_printer_dataset/images/printer_b5b91dbb30/2.jpg"", ""/content/drive/MyDrive/olx_printer_dataset/images/printer_b5b91dbb30/3.jpg"", ""/content/drive/MyDrive/olx_printer_dataset/images/printer_b5b91dbb30/4.jpg"", ""/content/drive/MyDrive/olx_printer_dataset/images/printer_b5b91dbb30/5.jpg"", ""/content/drive/MyDrive/olx_printer_dataset/images/printer_b5b91dbb30/6.jpg"", ""/content/drive/MyDrive/olx_printer_dataset/images/printer_b5b91dbb30/7.jpg"", ""/content/drive/MyDrive/olx_printer_dataset/images/printer_b5b91dbb30/8.jpg""]",8,2025-12-07 15:11:38.876744
printer_51f397c455,https://www.olx.in/item/hard-disks-printers-monitors-c1509-samsung-monitor-in-mehrauli-delhi-iid-1819409445,Samsung monitor,"VGA cable monitor for cctv , computer or any device having vga compatibility. - Hard Disks, Printers & Monitors",1349,"[""/content/drive/MyDrive/olx_printer_dataset/images/printer_51f397c455/1.jpg"", ""/content/drive/MyDrive/olx_printer_dataset/images/printer_51f397c455/2.jpg"", ""/content/drive/MyDrive/olx_printer_dataset/images/printer_51f397c455/3.jpg"", ""/content/drive/MyDrive/olx_printer_dataset/images/printer_51f397c455/4.jpg"", ""/content/drive/MyDrive/olx_printer_dataset/images/printer_51f397c455/5.jpg"", ""/content/drive/MyDrive/olx_printer_dataset/images/printer_51f397c455/6.jpg"", ""/content/drive/MyDrive/olx_printer_dataset/images/printer_51f397c455/7.jpg"", ""/content/drive/MyDrive/olx_printer_dataset/images/printer_51f397c455/8.jpg""]",8,2025-12-07 15:11:44.812057
printer_b67cfb28dd,https://www.olx.in/item/hard-disks-printers-monitors-c1509-monitor-computer-in-baisistha-nagar-guwahati-iid-1828310746,Monitor ( Computer),"37×25 cm monitor at low price ( Negotiable) - Hard Disks, Printers & Monitors",1499,"[""/content/drive/MyDrive/olx_printer_dataset/images/printer_b67cfb28dd/1.jpg"", ""/content/drive/MyDrive/olx_printer_dataset/images/printer_b67cfb28dd/2.jpg"", ""/content/drive/MyDrive/olx_printer_dataset/images/printer_b67cfb28dd/3.jpg"", ""/content/drive/MyDrive/olx_printer_dataset/images/printer_b67cfb28dd/4.jpg"", ""/content/drive/MyDrive/olx_printer_dataset/images/printer_b67cfb28dd/5.jpg"", ""/content/drive/MyDrive/olx_printer_dataset/images/printer_b67cfb28dd/6.jpg"", ""/content/drive/MyDrive/olx_printer_dataset/images/printer_b67cfb28dd/7.jpg"", ""/content/drive/MyDrive/olx_printer_dataset/images/printer_b67cfb28dd/8.jpg""]",8,2025-12-07 15:13:14.838478
printer_72cf55b399,https://www.olx.in/item/hard-disks-printers-monitors-c1509-konika-minolta-in-wagholi-pune-iid-1828564497,Konika  Minolta,"Xerox machine - Hard Disks, Printers & Monitors",65000,"[""/content/drive/MyDrive/olx_printer_dataset/images/printer_72cf55b399/1.jpg"", ""/content/drive/MyDrive/olx_printer_dataset/images/printer_72cf55b399/2.jpg"", ""/content/drive/MyDrive/olx_printer_dataset/images/printer_72cf55b399/3.jpg"", ""/content/drive/MyDrive/olx_printer_dataset/images/printer_72cf55b399/4.jpg"", ""/content/drive/MyDrive/olx_printer_dataset/images/printer_72cf55b399/5.jpg"", ""/content/drive/MyDrive/olx_printer_dataset/images/printer_72cf55b399/6.jpg"", ""/content/drive/MyDrive/olx_printer_dataset/images/printer_72cf55b399/7.jpg"", ""/content/drive/MyDrive/olx_printer_dataset/images/printer_72cf55b399/8.jpg""]",8,2025-12-07 15:14:04.044890
printer_6720d599e3,https://www.olx.in/item/hard-disks-printers-monitors-c1509-epson-l3210-printer-in-sansarpur-terrace-growth-centre-industrial-area-himachal-pradesh-iid-1828560064,Epson L3210 printer,"New, purchase in November, only 10 Prints done, full ink and warranty is included - Hard Disks, Printers & Monitors",9500,"[""/content/drive/MyDrive/olx_printer_dataset/images/printer_6720d599e3/1.jpg"", ""/content/drive/MyDrive/olx_printer_dataset/images/printer_6720d599e3/2.jpg"", ""/content/drive/MyDrive/olx_printer_dataset/images/printer_6720d599e3/3.jpg"", ""/content/drive/MyDrive/olx_printer_dataset/images/printer_6720d599e3/4.jpg"", ""/content/drive/MyDrive/olx_printer_dataset/images/printer_6720d599e3/5.jpg"", ""/content/drive/MyDrive/olx_printer_dataset/images/printer_6720d599e3/6.jpg"", ""/content/drive/MyDrive/olx_printer_dataset/images/printer_6720d599e3/7.jpg"", ""/content/drive/MyDrive/olx_printer_dataset/images/printer_6720d599e3/8.jpg""]",8,2025-12-07 15:14:11.583326
printer_d498fa0a35,https://www.olx.in/item/hard-disks-printers-monitors-c1509-benq-mobiuz-ex3210r-32inch-qhd-1440p-curved-gaming-monitor-in-warranty-in-sector-126-noida-iid-1817530762,BenQ Mobiuz EX3210R 32inch QHD 1440p Curved Gaming Monitor in Warranty,"BenQ Mobiuz EX3210R 32inch QHD 1440p Curved Gaming Monitor in Warranty Description Product Specifications BenQ Mobiuz EX3210R 32inch Screen 2560 x 1440 QHD Resolution 1000R Curved Monitor 165hz Refresh Rate Built-in 2.1 Channel (2Wx2 + 5W woofer) Speakers Supports IR Remote Control (Included) RGB Lighting Tilt and Height Adjustable Stand Supports VESA Wall Mount AMD Freesync Premium Pro Ports 1x DisplayPort 2x HDMI 2x USB Type A 1x USB Type B 3.5mm headphones/speaker jack Accessories Included 1x IR Remote Controller 1x DisplayPort Cable 1x HDMI Cable 1x USB Type B Cable 1x AC Power Adapter with Connector Cable Bought it for ₹37000 Warranty remaining till November 2026. All the Original Accessories, Packaging Material, Manuals, Box and Bill are Included. Monitor is used with utmost care and in pristine new like condition and has no issues. Only used for first few months of purchase and is packed in the box as it is currently not being used. This Benq Mobiuz EX3210R Monitor has very good quality Speakers with Woofer (2.1) with IR remote control that rivals desktop speaker system and soundbars and can't be compared to other brands which have poor sound quality output or no speakers at all. It also has better build quality and ergonomic stand than most monitor brands. - Hard Disks, Printers & Monitors",23000,"[""/content/drive/MyDrive/olx_printer_dataset/images/printer_d498fa0a35/1.jpg"", ""/content/drive/MyDrive/olx_printer_dataset/images/printer_d498fa0a35/2.jpg"", ""/content/drive/MyDrive/olx_printer_dataset/images/printer_d498fa0a35/3.jpg"", ""/content/drive/MyDrive/olx_printer_dataset/images/printer_d498fa0a35/4.jpg"", ""/content/drive/MyDrive/olx_printer_dataset/images/printer_d498fa0a35/5.jpg"", ""/content/drive/MyDrive/olx_printer_dataset/images/printer_d498fa0a35/6.jpg"", ""/content/drive/MyDrive/olx_printer_dataset/images/printer_d498fa0a35/7.jpg"", ""/content/drive/MyDrive/olx_printer_dataset/images/printer_d498fa0a35/8.jpg""]",8,2025-12-07 15:14:17.694430
printer_70ac1e340b,https://www.olx.in/item/hard-disks-printers-monitors-c1509-hp-smart-tank-529-in-rajopatti-sitamarhi-iid-1828560480,HP SMART TANK 529,"A ORIGINAL HP PRINTER WITH 100% ORIGINAL BILL FORM FLIPKART. - Hard Disks, Printers & Monitors",6099,"[""/content/drive/MyDrive/olx_printer_dataset/images/printer_70ac1e340b/1.jpg"", ""/content/drive/MyDrive/olx_printer_dataset/images/printer_70ac1e340b/2.jpg"", ""/content/drive/MyDrive/olx_printer_dataset/images/printer_70ac1e340b/3.jpg"", ""/content/drive/MyDrive/olx_printer_dataset/images/printer_70ac1e340b/4.jpg"", ""/content/drive/MyDrive/olx_printer_dataset/images/printer_70ac1e340b/5.jpg"", ""/content/drive/MyDrive/olx_printer_dataset/images/printer_70ac1e340b/6.jpg"", ""/content/drive/MyDrive/olx_printer_dataset/images/printer_70ac1e340b/7.jpg"", ""/content/drive/MyDrive/olx_printer_dataset/images/printer_70ac1e340b/8.jpg""]",8,2025-12-07 15:14:24.275721
printer_b39697fccd,https://www.olx.in/item/hard-disks-printers-monitors-c1509-zebra-thermal-printer-gc420t-and-zd230-in-madhapur-hyderabad-iid-1828290349,Zebra thermal printer gc420t and zd230,"2 Zebra gc420t and 230 thermal printer, good condition with adaptor and cable - Hard Disks, Printers & Monitors",19000,"[""/content/drive/MyDrive/olx_printer_dataset/images/printer_b39697fccd/1.jpg"", ""/content/drive/MyDrive/olx_printer_dataset/images/printer_b39697fccd/2.jpg"", ""/content/drive/MyDrive/olx_printer_dataset/images/printer_b39697fccd/3.jpg"", ""/content/drive/MyDrive/olx_printer_dataset/images/printer_b39697fccd/4.jpg"", ""/content/drive/MyDrive/olx_printer_dataset/images/printer_b39697fccd/5.jpg"", ""/content/drive/MyDrive/olx_printer_dataset/images/printer_b39697fccd/6.jpg"", ""/content/drive/MyDrive/olx_printer_dataset/images/printer_b39697fccd/7.jpg"", ""/content/drive/MyDrive/olx_printer_dataset/images/printer_b39697fccd/8.jpg""]",8,2025-12-07 15:15:55.270313
printer_63b4ef5346,https://www.olx.in/item/hard-disks-printers-monitors-c1509-hp-desksjet-f-2418-in-new-azad-hind-chowk-nagpur-iid-1826422354,HP desksjet  F 2418,"chalu condition mein hai Papar print nahi ho raha hai - Hard Disks, Printers & Monitors",500,"[""/content/drive/MyDrive/olx_printer_dataset/images/printer_63b4ef5346/1.jpg"", ""/content/drive/MyDrive/olx_printer_dataset/images/printer_63b4ef5346/2.jpg"", ""/content/drive/MyDrive/olx_printer_dataset/images/printer_63b4ef5346/3.jpg"", ""/content/drive/MyDrive/olx_printer_dataset/images/printer_63b4ef5346/4.jpg"", ""/content/drive/MyDrive/olx_printer_dataset/images/printer_63b4ef5346/5.jpg"", ""/content/drive/MyDrive/olx_printer_dataset/images/printer_63b4ef5346/6.jpg"", ""/content/drive/MyDrive/olx_printer_dataset/images/printer_63b4ef5346/7.jpg"", ""/content/drive/MyDrive/olx_printer_dataset/images/printer_63b4ef5346/8.jpg""]",8,2025-12-07 15:16:02.276967
printer_f9482ecd50,https://www.olx.in/item/hard-disks-printers-monitors-c1509-power-bank-for-sale-colour-white-in-jamalpur-kalan-haridwar-iid-1828561012,Power bank for sale colour white,"We are coming the shop and shifted to a new house - Hard Disks, Printers & Monitors",400,"[""/content/drive/MyDrive/olx_printer_dataset/images/printer_f9482ecd50/1.jpg"", ""/content/drive/MyDrive/olx_printer_dataset/images/printer_f9482ecd50/2.jpg"", ""/content/drive/MyDrive/olx_printer_dataset/images/printer_f9482ecd50/3.jpg"", ""/content/drive/MyDrive/olx_printer_dataset/images/printer_f9482ecd50/4.jpg"", ""/content/drive/MyDrive/olx_printer_dataset/images/printer_f9482ecd50/5.jpg"", ""/content/drive/MyDrive/olx_printer_dataset/images/printer_f9482ecd50/6.jpg"", ""/content/drive/MyDrive/olx_printer_dataset/images/printer_f9482ecd50/7.jpg"", ""/content/drive/MyDrive/olx_printer_dataset/images/printer_f9482ecd50/8.jpg""]",8,2025-12-07 15:17:32.608461
printer_daafda4fce,https://www.olx.in/item/hard-disks-printers-monitors-c1509-epson-printer-l3210-eco-tank-in-kamarajapuram-colony-sivakasi-iid-1828561140,Epson printer L3210 Eco tank,"L3210 enpson printer with box and bill available brand new condition color printing also supported with 4 ink bottle available price is negotiable - Hard Disks, Printers & Monitors",10000,"[""/content/drive/MyDrive/olx_printer_dataset/images/printer_daafda4fce/1.jpg"", ""/content/drive/MyDrive/olx_printer_dataset/images/printer_daafda4fce/2.jpg"", ""/content/drive/MyDrive/olx_printer_dataset/images/printer_daafda4fce/3.jpg"", ""/content/drive/MyDrive/olx_printer_dataset/images/printer_daafda4fce/4.jpg"", ""/content/drive/MyDrive/olx_printer_dataset/images/printer_daafda4fce/5.jpg"", ""/content/drive/MyDrive/olx_printer_dataset/images/printer_daafda4fce/6.jpg"", ""/content/drive/MyDrive/olx_printer_dataset/images/printer_daafda4fce/7.jpg"", ""/content/drive/MyDrive/olx_printer_dataset/images/printer_daafda4fce/8.jpg""]",8,2025-12-07 15:18:20.115727
printer_35665ede94,https://www.olx.in/item/hard-disks-printers-monitors-c1509-15171924-led-monitor-sale-in-kajupada-mumbai-iid-1828562821,15.17.19.24 LED monitor sale,"15 17 19 24 LED monitor sale God and walking condition looking very nice 15 inch ₹1200 16 inch ₹1400 17 inch ₹ 1600 19 inch ₹2000 24 inch ₹ 4500 Dell IPS monitor - Hard Disks, Printers & Monitors",1200,"[""/content/drive/MyDrive/olx_printer_dataset/images/printer_35665ede94/1.jpg"", ""/content/drive/MyDrive/olx_printer_dataset/images/printer_35665ede94/2.jpg"", ""/content/drive/MyDrive/olx_printer_dataset/images/printer_35665ede94/3.jpg"", ""/content/drive/MyDrive/olx_printer_dataset/images/printer_35665ede94/4.jpg"", ""/content/drive/MyDrive/olx_printer_dataset/images/printer_35665ede94/5.jpg"", ""/content/drive/MyDrive/olx_printer_dataset/images/printer_35665ede94/6.jpg"", ""/content/drive/MyDrive/olx_printer_dataset/images/printer_35665ede94/7.jpg"", ""/content/drive/MyDrive/olx_printer_dataset/images/printer_35665ede94/8.jpg""]",8,2025-12-07 15:21:22.759438
printer_6c776b1222,https://www.olx.in/item/hard-disks-printers-monitors-c1509-hard-disk-1tb-in-rishi-nagar-ujjain-iid-1819870898,Hard disk 1tb,"1 tb hard disk western digital just like a new - Hard Disks, Printers & Monitors",2000,"[""/content/drive/MyDrive/olx_printer_dataset/images/printer_6c776b1222/1.jpg"", ""/content/drive/MyDrive/olx_printer_dataset/images/printer_6c776b1222/2.jpg"", ""/content/drive/MyDrive/olx_printer_dataset/images/printer_6c776b1222/3.jpg"", ""/content/drive/MyDrive/olx_printer_dataset/images/printer_6c776b1222/4.jpg"", ""/content/drive/MyDrive/olx_printer_dataset/images/printer_6c776b1222/5.jpg"", ""/content/drive/MyDrive/olx_printer_dataset/images/printer_6c776b1222/6.jpg"", ""/content/drive/MyDrive/olx_printer_dataset/images/printer_6c776b1222/7.jpg"", ""/content/drive/MyDrive/olx_printer_dataset/images/printer_6c776b1222/8.jpg""]",8,2025-12-07 15:21:38.445772
printer_eca9c5dcce,https://www.olx.in/item/hard-disks-printers-monitors-c1509-samsung-monitor-exchange-available-with-any-thing-in-bhayandar-east-mumbai-iid-1828553618,Samsung Monitor  Exchange Available with any thing,"Samsung Monitor Exchange Available with Anything - Hard Disks, Printers & Monitors",1500,"[""/content/drive/MyDrive/olx_printer_dataset/images/printer_eca9c5dcce/1.jpg"", ""/content/drive/MyDrive/olx_printer_dataset/images/printer_eca9c5dcce/2.jpg"", ""/content/drive/MyDrive/olx_printer_dataset/images/printer_eca9c5dcce/3.jpg"", ""/content/drive/MyDrive/olx_printer_dataset/images/printer_eca9c5dcce/4.jpg"", ""/content/drive/MyDrive/olx_printer_dataset/images/printer_eca9c5dcce/5.jpg"", ""/content/drive/MyDrive/olx_printer_dataset/images/printer_eca9c5dcce/6.jpg"", ""/content/drive/MyDrive/olx_printer_dataset/images/printer_eca9c5dcce/7.jpg"", ""/content/drive/MyDrive/olx_printer_dataset/images/printer_eca9c5dcce/8.jpg""]",8,2025-12-07 15:23:53.411088
printer_31605a1038,https://www.olx.in/item/hard-disks-printers-monitors-c1509-kyocera-m3540dn-xerox-machine-in-chandivali-mumbai-iid-1795660670,Kyocera M3540dn xerox machine,"Speed Monochrome Up to 40ppm Mono Print Printer Resolution 1200dpi Print Double Sided Printing Automatic Double Sided Printing First Page As fast as 9 Seconds First page Product Group Output A4 - Hard Disks, Printers & Monitors",25000,"[""/content/drive/MyDrive/olx_printer_dataset/images/printer_31605a1038/1.jpg"", ""/content/drive/MyDrive/olx_printer_dataset/images/printer_31605a1038/2.jpg"", ""/content/drive/MyDrive/olx_printer_dataset/images/printer_31605a1038/3.jpg"", ""/content/drive/MyDrive/olx_printer_dataset/images/printer_31605a1038/4.jpg"", ""/content/drive/MyDrive/olx_printer_dataset/images/printer_31605a1038/5.jpg"", ""/content/drive/MyDrive/olx_printer_dataset/images/printer_31605a1038/6.jpg"", ""/content/drive/MyDrive/olx_printer_dataset/images/printer_31605a1038/7.jpg"", ""/content/drive/MyDrive/olx_printer_dataset/images/printer_31605a1038/8.jpg""]",8,2025-12-07 15:25:22.324888
printer_1427ec06c0,https://www.olx.in/item/hard-disks-printers-monitors-c1509-hp-m-1136-laser-printer-in-sirsalpura-bhind-iid-1826895245,Hp m 1136 laser printer,"All in one laserjet printer - Hard Disks, Printers & Monitors",8800,"[""/content/drive/MyDrive/olx_printer_dataset/images/printer_1427ec06c0/1.jpg"", ""/content/drive/MyDrive/olx_printer_dataset/images/printer_1427ec06c0/2.jpg"", ""/content/drive/MyDrive/olx_printer_dataset/images/printer_1427ec06c0/3.jpg"", ""/content/drive/MyDrive/olx_printer_dataset/images/printer_1427ec06c0/4.jpg"", ""/content/drive/MyDrive/olx_printer_dataset/images/printer_1427ec06c0/5.jpg"", ""/content/drive/MyDrive/olx_printer_dataset/images/printer_1427ec06c0/6.jpg"", ""/content/drive/MyDrive/olx_printer_dataset/images/printer_1427ec06c0/7.jpg"", ""/content/drive/MyDrive/olx_printer_dataset/images/printer_1427ec06c0/8.jpg""]",8,2025-12-07 15:26:52.602696
printer_11ed361b5b,https://www.olx.in/item/hard-disks-printers-monitors-c1509-wd-black-p10-game-drive-4tb-in-hengerabari-guwahati-iid-1826696813,Wd black p10 game drive 4tb,"Wd black p10 game drive 4tb 2 years old - Hard Disks, Printers & Monitors",8000,"[""/content/drive/MyDrive/olx_printer_dataset/images/printer_11ed361b5b/1.jpg"", ""/content/drive/MyDrive/olx_printer_dataset/images/printer_11ed361b5b/2.jpg"", ""/content/drive/MyDrive/olx_printer_dataset/images/printer_11ed361b5b/3.jpg"", ""/content/drive/MyDrive/olx_printer_dataset/images/printer_11ed361b5b/4.jpg"", ""/content/drive/MyDrive/olx_printer_dataset/images/printer_11ed361b5b/5.jpg"", ""/content/drive/MyDrive/olx_printer_dataset/images/printer_11ed361b5b/6.jpg"", ""/content/drive/MyDrive/olx_printer_dataset/images/printer_11ed361b5b/7.jpg"", ""/content/drive/MyDrive/olx_printer_dataset/images/printer_11ed361b5b/8.jpg""]",8,2025-12-07 15:27:41.325662
printer_f0195a259c,https://www.olx.in/item/hard-disks-printers-monitors-c1509-netgear-8-port-gigabit-ethernet-unmanaged-poe-switch-gs108pp-in-chetpet-mangalapuram-chennai-iid-1828557179,NETGEAR 8-Port Gigabit Ethernet Unmanaged PoE Switch (GS108PP),"Working Condition And Good To See as New one - Hard Disks, Printers & Monitors",6000,"[""/content/drive/MyDrive/olx_printer_dataset/images/printer_f0195a259c/1.jpg"", ""/content/drive/MyDrive/olx_printer_dataset/images/printer_f0195a259c/2.jpg"", ""/content/drive/MyDrive/olx_printer_dataset/images/printer_f0195a259c/3.jpg"", ""/content/drive/MyDrive/olx_printer_dataset/images/printer_f0195a259c/4.jpg"", ""/content/drive/MyDrive/olx_printer_dataset/images/printer_f0195a259c/5.jpg"", ""/content/drive/MyDrive/olx_printer_dataset/images/printer_f0195a259c/6.jpg"", ""/content/drive/MyDrive/olx_printer_dataset/images/printer_f0195a259c/7.jpg"", ""/content/drive/MyDrive/olx_printer_dataset/images/printer_f0195a259c/8.jpg""]",8,2025-12-07 15:29:11.428920
printer_04fe060742,https://www.olx.in/item/hard-disks-printers-monitors-c1509-canon-2925-in-baldev-nagar-barmer-iid-1828553111,Canon 2925,"Canon 2925ir 6 lack print out - Hard Disks, Printers & Monitors",95000,"[""/content/drive/MyDrive/olx_printer_dataset/images/printer_04fe060742/1.jpg"", ""/content/drive/MyDrive/olx_printer_dataset/images/printer_04fe060742/2.jpg"", ""/content/drive/MyDrive/olx_printer_dataset/images/printer_04fe060742/3.jpg"", ""/content/drive/MyDrive/olx_printer_dataset/images/printer_04fe060742/4.jpg"", ""/content/drive/MyDrive/olx_printer_dataset/images/printer_04fe060742/5.jpg"", ""/content/drive/MyDrive/olx_printer_dataset/images/printer_04fe060742/6.jpg"", ""/content/drive/MyDrive/olx_printer_dataset/images/printer_04fe060742/7.jpg"", ""/content/drive/MyDrive/olx_printer_dataset/images/printer_04fe060742/8.jpg""]",8,2025-12-07 15:29:58.695506
printer_d3efc19be0,https://www.olx.in/item/hard-disks-printers-monitors-c1509-hp-24-inch-led-monitor-in-good-working-condition-black-patch-on-screen-in-arakere-bengaluru-iid-1827354909,Hp 24 inch LED monitor in good working condition black patch on screen,"Hp 24 inch LED monitor in good working condition black patches on the screen (Hdmi and vga port available) & (Without stand it can be Wall mounted) - Hard Disks, Printers & Monitors",1200,"[""/content/drive/MyDrive/olx_printer_dataset/images/printer_d3efc19be0/1.jpg"", ""/content/drive/MyDrive/olx_printer_dataset/images/printer_d3efc19be0/2.jpg"", ""/content/drive/MyDrive/olx_printer_dataset/images/printer_d3efc19be0/3.jpg"", ""/content/drive/MyDrive/olx_printer_dataset/images/printer_d3efc19be0/4.jpg"", ""/content/drive/MyDrive/olx_printer_dataset/images/printer_d3efc19be0/5.jpg"", ""/content/drive/MyDrive/olx_printer_dataset/images/printer_d3efc19be0/6.jpg"", ""/content/drive/MyDrive/olx_printer_dataset/images/printer_d3efc19be0/7.jpg"", ""/content/drive/MyDrive/olx_printer_dataset/images/printer_d3efc19be0/8.jpg"", ""/content/drive/MyDrive/olx_printer_dataset/images/printer_d3efc19be0/9.jpg""]",9,2025-12-07 15:30:46.637710
printer_cbd2b807aa,https://www.olx.in/item/hard-disks-printers-monitors-c1509-hp-laserjet-p1108-in-vani-vihar-bhubaneshwar-iid-1828552020,Hp laserjet p1108,"Hp printer - Hard Disks, Printers & Monitors",6500,"[""/content/drive/MyDrive/olx_printer_dataset/images/printer_cbd2b807aa/1.jpg"", ""/content/drive/MyDrive/olx_printer_dataset/images/printer_cbd2b807aa/2.jpg"", ""/content/drive/MyDrive/olx_printer_dataset/images/printer_cbd2b807aa/3.jpg"", ""/content/drive/MyDrive/olx_printer_dataset/images/printer_cbd2b807aa/4.jpg"", ""/content/drive/MyDrive/olx_printer_dataset/images/printer_cbd2b807aa/5.jpg"", ""/content/drive/MyDrive/olx_printer_dataset/images/printer_cbd2b807aa/6.jpg"", ""/content/drive/MyDrive/olx_printer_dataset/images/printer_cbd2b807aa/7.jpg"", ""/content/drive/MyDrive/olx_printer_dataset/images/printer_cbd2b807aa/8.jpg"", ""/content/drive/MyDrive/olx_printer_dataset/images/printer_cbd2b807aa/9.jpg"", ""/content/drive/MyDrive/olx_printer_dataset/images/printer_cbd2b807aa/10.jpg"", ""/content/drive/MyDrive/olx_printer_dataset/images/printer_cbd2b807aa/11.jpg"", ""/content/drive/MyDrive/olx_printer_dataset/images/printer_cbd2b807aa/12.jpg"", ""/content/drive/MyDrive/olx_printer_dataset/images/printer_cbd2b807aa/13.jpg"", ""/content/drive/MyDrive/olx_printer_dataset/images/printer_cbd2b807aa/14.jpg""]",14,2025-12-07 15:31:36.746641
printer_56dd83d51a,https://www.olx.in/item/hard-disks-printers-monitors-c1509-note-counting-machine-in-tamer-para-durg-iid-1828555289,Note counting machine,"Note counting machine - Hard Disks, Printers & Monitors",2500,"[""/content/drive/MyDrive/olx_printer_dataset/images/printer_56dd83d51a/1.jpg"", ""/content/drive/MyDrive/olx_printer_dataset/images/printer_56dd83d51a/2.jpg"", ""/content/drive/MyDrive/olx_printer_dataset/images/printer_56dd83d51a/3.jpg"", ""/content/drive/MyDrive/olx_printer_dataset/images/printer_56dd83d51a/4.jpg"", ""/content/drive/MyDrive/olx_printer_dataset/images/printer_56dd83d51a/5.jpg"", ""/content/drive/MyDrive/olx_printer_dataset/images/printer_56dd83d51a/6.jpg"", ""/content/drive/MyDrive/olx_printer_dataset/images/printer_56dd83d51a/7.jpg"", ""/content/drive/MyDrive/olx_printer_dataset/images/printer_56dd83d51a/8.jpg""]",8,2025-12-07 15:32:25.221651
printer_9238ed40c0,https://www.olx.in/item/hard-disks-printers-monitors-c1509-sparingly-used-asus-proart-279crv-in-kodihalli-bengaluru-iid-1827717740,Sparingly used Asus Proart 279crv,"Sparingly used asus 4k monitor. Less than a month due to relocation - Hard Disks, Printers & Monitors",29000,"[""/content/drive/MyDrive/olx_printer_dataset/images/printer_9238ed40c0/1.jpg"", ""/content/drive/MyDrive/olx_printer_dataset/images/printer_9238ed40c0/2.jpg"", ""/content/drive/MyDrive/olx_printer_dataset/images/printer_9238ed40c0/3.jpg"", ""/content/drive/MyDrive/olx_printer_dataset/images/printer_9238ed40c0/4.jpg"", ""/content/drive/MyDrive/olx_printer_dataset/images/printer_9238ed40c0/5.jpg"", ""/content/drive/MyDrive/olx_printer_dataset/images/printer_9238ed40c0/6.jpg"", ""/content/drive/MyDrive/olx_printer_dataset/images/printer_9238ed40c0/7.jpg"", ""/content/drive/MyDrive/olx_printer_dataset/images/printer_9238ed40c0/8.jpg""]",8,2025-12-07 15:36:07.828807
printer_9575aba73b,https://www.olx.in/item/hard-disks-printers-monitors-c1509-epson-perfection-v33-flatbed-scanner-fully-working-condition-in-sembakkam-thirumalai-nagar-chennai-iid-1828552684,Epson Perfection V33 Flatbed Scanner-Fully Working Condition,"Looking to sell my Epson V33 scanner. It works perfectly and is ideal for document scanning, photo scanning, ID card scanning, and general home or office use. Features include high-quality 4800 dpi scanning, fast and smooth operation, clear scanning glass, and easy plug-and-play USB connectivity. The scanner is in fully working condition with no issues. It has normal usage marks on the body as shown in the photos. Price negotiable. DM for a quick deal. Reason for sale: Not using it anymore. - Hard Disks, Printers & Monitors",2500,"[""/content/drive/MyDrive/olx_printer_dataset/images/printer_9575aba73b/1.jpg"", ""/content/drive/MyDrive/olx_printer_dataset/images/printer_9575aba73b/2.jpg"", ""/content/drive/MyDrive/olx_printer_dataset/images/printer_9575aba73b/3.jpg"", ""/content/drive/MyDrive/olx_printer_dataset/images/printer_9575aba73b/4.jpg"", ""/content/drive/MyDrive/olx_printer_dataset/images/printer_9575aba73b/5.jpg"", ""/content/drive/MyDrive/olx_printer_dataset/images/printer_9575aba73b/6.jpg"", ""/content/drive/MyDrive/olx_printer_dataset/images/printer_9575aba73b/7.jpg"", ""/content/drive/MyDrive/olx_printer_dataset/images/printer_9575aba73b/8.jpg""]",8,2025-12-07 15:36:55.708280
printer_cb24660d30,https://www.olx.in/item/hard-disks-printers-monitors-c1509-dell-22-inch-lcd-monitor-in-good-working-condition-light-scratches-in-arakere-bengaluru-iid-1827352924,Dell 22 inch LCD monitor in good working condition light scratches,"Dell 22 inch LCD monitor in good working condition light scratches on the screen (Dvi and vga port available) & (Without stand it can be Wall mounted) - Hard Disks, Printers & Monitors",2000,"[""/content/drive/MyDrive/olx_printer_dataset/images/printer_cb24660d30/1.jpg"", ""/content/drive/MyDrive/olx_printer_dataset/images/printer_cb24660d30/2.jpg"", ""/content/drive/MyDrive/olx_printer_dataset/images/printer_cb24660d30/3.jpg"", ""/content/drive/MyDrive/olx_printer_dataset/images/printer_cb24660d30/4.jpg"", ""/content/drive/MyDrive/olx_printer_dataset/images/printer_cb24660d30/5.jpg"", ""/content/drive/MyDrive/olx_printer_dataset/images/printer_cb24660d30/6.jpg"", ""/content/drive/MyDrive/olx_printer_dataset/images/printer_cb24660d30/7.jpg"", ""/content/drive/MyDrive/olx_printer_dataset/images/printer_cb24660d30/8.jpg"", ""/content/drive/MyDrive/olx_printer_dataset/images/printer_cb24660d30/9.jpg""]",9,2025-12-07 15:37:03.057874
printer_0d3074b47e,https://www.olx.in/item/hard-disks-printers-monitors-c1509-3d-printer-ender-3-v2-fully-upgraded-in-sector-69-gurgaon-iid-1828553640,3D printer : Ender 3 v2 fully upgraded,"Ender 3 v2 3d printer, with Creality auto level sensor and z axis motor available for sale in sector 69. 100% working. Comes with Creality CR touch price 4500, Creality dual z axis upgrade kit worth 5000. - Hard Disks, Printers & Monitors",10000,"[""/content/drive/MyDrive/olx_printer_dataset/images/printer_0d3074b47e/1.jpg"", ""/content/drive/MyDrive/olx_printer_dataset/images/printer_0d3074b47e/2.jpg"", ""/content/drive/MyDrive/olx_printer_dataset/images/printer_0d3074b47e/3.jpg"", ""/content/drive/MyDrive/olx_printer_dataset/images/printer_0d3074b47e/4.jpg"", ""/content/drive/MyDrive/olx_printer_dataset/images/printer_0d3074b47e/5.jpg"", ""/content/drive/MyDrive/olx_printer_dataset/images/printer_0d3074b47e/6.jpg"", ""/content/drive/MyDrive/olx_printer_dataset/images/printer_0d3074b47e/7.jpg"", ""/content/drive/MyDrive/olx_printer_dataset/images/printer_0d3074b47e/8.jpg""]",8,2025-12-07 15:37:11.656322
printer_5912670df9,https://www.olx.in/item/hard-disks-printers-monitors-c1509-hp-laser-mfp-136w-in-roop-nagar-hansi-iid-1828553929,Hp laser MFP 136w,"Printer selling. Price km jyada kr skte h - Hard Disks, Printers & Monitors",11000,"[""/content/drive/MyDrive/olx_printer_dataset/images/printer_5912670df9/1.jpg"", ""/content/drive/MyDrive/olx_printer_dataset/images/printer_5912670df9/2.jpg"", ""/content/drive/MyDrive/olx_printer_dataset/images/printer_5912670df9/3.jpg"", ""/content/drive/MyDrive/olx_printer_dataset/images/printer_5912670df9/4.jpg"", ""/content/drive/MyDrive/olx_printer_dataset/images/printer_5912670df9/5.jpg"", ""/content/drive/MyDrive/olx_printer_dataset/images/printer_5912670df9/6.jpg"", ""/content/drive/MyDrive/olx_printer_dataset/images/printer_5912670df9/7.jpg"", ""/content/drive/MyDrive/olx_printer_dataset/images/printer_5912670df9/8.jpg""]",8,2025-12-07 15:37:57.829757
printer_033732fe86,https://www.olx.in/item/hard-disks-printers-monitors-c1509-hp-printer-ink-colour-bottle-in-nandala-padu-tadpatri-iid-1828555912,Hp printer ink colour bottle,"Braned bottlee.. - Hard Disks, Printers & Monitors",2500,"[""/content/drive/MyDrive/olx_printer_dataset/images/printer_033732fe86/1.jpg"", ""/content/drive/MyDrive/olx_printer_dataset/images/printer_033732fe86/2.jpg"", ""/content/drive/MyDrive/olx_printer_dataset/images/printer_033732fe86/3.jpg"", ""/content/drive/MyDrive/olx_printer_dataset/images/printer_033732fe86/4.jpg"", ""/content/drive/MyDrive/olx_printer_dataset/images/printer_033732fe86/5.jpg"", ""/content/drive/MyDrive/olx_printer_dataset/images/printer_033732fe86/6.jpg"", ""/content/drive/MyDrive/olx_printer_dataset/images/printer_033732fe86/7.jpg"", ""/content/drive/MyDrive/olx_printer_dataset/images/printer_033732fe86/8.jpg""]",8,2025-12-07 15:38:08.889311
printer_d5c55f6e9c,https://www.olx.in/item/hard-disks-printers-monitors-c1509-plq-35-printer-brand-new-out-of-warranty-unused-printer-in-baraula-noida-iid-1827645915,PLQ 35 printer brand new out of warranty unused printer,"This is Epson PLQ 35 printer this printer is brand new condition absolutely mind blowing condition out of warranty noida location sector 49 hurry one peace remaining - Hard Disks, Printers & Monitors",19999,"[""/content/drive/MyDrive/olx_printer_dataset/images/printer_d5c55f6e9c/1.jpg"", ""/content/drive/MyDrive/olx_printer_dataset/images/printer_d5c55f6e9c/2.jpg"", ""/content/drive/MyDrive/olx_printer_dataset/images/printer_d5c55f6e9c/3.jpg"", ""/content/drive/MyDrive/olx_printer_dataset/images/printer_d5c55f6e9c/4.jpg"", ""/content/drive/MyDrive/olx_printer_dataset/images/printer_d5c55f6e9c/5.jpg"", ""/content/drive/MyDrive/olx_printer_dataset/images/printer_d5c55f6e9c/6.jpg"", ""/content/drive/MyDrive/olx_printer_dataset/images/printer_d5c55f6e9c/7.jpg"", ""/content/drive/MyDrive/olx_printer_dataset/images/printer_d5c55f6e9c/8.jpg""]",8,2025-12-07 15:38:56.478310
printer_9bb458e8ab,https://www.olx.in/item/hard-disks-printers-monitors-c1509-new-vertical-molding-machine-only-1-hours-running-new-brand-condition-in-sharafabad-noida-iid-1824112803,New vertical molding machine only 1 hours running new brand condition,"Bs kisi reason se ni chala paya ..jis bhai ko lena ho le jaye bilkul new h iske sath wire heater mold sb dedunga 1 year se rkha h ..msg wahi kre jisse lena he call ya MSG krk presan na kre ye maan lo ki jo bhai lega bilkul nya le rha h urgent sell Krna h - Hard Disks, Printers & Monitors",170000,"[""/content/drive/MyDrive/olx_printer_dataset/images/printer_9bb458e8ab/1.jpg"", ""/content/drive/MyDrive/olx_printer_dataset/images/printer_9bb458e8ab/2.jpg"", ""/content/drive/MyDrive/olx_printer_dataset/images/printer_9bb458e8ab/3.jpg"", ""/content/drive/MyDrive/olx_printer_dataset/images/printer_9bb458e8ab/4.jpg"", ""/content/drive/MyDrive/olx_printer_dataset/images/printer_9bb458e8ab/5.jpg"", ""/content/drive/MyDrive/olx_printer_dataset/images/printer_9bb458e8ab/6.jpg"", ""/content/drive/MyDrive/olx_printer_dataset/images/printer_9bb458e8ab/7.jpg"", ""/content/drive/MyDrive/olx_printer_dataset/images/printer_9bb458e8ab/8.jpg"", ""/content/drive/MyDrive/olx_printer_dataset/images/printer_9bb458e8ab/9.jpg"", ""/content/drive/MyDrive/olx_printer_dataset/images/printer_9bb458e8ab/10.jpg"", ""/content/drive/MyDrive/olx_printer_dataset/images/printer_9bb458e8ab/11.jpg"", ""/content/drive/MyDrive/olx_printer_dataset/images/printer_9bb458e8ab/12.jpg"", ""/content/drive/MyDrive/olx_printer_dataset/images/printer_9bb458e8ab/13.jpg"", ""/content/drive/MyDrive/olx_printer_dataset/images/printer_9bb458e8ab/14.jpg""]",14,2025-12-07 15:39:07.181709
printer_b0327e044c,https://www.olx.in/item/hard-disks-printers-monitors-c1509-canon-lbp-2900-b-use-for-office-and-home-use-in-milan-vaghasia-dhoraji-iid-1828555278,Canon LBP 2900 B  use for office and home use,"Not a requirement - Hard Disks, Printers & Monitors",8500,"[""/content/drive/MyDrive/olx_printer_dataset/images/printer_b0327e044c/1.jpg"", ""/content/drive/MyDrive/olx_printer_dataset/images/printer_b0327e044c/2.jpg"", ""/content/drive/MyDrive/olx_printer_dataset/images/printer_b0327e044c/3.jpg"", ""/content/drive/MyDrive/olx_printer_dataset/images/printer_b0327e044c/4.jpg"", ""/content/drive/MyDrive/olx_printer_dataset/images/printer_b0327e044c/5.jpg"", ""/content/drive/MyDrive/olx_printer_dataset/images/printer_b0327e044c/6.jpg"", ""/content/drive/MyDrive/olx_printer_dataset/images/printer_b0327e044c/7.jpg"", ""/content/drive/MyDrive/olx_printer_dataset/images/printer_b0327e044c/8.jpg""]",8,2025-12-07 15:39:57.944841
printer_9acc2dcb71,https://www.olx.in/item/hard-disks-printers-monitors-c1509-seagate-external-hard-disk-in-angammal-colony-salem-iid-1827190174,Seagate External Hard Disk,"1 tb external Hard disk Brand new condition - Hard Disks, Printers & Monitors",1550,"[""/content/drive/MyDrive/olx_printer_dataset/images/printer_9acc2dcb71/1.jpg"", ""/content/drive/MyDrive/olx_printer_dataset/images/printer_9acc2dcb71/2.jpg"", ""/content/drive/MyDrive/olx_printer_dataset/images/printer_9acc2dcb71/3.jpg"", ""/content/drive/MyDrive/olx_printer_dataset/images/printer_9acc2dcb71/4.jpg"", ""/content/drive/MyDrive/olx_printer_dataset/images/printer_9acc2dcb71/5.jpg"", ""/content/drive/MyDrive/olx_printer_dataset/images/printer_9acc2dcb71/6.jpg"", ""/content/drive/MyDrive/olx_printer_dataset/images/printer_9acc2dcb71/7.jpg"", ""/content/drive/MyDrive/olx_printer_dataset/images/printer_9acc2dcb71/8.jpg""]",8,2025-12-07 15:40:03.910743
printer_b830769ad4,https://www.olx.in/item/hard-disks-printers-monitors-c1509-epson-l1800-printer-motherboardlogic-board-in-fort-mumbai-iid-1827856692,EPSON L1800 PRINTER MOTHERBOARD/LOGIC BOARD,"BRAND NEW EPSON L1800 PRINTER MOTHERBOARD/LOGIC BOARDS for Epson Printers only 3 pcs available price is mentioned for 1 unit. Discount on Purchasing all units. - Hard Disks, Printers & Monitors",5200,"[""/content/drive/MyDrive/olx_printer_dataset/images/printer_b830769ad4/1.jpg"", ""/content/drive/MyDrive/olx_printer_dataset/images/printer_b830769ad4/2.jpg"", ""/content/drive/MyDrive/olx_printer_dataset/images/printer_b830769ad4/3.jpg"", ""/content/drive/MyDrive/olx_printer_dataset/images/printer_b830769ad4/4.jpg"", ""/content/drive/MyDrive/olx_printer_dataset/images/printer_b830769ad4/5.jpg"", ""/content/drive/MyDrive/olx_printer_dataset/images/printer_b830769ad4/6.jpg"", ""/content/drive/MyDrive/olx_printer_dataset/images/printer_b830769ad4/7.jpg"", ""/content/drive/MyDrive/olx_printer_dataset/images/printer_b830769ad4/8.jpg"", ""/content/drive/MyDrive/olx_printer_dataset/images/printer_b830769ad4/9.jpg"", ""/content/drive/MyDrive/olx_printer_dataset/images/printer_b830769ad4/10.jpg"", ""/content/drive/MyDrive/olx_printer_dataset/images/printer_b830769ad4/11.jpg"", ""/content/drive/MyDrive/olx_printer_dataset/images/printer_b830769ad4/12.jpg"", ""/content/drive/MyDrive/olx_printer_dataset/images/printer_b830769ad4/13.jpg"", ""/content/drive/MyDrive/olx_printer_dataset/images/printer_b830769ad4/14.jpg""]",14,2025-12-07 15:40:54.859117
printer_1701427ac0,https://www.olx.in/item/hard-disks-printers-monitors-c1509-printing-machine-in-dhanori-kheshe-park-pune-iid-1828552936,Printing machine,"5 in 1 Printing Machine (Coffee mug, caps, keychain, pillows,T-Shirt) with Sublimation Machine (Epson L805 Printer) - Hard Disks, Printers & Monitors",38000,"[""/content/drive/MyDrive/olx_printer_dataset/images/printer_1701427ac0/1.jpg"", ""/content/drive/MyDrive/olx_printer_dataset/images/printer_1701427ac0/2.jpg"", ""/content/drive/MyDrive/olx_printer_dataset/images/printer_1701427ac0/3.jpg"", ""/content/drive/MyDrive/olx_printer_dataset/images/printer_1701427ac0/4.jpg"", ""/content/drive/MyDrive/olx_printer_dataset/images/printer_1701427ac0/5.jpg"", ""/content/drive/MyDrive/olx_printer_dataset/images/printer_1701427ac0/6.jpg"", ""/content/drive/MyDrive/olx_printer_dataset/images/printer_1701427ac0/7.jpg"", ""/content/drive/MyDrive/olx_printer_dataset/images/printer_1701427ac0/8.jpg"", ""/content/drive/MyDrive/olx_printer_dataset/images/printer_1701427ac0/9.jpg"", ""/content/drive/MyDrive/olx_printer_dataset/images/printer_1701427ac0/10.jpg"", ""/content/drive/MyDrive/olx_printer_dataset/images/printer_1701427ac0/11.jpg"", ""/content/drive/MyDrive/olx_printer_dataset/images/printer_1701427ac0/12.jpg"", ""/content/drive/MyDrive/olx_printer_dataset/images/printer_1701427ac0/13.jpg"", ""/content/drive/MyDrive/olx_printer_dataset/images/printer_1701427ac0/14.jpg""]",14,2025-12-07 15:42:28.785451
printer_4e71c11541,https://www.olx.in/item/hard-disks-printers-monitors-c1509-hp-23-inch-lcd-monitor-in-good-working-condition-light-scratches-in-arakere-bengaluru-iid-1827353183,Hp 23 inch LCD monitor in good working condition light scratches,"Hp 23 inch LCD monitor in good working condition light scratches on the screen (Dvi and vga port available) & (Without stand it can be Wall mounted) - Hard Disks, Printers & Monitors",2300,"[""/content/drive/MyDrive/olx_printer_dataset/images/printer_4e71c11541/1.jpg"", ""/content/drive/MyDrive/olx_printer_dataset/images/printer_4e71c11541/2.jpg"", ""/content/drive/MyDrive/olx_printer_dataset/images/printer_4e71c11541/3.jpg"", ""/content/drive/MyDrive/olx_printer_dataset/images/printer_4e71c11541/4.jpg"", ""/content/drive/MyDrive/olx_printer_dataset/images/printer_4e71c11541/5.jpg"", ""/content/drive/MyDrive/olx_printer_dataset/images/printer_4e71c11541/6.jpg"", ""/content/drive/MyDrive/olx_printer_dataset/images/printer_4e71c11541/7.jpg"", ""/content/drive/MyDrive/olx_printer_dataset/images/printer_4e71c11541/8.jpg"", ""/content/drive/MyDrive/olx_printer_dataset/images/printer_4e71c11541/9.jpg""]",9,2025-12-07 15:42:37.393225
printer_7d624a5fa2,https://www.olx.in/item/hard-disks-printers-monitors-c1509-canon-4225-xerox-machine-in-ak-colony-harihar-iid-1828553478,Canon 4225 Xerox  machine,"Canon 4225 Xerox Machine with good condition - Hard Disks, Printers & Monitors",97000,"[""/content/drive/MyDrive/olx_printer_dataset/images/printer_7d624a5fa2/1.jpg"", ""/content/drive/MyDrive/olx_printer_dataset/images/printer_7d624a5fa2/2.jpg"", ""/content/drive/MyDrive/olx_printer_dataset/images/printer_7d624a5fa2/3.jpg"", ""/content/drive/MyDrive/olx_printer_dataset/images/printer_7d624a5fa2/4.jpg"", ""/content/drive/MyDrive/olx_printer_dataset/images/printer_7d624a5fa2/5.jpg"", ""/content/drive/MyDrive/olx_printer_dataset/images/printer_7d624a5fa2/6.jpg"", ""/content/drive/MyDrive/olx_printer_dataset/images/printer_7d624a5fa2/7.jpg"", ""/content/drive/MyDrive/olx_printer_dataset/images/printer_7d624a5fa2/8.jpg""]",8,2025-12-07 15:43:23.601085
printer_21b3d28274,https://www.olx.in/item/hard-disks-printers-monitors-c1509-dell-monitor-2723qe-in-nungambakkam-chennai-iid-1827053686,Dell Monitor 2723QE,"Excellent condition mid2023 model with original packaging and accessories - Hard Disks, Printers & Monitors",28000,"[""/content/drive/MyDrive/olx_printer_dataset/images/printer_21b3d28274/1.jpg"", ""/content/drive/MyDrive/olx_printer_dataset/images/printer_21b3d28274/2.jpg"", ""/content/drive/MyDrive/olx_printer_dataset/images/printer_21b3d28274/3.jpg"", ""/content/drive/MyDrive/olx_printer_dataset/images/printer_21b3d28274/4.jpg"", ""/content/drive/MyDrive/olx_printer_dataset/images/printer_21b3d28274/5.jpg"", ""/content/drive/MyDrive/olx_printer_dataset/images/printer_21b3d28274/6.jpg"", ""/content/drive/MyDrive/olx_printer_dataset/images/printer_21b3d28274/7.jpg"", ""/content/drive/MyDrive/olx_printer_dataset/images/printer_21b3d28274/8.jpg""]",8,2025-12-07 15:43:31.126310
printer_0b90eade08,https://www.olx.in/item/hard-disks-printers-monitors-c1509-memory-card-in-desom-kochi-iid-1828553946,Memory card,"512 gb extreme pro ultra memory card, unused - Hard Disks, Printers & Monitors",1784,"[""/content/drive/MyDrive/olx_printer_dataset/images/printer_0b90eade08/1.jpg"", ""/content/drive/MyDrive/olx_printer_dataset/images/printer_0b90eade08/2.jpg"", ""/content/drive/MyDrive/olx_printer_dataset/images/printer_0b90eade08/3.jpg"", ""/content/drive/MyDrive/olx_printer_dataset/images/printer_0b90eade08/4.jpg"", ""/content/drive/MyDrive/olx_printer_dataset/images/printer_0b90eade08/5.jpg"", ""/content/drive/MyDrive/olx_printer_dataset/images/printer_0b90eade08/6.jpg"", ""/content/drive/MyDrive/olx_printer_dataset/images/printer_0b90eade08/7.jpg"", ""/content/drive/MyDrive/olx_printer_dataset/images/printer_0b90eade08/8.jpg""]",8,2025-12-07 15:45:01.255632
printer_4bf42a467e,https://www.olx.in/item/hard-disks-printers-monitors-c1509-hp-m1213-mfp-printer-in-prajashakti-nagar-vijayawada-iid-1828555285,HP M1213 MFP Printer,"HP M1213 Printer in good condition - Hard Disks, Printers & Monitors",2500,"[""/content/drive/MyDrive/olx_printer_dataset/images/printer_4bf42a467e/1.jpg"", ""/content/drive/MyDrive/olx_printer_dataset/images/printer_4bf42a467e/2.jpg"", ""/content/drive/MyDrive/olx_printer_dataset/images/printer_4bf42a467e/3.jpg"", ""/content/drive/MyDrive/olx_printer_dataset/images/printer_4bf42a467e/4.jpg"", ""/content/drive/MyDrive/olx_printer_dataset/images/printer_4bf42a467e/5.jpg"", ""/content/drive/MyDrive/olx_printer_dataset/images/printer_4bf42a467e/6.jpg"", ""/content/drive/MyDrive/olx_printer_dataset/images/printer_4bf42a467e/7.jpg"", ""/content/drive/MyDrive/olx_printer_dataset/images/printer_4bf42a467e/8.jpg""]",8,2025-12-07 15:46:31.929905
printer_e79bad2b5b,https://www.olx.in/item/hard-disks-printers-monitors-c1509-hp-printer-1020-good-condition-a1-in-mansarovar-jaipur-iid-1818417339,HP printer 1020 good condition A1,"HD printer 1020 good condition - Hard Disks, Printers & Monitors",7500,"[""/content/drive/MyDrive/olx_printer_dataset/images/printer_e79bad2b5b/1.jpg"", ""/content/drive/MyDrive/olx_printer_dataset/images/printer_e79bad2b5b/2.jpg"", ""/content/drive/MyDrive/olx_printer_dataset/images/printer_e79bad2b5b/3.jpg"", ""/content/drive/MyDrive/olx_printer_dataset/images/printer_e79bad2b5b/4.jpg"", ""/content/drive/MyDrive/olx_printer_dataset/images/printer_e79bad2b5b/5.jpg"", ""/content/drive/MyDrive/olx_printer_dataset/images/printer_e79bad2b5b/6.jpg"", ""/content/drive/MyDrive/olx_printer_dataset/images/printer_e79bad2b5b/7.jpg"", ""/content/drive/MyDrive/olx_printer_dataset/images/printer_e79bad2b5b/8.jpg"", ""/content/drive/MyDrive/olx_printer_dataset/images/printer_e79bad2b5b/9.jpg"", ""/content/drive/MyDrive/olx_printer_dataset/images/printer_e79bad2b5b/10.jpg""]",10,2025-12-07 15:46:38.368263
printer_d48e9b5562,https://www.olx.in/item/hard-disks-printers-monitors-c1509-hp-laserjet-and-richo-sp100-printers-in-sekkadu-kamaraja-nagar-chennai-iid-1818346772,HP laserjet and Richo SP100 printers,"Very good condition HP laserjet and Richo sp 100 printers available. Only printer not a scanner. 5000 and 3500 only . Need to change caterage. - Hard Disks, Printers & Monitors",5000,"[""/content/drive/MyDrive/olx_printer_dataset/images/printer_d48e9b5562/1.jpg"", ""/content/drive/MyDrive/olx_printer_dataset/images/printer_d48e9b5562/2.jpg"", ""/content/drive/MyDrive/olx_printer_dataset/images/printer_d48e9b5562/3.jpg"", ""/content/drive/MyDrive/olx_printer_dataset/images/printer_d48e9b5562/4.jpg"", ""/content/drive/MyDrive/olx_printer_dataset/images/printer_d48e9b5562/5.jpg"", ""/content/drive/MyDrive/olx_printer_dataset/images/printer_d48e9b5562/6.jpg"", ""/content/drive/MyDrive/olx_printer_dataset/images/printer_d48e9b5562/7.jpg"", ""/content/drive/MyDrive/olx_printer_dataset/images/printer_d48e9b5562/8.jpg""]",8,2025-12-07 15:47:31.369530
printer_c3444e270b,https://www.olx.in/item/hard-disks-printers-monitors-c1509-non-working-hard-disks-internal-and-external-in-tolichowki-hyderabad-iid-1827876698,Non working Hard Disks internal and external,"12 nos Not working hard disk internal & External. Plz massage if - Hard Disks, Printers & Monitors",150,"[""/content/drive/MyDrive/olx_printer_dataset/images/printer_c3444e270b/1.jpg"", ""/content/drive/MyDrive/olx_printer_dataset/images/printer_c3444e270b/2.jpg"", ""/content/drive/MyDrive/olx_printer_dataset/images/printer_c3444e270b/3.jpg"", ""/content/drive/MyDrive/olx_printer_dataset/images/printer_c3444e270b/4.jpg"", ""/content/drive/MyDrive/olx_printer_dataset/images/printer_c3444e270b/5.jpg"", ""/content/drive/MyDrive/olx_printer_dataset/images/printer_c3444e270b/6.jpg"", ""/content/drive/MyDrive/olx_printer_dataset/images/printer_c3444e270b/7.jpg"", ""/content/drive/MyDrive/olx_printer_dataset/images/printer_c3444e270b/8.jpg""]",8,2025-12-07 15:47:38.142829
printer_37d1fd7491,https://www.olx.in/item/hard-disks-printers-monitors-c1509-splashjet-sublimation-ink-for-epson-heat-transfer-printing-in-kakraihia-tirwaganj-iid-1828554692,Splashjet Sublimation Ink for Epson - Heat Transfer Printing,"This is Compatible replacement ink. All company names and logos are registered trademarks of their respective owners. Their use does not imply any affiliation with or endorsement by them. Note : This is NOT a Regular Document printing ink but a special Sublimation ink used only for sublimation heat transfer printing Heat transfer sublimation ink for Transfer Printing on Polyester Tshirts, Mugs, Ceramics, Mobile Covers and all polyster coated sublimation blanks like MDF, lanyards, masks, photo frames, cushions, Stones Etc. - Hard Disks, Printers & Monitors",899,"[""/content/drive/MyDrive/olx_printer_dataset/images/printer_37d1fd7491/1.jpg"", ""/content/drive/MyDrive/olx_printer_dataset/images/printer_37d1fd7491/2.jpg"", ""/content/drive/MyDrive/olx_printer_dataset/images/printer_37d1fd7491/3.jpg"", ""/content/drive/MyDrive/olx_printer_dataset/images/printer_37d1fd7491/4.jpg"", ""/content/drive/MyDrive/olx_printer_dataset/images/printer_37d1fd7491/5.jpg"", ""/content/drive/MyDrive/olx_printer_dataset/images/printer_37d1fd7491/6.jpg"", ""/content/drive/MyDrive/olx_printer_dataset/images/printer_37d1fd7491/7.jpg"", ""/content/drive/MyDrive/olx_printer_dataset/images/printer_37d1fd7491/8.jpg""]",8,2025-12-07 15:47:48.572848
printer_8b2ee7fec9,https://www.olx.in/item/hard-disks-printers-monitors-c1509-hp-ink-tank-315-in-baghwali-colony-ghaziabad-iid-1828555274,HP ink tank 315,"HP ink tank 315 printer in working condition, both colour and black and white working - Hard Disks, Printers & Monitors",6500,"[""/content/drive/MyDrive/olx_printer_dataset/images/printer_8b2ee7fec9/1.jpg"", ""/content/drive/MyDrive/olx_printer_dataset/images/printer_8b2ee7fec9/2.jpg"", ""/content/drive/MyDrive/olx_printer_dataset/images/printer_8b2ee7fec9/3.jpg"", ""/content/drive/MyDrive/olx_printer_dataset/images/printer_8b2ee7fec9/4.jpg"", ""/content/drive/MyDrive/olx_printer_dataset/images/printer_8b2ee7fec9/5.jpg"", ""/content/drive/MyDrive/olx_printer_dataset/images/printer_8b2ee7fec9/6.jpg"", ""/content/drive/MyDrive/olx_printer_dataset/images/printer_8b2ee7fec9/7.jpg"", ""/content/drive/MyDrive/olx_printer_dataset/images/printer_8b2ee7fec9/8.jpg""]",8,2025-12-07 15:47:54.446480
printer_e2ac5babfd,https://www.olx.in/item/hard-disks-printers-monitors-c1509-t-shirt-printing-machine-with-printer-in-ghola-agarpara-kolkata-iid-1828553331,T shirt printing machine with printer,"T shirt,cap and mug printing machine with Epson printer - Hard Disks, Printers & Monitors",20000,"[""/content/drive/MyDrive/olx_printer_dataset/images/printer_e2ac5babfd/1.jpg"", ""/content/drive/MyDrive/olx_printer_dataset/images/printer_e2ac5babfd/2.jpg"", ""/content/drive/MyDrive/olx_printer_dataset/images/printer_e2ac5babfd/3.jpg"", ""/content/drive/MyDrive/olx_printer_dataset/images/printer_e2ac5babfd/4.jpg"", ""/content/drive/MyDrive/olx_printer_dataset/images/printer_e2ac5babfd/5.jpg"", ""/content/drive/MyDrive/olx_printer_dataset/images/printer_e2ac5babfd/6.jpg"", ""/content/drive/MyDrive/olx_printer_dataset/images/printer_e2ac5babfd/7.jpg"", ""/content/drive/MyDrive/olx_printer_dataset/images/printer_e2ac5babfd/8.jpg""]",8,2025-12-07 15:47:59.291869
printer_3031fc3e5b,https://www.olx.in/item/hard-disks-printers-monitors-c1509-mini-dj-sound-in-ting-pather-narayanpet-iid-1828557979,Mini dj sound,"Sound is by Rishi Kumar ghanate - Hard Disks, Printers & Monitors",2500,"[""/content/drive/MyDrive/olx_printer_dataset/images/printer_3031fc3e5b/1.jpg"", ""/content/drive/MyDrive/olx_printer_dataset/images/printer_3031fc3e5b/2.jpg"", ""/content/drive/MyDrive/olx_printer_dataset/images/printer_3031fc3e5b/3.jpg"", ""/content/drive/MyDrive/olx_printer_dataset/images/printer_3031fc3e5b/4.jpg"", ""/content/drive/MyDrive/olx_printer_dataset/images/printer_3031fc3e5b/5.jpg"", ""/content/drive/MyDrive/olx_printer_dataset/images/printer_3031fc3e5b/6.jpg"", ""/content/drive/MyDrive/olx_printer_dataset/images/printer_3031fc3e5b/7.jpg"", ""/content/drive/MyDrive/olx_printer_dataset/images/printer_3031fc3e5b/8.jpg""]",8,2025-12-07 15:49:28.218619
printer_7eee6f0b5c,https://www.olx.in/item/hard-disks-printers-monitors-c1509-new-color-printer-canon-pixma-g3110-for-sale-in-ganesh-nagar-bareilly-iid-1828552301,New Color Printer Canon Pixma G3110 for sale,"new Purchased on 6 December 2025, want to purchase black and white printer instead of color - Hard Disks, Printers & Monitors",12000,"[""/content/drive/MyDrive/olx_printer_dataset/images/printer_7eee6f0b5c/1.jpg"", ""/content/drive/MyDrive/olx_printer_dataset/images/printer_7eee6f0b5c/2.jpg"", ""/content/drive/MyDrive/olx_printer_dataset/images/printer_7eee6f0b5c/3.jpg"", ""/content/drive/MyDrive/olx_printer_dataset/images/printer_7eee6f0b5c/4.jpg"", ""/content/drive/MyDrive/olx_printer_dataset/images/printer_7eee6f0b5c/5.jpg"", ""/content/drive/MyDrive/olx_printer_dataset/images/printer_7eee6f0b5c/6.jpg"", ""/content/drive/MyDrive/olx_printer_dataset/images/printer_7eee6f0b5c/7.jpg"", ""/content/drive/MyDrive/olx_printer_dataset/images/printer_7eee6f0b5c/8.jpg""]",8,2025-12-07 15:50:15.699977
printer_7f8286e754,https://www.olx.in/item/hard-disks-printers-monitors-c1509-in-sardarpura-jodhpur-iid-1828553084,सारा खराब सामान हमे बेचो,"सारा खराब सामान हमे बेचो - Hard Disks, Printers & Monitors",999999,"[""/content/drive/MyDrive/olx_printer_dataset/images/printer_7f8286e754/1.jpg"", ""/content/drive/MyDrive/olx_printer_dataset/images/printer_7f8286e754/2.jpg"", ""/content/drive/MyDrive/olx_printer_dataset/images/printer_7f8286e754/3.jpg"", ""/content/drive/MyDrive/olx_printer_dataset/images/printer_7f8286e754/4.jpg"", ""/content/drive/MyDrive/olx_printer_dataset/images/printer_7f8286e754/5.jpg"", ""/content/drive/MyDrive/olx_printer_dataset/images/printer_7f8286e754/6.jpg"", ""/content/drive/MyDrive/olx_printer_dataset/images/printer_7f8286e754/7.jpg"", ""/content/drive/MyDrive/olx_printer_dataset/images/printer_7f8286e754/8.jpg""]",8,2025-12-07 15:50:25.888740
printer_4fbfa16ff8,https://www.olx.in/item/hard-disks-printers-monitors-c1509-wd-blue-pc-hard-ware-in-tata-motors-pune-iid-1828552227,WD BLUE PC HARD WARE,"1TB HARD DISK - Hard Disks, Printers & Monitors",2500,"[""/content/drive/MyDrive/olx_printer_dataset/images/printer_4fbfa16ff8/1.jpg"", ""/content/drive/MyDrive/olx_printer_dataset/images/printer_4fbfa16ff8/2.jpg"", ""/content/drive/MyDrive/olx_printer_dataset/images/printer_4fbfa16ff8/3.jpg"", ""/content/drive/MyDrive/olx_printer_dataset/images/printer_4fbfa16ff8/4.jpg"", ""/content/drive/MyDrive/olx_printer_dataset/images/printer_4fbfa16ff8/5.jpg"", ""/content/drive/MyDrive/olx_printer_dataset/images/printer_4fbfa16ff8/6.jpg"", ""/content/drive/MyDrive/olx_printer_dataset/images/printer_4fbfa16ff8/7.jpg"", ""/content/drive/MyDrive/olx_printer_dataset/images/printer_4fbfa16ff8/8.jpg""]",8,2025-12-07 15:50:31.467788
printer_2dddf9bd28,https://www.olx.in/item/hard-disks-printers-monitors-c1509-micromax-mmx377g-usb-modem-in-sai-baba-nagar-nanded-waghala-iid-1821438573,Micromax MMX377G USB modem,"Usb modem and we can connect memory card - Hard Disks, Printers & Monitors",600,"[""/content/drive/MyDrive/olx_printer_dataset/images/printer_2dddf9bd28/1.jpg"", ""/content/drive/MyDrive/olx_printer_dataset/images/printer_2dddf9bd28/2.jpg"", ""/content/drive/MyDrive/olx_printer_dataset/images/printer_2dddf9bd28/3.jpg"", ""/content/drive/MyDrive/olx_printer_dataset/images/printer_2dddf9bd28/4.jpg"", ""/content/drive/MyDrive/olx_printer_dataset/images/printer_2dddf9bd28/5.jpg"", ""/content/drive/MyDrive/olx_printer_dataset/images/printer_2dddf9bd28/6.jpg"", ""/content/drive/MyDrive/olx_printer_dataset/images/printer_2dddf9bd28/7.jpg"", ""/content/drive/MyDrive/olx_printer_dataset/images/printer_2dddf9bd28/8.jpg"", ""/content/drive/MyDrive/olx_printer_dataset/images/printer_2dddf9bd28/9.jpg"", ""/content/drive/MyDrive/olx_printer_dataset/images/printer_2dddf9bd28/10.jpg"", ""/content/drive/MyDrive/olx_printer_dataset/images/printer_2dddf9bd28/11.jpg"", ""/content/drive/MyDrive/olx_printer_dataset/images/printer_2dddf9bd28/12.jpg"", ""/content/drive/MyDrive/olx_printer_dataset/images/printer_2dddf9bd28/13.jpg"", ""/content/drive/MyDrive/olx_printer_dataset/images/printer_2dddf9bd28/14.jpg""]",14,2025-12-07 15:50:40.463870
printer_843dfac019,https://www.olx.in/item/hard-disks-printers-monitors-c1509-3401-samsungs-copy-scan-xerox-a4-size-glass-in-dombivli-east-mumbai-iid-1828221307,"3401 Samsung's ( copy scan , xerox, a4 size glass)","Jalaram Enterprises 1st floor shop no. B15 bharat market shubhash nagar near by decorative showroom ghatkopar asalpha village Mumbai - 400084 USB Cable free Power cable free New cartridge free 1 month testing warranty Cash on delivery only Mumbai Other state delivery 100% advance Mumbai delivery charges 300 extra. Other state delivery charges 500 extra - Hard Disks, Printers & Monitors",4199,"[""/content/drive/MyDrive/olx_printer_dataset/images/printer_843dfac019/1.jpg"", ""/content/drive/MyDrive/olx_printer_dataset/images/printer_843dfac019/2.jpg"", ""/content/drive/MyDrive/olx_printer_dataset/images/printer_843dfac019/3.jpg"", ""/content/drive/MyDrive/olx_printer_dataset/images/printer_843dfac019/4.jpg"", ""/content/drive/MyDrive/olx_printer_dataset/images/printer_843dfac019/5.jpg"", ""/content/drive/MyDrive/olx_printer_dataset/images/printer_843dfac019/6.jpg"", ""/content/drive/MyDrive/olx_printer_dataset/images/printer_843dfac019/7.jpg"", ""/content/drive/MyDrive/olx_printer_dataset/images/printer_843dfac019/8.jpg""]",8,2025-12-07 15:50:55.146847
