id,url,title,description,price,images,image_count,scraped_at
games_d884ec5f81,https://www.olx.in/item/games-entertainment-c93-nintendo-switch-2-oled-lite-games-in-sector-35d-chandigarh-iid-1760187596,"Nintendo switch 2, OLED, LITE , GAMES ,",Nintendo switch 2 ₹-45990 Nintendo switch lite ₹-15990 Nintendo switch OLED ₹-25490 Covers ₹-1000 Nintendo switch games starts from ₹-1200 Nintendo switch thumb grips available Tempered glass and other accessories available for all Nintendo switch version Other gaming consoles and accessories available PlayStation Xbox OCULUS Store Address Chandigarh video games Booth no 160 sector 35 d Chandigarh - Games & Entertainment,15990,"[""/content/drive/MyDrive/olx_gamesentertainment_dataset/images/games_d884ec5f81/1.jpg"", ""/content/drive/MyDrive/olx_gamesentertainment_dataset/images/games_d884ec5f81/2.jpg"", ""/content/drive/MyDrive/olx_gamesentertainment_dataset/images/games_d884ec5f81/3.jpg"", ""/content/drive/MyDrive/olx_gamesentertainment_dataset/images/games_d884ec5f81/4.jpg"", ""/content/drive/MyDrive/olx_gamesentertainment_dataset/images/games_d884ec5f81/5.jpg"", ""/content/drive/MyDrive/olx_gamesentertainment_dataset/images/games_d884ec5f81/6.jpg"", ""/content/drive/MyDrive/olx_gamesentertainment_dataset/images/games_d884ec5f81/7.jpg"", ""/content/drive/MyDrive/olx_gamesentertainment_dataset/images/games_d884ec5f81/8.jpg"", ""/content/drive/MyDrive/olx_gamesentertainment_dataset/images/games_d884ec5f81/9.jpg"", ""/content/drive/MyDrive/olx_gamesentertainment_dataset/images/games_d884ec5f81/10.jpg"", ""/content/drive/MyDrive/olx_gamesentertainment_dataset/images/games_d884ec5f81/11.jpg"", ""/content/drive/MyDrive/olx_gamesentertainment_dataset/images/games_d884ec5f81/12.jpg"", ""/content/drive/MyDrive/olx_gamesentertainment_dataset/images/games_d884ec5f81/13.jpg"", ""/content/drive/MyDrive/olx_gamesentertainment_dataset/images/games_d884ec5f81/14.jpg""]",14,2025-12-08 05:06:37.738420
games_a364c75663,https://www.olx.in/item/games-entertainment-c93-ps4-pro-boxed-in-new-condition-in-rajaji-nagar-bengaluru-iid-1790597540,Ps4 pro Boxed in new condition,We sell both used and new Playstation 5 Consoles Used ps4 starts from 14999 Used ps5 starts from 35000 We also exchange ps4 to ps5 25000 We also buy old ps4 and ps5 Consoles for cash Ps4 pro starts from 25000 - Games & Entertainment,10000,"[""/content/drive/MyDrive/olx_gamesentertainment_dataset/images/games_a364c75663/1.jpg"", ""/content/drive/MyDrive/olx_gamesentertainment_dataset/images/games_a364c75663/2.jpg"", ""/content/drive/MyDrive/olx_gamesentertainment_dataset/images/games_a364c75663/3.jpg"", ""/content/drive/MyDrive/olx_gamesentertainment_dataset/images/games_a364c75663/4.jpg"", ""/content/drive/MyDrive/olx_gamesentertainment_dataset/images/games_a364c75663/5.jpg"", ""/content/drive/MyDrive/olx_gamesentertainment_dataset/images/games_a364c75663/6.jpg"", ""/content/drive/MyDrive/olx_gamesentertainment_dataset/images/games_a364c75663/7.jpg"", ""/content/drive/MyDrive/olx_gamesentertainment_dataset/images/games_a364c75663/8.jpg"", ""/content/drive/MyDrive/olx_gamesentertainment_dataset/images/games_a364c75663/9.jpg"", ""/content/drive/MyDrive/olx_gamesentertainment_dataset/images/games_a364c75663/10.jpg"", ""/content/drive/MyDrive/olx_gamesentertainment_dataset/images/games_a364c75663/11.jpg"", ""/content/drive/MyDrive/olx_gamesentertainment_dataset/images/games_a364c75663/12.jpg"", ""/content/drive/MyDrive/olx_gamesentertainment_dataset/images/games_a364c75663/13.jpg"", ""/content/drive/MyDrive/olx_gamesentertainment_dataset/images/games_a364c75663/14.jpg"", ""/content/drive/MyDrive/olx_gamesentertainment_dataset/images/games_a364c75663/15.jpg"", ""/content/drive/MyDrive/olx_gamesentertainment_dataset/images/games_a364c75663/16.jpg""]",16,2025-12-08 05:06:50.448244
games_9fd30b33c5,https://www.olx.in/item/games-entertainment-c93-god-of-war-3-in-perumpilavu-kunnamkulam-iid-1828354868,GOD OF WAR 3,There is no more Needed ps3 sold Selling at low price anyone interested dm me 'it s already a demanding game you know' - Games & Entertainment,350,"[""/content/drive/MyDrive/olx_gamesentertainment_dataset/images/games_9fd30b33c5/1.jpg"", ""/content/drive/MyDrive/olx_gamesentertainment_dataset/images/games_9fd30b33c5/2.jpg"", ""/content/drive/MyDrive/olx_gamesentertainment_dataset/images/games_9fd30b33c5/3.jpg"", ""/content/drive/MyDrive/olx_gamesentertainment_dataset/images/games_9fd30b33c5/4.jpg"", ""/content/drive/MyDrive/olx_gamesentertainment_dataset/images/games_9fd30b33c5/5.jpg"", ""/content/drive/MyDrive/olx_gamesentertainment_dataset/images/games_9fd30b33c5/6.jpg"", ""/content/drive/MyDrive/olx_gamesentertainment_dataset/images/games_9fd30b33c5/7.jpg"", ""/content/drive/MyDrive/olx_gamesentertainment_dataset/images/games_9fd30b33c5/8.jpg"", ""/content/drive/MyDrive/olx_gamesentertainment_dataset/images/games_9fd30b33c5/9.jpg"", ""/content/drive/MyDrive/olx_gamesentertainment_dataset/images/games_9fd30b33c5/10.jpg"", ""/content/drive/MyDrive/olx_gamesentertainment_dataset/images/games_9fd30b33c5/11.jpg"", ""/content/drive/MyDrive/olx_gamesentertainment_dataset/images/games_9fd30b33c5/12.jpg"", ""/content/drive/MyDrive/olx_gamesentertainment_dataset/images/games_9fd30b33c5/13.jpg"", ""/content/drive/MyDrive/olx_gamesentertainment_dataset/images/games_9fd30b33c5/14.jpg""]",14,2025-12-08 05:07:01.773809
games_2cfe8a294d,https://www.olx.in/item/games-entertainment-c93-meta-quest-3s-128gb-in-dispur-guwahati-iid-1828637049,meta quest 3s 128gb,Brand new Urgent sell - Games & Entertainment,40000,"[""/content/drive/MyDrive/olx_gamesentertainment_dataset/images/games_2cfe8a294d/1.jpg"", ""/content/drive/MyDrive/olx_gamesentertainment_dataset/images/games_2cfe8a294d/2.jpg"", ""/content/drive/MyDrive/olx_gamesentertainment_dataset/images/games_2cfe8a294d/3.jpg"", ""/content/drive/MyDrive/olx_gamesentertainment_dataset/images/games_2cfe8a294d/4.jpg"", ""/content/drive/MyDrive/olx_gamesentertainment_dataset/images/games_2cfe8a294d/5.jpg"", ""/content/drive/MyDrive/olx_gamesentertainment_dataset/images/games_2cfe8a294d/6.jpg"", ""/content/drive/MyDrive/olx_gamesentertainment_dataset/images/games_2cfe8a294d/7.jpg"", ""/content/drive/MyDrive/olx_gamesentertainment_dataset/images/games_2cfe8a294d/8.jpg"", ""/content/drive/MyDrive/olx_gamesentertainment_dataset/images/games_2cfe8a294d/9.jpg"", ""/content/drive/MyDrive/olx_gamesentertainment_dataset/images/games_2cfe8a294d/10.jpg"", ""/content/drive/MyDrive/olx_gamesentertainment_dataset/images/games_2cfe8a294d/11.jpg"", ""/content/drive/MyDrive/olx_gamesentertainment_dataset/images/games_2cfe8a294d/12.jpg"", ""/content/drive/MyDrive/olx_gamesentertainment_dataset/images/games_2cfe8a294d/13.jpg"", ""/content/drive/MyDrive/olx_gamesentertainment_dataset/images/games_2cfe8a294d/14.jpg""]",14,2025-12-08 05:07:11.251583
games_e5cda6a18e,https://www.olx.in/item/games-entertainment-c93-sony-ps5-1-tb-bundle-in-ganapathi-coimbatore-iid-1828639946,Sony PS5 1 TB Bundle,Sony Playstation 1 TB 4K 120 Hz HDR Gaming Console with 2 games 1. Astro Bot 2. GT7 New sealed box bought abroad. - Games & Entertainment,50000,"[""/content/drive/MyDrive/olx_gamesentertainment_dataset/images/games_e5cda6a18e/1.jpg"", ""/content/drive/MyDrive/olx_gamesentertainment_dataset/images/games_e5cda6a18e/2.jpg"", ""/content/drive/MyDrive/olx_gamesentertainment_dataset/images/games_e5cda6a18e/3.jpg"", ""/content/drive/MyDrive/olx_gamesentertainment_dataset/images/games_e5cda6a18e/4.jpg"", ""/content/drive/MyDrive/olx_gamesentertainment_dataset/images/games_e5cda6a18e/5.jpg"", ""/content/drive/MyDrive/olx_gamesentertainment_dataset/images/games_e5cda6a18e/6.jpg"", ""/content/drive/MyDrive/olx_gamesentertainment_dataset/images/games_e5cda6a18e/7.jpg"", ""/content/drive/MyDrive/olx_gamesentertainment_dataset/images/games_e5cda6a18e/8.jpg"", ""/content/drive/MyDrive/olx_gamesentertainment_dataset/images/games_e5cda6a18e/9.jpg"", ""/content/drive/MyDrive/olx_gamesentertainment_dataset/images/games_e5cda6a18e/10.jpg"", ""/content/drive/MyDrive/olx_gamesentertainment_dataset/images/games_e5cda6a18e/11.jpg"", ""/content/drive/MyDrive/olx_gamesentertainment_dataset/images/games_e5cda6a18e/12.jpg"", ""/content/drive/MyDrive/olx_gamesentertainment_dataset/images/games_e5cda6a18e/13.jpg"", ""/content/drive/MyDrive/olx_gamesentertainment_dataset/images/games_e5cda6a18e/14.jpg""]",14,2025-12-08 05:07:23.867695
games_deba706754,https://www.olx.in/item/games-entertainment-c93-ps2-all-ok-game-fast-speed-game-in-preet-nagar-near-guru-govind-singh-nagar-ludhiana-iid-1828638651,Ps2 all ok game fast speed game,Ps2 all ok game fast speed game - Games & Entertainment,7000,"[""/content/drive/MyDrive/olx_gamesentertainment_dataset/images/games_deba706754/1.jpg"", ""/content/drive/MyDrive/olx_gamesentertainment_dataset/images/games_deba706754/2.jpg"", ""/content/drive/MyDrive/olx_gamesentertainment_dataset/images/games_deba706754/3.jpg"", ""/content/drive/MyDrive/olx_gamesentertainment_dataset/images/games_deba706754/4.jpg"", ""/content/drive/MyDrive/olx_gamesentertainment_dataset/images/games_deba706754/5.jpg"", ""/content/drive/MyDrive/olx_gamesentertainment_dataset/images/games_deba706754/6.jpg"", ""/content/drive/MyDrive/olx_gamesentertainment_dataset/images/games_deba706754/7.jpg"", ""/content/drive/MyDrive/olx_gamesentertainment_dataset/images/games_deba706754/8.jpg"", ""/content/drive/MyDrive/olx_gamesentertainment_dataset/images/games_deba706754/9.jpg"", ""/content/drive/MyDrive/olx_gamesentertainment_dataset/images/games_deba706754/10.jpg"", ""/content/drive/MyDrive/olx_gamesentertainment_dataset/images/games_deba706754/11.jpg"", ""/content/drive/MyDrive/olx_gamesentertainment_dataset/images/games_deba706754/12.jpg"", ""/content/drive/MyDrive/olx_gamesentertainment_dataset/images/games_deba706754/13.jpg"", ""/content/drive/MyDrive/olx_gamesentertainment_dataset/images/games_deba706754/14.jpg""]",14,2025-12-08 05:07:35.456524
games_67e259723d,https://www.olx.in/item/games-entertainment-c93-ps4-titles-for-sale-as-well-as-exchange-in-frazer-town-bengaluru-iid-1785278418,Ps4 titles for sale as well as exchange,We buy sell trade and swap used and new gaming consoles and games Used ps4 games starts from 499 each Playstation 4 starts from 15000 Ps4 pro starts from 25000 Ps5 starts from 35000 Ps4 on exchange with Ps3 starts from 10000 - Games & Entertainment,499,"[""/content/drive/MyDrive/olx_gamesentertainment_dataset/images/games_67e259723d/1.jpg"", ""/content/drive/MyDrive/olx_gamesentertainment_dataset/images/games_67e259723d/2.jpg"", ""/content/drive/MyDrive/olx_gamesentertainment_dataset/images/games_67e259723d/3.jpg"", ""/content/drive/MyDrive/olx_gamesentertainment_dataset/images/games_67e259723d/4.jpg"", ""/content/drive/MyDrive/olx_gamesentertainment_dataset/images/games_67e259723d/5.jpg"", ""/content/drive/MyDrive/olx_gamesentertainment_dataset/images/games_67e259723d/6.jpg"", ""/content/drive/MyDrive/olx_gamesentertainment_dataset/images/games_67e259723d/7.jpg"", ""/content/drive/MyDrive/olx_gamesentertainment_dataset/images/games_67e259723d/8.jpg"", ""/content/drive/MyDrive/olx_gamesentertainment_dataset/images/games_67e259723d/9.jpg"", ""/content/drive/MyDrive/olx_gamesentertainment_dataset/images/games_67e259723d/10.jpg"", ""/content/drive/MyDrive/olx_gamesentertainment_dataset/images/games_67e259723d/11.jpg"", ""/content/drive/MyDrive/olx_gamesentertainment_dataset/images/games_67e259723d/12.jpg"", ""/content/drive/MyDrive/olx_gamesentertainment_dataset/images/games_67e259723d/13.jpg"", ""/content/drive/MyDrive/olx_gamesentertainment_dataset/images/games_67e259723d/14.jpg"", ""/content/drive/MyDrive/olx_gamesentertainment_dataset/images/games_67e259723d/15.jpg"", ""/content/drive/MyDrive/olx_gamesentertainment_dataset/images/games_67e259723d/16.jpg""]",16,2025-12-08 05:07:47.014925
games_f1d7064724,https://www.olx.in/item/games-entertainment-c93-xbox-360-super-condition-in-ramkote-hyderabad-iid-1828639214,Xbox 360 super condition,Xbox 360 in super condition 160 gb hdd 4 pre installed games like gta5 & cod With kinect sensor & dvds Power adapter & hdmi cable available just plug & play Price is fixed - Games & Entertainment,7500,"[""/content/drive/MyDrive/olx_gamesentertainment_dataset/images/games_f1d7064724/1.jpg"", ""/content/drive/MyDrive/olx_gamesentertainment_dataset/images/games_f1d7064724/2.jpg"", ""/content/drive/MyDrive/olx_gamesentertainment_dataset/images/games_f1d7064724/3.jpg"", ""/content/drive/MyDrive/olx_gamesentertainment_dataset/images/games_f1d7064724/4.jpg"", ""/content/drive/MyDrive/olx_gamesentertainment_dataset/images/games_f1d7064724/5.jpg"", ""/content/drive/MyDrive/olx_gamesentertainment_dataset/images/games_f1d7064724/6.jpg"", ""/content/drive/MyDrive/olx_gamesentertainment_dataset/images/games_f1d7064724/7.jpg"", ""/content/drive/MyDrive/olx_gamesentertainment_dataset/images/games_f1d7064724/8.jpg"", ""/content/drive/MyDrive/olx_gamesentertainment_dataset/images/games_f1d7064724/9.jpg"", ""/content/drive/MyDrive/olx_gamesentertainment_dataset/images/games_f1d7064724/10.jpg"", ""/content/drive/MyDrive/olx_gamesentertainment_dataset/images/games_f1d7064724/11.jpg"", ""/content/drive/MyDrive/olx_gamesentertainment_dataset/images/games_f1d7064724/12.jpg"", ""/content/drive/MyDrive/olx_gamesentertainment_dataset/images/games_f1d7064724/13.jpg"", ""/content/drive/MyDrive/olx_gamesentertainment_dataset/images/games_f1d7064724/14.jpg""]",14,2025-12-08 05:07:58.220693
games_e3c9cda9d6,https://www.olx.in/item/games-entertainment-c93-metaquest-3-128gb-new-box-piec3-in-frazer-town-bengaluru-iid-1790422693,Metaquest 3 128gb New box piec3,Used and new all types of games available Ps4 used games starts from 500 each We also have ps5 games We also buy and exchange your old games Rey games Castle Jayanagar 4th block - Games & Entertainment,20000,"[""/content/drive/MyDrive/olx_gamesentertainment_dataset/images/games_e3c9cda9d6/1.jpg"", ""/content/drive/MyDrive/olx_gamesentertainment_dataset/images/games_e3c9cda9d6/2.jpg"", ""/content/drive/MyDrive/olx_gamesentertainment_dataset/images/games_e3c9cda9d6/3.jpg"", ""/content/drive/MyDrive/olx_gamesentertainment_dataset/images/games_e3c9cda9d6/4.jpg"", ""/content/drive/MyDrive/olx_gamesentertainment_dataset/images/games_e3c9cda9d6/5.jpg"", ""/content/drive/MyDrive/olx_gamesentertainment_dataset/images/games_e3c9cda9d6/6.jpg"", ""/content/drive/MyDrive/olx_gamesentertainment_dataset/images/games_e3c9cda9d6/7.jpg"", ""/content/drive/MyDrive/olx_gamesentertainment_dataset/images/games_e3c9cda9d6/8.jpg"", ""/content/drive/MyDrive/olx_gamesentertainment_dataset/images/games_e3c9cda9d6/9.jpg"", ""/content/drive/MyDrive/olx_gamesentertainment_dataset/images/games_e3c9cda9d6/10.jpg"", ""/content/drive/MyDrive/olx_gamesentertainment_dataset/images/games_e3c9cda9d6/11.jpg"", ""/content/drive/MyDrive/olx_gamesentertainment_dataset/images/games_e3c9cda9d6/12.jpg"", ""/content/drive/MyDrive/olx_gamesentertainment_dataset/images/games_e3c9cda9d6/13.jpg"", ""/content/drive/MyDrive/olx_gamesentertainment_dataset/images/games_e3c9cda9d6/14.jpg"", ""/content/drive/MyDrive/olx_gamesentertainment_dataset/images/games_e3c9cda9d6/15.jpg"", ""/content/drive/MyDrive/olx_gamesentertainment_dataset/images/games_e3c9cda9d6/16.jpg""]",16,2025-12-08 05:08:11.566890
games_533a05ebb5,https://www.olx.in/item/games-entertainment-c93-new-ant-esports-gp400-gamepad-in-mukhani-haldwani-iid-1828429989,New Ant Esports GP400 Gamepad,"Brand new never used gamepad, supports PS3/PS4 Android Windows, IOS, switch pro I bought it accidentally from blinkit at 2500. Actually I have PS5 and it supports only ps4 games. I haven’t opened the box till now. - Games & Entertainment",1800,"[""/content/drive/MyDrive/olx_gamesentertainment_dataset/images/games_533a05ebb5/1.jpg"", ""/content/drive/MyDrive/olx_gamesentertainment_dataset/images/games_533a05ebb5/2.jpg"", ""/content/drive/MyDrive/olx_gamesentertainment_dataset/images/games_533a05ebb5/3.jpg"", ""/content/drive/MyDrive/olx_gamesentertainment_dataset/images/games_533a05ebb5/4.jpg"", ""/content/drive/MyDrive/olx_gamesentertainment_dataset/images/games_533a05ebb5/5.jpg"", ""/content/drive/MyDrive/olx_gamesentertainment_dataset/images/games_533a05ebb5/6.jpg"", ""/content/drive/MyDrive/olx_gamesentertainment_dataset/images/games_533a05ebb5/7.jpg"", ""/content/drive/MyDrive/olx_gamesentertainment_dataset/images/games_533a05ebb5/8.jpg"", ""/content/drive/MyDrive/olx_gamesentertainment_dataset/images/games_533a05ebb5/9.jpg"", ""/content/drive/MyDrive/olx_gamesentertainment_dataset/images/games_533a05ebb5/10.jpg"", ""/content/drive/MyDrive/olx_gamesentertainment_dataset/images/games_533a05ebb5/11.jpg"", ""/content/drive/MyDrive/olx_gamesentertainment_dataset/images/games_533a05ebb5/12.jpg"", ""/content/drive/MyDrive/olx_gamesentertainment_dataset/images/games_533a05ebb5/13.jpg"", ""/content/drive/MyDrive/olx_gamesentertainment_dataset/images/games_533a05ebb5/14.jpg""]",14,2025-12-08 05:08:23.603682
games_9799e9bc4d,https://www.olx.in/item/games-entertainment-c93-sony-playstation-ps5-pro-console-brand-new-sealed-pack-white-in-udyog-vihar-phase-5-gurgaon-iid-1828288007,Sony Playstation PS5 Pro Console (Brand New) Sealed Pack (White),"Product Highlights: 1. Condition: Sealed Pack 2. Fully tested & working perfectly 3. All original accessories included (if applicable) 4. Premium quality at a budget-friendly price Store Location: Sector 36 – Khewat No - 241 224, Narsinghpur, Old Manesar Road, Gurugram Contact: Message me on OLX for quick response. - Games & Entertainment",77990,"[""/content/drive/MyDrive/olx_gamesentertainment_dataset/images/games_9799e9bc4d/1.jpg"", ""/content/drive/MyDrive/olx_gamesentertainment_dataset/images/games_9799e9bc4d/2.jpg"", ""/content/drive/MyDrive/olx_gamesentertainment_dataset/images/games_9799e9bc4d/3.jpg"", ""/content/drive/MyDrive/olx_gamesentertainment_dataset/images/games_9799e9bc4d/4.jpg"", ""/content/drive/MyDrive/olx_gamesentertainment_dataset/images/games_9799e9bc4d/5.jpg"", ""/content/drive/MyDrive/olx_gamesentertainment_dataset/images/games_9799e9bc4d/6.jpg"", ""/content/drive/MyDrive/olx_gamesentertainment_dataset/images/games_9799e9bc4d/7.jpg"", ""/content/drive/MyDrive/olx_gamesentertainment_dataset/images/games_9799e9bc4d/8.jpg"", ""/content/drive/MyDrive/olx_gamesentertainment_dataset/images/games_9799e9bc4d/9.jpg"", ""/content/drive/MyDrive/olx_gamesentertainment_dataset/images/games_9799e9bc4d/10.jpg"", ""/content/drive/MyDrive/olx_gamesentertainment_dataset/images/games_9799e9bc4d/11.jpg"", ""/content/drive/MyDrive/olx_gamesentertainment_dataset/images/games_9799e9bc4d/12.jpg"", ""/content/drive/MyDrive/olx_gamesentertainment_dataset/images/games_9799e9bc4d/13.jpg"", ""/content/drive/MyDrive/olx_gamesentertainment_dataset/images/games_9799e9bc4d/14.jpg""]",14,2025-12-08 05:08:34.536125
games_13181545df,https://www.olx.in/item/games-entertainment-c93-playstation-4-ps4-pro-limited-edition-marvel-spiderman-red-1-tb-cons-in-malabar-hill-mumbai-iid-1828637690,PlayStation 4 (PS4) Pro Limited Edition Marvel Spiderman Red 1 TB Cons,PlayStation 4 (PS4) Pro Limited Edition Marvel Spiderman Red 1 TB Console - Games & Entertainment,12900,"[""/content/drive/MyDrive/olx_gamesentertainment_dataset/images/games_13181545df/1.jpg"", ""/content/drive/MyDrive/olx_gamesentertainment_dataset/images/games_13181545df/2.jpg"", ""/content/drive/MyDrive/olx_gamesentertainment_dataset/images/games_13181545df/3.jpg"", ""/content/drive/MyDrive/olx_gamesentertainment_dataset/images/games_13181545df/4.jpg"", ""/content/drive/MyDrive/olx_gamesentertainment_dataset/images/games_13181545df/5.jpg"", ""/content/drive/MyDrive/olx_gamesentertainment_dataset/images/games_13181545df/6.jpg"", ""/content/drive/MyDrive/olx_gamesentertainment_dataset/images/games_13181545df/7.jpg"", ""/content/drive/MyDrive/olx_gamesentertainment_dataset/images/games_13181545df/8.jpg"", ""/content/drive/MyDrive/olx_gamesentertainment_dataset/images/games_13181545df/9.jpg"", ""/content/drive/MyDrive/olx_gamesentertainment_dataset/images/games_13181545df/10.jpg"", ""/content/drive/MyDrive/olx_gamesentertainment_dataset/images/games_13181545df/11.jpg"", ""/content/drive/MyDrive/olx_gamesentertainment_dataset/images/games_13181545df/12.jpg"", ""/content/drive/MyDrive/olx_gamesentertainment_dataset/images/games_13181545df/13.jpg"", ""/content/drive/MyDrive/olx_gamesentertainment_dataset/images/games_13181545df/14.jpg""]",14,2025-12-08 05:08:43.489303
games_898b147419,https://www.olx.in/item/games-entertainment-c93-brand-new-ps5-1tb-slim-digital-edition-in-aditya-nagar-hyderabad-iid-1828640017,Brand New Ps5 1tb slim digital edition,I’ll give u 5 games worth 25000 - Games & Entertainment,40000,"[""/content/drive/MyDrive/olx_gamesentertainment_dataset/images/games_898b147419/1.jpg"", ""/content/drive/MyDrive/olx_gamesentertainment_dataset/images/games_898b147419/2.jpg"", ""/content/drive/MyDrive/olx_gamesentertainment_dataset/images/games_898b147419/3.jpg"", ""/content/drive/MyDrive/olx_gamesentertainment_dataset/images/games_898b147419/4.jpg"", ""/content/drive/MyDrive/olx_gamesentertainment_dataset/images/games_898b147419/5.jpg"", ""/content/drive/MyDrive/olx_gamesentertainment_dataset/images/games_898b147419/6.jpg"", ""/content/drive/MyDrive/olx_gamesentertainment_dataset/images/games_898b147419/7.jpg"", ""/content/drive/MyDrive/olx_gamesentertainment_dataset/images/games_898b147419/8.jpg"", ""/content/drive/MyDrive/olx_gamesentertainment_dataset/images/games_898b147419/9.jpg"", ""/content/drive/MyDrive/olx_gamesentertainment_dataset/images/games_898b147419/10.jpg"", ""/content/drive/MyDrive/olx_gamesentertainment_dataset/images/games_898b147419/11.jpg"", ""/content/drive/MyDrive/olx_gamesentertainment_dataset/images/games_898b147419/12.jpg"", ""/content/drive/MyDrive/olx_gamesentertainment_dataset/images/games_898b147419/13.jpg"", ""/content/drive/MyDrive/olx_gamesentertainment_dataset/images/games_898b147419/14.jpg""]",14,2025-12-08 05:08:54.934785
games_1bee41114b,https://www.olx.in/item/games-entertainment-c93-elgato-hd60-x-capture-card-in-prem-nagar-bengaluru-iid-1828067176,ELGATO HD60 X capture card,"Elgato HD60 X - Stream and Record in 1080p60 HDR10 or 4K30 with Ultra-Low Latency on PS5, PS4/Pro, Xbox Series X/S, Xbox One X/S, in OBS and More, Works with PC and Mac - Games & Entertainment",15000,"[""/content/drive/MyDrive/olx_gamesentertainment_dataset/images/games_1bee41114b/1.jpg"", ""/content/drive/MyDrive/olx_gamesentertainment_dataset/images/games_1bee41114b/2.jpg"", ""/content/drive/MyDrive/olx_gamesentertainment_dataset/images/games_1bee41114b/3.jpg"", ""/content/drive/MyDrive/olx_gamesentertainment_dataset/images/games_1bee41114b/4.jpg"", ""/content/drive/MyDrive/olx_gamesentertainment_dataset/images/games_1bee41114b/5.jpg"", ""/content/drive/MyDrive/olx_gamesentertainment_dataset/images/games_1bee41114b/6.jpg"", ""/content/drive/MyDrive/olx_gamesentertainment_dataset/images/games_1bee41114b/7.jpg"", ""/content/drive/MyDrive/olx_gamesentertainment_dataset/images/games_1bee41114b/8.jpg"", ""/content/drive/MyDrive/olx_gamesentertainment_dataset/images/games_1bee41114b/9.jpg"", ""/content/drive/MyDrive/olx_gamesentertainment_dataset/images/games_1bee41114b/10.jpg"", ""/content/drive/MyDrive/olx_gamesentertainment_dataset/images/games_1bee41114b/11.jpg"", ""/content/drive/MyDrive/olx_gamesentertainment_dataset/images/games_1bee41114b/12.jpg"", ""/content/drive/MyDrive/olx_gamesentertainment_dataset/images/games_1bee41114b/13.jpg"", ""/content/drive/MyDrive/olx_gamesentertainment_dataset/images/games_1bee41114b/14.jpg""]",14,2025-12-08 05:09:04.543550
games_c261c6f951,https://www.olx.in/item/games-entertainment-c93-brand-new-ps5-controller-red-colour-edition-in-aditya-nagar-hyderabad-iid-1828640243,Brand new ps5 Controller red colour edition,Brand new ps5 controller red colour edition 2 months old with box - Games & Entertainment,5500,"[""/content/drive/MyDrive/olx_gamesentertainment_dataset/images/games_c261c6f951/1.jpg"", ""/content/drive/MyDrive/olx_gamesentertainment_dataset/images/games_c261c6f951/2.jpg"", ""/content/drive/MyDrive/olx_gamesentertainment_dataset/images/games_c261c6f951/3.jpg"", ""/content/drive/MyDrive/olx_gamesentertainment_dataset/images/games_c261c6f951/4.jpg"", ""/content/drive/MyDrive/olx_gamesentertainment_dataset/images/games_c261c6f951/5.jpg"", ""/content/drive/MyDrive/olx_gamesentertainment_dataset/images/games_c261c6f951/6.jpg"", ""/content/drive/MyDrive/olx_gamesentertainment_dataset/images/games_c261c6f951/7.jpg"", ""/content/drive/MyDrive/olx_gamesentertainment_dataset/images/games_c261c6f951/8.jpg"", ""/content/drive/MyDrive/olx_gamesentertainment_dataset/images/games_c261c6f951/9.jpg"", ""/content/drive/MyDrive/olx_gamesentertainment_dataset/images/games_c261c6f951/10.jpg"", ""/content/drive/MyDrive/olx_gamesentertainment_dataset/images/games_c261c6f951/11.jpg"", ""/content/drive/MyDrive/olx_gamesentertainment_dataset/images/games_c261c6f951/12.jpg"", ""/content/drive/MyDrive/olx_gamesentertainment_dataset/images/games_c261c6f951/13.jpg"", ""/content/drive/MyDrive/olx_gamesentertainment_dataset/images/games_c261c6f951/14.jpg""]",14,2025-12-08 05:09:19.063144
games_f8bc52af52,https://www.olx.in/item/games-entertainment-c93-playstation-4-disk-in-airla-varanasi-iid-1828638943,PlayStation 4 disk,Tom Clancy ghost recon wildlands - Games & Entertainment,1000,"[""/content/drive/MyDrive/olx_gamesentertainment_dataset/images/games_f8bc52af52/1.jpg"", ""/content/drive/MyDrive/olx_gamesentertainment_dataset/images/games_f8bc52af52/2.jpg"", ""/content/drive/MyDrive/olx_gamesentertainment_dataset/images/games_f8bc52af52/3.jpg"", ""/content/drive/MyDrive/olx_gamesentertainment_dataset/images/games_f8bc52af52/4.jpg"", ""/content/drive/MyDrive/olx_gamesentertainment_dataset/images/games_f8bc52af52/5.jpg"", ""/content/drive/MyDrive/olx_gamesentertainment_dataset/images/games_f8bc52af52/6.jpg"", ""/content/drive/MyDrive/olx_gamesentertainment_dataset/images/games_f8bc52af52/7.jpg"", ""/content/drive/MyDrive/olx_gamesentertainment_dataset/images/games_f8bc52af52/8.jpg"", ""/content/drive/MyDrive/olx_gamesentertainment_dataset/images/games_f8bc52af52/9.jpg"", ""/content/drive/MyDrive/olx_gamesentertainment_dataset/images/games_f8bc52af52/10.jpg"", ""/content/drive/MyDrive/olx_gamesentertainment_dataset/images/games_f8bc52af52/11.jpg"", ""/content/drive/MyDrive/olx_gamesentertainment_dataset/images/games_f8bc52af52/12.jpg"", ""/content/drive/MyDrive/olx_gamesentertainment_dataset/images/games_f8bc52af52/13.jpg"", ""/content/drive/MyDrive/olx_gamesentertainment_dataset/images/games_f8bc52af52/14.jpg""]",14,2025-12-08 05:09:30.086498
games_78a063ebf0,https://www.olx.in/item/games-entertainment-c93-sony-ps4-slim-in-wadgaon-sheri-pune-iid-1828636841,Sony Ps4 slim,"This console is (jb) in pristine, like-new condition NEVER REPAIRED+SEALED . HUGE Performance Upgrade: Custom-installed 2B Fast Storage Massive Library Included: Comes pre-loaded/ with access to a collection of 30 fantastic games. What's Included (Ready to Play): Sony PS4 Slim Console (Pristine Condition) Upgraded 2TB Fast Storage PS4 Pro Original Controller -3 Motion controller Original-2 Power Cable PRICE IS FIRM & NON-NEGOTIABLE. Serious buyers only Availability: If this ad is visible, the item is STILL AVAILABLE, - Games & Entertainment",34000,"[""/content/drive/MyDrive/olx_gamesentertainment_dataset/images/games_78a063ebf0/1.jpg"", ""/content/drive/MyDrive/olx_gamesentertainment_dataset/images/games_78a063ebf0/2.jpg"", ""/content/drive/MyDrive/olx_gamesentertainment_dataset/images/games_78a063ebf0/3.jpg"", ""/content/drive/MyDrive/olx_gamesentertainment_dataset/images/games_78a063ebf0/4.jpg"", ""/content/drive/MyDrive/olx_gamesentertainment_dataset/images/games_78a063ebf0/5.jpg"", ""/content/drive/MyDrive/olx_gamesentertainment_dataset/images/games_78a063ebf0/6.jpg"", ""/content/drive/MyDrive/olx_gamesentertainment_dataset/images/games_78a063ebf0/7.jpg"", ""/content/drive/MyDrive/olx_gamesentertainment_dataset/images/games_78a063ebf0/8.jpg"", ""/content/drive/MyDrive/olx_gamesentertainment_dataset/images/games_78a063ebf0/9.jpg"", ""/content/drive/MyDrive/olx_gamesentertainment_dataset/images/games_78a063ebf0/10.jpg"", ""/content/drive/MyDrive/olx_gamesentertainment_dataset/images/games_78a063ebf0/11.jpg"", ""/content/drive/MyDrive/olx_gamesentertainment_dataset/images/games_78a063ebf0/12.jpg"", ""/content/drive/MyDrive/olx_gamesentertainment_dataset/images/games_78a063ebf0/13.jpg"", ""/content/drive/MyDrive/olx_gamesentertainment_dataset/images/games_78a063ebf0/14.jpg""]",14,2025-12-08 05:09:40.623942
games_a1353790d5,https://www.olx.in/item/games-entertainment-c93-colour-light-in-swarna-jayanti-puram-ghaziabad-iid-1828639697,Colour Light,Party lights with remote access - Games & Entertainment,200,"[""/content/drive/MyDrive/olx_gamesentertainment_dataset/images/games_a1353790d5/1.jpg"", ""/content/drive/MyDrive/olx_gamesentertainment_dataset/images/games_a1353790d5/2.jpg"", ""/content/drive/MyDrive/olx_gamesentertainment_dataset/images/games_a1353790d5/3.jpg"", ""/content/drive/MyDrive/olx_gamesentertainment_dataset/images/games_a1353790d5/4.jpg"", ""/content/drive/MyDrive/olx_gamesentertainment_dataset/images/games_a1353790d5/5.jpg"", ""/content/drive/MyDrive/olx_gamesentertainment_dataset/images/games_a1353790d5/6.jpg"", ""/content/drive/MyDrive/olx_gamesentertainment_dataset/images/games_a1353790d5/7.jpg"", ""/content/drive/MyDrive/olx_gamesentertainment_dataset/images/games_a1353790d5/8.jpg"", ""/content/drive/MyDrive/olx_gamesentertainment_dataset/images/games_a1353790d5/9.jpg"", ""/content/drive/MyDrive/olx_gamesentertainment_dataset/images/games_a1353790d5/10.jpg"", ""/content/drive/MyDrive/olx_gamesentertainment_dataset/images/games_a1353790d5/11.jpg"", ""/content/drive/MyDrive/olx_gamesentertainment_dataset/images/games_a1353790d5/12.jpg"", ""/content/drive/MyDrive/olx_gamesentertainment_dataset/images/games_a1353790d5/13.jpg"", ""/content/drive/MyDrive/olx_gamesentertainment_dataset/images/games_a1353790d5/14.jpg""]",14,2025-12-08 05:09:51.754224
games_4dfa0d1e33,https://www.olx.in/item/games-entertainment-c93-all-pc-games-available-in-kashmir-srinagar-in-hamdania-colony-srinagar-iid-1828155152,"All Pc Games Available In Kashmir, Srinagar",All Pc Games Available - Games & Entertainment,199,"[""/content/drive/MyDrive/olx_gamesentertainment_dataset/images/games_4dfa0d1e33/1.jpg"", ""/content/drive/MyDrive/olx_gamesentertainment_dataset/images/games_4dfa0d1e33/2.jpg"", ""/content/drive/MyDrive/olx_gamesentertainment_dataset/images/games_4dfa0d1e33/3.jpg"", ""/content/drive/MyDrive/olx_gamesentertainment_dataset/images/games_4dfa0d1e33/4.jpg"", ""/content/drive/MyDrive/olx_gamesentertainment_dataset/images/games_4dfa0d1e33/5.jpg"", ""/content/drive/MyDrive/olx_gamesentertainment_dataset/images/games_4dfa0d1e33/6.jpg"", ""/content/drive/MyDrive/olx_gamesentertainment_dataset/images/games_4dfa0d1e33/7.jpg"", ""/content/drive/MyDrive/olx_gamesentertainment_dataset/images/games_4dfa0d1e33/8.jpg"", ""/content/drive/MyDrive/olx_gamesentertainment_dataset/images/games_4dfa0d1e33/9.jpg"", ""/content/drive/MyDrive/olx_gamesentertainment_dataset/images/games_4dfa0d1e33/10.jpg"", ""/content/drive/MyDrive/olx_gamesentertainment_dataset/images/games_4dfa0d1e33/11.jpg"", ""/content/drive/MyDrive/olx_gamesentertainment_dataset/images/games_4dfa0d1e33/12.jpg"", ""/content/drive/MyDrive/olx_gamesentertainment_dataset/images/games_4dfa0d1e33/13.jpg"", ""/content/drive/MyDrive/olx_gamesentertainment_dataset/images/games_4dfa0d1e33/14.jpg""]",14,2025-12-08 05:10:04.043960
games_450f9b0471,https://www.olx.in/item/games-entertainment-c93-dsc-orignal-kasmiri-willow-cricket-bat-in-mankhurd-mumbai-iid-1827939841,DSC orignal Kasmiri willow cricket bat,Orignal Kasmiri willow DSC cricket bat (never used) brand new - Games & Entertainment,3500,"[""/content/drive/MyDrive/olx_gamesentertainment_dataset/images/games_450f9b0471/1.jpg"", ""/content/drive/MyDrive/olx_gamesentertainment_dataset/images/games_450f9b0471/2.jpg"", ""/content/drive/MyDrive/olx_gamesentertainment_dataset/images/games_450f9b0471/3.jpg"", ""/content/drive/MyDrive/olx_gamesentertainment_dataset/images/games_450f9b0471/4.jpg"", ""/content/drive/MyDrive/olx_gamesentertainment_dataset/images/games_450f9b0471/5.jpg"", ""/content/drive/MyDrive/olx_gamesentertainment_dataset/images/games_450f9b0471/6.jpg"", ""/content/drive/MyDrive/olx_gamesentertainment_dataset/images/games_450f9b0471/7.jpg"", ""/content/drive/MyDrive/olx_gamesentertainment_dataset/images/games_450f9b0471/8.jpg"", ""/content/drive/MyDrive/olx_gamesentertainment_dataset/images/games_450f9b0471/9.jpg"", ""/content/drive/MyDrive/olx_gamesentertainment_dataset/images/games_450f9b0471/10.jpg"", ""/content/drive/MyDrive/olx_gamesentertainment_dataset/images/games_450f9b0471/11.jpg"", ""/content/drive/MyDrive/olx_gamesentertainment_dataset/images/games_450f9b0471/12.jpg"", ""/content/drive/MyDrive/olx_gamesentertainment_dataset/images/games_450f9b0471/13.jpg"", ""/content/drive/MyDrive/olx_gamesentertainment_dataset/images/games_450f9b0471/14.jpg""]",14,2025-12-08 05:10:13.437607
games_143d33acfe,https://www.olx.in/item/games-entertainment-c93-great-gamers-wholesale-ps2ps3ps4xbox360-all-gaming-console-in-bhawani-nagar-meerut-iid-1616603784,"Great Gamers Wholesale Ps2,Ps3,Ps4,Xbox360 All Gaming console",WELCOME TO GREAT GEMERS PS2 32 GB WITH 20 + 1200 RETRO GAME ONLY 4750/- PS2 160GB WITH 70 + 1200 RETRO GAME ONLY 6999/- PS2 320GB WITH 150 + 1200 RETRO GAME 6999/- BIG PS2 160 GB WITH 55 GAME ONLY 7499/- PSP 16 GB WITH 20 GAME ONLY 4499/- BIG PS3 500 GB WITH 30 GAME ONLY 11999/- PS3 SLIM 500 GB WITH 30 GAME ONLY 12999/- PS3 SUPER SLIM 500 GB WITH 30 GAME ONLY 13999/- XBOX 360 FAT 160 GB WITH 30 GAME ONLY 8999/- XBOX 360 SLIM 500 GB WITH 100 GAME ONLY 13999/- WEBS!TE:- greatgamer. in NOTE - WE ARE NOT SELLING REPAIRED CONSOLE . thanks for trusting us - Games & Entertainment,12999,"[""/content/drive/MyDrive/olx_gamesentertainment_dataset/images/games_143d33acfe/1.jpg"", ""/content/drive/MyDrive/olx_gamesentertainment_dataset/images/games_143d33acfe/2.jpg"", ""/content/drive/MyDrive/olx_gamesentertainment_dataset/images/games_143d33acfe/3.jpg"", ""/content/drive/MyDrive/olx_gamesentertainment_dataset/images/games_143d33acfe/4.jpg"", ""/content/drive/MyDrive/olx_gamesentertainment_dataset/images/games_143d33acfe/5.jpg"", ""/content/drive/MyDrive/olx_gamesentertainment_dataset/images/games_143d33acfe/6.jpg"", ""/content/drive/MyDrive/olx_gamesentertainment_dataset/images/games_143d33acfe/7.jpg"", ""/content/drive/MyDrive/olx_gamesentertainment_dataset/images/games_143d33acfe/8.jpg"", ""/content/drive/MyDrive/olx_gamesentertainment_dataset/images/games_143d33acfe/9.jpg"", ""/content/drive/MyDrive/olx_gamesentertainment_dataset/images/games_143d33acfe/10.jpg"", ""/content/drive/MyDrive/olx_gamesentertainment_dataset/images/games_143d33acfe/11.jpg"", ""/content/drive/MyDrive/olx_gamesentertainment_dataset/images/games_143d33acfe/12.jpg"", ""/content/drive/MyDrive/olx_gamesentertainment_dataset/images/games_143d33acfe/13.jpg"", ""/content/drive/MyDrive/olx_gamesentertainment_dataset/images/games_143d33acfe/14.jpg""]",14,2025-12-08 05:10:22.441869
games_30bc114585,https://www.olx.in/item/games-entertainment-c93-logitec-g923-with-shifter-in-kasavanahalli-bengaluru-iid-1828257092,Logitec G923 with Shifter,"Logitec wheel, pedals and H-Shifter. All items under warranty, purchased in May 2025 - Games & Entertainment",26000,"[""/content/drive/MyDrive/olx_gamesentertainment_dataset/images/games_30bc114585/1.jpg"", ""/content/drive/MyDrive/olx_gamesentertainment_dataset/images/games_30bc114585/2.jpg"", ""/content/drive/MyDrive/olx_gamesentertainment_dataset/images/games_30bc114585/3.jpg"", ""/content/drive/MyDrive/olx_gamesentertainment_dataset/images/games_30bc114585/4.jpg"", ""/content/drive/MyDrive/olx_gamesentertainment_dataset/images/games_30bc114585/5.jpg"", ""/content/drive/MyDrive/olx_gamesentertainment_dataset/images/games_30bc114585/6.jpg"", ""/content/drive/MyDrive/olx_gamesentertainment_dataset/images/games_30bc114585/7.jpg"", ""/content/drive/MyDrive/olx_gamesentertainment_dataset/images/games_30bc114585/8.jpg"", ""/content/drive/MyDrive/olx_gamesentertainment_dataset/images/games_30bc114585/9.jpg"", ""/content/drive/MyDrive/olx_gamesentertainment_dataset/images/games_30bc114585/10.jpg"", ""/content/drive/MyDrive/olx_gamesentertainment_dataset/images/games_30bc114585/11.jpg"", ""/content/drive/MyDrive/olx_gamesentertainment_dataset/images/games_30bc114585/12.jpg"", ""/content/drive/MyDrive/olx_gamesentertainment_dataset/images/games_30bc114585/13.jpg"", ""/content/drive/MyDrive/olx_gamesentertainment_dataset/images/games_30bc114585/14.jpg""]",14,2025-12-08 05:10:33.684153
games_b07ed1ac5a,https://www.olx.in/item/games-entertainment-c93-great-gamers-wholesale-ps2ps3ps4xbox360-all-gaming-console-in-apurva-colony-kolhapur-iid-1616264859,"Great Gamers Wholesale Ps2,Ps3,Ps4,Xbox360 All Gaming console",WELCOME TO GREAT GEMERS PS2 32 GB WITH 20 + 1200 RETRO GAME ONLY 4750/- PS2 160GB WITH 70 + 1200 RETRO GAME ONLY 6999/- PS2 320GB WITH 150 + 1200 RETRO GAME 6999/- BIG PS2 160 GB WITH 55 GAME ONLY 7499/- PSP 16 GB WITH 20 GAME ONLY 4499/- BIG PS3 500 GB WITH 30 GAME ONLY 11999/- PS3 SLIM 500 GB WITH 30 GAME ONLY 12999/- PS3 SUPER SLIM 500 GB WITH 30 GAME ONLY 13999/- XBOX 360 FAT 160 GB WITH 30 GAME ONLY 8999/- XBOX 360 SLIM 500 GB WITH 100 GAME ONLY 13999/- WEBS!TE:- greatgamer. in NOTE - WE ARE NOT SELLING REPAIRED CONSOLE . thanks for trusting us - Games & Entertainment,4750,"[""/content/drive/MyDrive/olx_gamesentertainment_dataset/images/games_b07ed1ac5a/1.jpg"", ""/content/drive/MyDrive/olx_gamesentertainment_dataset/images/games_b07ed1ac5a/2.jpg"", ""/content/drive/MyDrive/olx_gamesentertainment_dataset/images/games_b07ed1ac5a/3.jpg"", ""/content/drive/MyDrive/olx_gamesentertainment_dataset/images/games_b07ed1ac5a/4.jpg"", ""/content/drive/MyDrive/olx_gamesentertainment_dataset/images/games_b07ed1ac5a/5.jpg"", ""/content/drive/MyDrive/olx_gamesentertainment_dataset/images/games_b07ed1ac5a/6.jpg"", ""/content/drive/MyDrive/olx_gamesentertainment_dataset/images/games_b07ed1ac5a/7.jpg"", ""/content/drive/MyDrive/olx_gamesentertainment_dataset/images/games_b07ed1ac5a/8.jpg"", ""/content/drive/MyDrive/olx_gamesentertainment_dataset/images/games_b07ed1ac5a/9.jpg"", ""/content/drive/MyDrive/olx_gamesentertainment_dataset/images/games_b07ed1ac5a/10.jpg"", ""/content/drive/MyDrive/olx_gamesentertainment_dataset/images/games_b07ed1ac5a/11.jpg"", ""/content/drive/MyDrive/olx_gamesentertainment_dataset/images/games_b07ed1ac5a/12.jpg"", ""/content/drive/MyDrive/olx_gamesentertainment_dataset/images/games_b07ed1ac5a/13.jpg"", ""/content/drive/MyDrive/olx_gamesentertainment_dataset/images/games_b07ed1ac5a/14.jpg""]",14,2025-12-08 05:10:43.623745
games_0b8342c921,https://www.olx.in/item/games-entertainment-c93-nintendo-dsi-xl-very-good-condition-in-girgaon-chowpatty-area-mumbai-iid-1828640485,Nintendo dsi xl very good condition,With charger - Games & Entertainment,11000,"[""/content/drive/MyDrive/olx_gamesentertainment_dataset/images/games_0b8342c921/1.jpg"", ""/content/drive/MyDrive/olx_gamesentertainment_dataset/images/games_0b8342c921/2.jpg"", ""/content/drive/MyDrive/olx_gamesentertainment_dataset/images/games_0b8342c921/3.jpg"", ""/content/drive/MyDrive/olx_gamesentertainment_dataset/images/games_0b8342c921/4.jpg"", ""/content/drive/MyDrive/olx_gamesentertainment_dataset/images/games_0b8342c921/5.jpg"", ""/content/drive/MyDrive/olx_gamesentertainment_dataset/images/games_0b8342c921/6.jpg"", ""/content/drive/MyDrive/olx_gamesentertainment_dataset/images/games_0b8342c921/7.jpg"", ""/content/drive/MyDrive/olx_gamesentertainment_dataset/images/games_0b8342c921/8.jpg"", ""/content/drive/MyDrive/olx_gamesentertainment_dataset/images/games_0b8342c921/9.jpg"", ""/content/drive/MyDrive/olx_gamesentertainment_dataset/images/games_0b8342c921/10.jpg"", ""/content/drive/MyDrive/olx_gamesentertainment_dataset/images/games_0b8342c921/11.jpg"", ""/content/drive/MyDrive/olx_gamesentertainment_dataset/images/games_0b8342c921/12.jpg"", ""/content/drive/MyDrive/olx_gamesentertainment_dataset/images/games_0b8342c921/13.jpg"", ""/content/drive/MyDrive/olx_gamesentertainment_dataset/images/games_0b8342c921/14.jpg"", ""/content/drive/MyDrive/olx_gamesentertainment_dataset/images/games_0b8342c921/15.jpg"", ""/content/drive/MyDrive/olx_gamesentertainment_dataset/images/games_0b8342c921/16.jpg""]",16,2025-12-08 05:10:52.737000
games_159922db0a,https://www.olx.in/item/games-entertainment-c93-great-gamers-wholesale-ps2ps3ps4xbox360-all-gaming-console-in-murbad-road-ulhasnagar-iid-1616265430,"Great Gamers Wholesale Ps2,Ps3,Ps4,Xbox360 All Gaming console",WELCOME TO GREAT GEMERS PS2 32 GB WITH 20 + 1200 RETRO GAME ONLY 4750/- PS2 160GB WITH 70 + 1200 RETRO GAME ONLY 6999/- PS2 320GB WITH 150 + 1200 RETRO GAME 6999/- BIG PS2 160 GB WITH 55 GAME ONLY 7499/- PSP 16 GB WITH 20 GAME ONLY 4499/- BIG PS3 500 GB WITH 30 GAME ONLY 11999/- PS3 SLIM 500 GB WITH 30 GAME ONLY 12999/- PS3 SUPER SLIM 500 GB WITH 30 GAME ONLY 13999/- XBOX 360 FAT 160 GB WITH 30 GAME ONLY 8999/- XBOX 360 SLIM 500 GB WITH 100 GAME ONLY 13999/- WEBS!TE:- greatgamer. in NOTE - WE ARE NOT SELLING REPAIRED CONSOLE . thanks for trusting us - Games & Entertainment,4750,"[""/content/drive/MyDrive/olx_gamesentertainment_dataset/images/games_159922db0a/1.jpg"", ""/content/drive/MyDrive/olx_gamesentertainment_dataset/images/games_159922db0a/2.jpg"", ""/content/drive/MyDrive/olx_gamesentertainment_dataset/images/games_159922db0a/3.jpg"", ""/content/drive/MyDrive/olx_gamesentertainment_dataset/images/games_159922db0a/4.jpg"", ""/content/drive/MyDrive/olx_gamesentertainment_dataset/images/games_159922db0a/5.jpg"", ""/content/drive/MyDrive/olx_gamesentertainment_dataset/images/games_159922db0a/6.jpg"", ""/content/drive/MyDrive/olx_gamesentertainment_dataset/images/games_159922db0a/7.jpg"", ""/content/drive/MyDrive/olx_gamesentertainment_dataset/images/games_159922db0a/8.jpg"", ""/content/drive/MyDrive/olx_gamesentertainment_dataset/images/games_159922db0a/9.jpg"", ""/content/drive/MyDrive/olx_gamesentertainment_dataset/images/games_159922db0a/10.jpg"", ""/content/drive/MyDrive/olx_gamesentertainment_dataset/images/games_159922db0a/11.jpg"", ""/content/drive/MyDrive/olx_gamesentertainment_dataset/images/games_159922db0a/12.jpg"", ""/content/drive/MyDrive/olx_gamesentertainment_dataset/images/games_159922db0a/13.jpg"", ""/content/drive/MyDrive/olx_gamesentertainment_dataset/images/games_159922db0a/14.jpg""]",14,2025-12-08 05:11:02.834645
games_654289202f,https://www.olx.in/item/games-entertainment-c93-ps4-pro-1tb-with-wired-controller-and-cod-3-slightly-negotiable-in-aquam-baxico-aquem-iid-1828393466,Ps4 pro 1TB With Wired controller And Cod 3  (slightly negotiable),Only serious buyers pls Don’t ask for silly questions it’s not repaired or open once it’s as good as new and low ballers stay away - Games & Entertainment,20000,"[""/content/drive/MyDrive/olx_gamesentertainment_dataset/images/games_654289202f/1.jpg"", ""/content/drive/MyDrive/olx_gamesentertainment_dataset/images/games_654289202f/2.jpg"", ""/content/drive/MyDrive/olx_gamesentertainment_dataset/images/games_654289202f/3.jpg"", ""/content/drive/MyDrive/olx_gamesentertainment_dataset/images/games_654289202f/4.jpg"", ""/content/drive/MyDrive/olx_gamesentertainment_dataset/images/games_654289202f/5.jpg"", ""/content/drive/MyDrive/olx_gamesentertainment_dataset/images/games_654289202f/6.jpg"", ""/content/drive/MyDrive/olx_gamesentertainment_dataset/images/games_654289202f/7.jpg"", ""/content/drive/MyDrive/olx_gamesentertainment_dataset/images/games_654289202f/8.jpg"", ""/content/drive/MyDrive/olx_gamesentertainment_dataset/images/games_654289202f/9.jpg"", ""/content/drive/MyDrive/olx_gamesentertainment_dataset/images/games_654289202f/10.jpg"", ""/content/drive/MyDrive/olx_gamesentertainment_dataset/images/games_654289202f/11.jpg"", ""/content/drive/MyDrive/olx_gamesentertainment_dataset/images/games_654289202f/12.jpg"", ""/content/drive/MyDrive/olx_gamesentertainment_dataset/images/games_654289202f/13.jpg"", ""/content/drive/MyDrive/olx_gamesentertainment_dataset/images/games_654289202f/14.jpg""]",14,2025-12-08 05:11:13.449677
games_3fbe162515,https://www.olx.in/item/games-entertainment-c93-ps4-pro-1tb-in-mint-condition-as-good-as-new-in-malleshwaram-bengaluru-iid-1790597799,Ps4 pro 1tb in mint condition as good as new,We sell both used and new Playstation 5 Consoles Used ps4 starts from 14999 Used ps5 starts from 35000 We also exchange ps4 to ps5 25000 We also buy old ps4 and ps5 Consoles for cash Ps4 pro starts from 25000 - Games & Entertainment,10000,"[""/content/drive/MyDrive/olx_gamesentertainment_dataset/images/games_3fbe162515/1.jpg"", ""/content/drive/MyDrive/olx_gamesentertainment_dataset/images/games_3fbe162515/2.jpg"", ""/content/drive/MyDrive/olx_gamesentertainment_dataset/images/games_3fbe162515/3.jpg"", ""/content/drive/MyDrive/olx_gamesentertainment_dataset/images/games_3fbe162515/4.jpg"", ""/content/drive/MyDrive/olx_gamesentertainment_dataset/images/games_3fbe162515/5.jpg"", ""/content/drive/MyDrive/olx_gamesentertainment_dataset/images/games_3fbe162515/6.jpg"", ""/content/drive/MyDrive/olx_gamesentertainment_dataset/images/games_3fbe162515/7.jpg"", ""/content/drive/MyDrive/olx_gamesentertainment_dataset/images/games_3fbe162515/8.jpg"", ""/content/drive/MyDrive/olx_gamesentertainment_dataset/images/games_3fbe162515/9.jpg"", ""/content/drive/MyDrive/olx_gamesentertainment_dataset/images/games_3fbe162515/10.jpg"", ""/content/drive/MyDrive/olx_gamesentertainment_dataset/images/games_3fbe162515/11.jpg"", ""/content/drive/MyDrive/olx_gamesentertainment_dataset/images/games_3fbe162515/12.jpg"", ""/content/drive/MyDrive/olx_gamesentertainment_dataset/images/games_3fbe162515/13.jpg"", ""/content/drive/MyDrive/olx_gamesentertainment_dataset/images/games_3fbe162515/14.jpg"", ""/content/drive/MyDrive/olx_gamesentertainment_dataset/images/games_3fbe162515/15.jpg"", ""/content/drive/MyDrive/olx_gamesentertainment_dataset/images/games_3fbe162515/16.jpg""]",16,2025-12-08 05:11:27.930476
games_b4bc7442fd,https://www.olx.in/item/games-entertainment-c93-sony-ps-5-gaming-console-and-controler-disc-edition-slim-in-nehru-nagar-belagavi-iid-1825143481,"Sony PS 5 Gaming Console and Controler, Disc edition, slim","Jus 3 months old, with Bill ,under Warranty, with Carton Box and new condition and hardly used. Actual price Rs. 54,990 selling for 43K. - Games & Entertainment",54990,"[""/content/drive/MyDrive/olx_gamesentertainment_dataset/images/games_b4bc7442fd/1.jpg"", ""/content/drive/MyDrive/olx_gamesentertainment_dataset/images/games_b4bc7442fd/2.jpg"", ""/content/drive/MyDrive/olx_gamesentertainment_dataset/images/games_b4bc7442fd/3.jpg"", ""/content/drive/MyDrive/olx_gamesentertainment_dataset/images/games_b4bc7442fd/4.jpg"", ""/content/drive/MyDrive/olx_gamesentertainment_dataset/images/games_b4bc7442fd/5.jpg"", ""/content/drive/MyDrive/olx_gamesentertainment_dataset/images/games_b4bc7442fd/6.jpg"", ""/content/drive/MyDrive/olx_gamesentertainment_dataset/images/games_b4bc7442fd/7.jpg"", ""/content/drive/MyDrive/olx_gamesentertainment_dataset/images/games_b4bc7442fd/8.jpg"", ""/content/drive/MyDrive/olx_gamesentertainment_dataset/images/games_b4bc7442fd/9.jpg"", ""/content/drive/MyDrive/olx_gamesentertainment_dataset/images/games_b4bc7442fd/10.jpg"", ""/content/drive/MyDrive/olx_gamesentertainment_dataset/images/games_b4bc7442fd/11.jpg"", ""/content/drive/MyDrive/olx_gamesentertainment_dataset/images/games_b4bc7442fd/12.jpg"", ""/content/drive/MyDrive/olx_gamesentertainment_dataset/images/games_b4bc7442fd/13.jpg"", ""/content/drive/MyDrive/olx_gamesentertainment_dataset/images/games_b4bc7442fd/14.jpg""]",14,2025-12-08 05:11:38.169499
games_6be0673df1,https://www.olx.in/item/games-entertainment-c93-ps2-32-gb-with-20-1200-retro-game-all-new-accessories-in-ahmed-nagar-lucknow-iid-1616269877,PS2 32 GB WITH 20 + 1200 RETRO GAME & ALL NEW ACCESSORIES,WELCOME TO GREAT GEMERS PS2 32 GB WITH 20 + 1200 RETRO GAME ONLY 4750/- PS2 160GB WITH 70 + 1200 RETRO GAME ONLY 6999/- PS2 320GB WITH 150 + 1200 RETRO GAME 6999/- BIG PS2 160 GB WITH 55 GAME ONLY 7499/- PSP 16 GB WITH 20 GAME ONLY 4499/- BIG PS3 500 GB WITH 30 GAME ONLY 11999/- PS3 SLIM 500 GB WITH 30 GAME ONLY 12999/- PS3 SUPER SLIM 500 GB WITH 30 GAME ONLY 13999/- XBOX 360 FAT 160 GB WITH 30 GAME ONLY 8999/- XBOX 360 SLIM 500 GB WITH 100 GAME ONLY 13999/- WEBS!TE:- greatgamer. in NOTE - WE ARE NOT SELLING REPAIRED CONSOLE . thanks for trusting us - Games & Entertainment,4750,"[""/content/drive/MyDrive/olx_gamesentertainment_dataset/images/games_6be0673df1/1.jpg"", ""/content/drive/MyDrive/olx_gamesentertainment_dataset/images/games_6be0673df1/2.jpg"", ""/content/drive/MyDrive/olx_gamesentertainment_dataset/images/games_6be0673df1/3.jpg"", ""/content/drive/MyDrive/olx_gamesentertainment_dataset/images/games_6be0673df1/4.jpg"", ""/content/drive/MyDrive/olx_gamesentertainment_dataset/images/games_6be0673df1/5.jpg"", ""/content/drive/MyDrive/olx_gamesentertainment_dataset/images/games_6be0673df1/6.jpg"", ""/content/drive/MyDrive/olx_gamesentertainment_dataset/images/games_6be0673df1/7.jpg"", ""/content/drive/MyDrive/olx_gamesentertainment_dataset/images/games_6be0673df1/8.jpg"", ""/content/drive/MyDrive/olx_gamesentertainment_dataset/images/games_6be0673df1/9.jpg"", ""/content/drive/MyDrive/olx_gamesentertainment_dataset/images/games_6be0673df1/10.jpg"", ""/content/drive/MyDrive/olx_gamesentertainment_dataset/images/games_6be0673df1/11.jpg"", ""/content/drive/MyDrive/olx_gamesentertainment_dataset/images/games_6be0673df1/12.jpg"", ""/content/drive/MyDrive/olx_gamesentertainment_dataset/images/games_6be0673df1/13.jpg"", ""/content/drive/MyDrive/olx_gamesentertainment_dataset/images/games_6be0673df1/14.jpg""]",14,2025-12-08 05:11:48.840058
games_57bf37c114,https://www.olx.in/item/games-entertainment-c93-ps-4-games-in-yadgari-gate-swar-s-ratan-singh-nurmahal-iid-1828640281,PS 4 Games,MORTALS 11 KOMBAT ULTIMATE - Games & Entertainment,800,"[""/content/drive/MyDrive/olx_gamesentertainment_dataset/images/games_57bf37c114/1.jpg"", ""/content/drive/MyDrive/olx_gamesentertainment_dataset/images/games_57bf37c114/2.jpg"", ""/content/drive/MyDrive/olx_gamesentertainment_dataset/images/games_57bf37c114/3.jpg"", ""/content/drive/MyDrive/olx_gamesentertainment_dataset/images/games_57bf37c114/4.jpg"", ""/content/drive/MyDrive/olx_gamesentertainment_dataset/images/games_57bf37c114/5.jpg"", ""/content/drive/MyDrive/olx_gamesentertainment_dataset/images/games_57bf37c114/6.jpg"", ""/content/drive/MyDrive/olx_gamesentertainment_dataset/images/games_57bf37c114/7.jpg"", ""/content/drive/MyDrive/olx_gamesentertainment_dataset/images/games_57bf37c114/8.jpg"", ""/content/drive/MyDrive/olx_gamesentertainment_dataset/images/games_57bf37c114/9.jpg"", ""/content/drive/MyDrive/olx_gamesentertainment_dataset/images/games_57bf37c114/10.jpg"", ""/content/drive/MyDrive/olx_gamesentertainment_dataset/images/games_57bf37c114/11.jpg"", ""/content/drive/MyDrive/olx_gamesentertainment_dataset/images/games_57bf37c114/12.jpg"", ""/content/drive/MyDrive/olx_gamesentertainment_dataset/images/games_57bf37c114/13.jpg"", ""/content/drive/MyDrive/olx_gamesentertainment_dataset/images/games_57bf37c114/14.jpg""]",14,2025-12-08 05:12:05.005740
games_76f27f06ff,https://www.olx.in/item/games-entertainment-c93-ps4-plus-game-in-junction-salem-iid-1828638455,PS4 PLUS  GAME,GOOD CONDTION FULL KIT AVAIABLE - Games & Entertainment,35000,"[""/content/drive/MyDrive/olx_gamesentertainment_dataset/images/games_76f27f06ff/1.jpg"", ""/content/drive/MyDrive/olx_gamesentertainment_dataset/images/games_76f27f06ff/2.jpg"", ""/content/drive/MyDrive/olx_gamesentertainment_dataset/images/games_76f27f06ff/3.jpg"", ""/content/drive/MyDrive/olx_gamesentertainment_dataset/images/games_76f27f06ff/4.jpg"", ""/content/drive/MyDrive/olx_gamesentertainment_dataset/images/games_76f27f06ff/5.jpg"", ""/content/drive/MyDrive/olx_gamesentertainment_dataset/images/games_76f27f06ff/6.jpg"", ""/content/drive/MyDrive/olx_gamesentertainment_dataset/images/games_76f27f06ff/7.jpg"", ""/content/drive/MyDrive/olx_gamesentertainment_dataset/images/games_76f27f06ff/8.jpg"", ""/content/drive/MyDrive/olx_gamesentertainment_dataset/images/games_76f27f06ff/9.jpg"", ""/content/drive/MyDrive/olx_gamesentertainment_dataset/images/games_76f27f06ff/10.jpg"", ""/content/drive/MyDrive/olx_gamesentertainment_dataset/images/games_76f27f06ff/11.jpg"", ""/content/drive/MyDrive/olx_gamesentertainment_dataset/images/games_76f27f06ff/12.jpg"", ""/content/drive/MyDrive/olx_gamesentertainment_dataset/images/games_76f27f06ff/13.jpg"", ""/content/drive/MyDrive/olx_gamesentertainment_dataset/images/games_76f27f06ff/14.jpg""]",14,2025-12-08 05:12:17.528200
games_5e9019de28,https://www.olx.in/item/games-entertainment-c93-meta-quest-3-512gb-the-most-powerful-reality-experience-brand-new-in-udyog-vihar-phase-5-gurgaon-iid-1828291895,Meta Quest 3 512GB (The Most Powerful reality Experience) Brand New,"Product Highlights: 1. Condition: Sealed Pack 2. Fully tested & working perfectly 3. All original accessories included (if applicable) 4. Premium quality at a budget-friendly price Store Location: Sector 36 – Khewat No - 241 224, Narsinghpur, Old Manesar Road, Gurugram Contact: Message me on OLX for quick response. - Games & Entertainment",48990,"[""/content/drive/MyDrive/olx_gamesentertainment_dataset/images/games_5e9019de28/1.jpg"", ""/content/drive/MyDrive/olx_gamesentertainment_dataset/images/games_5e9019de28/2.jpg"", ""/content/drive/MyDrive/olx_gamesentertainment_dataset/images/games_5e9019de28/3.jpg"", ""/content/drive/MyDrive/olx_gamesentertainment_dataset/images/games_5e9019de28/4.jpg"", ""/content/drive/MyDrive/olx_gamesentertainment_dataset/images/games_5e9019de28/5.jpg"", ""/content/drive/MyDrive/olx_gamesentertainment_dataset/images/games_5e9019de28/6.jpg"", ""/content/drive/MyDrive/olx_gamesentertainment_dataset/images/games_5e9019de28/7.jpg"", ""/content/drive/MyDrive/olx_gamesentertainment_dataset/images/games_5e9019de28/8.jpg"", ""/content/drive/MyDrive/olx_gamesentertainment_dataset/images/games_5e9019de28/9.jpg"", ""/content/drive/MyDrive/olx_gamesentertainment_dataset/images/games_5e9019de28/10.jpg"", ""/content/drive/MyDrive/olx_gamesentertainment_dataset/images/games_5e9019de28/11.jpg"", ""/content/drive/MyDrive/olx_gamesentertainment_dataset/images/games_5e9019de28/12.jpg"", ""/content/drive/MyDrive/olx_gamesentertainment_dataset/images/games_5e9019de28/13.jpg"", ""/content/drive/MyDrive/olx_gamesentertainment_dataset/images/games_5e9019de28/14.jpg""]",14,2025-12-08 05:12:26.684501
games_f0a8f04922,https://www.olx.in/item/games-entertainment-c93-battery-operated-car-in-atala-allahabad-iid-1818996339,Battery operated car,Six months old battery operated car Manual operated and remote operated. It's a big sized car . - Games & Entertainment,16000,"[""/content/drive/MyDrive/olx_gamesentertainment_dataset/images/games_f0a8f04922/1.jpg"", ""/content/drive/MyDrive/olx_gamesentertainment_dataset/images/games_f0a8f04922/2.jpg"", ""/content/drive/MyDrive/olx_gamesentertainment_dataset/images/games_f0a8f04922/3.jpg"", ""/content/drive/MyDrive/olx_gamesentertainment_dataset/images/games_f0a8f04922/4.jpg"", ""/content/drive/MyDrive/olx_gamesentertainment_dataset/images/games_f0a8f04922/5.jpg"", ""/content/drive/MyDrive/olx_gamesentertainment_dataset/images/games_f0a8f04922/6.jpg"", ""/content/drive/MyDrive/olx_gamesentertainment_dataset/images/games_f0a8f04922/7.jpg"", ""/content/drive/MyDrive/olx_gamesentertainment_dataset/images/games_f0a8f04922/8.jpg"", ""/content/drive/MyDrive/olx_gamesentertainment_dataset/images/games_f0a8f04922/9.jpg"", ""/content/drive/MyDrive/olx_gamesentertainment_dataset/images/games_f0a8f04922/10.jpg"", ""/content/drive/MyDrive/olx_gamesentertainment_dataset/images/games_f0a8f04922/11.jpg"", ""/content/drive/MyDrive/olx_gamesentertainment_dataset/images/games_f0a8f04922/12.jpg"", ""/content/drive/MyDrive/olx_gamesentertainment_dataset/images/games_f0a8f04922/13.jpg"", ""/content/drive/MyDrive/olx_gamesentertainment_dataset/images/games_f0a8f04922/14.jpg""]",14,2025-12-08 05:12:38.589709
games_31e2a2f83b,https://www.olx.in/item/games-entertainment-c93-ps5-extra-ssd-2tb-with-5-year-official-warrenty-in-nanganallur-chennai-iid-1828296788,PS5 EXTRA SSD 2TB with 5 year Official Warrenty,I am selling my PlayStation 5 external SSD of 2 TB size. Just 1 month old. Testing is available before purchase if you bring your PS5 console. Only serious buyers contact. No time-pass messages. - Games & Entertainment,16500,"[""/content/drive/MyDrive/olx_gamesentertainment_dataset/images/games_31e2a2f83b/1.jpg"", ""/content/drive/MyDrive/olx_gamesentertainment_dataset/images/games_31e2a2f83b/2.jpg"", ""/content/drive/MyDrive/olx_gamesentertainment_dataset/images/games_31e2a2f83b/3.jpg"", ""/content/drive/MyDrive/olx_gamesentertainment_dataset/images/games_31e2a2f83b/4.jpg"", ""/content/drive/MyDrive/olx_gamesentertainment_dataset/images/games_31e2a2f83b/5.jpg"", ""/content/drive/MyDrive/olx_gamesentertainment_dataset/images/games_31e2a2f83b/6.jpg"", ""/content/drive/MyDrive/olx_gamesentertainment_dataset/images/games_31e2a2f83b/7.jpg"", ""/content/drive/MyDrive/olx_gamesentertainment_dataset/images/games_31e2a2f83b/8.jpg"", ""/content/drive/MyDrive/olx_gamesentertainment_dataset/images/games_31e2a2f83b/9.jpg"", ""/content/drive/MyDrive/olx_gamesentertainment_dataset/images/games_31e2a2f83b/10.jpg"", ""/content/drive/MyDrive/olx_gamesentertainment_dataset/images/games_31e2a2f83b/11.jpg"", ""/content/drive/MyDrive/olx_gamesentertainment_dataset/images/games_31e2a2f83b/12.jpg"", ""/content/drive/MyDrive/olx_gamesentertainment_dataset/images/games_31e2a2f83b/13.jpg"", ""/content/drive/MyDrive/olx_gamesentertainment_dataset/images/games_31e2a2f83b/14.jpg""]",14,2025-12-08 05:12:52.483597
games_4c72acfb52,https://www.olx.in/item/games-entertainment-c93-ps4-pro-1tb-console-in-immaculate-condition-in-frazer-town-bengaluru-iid-1768602404,Ps4 pro 1tb console in immaculate condition,"All types of consoles are available used and new Used Playstation 4 pro console starts from 28000 Ps4 fat starts from 15000 Ps4 pro used starts from 28000 New Used, less Used, with warranty without warranty all variants available Ps4 fat Ps4 slim Ps4 pro Ps5 fat Ps5 slim All available at lowest rates - Games & Entertainment",15999,"[""/content/drive/MyDrive/olx_gamesentertainment_dataset/images/games_4c72acfb52/1.jpg"", ""/content/drive/MyDrive/olx_gamesentertainment_dataset/images/games_4c72acfb52/2.jpg"", ""/content/drive/MyDrive/olx_gamesentertainment_dataset/images/games_4c72acfb52/3.jpg"", ""/content/drive/MyDrive/olx_gamesentertainment_dataset/images/games_4c72acfb52/4.jpg"", ""/content/drive/MyDrive/olx_gamesentertainment_dataset/images/games_4c72acfb52/5.jpg"", ""/content/drive/MyDrive/olx_gamesentertainment_dataset/images/games_4c72acfb52/6.jpg"", ""/content/drive/MyDrive/olx_gamesentertainment_dataset/images/games_4c72acfb52/7.jpg"", ""/content/drive/MyDrive/olx_gamesentertainment_dataset/images/games_4c72acfb52/8.jpg"", ""/content/drive/MyDrive/olx_gamesentertainment_dataset/images/games_4c72acfb52/9.jpg"", ""/content/drive/MyDrive/olx_gamesentertainment_dataset/images/games_4c72acfb52/10.jpg"", ""/content/drive/MyDrive/olx_gamesentertainment_dataset/images/games_4c72acfb52/11.jpg"", ""/content/drive/MyDrive/olx_gamesentertainment_dataset/images/games_4c72acfb52/12.jpg"", ""/content/drive/MyDrive/olx_gamesentertainment_dataset/images/games_4c72acfb52/13.jpg"", ""/content/drive/MyDrive/olx_gamesentertainment_dataset/images/games_4c72acfb52/14.jpg"", ""/content/drive/MyDrive/olx_gamesentertainment_dataset/images/games_4c72acfb52/15.jpg"", ""/content/drive/MyDrive/olx_gamesentertainment_dataset/images/games_4c72acfb52/16.jpg""]",16,2025-12-08 05:13:02.385812
games_6ec6aa7c10,https://www.olx.in/item/games-entertainment-c93-metaquest-3-box-piece-in-frazer-town-bengaluru-iid-1763384834,Metaquest 3 Box piece,Meta Quest 3 All variants available used and new Used metaquest 2 starts from 25000 Metaquest 2 Metaquest 3 Metaquest pro All available Used starts from 25000 - Games & Entertainment,25000,"[""/content/drive/MyDrive/olx_gamesentertainment_dataset/images/games_6ec6aa7c10/1.jpg"", ""/content/drive/MyDrive/olx_gamesentertainment_dataset/images/games_6ec6aa7c10/2.jpg"", ""/content/drive/MyDrive/olx_gamesentertainment_dataset/images/games_6ec6aa7c10/3.jpg"", ""/content/drive/MyDrive/olx_gamesentertainment_dataset/images/games_6ec6aa7c10/4.jpg"", ""/content/drive/MyDrive/olx_gamesentertainment_dataset/images/games_6ec6aa7c10/5.jpg"", ""/content/drive/MyDrive/olx_gamesentertainment_dataset/images/games_6ec6aa7c10/6.jpg"", ""/content/drive/MyDrive/olx_gamesentertainment_dataset/images/games_6ec6aa7c10/7.jpg"", ""/content/drive/MyDrive/olx_gamesentertainment_dataset/images/games_6ec6aa7c10/8.jpg"", ""/content/drive/MyDrive/olx_gamesentertainment_dataset/images/games_6ec6aa7c10/9.jpg"", ""/content/drive/MyDrive/olx_gamesentertainment_dataset/images/games_6ec6aa7c10/10.jpg"", ""/content/drive/MyDrive/olx_gamesentertainment_dataset/images/games_6ec6aa7c10/11.jpg"", ""/content/drive/MyDrive/olx_gamesentertainment_dataset/images/games_6ec6aa7c10/12.jpg"", ""/content/drive/MyDrive/olx_gamesentertainment_dataset/images/games_6ec6aa7c10/13.jpg"", ""/content/drive/MyDrive/olx_gamesentertainment_dataset/images/games_6ec6aa7c10/14.jpg"", ""/content/drive/MyDrive/olx_gamesentertainment_dataset/images/games_6ec6aa7c10/15.jpg"", ""/content/drive/MyDrive/olx_gamesentertainment_dataset/images/games_6ec6aa7c10/16.jpg""]",16,2025-12-08 05:13:13.912661
games_60ddbfe57d,https://www.olx.in/item/games-entertainment-c93-playstation-4-game-consoles-hardly-used-in-malleshwaram-bengaluru-iid-1790316889,Playstation 4 game Consoles hardly used,Used and new slim and fat all types of gaming Consoles available Used ps4 fat starts from 15000 Used ps5 starts from 35000 Used Xbox series s Used series X Nintendo oled Metaquest 3 Steam deck oled All gaming Consoles available Used and new available for sale - Games & Entertainment,15000,"[""/content/drive/MyDrive/olx_gamesentertainment_dataset/images/games_60ddbfe57d/1.jpg"", ""/content/drive/MyDrive/olx_gamesentertainment_dataset/images/games_60ddbfe57d/2.jpg"", ""/content/drive/MyDrive/olx_gamesentertainment_dataset/images/games_60ddbfe57d/3.jpg"", ""/content/drive/MyDrive/olx_gamesentertainment_dataset/images/games_60ddbfe57d/4.jpg"", ""/content/drive/MyDrive/olx_gamesentertainment_dataset/images/games_60ddbfe57d/5.jpg"", ""/content/drive/MyDrive/olx_gamesentertainment_dataset/images/games_60ddbfe57d/6.jpg"", ""/content/drive/MyDrive/olx_gamesentertainment_dataset/images/games_60ddbfe57d/7.jpg"", ""/content/drive/MyDrive/olx_gamesentertainment_dataset/images/games_60ddbfe57d/8.jpg"", ""/content/drive/MyDrive/olx_gamesentertainment_dataset/images/games_60ddbfe57d/9.jpg"", ""/content/drive/MyDrive/olx_gamesentertainment_dataset/images/games_60ddbfe57d/10.jpg"", ""/content/drive/MyDrive/olx_gamesentertainment_dataset/images/games_60ddbfe57d/11.jpg"", ""/content/drive/MyDrive/olx_gamesentertainment_dataset/images/games_60ddbfe57d/12.jpg"", ""/content/drive/MyDrive/olx_gamesentertainment_dataset/images/games_60ddbfe57d/13.jpg"", ""/content/drive/MyDrive/olx_gamesentertainment_dataset/images/games_60ddbfe57d/14.jpg""]",14,2025-12-08 05:13:24.627534
games_bea1469a74,https://www.olx.in/item/games-entertainment-c93-ps2-32-gb-with-20-1200-retro-game-all-new-accessories-in-bhopar-n-v-thane-iid-1616260313,PS2 32 GB WITH 20 + 1200 RETRO GAME & ALL NEW ACCESSORIES,WELCOME TO GREAT GEMERS PS2 32 GB WITH 20 + 1200 RETRO GAME ONLY 4750/- PS2 160GB WITH 70 + 1200 RETRO GAME ONLY 6999/- PS2 320GB WITH 150 + 1200 RETRO GAME 6999/- BIG PS2 160 GB WITH 55 GAME ONLY 7499/- PSP 16 GB WITH 20 GAME ONLY 4499/- BIG PS3 500 GB WITH 30 GAME ONLY 11999/- PS3 SLIM 500 GB WITH 30 GAME ONLY 12999/- PS3 SUPER SLIM 500 GB WITH 30 GAME ONLY 13999/- XBOX 360 FAT 160 GB WITH 30 GAME ONLY 8999/- XBOX 360 SLIM 500 GB WITH 100 GAME ONLY 13999/- WEBS!TE:- greatgamer. in NOTE - WE ARE NOT SELLING REPAIRED CONSOLE . thanks for trusting us - Games & Entertainment,4750,"[""/content/drive/MyDrive/olx_gamesentertainment_dataset/images/games_bea1469a74/1.jpg"", ""/content/drive/MyDrive/olx_gamesentertainment_dataset/images/games_bea1469a74/2.jpg"", ""/content/drive/MyDrive/olx_gamesentertainment_dataset/images/games_bea1469a74/3.jpg"", ""/content/drive/MyDrive/olx_gamesentertainment_dataset/images/games_bea1469a74/4.jpg"", ""/content/drive/MyDrive/olx_gamesentertainment_dataset/images/games_bea1469a74/5.jpg"", ""/content/drive/MyDrive/olx_gamesentertainment_dataset/images/games_bea1469a74/6.jpg"", ""/content/drive/MyDrive/olx_gamesentertainment_dataset/images/games_bea1469a74/7.jpg"", ""/content/drive/MyDrive/olx_gamesentertainment_dataset/images/games_bea1469a74/8.jpg"", ""/content/drive/MyDrive/olx_gamesentertainment_dataset/images/games_bea1469a74/9.jpg"", ""/content/drive/MyDrive/olx_gamesentertainment_dataset/images/games_bea1469a74/10.jpg"", ""/content/drive/MyDrive/olx_gamesentertainment_dataset/images/games_bea1469a74/11.jpg"", ""/content/drive/MyDrive/olx_gamesentertainment_dataset/images/games_bea1469a74/12.jpg"", ""/content/drive/MyDrive/olx_gamesentertainment_dataset/images/games_bea1469a74/13.jpg"", ""/content/drive/MyDrive/olx_gamesentertainment_dataset/images/games_bea1469a74/14.jpg""]",14,2025-12-08 05:13:34.695038
games_a3e41084fb,https://www.olx.in/item/games-entertainment-c93-meta-quest-2-advanced-vr-head-set-in-palayankottai-tirunelveli-iid-1828639702,META QUEST 2 ADVANCED VR HEAD SET,"Virtual Reality head set with 2 controller, in excellent condition with box, 3 years old. Rarely used. 128 GB torrent. - Games & Entertainment",16000,"[""/content/drive/MyDrive/olx_gamesentertainment_dataset/images/games_a3e41084fb/1.jpg"", ""/content/drive/MyDrive/olx_gamesentertainment_dataset/images/games_a3e41084fb/2.jpg"", ""/content/drive/MyDrive/olx_gamesentertainment_dataset/images/games_a3e41084fb/3.jpg"", ""/content/drive/MyDrive/olx_gamesentertainment_dataset/images/games_a3e41084fb/4.jpg"", ""/content/drive/MyDrive/olx_gamesentertainment_dataset/images/games_a3e41084fb/5.jpg"", ""/content/drive/MyDrive/olx_gamesentertainment_dataset/images/games_a3e41084fb/6.jpg"", ""/content/drive/MyDrive/olx_gamesentertainment_dataset/images/games_a3e41084fb/7.jpg"", ""/content/drive/MyDrive/olx_gamesentertainment_dataset/images/games_a3e41084fb/8.jpg"", ""/content/drive/MyDrive/olx_gamesentertainment_dataset/images/games_a3e41084fb/9.jpg"", ""/content/drive/MyDrive/olx_gamesentertainment_dataset/images/games_a3e41084fb/10.jpg"", ""/content/drive/MyDrive/olx_gamesentertainment_dataset/images/games_a3e41084fb/11.jpg"", ""/content/drive/MyDrive/olx_gamesentertainment_dataset/images/games_a3e41084fb/12.jpg"", ""/content/drive/MyDrive/olx_gamesentertainment_dataset/images/games_a3e41084fb/13.jpg"", ""/content/drive/MyDrive/olx_gamesentertainment_dataset/images/games_a3e41084fb/14.jpg""]",14,2025-12-08 05:13:44.953773
games_f4b653afe9,https://www.olx.in/item/games-entertainment-c93-ps4-pro-1tb-in-naroda-ahmedabad-iid-1828638836,PS4 PRO 1TB,SONY PS 4 PRO 1 TB 4 game free - Games & Entertainment,24999,"[""/content/drive/MyDrive/olx_gamesentertainment_dataset/images/games_f4b653afe9/1.jpg"", ""/content/drive/MyDrive/olx_gamesentertainment_dataset/images/games_f4b653afe9/2.jpg"", ""/content/drive/MyDrive/olx_gamesentertainment_dataset/images/games_f4b653afe9/3.jpg"", ""/content/drive/MyDrive/olx_gamesentertainment_dataset/images/games_f4b653afe9/4.jpg"", ""/content/drive/MyDrive/olx_gamesentertainment_dataset/images/games_f4b653afe9/5.jpg"", ""/content/drive/MyDrive/olx_gamesentertainment_dataset/images/games_f4b653afe9/6.jpg"", ""/content/drive/MyDrive/olx_gamesentertainment_dataset/images/games_f4b653afe9/7.jpg"", ""/content/drive/MyDrive/olx_gamesentertainment_dataset/images/games_f4b653afe9/8.jpg"", ""/content/drive/MyDrive/olx_gamesentertainment_dataset/images/games_f4b653afe9/9.jpg"", ""/content/drive/MyDrive/olx_gamesentertainment_dataset/images/games_f4b653afe9/10.jpg"", ""/content/drive/MyDrive/olx_gamesentertainment_dataset/images/games_f4b653afe9/11.jpg"", ""/content/drive/MyDrive/olx_gamesentertainment_dataset/images/games_f4b653afe9/12.jpg"", ""/content/drive/MyDrive/olx_gamesentertainment_dataset/images/games_f4b653afe9/13.jpg"", ""/content/drive/MyDrive/olx_gamesentertainment_dataset/images/games_f4b653afe9/14.jpg""]",14,2025-12-08 05:13:53.680849
games_5743355ee7,https://www.olx.in/item/games-entertainment-c93-sony-headphones-utl-wear-box-piece-in-kengeri-bengaluru-iid-1827054149,Sony Headphones UTL WEAR. Box piece,Brand new Sony Headphones UTL WEAR. Box piece. - Games & Entertainment,12000,"[""/content/drive/MyDrive/olx_gamesentertainment_dataset/images/games_5743355ee7/1.jpg"", ""/content/drive/MyDrive/olx_gamesentertainment_dataset/images/games_5743355ee7/2.jpg"", ""/content/drive/MyDrive/olx_gamesentertainment_dataset/images/games_5743355ee7/3.jpg"", ""/content/drive/MyDrive/olx_gamesentertainment_dataset/images/games_5743355ee7/4.jpg"", ""/content/drive/MyDrive/olx_gamesentertainment_dataset/images/games_5743355ee7/5.jpg"", ""/content/drive/MyDrive/olx_gamesentertainment_dataset/images/games_5743355ee7/6.jpg"", ""/content/drive/MyDrive/olx_gamesentertainment_dataset/images/games_5743355ee7/7.jpg"", ""/content/drive/MyDrive/olx_gamesentertainment_dataset/images/games_5743355ee7/8.jpg"", ""/content/drive/MyDrive/olx_gamesentertainment_dataset/images/games_5743355ee7/9.jpg"", ""/content/drive/MyDrive/olx_gamesentertainment_dataset/images/games_5743355ee7/10.jpg"", ""/content/drive/MyDrive/olx_gamesentertainment_dataset/images/games_5743355ee7/11.jpg"", ""/content/drive/MyDrive/olx_gamesentertainment_dataset/images/games_5743355ee7/12.jpg"", ""/content/drive/MyDrive/olx_gamesentertainment_dataset/images/games_5743355ee7/13.jpg"", ""/content/drive/MyDrive/olx_gamesentertainment_dataset/images/games_5743355ee7/14.jpg""]",14,2025-12-08 05:14:03.948975
games_31d61ef156,https://www.olx.in/item/games-entertainment-c93-gta-v5-ps5-in-lake-paradise-talegaon-dabhade-iid-1828634035,GTA V(5) PS5,For Sale or Exchange - Games & Entertainment,1700,"[""/content/drive/MyDrive/olx_gamesentertainment_dataset/images/games_31d61ef156/1.jpg"", ""/content/drive/MyDrive/olx_gamesentertainment_dataset/images/games_31d61ef156/2.jpg"", ""/content/drive/MyDrive/olx_gamesentertainment_dataset/images/games_31d61ef156/3.jpg"", ""/content/drive/MyDrive/olx_gamesentertainment_dataset/images/games_31d61ef156/4.jpg"", ""/content/drive/MyDrive/olx_gamesentertainment_dataset/images/games_31d61ef156/5.jpg"", ""/content/drive/MyDrive/olx_gamesentertainment_dataset/images/games_31d61ef156/6.jpg"", ""/content/drive/MyDrive/olx_gamesentertainment_dataset/images/games_31d61ef156/7.jpg"", ""/content/drive/MyDrive/olx_gamesentertainment_dataset/images/games_31d61ef156/8.jpg"", ""/content/drive/MyDrive/olx_gamesentertainment_dataset/images/games_31d61ef156/9.jpg"", ""/content/drive/MyDrive/olx_gamesentertainment_dataset/images/games_31d61ef156/10.jpg"", ""/content/drive/MyDrive/olx_gamesentertainment_dataset/images/games_31d61ef156/11.jpg"", ""/content/drive/MyDrive/olx_gamesentertainment_dataset/images/games_31d61ef156/12.jpg"", ""/content/drive/MyDrive/olx_gamesentertainment_dataset/images/games_31d61ef156/13.jpg"", ""/content/drive/MyDrive/olx_gamesentertainment_dataset/images/games_31d61ef156/14.jpg""]",14,2025-12-08 05:14:14.908132
games_924c6652fa,https://www.olx.in/item/games-entertainment-c93-nintendo-switch-2-4-games-case-4-months-old-excellent-condition-in-hennur-bande-bengaluru-iid-1828631029,Nintendo Switch 2 +4 Games + case  4 Months Old  Excellent Condition,"Selling my Nintendo Switch 2, around 4 months old. No box, but I have the purchase bill (was a gift). Console is lightly used and works perfectly. Includes: Nintendo Switch 2 console Bill/invoice available Mario Kart World (box + cartridge) The Legend of Zelda: Breath of the Wild (box + cartridge) + Switch 2 upgrade (10 USD value applied) Spyro (cartridge only, no box) Super Mario Odyssey (cartridge only, no box) Carrying case With Screen protector Additional accessories included Condition: Excellent condition, barely used. Reason for selling: Not using it much. Message for details. Serious buyers only. - Games & Entertainment",52000,"[""/content/drive/MyDrive/olx_gamesentertainment_dataset/images/games_924c6652fa/1.jpg"", ""/content/drive/MyDrive/olx_gamesentertainment_dataset/images/games_924c6652fa/2.jpg"", ""/content/drive/MyDrive/olx_gamesentertainment_dataset/images/games_924c6652fa/3.jpg"", ""/content/drive/MyDrive/olx_gamesentertainment_dataset/images/games_924c6652fa/4.jpg"", ""/content/drive/MyDrive/olx_gamesentertainment_dataset/images/games_924c6652fa/5.jpg"", ""/content/drive/MyDrive/olx_gamesentertainment_dataset/images/games_924c6652fa/6.jpg"", ""/content/drive/MyDrive/olx_gamesentertainment_dataset/images/games_924c6652fa/7.jpg"", ""/content/drive/MyDrive/olx_gamesentertainment_dataset/images/games_924c6652fa/8.jpg"", ""/content/drive/MyDrive/olx_gamesentertainment_dataset/images/games_924c6652fa/9.jpg"", ""/content/drive/MyDrive/olx_gamesentertainment_dataset/images/games_924c6652fa/10.jpg"", ""/content/drive/MyDrive/olx_gamesentertainment_dataset/images/games_924c6652fa/11.jpg"", ""/content/drive/MyDrive/olx_gamesentertainment_dataset/images/games_924c6652fa/12.jpg"", ""/content/drive/MyDrive/olx_gamesentertainment_dataset/images/games_924c6652fa/13.jpg"", ""/content/drive/MyDrive/olx_gamesentertainment_dataset/images/games_924c6652fa/14.jpg""]",14,2025-12-08 05:14:25.940004
games_07bac2afca,https://www.olx.in/item/games-entertainment-c93-fanatec-clubsport-v25-wheelbase-wheelmoza-pedals-simulator-steering-in-parel-mumbai-iid-1826405041,Fanatec Clubsport V2.5 Wheelbase+ Wheel+Moza Pedals Simulator Steering,"For sale is a Fanatec Clubsport V2.5 wheelbase with Formula steering wheel in fully working condition. Also have Moza Pedals which are fuel cell pedals. Everything works like it should, the price does not include the sim rig. - Games & Entertainment",38500,"[""/content/drive/MyDrive/olx_gamesentertainment_dataset/images/games_07bac2afca/1.jpg"", ""/content/drive/MyDrive/olx_gamesentertainment_dataset/images/games_07bac2afca/2.jpg"", ""/content/drive/MyDrive/olx_gamesentertainment_dataset/images/games_07bac2afca/3.jpg"", ""/content/drive/MyDrive/olx_gamesentertainment_dataset/images/games_07bac2afca/4.jpg"", ""/content/drive/MyDrive/olx_gamesentertainment_dataset/images/games_07bac2afca/5.jpg"", ""/content/drive/MyDrive/olx_gamesentertainment_dataset/images/games_07bac2afca/6.jpg"", ""/content/drive/MyDrive/olx_gamesentertainment_dataset/images/games_07bac2afca/7.jpg"", ""/content/drive/MyDrive/olx_gamesentertainment_dataset/images/games_07bac2afca/8.jpg"", ""/content/drive/MyDrive/olx_gamesentertainment_dataset/images/games_07bac2afca/9.jpg"", ""/content/drive/MyDrive/olx_gamesentertainment_dataset/images/games_07bac2afca/10.jpg"", ""/content/drive/MyDrive/olx_gamesentertainment_dataset/images/games_07bac2afca/11.jpg"", ""/content/drive/MyDrive/olx_gamesentertainment_dataset/images/games_07bac2afca/12.jpg"", ""/content/drive/MyDrive/olx_gamesentertainment_dataset/images/games_07bac2afca/13.jpg"", ""/content/drive/MyDrive/olx_gamesentertainment_dataset/images/games_07bac2afca/14.jpg""]",14,2025-12-08 05:14:36.288660
games_d1fd03c66a,https://www.olx.in/item/games-entertainment-c93-foot-massager-electric-in-sector-34c-chandigarh-iid-1827756793,Foot Massager Electric,A new brand foot massager with hygiene electronics systems - Games & Entertainment,12000,"[""/content/drive/MyDrive/olx_gamesentertainment_dataset/images/games_d1fd03c66a/1.jpg"", ""/content/drive/MyDrive/olx_gamesentertainment_dataset/images/games_d1fd03c66a/2.jpg"", ""/content/drive/MyDrive/olx_gamesentertainment_dataset/images/games_d1fd03c66a/3.jpg"", ""/content/drive/MyDrive/olx_gamesentertainment_dataset/images/games_d1fd03c66a/4.jpg"", ""/content/drive/MyDrive/olx_gamesentertainment_dataset/images/games_d1fd03c66a/5.jpg"", ""/content/drive/MyDrive/olx_gamesentertainment_dataset/images/games_d1fd03c66a/6.jpg"", ""/content/drive/MyDrive/olx_gamesentertainment_dataset/images/games_d1fd03c66a/7.jpg"", ""/content/drive/MyDrive/olx_gamesentertainment_dataset/images/games_d1fd03c66a/8.jpg"", ""/content/drive/MyDrive/olx_gamesentertainment_dataset/images/games_d1fd03c66a/9.jpg"", ""/content/drive/MyDrive/olx_gamesentertainment_dataset/images/games_d1fd03c66a/10.jpg"", ""/content/drive/MyDrive/olx_gamesentertainment_dataset/images/games_d1fd03c66a/11.jpg"", ""/content/drive/MyDrive/olx_gamesentertainment_dataset/images/games_d1fd03c66a/12.jpg"", ""/content/drive/MyDrive/olx_gamesentertainment_dataset/images/games_d1fd03c66a/13.jpg"", ""/content/drive/MyDrive/olx_gamesentertainment_dataset/images/games_d1fd03c66a/14.jpg""]",14,2025-12-08 05:15:01.388068
games_2004d148a4,https://www.olx.in/item/games-entertainment-c93-game-console-in-6-za-sri-ganganagar-iid-1828605164,game console,1 Tb 14 games - Games & Entertainment,22500,"[""/content/drive/MyDrive/olx_gamesentertainment_dataset/images/games_2004d148a4/1.jpg"", ""/content/drive/MyDrive/olx_gamesentertainment_dataset/images/games_2004d148a4/2.jpg"", ""/content/drive/MyDrive/olx_gamesentertainment_dataset/images/games_2004d148a4/3.jpg"", ""/content/drive/MyDrive/olx_gamesentertainment_dataset/images/games_2004d148a4/4.jpg"", ""/content/drive/MyDrive/olx_gamesentertainment_dataset/images/games_2004d148a4/5.jpg"", ""/content/drive/MyDrive/olx_gamesentertainment_dataset/images/games_2004d148a4/6.jpg"", ""/content/drive/MyDrive/olx_gamesentertainment_dataset/images/games_2004d148a4/7.jpg"", ""/content/drive/MyDrive/olx_gamesentertainment_dataset/images/games_2004d148a4/8.jpg"", ""/content/drive/MyDrive/olx_gamesentertainment_dataset/images/games_2004d148a4/9.jpg"", ""/content/drive/MyDrive/olx_gamesentertainment_dataset/images/games_2004d148a4/10.jpg"", ""/content/drive/MyDrive/olx_gamesentertainment_dataset/images/games_2004d148a4/11.jpg"", ""/content/drive/MyDrive/olx_gamesentertainment_dataset/images/games_2004d148a4/12.jpg"", ""/content/drive/MyDrive/olx_gamesentertainment_dataset/images/games_2004d148a4/13.jpg"", ""/content/drive/MyDrive/olx_gamesentertainment_dataset/images/games_2004d148a4/14.jpg""]",14,2025-12-08 05:15:10.182766
games_51ec626e35,https://www.olx.in/item/games-entertainment-c93-ps-4-slim-1-tb-immaculate-condition-not-used-in-sri-venkateshwara-krupa-layout-bengaluru-iid-1828177234,PS 4 slim 1 tb immaculate condition not used,Play Station 4 slim 1 TB storage immaculate condition not used got as gift with box - Games & Entertainment,25000,"[""/content/drive/MyDrive/olx_gamesentertainment_dataset/images/games_51ec626e35/1.jpg"", ""/content/drive/MyDrive/olx_gamesentertainment_dataset/images/games_51ec626e35/2.jpg"", ""/content/drive/MyDrive/olx_gamesentertainment_dataset/images/games_51ec626e35/3.jpg"", ""/content/drive/MyDrive/olx_gamesentertainment_dataset/images/games_51ec626e35/4.jpg"", ""/content/drive/MyDrive/olx_gamesentertainment_dataset/images/games_51ec626e35/5.jpg"", ""/content/drive/MyDrive/olx_gamesentertainment_dataset/images/games_51ec626e35/6.jpg"", ""/content/drive/MyDrive/olx_gamesentertainment_dataset/images/games_51ec626e35/7.jpg"", ""/content/drive/MyDrive/olx_gamesentertainment_dataset/images/games_51ec626e35/8.jpg"", ""/content/drive/MyDrive/olx_gamesentertainment_dataset/images/games_51ec626e35/9.jpg"", ""/content/drive/MyDrive/olx_gamesentertainment_dataset/images/games_51ec626e35/10.jpg"", ""/content/drive/MyDrive/olx_gamesentertainment_dataset/images/games_51ec626e35/11.jpg"", ""/content/drive/MyDrive/olx_gamesentertainment_dataset/images/games_51ec626e35/12.jpg"", ""/content/drive/MyDrive/olx_gamesentertainment_dataset/images/games_51ec626e35/13.jpg"", ""/content/drive/MyDrive/olx_gamesentertainment_dataset/images/games_51ec626e35/14.jpg""]",14,2025-12-08 05:15:18.625757
games_a8c94ab6e2,https://www.olx.in/item/games-entertainment-c93-ps5-slim-digital-in-shivpuri-raya-iid-1817700679,Ps5 Slim Digital,"Slim Design: With PS5, players get powerful gaming technology packed inside a sleek and compact console design. 1TB of Storage: Keep your favorite games ready and waiting for you to jump in and play with 1TB of SSD storage built in. Ultra-High Speed SSD: Maximize your play sessions with near instant load times for installed PS5 games. 6 Months Old Only - Games & Entertainment",36999,"[""/content/drive/MyDrive/olx_gamesentertainment_dataset/images/games_a8c94ab6e2/1.jpg"", ""/content/drive/MyDrive/olx_gamesentertainment_dataset/images/games_a8c94ab6e2/2.jpg"", ""/content/drive/MyDrive/olx_gamesentertainment_dataset/images/games_a8c94ab6e2/3.jpg"", ""/content/drive/MyDrive/olx_gamesentertainment_dataset/images/games_a8c94ab6e2/4.jpg"", ""/content/drive/MyDrive/olx_gamesentertainment_dataset/images/games_a8c94ab6e2/5.jpg"", ""/content/drive/MyDrive/olx_gamesentertainment_dataset/images/games_a8c94ab6e2/6.jpg"", ""/content/drive/MyDrive/olx_gamesentertainment_dataset/images/games_a8c94ab6e2/7.jpg"", ""/content/drive/MyDrive/olx_gamesentertainment_dataset/images/games_a8c94ab6e2/8.jpg"", ""/content/drive/MyDrive/olx_gamesentertainment_dataset/images/games_a8c94ab6e2/9.jpg"", ""/content/drive/MyDrive/olx_gamesentertainment_dataset/images/games_a8c94ab6e2/10.jpg"", ""/content/drive/MyDrive/olx_gamesentertainment_dataset/images/games_a8c94ab6e2/11.jpg"", ""/content/drive/MyDrive/olx_gamesentertainment_dataset/images/games_a8c94ab6e2/12.jpg"", ""/content/drive/MyDrive/olx_gamesentertainment_dataset/images/games_a8c94ab6e2/13.jpg"", ""/content/drive/MyDrive/olx_gamesentertainment_dataset/images/games_a8c94ab6e2/14.jpg""]",14,2025-12-08 05:15:29.058790
games_57de719905,https://www.olx.in/item/games-entertainment-c93-ps4-and-ps5-game-disk-in-mahaveerpura-guna-iid-1828632041,PS4 and ps5 game disk,disk sale karna he ps5 me bhi chaleg - Games & Entertainment,1000,"[""/content/drive/MyDrive/olx_gamesentertainment_dataset/images/games_57de719905/1.jpg"", ""/content/drive/MyDrive/olx_gamesentertainment_dataset/images/games_57de719905/2.jpg"", ""/content/drive/MyDrive/olx_gamesentertainment_dataset/images/games_57de719905/3.jpg"", ""/content/drive/MyDrive/olx_gamesentertainment_dataset/images/games_57de719905/4.jpg"", ""/content/drive/MyDrive/olx_gamesentertainment_dataset/images/games_57de719905/5.jpg"", ""/content/drive/MyDrive/olx_gamesentertainment_dataset/images/games_57de719905/6.jpg"", ""/content/drive/MyDrive/olx_gamesentertainment_dataset/images/games_57de719905/7.jpg"", ""/content/drive/MyDrive/olx_gamesentertainment_dataset/images/games_57de719905/8.jpg"", ""/content/drive/MyDrive/olx_gamesentertainment_dataset/images/games_57de719905/9.jpg"", ""/content/drive/MyDrive/olx_gamesentertainment_dataset/images/games_57de719905/10.jpg"", ""/content/drive/MyDrive/olx_gamesentertainment_dataset/images/games_57de719905/11.jpg"", ""/content/drive/MyDrive/olx_gamesentertainment_dataset/images/games_57de719905/12.jpg"", ""/content/drive/MyDrive/olx_gamesentertainment_dataset/images/games_57de719905/13.jpg"", ""/content/drive/MyDrive/olx_gamesentertainment_dataset/images/games_57de719905/14.jpg""]",14,2025-12-08 05:15:39.737947
games_62a3c51495,https://www.olx.in/item/games-entertainment-c93-512gb-very-smooth-in-gurujindar-mohalla-doraha-iid-1828635213,512GB VERY SMOOTH,(LIMITED TIME AND OFFER DEAL)I have bought it from Canada on my own - Games & Entertainment,30000,"[""/content/drive/MyDrive/olx_gamesentertainment_dataset/images/games_62a3c51495/1.jpg"", ""/content/drive/MyDrive/olx_gamesentertainment_dataset/images/games_62a3c51495/2.jpg"", ""/content/drive/MyDrive/olx_gamesentertainment_dataset/images/games_62a3c51495/3.jpg"", ""/content/drive/MyDrive/olx_gamesentertainment_dataset/images/games_62a3c51495/4.jpg"", ""/content/drive/MyDrive/olx_gamesentertainment_dataset/images/games_62a3c51495/5.jpg"", ""/content/drive/MyDrive/olx_gamesentertainment_dataset/images/games_62a3c51495/6.jpg"", ""/content/drive/MyDrive/olx_gamesentertainment_dataset/images/games_62a3c51495/7.jpg"", ""/content/drive/MyDrive/olx_gamesentertainment_dataset/images/games_62a3c51495/8.jpg"", ""/content/drive/MyDrive/olx_gamesentertainment_dataset/images/games_62a3c51495/9.jpg"", ""/content/drive/MyDrive/olx_gamesentertainment_dataset/images/games_62a3c51495/10.jpg"", ""/content/drive/MyDrive/olx_gamesentertainment_dataset/images/games_62a3c51495/11.jpg"", ""/content/drive/MyDrive/olx_gamesentertainment_dataset/images/games_62a3c51495/12.jpg"", ""/content/drive/MyDrive/olx_gamesentertainment_dataset/images/games_62a3c51495/13.jpg"", ""/content/drive/MyDrive/olx_gamesentertainment_dataset/images/games_62a3c51495/14.jpg""]",14,2025-12-08 05:15:50.627049
games_0edde79c74,https://www.olx.in/item/games-entertainment-c93-ps5-slim-good-condition-in-oottapalam-paramakudi-iid-1828034569,Ps5 slim good condition,No time to play - Games & Entertainment,33000,"[""/content/drive/MyDrive/olx_gamesentertainment_dataset/images/games_0edde79c74/1.jpg"", ""/content/drive/MyDrive/olx_gamesentertainment_dataset/images/games_0edde79c74/2.jpg"", ""/content/drive/MyDrive/olx_gamesentertainment_dataset/images/games_0edde79c74/3.jpg"", ""/content/drive/MyDrive/olx_gamesentertainment_dataset/images/games_0edde79c74/4.jpg"", ""/content/drive/MyDrive/olx_gamesentertainment_dataset/images/games_0edde79c74/5.jpg"", ""/content/drive/MyDrive/olx_gamesentertainment_dataset/images/games_0edde79c74/6.jpg"", ""/content/drive/MyDrive/olx_gamesentertainment_dataset/images/games_0edde79c74/7.jpg"", ""/content/drive/MyDrive/olx_gamesentertainment_dataset/images/games_0edde79c74/8.jpg"", ""/content/drive/MyDrive/olx_gamesentertainment_dataset/images/games_0edde79c74/9.jpg"", ""/content/drive/MyDrive/olx_gamesentertainment_dataset/images/games_0edde79c74/10.jpg"", ""/content/drive/MyDrive/olx_gamesentertainment_dataset/images/games_0edde79c74/11.jpg"", ""/content/drive/MyDrive/olx_gamesentertainment_dataset/images/games_0edde79c74/12.jpg"", ""/content/drive/MyDrive/olx_gamesentertainment_dataset/images/games_0edde79c74/13.jpg"", ""/content/drive/MyDrive/olx_gamesentertainment_dataset/images/games_0edde79c74/14.jpg""]",14,2025-12-08 05:16:02.339260
games_9636bb2a1f,https://www.olx.in/item/games-entertainment-c93-steamdeck-512gb-lcd-steam-deck-in-patel-chowrah-jaipur-iid-1826970916,SteamDeck 512GB LCD steam deck,"Steam Deck 512GB LCD model with case and charger and applied screen protector. *has the known R1 firm-press issue that’s been around for the past two years. It works fine, but I wanted to mention it. You can find more info online since it’s a common issue. can be fixed for 2-3k if needed. other than this everything is flawless and in great condition. Fix price don’t dm for negotiation i won’t respond to them. - Games & Entertainment",27000,"[""/content/drive/MyDrive/olx_gamesentertainment_dataset/images/games_9636bb2a1f/1.jpg"", ""/content/drive/MyDrive/olx_gamesentertainment_dataset/images/games_9636bb2a1f/2.jpg"", ""/content/drive/MyDrive/olx_gamesentertainment_dataset/images/games_9636bb2a1f/3.jpg"", ""/content/drive/MyDrive/olx_gamesentertainment_dataset/images/games_9636bb2a1f/4.jpg"", ""/content/drive/MyDrive/olx_gamesentertainment_dataset/images/games_9636bb2a1f/5.jpg"", ""/content/drive/MyDrive/olx_gamesentertainment_dataset/images/games_9636bb2a1f/6.jpg"", ""/content/drive/MyDrive/olx_gamesentertainment_dataset/images/games_9636bb2a1f/7.jpg"", ""/content/drive/MyDrive/olx_gamesentertainment_dataset/images/games_9636bb2a1f/8.jpg"", ""/content/drive/MyDrive/olx_gamesentertainment_dataset/images/games_9636bb2a1f/9.jpg"", ""/content/drive/MyDrive/olx_gamesentertainment_dataset/images/games_9636bb2a1f/10.jpg"", ""/content/drive/MyDrive/olx_gamesentertainment_dataset/images/games_9636bb2a1f/11.jpg"", ""/content/drive/MyDrive/olx_gamesentertainment_dataset/images/games_9636bb2a1f/12.jpg"", ""/content/drive/MyDrive/olx_gamesentertainment_dataset/images/games_9636bb2a1f/13.jpg"", ""/content/drive/MyDrive/olx_gamesentertainment_dataset/images/games_9636bb2a1f/14.jpg""]",14,2025-12-08 05:16:12.886767
games_ac14065e7f,https://www.olx.in/item/games-entertainment-c93-car-sony-amplifier-and-subwoofer-in-basanti-colony-rourkela-iid-1828634893,Car sony amplifier and subwoofer,My car not available due to I am selling my product - Games & Entertainment,17000,"[""/content/drive/MyDrive/olx_gamesentertainment_dataset/images/games_ac14065e7f/1.jpg"", ""/content/drive/MyDrive/olx_gamesentertainment_dataset/images/games_ac14065e7f/2.jpg"", ""/content/drive/MyDrive/olx_gamesentertainment_dataset/images/games_ac14065e7f/3.jpg"", ""/content/drive/MyDrive/olx_gamesentertainment_dataset/images/games_ac14065e7f/4.jpg"", ""/content/drive/MyDrive/olx_gamesentertainment_dataset/images/games_ac14065e7f/5.jpg"", ""/content/drive/MyDrive/olx_gamesentertainment_dataset/images/games_ac14065e7f/6.jpg"", ""/content/drive/MyDrive/olx_gamesentertainment_dataset/images/games_ac14065e7f/7.jpg"", ""/content/drive/MyDrive/olx_gamesentertainment_dataset/images/games_ac14065e7f/8.jpg"", ""/content/drive/MyDrive/olx_gamesentertainment_dataset/images/games_ac14065e7f/9.jpg"", ""/content/drive/MyDrive/olx_gamesentertainment_dataset/images/games_ac14065e7f/10.jpg"", ""/content/drive/MyDrive/olx_gamesentertainment_dataset/images/games_ac14065e7f/11.jpg"", ""/content/drive/MyDrive/olx_gamesentertainment_dataset/images/games_ac14065e7f/12.jpg"", ""/content/drive/MyDrive/olx_gamesentertainment_dataset/images/games_ac14065e7f/13.jpg"", ""/content/drive/MyDrive/olx_gamesentertainment_dataset/images/games_ac14065e7f/14.jpg""]",14,2025-12-08 05:16:23.315417
games_7bfc043e41,https://www.olx.in/item/games-entertainment-c93-gtx-1660-super-in-sector-9-karnal-iid-1827255659,Gtx 1660 super,Colourful gtx 1660 super 6gb tomhawk edition Max temp 65c in scratch less condition and work perfectly box available Graphics card Purchased new back in 2021 used very less mostly it's in the box Dm for more details - Games & Entertainment,10000,"[""/content/drive/MyDrive/olx_gamesentertainment_dataset/images/games_7bfc043e41/1.jpg"", ""/content/drive/MyDrive/olx_gamesentertainment_dataset/images/games_7bfc043e41/2.jpg"", ""/content/drive/MyDrive/olx_gamesentertainment_dataset/images/games_7bfc043e41/3.jpg"", ""/content/drive/MyDrive/olx_gamesentertainment_dataset/images/games_7bfc043e41/4.jpg"", ""/content/drive/MyDrive/olx_gamesentertainment_dataset/images/games_7bfc043e41/5.jpg"", ""/content/drive/MyDrive/olx_gamesentertainment_dataset/images/games_7bfc043e41/6.jpg"", ""/content/drive/MyDrive/olx_gamesentertainment_dataset/images/games_7bfc043e41/7.jpg"", ""/content/drive/MyDrive/olx_gamesentertainment_dataset/images/games_7bfc043e41/8.jpg"", ""/content/drive/MyDrive/olx_gamesentertainment_dataset/images/games_7bfc043e41/9.jpg"", ""/content/drive/MyDrive/olx_gamesentertainment_dataset/images/games_7bfc043e41/10.jpg"", ""/content/drive/MyDrive/olx_gamesentertainment_dataset/images/games_7bfc043e41/11.jpg"", ""/content/drive/MyDrive/olx_gamesentertainment_dataset/images/games_7bfc043e41/12.jpg"", ""/content/drive/MyDrive/olx_gamesentertainment_dataset/images/games_7bfc043e41/13.jpg"", ""/content/drive/MyDrive/olx_gamesentertainment_dataset/images/games_7bfc043e41/14.jpg""]",14,2025-12-08 05:16:34.098656
games_5f62f5b736,https://www.olx.in/item/games-entertainment-c93-ps4-old-model-fast-generation-in-manalippuzha-nannambra-iid-1828630197,PS4 old model fast generation,1 game cd - uncharted collection 1 joystick - Games & Entertainment,8000,"[""/content/drive/MyDrive/olx_gamesentertainment_dataset/images/games_5f62f5b736/1.jpg"", ""/content/drive/MyDrive/olx_gamesentertainment_dataset/images/games_5f62f5b736/2.jpg"", ""/content/drive/MyDrive/olx_gamesentertainment_dataset/images/games_5f62f5b736/3.jpg"", ""/content/drive/MyDrive/olx_gamesentertainment_dataset/images/games_5f62f5b736/4.jpg"", ""/content/drive/MyDrive/olx_gamesentertainment_dataset/images/games_5f62f5b736/5.jpg"", ""/content/drive/MyDrive/olx_gamesentertainment_dataset/images/games_5f62f5b736/6.jpg"", ""/content/drive/MyDrive/olx_gamesentertainment_dataset/images/games_5f62f5b736/7.jpg"", ""/content/drive/MyDrive/olx_gamesentertainment_dataset/images/games_5f62f5b736/8.jpg"", ""/content/drive/MyDrive/olx_gamesentertainment_dataset/images/games_5f62f5b736/9.jpg"", ""/content/drive/MyDrive/olx_gamesentertainment_dataset/images/games_5f62f5b736/10.jpg"", ""/content/drive/MyDrive/olx_gamesentertainment_dataset/images/games_5f62f5b736/11.jpg"", ""/content/drive/MyDrive/olx_gamesentertainment_dataset/images/games_5f62f5b736/12.jpg"", ""/content/drive/MyDrive/olx_gamesentertainment_dataset/images/games_5f62f5b736/13.jpg"", ""/content/drive/MyDrive/olx_gamesentertainment_dataset/images/games_5f62f5b736/14.jpg""]",14,2025-12-08 05:16:51.094074
games_f5939ba2d4,https://www.olx.in/item/games-entertainment-c93-ps-4-game-station-complete-set-for-sale-in-hosur-bagalur-road-hosur-iid-1828636068,PS 4 GAME STATION complete set for sale,"Well maintained , absolutely good conditioned PS4 GAME STATION with all the components for sale ( price negotiable) - Games & Entertainment",25000,"[""/content/drive/MyDrive/olx_gamesentertainment_dataset/images/games_f5939ba2d4/1.jpg"", ""/content/drive/MyDrive/olx_gamesentertainment_dataset/images/games_f5939ba2d4/2.jpg"", ""/content/drive/MyDrive/olx_gamesentertainment_dataset/images/games_f5939ba2d4/3.jpg"", ""/content/drive/MyDrive/olx_gamesentertainment_dataset/images/games_f5939ba2d4/4.jpg"", ""/content/drive/MyDrive/olx_gamesentertainment_dataset/images/games_f5939ba2d4/5.jpg"", ""/content/drive/MyDrive/olx_gamesentertainment_dataset/images/games_f5939ba2d4/6.jpg"", ""/content/drive/MyDrive/olx_gamesentertainment_dataset/images/games_f5939ba2d4/7.jpg"", ""/content/drive/MyDrive/olx_gamesentertainment_dataset/images/games_f5939ba2d4/8.jpg"", ""/content/drive/MyDrive/olx_gamesentertainment_dataset/images/games_f5939ba2d4/9.jpg"", ""/content/drive/MyDrive/olx_gamesentertainment_dataset/images/games_f5939ba2d4/10.jpg"", ""/content/drive/MyDrive/olx_gamesentertainment_dataset/images/games_f5939ba2d4/11.jpg"", ""/content/drive/MyDrive/olx_gamesentertainment_dataset/images/games_f5939ba2d4/12.jpg"", ""/content/drive/MyDrive/olx_gamesentertainment_dataset/images/games_f5939ba2d4/13.jpg"", ""/content/drive/MyDrive/olx_gamesentertainment_dataset/images/games_f5939ba2d4/14.jpg""]",14,2025-12-08 05:17:03.083830
games_4406248a16,https://www.olx.in/item/games-entertainment-c93-sealed-ps5-console-disc-edition-never-used-latest-model-fast-ssd-in-electronic-city-phase-ii-bengaluru-iid-1828633024,"Sealed PS5 Console (Disc Edition) – Never Used, Latest Model, Fast SSD","Slim Design: With PS5, players get powerful gaming technology packed inside a sleek and compact console design. 1TB of Storage: Keep your favorite games ready and waiting for you to jump in and play with 1TB of SSD storage built in. Ultra-High Speed SSD - Games & Entertainment",47000,"[""/content/drive/MyDrive/olx_gamesentertainment_dataset/images/games_4406248a16/1.jpg"", ""/content/drive/MyDrive/olx_gamesentertainment_dataset/images/games_4406248a16/2.jpg"", ""/content/drive/MyDrive/olx_gamesentertainment_dataset/images/games_4406248a16/3.jpg"", ""/content/drive/MyDrive/olx_gamesentertainment_dataset/images/games_4406248a16/4.jpg"", ""/content/drive/MyDrive/olx_gamesentertainment_dataset/images/games_4406248a16/5.jpg"", ""/content/drive/MyDrive/olx_gamesentertainment_dataset/images/games_4406248a16/6.jpg"", ""/content/drive/MyDrive/olx_gamesentertainment_dataset/images/games_4406248a16/7.jpg"", ""/content/drive/MyDrive/olx_gamesentertainment_dataset/images/games_4406248a16/8.jpg"", ""/content/drive/MyDrive/olx_gamesentertainment_dataset/images/games_4406248a16/9.jpg"", ""/content/drive/MyDrive/olx_gamesentertainment_dataset/images/games_4406248a16/10.jpg"", ""/content/drive/MyDrive/olx_gamesentertainment_dataset/images/games_4406248a16/11.jpg"", ""/content/drive/MyDrive/olx_gamesentertainment_dataset/images/games_4406248a16/12.jpg"", ""/content/drive/MyDrive/olx_gamesentertainment_dataset/images/games_4406248a16/13.jpg"", ""/content/drive/MyDrive/olx_gamesentertainment_dataset/images/games_4406248a16/14.jpg""]",14,2025-12-08 05:17:14.703873
games_0490922768,https://www.olx.in/item/games-entertainment-c93-nintendo-dsi-xl-in-saravanampatti-coimbatore-iid-1826986974,Nintendo dsi XL,Nintendo dsi xl with games - Games & Entertainment,6500,"[""/content/drive/MyDrive/olx_gamesentertainment_dataset/images/games_0490922768/1.jpg"", ""/content/drive/MyDrive/olx_gamesentertainment_dataset/images/games_0490922768/2.jpg"", ""/content/drive/MyDrive/olx_gamesentertainment_dataset/images/games_0490922768/3.jpg"", ""/content/drive/MyDrive/olx_gamesentertainment_dataset/images/games_0490922768/4.jpg"", ""/content/drive/MyDrive/olx_gamesentertainment_dataset/images/games_0490922768/5.jpg"", ""/content/drive/MyDrive/olx_gamesentertainment_dataset/images/games_0490922768/6.jpg"", ""/content/drive/MyDrive/olx_gamesentertainment_dataset/images/games_0490922768/7.jpg"", ""/content/drive/MyDrive/olx_gamesentertainment_dataset/images/games_0490922768/8.jpg"", ""/content/drive/MyDrive/olx_gamesentertainment_dataset/images/games_0490922768/9.jpg"", ""/content/drive/MyDrive/olx_gamesentertainment_dataset/images/games_0490922768/10.jpg"", ""/content/drive/MyDrive/olx_gamesentertainment_dataset/images/games_0490922768/11.jpg"", ""/content/drive/MyDrive/olx_gamesentertainment_dataset/images/games_0490922768/12.jpg"", ""/content/drive/MyDrive/olx_gamesentertainment_dataset/images/games_0490922768/13.jpg"", ""/content/drive/MyDrive/olx_gamesentertainment_dataset/images/games_0490922768/14.jpg""]",14,2025-12-08 05:17:25.620129
games_470004ca96,https://www.olx.in/item/games-entertainment-c93-evofox-elite-x-wireless-joystick-in-nangooram-nagar-nandivaram-guduvancheri-iid-1827935963,Evofox Elite X Wireless Joystick,I am selling my 11 month old perfectly working joystick which i have brought from amazon along with waranty card and receipt and has remaining waranty for 2 months upto January 2026 - Games & Entertainment,1100,"[""/content/drive/MyDrive/olx_gamesentertainment_dataset/images/games_470004ca96/1.jpg"", ""/content/drive/MyDrive/olx_gamesentertainment_dataset/images/games_470004ca96/2.jpg"", ""/content/drive/MyDrive/olx_gamesentertainment_dataset/images/games_470004ca96/3.jpg"", ""/content/drive/MyDrive/olx_gamesentertainment_dataset/images/games_470004ca96/4.jpg"", ""/content/drive/MyDrive/olx_gamesentertainment_dataset/images/games_470004ca96/5.jpg"", ""/content/drive/MyDrive/olx_gamesentertainment_dataset/images/games_470004ca96/6.jpg"", ""/content/drive/MyDrive/olx_gamesentertainment_dataset/images/games_470004ca96/7.jpg"", ""/content/drive/MyDrive/olx_gamesentertainment_dataset/images/games_470004ca96/8.jpg"", ""/content/drive/MyDrive/olx_gamesentertainment_dataset/images/games_470004ca96/9.jpg"", ""/content/drive/MyDrive/olx_gamesentertainment_dataset/images/games_470004ca96/10.jpg"", ""/content/drive/MyDrive/olx_gamesentertainment_dataset/images/games_470004ca96/11.jpg"", ""/content/drive/MyDrive/olx_gamesentertainment_dataset/images/games_470004ca96/12.jpg"", ""/content/drive/MyDrive/olx_gamesentertainment_dataset/images/games_470004ca96/13.jpg"", ""/content/drive/MyDrive/olx_gamesentertainment_dataset/images/games_470004ca96/14.jpg""]",14,2025-12-08 05:17:35.846615
games_2d6732c955,https://www.olx.in/item/games-entertainment-c93-xbox-360-gaming-console-in-sector-67-gurgaon-iid-1826845873,Xbox 360 gaming console,Excellent condition - Games & Entertainment,10000,"[""/content/drive/MyDrive/olx_gamesentertainment_dataset/images/games_2d6732c955/1.jpg"", ""/content/drive/MyDrive/olx_gamesentertainment_dataset/images/games_2d6732c955/2.jpg"", ""/content/drive/MyDrive/olx_gamesentertainment_dataset/images/games_2d6732c955/3.jpg"", ""/content/drive/MyDrive/olx_gamesentertainment_dataset/images/games_2d6732c955/4.jpg"", ""/content/drive/MyDrive/olx_gamesentertainment_dataset/images/games_2d6732c955/5.jpg"", ""/content/drive/MyDrive/olx_gamesentertainment_dataset/images/games_2d6732c955/6.jpg"", ""/content/drive/MyDrive/olx_gamesentertainment_dataset/images/games_2d6732c955/7.jpg"", ""/content/drive/MyDrive/olx_gamesentertainment_dataset/images/games_2d6732c955/8.jpg"", ""/content/drive/MyDrive/olx_gamesentertainment_dataset/images/games_2d6732c955/9.jpg"", ""/content/drive/MyDrive/olx_gamesentertainment_dataset/images/games_2d6732c955/10.jpg"", ""/content/drive/MyDrive/olx_gamesentertainment_dataset/images/games_2d6732c955/11.jpg"", ""/content/drive/MyDrive/olx_gamesentertainment_dataset/images/games_2d6732c955/12.jpg"", ""/content/drive/MyDrive/olx_gamesentertainment_dataset/images/games_2d6732c955/13.jpg"", ""/content/drive/MyDrive/olx_gamesentertainment_dataset/images/games_2d6732c955/14.jpg""]",14,2025-12-08 05:17:46.511008
games_2eac7c9ffb,https://www.olx.in/item/games-entertainment-c93-gaming-intel-dz77ga-70k-motherboard-design-and-features-in-tilak-nagar-delhi-iid-1828632308,Gaming Intel DZ77GA-70K Motherboard Design and Features,Good condition and working 1. Ramp 16gb 2. SSD 500. 3. Processor i7-3770k 4. 2GB graphic card gigabyte. 5. Power supply.Vs 500L 6. Cabinet cooler master. 7. CD driver. 8. Storage 500. - Games & Entertainment,22000,"[""/content/drive/MyDrive/olx_gamesentertainment_dataset/images/games_2eac7c9ffb/1.jpg"", ""/content/drive/MyDrive/olx_gamesentertainment_dataset/images/games_2eac7c9ffb/2.jpg"", ""/content/drive/MyDrive/olx_gamesentertainment_dataset/images/games_2eac7c9ffb/3.jpg"", ""/content/drive/MyDrive/olx_gamesentertainment_dataset/images/games_2eac7c9ffb/4.jpg"", ""/content/drive/MyDrive/olx_gamesentertainment_dataset/images/games_2eac7c9ffb/5.jpg"", ""/content/drive/MyDrive/olx_gamesentertainment_dataset/images/games_2eac7c9ffb/6.jpg"", ""/content/drive/MyDrive/olx_gamesentertainment_dataset/images/games_2eac7c9ffb/7.jpg"", ""/content/drive/MyDrive/olx_gamesentertainment_dataset/images/games_2eac7c9ffb/8.jpg"", ""/content/drive/MyDrive/olx_gamesentertainment_dataset/images/games_2eac7c9ffb/9.jpg"", ""/content/drive/MyDrive/olx_gamesentertainment_dataset/images/games_2eac7c9ffb/10.jpg"", ""/content/drive/MyDrive/olx_gamesentertainment_dataset/images/games_2eac7c9ffb/11.jpg"", ""/content/drive/MyDrive/olx_gamesentertainment_dataset/images/games_2eac7c9ffb/12.jpg"", ""/content/drive/MyDrive/olx_gamesentertainment_dataset/images/games_2eac7c9ffb/13.jpg"", ""/content/drive/MyDrive/olx_gamesentertainment_dataset/images/games_2eac7c9ffb/14.jpg""]",14,2025-12-08 05:17:58.282541
games_e56d22ea09,https://www.olx.in/item/games-entertainment-c93-ps5-pro-2tb-in-thousand-lights-aziz-mulk-chennai-iid-1828635049,Ps5 pro 2tb,Ps5 pro 2tb Comes will seller warranty 2 years - Games & Entertainment,65000,"[""/content/drive/MyDrive/olx_gamesentertainment_dataset/images/games_e56d22ea09/1.jpg"", ""/content/drive/MyDrive/olx_gamesentertainment_dataset/images/games_e56d22ea09/2.jpg"", ""/content/drive/MyDrive/olx_gamesentertainment_dataset/images/games_e56d22ea09/3.jpg"", ""/content/drive/MyDrive/olx_gamesentertainment_dataset/images/games_e56d22ea09/4.jpg"", ""/content/drive/MyDrive/olx_gamesentertainment_dataset/images/games_e56d22ea09/5.jpg"", ""/content/drive/MyDrive/olx_gamesentertainment_dataset/images/games_e56d22ea09/6.jpg"", ""/content/drive/MyDrive/olx_gamesentertainment_dataset/images/games_e56d22ea09/7.jpg"", ""/content/drive/MyDrive/olx_gamesentertainment_dataset/images/games_e56d22ea09/8.jpg"", ""/content/drive/MyDrive/olx_gamesentertainment_dataset/images/games_e56d22ea09/9.jpg"", ""/content/drive/MyDrive/olx_gamesentertainment_dataset/images/games_e56d22ea09/10.jpg"", ""/content/drive/MyDrive/olx_gamesentertainment_dataset/images/games_e56d22ea09/11.jpg"", ""/content/drive/MyDrive/olx_gamesentertainment_dataset/images/games_e56d22ea09/12.jpg"", ""/content/drive/MyDrive/olx_gamesentertainment_dataset/images/games_e56d22ea09/13.jpg"", ""/content/drive/MyDrive/olx_gamesentertainment_dataset/images/games_e56d22ea09/14.jpg""]",14,2025-12-08 05:18:09.677908
games_76a639a995,https://www.olx.in/item/games-entertainment-c93-playstation-4-slim-1tb-in-abbas-nagar-colony-bakshi-ka-talab-iid-1828634911,PlayStation 4 slim 1TB,Playstation 4 Slim 1TB !! In Brand New Condition !! Without any single scratch !! Never Serviced !! All Genuine Parts !! With Charging Cable & Power Cable !! With God of war 2018 All the photos game mention above are available - Games & Entertainment,24000,"[""/content/drive/MyDrive/olx_gamesentertainment_dataset/images/games_76a639a995/1.jpg"", ""/content/drive/MyDrive/olx_gamesentertainment_dataset/images/games_76a639a995/2.jpg"", ""/content/drive/MyDrive/olx_gamesentertainment_dataset/images/games_76a639a995/3.jpg"", ""/content/drive/MyDrive/olx_gamesentertainment_dataset/images/games_76a639a995/4.jpg"", ""/content/drive/MyDrive/olx_gamesentertainment_dataset/images/games_76a639a995/5.jpg"", ""/content/drive/MyDrive/olx_gamesentertainment_dataset/images/games_76a639a995/6.jpg"", ""/content/drive/MyDrive/olx_gamesentertainment_dataset/images/games_76a639a995/7.jpg"", ""/content/drive/MyDrive/olx_gamesentertainment_dataset/images/games_76a639a995/8.jpg"", ""/content/drive/MyDrive/olx_gamesentertainment_dataset/images/games_76a639a995/9.jpg"", ""/content/drive/MyDrive/olx_gamesentertainment_dataset/images/games_76a639a995/10.jpg"", ""/content/drive/MyDrive/olx_gamesentertainment_dataset/images/games_76a639a995/11.jpg"", ""/content/drive/MyDrive/olx_gamesentertainment_dataset/images/games_76a639a995/12.jpg"", ""/content/drive/MyDrive/olx_gamesentertainment_dataset/images/games_76a639a995/13.jpg"", ""/content/drive/MyDrive/olx_gamesentertainment_dataset/images/games_76a639a995/14.jpg""]",14,2025-12-08 05:18:23.073667
games_b223f73c84,https://www.olx.in/item/games-entertainment-c93-playstation-4-1tb-in-utthalsar-thane-iid-1824042136,PlayStation 4 1TB,Good working condition with 5 game cds and two controllers one of controller and 1 new evofox controller with box - Games & Entertainment,28000,"[""/content/drive/MyDrive/olx_gamesentertainment_dataset/images/games_b223f73c84/1.jpg"", ""/content/drive/MyDrive/olx_gamesentertainment_dataset/images/games_b223f73c84/2.jpg"", ""/content/drive/MyDrive/olx_gamesentertainment_dataset/images/games_b223f73c84/3.jpg"", ""/content/drive/MyDrive/olx_gamesentertainment_dataset/images/games_b223f73c84/4.jpg"", ""/content/drive/MyDrive/olx_gamesentertainment_dataset/images/games_b223f73c84/5.jpg"", ""/content/drive/MyDrive/olx_gamesentertainment_dataset/images/games_b223f73c84/6.jpg"", ""/content/drive/MyDrive/olx_gamesentertainment_dataset/images/games_b223f73c84/7.jpg"", ""/content/drive/MyDrive/olx_gamesentertainment_dataset/images/games_b223f73c84/8.jpg"", ""/content/drive/MyDrive/olx_gamesentertainment_dataset/images/games_b223f73c84/9.jpg"", ""/content/drive/MyDrive/olx_gamesentertainment_dataset/images/games_b223f73c84/10.jpg"", ""/content/drive/MyDrive/olx_gamesentertainment_dataset/images/games_b223f73c84/11.jpg"", ""/content/drive/MyDrive/olx_gamesentertainment_dataset/images/games_b223f73c84/12.jpg"", ""/content/drive/MyDrive/olx_gamesentertainment_dataset/images/games_b223f73c84/13.jpg"", ""/content/drive/MyDrive/olx_gamesentertainment_dataset/images/games_b223f73c84/14.jpg""]",14,2025-12-08 05:18:32.908488
games_fd2576360f,https://www.olx.in/item/games-entertainment-c93-playstation-4-itb-with-gta-v-in-gda-layout-kalaburagi-iid-1825856470,playstation 4 Itb with gta v,ps4 neat and clean condition no scratches well maintained description ps 4 with box 1 TB 1 consoles 1 tb - Games & Entertainment,19999,"[""/content/drive/MyDrive/olx_gamesentertainment_dataset/images/games_fd2576360f/1.jpg"", ""/content/drive/MyDrive/olx_gamesentertainment_dataset/images/games_fd2576360f/2.jpg"", ""/content/drive/MyDrive/olx_gamesentertainment_dataset/images/games_fd2576360f/3.jpg"", ""/content/drive/MyDrive/olx_gamesentertainment_dataset/images/games_fd2576360f/4.jpg"", ""/content/drive/MyDrive/olx_gamesentertainment_dataset/images/games_fd2576360f/5.jpg"", ""/content/drive/MyDrive/olx_gamesentertainment_dataset/images/games_fd2576360f/6.jpg"", ""/content/drive/MyDrive/olx_gamesentertainment_dataset/images/games_fd2576360f/7.jpg"", ""/content/drive/MyDrive/olx_gamesentertainment_dataset/images/games_fd2576360f/8.jpg"", ""/content/drive/MyDrive/olx_gamesentertainment_dataset/images/games_fd2576360f/9.jpg"", ""/content/drive/MyDrive/olx_gamesentertainment_dataset/images/games_fd2576360f/10.jpg"", ""/content/drive/MyDrive/olx_gamesentertainment_dataset/images/games_fd2576360f/11.jpg"", ""/content/drive/MyDrive/olx_gamesentertainment_dataset/images/games_fd2576360f/12.jpg"", ""/content/drive/MyDrive/olx_gamesentertainment_dataset/images/games_fd2576360f/13.jpg"", ""/content/drive/MyDrive/olx_gamesentertainment_dataset/images/games_fd2576360f/14.jpg""]",14,2025-12-08 05:18:44.463040
games_7e69406854,https://www.olx.in/item/games-entertainment-c93-klipsch-the-three-2-speaker-with-remote-in-tapoban-rishikesh-iid-1828635756,Klipsch The Three 2 speaker with remote,Klipsch The Three 2 Speaker - Games & Entertainment,25000,"[""/content/drive/MyDrive/olx_gamesentertainment_dataset/images/games_7e69406854/1.jpg"", ""/content/drive/MyDrive/olx_gamesentertainment_dataset/images/games_7e69406854/2.jpg"", ""/content/drive/MyDrive/olx_gamesentertainment_dataset/images/games_7e69406854/3.jpg"", ""/content/drive/MyDrive/olx_gamesentertainment_dataset/images/games_7e69406854/4.jpg"", ""/content/drive/MyDrive/olx_gamesentertainment_dataset/images/games_7e69406854/5.jpg"", ""/content/drive/MyDrive/olx_gamesentertainment_dataset/images/games_7e69406854/6.jpg"", ""/content/drive/MyDrive/olx_gamesentertainment_dataset/images/games_7e69406854/7.jpg"", ""/content/drive/MyDrive/olx_gamesentertainment_dataset/images/games_7e69406854/8.jpg"", ""/content/drive/MyDrive/olx_gamesentertainment_dataset/images/games_7e69406854/9.jpg"", ""/content/drive/MyDrive/olx_gamesentertainment_dataset/images/games_7e69406854/10.jpg"", ""/content/drive/MyDrive/olx_gamesentertainment_dataset/images/games_7e69406854/11.jpg"", ""/content/drive/MyDrive/olx_gamesentertainment_dataset/images/games_7e69406854/12.jpg"", ""/content/drive/MyDrive/olx_gamesentertainment_dataset/images/games_7e69406854/13.jpg"", ""/content/drive/MyDrive/olx_gamesentertainment_dataset/images/games_7e69406854/14.jpg""]",14,2025-12-08 05:18:54.304510
games_31e7093cd9,https://www.olx.in/item/games-entertainment-c93-ant-esports-game-pad-wierless-in-shadnagar-hyderabad-iid-1826858026,Ant esports  game pad  wierless,Its age 3months and gp310 and its use for gamers are something like playing games for relaxation its super smooth all buttons are all in good condition - Games & Entertainment,800,"[""/content/drive/MyDrive/olx_gamesentertainment_dataset/images/games_31e7093cd9/1.jpg"", ""/content/drive/MyDrive/olx_gamesentertainment_dataset/images/games_31e7093cd9/2.jpg"", ""/content/drive/MyDrive/olx_gamesentertainment_dataset/images/games_31e7093cd9/3.jpg"", ""/content/drive/MyDrive/olx_gamesentertainment_dataset/images/games_31e7093cd9/4.jpg"", ""/content/drive/MyDrive/olx_gamesentertainment_dataset/images/games_31e7093cd9/5.jpg"", ""/content/drive/MyDrive/olx_gamesentertainment_dataset/images/games_31e7093cd9/6.jpg"", ""/content/drive/MyDrive/olx_gamesentertainment_dataset/images/games_31e7093cd9/7.jpg"", ""/content/drive/MyDrive/olx_gamesentertainment_dataset/images/games_31e7093cd9/8.jpg"", ""/content/drive/MyDrive/olx_gamesentertainment_dataset/images/games_31e7093cd9/9.jpg"", ""/content/drive/MyDrive/olx_gamesentertainment_dataset/images/games_31e7093cd9/10.jpg"", ""/content/drive/MyDrive/olx_gamesentertainment_dataset/images/games_31e7093cd9/11.jpg"", ""/content/drive/MyDrive/olx_gamesentertainment_dataset/images/games_31e7093cd9/12.jpg"", ""/content/drive/MyDrive/olx_gamesentertainment_dataset/images/games_31e7093cd9/13.jpg"", ""/content/drive/MyDrive/olx_gamesentertainment_dataset/images/games_31e7093cd9/14.jpg""]",14,2025-12-08 05:19:04.623984
games_ec3fb0a276,https://www.olx.in/item/games-entertainment-c93-ps5-grand-theft-auto-v5-disc-in-jubilee-hills-hyderabad-iid-1828633103,PS5 grand theft auto V5 disc,Almost New CD last week i buying - Games & Entertainment,1600,"[""/content/drive/MyDrive/olx_gamesentertainment_dataset/images/games_ec3fb0a276/1.jpg"", ""/content/drive/MyDrive/olx_gamesentertainment_dataset/images/games_ec3fb0a276/2.jpg"", ""/content/drive/MyDrive/olx_gamesentertainment_dataset/images/games_ec3fb0a276/3.jpg"", ""/content/drive/MyDrive/olx_gamesentertainment_dataset/images/games_ec3fb0a276/4.jpg"", ""/content/drive/MyDrive/olx_gamesentertainment_dataset/images/games_ec3fb0a276/5.jpg"", ""/content/drive/MyDrive/olx_gamesentertainment_dataset/images/games_ec3fb0a276/6.jpg"", ""/content/drive/MyDrive/olx_gamesentertainment_dataset/images/games_ec3fb0a276/7.jpg"", ""/content/drive/MyDrive/olx_gamesentertainment_dataset/images/games_ec3fb0a276/8.jpg"", ""/content/drive/MyDrive/olx_gamesentertainment_dataset/images/games_ec3fb0a276/9.jpg"", ""/content/drive/MyDrive/olx_gamesentertainment_dataset/images/games_ec3fb0a276/10.jpg"", ""/content/drive/MyDrive/olx_gamesentertainment_dataset/images/games_ec3fb0a276/11.jpg"", ""/content/drive/MyDrive/olx_gamesentertainment_dataset/images/games_ec3fb0a276/12.jpg"", ""/content/drive/MyDrive/olx_gamesentertainment_dataset/images/games_ec3fb0a276/13.jpg"", ""/content/drive/MyDrive/olx_gamesentertainment_dataset/images/games_ec3fb0a276/14.jpg""]",14,2025-12-08 05:19:15.499410
games_ddee56c7e6,https://www.olx.in/item/games-entertainment-c93-playstation-4-1tb-with-1100-version-in-rajanna-bowli-hyderabad-iid-1828443314,PlayStation 4 1TB with 11.00 Version,"Budget-friendly PS4 for sale - powerful performance, great condition, and ideal for beginners or casual gamers. PS4 Fat 1TB + 16 games-don't worry, only the model is fat, not the performance! Recently serviceing done looking for a new owner please if your budget is below 18k don't waste your time - Games & Entertainment",21000,"[""/content/drive/MyDrive/olx_gamesentertainment_dataset/images/games_ddee56c7e6/1.jpg"", ""/content/drive/MyDrive/olx_gamesentertainment_dataset/images/games_ddee56c7e6/2.jpg"", ""/content/drive/MyDrive/olx_gamesentertainment_dataset/images/games_ddee56c7e6/3.jpg"", ""/content/drive/MyDrive/olx_gamesentertainment_dataset/images/games_ddee56c7e6/4.jpg"", ""/content/drive/MyDrive/olx_gamesentertainment_dataset/images/games_ddee56c7e6/5.jpg"", ""/content/drive/MyDrive/olx_gamesentertainment_dataset/images/games_ddee56c7e6/6.jpg"", ""/content/drive/MyDrive/olx_gamesentertainment_dataset/images/games_ddee56c7e6/7.jpg"", ""/content/drive/MyDrive/olx_gamesentertainment_dataset/images/games_ddee56c7e6/8.jpg"", ""/content/drive/MyDrive/olx_gamesentertainment_dataset/images/games_ddee56c7e6/9.jpg"", ""/content/drive/MyDrive/olx_gamesentertainment_dataset/images/games_ddee56c7e6/10.jpg"", ""/content/drive/MyDrive/olx_gamesentertainment_dataset/images/games_ddee56c7e6/11.jpg"", ""/content/drive/MyDrive/olx_gamesentertainment_dataset/images/games_ddee56c7e6/12.jpg"", ""/content/drive/MyDrive/olx_gamesentertainment_dataset/images/games_ddee56c7e6/13.jpg"", ""/content/drive/MyDrive/olx_gamesentertainment_dataset/images/games_ddee56c7e6/14.jpg""]",14,2025-12-08 05:19:25.642770
games_9375eedd44,https://www.olx.in/item/games-entertainment-c93-playstation-4-pro-mint-condition-in-bar-majra-mohali-iid-1826136687,PlayStation 4 Pro (mint Condition),-PlayStation 4 Pro In Very Good Condition -Original Controller and Cables -Never Repaired -1 Disk and 2 Games Digital (1) God of war 3 Remastered (2) Horizon zero Dawn Complete Edition Selling GOD OF WAR Remastered ₹500/- only - Games & Entertainment,500,"[""/content/drive/MyDrive/olx_gamesentertainment_dataset/images/games_9375eedd44/1.jpg"", ""/content/drive/MyDrive/olx_gamesentertainment_dataset/images/games_9375eedd44/2.jpg"", ""/content/drive/MyDrive/olx_gamesentertainment_dataset/images/games_9375eedd44/3.jpg"", ""/content/drive/MyDrive/olx_gamesentertainment_dataset/images/games_9375eedd44/4.jpg"", ""/content/drive/MyDrive/olx_gamesentertainment_dataset/images/games_9375eedd44/5.jpg"", ""/content/drive/MyDrive/olx_gamesentertainment_dataset/images/games_9375eedd44/6.jpg"", ""/content/drive/MyDrive/olx_gamesentertainment_dataset/images/games_9375eedd44/7.jpg"", ""/content/drive/MyDrive/olx_gamesentertainment_dataset/images/games_9375eedd44/8.jpg"", ""/content/drive/MyDrive/olx_gamesentertainment_dataset/images/games_9375eedd44/9.jpg"", ""/content/drive/MyDrive/olx_gamesentertainment_dataset/images/games_9375eedd44/10.jpg"", ""/content/drive/MyDrive/olx_gamesentertainment_dataset/images/games_9375eedd44/11.jpg"", ""/content/drive/MyDrive/olx_gamesentertainment_dataset/images/games_9375eedd44/12.jpg"", ""/content/drive/MyDrive/olx_gamesentertainment_dataset/images/games_9375eedd44/13.jpg"", ""/content/drive/MyDrive/olx_gamesentertainment_dataset/images/games_9375eedd44/14.jpg""]",14,2025-12-08 05:19:35.543665
games_a21efeb68f,https://www.olx.in/item/games-entertainment-c93-motorola-controller-in-suryodya-society-rajkot-iid-1828635591,Motorola controller,Controller - Games & Entertainment,1500,"[""/content/drive/MyDrive/olx_gamesentertainment_dataset/images/games_a21efeb68f/1.jpg"", ""/content/drive/MyDrive/olx_gamesentertainment_dataset/images/games_a21efeb68f/2.jpg"", ""/content/drive/MyDrive/olx_gamesentertainment_dataset/images/games_a21efeb68f/3.jpg"", ""/content/drive/MyDrive/olx_gamesentertainment_dataset/images/games_a21efeb68f/4.jpg"", ""/content/drive/MyDrive/olx_gamesentertainment_dataset/images/games_a21efeb68f/5.jpg"", ""/content/drive/MyDrive/olx_gamesentertainment_dataset/images/games_a21efeb68f/6.jpg"", ""/content/drive/MyDrive/olx_gamesentertainment_dataset/images/games_a21efeb68f/7.jpg"", ""/content/drive/MyDrive/olx_gamesentertainment_dataset/images/games_a21efeb68f/8.jpg"", ""/content/drive/MyDrive/olx_gamesentertainment_dataset/images/games_a21efeb68f/9.jpg"", ""/content/drive/MyDrive/olx_gamesentertainment_dataset/images/games_a21efeb68f/10.jpg"", ""/content/drive/MyDrive/olx_gamesentertainment_dataset/images/games_a21efeb68f/11.jpg"", ""/content/drive/MyDrive/olx_gamesentertainment_dataset/images/games_a21efeb68f/12.jpg"", ""/content/drive/MyDrive/olx_gamesentertainment_dataset/images/games_a21efeb68f/13.jpg"", ""/content/drive/MyDrive/olx_gamesentertainment_dataset/images/games_a21efeb68f/14.jpg""]",14,2025-12-08 05:19:47.162602
games_b4dff1fd2f,https://www.olx.in/item/games-entertainment-c93-drone-camera-in-jk-nagar-attur-iid-1828632957,Drone camera,It will work but not fly you can repair it - Games & Entertainment,4200,"[""/content/drive/MyDrive/olx_gamesentertainment_dataset/images/games_b4dff1fd2f/1.jpg"", ""/content/drive/MyDrive/olx_gamesentertainment_dataset/images/games_b4dff1fd2f/2.jpg"", ""/content/drive/MyDrive/olx_gamesentertainment_dataset/images/games_b4dff1fd2f/3.jpg"", ""/content/drive/MyDrive/olx_gamesentertainment_dataset/images/games_b4dff1fd2f/4.jpg"", ""/content/drive/MyDrive/olx_gamesentertainment_dataset/images/games_b4dff1fd2f/5.jpg"", ""/content/drive/MyDrive/olx_gamesentertainment_dataset/images/games_b4dff1fd2f/6.jpg"", ""/content/drive/MyDrive/olx_gamesentertainment_dataset/images/games_b4dff1fd2f/7.jpg"", ""/content/drive/MyDrive/olx_gamesentertainment_dataset/images/games_b4dff1fd2f/8.jpg"", ""/content/drive/MyDrive/olx_gamesentertainment_dataset/images/games_b4dff1fd2f/9.jpg"", ""/content/drive/MyDrive/olx_gamesentertainment_dataset/images/games_b4dff1fd2f/10.jpg"", ""/content/drive/MyDrive/olx_gamesentertainment_dataset/images/games_b4dff1fd2f/11.jpg"", ""/content/drive/MyDrive/olx_gamesentertainment_dataset/images/games_b4dff1fd2f/12.jpg"", ""/content/drive/MyDrive/olx_gamesentertainment_dataset/images/games_b4dff1fd2f/13.jpg"", ""/content/drive/MyDrive/olx_gamesentertainment_dataset/images/games_b4dff1fd2f/14.jpg""]",14,2025-12-08 05:19:57.464325
games_36f4f449bd,https://www.olx.in/item/games-entertainment-c93-ps5-slim-disc-edition-1tb-in-sanjay-colony-morena-iid-1827241742,Ps5 Slim Disc Edition 1TB,Ps5 With God of war 3 and God Of war 4 or 500 rupee PS5 ke Account Main h OR PRICE FIX H Brand New Ps5 Mene 2025 October Main Big Billon Par Purchase Kia tha Udhar Paise Lekar Lekin Ab kaam Se time hi nhi bachta h khelne ka ghar aata hu kaam se thak jaata hu or khelne ka man nhi hota isliye sellout kr rha hu - Games & Entertainment,47000,"[""/content/drive/MyDrive/olx_gamesentertainment_dataset/images/games_36f4f449bd/1.jpg"", ""/content/drive/MyDrive/olx_gamesentertainment_dataset/images/games_36f4f449bd/2.jpg"", ""/content/drive/MyDrive/olx_gamesentertainment_dataset/images/games_36f4f449bd/3.jpg"", ""/content/drive/MyDrive/olx_gamesentertainment_dataset/images/games_36f4f449bd/4.jpg"", ""/content/drive/MyDrive/olx_gamesentertainment_dataset/images/games_36f4f449bd/5.jpg"", ""/content/drive/MyDrive/olx_gamesentertainment_dataset/images/games_36f4f449bd/6.jpg"", ""/content/drive/MyDrive/olx_gamesentertainment_dataset/images/games_36f4f449bd/7.jpg"", ""/content/drive/MyDrive/olx_gamesentertainment_dataset/images/games_36f4f449bd/8.jpg"", ""/content/drive/MyDrive/olx_gamesentertainment_dataset/images/games_36f4f449bd/9.jpg"", ""/content/drive/MyDrive/olx_gamesentertainment_dataset/images/games_36f4f449bd/10.jpg"", ""/content/drive/MyDrive/olx_gamesentertainment_dataset/images/games_36f4f449bd/11.jpg"", ""/content/drive/MyDrive/olx_gamesentertainment_dataset/images/games_36f4f449bd/12.jpg"", ""/content/drive/MyDrive/olx_gamesentertainment_dataset/images/games_36f4f449bd/13.jpg"", ""/content/drive/MyDrive/olx_gamesentertainment_dataset/images/games_36f4f449bd/14.jpg""]",14,2025-12-08 05:20:09.035637
games_3a16489f6a,https://www.olx.in/item/games-entertainment-c93-microsoft-xbox-360-gaming-controller-in-saptashrungi-nagar-nashik-iid-1826821499,Microsoft Xbox 360 gaming controller,"Xbox 360 gaming controller with original box all buttons, analog stick in superb condition no lag no drift all in clean and good condition price slightly negotiable - Games & Entertainment",1150,"[""/content/drive/MyDrive/olx_gamesentertainment_dataset/images/games_3a16489f6a/1.jpg"", ""/content/drive/MyDrive/olx_gamesentertainment_dataset/images/games_3a16489f6a/2.jpg"", ""/content/drive/MyDrive/olx_gamesentertainment_dataset/images/games_3a16489f6a/3.jpg"", ""/content/drive/MyDrive/olx_gamesentertainment_dataset/images/games_3a16489f6a/4.jpg"", ""/content/drive/MyDrive/olx_gamesentertainment_dataset/images/games_3a16489f6a/5.jpg"", ""/content/drive/MyDrive/olx_gamesentertainment_dataset/images/games_3a16489f6a/6.jpg"", ""/content/drive/MyDrive/olx_gamesentertainment_dataset/images/games_3a16489f6a/7.jpg"", ""/content/drive/MyDrive/olx_gamesentertainment_dataset/images/games_3a16489f6a/8.jpg"", ""/content/drive/MyDrive/olx_gamesentertainment_dataset/images/games_3a16489f6a/9.jpg"", ""/content/drive/MyDrive/olx_gamesentertainment_dataset/images/games_3a16489f6a/10.jpg"", ""/content/drive/MyDrive/olx_gamesentertainment_dataset/images/games_3a16489f6a/11.jpg"", ""/content/drive/MyDrive/olx_gamesentertainment_dataset/images/games_3a16489f6a/12.jpg"", ""/content/drive/MyDrive/olx_gamesentertainment_dataset/images/games_3a16489f6a/13.jpg"", ""/content/drive/MyDrive/olx_gamesentertainment_dataset/images/games_3a16489f6a/14.jpg""]",14,2025-12-08 05:20:25.658361
games_a2f39ca03b,https://www.olx.in/item/games-entertainment-c93-offer-sale-of-ps4-console-in-frazer-town-bengaluru-iid-1747867525,Offer sale of ps4 console,Used and new all available with us used ps4 consoles starts from 15000 - Games & Entertainment,15000,"[""/content/drive/MyDrive/olx_gamesentertainment_dataset/images/games_a2f39ca03b/1.jpg"", ""/content/drive/MyDrive/olx_gamesentertainment_dataset/images/games_a2f39ca03b/2.jpg"", ""/content/drive/MyDrive/olx_gamesentertainment_dataset/images/games_a2f39ca03b/3.jpg"", ""/content/drive/MyDrive/olx_gamesentertainment_dataset/images/games_a2f39ca03b/4.jpg"", ""/content/drive/MyDrive/olx_gamesentertainment_dataset/images/games_a2f39ca03b/5.jpg"", ""/content/drive/MyDrive/olx_gamesentertainment_dataset/images/games_a2f39ca03b/6.jpg"", ""/content/drive/MyDrive/olx_gamesentertainment_dataset/images/games_a2f39ca03b/7.jpg"", ""/content/drive/MyDrive/olx_gamesentertainment_dataset/images/games_a2f39ca03b/8.jpg"", ""/content/drive/MyDrive/olx_gamesentertainment_dataset/images/games_a2f39ca03b/9.jpg"", ""/content/drive/MyDrive/olx_gamesentertainment_dataset/images/games_a2f39ca03b/10.jpg"", ""/content/drive/MyDrive/olx_gamesentertainment_dataset/images/games_a2f39ca03b/11.jpg"", ""/content/drive/MyDrive/olx_gamesentertainment_dataset/images/games_a2f39ca03b/12.jpg"", ""/content/drive/MyDrive/olx_gamesentertainment_dataset/images/games_a2f39ca03b/13.jpg"", ""/content/drive/MyDrive/olx_gamesentertainment_dataset/images/games_a2f39ca03b/14.jpg""]",14,2025-12-08 05:20:34.225126
games_298b382620,https://www.olx.in/item/games-entertainment-c93-flight-simulator-raspberry-pi-4b-4gb-motion-controller-for-sale-in-ulwe-navi-mumbai-iid-1825808932,"Flight Simulator, Raspberry Pi 4b (4gb) & Motion Controller for sale","Selling:- 1)Logitech Attack 3(Logitech): It's a flight simulator and arcade games controller and can also be used as driving Simulator etc in eta2 etc ,in working condition. Tested games:- Microsoft Flight simulator 2020,euro truck simulator 2 & online website arcade games Price:- rs.1000. 2) Raspberry Pi 4b (4gb ram):- Raspberry Pi 4b with 4gb ram available working condition,it has 4 cores and heatsink is applied on applied on cpu,ram and wifi module so can be used for heavy task,can check while buying. Optional:- hard pc like case,micro HDMI to HDMI,video capture card,etc. Price:- rs.2599. 3) Sony PlayStation Motion Controller (Sony): Sony CECH-ZCM1E Motion Controller for playstations working condition Price:- rs.799. Check the photos, you can check the product before buying. Face 2 Face deals preferred. If you are seeing this then it's available - Games & Entertainment",799,"[""/content/drive/MyDrive/olx_gamesentertainment_dataset/images/games_298b382620/1.jpg"", ""/content/drive/MyDrive/olx_gamesentertainment_dataset/images/games_298b382620/2.jpg"", ""/content/drive/MyDrive/olx_gamesentertainment_dataset/images/games_298b382620/3.jpg"", ""/content/drive/MyDrive/olx_gamesentertainment_dataset/images/games_298b382620/4.jpg"", ""/content/drive/MyDrive/olx_gamesentertainment_dataset/images/games_298b382620/5.jpg"", ""/content/drive/MyDrive/olx_gamesentertainment_dataset/images/games_298b382620/6.jpg"", ""/content/drive/MyDrive/olx_gamesentertainment_dataset/images/games_298b382620/7.jpg"", ""/content/drive/MyDrive/olx_gamesentertainment_dataset/images/games_298b382620/8.jpg"", ""/content/drive/MyDrive/olx_gamesentertainment_dataset/images/games_298b382620/9.jpg"", ""/content/drive/MyDrive/olx_gamesentertainment_dataset/images/games_298b382620/10.jpg"", ""/content/drive/MyDrive/olx_gamesentertainment_dataset/images/games_298b382620/11.jpg"", ""/content/drive/MyDrive/olx_gamesentertainment_dataset/images/games_298b382620/12.jpg"", ""/content/drive/MyDrive/olx_gamesentertainment_dataset/images/games_298b382620/13.jpg"", ""/content/drive/MyDrive/olx_gamesentertainment_dataset/images/games_298b382620/14.jpg""]",14,2025-12-08 05:20:45.065175
games_543a868fcb,https://www.olx.in/item/games-entertainment-c93-playstation-5-in-patoli-jammu-iid-1828634711,Playstation 5,"I am selling my PlayStation 5 (White) in excellent condition. The console has been used very carefully and works perfectly without any issues. It also comes with the original DualSense Wireless Controller. Details: • Model: PlayStation 5 • Color: White • Condition: Excellent, well-maintained • Includes: Original DualSense Controller • No repairs, no issues • Smooth performance and fast loading Reason for Selling: I have played a lot on this PS5 and completed almost every game and mission. Now I don’t get enough time to play like before because I recently started a job. That’s why I want to sell it. Price: Negotiable Location: (Damana Jammu ) If you’re interested, feel free to message me on OLX. - Games & Entertainment",42000,"[""/content/drive/MyDrive/olx_gamesentertainment_dataset/images/games_543a868fcb/1.jpg"", ""/content/drive/MyDrive/olx_gamesentertainment_dataset/images/games_543a868fcb/2.jpg"", ""/content/drive/MyDrive/olx_gamesentertainment_dataset/images/games_543a868fcb/3.jpg"", ""/content/drive/MyDrive/olx_gamesentertainment_dataset/images/games_543a868fcb/4.jpg"", ""/content/drive/MyDrive/olx_gamesentertainment_dataset/images/games_543a868fcb/5.jpg"", ""/content/drive/MyDrive/olx_gamesentertainment_dataset/images/games_543a868fcb/6.jpg"", ""/content/drive/MyDrive/olx_gamesentertainment_dataset/images/games_543a868fcb/7.jpg"", ""/content/drive/MyDrive/olx_gamesentertainment_dataset/images/games_543a868fcb/8.jpg"", ""/content/drive/MyDrive/olx_gamesentertainment_dataset/images/games_543a868fcb/9.jpg"", ""/content/drive/MyDrive/olx_gamesentertainment_dataset/images/games_543a868fcb/10.jpg"", ""/content/drive/MyDrive/olx_gamesentertainment_dataset/images/games_543a868fcb/11.jpg"", ""/content/drive/MyDrive/olx_gamesentertainment_dataset/images/games_543a868fcb/12.jpg"", ""/content/drive/MyDrive/olx_gamesentertainment_dataset/images/games_543a868fcb/13.jpg"", ""/content/drive/MyDrive/olx_gamesentertainment_dataset/images/games_543a868fcb/14.jpg""]",14,2025-12-08 05:20:54.304668
games_cd373d54e2,https://www.olx.in/item/games-entertainment-c93-playstation-4-pro-ps4-marvels-spider-man-1tb-limited-edition-console-in-chennai-central-chennai-iid-1828634678,PlayStation 4 Pro PS4 Marvel's Spider-Man 1TB Limited Edition Console,PlayStation 4 Pro PS4 Marvel's Spider-Man 1TB Limited Edition Console Only - Games & Entertainment,12000,"[""/content/drive/MyDrive/olx_gamesentertainment_dataset/images/games_cd373d54e2/1.jpg"", ""/content/drive/MyDrive/olx_gamesentertainment_dataset/images/games_cd373d54e2/2.jpg"", ""/content/drive/MyDrive/olx_gamesentertainment_dataset/images/games_cd373d54e2/3.jpg"", ""/content/drive/MyDrive/olx_gamesentertainment_dataset/images/games_cd373d54e2/4.jpg"", ""/content/drive/MyDrive/olx_gamesentertainment_dataset/images/games_cd373d54e2/5.jpg"", ""/content/drive/MyDrive/olx_gamesentertainment_dataset/images/games_cd373d54e2/6.jpg"", ""/content/drive/MyDrive/olx_gamesentertainment_dataset/images/games_cd373d54e2/7.jpg"", ""/content/drive/MyDrive/olx_gamesentertainment_dataset/images/games_cd373d54e2/8.jpg"", ""/content/drive/MyDrive/olx_gamesentertainment_dataset/images/games_cd373d54e2/9.jpg"", ""/content/drive/MyDrive/olx_gamesentertainment_dataset/images/games_cd373d54e2/10.jpg"", ""/content/drive/MyDrive/olx_gamesentertainment_dataset/images/games_cd373d54e2/11.jpg"", ""/content/drive/MyDrive/olx_gamesentertainment_dataset/images/games_cd373d54e2/12.jpg"", ""/content/drive/MyDrive/olx_gamesentertainment_dataset/images/games_cd373d54e2/13.jpg"", ""/content/drive/MyDrive/olx_gamesentertainment_dataset/images/games_cd373d54e2/14.jpg""]",14,2025-12-08 05:21:04.733200
games_c9565128fa,https://www.olx.in/item/games-entertainment-c93-handheld-gaming-console-suiplay0x1-with-65watt-charger-in-sector-8b-bokaro-steel-city-iid-1828286833,Handheld Gaming Console (Suiplay0x1) with 65watt charger,•Supported all pc games •512gb ssd •16gb Ram •Touchscreen •3 type c slot •memory card slot Free Black myth wukong and cricket 19 - Games & Entertainment,64999,"[""/content/drive/MyDrive/olx_gamesentertainment_dataset/images/games_c9565128fa/1.jpg"", ""/content/drive/MyDrive/olx_gamesentertainment_dataset/images/games_c9565128fa/2.jpg"", ""/content/drive/MyDrive/olx_gamesentertainment_dataset/images/games_c9565128fa/3.jpg"", ""/content/drive/MyDrive/olx_gamesentertainment_dataset/images/games_c9565128fa/4.jpg"", ""/content/drive/MyDrive/olx_gamesentertainment_dataset/images/games_c9565128fa/5.jpg"", ""/content/drive/MyDrive/olx_gamesentertainment_dataset/images/games_c9565128fa/6.jpg"", ""/content/drive/MyDrive/olx_gamesentertainment_dataset/images/games_c9565128fa/7.jpg"", ""/content/drive/MyDrive/olx_gamesentertainment_dataset/images/games_c9565128fa/8.jpg"", ""/content/drive/MyDrive/olx_gamesentertainment_dataset/images/games_c9565128fa/9.jpg"", ""/content/drive/MyDrive/olx_gamesentertainment_dataset/images/games_c9565128fa/10.jpg"", ""/content/drive/MyDrive/olx_gamesentertainment_dataset/images/games_c9565128fa/11.jpg"", ""/content/drive/MyDrive/olx_gamesentertainment_dataset/images/games_c9565128fa/12.jpg"", ""/content/drive/MyDrive/olx_gamesentertainment_dataset/images/games_c9565128fa/13.jpg"", ""/content/drive/MyDrive/olx_gamesentertainment_dataset/images/games_c9565128fa/14.jpg""]",14,2025-12-08 05:21:14.887970
games_199ab7869a,https://www.olx.in/item/games-entertainment-c93-gym-cycling-in-lalbahadur-colony-coimbatore-iid-1828636021,Gym cycling,Good condition indoor cycle - Games & Entertainment,6500,"[""/content/drive/MyDrive/olx_gamesentertainment_dataset/images/games_199ab7869a/1.jpg"", ""/content/drive/MyDrive/olx_gamesentertainment_dataset/images/games_199ab7869a/2.jpg"", ""/content/drive/MyDrive/olx_gamesentertainment_dataset/images/games_199ab7869a/3.jpg"", ""/content/drive/MyDrive/olx_gamesentertainment_dataset/images/games_199ab7869a/4.jpg"", ""/content/drive/MyDrive/olx_gamesentertainment_dataset/images/games_199ab7869a/5.jpg"", ""/content/drive/MyDrive/olx_gamesentertainment_dataset/images/games_199ab7869a/6.jpg"", ""/content/drive/MyDrive/olx_gamesentertainment_dataset/images/games_199ab7869a/7.jpg"", ""/content/drive/MyDrive/olx_gamesentertainment_dataset/images/games_199ab7869a/8.jpg"", ""/content/drive/MyDrive/olx_gamesentertainment_dataset/images/games_199ab7869a/9.jpg"", ""/content/drive/MyDrive/olx_gamesentertainment_dataset/images/games_199ab7869a/10.jpg"", ""/content/drive/MyDrive/olx_gamesentertainment_dataset/images/games_199ab7869a/11.jpg"", ""/content/drive/MyDrive/olx_gamesentertainment_dataset/images/games_199ab7869a/12.jpg"", ""/content/drive/MyDrive/olx_gamesentertainment_dataset/images/games_199ab7869a/13.jpg"", ""/content/drive/MyDrive/olx_gamesentertainment_dataset/images/games_199ab7869a/14.jpg""]",14,2025-12-08 05:21:22.499964
games_a9ff06031c,https://www.olx.in/item/games-entertainment-c93-ps4-fat-1tb-1250-version-in-kishanpur-tiraha-aligarh-iid-1815242174,Ps4 fat 1tb 12.50 version,1 controller 1 usb cable 1 hdmi cable 16 games Installed - Games & Entertainment,22000,"[""/content/drive/MyDrive/olx_gamesentertainment_dataset/images/games_a9ff06031c/1.jpg"", ""/content/drive/MyDrive/olx_gamesentertainment_dataset/images/games_a9ff06031c/2.jpg"", ""/content/drive/MyDrive/olx_gamesentertainment_dataset/images/games_a9ff06031c/3.jpg"", ""/content/drive/MyDrive/olx_gamesentertainment_dataset/images/games_a9ff06031c/4.jpg"", ""/content/drive/MyDrive/olx_gamesentertainment_dataset/images/games_a9ff06031c/5.jpg"", ""/content/drive/MyDrive/olx_gamesentertainment_dataset/images/games_a9ff06031c/6.jpg"", ""/content/drive/MyDrive/olx_gamesentertainment_dataset/images/games_a9ff06031c/7.jpg"", ""/content/drive/MyDrive/olx_gamesentertainment_dataset/images/games_a9ff06031c/8.jpg"", ""/content/drive/MyDrive/olx_gamesentertainment_dataset/images/games_a9ff06031c/9.jpg"", ""/content/drive/MyDrive/olx_gamesentertainment_dataset/images/games_a9ff06031c/10.jpg"", ""/content/drive/MyDrive/olx_gamesentertainment_dataset/images/games_a9ff06031c/11.jpg"", ""/content/drive/MyDrive/olx_gamesentertainment_dataset/images/games_a9ff06031c/12.jpg"", ""/content/drive/MyDrive/olx_gamesentertainment_dataset/images/games_a9ff06031c/13.jpg"", ""/content/drive/MyDrive/olx_gamesentertainment_dataset/images/games_a9ff06031c/14.jpg""]",14,2025-12-08 05:21:35.994366
games_351aa281e0,https://www.olx.in/item/games-entertainment-c93-nintendo-switch-oled-in-dinthar-sairang-iid-1828629473,Nintendo Switch OLED,Nintendo Switch OLED comes with complete kits - Games & Entertainment,15000,"[""/content/drive/MyDrive/olx_gamesentertainment_dataset/images/games_351aa281e0/1.jpg"", ""/content/drive/MyDrive/olx_gamesentertainment_dataset/images/games_351aa281e0/2.jpg"", ""/content/drive/MyDrive/olx_gamesentertainment_dataset/images/games_351aa281e0/3.jpg"", ""/content/drive/MyDrive/olx_gamesentertainment_dataset/images/games_351aa281e0/4.jpg"", ""/content/drive/MyDrive/olx_gamesentertainment_dataset/images/games_351aa281e0/5.jpg"", ""/content/drive/MyDrive/olx_gamesentertainment_dataset/images/games_351aa281e0/6.jpg"", ""/content/drive/MyDrive/olx_gamesentertainment_dataset/images/games_351aa281e0/7.jpg"", ""/content/drive/MyDrive/olx_gamesentertainment_dataset/images/games_351aa281e0/8.jpg"", ""/content/drive/MyDrive/olx_gamesentertainment_dataset/images/games_351aa281e0/9.jpg"", ""/content/drive/MyDrive/olx_gamesentertainment_dataset/images/games_351aa281e0/10.jpg"", ""/content/drive/MyDrive/olx_gamesentertainment_dataset/images/games_351aa281e0/11.jpg"", ""/content/drive/MyDrive/olx_gamesentertainment_dataset/images/games_351aa281e0/12.jpg"", ""/content/drive/MyDrive/olx_gamesentertainment_dataset/images/games_351aa281e0/13.jpg"", ""/content/drive/MyDrive/olx_gamesentertainment_dataset/images/games_351aa281e0/14.jpg""]",14,2025-12-08 05:21:46.542100
games_3f8cdb88bc,https://www.olx.in/item/games-entertainment-c93-ghost-of-yotei-ps5-game-disc-in-fort-kochi-kochi-iid-1828065264,Ghost of Yōtei ps5 game disc,"It is a really good game disc of ps5. It is a part 2 of ghost of tsusmhima. It's really nice, i enjoyed playing this game. #ps5 # gamedisc #ghostofyotei - Games & Entertainment",4600,"[""/content/drive/MyDrive/olx_gamesentertainment_dataset/images/games_3f8cdb88bc/1.jpg"", ""/content/drive/MyDrive/olx_gamesentertainment_dataset/images/games_3f8cdb88bc/2.jpg"", ""/content/drive/MyDrive/olx_gamesentertainment_dataset/images/games_3f8cdb88bc/3.jpg"", ""/content/drive/MyDrive/olx_gamesentertainment_dataset/images/games_3f8cdb88bc/4.jpg"", ""/content/drive/MyDrive/olx_gamesentertainment_dataset/images/games_3f8cdb88bc/5.jpg"", ""/content/drive/MyDrive/olx_gamesentertainment_dataset/images/games_3f8cdb88bc/6.jpg"", ""/content/drive/MyDrive/olx_gamesentertainment_dataset/images/games_3f8cdb88bc/7.jpg"", ""/content/drive/MyDrive/olx_gamesentertainment_dataset/images/games_3f8cdb88bc/8.jpg"", ""/content/drive/MyDrive/olx_gamesentertainment_dataset/images/games_3f8cdb88bc/9.jpg"", ""/content/drive/MyDrive/olx_gamesentertainment_dataset/images/games_3f8cdb88bc/10.jpg"", ""/content/drive/MyDrive/olx_gamesentertainment_dataset/images/games_3f8cdb88bc/11.jpg"", ""/content/drive/MyDrive/olx_gamesentertainment_dataset/images/games_3f8cdb88bc/12.jpg"", ""/content/drive/MyDrive/olx_gamesentertainment_dataset/images/games_3f8cdb88bc/13.jpg"", ""/content/drive/MyDrive/olx_gamesentertainment_dataset/images/games_3f8cdb88bc/14.jpg""]",14,2025-12-08 05:21:54.397413
games_6aaedc81b7,https://www.olx.in/item/games-entertainment-c93-ghost-of-tsushima-in-kharadi-pune-iid-1828628183,Ghost of tsushima,Supported for ps5 - Games & Entertainment,3500,"[""/content/drive/MyDrive/olx_gamesentertainment_dataset/images/games_6aaedc81b7/1.jpg"", ""/content/drive/MyDrive/olx_gamesentertainment_dataset/images/games_6aaedc81b7/2.jpg"", ""/content/drive/MyDrive/olx_gamesentertainment_dataset/images/games_6aaedc81b7/3.jpg"", ""/content/drive/MyDrive/olx_gamesentertainment_dataset/images/games_6aaedc81b7/4.jpg"", ""/content/drive/MyDrive/olx_gamesentertainment_dataset/images/games_6aaedc81b7/5.jpg"", ""/content/drive/MyDrive/olx_gamesentertainment_dataset/images/games_6aaedc81b7/6.jpg"", ""/content/drive/MyDrive/olx_gamesentertainment_dataset/images/games_6aaedc81b7/7.jpg"", ""/content/drive/MyDrive/olx_gamesentertainment_dataset/images/games_6aaedc81b7/8.jpg"", ""/content/drive/MyDrive/olx_gamesentertainment_dataset/images/games_6aaedc81b7/9.jpg"", ""/content/drive/MyDrive/olx_gamesentertainment_dataset/images/games_6aaedc81b7/10.jpg"", ""/content/drive/MyDrive/olx_gamesentertainment_dataset/images/games_6aaedc81b7/11.jpg"", ""/content/drive/MyDrive/olx_gamesentertainment_dataset/images/games_6aaedc81b7/12.jpg"", ""/content/drive/MyDrive/olx_gamesentertainment_dataset/images/games_6aaedc81b7/13.jpg"", ""/content/drive/MyDrive/olx_gamesentertainment_dataset/images/games_6aaedc81b7/14.jpg""]",14,2025-12-08 05:22:04.902825
games_998fa1e34a,https://www.olx.in/item/games-entertainment-c93-game-stick-24g-wireless-controller-in-venkateshapuram-bengaluru-iid-1828626371,Game Stick 2.4G WIRELESS CONTROLLER,2.4G WIRELESS CONTROLLER 4k Gaming - Games & Entertainment,1000,"[""/content/drive/MyDrive/olx_gamesentertainment_dataset/images/games_998fa1e34a/1.jpg"", ""/content/drive/MyDrive/olx_gamesentertainment_dataset/images/games_998fa1e34a/2.jpg"", ""/content/drive/MyDrive/olx_gamesentertainment_dataset/images/games_998fa1e34a/3.jpg"", ""/content/drive/MyDrive/olx_gamesentertainment_dataset/images/games_998fa1e34a/4.jpg"", ""/content/drive/MyDrive/olx_gamesentertainment_dataset/images/games_998fa1e34a/5.jpg"", ""/content/drive/MyDrive/olx_gamesentertainment_dataset/images/games_998fa1e34a/6.jpg"", ""/content/drive/MyDrive/olx_gamesentertainment_dataset/images/games_998fa1e34a/7.jpg"", ""/content/drive/MyDrive/olx_gamesentertainment_dataset/images/games_998fa1e34a/8.jpg"", ""/content/drive/MyDrive/olx_gamesentertainment_dataset/images/games_998fa1e34a/9.jpg"", ""/content/drive/MyDrive/olx_gamesentertainment_dataset/images/games_998fa1e34a/10.jpg"", ""/content/drive/MyDrive/olx_gamesentertainment_dataset/images/games_998fa1e34a/11.jpg"", ""/content/drive/MyDrive/olx_gamesentertainment_dataset/images/games_998fa1e34a/12.jpg"", ""/content/drive/MyDrive/olx_gamesentertainment_dataset/images/games_998fa1e34a/13.jpg"", ""/content/drive/MyDrive/olx_gamesentertainment_dataset/images/games_998fa1e34a/14.jpg""]",14,2025-12-08 05:22:14.913170
games_5aa103281a,https://www.olx.in/item/games-entertainment-c93-sony-play-station-4-in-infocity-bhubaneshwar-iid-1828627653,Sony Play Station 4,PS 4 Slim Disc(1TB) 1 Controller Original Power Cable Cooling Stand 1 game No Bargaining Dayakari Bargain karantu Nahi alga loka bi dauchanti sethu nei jaantu jadi mention price re nei paribe then DM karantu - Games & Entertainment,17000,"[""/content/drive/MyDrive/olx_gamesentertainment_dataset/images/games_5aa103281a/1.jpg"", ""/content/drive/MyDrive/olx_gamesentertainment_dataset/images/games_5aa103281a/2.jpg"", ""/content/drive/MyDrive/olx_gamesentertainment_dataset/images/games_5aa103281a/3.jpg"", ""/content/drive/MyDrive/olx_gamesentertainment_dataset/images/games_5aa103281a/4.jpg"", ""/content/drive/MyDrive/olx_gamesentertainment_dataset/images/games_5aa103281a/5.jpg"", ""/content/drive/MyDrive/olx_gamesentertainment_dataset/images/games_5aa103281a/6.jpg"", ""/content/drive/MyDrive/olx_gamesentertainment_dataset/images/games_5aa103281a/7.jpg"", ""/content/drive/MyDrive/olx_gamesentertainment_dataset/images/games_5aa103281a/8.jpg"", ""/content/drive/MyDrive/olx_gamesentertainment_dataset/images/games_5aa103281a/9.jpg"", ""/content/drive/MyDrive/olx_gamesentertainment_dataset/images/games_5aa103281a/10.jpg"", ""/content/drive/MyDrive/olx_gamesentertainment_dataset/images/games_5aa103281a/11.jpg"", ""/content/drive/MyDrive/olx_gamesentertainment_dataset/images/games_5aa103281a/12.jpg"", ""/content/drive/MyDrive/olx_gamesentertainment_dataset/images/games_5aa103281a/13.jpg"", ""/content/drive/MyDrive/olx_gamesentertainment_dataset/images/games_5aa103281a/14.jpg""]",14,2025-12-08 05:22:28.848004
games_df42fcbe01,https://www.olx.in/item/games-entertainment-c93-diaphragm-air-pump-compressor-for-massager-or-aquariumt-in-royapettah-chennai-iid-1828626172,Diaphragm Air Pump / Compressor for Massager or Aquariumt,"​Type: Diaphragm Air Pump / Air Compressor. ​Condition: Used, but fully tested and confirmed working (Video proof available upon request). ​High Power: Designed to operate compression cuffs/bladders, generating significant pressure and airflow. ​Multi-Port Output: Features multiple air outlets, making it suitable for devices that require sequential or simultaneous inflation of several air chambers. ​Motor Housing: Durable aluminum body with cooling fins for heat dissipation. Primary Use (Target Market: Repair Technicians) ​The main function of this component is to generate high air pressure for appliances. This pump is the ideal replacement part for: ​Compression Massagers: Powering the inflatable cuffs, bladders, or chambers in leg, foot, or full-body massage chairs/devices to provide a therapeutic squeeze/release action. ​Medical Equipment: Similar pumps are used in non-invasive devices like blood pressure monitors, certain pneumatic tools, and compression therapy units. ​General Pneumatic Actuation: Used by engineers and hobbyists for projects that require a small, powerful air source for vacuum forming, robotics, or custom mechanisms. ​Usability for Aquarium/Fish Tank (Secondary Market: Hobbyists) ​Yes, this type of pump can potentially be used for an aquarium, but with important caveats: ​Pros: As a diaphragm pump, it will provide strong, consistent airflow suitable for deep or very large tanks, or for driving multiple air stones/sponge filters—often stronger than typical small aquarium pumps. - Games & Entertainment",2200,"[""/content/drive/MyDrive/olx_gamesentertainment_dataset/images/games_df42fcbe01/1.jpg"", ""/content/drive/MyDrive/olx_gamesentertainment_dataset/images/games_df42fcbe01/2.jpg"", ""/content/drive/MyDrive/olx_gamesentertainment_dataset/images/games_df42fcbe01/3.jpg"", ""/content/drive/MyDrive/olx_gamesentertainment_dataset/images/games_df42fcbe01/4.jpg"", ""/content/drive/MyDrive/olx_gamesentertainment_dataset/images/games_df42fcbe01/5.jpg"", ""/content/drive/MyDrive/olx_gamesentertainment_dataset/images/games_df42fcbe01/6.jpg"", ""/content/drive/MyDrive/olx_gamesentertainment_dataset/images/games_df42fcbe01/7.jpg"", ""/content/drive/MyDrive/olx_gamesentertainment_dataset/images/games_df42fcbe01/8.jpg"", ""/content/drive/MyDrive/olx_gamesentertainment_dataset/images/games_df42fcbe01/9.jpg"", ""/content/drive/MyDrive/olx_gamesentertainment_dataset/images/games_df42fcbe01/10.jpg"", ""/content/drive/MyDrive/olx_gamesentertainment_dataset/images/games_df42fcbe01/11.jpg"", ""/content/drive/MyDrive/olx_gamesentertainment_dataset/images/games_df42fcbe01/12.jpg"", ""/content/drive/MyDrive/olx_gamesentertainment_dataset/images/games_df42fcbe01/13.jpg"", ""/content/drive/MyDrive/olx_gamesentertainment_dataset/images/games_df42fcbe01/14.jpg""]",14,2025-12-08 05:22:39.464094
games_4bc41bb09d,https://www.olx.in/item/games-entertainment-c93-ps4-games-cd-in-ambattur-industrial-estate-chennai-iid-1828629063,Ps4 games cd,"God of war - 700 Days gone - 900 Watchdogs2 - 600 Battlefield 4 - 600 Battlefield 1 - 500(without box) If you buy all the games together, I’ll give them for Rs.2500/- - Games & Entertainment",2500,"[""/content/drive/MyDrive/olx_gamesentertainment_dataset/images/games_4bc41bb09d/1.jpg"", ""/content/drive/MyDrive/olx_gamesentertainment_dataset/images/games_4bc41bb09d/2.jpg"", ""/content/drive/MyDrive/olx_gamesentertainment_dataset/images/games_4bc41bb09d/3.jpg"", ""/content/drive/MyDrive/olx_gamesentertainment_dataset/images/games_4bc41bb09d/4.jpg"", ""/content/drive/MyDrive/olx_gamesentertainment_dataset/images/games_4bc41bb09d/5.jpg"", ""/content/drive/MyDrive/olx_gamesentertainment_dataset/images/games_4bc41bb09d/6.jpg"", ""/content/drive/MyDrive/olx_gamesentertainment_dataset/images/games_4bc41bb09d/7.jpg"", ""/content/drive/MyDrive/olx_gamesentertainment_dataset/images/games_4bc41bb09d/8.jpg"", ""/content/drive/MyDrive/olx_gamesentertainment_dataset/images/games_4bc41bb09d/9.jpg"", ""/content/drive/MyDrive/olx_gamesentertainment_dataset/images/games_4bc41bb09d/10.jpg"", ""/content/drive/MyDrive/olx_gamesentertainment_dataset/images/games_4bc41bb09d/11.jpg"", ""/content/drive/MyDrive/olx_gamesentertainment_dataset/images/games_4bc41bb09d/12.jpg"", ""/content/drive/MyDrive/olx_gamesentertainment_dataset/images/games_4bc41bb09d/13.jpg"", ""/content/drive/MyDrive/olx_gamesentertainment_dataset/images/games_4bc41bb09d/14.jpg""]",14,2025-12-08 05:22:49.017739
games_cfb3940c43,https://www.olx.in/item/games-entertainment-c93-ps5-sealed-pack-in-aliganj-lucknow-iid-1828630042,Ps5 sealed pack,Brand new sealed pack - Games & Entertainment,48000,"[""/content/drive/MyDrive/olx_gamesentertainment_dataset/images/games_cfb3940c43/1.jpg"", ""/content/drive/MyDrive/olx_gamesentertainment_dataset/images/games_cfb3940c43/2.jpg"", ""/content/drive/MyDrive/olx_gamesentertainment_dataset/images/games_cfb3940c43/3.jpg"", ""/content/drive/MyDrive/olx_gamesentertainment_dataset/images/games_cfb3940c43/4.jpg"", ""/content/drive/MyDrive/olx_gamesentertainment_dataset/images/games_cfb3940c43/5.jpg"", ""/content/drive/MyDrive/olx_gamesentertainment_dataset/images/games_cfb3940c43/6.jpg"", ""/content/drive/MyDrive/olx_gamesentertainment_dataset/images/games_cfb3940c43/7.jpg"", ""/content/drive/MyDrive/olx_gamesentertainment_dataset/images/games_cfb3940c43/8.jpg"", ""/content/drive/MyDrive/olx_gamesentertainment_dataset/images/games_cfb3940c43/9.jpg"", ""/content/drive/MyDrive/olx_gamesentertainment_dataset/images/games_cfb3940c43/10.jpg"", ""/content/drive/MyDrive/olx_gamesentertainment_dataset/images/games_cfb3940c43/11.jpg"", ""/content/drive/MyDrive/olx_gamesentertainment_dataset/images/games_cfb3940c43/12.jpg"", ""/content/drive/MyDrive/olx_gamesentertainment_dataset/images/games_cfb3940c43/13.jpg"", ""/content/drive/MyDrive/olx_gamesentertainment_dataset/images/games_cfb3940c43/14.jpg""]",14,2025-12-08 05:22:58.988167
games_caccc1abe5,https://www.olx.in/item/games-entertainment-c93-uncharted-ps4-game-cd-in-police-quarters-chennai-iid-1828626686,Uncharted ps4 game cd,Uncharted ps4 game cd available very light use - Games & Entertainment,1000,"[""/content/drive/MyDrive/olx_gamesentertainment_dataset/images/games_caccc1abe5/1.jpg"", ""/content/drive/MyDrive/olx_gamesentertainment_dataset/images/games_caccc1abe5/2.jpg"", ""/content/drive/MyDrive/olx_gamesentertainment_dataset/images/games_caccc1abe5/3.jpg"", ""/content/drive/MyDrive/olx_gamesentertainment_dataset/images/games_caccc1abe5/4.jpg"", ""/content/drive/MyDrive/olx_gamesentertainment_dataset/images/games_caccc1abe5/5.jpg"", ""/content/drive/MyDrive/olx_gamesentertainment_dataset/images/games_caccc1abe5/6.jpg"", ""/content/drive/MyDrive/olx_gamesentertainment_dataset/images/games_caccc1abe5/7.jpg"", ""/content/drive/MyDrive/olx_gamesentertainment_dataset/images/games_caccc1abe5/8.jpg"", ""/content/drive/MyDrive/olx_gamesentertainment_dataset/images/games_caccc1abe5/9.jpg"", ""/content/drive/MyDrive/olx_gamesentertainment_dataset/images/games_caccc1abe5/10.jpg"", ""/content/drive/MyDrive/olx_gamesentertainment_dataset/images/games_caccc1abe5/11.jpg"", ""/content/drive/MyDrive/olx_gamesentertainment_dataset/images/games_caccc1abe5/12.jpg"", ""/content/drive/MyDrive/olx_gamesentertainment_dataset/images/games_caccc1abe5/13.jpg"", ""/content/drive/MyDrive/olx_gamesentertainment_dataset/images/games_caccc1abe5/14.jpg""]",14,2025-12-08 05:23:19.804994
games_9782e62112,https://www.olx.in/item/games-entertainment-c93-keyboard-yamaha-i500-in-rammana-layout-byrathi-bengaluru-iid-1828628466,Keyboard- Yamaha I500,"Good condition, less than a 4 months used keyboard for sale - Games & Entertainment",18000,"[""/content/drive/MyDrive/olx_gamesentertainment_dataset/images/games_9782e62112/1.jpg"", ""/content/drive/MyDrive/olx_gamesentertainment_dataset/images/games_9782e62112/2.jpg"", ""/content/drive/MyDrive/olx_gamesentertainment_dataset/images/games_9782e62112/3.jpg"", ""/content/drive/MyDrive/olx_gamesentertainment_dataset/images/games_9782e62112/4.jpg"", ""/content/drive/MyDrive/olx_gamesentertainment_dataset/images/games_9782e62112/5.jpg"", ""/content/drive/MyDrive/olx_gamesentertainment_dataset/images/games_9782e62112/6.jpg"", ""/content/drive/MyDrive/olx_gamesentertainment_dataset/images/games_9782e62112/7.jpg"", ""/content/drive/MyDrive/olx_gamesentertainment_dataset/images/games_9782e62112/8.jpg"", ""/content/drive/MyDrive/olx_gamesentertainment_dataset/images/games_9782e62112/9.jpg"", ""/content/drive/MyDrive/olx_gamesentertainment_dataset/images/games_9782e62112/10.jpg"", ""/content/drive/MyDrive/olx_gamesentertainment_dataset/images/games_9782e62112/11.jpg"", ""/content/drive/MyDrive/olx_gamesentertainment_dataset/images/games_9782e62112/12.jpg"", ""/content/drive/MyDrive/olx_gamesentertainment_dataset/images/games_9782e62112/13.jpg"", ""/content/drive/MyDrive/olx_gamesentertainment_dataset/images/games_9782e62112/14.jpg""]",14,2025-12-08 05:23:32.644544
games_d84f095882,https://www.olx.in/item/games-entertainment-c93-sony-music-system-sell-in-lohia-nagar-ghaziabad-iid-1828628076,Sony music system sell,Selling because of shifting - Games & Entertainment,8000,"[""/content/drive/MyDrive/olx_gamesentertainment_dataset/images/games_d84f095882/1.jpg"", ""/content/drive/MyDrive/olx_gamesentertainment_dataset/images/games_d84f095882/2.jpg"", ""/content/drive/MyDrive/olx_gamesentertainment_dataset/images/games_d84f095882/3.jpg"", ""/content/drive/MyDrive/olx_gamesentertainment_dataset/images/games_d84f095882/4.jpg"", ""/content/drive/MyDrive/olx_gamesentertainment_dataset/images/games_d84f095882/5.jpg"", ""/content/drive/MyDrive/olx_gamesentertainment_dataset/images/games_d84f095882/6.jpg"", ""/content/drive/MyDrive/olx_gamesentertainment_dataset/images/games_d84f095882/7.jpg"", ""/content/drive/MyDrive/olx_gamesentertainment_dataset/images/games_d84f095882/8.jpg"", ""/content/drive/MyDrive/olx_gamesentertainment_dataset/images/games_d84f095882/9.jpg"", ""/content/drive/MyDrive/olx_gamesentertainment_dataset/images/games_d84f095882/10.jpg"", ""/content/drive/MyDrive/olx_gamesentertainment_dataset/images/games_d84f095882/11.jpg"", ""/content/drive/MyDrive/olx_gamesentertainment_dataset/images/games_d84f095882/12.jpg"", ""/content/drive/MyDrive/olx_gamesentertainment_dataset/images/games_d84f095882/13.jpg"", ""/content/drive/MyDrive/olx_gamesentertainment_dataset/images/games_d84f095882/14.jpg""]",14,2025-12-08 05:23:42.337809
games_97f0b277c5,https://www.olx.in/item/games-entertainment-c93-ps4-with-extra-two-controller-in-resham-ghar-colony-jammu-iid-1828626241,PS4 with extra two controller,Fifa 23 and 10 cd of Games extra - Games & Entertainment,22000,"[""/content/drive/MyDrive/olx_gamesentertainment_dataset/images/games_97f0b277c5/1.jpg"", ""/content/drive/MyDrive/olx_gamesentertainment_dataset/images/games_97f0b277c5/2.jpg"", ""/content/drive/MyDrive/olx_gamesentertainment_dataset/images/games_97f0b277c5/3.jpg"", ""/content/drive/MyDrive/olx_gamesentertainment_dataset/images/games_97f0b277c5/4.jpg"", ""/content/drive/MyDrive/olx_gamesentertainment_dataset/images/games_97f0b277c5/5.jpg"", ""/content/drive/MyDrive/olx_gamesentertainment_dataset/images/games_97f0b277c5/6.jpg"", ""/content/drive/MyDrive/olx_gamesentertainment_dataset/images/games_97f0b277c5/7.jpg"", ""/content/drive/MyDrive/olx_gamesentertainment_dataset/images/games_97f0b277c5/8.jpg"", ""/content/drive/MyDrive/olx_gamesentertainment_dataset/images/games_97f0b277c5/9.jpg"", ""/content/drive/MyDrive/olx_gamesentertainment_dataset/images/games_97f0b277c5/10.jpg"", ""/content/drive/MyDrive/olx_gamesentertainment_dataset/images/games_97f0b277c5/11.jpg"", ""/content/drive/MyDrive/olx_gamesentertainment_dataset/images/games_97f0b277c5/12.jpg"", ""/content/drive/MyDrive/olx_gamesentertainment_dataset/images/games_97f0b277c5/13.jpg"", ""/content/drive/MyDrive/olx_gamesentertainment_dataset/images/games_97f0b277c5/14.jpg""]",14,2025-12-08 05:23:51.138685
games_888e52dbf9,https://www.olx.in/item/games-entertainment-c93-cricket-26yoteipokemon-z-aarceusmariozelda-games-for-ps5nintendo-in-juhu-mumbai-iid-1827335144,"Cricket 26,Yotei,Pokemon Z-A,Arceus,Mario,Zelda Games For PS5&Nintendo","Don't Buy Until Your Satisfied. Everything Is 100% Safe To Use. PlayStation 4&5 Games,Nintendo Switch Games,Xbox Games All Available For More Details Text me Or Leave Your Number - Games & Entertainment",1999,"[""/content/drive/MyDrive/olx_gamesentertainment_dataset/images/games_888e52dbf9/1.jpg"", ""/content/drive/MyDrive/olx_gamesentertainment_dataset/images/games_888e52dbf9/2.jpg"", ""/content/drive/MyDrive/olx_gamesentertainment_dataset/images/games_888e52dbf9/3.jpg"", ""/content/drive/MyDrive/olx_gamesentertainment_dataset/images/games_888e52dbf9/4.jpg"", ""/content/drive/MyDrive/olx_gamesentertainment_dataset/images/games_888e52dbf9/5.jpg"", ""/content/drive/MyDrive/olx_gamesentertainment_dataset/images/games_888e52dbf9/6.jpg"", ""/content/drive/MyDrive/olx_gamesentertainment_dataset/images/games_888e52dbf9/7.jpg"", ""/content/drive/MyDrive/olx_gamesentertainment_dataset/images/games_888e52dbf9/8.jpg"", ""/content/drive/MyDrive/olx_gamesentertainment_dataset/images/games_888e52dbf9/9.jpg"", ""/content/drive/MyDrive/olx_gamesentertainment_dataset/images/games_888e52dbf9/10.jpg"", ""/content/drive/MyDrive/olx_gamesentertainment_dataset/images/games_888e52dbf9/11.jpg"", ""/content/drive/MyDrive/olx_gamesentertainment_dataset/images/games_888e52dbf9/12.jpg"", ""/content/drive/MyDrive/olx_gamesentertainment_dataset/images/games_888e52dbf9/13.jpg"", ""/content/drive/MyDrive/olx_gamesentertainment_dataset/images/games_888e52dbf9/14.jpg""]",14,2025-12-08 05:24:02.530008
games_8a97d5cbe6,https://www.olx.in/item/games-entertainment-c93-playstation-4-controllers-990-only-in-sector-35d-chandigarh-iid-1780601175,PlayStation 4 controllers @990 only,"PlayStation 4 compatible controller starts from 900 rs We also have official PlayStation,Xbox and other gaming consoles genuine and compatible controller Our store address Chandigarh video games Booth no 160 Sector 35 d Chandigarh (⁹⁷⁷⁹⁹).[⁸⁸⁰⁰¹] For any other queries WhatsApp or call me - Games & Entertainment",990,"[""/content/drive/MyDrive/olx_gamesentertainment_dataset/images/games_8a97d5cbe6/1.jpg"", ""/content/drive/MyDrive/olx_gamesentertainment_dataset/images/games_8a97d5cbe6/2.jpg"", ""/content/drive/MyDrive/olx_gamesentertainment_dataset/images/games_8a97d5cbe6/3.jpg"", ""/content/drive/MyDrive/olx_gamesentertainment_dataset/images/games_8a97d5cbe6/4.jpg"", ""/content/drive/MyDrive/olx_gamesentertainment_dataset/images/games_8a97d5cbe6/5.jpg"", ""/content/drive/MyDrive/olx_gamesentertainment_dataset/images/games_8a97d5cbe6/6.jpg"", ""/content/drive/MyDrive/olx_gamesentertainment_dataset/images/games_8a97d5cbe6/7.jpg"", ""/content/drive/MyDrive/olx_gamesentertainment_dataset/images/games_8a97d5cbe6/8.jpg"", ""/content/drive/MyDrive/olx_gamesentertainment_dataset/images/games_8a97d5cbe6/9.jpg"", ""/content/drive/MyDrive/olx_gamesentertainment_dataset/images/games_8a97d5cbe6/10.jpg"", ""/content/drive/MyDrive/olx_gamesentertainment_dataset/images/games_8a97d5cbe6/11.jpg"", ""/content/drive/MyDrive/olx_gamesentertainment_dataset/images/games_8a97d5cbe6/12.jpg"", ""/content/drive/MyDrive/olx_gamesentertainment_dataset/images/games_8a97d5cbe6/13.jpg"", ""/content/drive/MyDrive/olx_gamesentertainment_dataset/images/games_8a97d5cbe6/14.jpg""]",14,2025-12-08 05:24:11.375605
games_20e37e838c,https://www.olx.in/item/games-entertainment-c93-8bitdo-pro2-gaming-controller-in-bodakdev-ahmedabad-iid-1821740483,8bitDo Pro2 Gaming Controller,Brand : 8bitDo Model : Pro 2 Bluetooth Gaming Controller Design : Retro White Duration : 1.5 year Old Purchase Mathod : Got from my cousin in USA With Original Box and Charging Cable (TypeC) Used : Twice in One year Reason to Sell : Not using Free Stuff : Hard Shell Case purchase separately Amazon Image Attached for new model price reference - Games & Entertainment,4900,"[""/content/drive/MyDrive/olx_gamesentertainment_dataset/images/games_20e37e838c/1.jpg"", ""/content/drive/MyDrive/olx_gamesentertainment_dataset/images/games_20e37e838c/2.jpg"", ""/content/drive/MyDrive/olx_gamesentertainment_dataset/images/games_20e37e838c/3.jpg"", ""/content/drive/MyDrive/olx_gamesentertainment_dataset/images/games_20e37e838c/4.jpg"", ""/content/drive/MyDrive/olx_gamesentertainment_dataset/images/games_20e37e838c/5.jpg"", ""/content/drive/MyDrive/olx_gamesentertainment_dataset/images/games_20e37e838c/6.jpg"", ""/content/drive/MyDrive/olx_gamesentertainment_dataset/images/games_20e37e838c/7.jpg"", ""/content/drive/MyDrive/olx_gamesentertainment_dataset/images/games_20e37e838c/8.jpg"", ""/content/drive/MyDrive/olx_gamesentertainment_dataset/images/games_20e37e838c/9.jpg"", ""/content/drive/MyDrive/olx_gamesentertainment_dataset/images/games_20e37e838c/10.jpg"", ""/content/drive/MyDrive/olx_gamesentertainment_dataset/images/games_20e37e838c/11.jpg"", ""/content/drive/MyDrive/olx_gamesentertainment_dataset/images/games_20e37e838c/12.jpg"", ""/content/drive/MyDrive/olx_gamesentertainment_dataset/images/games_20e37e838c/13.jpg"", ""/content/drive/MyDrive/olx_gamesentertainment_dataset/images/games_20e37e838c/14.jpg""]",14,2025-12-08 05:24:23.256164
games_6b639fba0b,https://www.olx.in/item/games-entertainment-c93-playstation-5-slim-1tb-disc-edition-dual-controller-bundle-in-hyderpora-bage-hyder-srinagar-iid-1828628309,PlayStation 5 Slim 1TB Disc Edition Dual Controller Bundle,"This ps5 is in mint condition and as good as brand new. Hardly used 5-10 times. Price is almost fixed. Ps5 with box, two controllers and all the data cables. - Games & Entertainment",47500,"[""/content/drive/MyDrive/olx_gamesentertainment_dataset/images/games_6b639fba0b/1.jpg"", ""/content/drive/MyDrive/olx_gamesentertainment_dataset/images/games_6b639fba0b/2.jpg"", ""/content/drive/MyDrive/olx_gamesentertainment_dataset/images/games_6b639fba0b/3.jpg"", ""/content/drive/MyDrive/olx_gamesentertainment_dataset/images/games_6b639fba0b/4.jpg"", ""/content/drive/MyDrive/olx_gamesentertainment_dataset/images/games_6b639fba0b/5.jpg"", ""/content/drive/MyDrive/olx_gamesentertainment_dataset/images/games_6b639fba0b/6.jpg"", ""/content/drive/MyDrive/olx_gamesentertainment_dataset/images/games_6b639fba0b/7.jpg"", ""/content/drive/MyDrive/olx_gamesentertainment_dataset/images/games_6b639fba0b/8.jpg"", ""/content/drive/MyDrive/olx_gamesentertainment_dataset/images/games_6b639fba0b/9.jpg"", ""/content/drive/MyDrive/olx_gamesentertainment_dataset/images/games_6b639fba0b/10.jpg"", ""/content/drive/MyDrive/olx_gamesentertainment_dataset/images/games_6b639fba0b/11.jpg"", ""/content/drive/MyDrive/olx_gamesentertainment_dataset/images/games_6b639fba0b/12.jpg"", ""/content/drive/MyDrive/olx_gamesentertainment_dataset/images/games_6b639fba0b/13.jpg"", ""/content/drive/MyDrive/olx_gamesentertainment_dataset/images/games_6b639fba0b/14.jpg""]",14,2025-12-08 05:24:42.244227
games_2b16f55a58,https://www.olx.in/item/games-entertainment-c93-ghost-of-yotie-ps5-game-in-vadapalani-chennai-iid-1827149646,GHOST OF YOTIE PS5 GAME,GHOST OF YOTIE PS5 GAME - Games & Entertainment,1500,"[""/content/drive/MyDrive/olx_gamesentertainment_dataset/images/games_2b16f55a58/1.jpg"", ""/content/drive/MyDrive/olx_gamesentertainment_dataset/images/games_2b16f55a58/2.jpg"", ""/content/drive/MyDrive/olx_gamesentertainment_dataset/images/games_2b16f55a58/3.jpg"", ""/content/drive/MyDrive/olx_gamesentertainment_dataset/images/games_2b16f55a58/4.jpg"", ""/content/drive/MyDrive/olx_gamesentertainment_dataset/images/games_2b16f55a58/5.jpg"", ""/content/drive/MyDrive/olx_gamesentertainment_dataset/images/games_2b16f55a58/6.jpg"", ""/content/drive/MyDrive/olx_gamesentertainment_dataset/images/games_2b16f55a58/7.jpg"", ""/content/drive/MyDrive/olx_gamesentertainment_dataset/images/games_2b16f55a58/8.jpg"", ""/content/drive/MyDrive/olx_gamesentertainment_dataset/images/games_2b16f55a58/9.jpg"", ""/content/drive/MyDrive/olx_gamesentertainment_dataset/images/games_2b16f55a58/10.jpg"", ""/content/drive/MyDrive/olx_gamesentertainment_dataset/images/games_2b16f55a58/11.jpg"", ""/content/drive/MyDrive/olx_gamesentertainment_dataset/images/games_2b16f55a58/12.jpg"", ""/content/drive/MyDrive/olx_gamesentertainment_dataset/images/games_2b16f55a58/13.jpg"", ""/content/drive/MyDrive/olx_gamesentertainment_dataset/images/games_2b16f55a58/14.jpg"", ""/content/drive/MyDrive/olx_gamesentertainment_dataset/images/games_2b16f55a58/15.jpg"", ""/content/drive/MyDrive/olx_gamesentertainment_dataset/images/games_2b16f55a58/16.jpg""]",16,2025-12-08 05:24:57.947861
games_39db1bb568,https://www.olx.in/item/games-entertainment-c93-ps-5-with-disc-just-3-4month-old-still-under-warranty-in-nayapara-raipur-iid-1827716189,PS 5 with Disc JUST 3-4'Month old Still Under warranty,"PS 5 with Disc JUST 3-4'Month old Still Under warranty by Sony India private limited, with box pack all accessories like remote HDMI power Card & Bill also - Games & Entertainment",46999,"[""/content/drive/MyDrive/olx_gamesentertainment_dataset/images/games_39db1bb568/1.jpg"", ""/content/drive/MyDrive/olx_gamesentertainment_dataset/images/games_39db1bb568/2.jpg"", ""/content/drive/MyDrive/olx_gamesentertainment_dataset/images/games_39db1bb568/3.jpg"", ""/content/drive/MyDrive/olx_gamesentertainment_dataset/images/games_39db1bb568/4.jpg"", ""/content/drive/MyDrive/olx_gamesentertainment_dataset/images/games_39db1bb568/5.jpg"", ""/content/drive/MyDrive/olx_gamesentertainment_dataset/images/games_39db1bb568/6.jpg"", ""/content/drive/MyDrive/olx_gamesentertainment_dataset/images/games_39db1bb568/7.jpg"", ""/content/drive/MyDrive/olx_gamesentertainment_dataset/images/games_39db1bb568/8.jpg"", ""/content/drive/MyDrive/olx_gamesentertainment_dataset/images/games_39db1bb568/9.jpg"", ""/content/drive/MyDrive/olx_gamesentertainment_dataset/images/games_39db1bb568/10.jpg"", ""/content/drive/MyDrive/olx_gamesentertainment_dataset/images/games_39db1bb568/11.jpg"", ""/content/drive/MyDrive/olx_gamesentertainment_dataset/images/games_39db1bb568/12.jpg"", ""/content/drive/MyDrive/olx_gamesentertainment_dataset/images/games_39db1bb568/13.jpg"", ""/content/drive/MyDrive/olx_gamesentertainment_dataset/images/games_39db1bb568/14.jpg""]",14,2025-12-08 05:25:09.392679
games_48e82bc926,https://www.olx.in/item/games-entertainment-c93-blackmyth-wukong-ps5-cd-in-gudimalka-pur-hyderabad-iid-1828627735,Blackmyth Wukong PS5 CD,Excellect condition Deluxe upgrade code unused Slightly negotiable - Games & Entertainment,5999,"[""/content/drive/MyDrive/olx_gamesentertainment_dataset/images/games_48e82bc926/1.jpg"", ""/content/drive/MyDrive/olx_gamesentertainment_dataset/images/games_48e82bc926/2.jpg"", ""/content/drive/MyDrive/olx_gamesentertainment_dataset/images/games_48e82bc926/3.jpg"", ""/content/drive/MyDrive/olx_gamesentertainment_dataset/images/games_48e82bc926/4.jpg"", ""/content/drive/MyDrive/olx_gamesentertainment_dataset/images/games_48e82bc926/5.jpg"", ""/content/drive/MyDrive/olx_gamesentertainment_dataset/images/games_48e82bc926/6.jpg"", ""/content/drive/MyDrive/olx_gamesentertainment_dataset/images/games_48e82bc926/7.jpg"", ""/content/drive/MyDrive/olx_gamesentertainment_dataset/images/games_48e82bc926/8.jpg"", ""/content/drive/MyDrive/olx_gamesentertainment_dataset/images/games_48e82bc926/9.jpg"", ""/content/drive/MyDrive/olx_gamesentertainment_dataset/images/games_48e82bc926/10.jpg"", ""/content/drive/MyDrive/olx_gamesentertainment_dataset/images/games_48e82bc926/11.jpg"", ""/content/drive/MyDrive/olx_gamesentertainment_dataset/images/games_48e82bc926/12.jpg"", ""/content/drive/MyDrive/olx_gamesentertainment_dataset/images/games_48e82bc926/13.jpg"", ""/content/drive/MyDrive/olx_gamesentertainment_dataset/images/games_48e82bc926/14.jpg""]",14,2025-12-08 05:25:20.236903
games_5548c153d3,https://www.olx.in/item/games-entertainment-c93-xboxps3-cdsdiscs-gta-5spidermanhalo-4assasin-creedcall-of-duty-in-andrews-ganj-delhi-iid-1827506717,Xbox/ps3 cds/discs gta 5/spiderman/halo 4/assasin creed/call of duty,Xbox discs Call of Duty Black OPS 3 - 1499 The Amazing Spiderman - 750 Assasins Creed Syndicate - 850 GTA 5 - 1199 HALO - 4 1000 All disc for 4550 (Disc/cd good condition no scratches) (Flexible price) - Games & Entertainment,4450,"[""/content/drive/MyDrive/olx_gamesentertainment_dataset/images/games_5548c153d3/1.jpg"", ""/content/drive/MyDrive/olx_gamesentertainment_dataset/images/games_5548c153d3/2.jpg"", ""/content/drive/MyDrive/olx_gamesentertainment_dataset/images/games_5548c153d3/3.jpg"", ""/content/drive/MyDrive/olx_gamesentertainment_dataset/images/games_5548c153d3/4.jpg"", ""/content/drive/MyDrive/olx_gamesentertainment_dataset/images/games_5548c153d3/5.jpg"", ""/content/drive/MyDrive/olx_gamesentertainment_dataset/images/games_5548c153d3/6.jpg"", ""/content/drive/MyDrive/olx_gamesentertainment_dataset/images/games_5548c153d3/7.jpg"", ""/content/drive/MyDrive/olx_gamesentertainment_dataset/images/games_5548c153d3/8.jpg"", ""/content/drive/MyDrive/olx_gamesentertainment_dataset/images/games_5548c153d3/9.jpg"", ""/content/drive/MyDrive/olx_gamesentertainment_dataset/images/games_5548c153d3/10.jpg"", ""/content/drive/MyDrive/olx_gamesentertainment_dataset/images/games_5548c153d3/11.jpg"", ""/content/drive/MyDrive/olx_gamesentertainment_dataset/images/games_5548c153d3/12.jpg"", ""/content/drive/MyDrive/olx_gamesentertainment_dataset/images/games_5548c153d3/13.jpg"", ""/content/drive/MyDrive/olx_gamesentertainment_dataset/images/games_5548c153d3/14.jpg""]",14,2025-12-08 05:25:32.207533
games_77a890d5ad,https://www.olx.in/item/games-entertainment-c93-playstation-ps5-disk-ed-in-reti-bowli-hyderabad-iid-1826299446,PlayStation - PS5 Disk Ed.,PlayStation - PS5 Disk Ed. 825GB Rarely used 1- controller and all cables. Neat Condition - Games & Entertainment,37990,"[""/content/drive/MyDrive/olx_gamesentertainment_dataset/images/games_77a890d5ad/1.jpg"", ""/content/drive/MyDrive/olx_gamesentertainment_dataset/images/games_77a890d5ad/2.jpg"", ""/content/drive/MyDrive/olx_gamesentertainment_dataset/images/games_77a890d5ad/3.jpg"", ""/content/drive/MyDrive/olx_gamesentertainment_dataset/images/games_77a890d5ad/4.jpg"", ""/content/drive/MyDrive/olx_gamesentertainment_dataset/images/games_77a890d5ad/5.jpg"", ""/content/drive/MyDrive/olx_gamesentertainment_dataset/images/games_77a890d5ad/6.jpg"", ""/content/drive/MyDrive/olx_gamesentertainment_dataset/images/games_77a890d5ad/7.jpg"", ""/content/drive/MyDrive/olx_gamesentertainment_dataset/images/games_77a890d5ad/8.jpg"", ""/content/drive/MyDrive/olx_gamesentertainment_dataset/images/games_77a890d5ad/9.jpg"", ""/content/drive/MyDrive/olx_gamesentertainment_dataset/images/games_77a890d5ad/10.jpg"", ""/content/drive/MyDrive/olx_gamesentertainment_dataset/images/games_77a890d5ad/11.jpg"", ""/content/drive/MyDrive/olx_gamesentertainment_dataset/images/games_77a890d5ad/12.jpg"", ""/content/drive/MyDrive/olx_gamesentertainment_dataset/images/games_77a890d5ad/13.jpg"", ""/content/drive/MyDrive/olx_gamesentertainment_dataset/images/games_77a890d5ad/14.jpg""]",14,2025-12-08 05:25:41.189476
games_ea8accf14d,https://www.olx.in/item/games-entertainment-c93-cd-fifa-and-ratchit-cla-in-tarun-nagar-guwahati-iid-1828627862,Cd  fifa and ratchit cla,Cd of fifa and ratchit clank - Games & Entertainment,2000,"[""/content/drive/MyDrive/olx_gamesentertainment_dataset/images/games_ea8accf14d/1.jpg"", ""/content/drive/MyDrive/olx_gamesentertainment_dataset/images/games_ea8accf14d/2.jpg"", ""/content/drive/MyDrive/olx_gamesentertainment_dataset/images/games_ea8accf14d/3.jpg"", ""/content/drive/MyDrive/olx_gamesentertainment_dataset/images/games_ea8accf14d/4.jpg"", ""/content/drive/MyDrive/olx_gamesentertainment_dataset/images/games_ea8accf14d/5.jpg"", ""/content/drive/MyDrive/olx_gamesentertainment_dataset/images/games_ea8accf14d/6.jpg"", ""/content/drive/MyDrive/olx_gamesentertainment_dataset/images/games_ea8accf14d/7.jpg"", ""/content/drive/MyDrive/olx_gamesentertainment_dataset/images/games_ea8accf14d/8.jpg"", ""/content/drive/MyDrive/olx_gamesentertainment_dataset/images/games_ea8accf14d/9.jpg"", ""/content/drive/MyDrive/olx_gamesentertainment_dataset/images/games_ea8accf14d/10.jpg"", ""/content/drive/MyDrive/olx_gamesentertainment_dataset/images/games_ea8accf14d/11.jpg"", ""/content/drive/MyDrive/olx_gamesentertainment_dataset/images/games_ea8accf14d/12.jpg"", ""/content/drive/MyDrive/olx_gamesentertainment_dataset/images/games_ea8accf14d/13.jpg"", ""/content/drive/MyDrive/olx_gamesentertainment_dataset/images/games_ea8accf14d/14.jpg""]",14,2025-12-08 05:25:52.359852
games_d6260adaaf,https://www.olx.in/item/games-entertainment-c93-god-of-war-disc-good-condition-in-hafeezpet-hyderabad-iid-1828628446,God of War Disc – Good Condition,had it one me from idk why. dont know if it’s working but has no scratches - Games & Entertainment,2000,"[""/content/drive/MyDrive/olx_gamesentertainment_dataset/images/games_d6260adaaf/1.jpg"", ""/content/drive/MyDrive/olx_gamesentertainment_dataset/images/games_d6260adaaf/2.jpg"", ""/content/drive/MyDrive/olx_gamesentertainment_dataset/images/games_d6260adaaf/3.jpg"", ""/content/drive/MyDrive/olx_gamesentertainment_dataset/images/games_d6260adaaf/4.jpg"", ""/content/drive/MyDrive/olx_gamesentertainment_dataset/images/games_d6260adaaf/5.jpg"", ""/content/drive/MyDrive/olx_gamesentertainment_dataset/images/games_d6260adaaf/6.jpg"", ""/content/drive/MyDrive/olx_gamesentertainment_dataset/images/games_d6260adaaf/7.jpg"", ""/content/drive/MyDrive/olx_gamesentertainment_dataset/images/games_d6260adaaf/8.jpg"", ""/content/drive/MyDrive/olx_gamesentertainment_dataset/images/games_d6260adaaf/9.jpg"", ""/content/drive/MyDrive/olx_gamesentertainment_dataset/images/games_d6260adaaf/10.jpg"", ""/content/drive/MyDrive/olx_gamesentertainment_dataset/images/games_d6260adaaf/11.jpg"", ""/content/drive/MyDrive/olx_gamesentertainment_dataset/images/games_d6260adaaf/12.jpg"", ""/content/drive/MyDrive/olx_gamesentertainment_dataset/images/games_d6260adaaf/13.jpg"", ""/content/drive/MyDrive/olx_gamesentertainment_dataset/images/games_d6260adaaf/14.jpg""]",14,2025-12-08 05:26:02.029284
games_889703d644,https://www.olx.in/item/games-entertainment-c93-ps4-pro-1tb-2joysticks-fresh-piece-in-melattur-malappuram-iid-1828221672,PS4 PRO 1TB + 2JOYSTICKS (FRESH PIECE),"PS4 PRO 1TB 1x JOYSTICK 2x HDMI CABLE 1x POWER CABLE 1x Fresh piece, light use 9month used No box Game Cd Also For sale (Per game 750₹) Different between pro and normal ps4 Ps4 pro enhance resolution and 4K Supports Normal ps4 1080p only mainly like ps3 quality Ps4 pro = ps5 (4k resolution supports) - Games & Entertainment",24500,"[""/content/drive/MyDrive/olx_gamesentertainment_dataset/images/games_889703d644/1.jpg"", ""/content/drive/MyDrive/olx_gamesentertainment_dataset/images/games_889703d644/2.jpg"", ""/content/drive/MyDrive/olx_gamesentertainment_dataset/images/games_889703d644/3.jpg"", ""/content/drive/MyDrive/olx_gamesentertainment_dataset/images/games_889703d644/4.jpg"", ""/content/drive/MyDrive/olx_gamesentertainment_dataset/images/games_889703d644/5.jpg"", ""/content/drive/MyDrive/olx_gamesentertainment_dataset/images/games_889703d644/6.jpg"", ""/content/drive/MyDrive/olx_gamesentertainment_dataset/images/games_889703d644/7.jpg"", ""/content/drive/MyDrive/olx_gamesentertainment_dataset/images/games_889703d644/8.jpg"", ""/content/drive/MyDrive/olx_gamesentertainment_dataset/images/games_889703d644/9.jpg"", ""/content/drive/MyDrive/olx_gamesentertainment_dataset/images/games_889703d644/10.jpg"", ""/content/drive/MyDrive/olx_gamesentertainment_dataset/images/games_889703d644/11.jpg"", ""/content/drive/MyDrive/olx_gamesentertainment_dataset/images/games_889703d644/12.jpg"", ""/content/drive/MyDrive/olx_gamesentertainment_dataset/images/games_889703d644/13.jpg"", ""/content/drive/MyDrive/olx_gamesentertainment_dataset/images/games_889703d644/14.jpg""]",14,2025-12-08 05:26:12.984980
games_91d853b781,https://www.olx.in/item/games-entertainment-c93-ps5-mint-condition-in-mathura-colony-patiala-iid-1828629392,Ps5 mint condition,Playstation 5 brand new indian - Games & Entertainment,27000,"[""/content/drive/MyDrive/olx_gamesentertainment_dataset/images/games_91d853b781/1.jpg"", ""/content/drive/MyDrive/olx_gamesentertainment_dataset/images/games_91d853b781/2.jpg"", ""/content/drive/MyDrive/olx_gamesentertainment_dataset/images/games_91d853b781/3.jpg"", ""/content/drive/MyDrive/olx_gamesentertainment_dataset/images/games_91d853b781/4.jpg"", ""/content/drive/MyDrive/olx_gamesentertainment_dataset/images/games_91d853b781/5.jpg"", ""/content/drive/MyDrive/olx_gamesentertainment_dataset/images/games_91d853b781/6.jpg"", ""/content/drive/MyDrive/olx_gamesentertainment_dataset/images/games_91d853b781/7.jpg"", ""/content/drive/MyDrive/olx_gamesentertainment_dataset/images/games_91d853b781/8.jpg"", ""/content/drive/MyDrive/olx_gamesentertainment_dataset/images/games_91d853b781/9.jpg"", ""/content/drive/MyDrive/olx_gamesentertainment_dataset/images/games_91d853b781/10.jpg"", ""/content/drive/MyDrive/olx_gamesentertainment_dataset/images/games_91d853b781/11.jpg"", ""/content/drive/MyDrive/olx_gamesentertainment_dataset/images/games_91d853b781/12.jpg"", ""/content/drive/MyDrive/olx_gamesentertainment_dataset/images/games_91d853b781/13.jpg"", ""/content/drive/MyDrive/olx_gamesentertainment_dataset/images/games_91d853b781/14.jpg""]",14,2025-12-08 05:26:21.918463
games_052525da90,https://www.olx.in/item/games-entertainment-c93-meta-quest-3-batman-arkham-shadow-512gb-brand-new-white-in-udyog-vihar-phase-5-gurgaon-iid-1828292110,Meta Quest 3 - Batman: Arkham Shadow (512GB) Brand New (White),"Product Highlights: 1. Condition: Sealed Pack 2. Fully tested & working perfectly 3. All original accessories included (if applicable) 4. Premium quality at a budget-friendly price Store Location: Sector 36 – Khewat No - 241 224, Narsinghpur, Old Manesar Road, Gurugram Contact: Message me on OLX for quick response. - Games & Entertainment",49990,"[""/content/drive/MyDrive/olx_gamesentertainment_dataset/images/games_052525da90/1.jpg"", ""/content/drive/MyDrive/olx_gamesentertainment_dataset/images/games_052525da90/2.jpg"", ""/content/drive/MyDrive/olx_gamesentertainment_dataset/images/games_052525da90/3.jpg"", ""/content/drive/MyDrive/olx_gamesentertainment_dataset/images/games_052525da90/4.jpg"", ""/content/drive/MyDrive/olx_gamesentertainment_dataset/images/games_052525da90/5.jpg"", ""/content/drive/MyDrive/olx_gamesentertainment_dataset/images/games_052525da90/6.jpg"", ""/content/drive/MyDrive/olx_gamesentertainment_dataset/images/games_052525da90/7.jpg"", ""/content/drive/MyDrive/olx_gamesentertainment_dataset/images/games_052525da90/8.jpg"", ""/content/drive/MyDrive/olx_gamesentertainment_dataset/images/games_052525da90/9.jpg"", ""/content/drive/MyDrive/olx_gamesentertainment_dataset/images/games_052525da90/10.jpg"", ""/content/drive/MyDrive/olx_gamesentertainment_dataset/images/games_052525da90/11.jpg"", ""/content/drive/MyDrive/olx_gamesentertainment_dataset/images/games_052525da90/12.jpg"", ""/content/drive/MyDrive/olx_gamesentertainment_dataset/images/games_052525da90/13.jpg"", ""/content/drive/MyDrive/olx_gamesentertainment_dataset/images/games_052525da90/14.jpg""]",14,2025-12-08 05:26:33.300824
games_231d335e4d,https://www.olx.in/item/games-entertainment-c93-ps5-fat-701-in-purvi-patel-nagar-dehradun-iid-1828502152,Ps5 fat 7.01,Ps5 fat frimware version 7.01 You know about this version You can play any game ps1 ps2 ps4 ps5 games play Jail thode console Days Gone Red dead redemption 2 Uncharted Trilogy Gta 5 Little Nightmare 2 Detroit Blood bone Witcher 3 The order 1886 Last of us 2 Cyberpunk A plague tale requiem Alone in dark Black myth wukong BRAMBLE Silent hill 2 Cyberpunk Uncharted ps5 Taken 8 GOST OF TSUSHIMA If i play ps5 games you buy external ssd or harddisk - Games & Entertainment,55000,"[""/content/drive/MyDrive/olx_gamesentertainment_dataset/images/games_231d335e4d/1.jpg"", ""/content/drive/MyDrive/olx_gamesentertainment_dataset/images/games_231d335e4d/2.jpg"", ""/content/drive/MyDrive/olx_gamesentertainment_dataset/images/games_231d335e4d/3.jpg"", ""/content/drive/MyDrive/olx_gamesentertainment_dataset/images/games_231d335e4d/4.jpg"", ""/content/drive/MyDrive/olx_gamesentertainment_dataset/images/games_231d335e4d/5.jpg"", ""/content/drive/MyDrive/olx_gamesentertainment_dataset/images/games_231d335e4d/6.jpg"", ""/content/drive/MyDrive/olx_gamesentertainment_dataset/images/games_231d335e4d/7.jpg"", ""/content/drive/MyDrive/olx_gamesentertainment_dataset/images/games_231d335e4d/8.jpg"", ""/content/drive/MyDrive/olx_gamesentertainment_dataset/images/games_231d335e4d/9.jpg"", ""/content/drive/MyDrive/olx_gamesentertainment_dataset/images/games_231d335e4d/10.jpg"", ""/content/drive/MyDrive/olx_gamesentertainment_dataset/images/games_231d335e4d/11.jpg"", ""/content/drive/MyDrive/olx_gamesentertainment_dataset/images/games_231d335e4d/12.jpg"", ""/content/drive/MyDrive/olx_gamesentertainment_dataset/images/games_231d335e4d/13.jpg"", ""/content/drive/MyDrive/olx_gamesentertainment_dataset/images/games_231d335e4d/14.jpg""]",14,2025-12-08 05:26:44.328643
games_2d91095427,https://www.olx.in/item/games-entertainment-c93-samsung-b550-home-theatre-soundbar-premium-sound-barely-used-in-bandar-bagicha-patna-iid-1828580011,Samsung B550 Home Theatre Soundbar – Premium Sound  Barely Used,"Selling my Samsung B550 2.1ch Soundbar with Wireless Subwoofer. Condition is excellent / like new, used very carefully. Key Features 410W powerful output Dolby Audio & DTS Virtual:X Deep, thumping bass Adaptive Sound Lite Game Mode & Bluetooth connectivity HDMI ARC + USB + Optical Comes with: Soundbar Wireless Subwoofer - Games & Entertainment",9000,"[""/content/drive/MyDrive/olx_gamesentertainment_dataset/images/games_2d91095427/1.jpg"", ""/content/drive/MyDrive/olx_gamesentertainment_dataset/images/games_2d91095427/2.jpg"", ""/content/drive/MyDrive/olx_gamesentertainment_dataset/images/games_2d91095427/3.jpg"", ""/content/drive/MyDrive/olx_gamesentertainment_dataset/images/games_2d91095427/4.jpg"", ""/content/drive/MyDrive/olx_gamesentertainment_dataset/images/games_2d91095427/5.jpg"", ""/content/drive/MyDrive/olx_gamesentertainment_dataset/images/games_2d91095427/6.jpg"", ""/content/drive/MyDrive/olx_gamesentertainment_dataset/images/games_2d91095427/7.jpg"", ""/content/drive/MyDrive/olx_gamesentertainment_dataset/images/games_2d91095427/8.jpg"", ""/content/drive/MyDrive/olx_gamesentertainment_dataset/images/games_2d91095427/9.jpg"", ""/content/drive/MyDrive/olx_gamesentertainment_dataset/images/games_2d91095427/10.jpg"", ""/content/drive/MyDrive/olx_gamesentertainment_dataset/images/games_2d91095427/11.jpg"", ""/content/drive/MyDrive/olx_gamesentertainment_dataset/images/games_2d91095427/12.jpg"", ""/content/drive/MyDrive/olx_gamesentertainment_dataset/images/games_2d91095427/13.jpg"", ""/content/drive/MyDrive/olx_gamesentertainment_dataset/images/games_2d91095427/14.jpg""]",14,2025-12-08 05:26:53.949479
games_9765f2f8b9,https://www.olx.in/item/games-entertainment-c93-play-statuon-2-ps2-in-ramanayakanpalaiyam-vellore-iid-1828628222,Play statuon 2 (ps2),All new all working condition with 8mb memory card Price negotiable - Games & Entertainment,14000,"[""/content/drive/MyDrive/olx_gamesentertainment_dataset/images/games_9765f2f8b9/1.jpg"", ""/content/drive/MyDrive/olx_gamesentertainment_dataset/images/games_9765f2f8b9/2.jpg"", ""/content/drive/MyDrive/olx_gamesentertainment_dataset/images/games_9765f2f8b9/3.jpg"", ""/content/drive/MyDrive/olx_gamesentertainment_dataset/images/games_9765f2f8b9/4.jpg"", ""/content/drive/MyDrive/olx_gamesentertainment_dataset/images/games_9765f2f8b9/5.jpg"", ""/content/drive/MyDrive/olx_gamesentertainment_dataset/images/games_9765f2f8b9/6.jpg"", ""/content/drive/MyDrive/olx_gamesentertainment_dataset/images/games_9765f2f8b9/7.jpg"", ""/content/drive/MyDrive/olx_gamesentertainment_dataset/images/games_9765f2f8b9/8.jpg"", ""/content/drive/MyDrive/olx_gamesentertainment_dataset/images/games_9765f2f8b9/9.jpg"", ""/content/drive/MyDrive/olx_gamesentertainment_dataset/images/games_9765f2f8b9/10.jpg"", ""/content/drive/MyDrive/olx_gamesentertainment_dataset/images/games_9765f2f8b9/11.jpg"", ""/content/drive/MyDrive/olx_gamesentertainment_dataset/images/games_9765f2f8b9/12.jpg"", ""/content/drive/MyDrive/olx_gamesentertainment_dataset/images/games_9765f2f8b9/13.jpg"", ""/content/drive/MyDrive/olx_gamesentertainment_dataset/images/games_9765f2f8b9/14.jpg""]",14,2025-12-08 05:27:03.572861
games_ab84c1987e,https://www.olx.in/item/games-entertainment-c93-kids-smart-robot-miko-excellent-condition-in-chikkabettahalli-bengaluru-iid-1826556917,Kids Smart Robot (Miko) – Excellent Condition,"Kids Smart Robot in perfect working condition. Bought for ₹25,000 from hamleys Used very less, screen and functions working smoothly. Great for kids’ learning, talking, stories, games and activities. Selling because my son no longer uses it. Condition: Very good . - Games & Entertainment",25000,"[""/content/drive/MyDrive/olx_gamesentertainment_dataset/images/games_ab84c1987e/1.jpg"", ""/content/drive/MyDrive/olx_gamesentertainment_dataset/images/games_ab84c1987e/2.jpg"", ""/content/drive/MyDrive/olx_gamesentertainment_dataset/images/games_ab84c1987e/3.jpg"", ""/content/drive/MyDrive/olx_gamesentertainment_dataset/images/games_ab84c1987e/4.jpg"", ""/content/drive/MyDrive/olx_gamesentertainment_dataset/images/games_ab84c1987e/5.jpg"", ""/content/drive/MyDrive/olx_gamesentertainment_dataset/images/games_ab84c1987e/6.jpg"", ""/content/drive/MyDrive/olx_gamesentertainment_dataset/images/games_ab84c1987e/7.jpg"", ""/content/drive/MyDrive/olx_gamesentertainment_dataset/images/games_ab84c1987e/8.jpg"", ""/content/drive/MyDrive/olx_gamesentertainment_dataset/images/games_ab84c1987e/9.jpg"", ""/content/drive/MyDrive/olx_gamesentertainment_dataset/images/games_ab84c1987e/10.jpg"", ""/content/drive/MyDrive/olx_gamesentertainment_dataset/images/games_ab84c1987e/11.jpg"", ""/content/drive/MyDrive/olx_gamesentertainment_dataset/images/games_ab84c1987e/12.jpg"", ""/content/drive/MyDrive/olx_gamesentertainment_dataset/images/games_ab84c1987e/13.jpg"", ""/content/drive/MyDrive/olx_gamesentertainment_dataset/images/games_ab84c1987e/14.jpg""]",14,2025-12-08 05:27:15.534360
games_a8f99e26a4,https://www.olx.in/item/games-entertainment-c93-nintendo-switch-1-oled-model-console-with-joy-con-white-in-besant-nagar-chennai-iid-1824444719,NINTENDO SWITCH 1 OLED MODEL CONSOLE WITH JOY CON ( WHITE),PURCHASED IT 2 YEARS BACK. HARDLY USED IT COUNTABLE TIMES. NO STARCHES. EVERYTHING IS GOOD. SEELING IT COZ NOT USING IT ANYMORE. SELLING IT ALONG WITH A GAME HENCE THE PRICE. - Games & Entertainment,24000,"[""/content/drive/MyDrive/olx_gamesentertainment_dataset/images/games_a8f99e26a4/1.jpg"", ""/content/drive/MyDrive/olx_gamesentertainment_dataset/images/games_a8f99e26a4/2.jpg"", ""/content/drive/MyDrive/olx_gamesentertainment_dataset/images/games_a8f99e26a4/3.jpg"", ""/content/drive/MyDrive/olx_gamesentertainment_dataset/images/games_a8f99e26a4/4.jpg"", ""/content/drive/MyDrive/olx_gamesentertainment_dataset/images/games_a8f99e26a4/5.jpg"", ""/content/drive/MyDrive/olx_gamesentertainment_dataset/images/games_a8f99e26a4/6.jpg"", ""/content/drive/MyDrive/olx_gamesentertainment_dataset/images/games_a8f99e26a4/7.jpg"", ""/content/drive/MyDrive/olx_gamesentertainment_dataset/images/games_a8f99e26a4/8.jpg"", ""/content/drive/MyDrive/olx_gamesentertainment_dataset/images/games_a8f99e26a4/9.jpg"", ""/content/drive/MyDrive/olx_gamesentertainment_dataset/images/games_a8f99e26a4/10.jpg"", ""/content/drive/MyDrive/olx_gamesentertainment_dataset/images/games_a8f99e26a4/11.jpg"", ""/content/drive/MyDrive/olx_gamesentertainment_dataset/images/games_a8f99e26a4/12.jpg"", ""/content/drive/MyDrive/olx_gamesentertainment_dataset/images/games_a8f99e26a4/13.jpg"", ""/content/drive/MyDrive/olx_gamesentertainment_dataset/images/games_a8f99e26a4/14.jpg""]",14,2025-12-08 05:27:26.279222
games_1c715a1420,https://www.olx.in/item/games-entertainment-c93-kingdom-come-deliverance-2-ps5-disc-in-chikkadapally-hyderabad-iid-1828630023,Kingdom come deliverance 2 - PS5 DISC,"Selling - Kingdom Come Deliverance 2 Platform - PS5 Selling Price - 3450 + 50-50% Shipping Current Gameloot buying price - 3800 Location - Hyderabad Condition - Good, No scratches , No Art cover because I recieved the same way from Gameloot. Reason - Game completed. - Games & Entertainment",3450,"[""/content/drive/MyDrive/olx_gamesentertainment_dataset/images/games_1c715a1420/1.jpg"", ""/content/drive/MyDrive/olx_gamesentertainment_dataset/images/games_1c715a1420/2.jpg"", ""/content/drive/MyDrive/olx_gamesentertainment_dataset/images/games_1c715a1420/3.jpg"", ""/content/drive/MyDrive/olx_gamesentertainment_dataset/images/games_1c715a1420/4.jpg"", ""/content/drive/MyDrive/olx_gamesentertainment_dataset/images/games_1c715a1420/5.jpg"", ""/content/drive/MyDrive/olx_gamesentertainment_dataset/images/games_1c715a1420/6.jpg"", ""/content/drive/MyDrive/olx_gamesentertainment_dataset/images/games_1c715a1420/7.jpg"", ""/content/drive/MyDrive/olx_gamesentertainment_dataset/images/games_1c715a1420/8.jpg"", ""/content/drive/MyDrive/olx_gamesentertainment_dataset/images/games_1c715a1420/9.jpg"", ""/content/drive/MyDrive/olx_gamesentertainment_dataset/images/games_1c715a1420/10.jpg"", ""/content/drive/MyDrive/olx_gamesentertainment_dataset/images/games_1c715a1420/11.jpg"", ""/content/drive/MyDrive/olx_gamesentertainment_dataset/images/games_1c715a1420/12.jpg"", ""/content/drive/MyDrive/olx_gamesentertainment_dataset/images/games_1c715a1420/13.jpg"", ""/content/drive/MyDrive/olx_gamesentertainment_dataset/images/games_1c715a1420/14.jpg""]",14,2025-12-08 05:27:36.839193
games_941e176469,https://www.olx.in/item/games-entertainment-c93-ps5-8-months-old-with-ps5-essential-deluxe-valid-till-dec-26-in-new-town-action-area-iic-kolkata-iid-1828625920,ps5 8 months old with ps5 essential deluxe valid till dec 26,also game purchases in account like fc 25 fc 26 top spin 2 mortal kombat cricket 24 f1 24 - Games & Entertainment,35000,"[""/content/drive/MyDrive/olx_gamesentertainment_dataset/images/games_941e176469/1.jpg"", ""/content/drive/MyDrive/olx_gamesentertainment_dataset/images/games_941e176469/2.jpg"", ""/content/drive/MyDrive/olx_gamesentertainment_dataset/images/games_941e176469/3.jpg"", ""/content/drive/MyDrive/olx_gamesentertainment_dataset/images/games_941e176469/4.jpg"", ""/content/drive/MyDrive/olx_gamesentertainment_dataset/images/games_941e176469/5.jpg"", ""/content/drive/MyDrive/olx_gamesentertainment_dataset/images/games_941e176469/6.jpg"", ""/content/drive/MyDrive/olx_gamesentertainment_dataset/images/games_941e176469/7.jpg"", ""/content/drive/MyDrive/olx_gamesentertainment_dataset/images/games_941e176469/8.jpg"", ""/content/drive/MyDrive/olx_gamesentertainment_dataset/images/games_941e176469/9.jpg"", ""/content/drive/MyDrive/olx_gamesentertainment_dataset/images/games_941e176469/10.jpg"", ""/content/drive/MyDrive/olx_gamesentertainment_dataset/images/games_941e176469/11.jpg"", ""/content/drive/MyDrive/olx_gamesentertainment_dataset/images/games_941e176469/12.jpg"", ""/content/drive/MyDrive/olx_gamesentertainment_dataset/images/games_941e176469/13.jpg"", ""/content/drive/MyDrive/olx_gamesentertainment_dataset/images/games_941e176469/14.jpg""]",14,2025-12-08 05:27:49.896235
games_300324bdf5,https://www.olx.in/item/games-entertainment-c93-cricket-24-ps5-in-mata-gangaji-nagar-amritsar-iid-1828627529,Cricket 24 ps5,Good condition - Games & Entertainment,2000,"[""/content/drive/MyDrive/olx_gamesentertainment_dataset/images/games_300324bdf5/1.jpg"", ""/content/drive/MyDrive/olx_gamesentertainment_dataset/images/games_300324bdf5/2.jpg"", ""/content/drive/MyDrive/olx_gamesentertainment_dataset/images/games_300324bdf5/3.jpg"", ""/content/drive/MyDrive/olx_gamesentertainment_dataset/images/games_300324bdf5/4.jpg"", ""/content/drive/MyDrive/olx_gamesentertainment_dataset/images/games_300324bdf5/5.jpg"", ""/content/drive/MyDrive/olx_gamesentertainment_dataset/images/games_300324bdf5/6.jpg"", ""/content/drive/MyDrive/olx_gamesentertainment_dataset/images/games_300324bdf5/7.jpg"", ""/content/drive/MyDrive/olx_gamesentertainment_dataset/images/games_300324bdf5/8.jpg"", ""/content/drive/MyDrive/olx_gamesentertainment_dataset/images/games_300324bdf5/9.jpg"", ""/content/drive/MyDrive/olx_gamesentertainment_dataset/images/games_300324bdf5/10.jpg"", ""/content/drive/MyDrive/olx_gamesentertainment_dataset/images/games_300324bdf5/11.jpg"", ""/content/drive/MyDrive/olx_gamesentertainment_dataset/images/games_300324bdf5/12.jpg"", ""/content/drive/MyDrive/olx_gamesentertainment_dataset/images/games_300324bdf5/13.jpg"", ""/content/drive/MyDrive/olx_gamesentertainment_dataset/images/games_300324bdf5/14.jpg""]",14,2025-12-08 05:28:01.232388
games_f5170e599e,https://www.olx.in/item/games-entertainment-c93-ant-esports-headphone-in-bilahri-jabalpur-iid-1828627060,Ant eSports headphone,Best Gaming Headphone only 3 week used - Games & Entertainment,700,"[""/content/drive/MyDrive/olx_gamesentertainment_dataset/images/games_f5170e599e/1.jpg"", ""/content/drive/MyDrive/olx_gamesentertainment_dataset/images/games_f5170e599e/2.jpg"", ""/content/drive/MyDrive/olx_gamesentertainment_dataset/images/games_f5170e599e/3.jpg"", ""/content/drive/MyDrive/olx_gamesentertainment_dataset/images/games_f5170e599e/4.jpg"", ""/content/drive/MyDrive/olx_gamesentertainment_dataset/images/games_f5170e599e/5.jpg"", ""/content/drive/MyDrive/olx_gamesentertainment_dataset/images/games_f5170e599e/6.jpg"", ""/content/drive/MyDrive/olx_gamesentertainment_dataset/images/games_f5170e599e/7.jpg"", ""/content/drive/MyDrive/olx_gamesentertainment_dataset/images/games_f5170e599e/8.jpg"", ""/content/drive/MyDrive/olx_gamesentertainment_dataset/images/games_f5170e599e/9.jpg"", ""/content/drive/MyDrive/olx_gamesentertainment_dataset/images/games_f5170e599e/10.jpg"", ""/content/drive/MyDrive/olx_gamesentertainment_dataset/images/games_f5170e599e/11.jpg"", ""/content/drive/MyDrive/olx_gamesentertainment_dataset/images/games_f5170e599e/12.jpg"", ""/content/drive/MyDrive/olx_gamesentertainment_dataset/images/games_f5170e599e/13.jpg"", ""/content/drive/MyDrive/olx_gamesentertainment_dataset/images/games_f5170e599e/14.jpg""]",14,2025-12-08 05:28:11.821464
games_476d582fe3,https://www.olx.in/item/games-entertainment-c93-ps4-slim-500-gb-in-ghodbuder-road-thane-iid-1828629424,PS4 Slim 500 GB,PS4 Slim 500 GB with Games - Games & Entertainment,9500,"[""/content/drive/MyDrive/olx_gamesentertainment_dataset/images/games_476d582fe3/1.jpg"", ""/content/drive/MyDrive/olx_gamesentertainment_dataset/images/games_476d582fe3/2.jpg"", ""/content/drive/MyDrive/olx_gamesentertainment_dataset/images/games_476d582fe3/3.jpg"", ""/content/drive/MyDrive/olx_gamesentertainment_dataset/images/games_476d582fe3/4.jpg"", ""/content/drive/MyDrive/olx_gamesentertainment_dataset/images/games_476d582fe3/5.jpg"", ""/content/drive/MyDrive/olx_gamesentertainment_dataset/images/games_476d582fe3/6.jpg"", ""/content/drive/MyDrive/olx_gamesentertainment_dataset/images/games_476d582fe3/7.jpg"", ""/content/drive/MyDrive/olx_gamesentertainment_dataset/images/games_476d582fe3/8.jpg"", ""/content/drive/MyDrive/olx_gamesentertainment_dataset/images/games_476d582fe3/9.jpg"", ""/content/drive/MyDrive/olx_gamesentertainment_dataset/images/games_476d582fe3/10.jpg"", ""/content/drive/MyDrive/olx_gamesentertainment_dataset/images/games_476d582fe3/11.jpg"", ""/content/drive/MyDrive/olx_gamesentertainment_dataset/images/games_476d582fe3/12.jpg"", ""/content/drive/MyDrive/olx_gamesentertainment_dataset/images/games_476d582fe3/13.jpg"", ""/content/drive/MyDrive/olx_gamesentertainment_dataset/images/games_476d582fe3/14.jpg""]",14,2025-12-08 05:28:24.460300
games_823f80ca02,https://www.olx.in/item/games-entertainment-c93-hogwarts-leagcy-and-miles-morales-game-discs-in-sector-2-mdc-panchkula-iid-1826612752,Hogwarts Leagcy and Miles Morales game discs,"All of the discs are in mint condition with no scratches , I have the ps5 version for hogwarts legacy and the ps4 version with a free ps5 upgrade for spider man miles morales Individual game prices: Hogwarts Legacy - 1400 Spider Man Miles Morales - 1400 - Games & Entertainment",5000,"[""/content/drive/MyDrive/olx_gamesentertainment_dataset/images/games_823f80ca02/1.jpg"", ""/content/drive/MyDrive/olx_gamesentertainment_dataset/images/games_823f80ca02/2.jpg"", ""/content/drive/MyDrive/olx_gamesentertainment_dataset/images/games_823f80ca02/3.jpg"", ""/content/drive/MyDrive/olx_gamesentertainment_dataset/images/games_823f80ca02/4.jpg"", ""/content/drive/MyDrive/olx_gamesentertainment_dataset/images/games_823f80ca02/5.jpg"", ""/content/drive/MyDrive/olx_gamesentertainment_dataset/images/games_823f80ca02/6.jpg"", ""/content/drive/MyDrive/olx_gamesentertainment_dataset/images/games_823f80ca02/7.jpg"", ""/content/drive/MyDrive/olx_gamesentertainment_dataset/images/games_823f80ca02/8.jpg"", ""/content/drive/MyDrive/olx_gamesentertainment_dataset/images/games_823f80ca02/9.jpg"", ""/content/drive/MyDrive/olx_gamesentertainment_dataset/images/games_823f80ca02/10.jpg"", ""/content/drive/MyDrive/olx_gamesentertainment_dataset/images/games_823f80ca02/11.jpg"", ""/content/drive/MyDrive/olx_gamesentertainment_dataset/images/games_823f80ca02/12.jpg"", ""/content/drive/MyDrive/olx_gamesentertainment_dataset/images/games_823f80ca02/13.jpg"", ""/content/drive/MyDrive/olx_gamesentertainment_dataset/images/games_823f80ca02/14.jpg""]",14,2025-12-08 05:28:36.595662
games_830252c99a,https://www.olx.in/item/games-entertainment-c93-revopoint-3d-digital-scanner-with-big-turntable-in-sector-10-chandigarh-iid-1828594433,Revopoint 3D Digital Scanner with Big turntable,"Selling a brand new Revoppint 3-Range Scanner — never used, still sealed in original packaging. Ideal for Artists, Designers and Engineers. I have 3 Premium packages. You can buy single as well. Rate mentioned is for single premium package. - Games & Entertainment",100000,"[""/content/drive/MyDrive/olx_gamesentertainment_dataset/images/games_830252c99a/1.jpg"", ""/content/drive/MyDrive/olx_gamesentertainment_dataset/images/games_830252c99a/2.jpg"", ""/content/drive/MyDrive/olx_gamesentertainment_dataset/images/games_830252c99a/3.jpg"", ""/content/drive/MyDrive/olx_gamesentertainment_dataset/images/games_830252c99a/4.jpg"", ""/content/drive/MyDrive/olx_gamesentertainment_dataset/images/games_830252c99a/5.jpg"", ""/content/drive/MyDrive/olx_gamesentertainment_dataset/images/games_830252c99a/6.jpg"", ""/content/drive/MyDrive/olx_gamesentertainment_dataset/images/games_830252c99a/7.jpg"", ""/content/drive/MyDrive/olx_gamesentertainment_dataset/images/games_830252c99a/8.jpg"", ""/content/drive/MyDrive/olx_gamesentertainment_dataset/images/games_830252c99a/9.jpg"", ""/content/drive/MyDrive/olx_gamesentertainment_dataset/images/games_830252c99a/10.jpg"", ""/content/drive/MyDrive/olx_gamesentertainment_dataset/images/games_830252c99a/11.jpg"", ""/content/drive/MyDrive/olx_gamesentertainment_dataset/images/games_830252c99a/12.jpg"", ""/content/drive/MyDrive/olx_gamesentertainment_dataset/images/games_830252c99a/13.jpg"", ""/content/drive/MyDrive/olx_gamesentertainment_dataset/images/games_830252c99a/14.jpg""]",14,2025-12-08 05:28:46.116905
games_0dd67b4465,https://www.olx.in/item/games-entertainment-c93-nintendo-switch-oled-in-bangalore-hyderabad-road-bengaluru-iid-1828629646,Nintendo switch OLED,Nintendo switch OLED comes with complete accessories - Games & Entertainment,10000,"[""/content/drive/MyDrive/olx_gamesentertainment_dataset/images/games_0dd67b4465/1.jpg"", ""/content/drive/MyDrive/olx_gamesentertainment_dataset/images/games_0dd67b4465/2.jpg"", ""/content/drive/MyDrive/olx_gamesentertainment_dataset/images/games_0dd67b4465/3.jpg"", ""/content/drive/MyDrive/olx_gamesentertainment_dataset/images/games_0dd67b4465/4.jpg"", ""/content/drive/MyDrive/olx_gamesentertainment_dataset/images/games_0dd67b4465/5.jpg"", ""/content/drive/MyDrive/olx_gamesentertainment_dataset/images/games_0dd67b4465/6.jpg"", ""/content/drive/MyDrive/olx_gamesentertainment_dataset/images/games_0dd67b4465/7.jpg"", ""/content/drive/MyDrive/olx_gamesentertainment_dataset/images/games_0dd67b4465/8.jpg"", ""/content/drive/MyDrive/olx_gamesentertainment_dataset/images/games_0dd67b4465/9.jpg"", ""/content/drive/MyDrive/olx_gamesentertainment_dataset/images/games_0dd67b4465/10.jpg"", ""/content/drive/MyDrive/olx_gamesentertainment_dataset/images/games_0dd67b4465/11.jpg"", ""/content/drive/MyDrive/olx_gamesentertainment_dataset/images/games_0dd67b4465/12.jpg"", ""/content/drive/MyDrive/olx_gamesentertainment_dataset/images/games_0dd67b4465/13.jpg"", ""/content/drive/MyDrive/olx_gamesentertainment_dataset/images/games_0dd67b4465/14.jpg""]",14,2025-12-08 05:28:57.855404
games_da47ed1cde,https://www.olx.in/item/games-entertainment-c93-eachine-ev800-fpv-goggles-in-dwarka-sector-18-delhi-iid-1828625618,Eachine EV800 FPV Goggles,achine EV800 5 Inches 800x480 FPV VR Goggles Monitor 5.8G 40CH Raceband Auto-Searching Build In 2000 mAh Battery Note: The goggles upgraded version with the face sponge and AV IN function New sealed price 7900 - Games & Entertainment,5500,"[""/content/drive/MyDrive/olx_gamesentertainment_dataset/images/games_da47ed1cde/1.jpg"", ""/content/drive/MyDrive/olx_gamesentertainment_dataset/images/games_da47ed1cde/2.jpg"", ""/content/drive/MyDrive/olx_gamesentertainment_dataset/images/games_da47ed1cde/3.jpg"", ""/content/drive/MyDrive/olx_gamesentertainment_dataset/images/games_da47ed1cde/4.jpg"", ""/content/drive/MyDrive/olx_gamesentertainment_dataset/images/games_da47ed1cde/5.jpg"", ""/content/drive/MyDrive/olx_gamesentertainment_dataset/images/games_da47ed1cde/6.jpg"", ""/content/drive/MyDrive/olx_gamesentertainment_dataset/images/games_da47ed1cde/7.jpg"", ""/content/drive/MyDrive/olx_gamesentertainment_dataset/images/games_da47ed1cde/8.jpg"", ""/content/drive/MyDrive/olx_gamesentertainment_dataset/images/games_da47ed1cde/9.jpg"", ""/content/drive/MyDrive/olx_gamesentertainment_dataset/images/games_da47ed1cde/10.jpg"", ""/content/drive/MyDrive/olx_gamesentertainment_dataset/images/games_da47ed1cde/11.jpg"", ""/content/drive/MyDrive/olx_gamesentertainment_dataset/images/games_da47ed1cde/12.jpg"", ""/content/drive/MyDrive/olx_gamesentertainment_dataset/images/games_da47ed1cde/13.jpg"", ""/content/drive/MyDrive/olx_gamesentertainment_dataset/images/games_da47ed1cde/14.jpg""]",14,2025-12-08 05:29:07.841912
games_0ff35a1691,https://www.olx.in/item/games-entertainment-c93-new-ps4-slim-only-3months-used-2-controller-and-5-game-included-in-bellandur-bengaluru-iid-1828623069,New PS4 Slim. Only 3months used. 2 controller and 5 Game included.,"New PS4 Slim 500GB. Not refurbished, a new one. Owned 3months, in 3 months very lite used. 2 Controllers. 5 Game. 4CD and 1 Digital. Games: Last of us 1, Watchdogs, FIFA 22, GTA5(Brand New CD), Mortal Kombat 11(Digital). Note: Not refurbished, New very lite used. FullKit and Box. - Games & Entertainment",24000,"[""/content/drive/MyDrive/olx_gamesentertainment_dataset/images/games_0ff35a1691/1.jpg"", ""/content/drive/MyDrive/olx_gamesentertainment_dataset/images/games_0ff35a1691/2.jpg"", ""/content/drive/MyDrive/olx_gamesentertainment_dataset/images/games_0ff35a1691/3.jpg"", ""/content/drive/MyDrive/olx_gamesentertainment_dataset/images/games_0ff35a1691/4.jpg"", ""/content/drive/MyDrive/olx_gamesentertainment_dataset/images/games_0ff35a1691/5.jpg"", ""/content/drive/MyDrive/olx_gamesentertainment_dataset/images/games_0ff35a1691/6.jpg"", ""/content/drive/MyDrive/olx_gamesentertainment_dataset/images/games_0ff35a1691/7.jpg"", ""/content/drive/MyDrive/olx_gamesentertainment_dataset/images/games_0ff35a1691/8.jpg"", ""/content/drive/MyDrive/olx_gamesentertainment_dataset/images/games_0ff35a1691/9.jpg"", ""/content/drive/MyDrive/olx_gamesentertainment_dataset/images/games_0ff35a1691/10.jpg"", ""/content/drive/MyDrive/olx_gamesentertainment_dataset/images/games_0ff35a1691/11.jpg"", ""/content/drive/MyDrive/olx_gamesentertainment_dataset/images/games_0ff35a1691/12.jpg"", ""/content/drive/MyDrive/olx_gamesentertainment_dataset/images/games_0ff35a1691/13.jpg"", ""/content/drive/MyDrive/olx_gamesentertainment_dataset/images/games_0ff35a1691/14.jpg""]",14,2025-12-08 05:29:19.488572
games_b3c9361cee,https://www.olx.in/item/games-entertainment-c93-playstation-xbox-nintendo-all-gaming-consoles-at-discounted-price-in-btm-layout-bengaluru-iid-1827132017,PlayStation Xbox Nintendo all gaming consoles at discounted price,PlayStation Xbox Nintendo all gaming consoles at discounted price All head held and home consoles available for discounted price We exchange your console We buy your console for cash PlayStation/Xbox/Nintendo/Oculus/Logitech PlayStation consoles PlayStation 4 available for sale all models PS4 standard PS4 slim PS4 pro PS3 slim with games PS3 standard PS5 standard disc model PS5 standard digital model PS5 slim disc model PS5 slim digital model PS2 available with games Xbox consoles Xbox one available for sale Xbox one s available for sale Xbox one x available for sale Xbox series s available for sale Xbox series x available for sale Xbox controller available for sale Nintendo consoles Nintendo GBA Nintendo GBA Nintendo DS Nintendo 3DS Nintendo gamecube Nintendo Wii Nintendo Wii u Nintendo switch lite/V2/Oled For more details please contact us - Games & Entertainment,9999,"[""/content/drive/MyDrive/olx_gamesentertainment_dataset/images/games_b3c9361cee/1.jpg"", ""/content/drive/MyDrive/olx_gamesentertainment_dataset/images/games_b3c9361cee/2.jpg"", ""/content/drive/MyDrive/olx_gamesentertainment_dataset/images/games_b3c9361cee/3.jpg"", ""/content/drive/MyDrive/olx_gamesentertainment_dataset/images/games_b3c9361cee/4.jpg"", ""/content/drive/MyDrive/olx_gamesentertainment_dataset/images/games_b3c9361cee/5.jpg"", ""/content/drive/MyDrive/olx_gamesentertainment_dataset/images/games_b3c9361cee/6.jpg"", ""/content/drive/MyDrive/olx_gamesentertainment_dataset/images/games_b3c9361cee/7.jpg"", ""/content/drive/MyDrive/olx_gamesentertainment_dataset/images/games_b3c9361cee/8.jpg"", ""/content/drive/MyDrive/olx_gamesentertainment_dataset/images/games_b3c9361cee/9.jpg"", ""/content/drive/MyDrive/olx_gamesentertainment_dataset/images/games_b3c9361cee/10.jpg"", ""/content/drive/MyDrive/olx_gamesentertainment_dataset/images/games_b3c9361cee/11.jpg"", ""/content/drive/MyDrive/olx_gamesentertainment_dataset/images/games_b3c9361cee/12.jpg"", ""/content/drive/MyDrive/olx_gamesentertainment_dataset/images/games_b3c9361cee/13.jpg"", ""/content/drive/MyDrive/olx_gamesentertainment_dataset/images/games_b3c9361cee/14.jpg""]",14,2025-12-08 05:29:29.529535
games_54e1a41d88,https://www.olx.in/item/games-entertainment-c93-playstation-543-games-in-best-price-in-andheri-east-mumbai-iid-1828622098,PLAYSTATION 5/4/3 GAMES IN BEST PRICE,"ALL BEST NEW CONDITION GAMES AVAILABLE, PS5 , CONTEOLLER , GAMES AVAILABLE - Games & Entertainment",5999,"[""/content/drive/MyDrive/olx_gamesentertainment_dataset/images/games_54e1a41d88/1.jpg"", ""/content/drive/MyDrive/olx_gamesentertainment_dataset/images/games_54e1a41d88/2.jpg"", ""/content/drive/MyDrive/olx_gamesentertainment_dataset/images/games_54e1a41d88/3.jpg"", ""/content/drive/MyDrive/olx_gamesentertainment_dataset/images/games_54e1a41d88/4.jpg"", ""/content/drive/MyDrive/olx_gamesentertainment_dataset/images/games_54e1a41d88/5.jpg"", ""/content/drive/MyDrive/olx_gamesentertainment_dataset/images/games_54e1a41d88/6.jpg"", ""/content/drive/MyDrive/olx_gamesentertainment_dataset/images/games_54e1a41d88/7.jpg"", ""/content/drive/MyDrive/olx_gamesentertainment_dataset/images/games_54e1a41d88/8.jpg"", ""/content/drive/MyDrive/olx_gamesentertainment_dataset/images/games_54e1a41d88/9.jpg"", ""/content/drive/MyDrive/olx_gamesentertainment_dataset/images/games_54e1a41d88/10.jpg"", ""/content/drive/MyDrive/olx_gamesentertainment_dataset/images/games_54e1a41d88/11.jpg"", ""/content/drive/MyDrive/olx_gamesentertainment_dataset/images/games_54e1a41d88/12.jpg"", ""/content/drive/MyDrive/olx_gamesentertainment_dataset/images/games_54e1a41d88/13.jpg"", ""/content/drive/MyDrive/olx_gamesentertainment_dataset/images/games_54e1a41d88/14.jpg""]",14,2025-12-08 05:29:38.590061
games_5810ae234f,https://www.olx.in/item/games-entertainment-c93-ps4-ps5-all-games-available-in-chandni-chowk-delhi-iid-1828623683,Ps4 ps5 all games available,Ghost off yotie - Games & Entertainment,1399,"[""/content/drive/MyDrive/olx_gamesentertainment_dataset/images/games_5810ae234f/1.jpg"", ""/content/drive/MyDrive/olx_gamesentertainment_dataset/images/games_5810ae234f/2.jpg"", ""/content/drive/MyDrive/olx_gamesentertainment_dataset/images/games_5810ae234f/3.jpg"", ""/content/drive/MyDrive/olx_gamesentertainment_dataset/images/games_5810ae234f/4.jpg"", ""/content/drive/MyDrive/olx_gamesentertainment_dataset/images/games_5810ae234f/5.jpg"", ""/content/drive/MyDrive/olx_gamesentertainment_dataset/images/games_5810ae234f/6.jpg"", ""/content/drive/MyDrive/olx_gamesentertainment_dataset/images/games_5810ae234f/7.jpg"", ""/content/drive/MyDrive/olx_gamesentertainment_dataset/images/games_5810ae234f/8.jpg"", ""/content/drive/MyDrive/olx_gamesentertainment_dataset/images/games_5810ae234f/9.jpg"", ""/content/drive/MyDrive/olx_gamesentertainment_dataset/images/games_5810ae234f/10.jpg"", ""/content/drive/MyDrive/olx_gamesentertainment_dataset/images/games_5810ae234f/11.jpg"", ""/content/drive/MyDrive/olx_gamesentertainment_dataset/images/games_5810ae234f/12.jpg"", ""/content/drive/MyDrive/olx_gamesentertainment_dataset/images/games_5810ae234f/13.jpg"", ""/content/drive/MyDrive/olx_gamesentertainment_dataset/images/games_5810ae234f/14.jpg""]",14,2025-12-08 05:29:47.010915
games_a2cefa2314,https://www.olx.in/item/games-entertainment-c93-gta-5-and-sleeping-dogs-in-vidyanagar-kalaburagi-iid-1828622694,gta 5 and sleeping dogs,1200rs final price - Games & Entertainment,1200,"[""/content/drive/MyDrive/olx_gamesentertainment_dataset/images/games_a2cefa2314/1.jpg"", ""/content/drive/MyDrive/olx_gamesentertainment_dataset/images/games_a2cefa2314/2.jpg"", ""/content/drive/MyDrive/olx_gamesentertainment_dataset/images/games_a2cefa2314/3.jpg"", ""/content/drive/MyDrive/olx_gamesentertainment_dataset/images/games_a2cefa2314/4.jpg"", ""/content/drive/MyDrive/olx_gamesentertainment_dataset/images/games_a2cefa2314/5.jpg"", ""/content/drive/MyDrive/olx_gamesentertainment_dataset/images/games_a2cefa2314/6.jpg"", ""/content/drive/MyDrive/olx_gamesentertainment_dataset/images/games_a2cefa2314/7.jpg"", ""/content/drive/MyDrive/olx_gamesentertainment_dataset/images/games_a2cefa2314/8.jpg"", ""/content/drive/MyDrive/olx_gamesentertainment_dataset/images/games_a2cefa2314/9.jpg"", ""/content/drive/MyDrive/olx_gamesentertainment_dataset/images/games_a2cefa2314/10.jpg"", ""/content/drive/MyDrive/olx_gamesentertainment_dataset/images/games_a2cefa2314/11.jpg"", ""/content/drive/MyDrive/olx_gamesentertainment_dataset/images/games_a2cefa2314/12.jpg"", ""/content/drive/MyDrive/olx_gamesentertainment_dataset/images/games_a2cefa2314/13.jpg"", ""/content/drive/MyDrive/olx_gamesentertainment_dataset/images/games_a2cefa2314/14.jpg""]",14,2025-12-08 05:29:56.234544
games_6a04280156,https://www.olx.in/item/games-entertainment-c93-xbox-360-new-condition-working-properly-in-ballabhgarh-faridabad-iid-1828622878,Xbox 360 new condition working properly,"Selling my xbox 360 console in new condition not much used with orignal Microsoft Adapte,cables and orignal controller 2 games are already loaded in xbox And 6 disc games like •GTA IV •Ghost recon 1 •Ghost recon 2 •tekken 6 •Assissins creed brotherhood • NFS-shift - Games & Entertainment",9000,"[""/content/drive/MyDrive/olx_gamesentertainment_dataset/images/games_6a04280156/1.jpg"", ""/content/drive/MyDrive/olx_gamesentertainment_dataset/images/games_6a04280156/2.jpg"", ""/content/drive/MyDrive/olx_gamesentertainment_dataset/images/games_6a04280156/3.jpg"", ""/content/drive/MyDrive/olx_gamesentertainment_dataset/images/games_6a04280156/4.jpg"", ""/content/drive/MyDrive/olx_gamesentertainment_dataset/images/games_6a04280156/5.jpg"", ""/content/drive/MyDrive/olx_gamesentertainment_dataset/images/games_6a04280156/6.jpg"", ""/content/drive/MyDrive/olx_gamesentertainment_dataset/images/games_6a04280156/7.jpg"", ""/content/drive/MyDrive/olx_gamesentertainment_dataset/images/games_6a04280156/8.jpg"", ""/content/drive/MyDrive/olx_gamesentertainment_dataset/images/games_6a04280156/9.jpg"", ""/content/drive/MyDrive/olx_gamesentertainment_dataset/images/games_6a04280156/10.jpg"", ""/content/drive/MyDrive/olx_gamesentertainment_dataset/images/games_6a04280156/11.jpg"", ""/content/drive/MyDrive/olx_gamesentertainment_dataset/images/games_6a04280156/12.jpg"", ""/content/drive/MyDrive/olx_gamesentertainment_dataset/images/games_6a04280156/13.jpg"", ""/content/drive/MyDrive/olx_gamesentertainment_dataset/images/games_6a04280156/14.jpg""]",14,2025-12-08 05:30:06.107821
games_10db281d8c,https://www.olx.in/item/games-entertainment-c93-playstation-portable-psp-brand-new-sealed-best-price-in-luwangsangbam-imphal-iid-1828622013,PlayStation Portable (PSP) – Brand New  Sealed  Best Price,"Selling my brand-new PlayStation Portable (PSP) in unused, perfect condition. The device is completely new — no scratches, no marks, and works flawlessly. ️ What’s Included: • PlayStation Portable console • Original charger • Box & packaging • All standard accessories ️ Condition: Brand new, unopened/unused. You can test it before buying. ️ Price: ₹17,500 (slightly negotiable for serious buyers) ️ Reason for Selling: Not using it. ️ Extra Info: • First come, first served • Safe public meetup only • Fast responses on chat - Games & Entertainment",17500,"[""/content/drive/MyDrive/olx_gamesentertainment_dataset/images/games_10db281d8c/1.jpg"", ""/content/drive/MyDrive/olx_gamesentertainment_dataset/images/games_10db281d8c/2.jpg"", ""/content/drive/MyDrive/olx_gamesentertainment_dataset/images/games_10db281d8c/3.jpg"", ""/content/drive/MyDrive/olx_gamesentertainment_dataset/images/games_10db281d8c/4.jpg"", ""/content/drive/MyDrive/olx_gamesentertainment_dataset/images/games_10db281d8c/5.jpg"", ""/content/drive/MyDrive/olx_gamesentertainment_dataset/images/games_10db281d8c/6.jpg"", ""/content/drive/MyDrive/olx_gamesentertainment_dataset/images/games_10db281d8c/7.jpg"", ""/content/drive/MyDrive/olx_gamesentertainment_dataset/images/games_10db281d8c/8.jpg"", ""/content/drive/MyDrive/olx_gamesentertainment_dataset/images/games_10db281d8c/9.jpg"", ""/content/drive/MyDrive/olx_gamesentertainment_dataset/images/games_10db281d8c/10.jpg"", ""/content/drive/MyDrive/olx_gamesentertainment_dataset/images/games_10db281d8c/11.jpg"", ""/content/drive/MyDrive/olx_gamesentertainment_dataset/images/games_10db281d8c/12.jpg"", ""/content/drive/MyDrive/olx_gamesentertainment_dataset/images/games_10db281d8c/13.jpg"", ""/content/drive/MyDrive/olx_gamesentertainment_dataset/images/games_10db281d8c/14.jpg""]",14,2025-12-08 05:30:14.590089
games_4d83e0cdff,https://www.olx.in/item/games-entertainment-c93-ghost-of-yotei-in-puppal-guda-hyderabad-iid-1828623091,Ghost of Yotei,Ghost of Yotei - Brand new Disk - Games & Entertainment,4000,"[""/content/drive/MyDrive/olx_gamesentertainment_dataset/images/games_4d83e0cdff/1.jpg"", ""/content/drive/MyDrive/olx_gamesentertainment_dataset/images/games_4d83e0cdff/2.jpg"", ""/content/drive/MyDrive/olx_gamesentertainment_dataset/images/games_4d83e0cdff/3.jpg"", ""/content/drive/MyDrive/olx_gamesentertainment_dataset/images/games_4d83e0cdff/4.jpg"", ""/content/drive/MyDrive/olx_gamesentertainment_dataset/images/games_4d83e0cdff/5.jpg"", ""/content/drive/MyDrive/olx_gamesentertainment_dataset/images/games_4d83e0cdff/6.jpg"", ""/content/drive/MyDrive/olx_gamesentertainment_dataset/images/games_4d83e0cdff/7.jpg"", ""/content/drive/MyDrive/olx_gamesentertainment_dataset/images/games_4d83e0cdff/8.jpg"", ""/content/drive/MyDrive/olx_gamesentertainment_dataset/images/games_4d83e0cdff/9.jpg"", ""/content/drive/MyDrive/olx_gamesentertainment_dataset/images/games_4d83e0cdff/10.jpg"", ""/content/drive/MyDrive/olx_gamesentertainment_dataset/images/games_4d83e0cdff/11.jpg"", ""/content/drive/MyDrive/olx_gamesentertainment_dataset/images/games_4d83e0cdff/12.jpg"", ""/content/drive/MyDrive/olx_gamesentertainment_dataset/images/games_4d83e0cdff/13.jpg"", ""/content/drive/MyDrive/olx_gamesentertainment_dataset/images/games_4d83e0cdff/14.jpg""]",14,2025-12-08 05:30:27.746943
games_4a1b42ee28,https://www.olx.in/item/games-entertainment-c93-psp-me-game-dale-jate-hai-sd-card-me-in-ramganj-jaipur-iid-1827363704,Psp me game dale jate hai sd card me,5 games ke 100rs Baki aapki marzi kitne games dalwane hai appko Dusri baat sabhi games aap ki pasand ke hi dale jayenge - Games & Entertainment,100,"[""/content/drive/MyDrive/olx_gamesentertainment_dataset/images/games_4a1b42ee28/1.jpg"", ""/content/drive/MyDrive/olx_gamesentertainment_dataset/images/games_4a1b42ee28/2.jpg"", ""/content/drive/MyDrive/olx_gamesentertainment_dataset/images/games_4a1b42ee28/3.jpg"", ""/content/drive/MyDrive/olx_gamesentertainment_dataset/images/games_4a1b42ee28/4.jpg"", ""/content/drive/MyDrive/olx_gamesentertainment_dataset/images/games_4a1b42ee28/5.jpg"", ""/content/drive/MyDrive/olx_gamesentertainment_dataset/images/games_4a1b42ee28/6.jpg"", ""/content/drive/MyDrive/olx_gamesentertainment_dataset/images/games_4a1b42ee28/7.jpg"", ""/content/drive/MyDrive/olx_gamesentertainment_dataset/images/games_4a1b42ee28/8.jpg"", ""/content/drive/MyDrive/olx_gamesentertainment_dataset/images/games_4a1b42ee28/9.jpg"", ""/content/drive/MyDrive/olx_gamesentertainment_dataset/images/games_4a1b42ee28/10.jpg"", ""/content/drive/MyDrive/olx_gamesentertainment_dataset/images/games_4a1b42ee28/11.jpg"", ""/content/drive/MyDrive/olx_gamesentertainment_dataset/images/games_4a1b42ee28/12.jpg"", ""/content/drive/MyDrive/olx_gamesentertainment_dataset/images/games_4a1b42ee28/13.jpg"", ""/content/drive/MyDrive/olx_gamesentertainment_dataset/images/games_4a1b42ee28/14.jpg""]",14,2025-12-08 05:30:37.742410
games_56bf221ec0,https://www.olx.in/item/games-entertainment-c93-sony-playstation-5-ps5-in-jhinga-gaon-tinsukia-iid-1828624272,Sony PlayStation 5 (PS5),"Selling my PS5 Disc Edition in excellent working condition. (not opened or repaired) What You’re Getting: PS5 Disc Edition Console Original Dual Sense Controller Original Box & Bill HDMI Cable Power Cable USB Charging Cable. Condition: Fully working No scratches No issues Looks like new. Performance: 4K Ultra Gaming HDR, Ray Tracing Fast Loading Amazing graphics Play all PS4 games also. - Games & Entertainment",34999,"[""/content/drive/MyDrive/olx_gamesentertainment_dataset/images/games_56bf221ec0/1.jpg"", ""/content/drive/MyDrive/olx_gamesentertainment_dataset/images/games_56bf221ec0/2.jpg"", ""/content/drive/MyDrive/olx_gamesentertainment_dataset/images/games_56bf221ec0/3.jpg"", ""/content/drive/MyDrive/olx_gamesentertainment_dataset/images/games_56bf221ec0/4.jpg"", ""/content/drive/MyDrive/olx_gamesentertainment_dataset/images/games_56bf221ec0/5.jpg"", ""/content/drive/MyDrive/olx_gamesentertainment_dataset/images/games_56bf221ec0/6.jpg"", ""/content/drive/MyDrive/olx_gamesentertainment_dataset/images/games_56bf221ec0/7.jpg"", ""/content/drive/MyDrive/olx_gamesentertainment_dataset/images/games_56bf221ec0/8.jpg"", ""/content/drive/MyDrive/olx_gamesentertainment_dataset/images/games_56bf221ec0/9.jpg"", ""/content/drive/MyDrive/olx_gamesentertainment_dataset/images/games_56bf221ec0/10.jpg"", ""/content/drive/MyDrive/olx_gamesentertainment_dataset/images/games_56bf221ec0/11.jpg"", ""/content/drive/MyDrive/olx_gamesentertainment_dataset/images/games_56bf221ec0/12.jpg"", ""/content/drive/MyDrive/olx_gamesentertainment_dataset/images/games_56bf221ec0/13.jpg"", ""/content/drive/MyDrive/olx_gamesentertainment_dataset/images/games_56bf221ec0/14.jpg""]",14,2025-12-08 05:30:47.706871
games_fed62156fb,https://www.olx.in/item/games-entertainment-c93-evofox-one-s-universal-3-mode-wireless-controllerpurchase-date13thnov-in-kovilambakkam-mangali-amman-nagar-chennai-iid-1828625687,"Evofox one S Universal 3-Mode Wireless Controller,purchase date13thNov","The EvoFox One S is a versatile, 3-mode wireless gamepad for PC, Android, and iOS, featuring high-precision Hall Effect Joysticks (drift-free), analog triggers, and customizable macro buttons (M, MR, ML) for complex commands, plus a Precision Mode for fine aiming. It offers seamless Triple Connectivity (2.4GHz, Bluetooth 5.0, Wired USB-C) for lag-free gaming, dual vibration, and up to 10 hours of playtime with fast Type-C charging, delivering responsive control and immersive feedback for various games. - Games & Entertainment",1100,"[""/content/drive/MyDrive/olx_gamesentertainment_dataset/images/games_fed62156fb/1.jpg"", ""/content/drive/MyDrive/olx_gamesentertainment_dataset/images/games_fed62156fb/2.jpg"", ""/content/drive/MyDrive/olx_gamesentertainment_dataset/images/games_fed62156fb/3.jpg"", ""/content/drive/MyDrive/olx_gamesentertainment_dataset/images/games_fed62156fb/4.jpg"", ""/content/drive/MyDrive/olx_gamesentertainment_dataset/images/games_fed62156fb/5.jpg"", ""/content/drive/MyDrive/olx_gamesentertainment_dataset/images/games_fed62156fb/6.jpg"", ""/content/drive/MyDrive/olx_gamesentertainment_dataset/images/games_fed62156fb/7.jpg"", ""/content/drive/MyDrive/olx_gamesentertainment_dataset/images/games_fed62156fb/8.jpg"", ""/content/drive/MyDrive/olx_gamesentertainment_dataset/images/games_fed62156fb/9.jpg"", ""/content/drive/MyDrive/olx_gamesentertainment_dataset/images/games_fed62156fb/10.jpg"", ""/content/drive/MyDrive/olx_gamesentertainment_dataset/images/games_fed62156fb/11.jpg"", ""/content/drive/MyDrive/olx_gamesentertainment_dataset/images/games_fed62156fb/12.jpg"", ""/content/drive/MyDrive/olx_gamesentertainment_dataset/images/games_fed62156fb/13.jpg"", ""/content/drive/MyDrive/olx_gamesentertainment_dataset/images/games_fed62156fb/14.jpg""]",14,2025-12-08 05:31:06.348250
games_2676ca56a9,https://www.olx.in/item/games-entertainment-c93-gta-5-ps5-disc-in-pandurang-nagar-manmad-iid-1828624045,GTA 5 PS5 disc,"This is a PS5 version of gta 5 No scratches,Brand new condition I bought it about 2 months ago I decided to buy a laptop instead of PS5 That's why I decided to sell it. - Games & Entertainment",1200,"[""/content/drive/MyDrive/olx_gamesentertainment_dataset/images/games_2676ca56a9/1.jpg"", ""/content/drive/MyDrive/olx_gamesentertainment_dataset/images/games_2676ca56a9/2.jpg"", ""/content/drive/MyDrive/olx_gamesentertainment_dataset/images/games_2676ca56a9/3.jpg"", ""/content/drive/MyDrive/olx_gamesentertainment_dataset/images/games_2676ca56a9/4.jpg"", ""/content/drive/MyDrive/olx_gamesentertainment_dataset/images/games_2676ca56a9/5.jpg"", ""/content/drive/MyDrive/olx_gamesentertainment_dataset/images/games_2676ca56a9/6.jpg"", ""/content/drive/MyDrive/olx_gamesentertainment_dataset/images/games_2676ca56a9/7.jpg"", ""/content/drive/MyDrive/olx_gamesentertainment_dataset/images/games_2676ca56a9/8.jpg"", ""/content/drive/MyDrive/olx_gamesentertainment_dataset/images/games_2676ca56a9/9.jpg"", ""/content/drive/MyDrive/olx_gamesentertainment_dataset/images/games_2676ca56a9/10.jpg"", ""/content/drive/MyDrive/olx_gamesentertainment_dataset/images/games_2676ca56a9/11.jpg"", ""/content/drive/MyDrive/olx_gamesentertainment_dataset/images/games_2676ca56a9/12.jpg"", ""/content/drive/MyDrive/olx_gamesentertainment_dataset/images/games_2676ca56a9/13.jpg"", ""/content/drive/MyDrive/olx_gamesentertainment_dataset/images/games_2676ca56a9/14.jpg""]",14,2025-12-08 05:31:16.576411
games_8d8c5adb60,https://www.olx.in/item/games-entertainment-c93-sony-ps4-1-tb-wtih-ps4-games-in-kuttumuck-thrissur-iid-1826313013,Sony PS4 1 TB wtih PS4 Games,"1 TB The console works perfectly and has no faults. Package Includes: Genuine DualShock 4 controller HDMI cable Power and charging cables 500GB external HDD Ghost of Tsushima, GTA V, Red Dead Redemption 2, God of War, Ragnarok, Uncharted 4, Need for Speed Heat, Assassin’s Creed (IV, Mirage, Origins), Battlefield 4, Devil May Cry 5, Lords of the Fallen, EA FC 24, Spider‑Man: Miles Morales, Rise & Shadow of the Tomb Raider, The Last Guardian, Mortal Kombat, Prince of Persia: The Lost Crown, Resident Evil Village, The Evil Within 2, and Uncharted: The Lost Legacy - Games & Entertainment",22000,"[""/content/drive/MyDrive/olx_gamesentertainment_dataset/images/games_8d8c5adb60/1.jpg"", ""/content/drive/MyDrive/olx_gamesentertainment_dataset/images/games_8d8c5adb60/2.jpg"", ""/content/drive/MyDrive/olx_gamesentertainment_dataset/images/games_8d8c5adb60/3.jpg"", ""/content/drive/MyDrive/olx_gamesentertainment_dataset/images/games_8d8c5adb60/4.jpg"", ""/content/drive/MyDrive/olx_gamesentertainment_dataset/images/games_8d8c5adb60/5.jpg"", ""/content/drive/MyDrive/olx_gamesentertainment_dataset/images/games_8d8c5adb60/6.jpg"", ""/content/drive/MyDrive/olx_gamesentertainment_dataset/images/games_8d8c5adb60/7.jpg"", ""/content/drive/MyDrive/olx_gamesentertainment_dataset/images/games_8d8c5adb60/8.jpg"", ""/content/drive/MyDrive/olx_gamesentertainment_dataset/images/games_8d8c5adb60/9.jpg"", ""/content/drive/MyDrive/olx_gamesentertainment_dataset/images/games_8d8c5adb60/10.jpg"", ""/content/drive/MyDrive/olx_gamesentertainment_dataset/images/games_8d8c5adb60/11.jpg"", ""/content/drive/MyDrive/olx_gamesentertainment_dataset/images/games_8d8c5adb60/12.jpg"", ""/content/drive/MyDrive/olx_gamesentertainment_dataset/images/games_8d8c5adb60/13.jpg"", ""/content/drive/MyDrive/olx_gamesentertainment_dataset/images/games_8d8c5adb60/14.jpg""]",14,2025-12-08 05:31:31.588831
games_86348edff5,https://www.olx.in/item/games-entertainment-c93-rog-ally-z1-extreme-1-tb-mint-condition-in-sector-10-panchkula-iid-1828560584,Rog Ally Z1 Extreme - 1 Tb - Mint Condition,Z1 Extreme Mint Condition 1 Tb NVME 2230 ssd Cover with stand Spigen travel case Bluetooth Controller Type C to HDMI Dock - Games & Entertainment,34500,"[""/content/drive/MyDrive/olx_gamesentertainment_dataset/images/games_86348edff5/1.jpg"", ""/content/drive/MyDrive/olx_gamesentertainment_dataset/images/games_86348edff5/2.jpg"", ""/content/drive/MyDrive/olx_gamesentertainment_dataset/images/games_86348edff5/3.jpg"", ""/content/drive/MyDrive/olx_gamesentertainment_dataset/images/games_86348edff5/4.jpg"", ""/content/drive/MyDrive/olx_gamesentertainment_dataset/images/games_86348edff5/5.jpg"", ""/content/drive/MyDrive/olx_gamesentertainment_dataset/images/games_86348edff5/6.jpg"", ""/content/drive/MyDrive/olx_gamesentertainment_dataset/images/games_86348edff5/7.jpg"", ""/content/drive/MyDrive/olx_gamesentertainment_dataset/images/games_86348edff5/8.jpg"", ""/content/drive/MyDrive/olx_gamesentertainment_dataset/images/games_86348edff5/9.jpg"", ""/content/drive/MyDrive/olx_gamesentertainment_dataset/images/games_86348edff5/10.jpg"", ""/content/drive/MyDrive/olx_gamesentertainment_dataset/images/games_86348edff5/11.jpg"", ""/content/drive/MyDrive/olx_gamesentertainment_dataset/images/games_86348edff5/12.jpg"", ""/content/drive/MyDrive/olx_gamesentertainment_dataset/images/games_86348edff5/13.jpg"", ""/content/drive/MyDrive/olx_gamesentertainment_dataset/images/games_86348edff5/14.jpg""]",14,2025-12-08 05:31:45.639589
games_39b5cc5cd9,https://www.olx.in/item/games-entertainment-c93-injustice-2-and-ww2k18-in-umerkhadi-mumbai-iid-1805552877,Injustice 2 and Ww2k18,Injustice 2 legendary edition and Ww2k18 - Games & Entertainment,2000,"[""/content/drive/MyDrive/olx_gamesentertainment_dataset/images/games_39b5cc5cd9/1.jpg"", ""/content/drive/MyDrive/olx_gamesentertainment_dataset/images/games_39b5cc5cd9/2.jpg"", ""/content/drive/MyDrive/olx_gamesentertainment_dataset/images/games_39b5cc5cd9/3.jpg"", ""/content/drive/MyDrive/olx_gamesentertainment_dataset/images/games_39b5cc5cd9/4.jpg"", ""/content/drive/MyDrive/olx_gamesentertainment_dataset/images/games_39b5cc5cd9/5.jpg"", ""/content/drive/MyDrive/olx_gamesentertainment_dataset/images/games_39b5cc5cd9/6.jpg"", ""/content/drive/MyDrive/olx_gamesentertainment_dataset/images/games_39b5cc5cd9/7.jpg"", ""/content/drive/MyDrive/olx_gamesentertainment_dataset/images/games_39b5cc5cd9/8.jpg"", ""/content/drive/MyDrive/olx_gamesentertainment_dataset/images/games_39b5cc5cd9/9.jpg"", ""/content/drive/MyDrive/olx_gamesentertainment_dataset/images/games_39b5cc5cd9/10.jpg"", ""/content/drive/MyDrive/olx_gamesentertainment_dataset/images/games_39b5cc5cd9/11.jpg"", ""/content/drive/MyDrive/olx_gamesentertainment_dataset/images/games_39b5cc5cd9/12.jpg"", ""/content/drive/MyDrive/olx_gamesentertainment_dataset/images/games_39b5cc5cd9/13.jpg"", ""/content/drive/MyDrive/olx_gamesentertainment_dataset/images/games_39b5cc5cd9/14.jpg""]",14,2025-12-08 05:32:03.525502
games_f4a41936a8,https://www.olx.in/item/games-entertainment-c93-2-ps4-replica-wireless-controllers-working-condition-in-gorakh-park-west-delhi-iid-1827511619,2 PS4 Replica Wireless Controllers – Working Condition,"Selling two PS4 replica wireless controllers bought a few months ago. They work with Android, iOS, PS4, PS3, PC and laptops. Battery backup is 7–8 hours. Details: Black controller: one button not working. Military edition controller: fully working. Selling because I sold my PS4 and don’t need these now. Even though they are replicas, they are not local low-quality pieces. Touchpad, buttons, joysticks and all functions work properly. Good option if you need an affordable wireless controller for PlayStation or laptop. - Games & Entertainment",1799,"[""/content/drive/MyDrive/olx_gamesentertainment_dataset/images/games_f4a41936a8/1.jpg"", ""/content/drive/MyDrive/olx_gamesentertainment_dataset/images/games_f4a41936a8/2.jpg"", ""/content/drive/MyDrive/olx_gamesentertainment_dataset/images/games_f4a41936a8/3.jpg"", ""/content/drive/MyDrive/olx_gamesentertainment_dataset/images/games_f4a41936a8/4.jpg"", ""/content/drive/MyDrive/olx_gamesentertainment_dataset/images/games_f4a41936a8/5.jpg"", ""/content/drive/MyDrive/olx_gamesentertainment_dataset/images/games_f4a41936a8/6.jpg"", ""/content/drive/MyDrive/olx_gamesentertainment_dataset/images/games_f4a41936a8/7.jpg"", ""/content/drive/MyDrive/olx_gamesentertainment_dataset/images/games_f4a41936a8/8.jpg"", ""/content/drive/MyDrive/olx_gamesentertainment_dataset/images/games_f4a41936a8/9.jpg"", ""/content/drive/MyDrive/olx_gamesentertainment_dataset/images/games_f4a41936a8/10.jpg"", ""/content/drive/MyDrive/olx_gamesentertainment_dataset/images/games_f4a41936a8/11.jpg"", ""/content/drive/MyDrive/olx_gamesentertainment_dataset/images/games_f4a41936a8/12.jpg"", ""/content/drive/MyDrive/olx_gamesentertainment_dataset/images/games_f4a41936a8/13.jpg"", ""/content/drive/MyDrive/olx_gamesentertainment_dataset/images/games_f4a41936a8/14.jpg""]",14,2025-12-08 05:32:13.166928
games_e26147658d,https://www.olx.in/item/games-entertainment-c93-xbox-console-rarely-used-in-sector-17a-chandigarh-iid-1828623460,Xbox console rarely used,Xbox console rarely used with controller and 6 game CDs - Games & Entertainment,20000,"[""/content/drive/MyDrive/olx_gamesentertainment_dataset/images/games_e26147658d/1.jpg"", ""/content/drive/MyDrive/olx_gamesentertainment_dataset/images/games_e26147658d/2.jpg"", ""/content/drive/MyDrive/olx_gamesentertainment_dataset/images/games_e26147658d/3.jpg"", ""/content/drive/MyDrive/olx_gamesentertainment_dataset/images/games_e26147658d/4.jpg"", ""/content/drive/MyDrive/olx_gamesentertainment_dataset/images/games_e26147658d/5.jpg"", ""/content/drive/MyDrive/olx_gamesentertainment_dataset/images/games_e26147658d/6.jpg"", ""/content/drive/MyDrive/olx_gamesentertainment_dataset/images/games_e26147658d/7.jpg"", ""/content/drive/MyDrive/olx_gamesentertainment_dataset/images/games_e26147658d/8.jpg"", ""/content/drive/MyDrive/olx_gamesentertainment_dataset/images/games_e26147658d/9.jpg"", ""/content/drive/MyDrive/olx_gamesentertainment_dataset/images/games_e26147658d/10.jpg"", ""/content/drive/MyDrive/olx_gamesentertainment_dataset/images/games_e26147658d/11.jpg"", ""/content/drive/MyDrive/olx_gamesentertainment_dataset/images/games_e26147658d/12.jpg"", ""/content/drive/MyDrive/olx_gamesentertainment_dataset/images/games_e26147658d/13.jpg"", ""/content/drive/MyDrive/olx_gamesentertainment_dataset/images/games_e26147658d/14.jpg""]",14,2025-12-08 05:32:27.090498
games_2b93934089,https://www.olx.in/item/games-entertainment-c93-rog-ally-z1-extreme-in-ekta-nagar-firozpur-iid-1828622726,Rog ally z1 extreme,Z1 extreme 512 gb good condition no time waste final price - Games & Entertainment,35000,"[""/content/drive/MyDrive/olx_gamesentertainment_dataset/images/games_2b93934089/1.jpg"", ""/content/drive/MyDrive/olx_gamesentertainment_dataset/images/games_2b93934089/2.jpg"", ""/content/drive/MyDrive/olx_gamesentertainment_dataset/images/games_2b93934089/3.jpg"", ""/content/drive/MyDrive/olx_gamesentertainment_dataset/images/games_2b93934089/4.jpg"", ""/content/drive/MyDrive/olx_gamesentertainment_dataset/images/games_2b93934089/5.jpg"", ""/content/drive/MyDrive/olx_gamesentertainment_dataset/images/games_2b93934089/6.jpg"", ""/content/drive/MyDrive/olx_gamesentertainment_dataset/images/games_2b93934089/7.jpg"", ""/content/drive/MyDrive/olx_gamesentertainment_dataset/images/games_2b93934089/8.jpg"", ""/content/drive/MyDrive/olx_gamesentertainment_dataset/images/games_2b93934089/9.jpg"", ""/content/drive/MyDrive/olx_gamesentertainment_dataset/images/games_2b93934089/10.jpg"", ""/content/drive/MyDrive/olx_gamesentertainment_dataset/images/games_2b93934089/11.jpg"", ""/content/drive/MyDrive/olx_gamesentertainment_dataset/images/games_2b93934089/12.jpg"", ""/content/drive/MyDrive/olx_gamesentertainment_dataset/images/games_2b93934089/13.jpg"", ""/content/drive/MyDrive/olx_gamesentertainment_dataset/images/games_2b93934089/14.jpg""]",14,2025-12-08 05:32:52.310127
games_f646122a85,https://www.olx.in/item/games-entertainment-c93-playstation-3-games-ps3-games-in-andheri-west-mumbai-iid-1797407629,playstation 3 games (ps3 games),"Untested lot of ps3 games, cases have physical damage, some dust and no manual. Discs are ok in condition by looks but unsure of working. Untested. Shipping charges depends on location to be paid by buyer. - Games & Entertainment",1100,"[""/content/drive/MyDrive/olx_gamesentertainment_dataset/images/games_f646122a85/1.jpg"", ""/content/drive/MyDrive/olx_gamesentertainment_dataset/images/games_f646122a85/2.jpg"", ""/content/drive/MyDrive/olx_gamesentertainment_dataset/images/games_f646122a85/3.jpg"", ""/content/drive/MyDrive/olx_gamesentertainment_dataset/images/games_f646122a85/4.jpg"", ""/content/drive/MyDrive/olx_gamesentertainment_dataset/images/games_f646122a85/5.jpg"", ""/content/drive/MyDrive/olx_gamesentertainment_dataset/images/games_f646122a85/6.jpg"", ""/content/drive/MyDrive/olx_gamesentertainment_dataset/images/games_f646122a85/7.jpg"", ""/content/drive/MyDrive/olx_gamesentertainment_dataset/images/games_f646122a85/8.jpg"", ""/content/drive/MyDrive/olx_gamesentertainment_dataset/images/games_f646122a85/9.jpg"", ""/content/drive/MyDrive/olx_gamesentertainment_dataset/images/games_f646122a85/10.jpg"", ""/content/drive/MyDrive/olx_gamesentertainment_dataset/images/games_f646122a85/11.jpg"", ""/content/drive/MyDrive/olx_gamesentertainment_dataset/images/games_f646122a85/12.jpg"", ""/content/drive/MyDrive/olx_gamesentertainment_dataset/images/games_f646122a85/13.jpg"", ""/content/drive/MyDrive/olx_gamesentertainment_dataset/images/games_f646122a85/14.jpg""]",14,2025-12-08 05:33:02.738522
games_7f05ec43d4,https://www.olx.in/item/games-entertainment-c93-ps4-slim-edition-in-boidadr-raigarh-iid-1827603177,PS4 Slim edition,PS4 Slim edition with 2 original controllers - Games & Entertainment,20000,"[""/content/drive/MyDrive/olx_gamesentertainment_dataset/images/games_7f05ec43d4/1.jpg"", ""/content/drive/MyDrive/olx_gamesentertainment_dataset/images/games_7f05ec43d4/2.jpg"", ""/content/drive/MyDrive/olx_gamesentertainment_dataset/images/games_7f05ec43d4/3.jpg"", ""/content/drive/MyDrive/olx_gamesentertainment_dataset/images/games_7f05ec43d4/4.jpg"", ""/content/drive/MyDrive/olx_gamesentertainment_dataset/images/games_7f05ec43d4/5.jpg"", ""/content/drive/MyDrive/olx_gamesentertainment_dataset/images/games_7f05ec43d4/6.jpg"", ""/content/drive/MyDrive/olx_gamesentertainment_dataset/images/games_7f05ec43d4/7.jpg"", ""/content/drive/MyDrive/olx_gamesentertainment_dataset/images/games_7f05ec43d4/8.jpg"", ""/content/drive/MyDrive/olx_gamesentertainment_dataset/images/games_7f05ec43d4/9.jpg"", ""/content/drive/MyDrive/olx_gamesentertainment_dataset/images/games_7f05ec43d4/10.jpg"", ""/content/drive/MyDrive/olx_gamesentertainment_dataset/images/games_7f05ec43d4/11.jpg"", ""/content/drive/MyDrive/olx_gamesentertainment_dataset/images/games_7f05ec43d4/12.jpg"", ""/content/drive/MyDrive/olx_gamesentertainment_dataset/images/games_7f05ec43d4/13.jpg"", ""/content/drive/MyDrive/olx_gamesentertainment_dataset/images/games_7f05ec43d4/14.jpg""]",14,2025-12-08 05:33:12.481511
games_5bdd2018af,https://www.olx.in/item/games-entertainment-c93-amazing-ps3-slim-disc-edition-for-sale-in-minjur-chennai-iid-1828622959,Amazing PS3 slim disc edition for sale,PS3 slim disc edition - Games & Entertainment,15000,"[""/content/drive/MyDrive/olx_gamesentertainment_dataset/images/games_5bdd2018af/1.jpg"", ""/content/drive/MyDrive/olx_gamesentertainment_dataset/images/games_5bdd2018af/2.jpg"", ""/content/drive/MyDrive/olx_gamesentertainment_dataset/images/games_5bdd2018af/3.jpg"", ""/content/drive/MyDrive/olx_gamesentertainment_dataset/images/games_5bdd2018af/4.jpg"", ""/content/drive/MyDrive/olx_gamesentertainment_dataset/images/games_5bdd2018af/5.jpg"", ""/content/drive/MyDrive/olx_gamesentertainment_dataset/images/games_5bdd2018af/6.jpg"", ""/content/drive/MyDrive/olx_gamesentertainment_dataset/images/games_5bdd2018af/7.jpg"", ""/content/drive/MyDrive/olx_gamesentertainment_dataset/images/games_5bdd2018af/8.jpg"", ""/content/drive/MyDrive/olx_gamesentertainment_dataset/images/games_5bdd2018af/9.jpg"", ""/content/drive/MyDrive/olx_gamesentertainment_dataset/images/games_5bdd2018af/10.jpg"", ""/content/drive/MyDrive/olx_gamesentertainment_dataset/images/games_5bdd2018af/11.jpg"", ""/content/drive/MyDrive/olx_gamesentertainment_dataset/images/games_5bdd2018af/12.jpg"", ""/content/drive/MyDrive/olx_gamesentertainment_dataset/images/games_5bdd2018af/13.jpg"", ""/content/drive/MyDrive/olx_gamesentertainment_dataset/images/games_5bdd2018af/14.jpg""]",14,2025-12-08 05:33:20.426130
games_e7fed56fc0,https://www.olx.in/item/games-entertainment-c93-playstation-4-1tb-in-madani-chowk-aurangabad-iid-1828622118,Playstation 4 1tb,New console Only 1 month used ps 4. Cracked version also 3 cd games and 2 controllers. - Games & Entertainment,28000,"[""/content/drive/MyDrive/olx_gamesentertainment_dataset/images/games_e7fed56fc0/1.jpg"", ""/content/drive/MyDrive/olx_gamesentertainment_dataset/images/games_e7fed56fc0/2.jpg"", ""/content/drive/MyDrive/olx_gamesentertainment_dataset/images/games_e7fed56fc0/3.jpg"", ""/content/drive/MyDrive/olx_gamesentertainment_dataset/images/games_e7fed56fc0/4.jpg"", ""/content/drive/MyDrive/olx_gamesentertainment_dataset/images/games_e7fed56fc0/5.jpg"", ""/content/drive/MyDrive/olx_gamesentertainment_dataset/images/games_e7fed56fc0/6.jpg"", ""/content/drive/MyDrive/olx_gamesentertainment_dataset/images/games_e7fed56fc0/7.jpg"", ""/content/drive/MyDrive/olx_gamesentertainment_dataset/images/games_e7fed56fc0/8.jpg"", ""/content/drive/MyDrive/olx_gamesentertainment_dataset/images/games_e7fed56fc0/9.jpg"", ""/content/drive/MyDrive/olx_gamesentertainment_dataset/images/games_e7fed56fc0/10.jpg"", ""/content/drive/MyDrive/olx_gamesentertainment_dataset/images/games_e7fed56fc0/11.jpg"", ""/content/drive/MyDrive/olx_gamesentertainment_dataset/images/games_e7fed56fc0/12.jpg"", ""/content/drive/MyDrive/olx_gamesentertainment_dataset/images/games_e7fed56fc0/13.jpg"", ""/content/drive/MyDrive/olx_gamesentertainment_dataset/images/games_e7fed56fc0/14.jpg""]",14,2025-12-08 05:33:29.762196
games_9052cd5e29,https://www.olx.in/item/games-entertainment-c93-ps4-games-at-lowest-rates-for-sale-and-exchange-in-koramangala-bengaluru-iid-1785278652,Ps4 games at lowest rates for sale and exchange,We buy sell trade and swap used and new gaming consoles and games Used ps4 games starts from 499 each Playstation 4 starts from 15000 Ps4 pro starts from 25000 Ps5 starts from 35000 Ps4 on exchange with Ps3 starts from 10000 - Games & Entertainment,499,"[""/content/drive/MyDrive/olx_gamesentertainment_dataset/images/games_9052cd5e29/1.jpg"", ""/content/drive/MyDrive/olx_gamesentertainment_dataset/images/games_9052cd5e29/2.jpg"", ""/content/drive/MyDrive/olx_gamesentertainment_dataset/images/games_9052cd5e29/3.jpg"", ""/content/drive/MyDrive/olx_gamesentertainment_dataset/images/games_9052cd5e29/4.jpg"", ""/content/drive/MyDrive/olx_gamesentertainment_dataset/images/games_9052cd5e29/5.jpg"", ""/content/drive/MyDrive/olx_gamesentertainment_dataset/images/games_9052cd5e29/6.jpg"", ""/content/drive/MyDrive/olx_gamesentertainment_dataset/images/games_9052cd5e29/7.jpg"", ""/content/drive/MyDrive/olx_gamesentertainment_dataset/images/games_9052cd5e29/8.jpg"", ""/content/drive/MyDrive/olx_gamesentertainment_dataset/images/games_9052cd5e29/9.jpg"", ""/content/drive/MyDrive/olx_gamesentertainment_dataset/images/games_9052cd5e29/10.jpg"", ""/content/drive/MyDrive/olx_gamesentertainment_dataset/images/games_9052cd5e29/11.jpg"", ""/content/drive/MyDrive/olx_gamesentertainment_dataset/images/games_9052cd5e29/12.jpg"", ""/content/drive/MyDrive/olx_gamesentertainment_dataset/images/games_9052cd5e29/13.jpg"", ""/content/drive/MyDrive/olx_gamesentertainment_dataset/images/games_9052cd5e29/14.jpg""]",14,2025-12-08 05:33:38.746162
games_a00fb455f5,https://www.olx.in/item/games-entertainment-c93-ps4-slim-1tb-with-box-and-2-og-controlers2-years-used-in-ravipuram-kochi-iid-1828623212,PS4 slim 1TB with box and 2 OG controlers(2 years used),"Playstation 4 2 controlers Power cable, charging cable, hdmi cable Box also available 3 game cd Far cry 5 Ratchet and clank Doom Download games Gta 5 Batman Arkham knight Spiderman game of the year edition Fifa 21 Mafia 3 Grandturismo 7 Wwe 2k23 - Games & Entertainment",20999,"[""/content/drive/MyDrive/olx_gamesentertainment_dataset/images/games_a00fb455f5/1.jpg"", ""/content/drive/MyDrive/olx_gamesentertainment_dataset/images/games_a00fb455f5/2.jpg"", ""/content/drive/MyDrive/olx_gamesentertainment_dataset/images/games_a00fb455f5/3.jpg"", ""/content/drive/MyDrive/olx_gamesentertainment_dataset/images/games_a00fb455f5/4.jpg"", ""/content/drive/MyDrive/olx_gamesentertainment_dataset/images/games_a00fb455f5/5.jpg"", ""/content/drive/MyDrive/olx_gamesentertainment_dataset/images/games_a00fb455f5/6.jpg"", ""/content/drive/MyDrive/olx_gamesentertainment_dataset/images/games_a00fb455f5/7.jpg"", ""/content/drive/MyDrive/olx_gamesentertainment_dataset/images/games_a00fb455f5/8.jpg"", ""/content/drive/MyDrive/olx_gamesentertainment_dataset/images/games_a00fb455f5/9.jpg"", ""/content/drive/MyDrive/olx_gamesentertainment_dataset/images/games_a00fb455f5/10.jpg"", ""/content/drive/MyDrive/olx_gamesentertainment_dataset/images/games_a00fb455f5/11.jpg"", ""/content/drive/MyDrive/olx_gamesentertainment_dataset/images/games_a00fb455f5/12.jpg"", ""/content/drive/MyDrive/olx_gamesentertainment_dataset/images/games_a00fb455f5/13.jpg"", ""/content/drive/MyDrive/olx_gamesentertainment_dataset/images/games_a00fb455f5/14.jpg""]",14,2025-12-08 05:33:49.244103
games_93d6f9e225,https://www.olx.in/item/games-entertainment-c93-jbl-sb-271-with-bill-box-and-everything-in-the-box-in-karol-bagh-delhi-iid-1828625878,Jbl sb 271 with bill box and everything in the box,2 month used haii main ne September 4 2025 ko liya tha - Games & Entertainment,6000,"[""/content/drive/MyDrive/olx_gamesentertainment_dataset/images/games_93d6f9e225/1.jpg"", ""/content/drive/MyDrive/olx_gamesentertainment_dataset/images/games_93d6f9e225/2.jpg"", ""/content/drive/MyDrive/olx_gamesentertainment_dataset/images/games_93d6f9e225/3.jpg"", ""/content/drive/MyDrive/olx_gamesentertainment_dataset/images/games_93d6f9e225/4.jpg"", ""/content/drive/MyDrive/olx_gamesentertainment_dataset/images/games_93d6f9e225/5.jpg"", ""/content/drive/MyDrive/olx_gamesentertainment_dataset/images/games_93d6f9e225/6.jpg"", ""/content/drive/MyDrive/olx_gamesentertainment_dataset/images/games_93d6f9e225/7.jpg"", ""/content/drive/MyDrive/olx_gamesentertainment_dataset/images/games_93d6f9e225/8.jpg"", ""/content/drive/MyDrive/olx_gamesentertainment_dataset/images/games_93d6f9e225/9.jpg"", ""/content/drive/MyDrive/olx_gamesentertainment_dataset/images/games_93d6f9e225/10.jpg"", ""/content/drive/MyDrive/olx_gamesentertainment_dataset/images/games_93d6f9e225/11.jpg"", ""/content/drive/MyDrive/olx_gamesentertainment_dataset/images/games_93d6f9e225/12.jpg"", ""/content/drive/MyDrive/olx_gamesentertainment_dataset/images/games_93d6f9e225/13.jpg"", ""/content/drive/MyDrive/olx_gamesentertainment_dataset/images/games_93d6f9e225/14.jpg""]",14,2025-12-08 05:33:59.691365
games_55ad163e3f,https://www.olx.in/item/games-entertainment-c93-negotiable-pricemarvels-spider-man-miles-morales-ps5-disc-in-ngos-colony-bailoor-udupi-iid-1817097998,"(Negotiable price)Marvel’s Spider-Man: Miles Morales (PS5, Disc)","Selling Marvel’s Spider-Man: Miles Morales (PS5, Disc)(Originally bought for ₹3,499). Disc is in excellent condition – no scratches, works perfectly. Original box and cover included. Like new, barely used. Price slightly negotiable for serious buyers. - Games & Entertainment",3499,"[""/content/drive/MyDrive/olx_gamesentertainment_dataset/images/games_55ad163e3f/1.jpg"", ""/content/drive/MyDrive/olx_gamesentertainment_dataset/images/games_55ad163e3f/2.jpg"", ""/content/drive/MyDrive/olx_gamesentertainment_dataset/images/games_55ad163e3f/3.jpg"", ""/content/drive/MyDrive/olx_gamesentertainment_dataset/images/games_55ad163e3f/4.jpg"", ""/content/drive/MyDrive/olx_gamesentertainment_dataset/images/games_55ad163e3f/5.jpg"", ""/content/drive/MyDrive/olx_gamesentertainment_dataset/images/games_55ad163e3f/6.jpg"", ""/content/drive/MyDrive/olx_gamesentertainment_dataset/images/games_55ad163e3f/7.jpg"", ""/content/drive/MyDrive/olx_gamesentertainment_dataset/images/games_55ad163e3f/8.jpg"", ""/content/drive/MyDrive/olx_gamesentertainment_dataset/images/games_55ad163e3f/9.jpg"", ""/content/drive/MyDrive/olx_gamesentertainment_dataset/images/games_55ad163e3f/10.jpg"", ""/content/drive/MyDrive/olx_gamesentertainment_dataset/images/games_55ad163e3f/11.jpg"", ""/content/drive/MyDrive/olx_gamesentertainment_dataset/images/games_55ad163e3f/12.jpg"", ""/content/drive/MyDrive/olx_gamesentertainment_dataset/images/games_55ad163e3f/13.jpg"", ""/content/drive/MyDrive/olx_gamesentertainment_dataset/images/games_55ad163e3f/14.jpg""]",14,2025-12-08 05:34:08.740821
games_31d5583bd1,https://www.olx.in/item/games-entertainment-c93-sony-playstation-5-pro-with-dual-controller-in-electronic-city-bengaluru-iid-1828625595,Sony Playstation 5 Pro With Dual Controller,"Sony PlayStation 5 Pro Digital Console Play at a smooth 60fps or push up to 120fps for compatible games with the Sony PS5 Pro Digital, offering stunning 4K output that brings every detail to life. Ray tracing adds a new level of realism with lifelike lighting, reflections, and shadows, transforming gameplay visuals into an immersive, cinematic experience. Experience vibrant colors and crisp 4K graphics on the Sony PS5 Pro Digital. Paired with a 4K TV, compatible PS5 games reveal intricate details, immersing you deeper into every scene. When connected to an HDR TV, supported games offer a stunningly lifelike color range, making visuals pop with an intensity that enhances every gameplay moment. The Sony PS5 Pro Digital comes equipped with a massive 2TB SSD, providing ample space to store your favorite games, updates, and downloadable content. With this generous storage, you can keep a wide range of games installed and ready to play at a moment’s notice, minimizing the need to constantly delete and reinstall titles. The high-speed SSD also ensures quick load times, so you can jump back into action without delay. The Sony PS5 Pro Digital features advanced integrated I/O technology, allowing the system to pull data from its SSD at incredible speeds. This custom integration enables developers to create more intricate and seamless gaming experiences, with game worlds that load in real-time and visuals that stay immersive without interruptions. This cutting-edge design opens up new possibilities in game development, pushing the boundaries of what’s possible and enhancing the gameplay experience in unprecedented ways. - Games & Entertainment",39499,"[""/content/drive/MyDrive/olx_gamesentertainment_dataset/images/games_31d5583bd1/1.jpg"", ""/content/drive/MyDrive/olx_gamesentertainment_dataset/images/games_31d5583bd1/2.jpg"", ""/content/drive/MyDrive/olx_gamesentertainment_dataset/images/games_31d5583bd1/3.jpg"", ""/content/drive/MyDrive/olx_gamesentertainment_dataset/images/games_31d5583bd1/4.jpg"", ""/content/drive/MyDrive/olx_gamesentertainment_dataset/images/games_31d5583bd1/5.jpg"", ""/content/drive/MyDrive/olx_gamesentertainment_dataset/images/games_31d5583bd1/6.jpg"", ""/content/drive/MyDrive/olx_gamesentertainment_dataset/images/games_31d5583bd1/7.jpg"", ""/content/drive/MyDrive/olx_gamesentertainment_dataset/images/games_31d5583bd1/8.jpg"", ""/content/drive/MyDrive/olx_gamesentertainment_dataset/images/games_31d5583bd1/9.jpg"", ""/content/drive/MyDrive/olx_gamesentertainment_dataset/images/games_31d5583bd1/10.jpg"", ""/content/drive/MyDrive/olx_gamesentertainment_dataset/images/games_31d5583bd1/11.jpg"", ""/content/drive/MyDrive/olx_gamesentertainment_dataset/images/games_31d5583bd1/12.jpg"", ""/content/drive/MyDrive/olx_gamesentertainment_dataset/images/games_31d5583bd1/13.jpg"", ""/content/drive/MyDrive/olx_gamesentertainment_dataset/images/games_31d5583bd1/14.jpg""]",14,2025-12-08 05:34:32.592330
games_739fd1b976,https://www.olx.in/item/games-entertainment-c93-ps4-hardly-used-in-great-condition-in-saidabad-hyderabad-iid-1828624232,PS4 hardly used in great condition,PS4 for sale 1 TB with controller & and all wires Pick up from santoshnagar area Time passers stay away - Games & Entertainment,17000,"[""/content/drive/MyDrive/olx_gamesentertainment_dataset/images/games_739fd1b976/1.jpg"", ""/content/drive/MyDrive/olx_gamesentertainment_dataset/images/games_739fd1b976/2.jpg"", ""/content/drive/MyDrive/olx_gamesentertainment_dataset/images/games_739fd1b976/3.jpg"", ""/content/drive/MyDrive/olx_gamesentertainment_dataset/images/games_739fd1b976/4.jpg"", ""/content/drive/MyDrive/olx_gamesentertainment_dataset/images/games_739fd1b976/5.jpg"", ""/content/drive/MyDrive/olx_gamesentertainment_dataset/images/games_739fd1b976/6.jpg"", ""/content/drive/MyDrive/olx_gamesentertainment_dataset/images/games_739fd1b976/7.jpg"", ""/content/drive/MyDrive/olx_gamesentertainment_dataset/images/games_739fd1b976/8.jpg"", ""/content/drive/MyDrive/olx_gamesentertainment_dataset/images/games_739fd1b976/9.jpg"", ""/content/drive/MyDrive/olx_gamesentertainment_dataset/images/games_739fd1b976/10.jpg"", ""/content/drive/MyDrive/olx_gamesentertainment_dataset/images/games_739fd1b976/11.jpg"", ""/content/drive/MyDrive/olx_gamesentertainment_dataset/images/games_739fd1b976/12.jpg"", ""/content/drive/MyDrive/olx_gamesentertainment_dataset/images/games_739fd1b976/13.jpg"", ""/content/drive/MyDrive/olx_gamesentertainment_dataset/images/games_739fd1b976/14.jpg""]",14,2025-12-08 05:34:42.611299
games_c3615e2c7b,https://www.olx.in/item/games-entertainment-c93-pc-new-only-3months-in-banjari-gopalganj-iid-1828625688,Pc new only 3months,Only new orgents sell need money - Games & Entertainment,45000,"[""/content/drive/MyDrive/olx_gamesentertainment_dataset/images/games_c3615e2c7b/1.jpg"", ""/content/drive/MyDrive/olx_gamesentertainment_dataset/images/games_c3615e2c7b/2.jpg"", ""/content/drive/MyDrive/olx_gamesentertainment_dataset/images/games_c3615e2c7b/3.jpg"", ""/content/drive/MyDrive/olx_gamesentertainment_dataset/images/games_c3615e2c7b/4.jpg"", ""/content/drive/MyDrive/olx_gamesentertainment_dataset/images/games_c3615e2c7b/5.jpg"", ""/content/drive/MyDrive/olx_gamesentertainment_dataset/images/games_c3615e2c7b/6.jpg"", ""/content/drive/MyDrive/olx_gamesentertainment_dataset/images/games_c3615e2c7b/7.jpg"", ""/content/drive/MyDrive/olx_gamesentertainment_dataset/images/games_c3615e2c7b/8.jpg"", ""/content/drive/MyDrive/olx_gamesentertainment_dataset/images/games_c3615e2c7b/9.jpg"", ""/content/drive/MyDrive/olx_gamesentertainment_dataset/images/games_c3615e2c7b/10.jpg"", ""/content/drive/MyDrive/olx_gamesentertainment_dataset/images/games_c3615e2c7b/11.jpg"", ""/content/drive/MyDrive/olx_gamesentertainment_dataset/images/games_c3615e2c7b/12.jpg"", ""/content/drive/MyDrive/olx_gamesentertainment_dataset/images/games_c3615e2c7b/13.jpg"", ""/content/drive/MyDrive/olx_gamesentertainment_dataset/images/games_c3615e2c7b/14.jpg""]",14,2025-12-08 05:34:53.388594
games_96ab5a8e40,https://www.olx.in/item/games-entertainment-c93-drone-yp-8-max-gps-in-goornahally-channarayapatna-iid-1828624260,Drone YP 8 Max GPS,Drone YP 8 Max GPS - Games & Entertainment,9000,"[""/content/drive/MyDrive/olx_gamesentertainment_dataset/images/games_96ab5a8e40/1.jpg"", ""/content/drive/MyDrive/olx_gamesentertainment_dataset/images/games_96ab5a8e40/2.jpg"", ""/content/drive/MyDrive/olx_gamesentertainment_dataset/images/games_96ab5a8e40/3.jpg"", ""/content/drive/MyDrive/olx_gamesentertainment_dataset/images/games_96ab5a8e40/4.jpg"", ""/content/drive/MyDrive/olx_gamesentertainment_dataset/images/games_96ab5a8e40/5.jpg"", ""/content/drive/MyDrive/olx_gamesentertainment_dataset/images/games_96ab5a8e40/6.jpg"", ""/content/drive/MyDrive/olx_gamesentertainment_dataset/images/games_96ab5a8e40/7.jpg"", ""/content/drive/MyDrive/olx_gamesentertainment_dataset/images/games_96ab5a8e40/8.jpg"", ""/content/drive/MyDrive/olx_gamesentertainment_dataset/images/games_96ab5a8e40/9.jpg"", ""/content/drive/MyDrive/olx_gamesentertainment_dataset/images/games_96ab5a8e40/10.jpg"", ""/content/drive/MyDrive/olx_gamesentertainment_dataset/images/games_96ab5a8e40/11.jpg"", ""/content/drive/MyDrive/olx_gamesentertainment_dataset/images/games_96ab5a8e40/12.jpg"", ""/content/drive/MyDrive/olx_gamesentertainment_dataset/images/games_96ab5a8e40/13.jpg"", ""/content/drive/MyDrive/olx_gamesentertainment_dataset/images/games_96ab5a8e40/14.jpg""]",14,2025-12-08 05:35:04.970060
games_679d63a380,https://www.olx.in/item/games-entertainment-c93-ps-4-gaming-casets-in-vgp-layout-bengaluru-iid-1827967248,Ps 4  gaming casets,Gaming casets ps4 - Games & Entertainment,9000,"[""/content/drive/MyDrive/olx_gamesentertainment_dataset/images/games_679d63a380/1.jpg"", ""/content/drive/MyDrive/olx_gamesentertainment_dataset/images/games_679d63a380/2.jpg"", ""/content/drive/MyDrive/olx_gamesentertainment_dataset/images/games_679d63a380/3.jpg"", ""/content/drive/MyDrive/olx_gamesentertainment_dataset/images/games_679d63a380/4.jpg"", ""/content/drive/MyDrive/olx_gamesentertainment_dataset/images/games_679d63a380/5.jpg"", ""/content/drive/MyDrive/olx_gamesentertainment_dataset/images/games_679d63a380/6.jpg"", ""/content/drive/MyDrive/olx_gamesentertainment_dataset/images/games_679d63a380/7.jpg"", ""/content/drive/MyDrive/olx_gamesentertainment_dataset/images/games_679d63a380/8.jpg"", ""/content/drive/MyDrive/olx_gamesentertainment_dataset/images/games_679d63a380/9.jpg"", ""/content/drive/MyDrive/olx_gamesentertainment_dataset/images/games_679d63a380/10.jpg"", ""/content/drive/MyDrive/olx_gamesentertainment_dataset/images/games_679d63a380/11.jpg"", ""/content/drive/MyDrive/olx_gamesentertainment_dataset/images/games_679d63a380/12.jpg"", ""/content/drive/MyDrive/olx_gamesentertainment_dataset/images/games_679d63a380/13.jpg"", ""/content/drive/MyDrive/olx_gamesentertainment_dataset/images/games_679d63a380/14.jpg""]",14,2025-12-08 05:35:14.803762
games_a90fe98b07,https://www.olx.in/item/games-entertainment-c93-ps5-for-sale-brand-new-with-f1-game-in-ulwe-navi-mumbai-iid-1827588823,PS5 for sale. Brand new With F1 Game,"Selling my PS5 console with Brand new condition. It's 15days old only. Not able to find time to play games that's why Selling. It's with F1 racing game cd with is worth 5.5k. I have all original accessories with it along with box. Don't try to bargening, price is fixed. - Games & Entertainment",48000,"[""/content/drive/MyDrive/olx_gamesentertainment_dataset/images/games_a90fe98b07/1.jpg"", ""/content/drive/MyDrive/olx_gamesentertainment_dataset/images/games_a90fe98b07/2.jpg"", ""/content/drive/MyDrive/olx_gamesentertainment_dataset/images/games_a90fe98b07/3.jpg"", ""/content/drive/MyDrive/olx_gamesentertainment_dataset/images/games_a90fe98b07/4.jpg"", ""/content/drive/MyDrive/olx_gamesentertainment_dataset/images/games_a90fe98b07/5.jpg"", ""/content/drive/MyDrive/olx_gamesentertainment_dataset/images/games_a90fe98b07/6.jpg"", ""/content/drive/MyDrive/olx_gamesentertainment_dataset/images/games_a90fe98b07/7.jpg"", ""/content/drive/MyDrive/olx_gamesentertainment_dataset/images/games_a90fe98b07/8.jpg"", ""/content/drive/MyDrive/olx_gamesentertainment_dataset/images/games_a90fe98b07/9.jpg"", ""/content/drive/MyDrive/olx_gamesentertainment_dataset/images/games_a90fe98b07/10.jpg"", ""/content/drive/MyDrive/olx_gamesentertainment_dataset/images/games_a90fe98b07/11.jpg"", ""/content/drive/MyDrive/olx_gamesentertainment_dataset/images/games_a90fe98b07/12.jpg"", ""/content/drive/MyDrive/olx_gamesentertainment_dataset/images/games_a90fe98b07/13.jpg"", ""/content/drive/MyDrive/olx_gamesentertainment_dataset/images/games_a90fe98b07/14.jpg""]",14,2025-12-08 05:35:27.249029
games_7fbb9ebb72,https://www.olx.in/item/games-entertainment-c93-video-game-r36-ultra-in-nava-bazar-karjan-iid-1828621894,Video game R36 ultra,Full hd screen 4 inches psp . video game.pc game.all 20000 game and 64 gb sd Card - Games & Entertainment,41500,"[""/content/drive/MyDrive/olx_gamesentertainment_dataset/images/games_7fbb9ebb72/1.jpg"", ""/content/drive/MyDrive/olx_gamesentertainment_dataset/images/games_7fbb9ebb72/2.jpg"", ""/content/drive/MyDrive/olx_gamesentertainment_dataset/images/games_7fbb9ebb72/3.jpg"", ""/content/drive/MyDrive/olx_gamesentertainment_dataset/images/games_7fbb9ebb72/4.jpg"", ""/content/drive/MyDrive/olx_gamesentertainment_dataset/images/games_7fbb9ebb72/5.jpg"", ""/content/drive/MyDrive/olx_gamesentertainment_dataset/images/games_7fbb9ebb72/6.jpg"", ""/content/drive/MyDrive/olx_gamesentertainment_dataset/images/games_7fbb9ebb72/7.jpg"", ""/content/drive/MyDrive/olx_gamesentertainment_dataset/images/games_7fbb9ebb72/8.jpg"", ""/content/drive/MyDrive/olx_gamesentertainment_dataset/images/games_7fbb9ebb72/9.jpg"", ""/content/drive/MyDrive/olx_gamesentertainment_dataset/images/games_7fbb9ebb72/10.jpg"", ""/content/drive/MyDrive/olx_gamesentertainment_dataset/images/games_7fbb9ebb72/11.jpg"", ""/content/drive/MyDrive/olx_gamesentertainment_dataset/images/games_7fbb9ebb72/12.jpg"", ""/content/drive/MyDrive/olx_gamesentertainment_dataset/images/games_7fbb9ebb72/13.jpg"", ""/content/drive/MyDrive/olx_gamesentertainment_dataset/images/games_7fbb9ebb72/14.jpg""]",14,2025-12-08 05:35:38.249753
games_fe99510962,https://www.olx.in/item/games-entertainment-c93-ps-3-neat-condition-in-kareli-allahabad-iid-1827946459,PS 3 neat condition,"SONY PS 3, working smooth - Games & Entertainment",10000,"[""/content/drive/MyDrive/olx_gamesentertainment_dataset/images/games_fe99510962/1.jpg"", ""/content/drive/MyDrive/olx_gamesentertainment_dataset/images/games_fe99510962/2.jpg"", ""/content/drive/MyDrive/olx_gamesentertainment_dataset/images/games_fe99510962/3.jpg"", ""/content/drive/MyDrive/olx_gamesentertainment_dataset/images/games_fe99510962/4.jpg"", ""/content/drive/MyDrive/olx_gamesentertainment_dataset/images/games_fe99510962/5.jpg"", ""/content/drive/MyDrive/olx_gamesentertainment_dataset/images/games_fe99510962/6.jpg"", ""/content/drive/MyDrive/olx_gamesentertainment_dataset/images/games_fe99510962/7.jpg"", ""/content/drive/MyDrive/olx_gamesentertainment_dataset/images/games_fe99510962/8.jpg"", ""/content/drive/MyDrive/olx_gamesentertainment_dataset/images/games_fe99510962/9.jpg"", ""/content/drive/MyDrive/olx_gamesentertainment_dataset/images/games_fe99510962/10.jpg"", ""/content/drive/MyDrive/olx_gamesentertainment_dataset/images/games_fe99510962/11.jpg"", ""/content/drive/MyDrive/olx_gamesentertainment_dataset/images/games_fe99510962/12.jpg"", ""/content/drive/MyDrive/olx_gamesentertainment_dataset/images/games_fe99510962/13.jpg"", ""/content/drive/MyDrive/olx_gamesentertainment_dataset/images/games_fe99510962/14.jpg""]",14,2025-12-08 05:35:47.899596
games_e4dd5de079,https://www.olx.in/item/games-entertainment-c93-playstation-5-in-pudupet-chennai-iid-1828624547,PlayStation 5,Ps5 silm disc version Used 7 days Available with full box - Games & Entertainment,49000,"[""/content/drive/MyDrive/olx_gamesentertainment_dataset/images/games_e4dd5de079/1.jpg"", ""/content/drive/MyDrive/olx_gamesentertainment_dataset/images/games_e4dd5de079/2.jpg"", ""/content/drive/MyDrive/olx_gamesentertainment_dataset/images/games_e4dd5de079/3.jpg"", ""/content/drive/MyDrive/olx_gamesentertainment_dataset/images/games_e4dd5de079/4.jpg"", ""/content/drive/MyDrive/olx_gamesentertainment_dataset/images/games_e4dd5de079/5.jpg"", ""/content/drive/MyDrive/olx_gamesentertainment_dataset/images/games_e4dd5de079/6.jpg"", ""/content/drive/MyDrive/olx_gamesentertainment_dataset/images/games_e4dd5de079/7.jpg"", ""/content/drive/MyDrive/olx_gamesentertainment_dataset/images/games_e4dd5de079/8.jpg"", ""/content/drive/MyDrive/olx_gamesentertainment_dataset/images/games_e4dd5de079/9.jpg"", ""/content/drive/MyDrive/olx_gamesentertainment_dataset/images/games_e4dd5de079/10.jpg"", ""/content/drive/MyDrive/olx_gamesentertainment_dataset/images/games_e4dd5de079/11.jpg"", ""/content/drive/MyDrive/olx_gamesentertainment_dataset/images/games_e4dd5de079/12.jpg"", ""/content/drive/MyDrive/olx_gamesentertainment_dataset/images/games_e4dd5de079/13.jpg"", ""/content/drive/MyDrive/olx_gamesentertainment_dataset/images/games_e4dd5de079/14.jpg""]",14,2025-12-08 05:35:58.071247
games_a69811ce7e,https://www.olx.in/item/games-entertainment-c93-meta-quest-3s-virtual-reality-headset-128-gb-storage-in-metiaburuz-west-kolkata-iid-1828625013,Meta quest 3S virtual reality headset 128 gb storage,Mint condition 128gb storage 2month+ you will get 2+ month subscription and Batman Arkham shadow but not the account you can use my account. - Games & Entertainment,25999,"[""/content/drive/MyDrive/olx_gamesentertainment_dataset/images/games_a69811ce7e/1.jpg"", ""/content/drive/MyDrive/olx_gamesentertainment_dataset/images/games_a69811ce7e/2.jpg"", ""/content/drive/MyDrive/olx_gamesentertainment_dataset/images/games_a69811ce7e/3.jpg"", ""/content/drive/MyDrive/olx_gamesentertainment_dataset/images/games_a69811ce7e/4.jpg"", ""/content/drive/MyDrive/olx_gamesentertainment_dataset/images/games_a69811ce7e/5.jpg"", ""/content/drive/MyDrive/olx_gamesentertainment_dataset/images/games_a69811ce7e/6.jpg"", ""/content/drive/MyDrive/olx_gamesentertainment_dataset/images/games_a69811ce7e/7.jpg"", ""/content/drive/MyDrive/olx_gamesentertainment_dataset/images/games_a69811ce7e/8.jpg"", ""/content/drive/MyDrive/olx_gamesentertainment_dataset/images/games_a69811ce7e/9.jpg"", ""/content/drive/MyDrive/olx_gamesentertainment_dataset/images/games_a69811ce7e/10.jpg"", ""/content/drive/MyDrive/olx_gamesentertainment_dataset/images/games_a69811ce7e/11.jpg"", ""/content/drive/MyDrive/olx_gamesentertainment_dataset/images/games_a69811ce7e/12.jpg"", ""/content/drive/MyDrive/olx_gamesentertainment_dataset/images/games_a69811ce7e/13.jpg"", ""/content/drive/MyDrive/olx_gamesentertainment_dataset/images/games_a69811ce7e/14.jpg""]",14,2025-12-08 05:36:08.958933
games_0f667a526b,https://www.olx.in/item/games-entertainment-c93-psp-model-3000-in-hyderabad-telangana-iid-1828622235,Psp model 3000,Available in neat condition With box and charger No bill - Games & Entertainment,8500,"[""/content/drive/MyDrive/olx_gamesentertainment_dataset/images/games_0f667a526b/1.jpg"", ""/content/drive/MyDrive/olx_gamesentertainment_dataset/images/games_0f667a526b/2.jpg"", ""/content/drive/MyDrive/olx_gamesentertainment_dataset/images/games_0f667a526b/3.jpg"", ""/content/drive/MyDrive/olx_gamesentertainment_dataset/images/games_0f667a526b/4.jpg"", ""/content/drive/MyDrive/olx_gamesentertainment_dataset/images/games_0f667a526b/5.jpg"", ""/content/drive/MyDrive/olx_gamesentertainment_dataset/images/games_0f667a526b/6.jpg"", ""/content/drive/MyDrive/olx_gamesentertainment_dataset/images/games_0f667a526b/7.jpg"", ""/content/drive/MyDrive/olx_gamesentertainment_dataset/images/games_0f667a526b/8.jpg"", ""/content/drive/MyDrive/olx_gamesentertainment_dataset/images/games_0f667a526b/9.jpg"", ""/content/drive/MyDrive/olx_gamesentertainment_dataset/images/games_0f667a526b/10.jpg"", ""/content/drive/MyDrive/olx_gamesentertainment_dataset/images/games_0f667a526b/11.jpg"", ""/content/drive/MyDrive/olx_gamesentertainment_dataset/images/games_0f667a526b/12.jpg"", ""/content/drive/MyDrive/olx_gamesentertainment_dataset/images/games_0f667a526b/13.jpg"", ""/content/drive/MyDrive/olx_gamesentertainment_dataset/images/games_0f667a526b/14.jpg""]",14,2025-12-08 05:36:24.234303
games_71b0b68cd4,https://www.olx.in/item/games-entertainment-c93-all-pc-games-available-in-mahamana-puri-colony-varanasi-iid-1827856407,ALL PC GAMES AVAILABLE,"WE PROVIDE ALL PC GAMES IN CHEAP PRICE WITH BEST SERVICE WE PROVIDE GAME LIKE OPEN WORLD, ADVENTURE , FIGHTING , BATTLEGROUND etc. GENUINE & TRUSTED 100% - Games & Entertainment",200,"[""/content/drive/MyDrive/olx_gamesentertainment_dataset/images/games_71b0b68cd4/1.jpg"", ""/content/drive/MyDrive/olx_gamesentertainment_dataset/images/games_71b0b68cd4/2.jpg"", ""/content/drive/MyDrive/olx_gamesentertainment_dataset/images/games_71b0b68cd4/3.jpg"", ""/content/drive/MyDrive/olx_gamesentertainment_dataset/images/games_71b0b68cd4/4.jpg"", ""/content/drive/MyDrive/olx_gamesentertainment_dataset/images/games_71b0b68cd4/5.jpg"", ""/content/drive/MyDrive/olx_gamesentertainment_dataset/images/games_71b0b68cd4/6.jpg"", ""/content/drive/MyDrive/olx_gamesentertainment_dataset/images/games_71b0b68cd4/7.jpg"", ""/content/drive/MyDrive/olx_gamesentertainment_dataset/images/games_71b0b68cd4/8.jpg"", ""/content/drive/MyDrive/olx_gamesentertainment_dataset/images/games_71b0b68cd4/9.jpg"", ""/content/drive/MyDrive/olx_gamesentertainment_dataset/images/games_71b0b68cd4/10.jpg"", ""/content/drive/MyDrive/olx_gamesentertainment_dataset/images/games_71b0b68cd4/11.jpg"", ""/content/drive/MyDrive/olx_gamesentertainment_dataset/images/games_71b0b68cd4/12.jpg"", ""/content/drive/MyDrive/olx_gamesentertainment_dataset/images/games_71b0b68cd4/13.jpg"", ""/content/drive/MyDrive/olx_gamesentertainment_dataset/images/games_71b0b68cd4/14.jpg""]",14,2025-12-08 05:36:35.352382
games_c6f3c14371,https://www.olx.in/item/games-entertainment-c93-ps5-1tb-2-remotes-with-black-face-plate-extra-freebies-and-many-games-in-chillawan-lucknow-iid-1826487796,Ps5 1TB 2 Remotes with Black face plate extra freebies and Many Games,Selling Playstation 5 DIGI with 2 Controllers Black & White additional Skins for controllers and Silicone Covers And Ps5 High quality Plates Rarely to find included thumbs grips Included Extended triggers from brand included etc. Selling bcoz of travelling no time to use N Many New Titles Games are Included Like 1. Resident Evil 4 Remake 2. GOD of War 3. ⁠Black Myth: Wukong PS5 4. ⁠Tekken 7 5. The Last of Us Part I Remake 6. The Last of Us Part II Remastered 7. Ghost of Tsushima Director Cuts 8. Unravel TWO 9. Watch dog 2 10. ⁠Uncharted Legacy of thieves 11. ⁠Resident Evil 2 & 3 Remake 12. GTA V — — — ( And little more ) * Still in Warranty * Box and Every original Accessories Available And many More Direct contact me for further details. - Games & Entertainment,49500,"[""/content/drive/MyDrive/olx_gamesentertainment_dataset/images/games_c6f3c14371/1.jpg"", ""/content/drive/MyDrive/olx_gamesentertainment_dataset/images/games_c6f3c14371/2.jpg"", ""/content/drive/MyDrive/olx_gamesentertainment_dataset/images/games_c6f3c14371/3.jpg"", ""/content/drive/MyDrive/olx_gamesentertainment_dataset/images/games_c6f3c14371/4.jpg"", ""/content/drive/MyDrive/olx_gamesentertainment_dataset/images/games_c6f3c14371/5.jpg"", ""/content/drive/MyDrive/olx_gamesentertainment_dataset/images/games_c6f3c14371/6.jpg"", ""/content/drive/MyDrive/olx_gamesentertainment_dataset/images/games_c6f3c14371/7.jpg"", ""/content/drive/MyDrive/olx_gamesentertainment_dataset/images/games_c6f3c14371/8.jpg"", ""/content/drive/MyDrive/olx_gamesentertainment_dataset/images/games_c6f3c14371/9.jpg"", ""/content/drive/MyDrive/olx_gamesentertainment_dataset/images/games_c6f3c14371/10.jpg"", ""/content/drive/MyDrive/olx_gamesentertainment_dataset/images/games_c6f3c14371/11.jpg"", ""/content/drive/MyDrive/olx_gamesentertainment_dataset/images/games_c6f3c14371/12.jpg"", ""/content/drive/MyDrive/olx_gamesentertainment_dataset/images/games_c6f3c14371/13.jpg"", ""/content/drive/MyDrive/olx_gamesentertainment_dataset/images/games_c6f3c14371/14.jpg""]",14,2025-12-08 05:36:47.709604
games_09f10f0e33,https://www.olx.in/item/games-entertainment-c93-ps4-1tb-in-great-condition-in-rajiv-gandhi-colony-jodhpur-iid-1828621739,PS4 1TB in great condition,"Description: Selling my PS4 1TB in great condition. It works perfectly and has been used very lightly. Comes with: • PS4 controller • Call of Duty Black Ops 4 • Spiderman • Battlefield • A few other games included Ideal for anyone who wants a plug-and-play setup with popular titles already added. Price: ₹22,000 (slightly negotiable) - Games & Entertainment",22000,"[""/content/drive/MyDrive/olx_gamesentertainment_dataset/images/games_09f10f0e33/1.jpg"", ""/content/drive/MyDrive/olx_gamesentertainment_dataset/images/games_09f10f0e33/2.jpg"", ""/content/drive/MyDrive/olx_gamesentertainment_dataset/images/games_09f10f0e33/3.jpg"", ""/content/drive/MyDrive/olx_gamesentertainment_dataset/images/games_09f10f0e33/4.jpg"", ""/content/drive/MyDrive/olx_gamesentertainment_dataset/images/games_09f10f0e33/5.jpg"", ""/content/drive/MyDrive/olx_gamesentertainment_dataset/images/games_09f10f0e33/6.jpg"", ""/content/drive/MyDrive/olx_gamesentertainment_dataset/images/games_09f10f0e33/7.jpg"", ""/content/drive/MyDrive/olx_gamesentertainment_dataset/images/games_09f10f0e33/8.jpg"", ""/content/drive/MyDrive/olx_gamesentertainment_dataset/images/games_09f10f0e33/9.jpg"", ""/content/drive/MyDrive/olx_gamesentertainment_dataset/images/games_09f10f0e33/10.jpg"", ""/content/drive/MyDrive/olx_gamesentertainment_dataset/images/games_09f10f0e33/11.jpg"", ""/content/drive/MyDrive/olx_gamesentertainment_dataset/images/games_09f10f0e33/12.jpg"", ""/content/drive/MyDrive/olx_gamesentertainment_dataset/images/games_09f10f0e33/13.jpg"", ""/content/drive/MyDrive/olx_gamesentertainment_dataset/images/games_09f10f0e33/14.jpg""]",14,2025-12-08 05:36:57.014548
games_61cbca72ae,https://www.olx.in/item/games-entertainment-c93-rog-ally-x-like-new-purchased-june-2025-full-box-in-fraser-town-bengaluru-iid-1827408822,"ROG Ally X – Like New, Purchased June 2025 – Full Box",For Sale: ASUS ROG Ally X – Excellent Condition Purchased on 20/06/2025. Barely used and kept with full care. - Games & Entertainment,85000,"[""/content/drive/MyDrive/olx_gamesentertainment_dataset/images/games_61cbca72ae/1.jpg"", ""/content/drive/MyDrive/olx_gamesentertainment_dataset/images/games_61cbca72ae/2.jpg"", ""/content/drive/MyDrive/olx_gamesentertainment_dataset/images/games_61cbca72ae/3.jpg"", ""/content/drive/MyDrive/olx_gamesentertainment_dataset/images/games_61cbca72ae/4.jpg"", ""/content/drive/MyDrive/olx_gamesentertainment_dataset/images/games_61cbca72ae/5.jpg"", ""/content/drive/MyDrive/olx_gamesentertainment_dataset/images/games_61cbca72ae/6.jpg"", ""/content/drive/MyDrive/olx_gamesentertainment_dataset/images/games_61cbca72ae/7.jpg"", ""/content/drive/MyDrive/olx_gamesentertainment_dataset/images/games_61cbca72ae/8.jpg"", ""/content/drive/MyDrive/olx_gamesentertainment_dataset/images/games_61cbca72ae/9.jpg"", ""/content/drive/MyDrive/olx_gamesentertainment_dataset/images/games_61cbca72ae/10.jpg"", ""/content/drive/MyDrive/olx_gamesentertainment_dataset/images/games_61cbca72ae/11.jpg"", ""/content/drive/MyDrive/olx_gamesentertainment_dataset/images/games_61cbca72ae/12.jpg"", ""/content/drive/MyDrive/olx_gamesentertainment_dataset/images/games_61cbca72ae/13.jpg"", ""/content/drive/MyDrive/olx_gamesentertainment_dataset/images/games_61cbca72ae/14.jpg""]",14,2025-12-08 05:37:08.742009
games_266a6374e7,https://www.olx.in/item/games-entertainment-c93-350w-follow-spot-light-excellent-condition-ideal-for-stage-events-in-thanisandra-bengaluru-iid-1827647253,350W Follow Spot Light – Excellent Condition –Ideal for Stage & Events,"Selling my 350W Follow Spot Light in excellent working condition. Used only for 2 events, kept safely in storage. Gives a powerful, focused beam for stage shows, weddings, anchoring, and spotlight entries. Features: • 350W powerful spotlight • Long throw distance • Adjustable focus & dimmer • Smooth brightness control • Works perfectly – no issues • Ideal for DJs, event companies, and stage shows Condition: • Very well maintained • No dents or scratches • Tested recently – working 100% Reason for Selling: Upgrading to moving heads, not using this light much. Price: ₹16,000 (slightly negotiable) Serious buyers only. - Games & Entertainment",16000,"[""/content/drive/MyDrive/olx_gamesentertainment_dataset/images/games_266a6374e7/1.jpg"", ""/content/drive/MyDrive/olx_gamesentertainment_dataset/images/games_266a6374e7/2.jpg"", ""/content/drive/MyDrive/olx_gamesentertainment_dataset/images/games_266a6374e7/3.jpg"", ""/content/drive/MyDrive/olx_gamesentertainment_dataset/images/games_266a6374e7/4.jpg"", ""/content/drive/MyDrive/olx_gamesentertainment_dataset/images/games_266a6374e7/5.jpg"", ""/content/drive/MyDrive/olx_gamesentertainment_dataset/images/games_266a6374e7/6.jpg"", ""/content/drive/MyDrive/olx_gamesentertainment_dataset/images/games_266a6374e7/7.jpg"", ""/content/drive/MyDrive/olx_gamesentertainment_dataset/images/games_266a6374e7/8.jpg"", ""/content/drive/MyDrive/olx_gamesentertainment_dataset/images/games_266a6374e7/9.jpg"", ""/content/drive/MyDrive/olx_gamesentertainment_dataset/images/games_266a6374e7/10.jpg"", ""/content/drive/MyDrive/olx_gamesentertainment_dataset/images/games_266a6374e7/11.jpg"", ""/content/drive/MyDrive/olx_gamesentertainment_dataset/images/games_266a6374e7/12.jpg"", ""/content/drive/MyDrive/olx_gamesentertainment_dataset/images/games_266a6374e7/13.jpg"", ""/content/drive/MyDrive/olx_gamesentertainment_dataset/images/games_266a6374e7/14.jpg""]",14,2025-12-08 05:37:24.908318
games_70501732d8,https://www.olx.in/item/games-entertainment-c93-play-station-3-well-maintained-in-hasanabad-hyderabad-iid-1828620085,Play station 3 well maintained,"Play station 3 for sale in well maintained condition, inbuilt games (gta5,farcry, assassin creed, 20+ games) - Games & Entertainment",11999,"[""/content/drive/MyDrive/olx_gamesentertainment_dataset/images/games_70501732d8/1.jpg"", ""/content/drive/MyDrive/olx_gamesentertainment_dataset/images/games_70501732d8/2.jpg"", ""/content/drive/MyDrive/olx_gamesentertainment_dataset/images/games_70501732d8/3.jpg"", ""/content/drive/MyDrive/olx_gamesentertainment_dataset/images/games_70501732d8/4.jpg"", ""/content/drive/MyDrive/olx_gamesentertainment_dataset/images/games_70501732d8/5.jpg"", ""/content/drive/MyDrive/olx_gamesentertainment_dataset/images/games_70501732d8/6.jpg"", ""/content/drive/MyDrive/olx_gamesentertainment_dataset/images/games_70501732d8/7.jpg"", ""/content/drive/MyDrive/olx_gamesentertainment_dataset/images/games_70501732d8/8.jpg"", ""/content/drive/MyDrive/olx_gamesentertainment_dataset/images/games_70501732d8/9.jpg"", ""/content/drive/MyDrive/olx_gamesentertainment_dataset/images/games_70501732d8/10.jpg"", ""/content/drive/MyDrive/olx_gamesentertainment_dataset/images/games_70501732d8/11.jpg"", ""/content/drive/MyDrive/olx_gamesentertainment_dataset/images/games_70501732d8/12.jpg"", ""/content/drive/MyDrive/olx_gamesentertainment_dataset/images/games_70501732d8/13.jpg"", ""/content/drive/MyDrive/olx_gamesentertainment_dataset/images/games_70501732d8/14.jpg""]",14,2025-12-08 05:37:34.703956
games_68eb85a465,https://www.olx.in/item/games-entertainment-c93-orange-vr1-virtual-headset-in-tripunithura-kochi-iid-1816695035,Orange VR1 virtual headset,Unused in original condition - price negotiable - Games & Entertainment,900,"[""/content/drive/MyDrive/olx_gamesentertainment_dataset/images/games_68eb85a465/1.jpg"", ""/content/drive/MyDrive/olx_gamesentertainment_dataset/images/games_68eb85a465/2.jpg"", ""/content/drive/MyDrive/olx_gamesentertainment_dataset/images/games_68eb85a465/3.jpg"", ""/content/drive/MyDrive/olx_gamesentertainment_dataset/images/games_68eb85a465/4.jpg"", ""/content/drive/MyDrive/olx_gamesentertainment_dataset/images/games_68eb85a465/5.jpg"", ""/content/drive/MyDrive/olx_gamesentertainment_dataset/images/games_68eb85a465/6.jpg"", ""/content/drive/MyDrive/olx_gamesentertainment_dataset/images/games_68eb85a465/7.jpg"", ""/content/drive/MyDrive/olx_gamesentertainment_dataset/images/games_68eb85a465/8.jpg"", ""/content/drive/MyDrive/olx_gamesentertainment_dataset/images/games_68eb85a465/9.jpg"", ""/content/drive/MyDrive/olx_gamesentertainment_dataset/images/games_68eb85a465/10.jpg"", ""/content/drive/MyDrive/olx_gamesentertainment_dataset/images/games_68eb85a465/11.jpg"", ""/content/drive/MyDrive/olx_gamesentertainment_dataset/images/games_68eb85a465/12.jpg"", ""/content/drive/MyDrive/olx_gamesentertainment_dataset/images/games_68eb85a465/13.jpg"", ""/content/drive/MyDrive/olx_gamesentertainment_dataset/images/games_68eb85a465/14.jpg""]",14,2025-12-08 05:37:45.515504
games_7760a9ae15,https://www.olx.in/item/games-entertainment-c93-play-station-2-in-shambhu-nagar-aurangabad-iid-1828618288,PLAY STATION 2,1) BOX 2) 2 REMOTE'S 3) HDMI + HDMI CABLE 4) ETC CABLES 5)(ONLY NO MORE) - Games & Entertainment,8500,"[""/content/drive/MyDrive/olx_gamesentertainment_dataset/images/games_7760a9ae15/1.jpg"", ""/content/drive/MyDrive/olx_gamesentertainment_dataset/images/games_7760a9ae15/2.jpg"", ""/content/drive/MyDrive/olx_gamesentertainment_dataset/images/games_7760a9ae15/3.jpg"", ""/content/drive/MyDrive/olx_gamesentertainment_dataset/images/games_7760a9ae15/4.jpg"", ""/content/drive/MyDrive/olx_gamesentertainment_dataset/images/games_7760a9ae15/5.jpg"", ""/content/drive/MyDrive/olx_gamesentertainment_dataset/images/games_7760a9ae15/6.jpg"", ""/content/drive/MyDrive/olx_gamesentertainment_dataset/images/games_7760a9ae15/7.jpg"", ""/content/drive/MyDrive/olx_gamesentertainment_dataset/images/games_7760a9ae15/8.jpg"", ""/content/drive/MyDrive/olx_gamesentertainment_dataset/images/games_7760a9ae15/9.jpg"", ""/content/drive/MyDrive/olx_gamesentertainment_dataset/images/games_7760a9ae15/10.jpg"", ""/content/drive/MyDrive/olx_gamesentertainment_dataset/images/games_7760a9ae15/11.jpg"", ""/content/drive/MyDrive/olx_gamesentertainment_dataset/images/games_7760a9ae15/12.jpg"", ""/content/drive/MyDrive/olx_gamesentertainment_dataset/images/games_7760a9ae15/13.jpg"", ""/content/drive/MyDrive/olx_gamesentertainment_dataset/images/games_7760a9ae15/14.jpg""]",14,2025-12-08 05:37:55.228371
games_84417060a3,https://www.olx.in/item/games-entertainment-c93-i-want-to-sell-my-home-theater-in-naihati-kolkata-iid-1828617834,I want to sell my home theater,I want to sell my home theatre - Games & Entertainment,1999,"[""/content/drive/MyDrive/olx_gamesentertainment_dataset/images/games_84417060a3/1.jpg"", ""/content/drive/MyDrive/olx_gamesentertainment_dataset/images/games_84417060a3/2.jpg"", ""/content/drive/MyDrive/olx_gamesentertainment_dataset/images/games_84417060a3/3.jpg"", ""/content/drive/MyDrive/olx_gamesentertainment_dataset/images/games_84417060a3/4.jpg"", ""/content/drive/MyDrive/olx_gamesentertainment_dataset/images/games_84417060a3/5.jpg"", ""/content/drive/MyDrive/olx_gamesentertainment_dataset/images/games_84417060a3/6.jpg"", ""/content/drive/MyDrive/olx_gamesentertainment_dataset/images/games_84417060a3/7.jpg"", ""/content/drive/MyDrive/olx_gamesentertainment_dataset/images/games_84417060a3/8.jpg"", ""/content/drive/MyDrive/olx_gamesentertainment_dataset/images/games_84417060a3/9.jpg"", ""/content/drive/MyDrive/olx_gamesentertainment_dataset/images/games_84417060a3/10.jpg"", ""/content/drive/MyDrive/olx_gamesentertainment_dataset/images/games_84417060a3/11.jpg"", ""/content/drive/MyDrive/olx_gamesentertainment_dataset/images/games_84417060a3/12.jpg"", ""/content/drive/MyDrive/olx_gamesentertainment_dataset/images/games_84417060a3/13.jpg"", ""/content/drive/MyDrive/olx_gamesentertainment_dataset/images/games_84417060a3/14.jpg""]",14,2025-12-08 05:38:06.024976
games_f7f4c901e3,https://www.olx.in/item/games-entertainment-c93-velocity-helicopter-a-toy-rc-helicopter-in-padgha-padagha-iid-1828620282,Velocity helicopter a toy rc helicopter,I will sell this hele copter in half price - Games & Entertainment,1000,"[""/content/drive/MyDrive/olx_gamesentertainment_dataset/images/games_f7f4c901e3/1.jpg"", ""/content/drive/MyDrive/olx_gamesentertainment_dataset/images/games_f7f4c901e3/2.jpg"", ""/content/drive/MyDrive/olx_gamesentertainment_dataset/images/games_f7f4c901e3/3.jpg"", ""/content/drive/MyDrive/olx_gamesentertainment_dataset/images/games_f7f4c901e3/4.jpg"", ""/content/drive/MyDrive/olx_gamesentertainment_dataset/images/games_f7f4c901e3/5.jpg"", ""/content/drive/MyDrive/olx_gamesentertainment_dataset/images/games_f7f4c901e3/6.jpg"", ""/content/drive/MyDrive/olx_gamesentertainment_dataset/images/games_f7f4c901e3/7.jpg"", ""/content/drive/MyDrive/olx_gamesentertainment_dataset/images/games_f7f4c901e3/8.jpg"", ""/content/drive/MyDrive/olx_gamesentertainment_dataset/images/games_f7f4c901e3/9.jpg"", ""/content/drive/MyDrive/olx_gamesentertainment_dataset/images/games_f7f4c901e3/10.jpg"", ""/content/drive/MyDrive/olx_gamesentertainment_dataset/images/games_f7f4c901e3/11.jpg"", ""/content/drive/MyDrive/olx_gamesentertainment_dataset/images/games_f7f4c901e3/12.jpg"", ""/content/drive/MyDrive/olx_gamesentertainment_dataset/images/games_f7f4c901e3/13.jpg"", ""/content/drive/MyDrive/olx_gamesentertainment_dataset/images/games_f7f4c901e3/14.jpg""]",14,2025-12-08 05:38:17.312819
games_a434dd25c9,https://www.olx.in/item/games-entertainment-c93-rx-580-gpu-8-gb-vram-in-chauraha-chowk-amarpur-iid-1828618306,rx 580 gpu 8 gb vram,nice card performed well - Games & Entertainment,3800,"[""/content/drive/MyDrive/olx_gamesentertainment_dataset/images/games_a434dd25c9/1.jpg"", ""/content/drive/MyDrive/olx_gamesentertainment_dataset/images/games_a434dd25c9/2.jpg"", ""/content/drive/MyDrive/olx_gamesentertainment_dataset/images/games_a434dd25c9/3.jpg"", ""/content/drive/MyDrive/olx_gamesentertainment_dataset/images/games_a434dd25c9/4.jpg"", ""/content/drive/MyDrive/olx_gamesentertainment_dataset/images/games_a434dd25c9/5.jpg"", ""/content/drive/MyDrive/olx_gamesentertainment_dataset/images/games_a434dd25c9/6.jpg"", ""/content/drive/MyDrive/olx_gamesentertainment_dataset/images/games_a434dd25c9/7.jpg"", ""/content/drive/MyDrive/olx_gamesentertainment_dataset/images/games_a434dd25c9/8.jpg"", ""/content/drive/MyDrive/olx_gamesentertainment_dataset/images/games_a434dd25c9/9.jpg"", ""/content/drive/MyDrive/olx_gamesentertainment_dataset/images/games_a434dd25c9/10.jpg"", ""/content/drive/MyDrive/olx_gamesentertainment_dataset/images/games_a434dd25c9/11.jpg"", ""/content/drive/MyDrive/olx_gamesentertainment_dataset/images/games_a434dd25c9/12.jpg"", ""/content/drive/MyDrive/olx_gamesentertainment_dataset/images/games_a434dd25c9/13.jpg"", ""/content/drive/MyDrive/olx_gamesentertainment_dataset/images/games_a434dd25c9/14.jpg""]",14,2025-12-08 05:38:34.081602
games_3b94763e48,https://www.olx.in/item/games-entertainment-c93-sony-playstation-4-fat-with-games-in-govandi-mumbai-iid-1827138476,Sony PlayStation 4 Fat with games,I want to sell my Sony PS4 fat 9.00 With all accessories available 1tb storage 1 controller 16 games - Games & Entertainment,22500,"[""/content/drive/MyDrive/olx_gamesentertainment_dataset/images/games_3b94763e48/1.jpg"", ""/content/drive/MyDrive/olx_gamesentertainment_dataset/images/games_3b94763e48/2.jpg"", ""/content/drive/MyDrive/olx_gamesentertainment_dataset/images/games_3b94763e48/3.jpg"", ""/content/drive/MyDrive/olx_gamesentertainment_dataset/images/games_3b94763e48/4.jpg"", ""/content/drive/MyDrive/olx_gamesentertainment_dataset/images/games_3b94763e48/5.jpg"", ""/content/drive/MyDrive/olx_gamesentertainment_dataset/images/games_3b94763e48/6.jpg"", ""/content/drive/MyDrive/olx_gamesentertainment_dataset/images/games_3b94763e48/7.jpg"", ""/content/drive/MyDrive/olx_gamesentertainment_dataset/images/games_3b94763e48/8.jpg"", ""/content/drive/MyDrive/olx_gamesentertainment_dataset/images/games_3b94763e48/9.jpg"", ""/content/drive/MyDrive/olx_gamesentertainment_dataset/images/games_3b94763e48/10.jpg"", ""/content/drive/MyDrive/olx_gamesentertainment_dataset/images/games_3b94763e48/11.jpg"", ""/content/drive/MyDrive/olx_gamesentertainment_dataset/images/games_3b94763e48/12.jpg"", ""/content/drive/MyDrive/olx_gamesentertainment_dataset/images/games_3b94763e48/13.jpg"", ""/content/drive/MyDrive/olx_gamesentertainment_dataset/images/games_3b94763e48/14.jpg""]",14,2025-12-08 05:38:45.819425
games_dd0637b35d,https://www.olx.in/item/games-entertainment-c93-crons-zen-from-collective-minds-for-ps5-or-ps4-or-pc-in-dange-chowk-road-pune-iid-1825980468,Crons Zen from Collective Minds for PS5 or PS4 or PC,"Anti Recoil Aim assist DropShot M&N Any many more mods depending on the scripts you add or install for your game Note - Game scripts are free as well as chargeable too which can be bought in the market, no script will be provided with the device. I am playing daily with this on my PS5 for Rainbow 6 Seige, all the mods works like a charm. Price is non negotiable - Games & Entertainment",14000,"[""/content/drive/MyDrive/olx_gamesentertainment_dataset/images/games_dd0637b35d/1.jpg"", ""/content/drive/MyDrive/olx_gamesentertainment_dataset/images/games_dd0637b35d/2.jpg"", ""/content/drive/MyDrive/olx_gamesentertainment_dataset/images/games_dd0637b35d/3.jpg"", ""/content/drive/MyDrive/olx_gamesentertainment_dataset/images/games_dd0637b35d/4.jpg"", ""/content/drive/MyDrive/olx_gamesentertainment_dataset/images/games_dd0637b35d/5.jpg"", ""/content/drive/MyDrive/olx_gamesentertainment_dataset/images/games_dd0637b35d/6.jpg"", ""/content/drive/MyDrive/olx_gamesentertainment_dataset/images/games_dd0637b35d/7.jpg"", ""/content/drive/MyDrive/olx_gamesentertainment_dataset/images/games_dd0637b35d/8.jpg"", ""/content/drive/MyDrive/olx_gamesentertainment_dataset/images/games_dd0637b35d/9.jpg"", ""/content/drive/MyDrive/olx_gamesentertainment_dataset/images/games_dd0637b35d/10.jpg"", ""/content/drive/MyDrive/olx_gamesentertainment_dataset/images/games_dd0637b35d/11.jpg"", ""/content/drive/MyDrive/olx_gamesentertainment_dataset/images/games_dd0637b35d/12.jpg"", ""/content/drive/MyDrive/olx_gamesentertainment_dataset/images/games_dd0637b35d/13.jpg"", ""/content/drive/MyDrive/olx_gamesentertainment_dataset/images/games_dd0637b35d/14.jpg""]",14,2025-12-08 05:39:07.024428
games_90b8c28cae,https://www.olx.in/item/games-entertainment-c93-dji-mini-3-with-rc-led-display-controller-in-chinchwad-pune-iid-1828618813,Dji mini 3 with rc led display controller,Dji mini 3 recently purchased in sep all new not single scratch - Games & Entertainment,60000,"[""/content/drive/MyDrive/olx_gamesentertainment_dataset/images/games_90b8c28cae/1.jpg"", ""/content/drive/MyDrive/olx_gamesentertainment_dataset/images/games_90b8c28cae/2.jpg"", ""/content/drive/MyDrive/olx_gamesentertainment_dataset/images/games_90b8c28cae/3.jpg"", ""/content/drive/MyDrive/olx_gamesentertainment_dataset/images/games_90b8c28cae/4.jpg"", ""/content/drive/MyDrive/olx_gamesentertainment_dataset/images/games_90b8c28cae/5.jpg"", ""/content/drive/MyDrive/olx_gamesentertainment_dataset/images/games_90b8c28cae/6.jpg"", ""/content/drive/MyDrive/olx_gamesentertainment_dataset/images/games_90b8c28cae/7.jpg"", ""/content/drive/MyDrive/olx_gamesentertainment_dataset/images/games_90b8c28cae/8.jpg"", ""/content/drive/MyDrive/olx_gamesentertainment_dataset/images/games_90b8c28cae/9.jpg"", ""/content/drive/MyDrive/olx_gamesentertainment_dataset/images/games_90b8c28cae/10.jpg"", ""/content/drive/MyDrive/olx_gamesentertainment_dataset/images/games_90b8c28cae/11.jpg"", ""/content/drive/MyDrive/olx_gamesentertainment_dataset/images/games_90b8c28cae/12.jpg"", ""/content/drive/MyDrive/olx_gamesentertainment_dataset/images/games_90b8c28cae/13.jpg"", ""/content/drive/MyDrive/olx_gamesentertainment_dataset/images/games_90b8c28cae/14.jpg""]",14,2025-12-08 05:39:16.956965
games_2a4508c616,https://www.olx.in/item/games-entertainment-c93-organkeyboard-casio-in-karickode-mulamthuruthy-iid-1828356124,Organ(keyboard) CASIO,Neat and clean condition Less used no damage Casio brand - Games & Entertainment,5000,"[""/content/drive/MyDrive/olx_gamesentertainment_dataset/images/games_2a4508c616/1.jpg"", ""/content/drive/MyDrive/olx_gamesentertainment_dataset/images/games_2a4508c616/2.jpg"", ""/content/drive/MyDrive/olx_gamesentertainment_dataset/images/games_2a4508c616/3.jpg"", ""/content/drive/MyDrive/olx_gamesentertainment_dataset/images/games_2a4508c616/4.jpg"", ""/content/drive/MyDrive/olx_gamesentertainment_dataset/images/games_2a4508c616/5.jpg"", ""/content/drive/MyDrive/olx_gamesentertainment_dataset/images/games_2a4508c616/6.jpg"", ""/content/drive/MyDrive/olx_gamesentertainment_dataset/images/games_2a4508c616/7.jpg"", ""/content/drive/MyDrive/olx_gamesentertainment_dataset/images/games_2a4508c616/8.jpg"", ""/content/drive/MyDrive/olx_gamesentertainment_dataset/images/games_2a4508c616/9.jpg"", ""/content/drive/MyDrive/olx_gamesentertainment_dataset/images/games_2a4508c616/10.jpg"", ""/content/drive/MyDrive/olx_gamesentertainment_dataset/images/games_2a4508c616/11.jpg"", ""/content/drive/MyDrive/olx_gamesentertainment_dataset/images/games_2a4508c616/12.jpg"", ""/content/drive/MyDrive/olx_gamesentertainment_dataset/images/games_2a4508c616/13.jpg"", ""/content/drive/MyDrive/olx_gamesentertainment_dataset/images/games_2a4508c616/14.jpg""]",14,2025-12-08 05:39:27.098962
games_12baca2c7f,https://www.olx.in/item/games-entertainment-c93-playstation-4-in-gurbax-colony-kalka-iid-1828616853,Playstation 4,"Playstation 4 1TB Slim Edition With GTA 5 ,box, controller and all cables - Games & Entertainment",19000,"[""/content/drive/MyDrive/olx_gamesentertainment_dataset/images/games_12baca2c7f/1.jpg"", ""/content/drive/MyDrive/olx_gamesentertainment_dataset/images/games_12baca2c7f/2.jpg"", ""/content/drive/MyDrive/olx_gamesentertainment_dataset/images/games_12baca2c7f/3.jpg"", ""/content/drive/MyDrive/olx_gamesentertainment_dataset/images/games_12baca2c7f/4.jpg"", ""/content/drive/MyDrive/olx_gamesentertainment_dataset/images/games_12baca2c7f/5.jpg"", ""/content/drive/MyDrive/olx_gamesentertainment_dataset/images/games_12baca2c7f/6.jpg"", ""/content/drive/MyDrive/olx_gamesentertainment_dataset/images/games_12baca2c7f/7.jpg"", ""/content/drive/MyDrive/olx_gamesentertainment_dataset/images/games_12baca2c7f/8.jpg"", ""/content/drive/MyDrive/olx_gamesentertainment_dataset/images/games_12baca2c7f/9.jpg"", ""/content/drive/MyDrive/olx_gamesentertainment_dataset/images/games_12baca2c7f/10.jpg"", ""/content/drive/MyDrive/olx_gamesentertainment_dataset/images/games_12baca2c7f/11.jpg"", ""/content/drive/MyDrive/olx_gamesentertainment_dataset/images/games_12baca2c7f/12.jpg"", ""/content/drive/MyDrive/olx_gamesentertainment_dataset/images/games_12baca2c7f/13.jpg"", ""/content/drive/MyDrive/olx_gamesentertainment_dataset/images/games_12baca2c7f/14.jpg""]",14,2025-12-08 05:39:36.515468
games_6efd6aae42,https://www.olx.in/item/games-entertainment-c93-playstion-5-digital-edition-1tb-in-sector-79-gurgaon-iid-1826062651,Playstion 5 - Digital Edition 1TB,Playstation 5 - Digital Edition (Slim) I have 2 remotes. The Stock White Remote And A Red Remote With 1 Remote- ₹33000 With 2 Remotes - ₹36000 Warranty expired in July 2025 Not used it much. So it's in Mint Condition. With Box and Bill. Prices can be negotiated. Not much though!! - Games & Entertainment,33000,"[""/content/drive/MyDrive/olx_gamesentertainment_dataset/images/games_6efd6aae42/1.jpg"", ""/content/drive/MyDrive/olx_gamesentertainment_dataset/images/games_6efd6aae42/2.jpg"", ""/content/drive/MyDrive/olx_gamesentertainment_dataset/images/games_6efd6aae42/3.jpg"", ""/content/drive/MyDrive/olx_gamesentertainment_dataset/images/games_6efd6aae42/4.jpg"", ""/content/drive/MyDrive/olx_gamesentertainment_dataset/images/games_6efd6aae42/5.jpg"", ""/content/drive/MyDrive/olx_gamesentertainment_dataset/images/games_6efd6aae42/6.jpg"", ""/content/drive/MyDrive/olx_gamesentertainment_dataset/images/games_6efd6aae42/7.jpg"", ""/content/drive/MyDrive/olx_gamesentertainment_dataset/images/games_6efd6aae42/8.jpg"", ""/content/drive/MyDrive/olx_gamesentertainment_dataset/images/games_6efd6aae42/9.jpg"", ""/content/drive/MyDrive/olx_gamesentertainment_dataset/images/games_6efd6aae42/10.jpg"", ""/content/drive/MyDrive/olx_gamesentertainment_dataset/images/games_6efd6aae42/11.jpg"", ""/content/drive/MyDrive/olx_gamesentertainment_dataset/images/games_6efd6aae42/12.jpg"", ""/content/drive/MyDrive/olx_gamesentertainment_dataset/images/games_6efd6aae42/13.jpg"", ""/content/drive/MyDrive/olx_gamesentertainment_dataset/images/games_6efd6aae42/14.jpg""]",14,2025-12-08 05:39:54.584659
games_a59539c2b5,https://www.olx.in/item/games-entertainment-c93-lg-dvd-player-in-civil-lines-bareilly-iid-1804625543,Lg DVD player,Worth buying product completely new. Multiplayback Dual disc playback 5.1 ch surrounding sound JPEG slideshow with MP3 play JPEG viewer Quick play Volume control - Games & Entertainment,3990,"[""/content/drive/MyDrive/olx_gamesentertainment_dataset/images/games_a59539c2b5/1.jpg"", ""/content/drive/MyDrive/olx_gamesentertainment_dataset/images/games_a59539c2b5/2.jpg"", ""/content/drive/MyDrive/olx_gamesentertainment_dataset/images/games_a59539c2b5/3.jpg"", ""/content/drive/MyDrive/olx_gamesentertainment_dataset/images/games_a59539c2b5/4.jpg"", ""/content/drive/MyDrive/olx_gamesentertainment_dataset/images/games_a59539c2b5/5.jpg"", ""/content/drive/MyDrive/olx_gamesentertainment_dataset/images/games_a59539c2b5/6.jpg"", ""/content/drive/MyDrive/olx_gamesentertainment_dataset/images/games_a59539c2b5/7.jpg"", ""/content/drive/MyDrive/olx_gamesentertainment_dataset/images/games_a59539c2b5/8.jpg"", ""/content/drive/MyDrive/olx_gamesentertainment_dataset/images/games_a59539c2b5/9.jpg"", ""/content/drive/MyDrive/olx_gamesentertainment_dataset/images/games_a59539c2b5/10.jpg"", ""/content/drive/MyDrive/olx_gamesentertainment_dataset/images/games_a59539c2b5/11.jpg"", ""/content/drive/MyDrive/olx_gamesentertainment_dataset/images/games_a59539c2b5/12.jpg"", ""/content/drive/MyDrive/olx_gamesentertainment_dataset/images/games_a59539c2b5/13.jpg"", ""/content/drive/MyDrive/olx_gamesentertainment_dataset/images/games_a59539c2b5/14.jpg""]",14,2025-12-08 05:40:05.739650
games_332356b2ba,https://www.olx.in/item/games-entertainment-c93-ps5-dualsense-controller-black-in-shanthi-nagar-bengaluru-iid-1828618854,PS5 DualSense Controller (Black),"Selling my Black PS5 DualSense controller in excellent condition. Used very rarely and looks/works just like new. No scratches, no drift, no issues at all. ・Original DualSense PS5 Controller ・Clean & well maintained ・All buttons, triggers & haptics working perfectly ・Ideal for backup controller or multiplayer gaming Reason for selling: Not using it much. - Games & Entertainment",4500,"[""/content/drive/MyDrive/olx_gamesentertainment_dataset/images/games_332356b2ba/1.jpg"", ""/content/drive/MyDrive/olx_gamesentertainment_dataset/images/games_332356b2ba/2.jpg"", ""/content/drive/MyDrive/olx_gamesentertainment_dataset/images/games_332356b2ba/3.jpg"", ""/content/drive/MyDrive/olx_gamesentertainment_dataset/images/games_332356b2ba/4.jpg"", ""/content/drive/MyDrive/olx_gamesentertainment_dataset/images/games_332356b2ba/5.jpg"", ""/content/drive/MyDrive/olx_gamesentertainment_dataset/images/games_332356b2ba/6.jpg"", ""/content/drive/MyDrive/olx_gamesentertainment_dataset/images/games_332356b2ba/7.jpg"", ""/content/drive/MyDrive/olx_gamesentertainment_dataset/images/games_332356b2ba/8.jpg"", ""/content/drive/MyDrive/olx_gamesentertainment_dataset/images/games_332356b2ba/9.jpg"", ""/content/drive/MyDrive/olx_gamesentertainment_dataset/images/games_332356b2ba/10.jpg"", ""/content/drive/MyDrive/olx_gamesentertainment_dataset/images/games_332356b2ba/11.jpg"", ""/content/drive/MyDrive/olx_gamesentertainment_dataset/images/games_332356b2ba/12.jpg"", ""/content/drive/MyDrive/olx_gamesentertainment_dataset/images/games_332356b2ba/13.jpg"", ""/content/drive/MyDrive/olx_gamesentertainment_dataset/images/games_332356b2ba/14.jpg""]",14,2025-12-08 05:40:17.738766
games_30c56f67d2,https://www.olx.in/item/games-entertainment-c93-xbox360-with-18-games-in-sector-9a-gurgaon-iid-1827194333,Xbox360 with 18 games,But without controller - Games & Entertainment,5000,"[""/content/drive/MyDrive/olx_gamesentertainment_dataset/images/games_30c56f67d2/1.jpg"", ""/content/drive/MyDrive/olx_gamesentertainment_dataset/images/games_30c56f67d2/2.jpg"", ""/content/drive/MyDrive/olx_gamesentertainment_dataset/images/games_30c56f67d2/3.jpg"", ""/content/drive/MyDrive/olx_gamesentertainment_dataset/images/games_30c56f67d2/4.jpg"", ""/content/drive/MyDrive/olx_gamesentertainment_dataset/images/games_30c56f67d2/5.jpg"", ""/content/drive/MyDrive/olx_gamesentertainment_dataset/images/games_30c56f67d2/6.jpg"", ""/content/drive/MyDrive/olx_gamesentertainment_dataset/images/games_30c56f67d2/7.jpg"", ""/content/drive/MyDrive/olx_gamesentertainment_dataset/images/games_30c56f67d2/8.jpg"", ""/content/drive/MyDrive/olx_gamesentertainment_dataset/images/games_30c56f67d2/9.jpg"", ""/content/drive/MyDrive/olx_gamesentertainment_dataset/images/games_30c56f67d2/10.jpg"", ""/content/drive/MyDrive/olx_gamesentertainment_dataset/images/games_30c56f67d2/11.jpg"", ""/content/drive/MyDrive/olx_gamesentertainment_dataset/images/games_30c56f67d2/12.jpg"", ""/content/drive/MyDrive/olx_gamesentertainment_dataset/images/games_30c56f67d2/13.jpg"", ""/content/drive/MyDrive/olx_gamesentertainment_dataset/images/games_30c56f67d2/14.jpg""]",14,2025-12-08 05:40:37.373591
games_1756cee1e0,https://www.olx.in/item/games-entertainment-c93-vr-box-3d-game-rollercoster-nature-in-sant-kabir-bettiah-iid-1828617403,Vr box 3d game rollercoster nature,Vr box are sell - Games & Entertainment,1200,"[""/content/drive/MyDrive/olx_gamesentertainment_dataset/images/games_1756cee1e0/1.jpg"", ""/content/drive/MyDrive/olx_gamesentertainment_dataset/images/games_1756cee1e0/2.jpg"", ""/content/drive/MyDrive/olx_gamesentertainment_dataset/images/games_1756cee1e0/3.jpg"", ""/content/drive/MyDrive/olx_gamesentertainment_dataset/images/games_1756cee1e0/4.jpg"", ""/content/drive/MyDrive/olx_gamesentertainment_dataset/images/games_1756cee1e0/5.jpg"", ""/content/drive/MyDrive/olx_gamesentertainment_dataset/images/games_1756cee1e0/6.jpg"", ""/content/drive/MyDrive/olx_gamesentertainment_dataset/images/games_1756cee1e0/7.jpg"", ""/content/drive/MyDrive/olx_gamesentertainment_dataset/images/games_1756cee1e0/8.jpg"", ""/content/drive/MyDrive/olx_gamesentertainment_dataset/images/games_1756cee1e0/9.jpg"", ""/content/drive/MyDrive/olx_gamesentertainment_dataset/images/games_1756cee1e0/10.jpg"", ""/content/drive/MyDrive/olx_gamesentertainment_dataset/images/games_1756cee1e0/11.jpg"", ""/content/drive/MyDrive/olx_gamesentertainment_dataset/images/games_1756cee1e0/12.jpg"", ""/content/drive/MyDrive/olx_gamesentertainment_dataset/images/games_1756cee1e0/13.jpg"", ""/content/drive/MyDrive/olx_gamesentertainment_dataset/images/games_1756cee1e0/14.jpg""]",14,2025-12-08 05:40:46.941430
games_67955a4983,https://www.olx.in/item/games-entertainment-c93-death-stranding-2-expedition-33-in-kazikhera-kanpur-iid-1828621675,Death Stranding 2 & Expedition 33,"DS2 - 3,000 Exp 33 - 4,000 In mint condition, Exp 33 case slightly broken from bottom - Games & Entertainment",7000,"[""/content/drive/MyDrive/olx_gamesentertainment_dataset/images/games_67955a4983/1.jpg"", ""/content/drive/MyDrive/olx_gamesentertainment_dataset/images/games_67955a4983/2.jpg"", ""/content/drive/MyDrive/olx_gamesentertainment_dataset/images/games_67955a4983/3.jpg"", ""/content/drive/MyDrive/olx_gamesentertainment_dataset/images/games_67955a4983/4.jpg"", ""/content/drive/MyDrive/olx_gamesentertainment_dataset/images/games_67955a4983/5.jpg"", ""/content/drive/MyDrive/olx_gamesentertainment_dataset/images/games_67955a4983/6.jpg"", ""/content/drive/MyDrive/olx_gamesentertainment_dataset/images/games_67955a4983/7.jpg"", ""/content/drive/MyDrive/olx_gamesentertainment_dataset/images/games_67955a4983/8.jpg"", ""/content/drive/MyDrive/olx_gamesentertainment_dataset/images/games_67955a4983/9.jpg"", ""/content/drive/MyDrive/olx_gamesentertainment_dataset/images/games_67955a4983/10.jpg"", ""/content/drive/MyDrive/olx_gamesentertainment_dataset/images/games_67955a4983/11.jpg"", ""/content/drive/MyDrive/olx_gamesentertainment_dataset/images/games_67955a4983/12.jpg"", ""/content/drive/MyDrive/olx_gamesentertainment_dataset/images/games_67955a4983/13.jpg"", ""/content/drive/MyDrive/olx_gamesentertainment_dataset/images/games_67955a4983/14.jpg""]",14,2025-12-08 05:40:56.859727
games_5d12ca4b84,https://www.olx.in/item/games-entertainment-c93-smooth-and-feature-gamepad-in-chikbanavara-bengaluru-iid-1828406362,Smooth and feature gamepad,up to 2.5k negotiable dm - Games & Entertainment,2500,"[""/content/drive/MyDrive/olx_gamesentertainment_dataset/images/games_5d12ca4b84/1.jpg"", ""/content/drive/MyDrive/olx_gamesentertainment_dataset/images/games_5d12ca4b84/2.jpg"", ""/content/drive/MyDrive/olx_gamesentertainment_dataset/images/games_5d12ca4b84/3.jpg"", ""/content/drive/MyDrive/olx_gamesentertainment_dataset/images/games_5d12ca4b84/4.jpg"", ""/content/drive/MyDrive/olx_gamesentertainment_dataset/images/games_5d12ca4b84/5.jpg"", ""/content/drive/MyDrive/olx_gamesentertainment_dataset/images/games_5d12ca4b84/6.jpg"", ""/content/drive/MyDrive/olx_gamesentertainment_dataset/images/games_5d12ca4b84/7.jpg"", ""/content/drive/MyDrive/olx_gamesentertainment_dataset/images/games_5d12ca4b84/8.jpg"", ""/content/drive/MyDrive/olx_gamesentertainment_dataset/images/games_5d12ca4b84/9.jpg"", ""/content/drive/MyDrive/olx_gamesentertainment_dataset/images/games_5d12ca4b84/10.jpg"", ""/content/drive/MyDrive/olx_gamesentertainment_dataset/images/games_5d12ca4b84/11.jpg"", ""/content/drive/MyDrive/olx_gamesentertainment_dataset/images/games_5d12ca4b84/12.jpg"", ""/content/drive/MyDrive/olx_gamesentertainment_dataset/images/games_5d12ca4b84/13.jpg"", ""/content/drive/MyDrive/olx_gamesentertainment_dataset/images/games_5d12ca4b84/14.jpg""]",14,2025-12-08 05:41:22.982855
games_4751bb4482,https://www.olx.in/item/games-entertainment-c93-marshall-tufton-in-sector-149-noida-iid-1826271909,Marshall Tufton,"With bill Mint condition 2023 model , complete battery backup till date. - Games & Entertainment",25000,"[""/content/drive/MyDrive/olx_gamesentertainment_dataset/images/games_4751bb4482/1.jpg"", ""/content/drive/MyDrive/olx_gamesentertainment_dataset/images/games_4751bb4482/2.jpg"", ""/content/drive/MyDrive/olx_gamesentertainment_dataset/images/games_4751bb4482/3.jpg"", ""/content/drive/MyDrive/olx_gamesentertainment_dataset/images/games_4751bb4482/4.jpg"", ""/content/drive/MyDrive/olx_gamesentertainment_dataset/images/games_4751bb4482/5.jpg"", ""/content/drive/MyDrive/olx_gamesentertainment_dataset/images/games_4751bb4482/6.jpg"", ""/content/drive/MyDrive/olx_gamesentertainment_dataset/images/games_4751bb4482/7.jpg"", ""/content/drive/MyDrive/olx_gamesentertainment_dataset/images/games_4751bb4482/8.jpg"", ""/content/drive/MyDrive/olx_gamesentertainment_dataset/images/games_4751bb4482/9.jpg"", ""/content/drive/MyDrive/olx_gamesentertainment_dataset/images/games_4751bb4482/10.jpg"", ""/content/drive/MyDrive/olx_gamesentertainment_dataset/images/games_4751bb4482/11.jpg"", ""/content/drive/MyDrive/olx_gamesentertainment_dataset/images/games_4751bb4482/12.jpg"", ""/content/drive/MyDrive/olx_gamesentertainment_dataset/images/games_4751bb4482/13.jpg"", ""/content/drive/MyDrive/olx_gamesentertainment_dataset/images/games_4751bb4482/14.jpg""]",14,2025-12-08 05:41:33.924145
games_9919854ac5,https://www.olx.in/item/games-entertainment-c93-nintendo-switch-lite-for-sale-in-puppal-guda-hyderabad-iid-1828618048,Nintendo Switch Lite for Sale,"Condition: Excellent, well-maintained Model: Nintendo Switch Lite Storage: 128GB microSD included Extras: Protective case + screen protector Notes: • Console has been customized for enhanced personal use. • 128GB microSD card included for extra storage. - Games & Entertainment",16000,"[""/content/drive/MyDrive/olx_gamesentertainment_dataset/images/games_9919854ac5/1.jpg"", ""/content/drive/MyDrive/olx_gamesentertainment_dataset/images/games_9919854ac5/2.jpg"", ""/content/drive/MyDrive/olx_gamesentertainment_dataset/images/games_9919854ac5/3.jpg"", ""/content/drive/MyDrive/olx_gamesentertainment_dataset/images/games_9919854ac5/4.jpg"", ""/content/drive/MyDrive/olx_gamesentertainment_dataset/images/games_9919854ac5/5.jpg"", ""/content/drive/MyDrive/olx_gamesentertainment_dataset/images/games_9919854ac5/6.jpg"", ""/content/drive/MyDrive/olx_gamesentertainment_dataset/images/games_9919854ac5/7.jpg"", ""/content/drive/MyDrive/olx_gamesentertainment_dataset/images/games_9919854ac5/8.jpg"", ""/content/drive/MyDrive/olx_gamesentertainment_dataset/images/games_9919854ac5/9.jpg"", ""/content/drive/MyDrive/olx_gamesentertainment_dataset/images/games_9919854ac5/10.jpg"", ""/content/drive/MyDrive/olx_gamesentertainment_dataset/images/games_9919854ac5/11.jpg"", ""/content/drive/MyDrive/olx_gamesentertainment_dataset/images/games_9919854ac5/12.jpg"", ""/content/drive/MyDrive/olx_gamesentertainment_dataset/images/games_9919854ac5/13.jpg"", ""/content/drive/MyDrive/olx_gamesentertainment_dataset/images/games_9919854ac5/14.jpg""]",14,2025-12-08 05:41:42.365774
games_67dbf26dd3,https://www.olx.in/item/games-entertainment-c93-gaming-mouse-in-gidc-udyogi-nagar-anand-iid-1828616959,Gaming mouse,"Brand new Zebronics zeb marine gaming mouse (Purple), unused and in perfect condition at half the price. - Games & Entertainment",489,"[""/content/drive/MyDrive/olx_gamesentertainment_dataset/images/games_67dbf26dd3/1.jpg"", ""/content/drive/MyDrive/olx_gamesentertainment_dataset/images/games_67dbf26dd3/2.jpg"", ""/content/drive/MyDrive/olx_gamesentertainment_dataset/images/games_67dbf26dd3/3.jpg"", ""/content/drive/MyDrive/olx_gamesentertainment_dataset/images/games_67dbf26dd3/4.jpg"", ""/content/drive/MyDrive/olx_gamesentertainment_dataset/images/games_67dbf26dd3/5.jpg"", ""/content/drive/MyDrive/olx_gamesentertainment_dataset/images/games_67dbf26dd3/6.jpg"", ""/content/drive/MyDrive/olx_gamesentertainment_dataset/images/games_67dbf26dd3/7.jpg"", ""/content/drive/MyDrive/olx_gamesentertainment_dataset/images/games_67dbf26dd3/8.jpg"", ""/content/drive/MyDrive/olx_gamesentertainment_dataset/images/games_67dbf26dd3/9.jpg"", ""/content/drive/MyDrive/olx_gamesentertainment_dataset/images/games_67dbf26dd3/10.jpg"", ""/content/drive/MyDrive/olx_gamesentertainment_dataset/images/games_67dbf26dd3/11.jpg"", ""/content/drive/MyDrive/olx_gamesentertainment_dataset/images/games_67dbf26dd3/12.jpg"", ""/content/drive/MyDrive/olx_gamesentertainment_dataset/images/games_67dbf26dd3/13.jpg"", ""/content/drive/MyDrive/olx_gamesentertainment_dataset/images/games_67dbf26dd3/14.jpg""]",14,2025-12-08 05:41:53.566593
games_e4fe5265cf,https://www.olx.in/item/games-entertainment-c93-ps4-jilbroken-with-free-games-in-deva-road-lucknow-iid-1827971680,Ps4 J@ilbroken with free games,"This ps4 can play games without buying just download and play directly on console. It comes with all the cables and one controller. Also the games included are GTA 5 RDR 2 UNCHARTED 4 RESIDENT EVIL 4 REMAKE RESIDENT EVIL 2 REMAKE RESIDENT EVIL 8 RESIDENT EVIL 7 GOD OF WAR 1,3 AND 4 LAST OF US PART 2 TEKKEN 3 AND 7 - Games & Entertainment",23999,"[""/content/drive/MyDrive/olx_gamesentertainment_dataset/images/games_e4fe5265cf/1.jpg"", ""/content/drive/MyDrive/olx_gamesentertainment_dataset/images/games_e4fe5265cf/2.jpg"", ""/content/drive/MyDrive/olx_gamesentertainment_dataset/images/games_e4fe5265cf/3.jpg"", ""/content/drive/MyDrive/olx_gamesentertainment_dataset/images/games_e4fe5265cf/4.jpg"", ""/content/drive/MyDrive/olx_gamesentertainment_dataset/images/games_e4fe5265cf/5.jpg"", ""/content/drive/MyDrive/olx_gamesentertainment_dataset/images/games_e4fe5265cf/6.jpg"", ""/content/drive/MyDrive/olx_gamesentertainment_dataset/images/games_e4fe5265cf/7.jpg"", ""/content/drive/MyDrive/olx_gamesentertainment_dataset/images/games_e4fe5265cf/8.jpg"", ""/content/drive/MyDrive/olx_gamesentertainment_dataset/images/games_e4fe5265cf/9.jpg"", ""/content/drive/MyDrive/olx_gamesentertainment_dataset/images/games_e4fe5265cf/10.jpg"", ""/content/drive/MyDrive/olx_gamesentertainment_dataset/images/games_e4fe5265cf/11.jpg"", ""/content/drive/MyDrive/olx_gamesentertainment_dataset/images/games_e4fe5265cf/12.jpg"", ""/content/drive/MyDrive/olx_gamesentertainment_dataset/images/games_e4fe5265cf/13.jpg"", ""/content/drive/MyDrive/olx_gamesentertainment_dataset/images/games_e4fe5265cf/14.jpg""]",14,2025-12-08 05:42:02.624787
games_711705a05f,https://www.olx.in/item/games-entertainment-c93-sony-psp-3000-in-surudih-ocl-industrial-township-iid-1828616846,Sony PSP 3000,Working condition 50 games downloading - Games & Entertainment,5500,"[""/content/drive/MyDrive/olx_gamesentertainment_dataset/images/games_711705a05f/1.jpg"", ""/content/drive/MyDrive/olx_gamesentertainment_dataset/images/games_711705a05f/2.jpg"", ""/content/drive/MyDrive/olx_gamesentertainment_dataset/images/games_711705a05f/3.jpg"", ""/content/drive/MyDrive/olx_gamesentertainment_dataset/images/games_711705a05f/4.jpg"", ""/content/drive/MyDrive/olx_gamesentertainment_dataset/images/games_711705a05f/5.jpg"", ""/content/drive/MyDrive/olx_gamesentertainment_dataset/images/games_711705a05f/6.jpg"", ""/content/drive/MyDrive/olx_gamesentertainment_dataset/images/games_711705a05f/7.jpg"", ""/content/drive/MyDrive/olx_gamesentertainment_dataset/images/games_711705a05f/8.jpg"", ""/content/drive/MyDrive/olx_gamesentertainment_dataset/images/games_711705a05f/9.jpg"", ""/content/drive/MyDrive/olx_gamesentertainment_dataset/images/games_711705a05f/10.jpg"", ""/content/drive/MyDrive/olx_gamesentertainment_dataset/images/games_711705a05f/11.jpg"", ""/content/drive/MyDrive/olx_gamesentertainment_dataset/images/games_711705a05f/12.jpg"", ""/content/drive/MyDrive/olx_gamesentertainment_dataset/images/games_711705a05f/13.jpg"", ""/content/drive/MyDrive/olx_gamesentertainment_dataset/images/games_711705a05f/14.jpg""]",14,2025-12-08 05:42:13.501173
games_1979a5dfe3,https://www.olx.in/item/games-entertainment-c93-xbox-controller-black-in-kanakia-road-mumbai-iid-1828618018,Xbox Controller Black,Power A Xbox / PC Controller Black Bought 6 days Ago to play with friends but never used With Bill and Box. Its almost like a new one - Games & Entertainment,2000,"[""/content/drive/MyDrive/olx_gamesentertainment_dataset/images/games_1979a5dfe3/1.jpg"", ""/content/drive/MyDrive/olx_gamesentertainment_dataset/images/games_1979a5dfe3/2.jpg"", ""/content/drive/MyDrive/olx_gamesentertainment_dataset/images/games_1979a5dfe3/3.jpg"", ""/content/drive/MyDrive/olx_gamesentertainment_dataset/images/games_1979a5dfe3/4.jpg"", ""/content/drive/MyDrive/olx_gamesentertainment_dataset/images/games_1979a5dfe3/5.jpg"", ""/content/drive/MyDrive/olx_gamesentertainment_dataset/images/games_1979a5dfe3/6.jpg"", ""/content/drive/MyDrive/olx_gamesentertainment_dataset/images/games_1979a5dfe3/7.jpg"", ""/content/drive/MyDrive/olx_gamesentertainment_dataset/images/games_1979a5dfe3/8.jpg"", ""/content/drive/MyDrive/olx_gamesentertainment_dataset/images/games_1979a5dfe3/9.jpg"", ""/content/drive/MyDrive/olx_gamesentertainment_dataset/images/games_1979a5dfe3/10.jpg"", ""/content/drive/MyDrive/olx_gamesentertainment_dataset/images/games_1979a5dfe3/11.jpg"", ""/content/drive/MyDrive/olx_gamesentertainment_dataset/images/games_1979a5dfe3/12.jpg"", ""/content/drive/MyDrive/olx_gamesentertainment_dataset/images/games_1979a5dfe3/13.jpg"", ""/content/drive/MyDrive/olx_gamesentertainment_dataset/images/games_1979a5dfe3/14.jpg""]",14,2025-12-08 05:42:22.624805
games_7ec6387db7,https://www.olx.in/item/games-entertainment-c93-steam-deck-oled-limited-edition-white-in-parrys-george-town-chennai-iid-1828616831,Steam Deck OLED Limited Edition White,White Limited Edition Steam Deck OLED The OLED screen makes a real difference Amazing ergonomics - Games & Entertainment,30000,"[""/content/drive/MyDrive/olx_gamesentertainment_dataset/images/games_7ec6387db7/1.jpg"", ""/content/drive/MyDrive/olx_gamesentertainment_dataset/images/games_7ec6387db7/2.jpg"", ""/content/drive/MyDrive/olx_gamesentertainment_dataset/images/games_7ec6387db7/3.jpg"", ""/content/drive/MyDrive/olx_gamesentertainment_dataset/images/games_7ec6387db7/4.jpg"", ""/content/drive/MyDrive/olx_gamesentertainment_dataset/images/games_7ec6387db7/5.jpg"", ""/content/drive/MyDrive/olx_gamesentertainment_dataset/images/games_7ec6387db7/6.jpg"", ""/content/drive/MyDrive/olx_gamesentertainment_dataset/images/games_7ec6387db7/7.jpg"", ""/content/drive/MyDrive/olx_gamesentertainment_dataset/images/games_7ec6387db7/8.jpg"", ""/content/drive/MyDrive/olx_gamesentertainment_dataset/images/games_7ec6387db7/9.jpg"", ""/content/drive/MyDrive/olx_gamesentertainment_dataset/images/games_7ec6387db7/10.jpg"", ""/content/drive/MyDrive/olx_gamesentertainment_dataset/images/games_7ec6387db7/11.jpg"", ""/content/drive/MyDrive/olx_gamesentertainment_dataset/images/games_7ec6387db7/12.jpg"", ""/content/drive/MyDrive/olx_gamesentertainment_dataset/images/games_7ec6387db7/13.jpg"", ""/content/drive/MyDrive/olx_gamesentertainment_dataset/images/games_7ec6387db7/14.jpg""]",14,2025-12-08 05:42:33.465896
games_14bfa249d9,https://www.olx.in/item/games-entertainment-c93-best-gameing-pad-for-mobile-in-cpwd-quarters-nagpur-iid-1824815055,Best gameing pad for mobile,"Amkette evo gamepad pro 2 use for minecraft,gta vice city, gta san - Games & Entertainment",2200,"[""/content/drive/MyDrive/olx_gamesentertainment_dataset/images/games_14bfa249d9/1.jpg"", ""/content/drive/MyDrive/olx_gamesentertainment_dataset/images/games_14bfa249d9/2.jpg"", ""/content/drive/MyDrive/olx_gamesentertainment_dataset/images/games_14bfa249d9/3.jpg"", ""/content/drive/MyDrive/olx_gamesentertainment_dataset/images/games_14bfa249d9/4.jpg"", ""/content/drive/MyDrive/olx_gamesentertainment_dataset/images/games_14bfa249d9/5.jpg"", ""/content/drive/MyDrive/olx_gamesentertainment_dataset/images/games_14bfa249d9/6.jpg"", ""/content/drive/MyDrive/olx_gamesentertainment_dataset/images/games_14bfa249d9/7.jpg"", ""/content/drive/MyDrive/olx_gamesentertainment_dataset/images/games_14bfa249d9/8.jpg"", ""/content/drive/MyDrive/olx_gamesentertainment_dataset/images/games_14bfa249d9/9.jpg"", ""/content/drive/MyDrive/olx_gamesentertainment_dataset/images/games_14bfa249d9/10.jpg"", ""/content/drive/MyDrive/olx_gamesentertainment_dataset/images/games_14bfa249d9/11.jpg"", ""/content/drive/MyDrive/olx_gamesentertainment_dataset/images/games_14bfa249d9/12.jpg"", ""/content/drive/MyDrive/olx_gamesentertainment_dataset/images/games_14bfa249d9/13.jpg"", ""/content/drive/MyDrive/olx_gamesentertainment_dataset/images/games_14bfa249d9/14.jpg""]",14,2025-12-08 05:42:42.425553
games_65cd69ea99,https://www.olx.in/item/games-entertainment-c93-steam-deck-transparent-limited-edition-oled-1tb-valve-in-vazhuthacaud-thiruvananthapuram-iid-1828617392,Steam Deck Transparent Limited Edition OLED 1TB Valve,Handheld Console Gabeboy - Games & Entertainment,30000,"[""/content/drive/MyDrive/olx_gamesentertainment_dataset/images/games_65cd69ea99/1.jpg"", ""/content/drive/MyDrive/olx_gamesentertainment_dataset/images/games_65cd69ea99/2.jpg"", ""/content/drive/MyDrive/olx_gamesentertainment_dataset/images/games_65cd69ea99/3.jpg"", ""/content/drive/MyDrive/olx_gamesentertainment_dataset/images/games_65cd69ea99/4.jpg"", ""/content/drive/MyDrive/olx_gamesentertainment_dataset/images/games_65cd69ea99/5.jpg"", ""/content/drive/MyDrive/olx_gamesentertainment_dataset/images/games_65cd69ea99/6.jpg"", ""/content/drive/MyDrive/olx_gamesentertainment_dataset/images/games_65cd69ea99/7.jpg"", ""/content/drive/MyDrive/olx_gamesentertainment_dataset/images/games_65cd69ea99/8.jpg"", ""/content/drive/MyDrive/olx_gamesentertainment_dataset/images/games_65cd69ea99/9.jpg"", ""/content/drive/MyDrive/olx_gamesentertainment_dataset/images/games_65cd69ea99/10.jpg"", ""/content/drive/MyDrive/olx_gamesentertainment_dataset/images/games_65cd69ea99/11.jpg"", ""/content/drive/MyDrive/olx_gamesentertainment_dataset/images/games_65cd69ea99/12.jpg"", ""/content/drive/MyDrive/olx_gamesentertainment_dataset/images/games_65cd69ea99/13.jpg"", ""/content/drive/MyDrive/olx_gamesentertainment_dataset/images/games_65cd69ea99/14.jpg""]",14,2025-12-08 05:42:53.319071
games_e867fa709d,https://www.olx.in/item/games-entertainment-c93-ps4-slim-1tb-with-extra-one-controller-and-12-game-disk-in-kottiyam-kollam-iid-1828616060,PS4 Slim 1TB with extra one controller and 12 game Disk,"Good condition PS4 Slim 1TB with og Controller And a Extra Controller With 12 Game Disks Games like Call of Duty Modern Warfare, WWII, Spiderman, 2K20, GTA5, God of War and more. - Games & Entertainment",27000,"[""/content/drive/MyDrive/olx_gamesentertainment_dataset/images/games_e867fa709d/1.jpg"", ""/content/drive/MyDrive/olx_gamesentertainment_dataset/images/games_e867fa709d/2.jpg"", ""/content/drive/MyDrive/olx_gamesentertainment_dataset/images/games_e867fa709d/3.jpg"", ""/content/drive/MyDrive/olx_gamesentertainment_dataset/images/games_e867fa709d/4.jpg"", ""/content/drive/MyDrive/olx_gamesentertainment_dataset/images/games_e867fa709d/5.jpg"", ""/content/drive/MyDrive/olx_gamesentertainment_dataset/images/games_e867fa709d/6.jpg"", ""/content/drive/MyDrive/olx_gamesentertainment_dataset/images/games_e867fa709d/7.jpg"", ""/content/drive/MyDrive/olx_gamesentertainment_dataset/images/games_e867fa709d/8.jpg"", ""/content/drive/MyDrive/olx_gamesentertainment_dataset/images/games_e867fa709d/9.jpg"", ""/content/drive/MyDrive/olx_gamesentertainment_dataset/images/games_e867fa709d/10.jpg"", ""/content/drive/MyDrive/olx_gamesentertainment_dataset/images/games_e867fa709d/11.jpg"", ""/content/drive/MyDrive/olx_gamesentertainment_dataset/images/games_e867fa709d/12.jpg"", ""/content/drive/MyDrive/olx_gamesentertainment_dataset/images/games_e867fa709d/13.jpg"", ""/content/drive/MyDrive/olx_gamesentertainment_dataset/images/games_e867fa709d/14.jpg""]",14,2025-12-08 05:43:03.574572
games_051d420533,https://www.olx.in/item/games-entertainment-c93-ea-sports-fc-26-for-ps5-in-dera-delhi-iid-1827856670,EA SPORTS FC 26 for PS5,EA SPORTS FC 26 for PS5 - Games & Entertainment,3999,"[""/content/drive/MyDrive/olx_gamesentertainment_dataset/images/games_051d420533/1.jpg"", ""/content/drive/MyDrive/olx_gamesentertainment_dataset/images/games_051d420533/2.jpg"", ""/content/drive/MyDrive/olx_gamesentertainment_dataset/images/games_051d420533/3.jpg"", ""/content/drive/MyDrive/olx_gamesentertainment_dataset/images/games_051d420533/4.jpg"", ""/content/drive/MyDrive/olx_gamesentertainment_dataset/images/games_051d420533/5.jpg"", ""/content/drive/MyDrive/olx_gamesentertainment_dataset/images/games_051d420533/6.jpg"", ""/content/drive/MyDrive/olx_gamesentertainment_dataset/images/games_051d420533/7.jpg"", ""/content/drive/MyDrive/olx_gamesentertainment_dataset/images/games_051d420533/8.jpg"", ""/content/drive/MyDrive/olx_gamesentertainment_dataset/images/games_051d420533/9.jpg"", ""/content/drive/MyDrive/olx_gamesentertainment_dataset/images/games_051d420533/10.jpg"", ""/content/drive/MyDrive/olx_gamesentertainment_dataset/images/games_051d420533/11.jpg"", ""/content/drive/MyDrive/olx_gamesentertainment_dataset/images/games_051d420533/12.jpg"", ""/content/drive/MyDrive/olx_gamesentertainment_dataset/images/games_051d420533/13.jpg"", ""/content/drive/MyDrive/olx_gamesentertainment_dataset/images/games_051d420533/14.jpg""]",14,2025-12-08 05:43:13.783008
games_791ca9e4e0,https://www.olx.in/item/games-entertainment-c93-psp-and-ps4-controller-and-memory-card-in-jogeshwari-west-mumbai-iid-1828619359,Psp and ps4 controller and memory card,Psp and ps4 controller (both not working). With psp (x2) 16gb memory card - Games & Entertainment,2000,"[""/content/drive/MyDrive/olx_gamesentertainment_dataset/images/games_791ca9e4e0/1.jpg"", ""/content/drive/MyDrive/olx_gamesentertainment_dataset/images/games_791ca9e4e0/2.jpg"", ""/content/drive/MyDrive/olx_gamesentertainment_dataset/images/games_791ca9e4e0/3.jpg"", ""/content/drive/MyDrive/olx_gamesentertainment_dataset/images/games_791ca9e4e0/4.jpg"", ""/content/drive/MyDrive/olx_gamesentertainment_dataset/images/games_791ca9e4e0/5.jpg"", ""/content/drive/MyDrive/olx_gamesentertainment_dataset/images/games_791ca9e4e0/6.jpg"", ""/content/drive/MyDrive/olx_gamesentertainment_dataset/images/games_791ca9e4e0/7.jpg"", ""/content/drive/MyDrive/olx_gamesentertainment_dataset/images/games_791ca9e4e0/8.jpg"", ""/content/drive/MyDrive/olx_gamesentertainment_dataset/images/games_791ca9e4e0/9.jpg"", ""/content/drive/MyDrive/olx_gamesentertainment_dataset/images/games_791ca9e4e0/10.jpg"", ""/content/drive/MyDrive/olx_gamesentertainment_dataset/images/games_791ca9e4e0/11.jpg"", ""/content/drive/MyDrive/olx_gamesentertainment_dataset/images/games_791ca9e4e0/12.jpg"", ""/content/drive/MyDrive/olx_gamesentertainment_dataset/images/games_791ca9e4e0/13.jpg"", ""/content/drive/MyDrive/olx_gamesentertainment_dataset/images/games_791ca9e4e0/14.jpg""]",14,2025-12-08 05:43:23.308961
games_c5f8a16263,https://www.olx.in/item/games-entertainment-c93-original-nintendo-wii-controller-set-in-viraj-society-mumbai-iid-1828043036,Original Nintendo Wii Controller Set,Pristine Condition Nintendo Wii Controller with Motion Sensor Adapters and Original Nunchucks and Original Wrist Straps. These are not copy or knock offs Each for 1500/- Rare Collection. - Games & Entertainment,1600,"[""/content/drive/MyDrive/olx_gamesentertainment_dataset/images/games_c5f8a16263/1.jpg"", ""/content/drive/MyDrive/olx_gamesentertainment_dataset/images/games_c5f8a16263/2.jpg"", ""/content/drive/MyDrive/olx_gamesentertainment_dataset/images/games_c5f8a16263/3.jpg"", ""/content/drive/MyDrive/olx_gamesentertainment_dataset/images/games_c5f8a16263/4.jpg"", ""/content/drive/MyDrive/olx_gamesentertainment_dataset/images/games_c5f8a16263/5.jpg"", ""/content/drive/MyDrive/olx_gamesentertainment_dataset/images/games_c5f8a16263/6.jpg"", ""/content/drive/MyDrive/olx_gamesentertainment_dataset/images/games_c5f8a16263/7.jpg"", ""/content/drive/MyDrive/olx_gamesentertainment_dataset/images/games_c5f8a16263/8.jpg"", ""/content/drive/MyDrive/olx_gamesentertainment_dataset/images/games_c5f8a16263/9.jpg"", ""/content/drive/MyDrive/olx_gamesentertainment_dataset/images/games_c5f8a16263/10.jpg"", ""/content/drive/MyDrive/olx_gamesentertainment_dataset/images/games_c5f8a16263/11.jpg"", ""/content/drive/MyDrive/olx_gamesentertainment_dataset/images/games_c5f8a16263/12.jpg"", ""/content/drive/MyDrive/olx_gamesentertainment_dataset/images/games_c5f8a16263/13.jpg"", ""/content/drive/MyDrive/olx_gamesentertainment_dataset/images/games_c5f8a16263/14.jpg""]",14,2025-12-08 05:43:40.848931
games_9111368c15,https://www.olx.in/item/games-entertainment-c93-lenovo-legion-go-in-kadam-tala-howrah-iid-1828147773,lenovo legion go,1 year old bought from flipkart within warranty almost as new no scratches or marks screen guard applied bill and box available - Games & Entertainment,52000,"[""/content/drive/MyDrive/olx_gamesentertainment_dataset/images/games_9111368c15/1.jpg"", ""/content/drive/MyDrive/olx_gamesentertainment_dataset/images/games_9111368c15/2.jpg"", ""/content/drive/MyDrive/olx_gamesentertainment_dataset/images/games_9111368c15/3.jpg"", ""/content/drive/MyDrive/olx_gamesentertainment_dataset/images/games_9111368c15/4.jpg"", ""/content/drive/MyDrive/olx_gamesentertainment_dataset/images/games_9111368c15/5.jpg"", ""/content/drive/MyDrive/olx_gamesentertainment_dataset/images/games_9111368c15/6.jpg"", ""/content/drive/MyDrive/olx_gamesentertainment_dataset/images/games_9111368c15/7.jpg"", ""/content/drive/MyDrive/olx_gamesentertainment_dataset/images/games_9111368c15/8.jpg"", ""/content/drive/MyDrive/olx_gamesentertainment_dataset/images/games_9111368c15/9.jpg"", ""/content/drive/MyDrive/olx_gamesentertainment_dataset/images/games_9111368c15/10.jpg"", ""/content/drive/MyDrive/olx_gamesentertainment_dataset/images/games_9111368c15/11.jpg"", ""/content/drive/MyDrive/olx_gamesentertainment_dataset/images/games_9111368c15/12.jpg"", ""/content/drive/MyDrive/olx_gamesentertainment_dataset/images/games_9111368c15/13.jpg"", ""/content/drive/MyDrive/olx_gamesentertainment_dataset/images/games_9111368c15/14.jpg""]",14,2025-12-08 05:43:51.079043
games_c9a0ddd3fa,https://www.olx.in/item/games-entertainment-c93-sony-playstation-5-pro-in-professor-colony-patiala-iid-1828024649,Sony Playstation 5 pro,Brand new condition play station 5pro - Games & Entertainment,72000,"[""/content/drive/MyDrive/olx_gamesentertainment_dataset/images/games_c9a0ddd3fa/1.jpg"", ""/content/drive/MyDrive/olx_gamesentertainment_dataset/images/games_c9a0ddd3fa/2.jpg"", ""/content/drive/MyDrive/olx_gamesentertainment_dataset/images/games_c9a0ddd3fa/3.jpg"", ""/content/drive/MyDrive/olx_gamesentertainment_dataset/images/games_c9a0ddd3fa/4.jpg"", ""/content/drive/MyDrive/olx_gamesentertainment_dataset/images/games_c9a0ddd3fa/5.jpg"", ""/content/drive/MyDrive/olx_gamesentertainment_dataset/images/games_c9a0ddd3fa/6.jpg"", ""/content/drive/MyDrive/olx_gamesentertainment_dataset/images/games_c9a0ddd3fa/7.jpg"", ""/content/drive/MyDrive/olx_gamesentertainment_dataset/images/games_c9a0ddd3fa/8.jpg"", ""/content/drive/MyDrive/olx_gamesentertainment_dataset/images/games_c9a0ddd3fa/9.jpg"", ""/content/drive/MyDrive/olx_gamesentertainment_dataset/images/games_c9a0ddd3fa/10.jpg"", ""/content/drive/MyDrive/olx_gamesentertainment_dataset/images/games_c9a0ddd3fa/11.jpg"", ""/content/drive/MyDrive/olx_gamesentertainment_dataset/images/games_c9a0ddd3fa/12.jpg"", ""/content/drive/MyDrive/olx_gamesentertainment_dataset/images/games_c9a0ddd3fa/13.jpg"", ""/content/drive/MyDrive/olx_gamesentertainment_dataset/images/games_c9a0ddd3fa/14.jpg""]",14,2025-12-08 05:44:02.382071
games_2b3668b645,https://www.olx.in/item/games-entertainment-c93-ps4-pro-1tb-900-jb-in-mohan-ke-uttar-168-guru-har-sahai-iid-1828620437,PS4 Pro 1TB 9.00 JB,PS4 Pro 9.00 1TB JB. orginal controller Seal pack set hai bilkul saaf set hai koi problem nhi. 10+ games install hai top ki. God of war 4 God of war Ragnarok GTA 5 Days Gone Spider man Miles Mortal Kombat 11 Resident evil 4 remake Tomb raider Ghost of Tsushima Elden ring The last of us 2 Horizon zero down RDR 2 - Games & Entertainment,28500,"[""/content/drive/MyDrive/olx_gamesentertainment_dataset/images/games_2b3668b645/1.jpg"", ""/content/drive/MyDrive/olx_gamesentertainment_dataset/images/games_2b3668b645/2.jpg"", ""/content/drive/MyDrive/olx_gamesentertainment_dataset/images/games_2b3668b645/3.jpg"", ""/content/drive/MyDrive/olx_gamesentertainment_dataset/images/games_2b3668b645/4.jpg"", ""/content/drive/MyDrive/olx_gamesentertainment_dataset/images/games_2b3668b645/5.jpg"", ""/content/drive/MyDrive/olx_gamesentertainment_dataset/images/games_2b3668b645/6.jpg"", ""/content/drive/MyDrive/olx_gamesentertainment_dataset/images/games_2b3668b645/7.jpg"", ""/content/drive/MyDrive/olx_gamesentertainment_dataset/images/games_2b3668b645/8.jpg"", ""/content/drive/MyDrive/olx_gamesentertainment_dataset/images/games_2b3668b645/9.jpg"", ""/content/drive/MyDrive/olx_gamesentertainment_dataset/images/games_2b3668b645/10.jpg"", ""/content/drive/MyDrive/olx_gamesentertainment_dataset/images/games_2b3668b645/11.jpg"", ""/content/drive/MyDrive/olx_gamesentertainment_dataset/images/games_2b3668b645/12.jpg"", ""/content/drive/MyDrive/olx_gamesentertainment_dataset/images/games_2b3668b645/13.jpg"", ""/content/drive/MyDrive/olx_gamesentertainment_dataset/images/games_2b3668b645/14.jpg""]",14,2025-12-08 05:44:11.680270
games_5932570a7d,https://www.olx.in/item/games-entertainment-c93-fire-tv-stick-hd-in-jakhuni-dera-gopipur-iid-1828617412,FIRE TV STICK HD,I AM SELLING FIRE TV STICK HD SUPPORTED WITH HDMI EXTENDER - Games & Entertainment,3700,"[""/content/drive/MyDrive/olx_gamesentertainment_dataset/images/games_5932570a7d/1.jpg"", ""/content/drive/MyDrive/olx_gamesentertainment_dataset/images/games_5932570a7d/2.jpg"", ""/content/drive/MyDrive/olx_gamesentertainment_dataset/images/games_5932570a7d/3.jpg"", ""/content/drive/MyDrive/olx_gamesentertainment_dataset/images/games_5932570a7d/4.jpg"", ""/content/drive/MyDrive/olx_gamesentertainment_dataset/images/games_5932570a7d/5.jpg"", ""/content/drive/MyDrive/olx_gamesentertainment_dataset/images/games_5932570a7d/6.jpg"", ""/content/drive/MyDrive/olx_gamesentertainment_dataset/images/games_5932570a7d/7.jpg"", ""/content/drive/MyDrive/olx_gamesentertainment_dataset/images/games_5932570a7d/8.jpg"", ""/content/drive/MyDrive/olx_gamesentertainment_dataset/images/games_5932570a7d/9.jpg"", ""/content/drive/MyDrive/olx_gamesentertainment_dataset/images/games_5932570a7d/10.jpg"", ""/content/drive/MyDrive/olx_gamesentertainment_dataset/images/games_5932570a7d/11.jpg"", ""/content/drive/MyDrive/olx_gamesentertainment_dataset/images/games_5932570a7d/12.jpg"", ""/content/drive/MyDrive/olx_gamesentertainment_dataset/images/games_5932570a7d/13.jpg"", ""/content/drive/MyDrive/olx_gamesentertainment_dataset/images/games_5932570a7d/14.jpg""]",14,2025-12-08 05:44:21.490120
games_215bc99903,https://www.olx.in/item/games-entertainment-c93-xbox-one-500-gb-black-in-tangra-kolkata-iid-1828621261,Xbox one 500 GB Black,Bought recently in October and no issues. No bill or box. - Games & Entertainment,10000,"[""/content/drive/MyDrive/olx_gamesentertainment_dataset/images/games_215bc99903/1.jpg"", ""/content/drive/MyDrive/olx_gamesentertainment_dataset/images/games_215bc99903/2.jpg"", ""/content/drive/MyDrive/olx_gamesentertainment_dataset/images/games_215bc99903/3.jpg"", ""/content/drive/MyDrive/olx_gamesentertainment_dataset/images/games_215bc99903/4.jpg"", ""/content/drive/MyDrive/olx_gamesentertainment_dataset/images/games_215bc99903/5.jpg"", ""/content/drive/MyDrive/olx_gamesentertainment_dataset/images/games_215bc99903/6.jpg"", ""/content/drive/MyDrive/olx_gamesentertainment_dataset/images/games_215bc99903/7.jpg"", ""/content/drive/MyDrive/olx_gamesentertainment_dataset/images/games_215bc99903/8.jpg"", ""/content/drive/MyDrive/olx_gamesentertainment_dataset/images/games_215bc99903/9.jpg"", ""/content/drive/MyDrive/olx_gamesentertainment_dataset/images/games_215bc99903/10.jpg"", ""/content/drive/MyDrive/olx_gamesentertainment_dataset/images/games_215bc99903/11.jpg"", ""/content/drive/MyDrive/olx_gamesentertainment_dataset/images/games_215bc99903/12.jpg"", ""/content/drive/MyDrive/olx_gamesentertainment_dataset/images/games_215bc99903/13.jpg"", ""/content/drive/MyDrive/olx_gamesentertainment_dataset/images/games_215bc99903/14.jpg""]",14,2025-12-08 05:44:31.298249
games_36d71c56d5,https://www.olx.in/item/games-entertainment-c93-play-station-in-chauhan-town-bhilai-iid-1828620730,Play Station,"The price is negotiable... Used like new, it has preloaded Playstation 1st gen games. I used it 2 or 3 times no time to play anymore so want to sell it ASAP. Its in excellent condition. Please only genuine people contact - Games & Entertainment",12000,"[""/content/drive/MyDrive/olx_gamesentertainment_dataset/images/games_36d71c56d5/1.jpg"", ""/content/drive/MyDrive/olx_gamesentertainment_dataset/images/games_36d71c56d5/2.jpg"", ""/content/drive/MyDrive/olx_gamesentertainment_dataset/images/games_36d71c56d5/3.jpg"", ""/content/drive/MyDrive/olx_gamesentertainment_dataset/images/games_36d71c56d5/4.jpg"", ""/content/drive/MyDrive/olx_gamesentertainment_dataset/images/games_36d71c56d5/5.jpg"", ""/content/drive/MyDrive/olx_gamesentertainment_dataset/images/games_36d71c56d5/6.jpg"", ""/content/drive/MyDrive/olx_gamesentertainment_dataset/images/games_36d71c56d5/7.jpg"", ""/content/drive/MyDrive/olx_gamesentertainment_dataset/images/games_36d71c56d5/8.jpg"", ""/content/drive/MyDrive/olx_gamesentertainment_dataset/images/games_36d71c56d5/9.jpg"", ""/content/drive/MyDrive/olx_gamesentertainment_dataset/images/games_36d71c56d5/10.jpg"", ""/content/drive/MyDrive/olx_gamesentertainment_dataset/images/games_36d71c56d5/11.jpg"", ""/content/drive/MyDrive/olx_gamesentertainment_dataset/images/games_36d71c56d5/12.jpg"", ""/content/drive/MyDrive/olx_gamesentertainment_dataset/images/games_36d71c56d5/13.jpg"", ""/content/drive/MyDrive/olx_gamesentertainment_dataset/images/games_36d71c56d5/14.jpg""]",14,2025-12-08 05:44:42.886174
games_c6a6120c9e,https://www.olx.in/item/games-entertainment-c93-ring-light-18-inch-best-quality-in-mandore-jodhpur-iid-1828615734,Ring light 18 inch best quality,Ring light - Games & Entertainment,4000,"[""/content/drive/MyDrive/olx_gamesentertainment_dataset/images/games_c6a6120c9e/1.jpg"", ""/content/drive/MyDrive/olx_gamesentertainment_dataset/images/games_c6a6120c9e/2.jpg"", ""/content/drive/MyDrive/olx_gamesentertainment_dataset/images/games_c6a6120c9e/3.jpg"", ""/content/drive/MyDrive/olx_gamesentertainment_dataset/images/games_c6a6120c9e/4.jpg"", ""/content/drive/MyDrive/olx_gamesentertainment_dataset/images/games_c6a6120c9e/5.jpg"", ""/content/drive/MyDrive/olx_gamesentertainment_dataset/images/games_c6a6120c9e/6.jpg"", ""/content/drive/MyDrive/olx_gamesentertainment_dataset/images/games_c6a6120c9e/7.jpg"", ""/content/drive/MyDrive/olx_gamesentertainment_dataset/images/games_c6a6120c9e/8.jpg"", ""/content/drive/MyDrive/olx_gamesentertainment_dataset/images/games_c6a6120c9e/9.jpg"", ""/content/drive/MyDrive/olx_gamesentertainment_dataset/images/games_c6a6120c9e/10.jpg"", ""/content/drive/MyDrive/olx_gamesentertainment_dataset/images/games_c6a6120c9e/11.jpg"", ""/content/drive/MyDrive/olx_gamesentertainment_dataset/images/games_c6a6120c9e/12.jpg"", ""/content/drive/MyDrive/olx_gamesentertainment_dataset/images/games_c6a6120c9e/13.jpg"", ""/content/drive/MyDrive/olx_gamesentertainment_dataset/images/games_c6a6120c9e/14.jpg""]",14,2025-12-08 05:44:52.913928
games_41b243ce75,https://www.olx.in/item/games-entertainment-c93-nintendo-oled-in-grant-road-area-mumbai-iid-1828610310,Nintendo oled,Games is just starting not working - Games & Entertainment,15000,"[""/content/drive/MyDrive/olx_gamesentertainment_dataset/images/games_41b243ce75/1.jpg"", ""/content/drive/MyDrive/olx_gamesentertainment_dataset/images/games_41b243ce75/2.jpg"", ""/content/drive/MyDrive/olx_gamesentertainment_dataset/images/games_41b243ce75/3.jpg"", ""/content/drive/MyDrive/olx_gamesentertainment_dataset/images/games_41b243ce75/4.jpg"", ""/content/drive/MyDrive/olx_gamesentertainment_dataset/images/games_41b243ce75/5.jpg"", ""/content/drive/MyDrive/olx_gamesentertainment_dataset/images/games_41b243ce75/6.jpg"", ""/content/drive/MyDrive/olx_gamesentertainment_dataset/images/games_41b243ce75/7.jpg"", ""/content/drive/MyDrive/olx_gamesentertainment_dataset/images/games_41b243ce75/8.jpg"", ""/content/drive/MyDrive/olx_gamesentertainment_dataset/images/games_41b243ce75/9.jpg"", ""/content/drive/MyDrive/olx_gamesentertainment_dataset/images/games_41b243ce75/10.jpg"", ""/content/drive/MyDrive/olx_gamesentertainment_dataset/images/games_41b243ce75/11.jpg"", ""/content/drive/MyDrive/olx_gamesentertainment_dataset/images/games_41b243ce75/12.jpg"", ""/content/drive/MyDrive/olx_gamesentertainment_dataset/images/games_41b243ce75/13.jpg"", ""/content/drive/MyDrive/olx_gamesentertainment_dataset/images/games_41b243ce75/14.jpg""]",14,2025-12-08 05:45:05.835378
games_d7e5372cab,https://www.olx.in/item/games-entertainment-c93-amazon-alexa-in-daulatpur-jehanabad-iid-1828610392,Amazon Alexa,I have no money - Games & Entertainment,4500,"[""/content/drive/MyDrive/olx_gamesentertainment_dataset/images/games_d7e5372cab/1.jpg"", ""/content/drive/MyDrive/olx_gamesentertainment_dataset/images/games_d7e5372cab/2.jpg"", ""/content/drive/MyDrive/olx_gamesentertainment_dataset/images/games_d7e5372cab/3.jpg"", ""/content/drive/MyDrive/olx_gamesentertainment_dataset/images/games_d7e5372cab/4.jpg"", ""/content/drive/MyDrive/olx_gamesentertainment_dataset/images/games_d7e5372cab/5.jpg"", ""/content/drive/MyDrive/olx_gamesentertainment_dataset/images/games_d7e5372cab/6.jpg"", ""/content/drive/MyDrive/olx_gamesentertainment_dataset/images/games_d7e5372cab/7.jpg"", ""/content/drive/MyDrive/olx_gamesentertainment_dataset/images/games_d7e5372cab/8.jpg"", ""/content/drive/MyDrive/olx_gamesentertainment_dataset/images/games_d7e5372cab/9.jpg"", ""/content/drive/MyDrive/olx_gamesentertainment_dataset/images/games_d7e5372cab/10.jpg"", ""/content/drive/MyDrive/olx_gamesentertainment_dataset/images/games_d7e5372cab/11.jpg"", ""/content/drive/MyDrive/olx_gamesentertainment_dataset/images/games_d7e5372cab/12.jpg"", ""/content/drive/MyDrive/olx_gamesentertainment_dataset/images/games_d7e5372cab/13.jpg"", ""/content/drive/MyDrive/olx_gamesentertainment_dataset/images/games_d7e5372cab/14.jpg""]",14,2025-12-08 05:45:16.014949
games_92fe8ee628,https://www.olx.in/item/games-entertainment-c93-all-pc-games-available-in-mirzapur-ahmedabad-iid-1826756531,ALL PC GAMES AVAILABLE,"WE PROVIDE ALL PC GAMES IN CHEAP PRICE WITH BEST SERVICE WE PROVIDE GAME LIKE OPEN WORLD, ADVENTURE , FIGHTING , BATTLEGROUND etc. GENUINE & TRUSTED 100% - Games & Entertainment",200,"[""/content/drive/MyDrive/olx_gamesentertainment_dataset/images/games_92fe8ee628/1.jpg"", ""/content/drive/MyDrive/olx_gamesentertainment_dataset/images/games_92fe8ee628/2.jpg"", ""/content/drive/MyDrive/olx_gamesentertainment_dataset/images/games_92fe8ee628/3.jpg"", ""/content/drive/MyDrive/olx_gamesentertainment_dataset/images/games_92fe8ee628/4.jpg"", ""/content/drive/MyDrive/olx_gamesentertainment_dataset/images/games_92fe8ee628/5.jpg"", ""/content/drive/MyDrive/olx_gamesentertainment_dataset/images/games_92fe8ee628/6.jpg"", ""/content/drive/MyDrive/olx_gamesentertainment_dataset/images/games_92fe8ee628/7.jpg"", ""/content/drive/MyDrive/olx_gamesentertainment_dataset/images/games_92fe8ee628/8.jpg"", ""/content/drive/MyDrive/olx_gamesentertainment_dataset/images/games_92fe8ee628/9.jpg"", ""/content/drive/MyDrive/olx_gamesentertainment_dataset/images/games_92fe8ee628/10.jpg"", ""/content/drive/MyDrive/olx_gamesentertainment_dataset/images/games_92fe8ee628/11.jpg"", ""/content/drive/MyDrive/olx_gamesentertainment_dataset/images/games_92fe8ee628/12.jpg"", ""/content/drive/MyDrive/olx_gamesentertainment_dataset/images/games_92fe8ee628/13.jpg"", ""/content/drive/MyDrive/olx_gamesentertainment_dataset/images/games_92fe8ee628/14.jpg""]",14,2025-12-08 05:45:24.484598
games_1d3e4f06ed,https://www.olx.in/item/games-entertainment-c93-ps5-ps4-ps3-ps2-all-games-available-for-playstation-in-satnam-pura-phagwara-iid-1828610164,"PS5, PS4, PS3, PS2 all games available for playstation",All playstation games available for all playstation - Games & Entertainment,800,"[""/content/drive/MyDrive/olx_gamesentertainment_dataset/images/games_1d3e4f06ed/1.jpg"", ""/content/drive/MyDrive/olx_gamesentertainment_dataset/images/games_1d3e4f06ed/2.jpg"", ""/content/drive/MyDrive/olx_gamesentertainment_dataset/images/games_1d3e4f06ed/3.jpg"", ""/content/drive/MyDrive/olx_gamesentertainment_dataset/images/games_1d3e4f06ed/4.jpg"", ""/content/drive/MyDrive/olx_gamesentertainment_dataset/images/games_1d3e4f06ed/5.jpg"", ""/content/drive/MyDrive/olx_gamesentertainment_dataset/images/games_1d3e4f06ed/6.jpg"", ""/content/drive/MyDrive/olx_gamesentertainment_dataset/images/games_1d3e4f06ed/7.jpg"", ""/content/drive/MyDrive/olx_gamesentertainment_dataset/images/games_1d3e4f06ed/8.jpg"", ""/content/drive/MyDrive/olx_gamesentertainment_dataset/images/games_1d3e4f06ed/9.jpg"", ""/content/drive/MyDrive/olx_gamesentertainment_dataset/images/games_1d3e4f06ed/10.jpg"", ""/content/drive/MyDrive/olx_gamesentertainment_dataset/images/games_1d3e4f06ed/11.jpg"", ""/content/drive/MyDrive/olx_gamesentertainment_dataset/images/games_1d3e4f06ed/12.jpg"", ""/content/drive/MyDrive/olx_gamesentertainment_dataset/images/games_1d3e4f06ed/13.jpg"", ""/content/drive/MyDrive/olx_gamesentertainment_dataset/images/games_1d3e4f06ed/14.jpg""]",14,2025-12-08 05:45:33.474257
games_e5d3cc2792,https://www.olx.in/item/games-entertainment-c93-thread-mill-in-rejeev-nagar-colony-metapally-iid-1828610643,Thread mill,We are not using now - Games & Entertainment,7000,"[""/content/drive/MyDrive/olx_gamesentertainment_dataset/images/games_e5d3cc2792/1.jpg"", ""/content/drive/MyDrive/olx_gamesentertainment_dataset/images/games_e5d3cc2792/2.jpg"", ""/content/drive/MyDrive/olx_gamesentertainment_dataset/images/games_e5d3cc2792/3.jpg"", ""/content/drive/MyDrive/olx_gamesentertainment_dataset/images/games_e5d3cc2792/4.jpg"", ""/content/drive/MyDrive/olx_gamesentertainment_dataset/images/games_e5d3cc2792/5.jpg"", ""/content/drive/MyDrive/olx_gamesentertainment_dataset/images/games_e5d3cc2792/6.jpg"", ""/content/drive/MyDrive/olx_gamesentertainment_dataset/images/games_e5d3cc2792/7.jpg"", ""/content/drive/MyDrive/olx_gamesentertainment_dataset/images/games_e5d3cc2792/8.jpg"", ""/content/drive/MyDrive/olx_gamesentertainment_dataset/images/games_e5d3cc2792/9.jpg"", ""/content/drive/MyDrive/olx_gamesentertainment_dataset/images/games_e5d3cc2792/10.jpg"", ""/content/drive/MyDrive/olx_gamesentertainment_dataset/images/games_e5d3cc2792/11.jpg"", ""/content/drive/MyDrive/olx_gamesentertainment_dataset/images/games_e5d3cc2792/12.jpg"", ""/content/drive/MyDrive/olx_gamesentertainment_dataset/images/games_e5d3cc2792/13.jpg"", ""/content/drive/MyDrive/olx_gamesentertainment_dataset/images/games_e5d3cc2792/14.jpg""]",14,2025-12-08 05:45:46.850608
games_72f70d789f,https://www.olx.in/item/games-entertainment-c93-playstation-4-immediate-sell-in-kudal-siolim-iid-1828375755,PlayStation 4 Immediate sell,PlayStation 4 (1 year old with original Controller & Games) - Games & Entertainment,16000,"[""/content/drive/MyDrive/olx_gamesentertainment_dataset/images/games_72f70d789f/1.jpg"", ""/content/drive/MyDrive/olx_gamesentertainment_dataset/images/games_72f70d789f/2.jpg"", ""/content/drive/MyDrive/olx_gamesentertainment_dataset/images/games_72f70d789f/3.jpg"", ""/content/drive/MyDrive/olx_gamesentertainment_dataset/images/games_72f70d789f/4.jpg"", ""/content/drive/MyDrive/olx_gamesentertainment_dataset/images/games_72f70d789f/5.jpg"", ""/content/drive/MyDrive/olx_gamesentertainment_dataset/images/games_72f70d789f/6.jpg"", ""/content/drive/MyDrive/olx_gamesentertainment_dataset/images/games_72f70d789f/7.jpg"", ""/content/drive/MyDrive/olx_gamesentertainment_dataset/images/games_72f70d789f/8.jpg"", ""/content/drive/MyDrive/olx_gamesentertainment_dataset/images/games_72f70d789f/9.jpg"", ""/content/drive/MyDrive/olx_gamesentertainment_dataset/images/games_72f70d789f/10.jpg"", ""/content/drive/MyDrive/olx_gamesentertainment_dataset/images/games_72f70d789f/11.jpg"", ""/content/drive/MyDrive/olx_gamesentertainment_dataset/images/games_72f70d789f/12.jpg"", ""/content/drive/MyDrive/olx_gamesentertainment_dataset/images/games_72f70d789f/13.jpg"", ""/content/drive/MyDrive/olx_gamesentertainment_dataset/images/games_72f70d789f/14.jpg""]",14,2025-12-08 05:45:57.297633
games_a04cf40998,https://www.olx.in/item/games-entertainment-c93-rc-remote-2-pice-in-gda-colony-ghaziabad-iid-1828610861,Rc remote 2 pice,Extra remote - Games & Entertainment,250,"[""/content/drive/MyDrive/olx_gamesentertainment_dataset/images/games_a04cf40998/1.jpg"", ""/content/drive/MyDrive/olx_gamesentertainment_dataset/images/games_a04cf40998/2.jpg"", ""/content/drive/MyDrive/olx_gamesentertainment_dataset/images/games_a04cf40998/3.jpg"", ""/content/drive/MyDrive/olx_gamesentertainment_dataset/images/games_a04cf40998/4.jpg"", ""/content/drive/MyDrive/olx_gamesentertainment_dataset/images/games_a04cf40998/5.jpg"", ""/content/drive/MyDrive/olx_gamesentertainment_dataset/images/games_a04cf40998/6.jpg"", ""/content/drive/MyDrive/olx_gamesentertainment_dataset/images/games_a04cf40998/7.jpg"", ""/content/drive/MyDrive/olx_gamesentertainment_dataset/images/games_a04cf40998/8.jpg"", ""/content/drive/MyDrive/olx_gamesentertainment_dataset/images/games_a04cf40998/9.jpg"", ""/content/drive/MyDrive/olx_gamesentertainment_dataset/images/games_a04cf40998/10.jpg"", ""/content/drive/MyDrive/olx_gamesentertainment_dataset/images/games_a04cf40998/11.jpg"", ""/content/drive/MyDrive/olx_gamesentertainment_dataset/images/games_a04cf40998/12.jpg"", ""/content/drive/MyDrive/olx_gamesentertainment_dataset/images/games_a04cf40998/13.jpg"", ""/content/drive/MyDrive/olx_gamesentertainment_dataset/images/games_a04cf40998/14.jpg""]",14,2025-12-08 05:46:07.286824
games_d850721550,https://www.olx.in/item/games-entertainment-c93-music-system-in-sector-48-gurgaon-iid-1819000439,Music system,Music system with five speakers - Games & Entertainment,2000,"[""/content/drive/MyDrive/olx_gamesentertainment_dataset/images/games_d850721550/1.jpg"", ""/content/drive/MyDrive/olx_gamesentertainment_dataset/images/games_d850721550/2.jpg"", ""/content/drive/MyDrive/olx_gamesentertainment_dataset/images/games_d850721550/3.jpg"", ""/content/drive/MyDrive/olx_gamesentertainment_dataset/images/games_d850721550/4.jpg"", ""/content/drive/MyDrive/olx_gamesentertainment_dataset/images/games_d850721550/5.jpg"", ""/content/drive/MyDrive/olx_gamesentertainment_dataset/images/games_d850721550/6.jpg"", ""/content/drive/MyDrive/olx_gamesentertainment_dataset/images/games_d850721550/7.jpg"", ""/content/drive/MyDrive/olx_gamesentertainment_dataset/images/games_d850721550/8.jpg"", ""/content/drive/MyDrive/olx_gamesentertainment_dataset/images/games_d850721550/9.jpg"", ""/content/drive/MyDrive/olx_gamesentertainment_dataset/images/games_d850721550/10.jpg"", ""/content/drive/MyDrive/olx_gamesentertainment_dataset/images/games_d850721550/11.jpg"", ""/content/drive/MyDrive/olx_gamesentertainment_dataset/images/games_d850721550/12.jpg"", ""/content/drive/MyDrive/olx_gamesentertainment_dataset/images/games_d850721550/13.jpg"", ""/content/drive/MyDrive/olx_gamesentertainment_dataset/images/games_d850721550/14.jpg""]",14,2025-12-08 05:46:15.232502
games_7c853bc2ab,https://www.olx.in/item/games-entertainment-c93-xbox-one-console-with-kinect-500-gb-in-borate-vasti-pune-iid-1825330819,Xbox one console with kinect 500 GB,"Xbox one console with kinect 500 GB - it comes with console, Kinect, controller and power adapter. - Games & Entertainment",10500,"[""/content/drive/MyDrive/olx_gamesentertainment_dataset/images/games_7c853bc2ab/1.jpg"", ""/content/drive/MyDrive/olx_gamesentertainment_dataset/images/games_7c853bc2ab/2.jpg"", ""/content/drive/MyDrive/olx_gamesentertainment_dataset/images/games_7c853bc2ab/3.jpg"", ""/content/drive/MyDrive/olx_gamesentertainment_dataset/images/games_7c853bc2ab/4.jpg"", ""/content/drive/MyDrive/olx_gamesentertainment_dataset/images/games_7c853bc2ab/5.jpg"", ""/content/drive/MyDrive/olx_gamesentertainment_dataset/images/games_7c853bc2ab/6.jpg"", ""/content/drive/MyDrive/olx_gamesentertainment_dataset/images/games_7c853bc2ab/7.jpg"", ""/content/drive/MyDrive/olx_gamesentertainment_dataset/images/games_7c853bc2ab/8.jpg"", ""/content/drive/MyDrive/olx_gamesentertainment_dataset/images/games_7c853bc2ab/9.jpg"", ""/content/drive/MyDrive/olx_gamesentertainment_dataset/images/games_7c853bc2ab/10.jpg"", ""/content/drive/MyDrive/olx_gamesentertainment_dataset/images/games_7c853bc2ab/11.jpg"", ""/content/drive/MyDrive/olx_gamesentertainment_dataset/images/games_7c853bc2ab/12.jpg"", ""/content/drive/MyDrive/olx_gamesentertainment_dataset/images/games_7c853bc2ab/13.jpg"", ""/content/drive/MyDrive/olx_gamesentertainment_dataset/images/games_7c853bc2ab/14.jpg""]",14,2025-12-08 05:46:26.082545
games_c4b024c09a,https://www.olx.in/item/games-entertainment-c93-xbox-series-x-in-marathahalli-bengaluru-iid-1763380029,Xbox series x,New and used all variants available Xbox series s 512ssd Xbox series x 1tb Used and new all available Used starts from 22000 - Games & Entertainment,23000,"[""/content/drive/MyDrive/olx_gamesentertainment_dataset/images/games_c4b024c09a/1.jpg"", ""/content/drive/MyDrive/olx_gamesentertainment_dataset/images/games_c4b024c09a/2.jpg"", ""/content/drive/MyDrive/olx_gamesentertainment_dataset/images/games_c4b024c09a/3.jpg"", ""/content/drive/MyDrive/olx_gamesentertainment_dataset/images/games_c4b024c09a/4.jpg"", ""/content/drive/MyDrive/olx_gamesentertainment_dataset/images/games_c4b024c09a/5.jpg"", ""/content/drive/MyDrive/olx_gamesentertainment_dataset/images/games_c4b024c09a/6.jpg"", ""/content/drive/MyDrive/olx_gamesentertainment_dataset/images/games_c4b024c09a/7.jpg"", ""/content/drive/MyDrive/olx_gamesentertainment_dataset/images/games_c4b024c09a/8.jpg"", ""/content/drive/MyDrive/olx_gamesentertainment_dataset/images/games_c4b024c09a/9.jpg"", ""/content/drive/MyDrive/olx_gamesentertainment_dataset/images/games_c4b024c09a/10.jpg"", ""/content/drive/MyDrive/olx_gamesentertainment_dataset/images/games_c4b024c09a/11.jpg"", ""/content/drive/MyDrive/olx_gamesentertainment_dataset/images/games_c4b024c09a/12.jpg"", ""/content/drive/MyDrive/olx_gamesentertainment_dataset/images/games_c4b024c09a/13.jpg"", ""/content/drive/MyDrive/olx_gamesentertainment_dataset/images/games_c4b024c09a/14.jpg""]",14,2025-12-08 05:46:38.261088
games_038366cb6a,https://www.olx.in/item/games-entertainment-c93-ghost-of-yotei-in-mla-layout-bengaluru-iid-1827791165,Ghost of yotei,"3 weeks old, selling because I have finished the game - Games & Entertainment",4200,"[""/content/drive/MyDrive/olx_gamesentertainment_dataset/images/games_038366cb6a/1.jpg"", ""/content/drive/MyDrive/olx_gamesentertainment_dataset/images/games_038366cb6a/2.jpg"", ""/content/drive/MyDrive/olx_gamesentertainment_dataset/images/games_038366cb6a/3.jpg"", ""/content/drive/MyDrive/olx_gamesentertainment_dataset/images/games_038366cb6a/4.jpg"", ""/content/drive/MyDrive/olx_gamesentertainment_dataset/images/games_038366cb6a/5.jpg"", ""/content/drive/MyDrive/olx_gamesentertainment_dataset/images/games_038366cb6a/6.jpg"", ""/content/drive/MyDrive/olx_gamesentertainment_dataset/images/games_038366cb6a/7.jpg"", ""/content/drive/MyDrive/olx_gamesentertainment_dataset/images/games_038366cb6a/8.jpg"", ""/content/drive/MyDrive/olx_gamesentertainment_dataset/images/games_038366cb6a/9.jpg"", ""/content/drive/MyDrive/olx_gamesentertainment_dataset/images/games_038366cb6a/10.jpg"", ""/content/drive/MyDrive/olx_gamesentertainment_dataset/images/games_038366cb6a/11.jpg"", ""/content/drive/MyDrive/olx_gamesentertainment_dataset/images/games_038366cb6a/12.jpg"", ""/content/drive/MyDrive/olx_gamesentertainment_dataset/images/games_038366cb6a/13.jpg"", ""/content/drive/MyDrive/olx_gamesentertainment_dataset/images/games_038366cb6a/14.jpg""]",14,2025-12-08 05:47:00.650821
games_83261086f4,https://www.olx.in/item/games-entertainment-c93-ps3-in-prime-condition-in-thanisandra-bengaluru-iid-1758538385,Ps3 in prime condition,Used ps3 consoles starts from 9999 each Games starts from 300rs each We also buy old consoles for cash - Games & Entertainment,9999,"[""/content/drive/MyDrive/olx_gamesentertainment_dataset/images/games_83261086f4/1.jpg"", ""/content/drive/MyDrive/olx_gamesentertainment_dataset/images/games_83261086f4/2.jpg"", ""/content/drive/MyDrive/olx_gamesentertainment_dataset/images/games_83261086f4/3.jpg"", ""/content/drive/MyDrive/olx_gamesentertainment_dataset/images/games_83261086f4/4.jpg"", ""/content/drive/MyDrive/olx_gamesentertainment_dataset/images/games_83261086f4/5.jpg"", ""/content/drive/MyDrive/olx_gamesentertainment_dataset/images/games_83261086f4/6.jpg"", ""/content/drive/MyDrive/olx_gamesentertainment_dataset/images/games_83261086f4/7.jpg"", ""/content/drive/MyDrive/olx_gamesentertainment_dataset/images/games_83261086f4/8.jpg"", ""/content/drive/MyDrive/olx_gamesentertainment_dataset/images/games_83261086f4/9.jpg"", ""/content/drive/MyDrive/olx_gamesentertainment_dataset/images/games_83261086f4/10.jpg"", ""/content/drive/MyDrive/olx_gamesentertainment_dataset/images/games_83261086f4/11.jpg"", ""/content/drive/MyDrive/olx_gamesentertainment_dataset/images/games_83261086f4/12.jpg"", ""/content/drive/MyDrive/olx_gamesentertainment_dataset/images/games_83261086f4/13.jpg"", ""/content/drive/MyDrive/olx_gamesentertainment_dataset/images/games_83261086f4/14.jpg""]",14,2025-12-08 05:47:10.427604
games_0f63003721,https://www.olx.in/item/games-entertainment-c93-wired-gamepad-in-devi-vihar-rohtak-iid-1828612183,Wired Gamepad,"Wired Gamepad of Zebronics Max fury Best for android and windows gaming,Dual motor force, transparent design, RGB led control, turbo function and adjustment,17 button,easy to hold design,dual anolag sticks,quad front trigger, haptic feedback,but condition of box is bad - Games & Entertainment",1500,"[""/content/drive/MyDrive/olx_gamesentertainment_dataset/images/games_0f63003721/1.jpg"", ""/content/drive/MyDrive/olx_gamesentertainment_dataset/images/games_0f63003721/2.jpg"", ""/content/drive/MyDrive/olx_gamesentertainment_dataset/images/games_0f63003721/3.jpg"", ""/content/drive/MyDrive/olx_gamesentertainment_dataset/images/games_0f63003721/4.jpg"", ""/content/drive/MyDrive/olx_gamesentertainment_dataset/images/games_0f63003721/5.jpg"", ""/content/drive/MyDrive/olx_gamesentertainment_dataset/images/games_0f63003721/6.jpg"", ""/content/drive/MyDrive/olx_gamesentertainment_dataset/images/games_0f63003721/7.jpg"", ""/content/drive/MyDrive/olx_gamesentertainment_dataset/images/games_0f63003721/8.jpg"", ""/content/drive/MyDrive/olx_gamesentertainment_dataset/images/games_0f63003721/9.jpg"", ""/content/drive/MyDrive/olx_gamesentertainment_dataset/images/games_0f63003721/10.jpg"", ""/content/drive/MyDrive/olx_gamesentertainment_dataset/images/games_0f63003721/11.jpg"", ""/content/drive/MyDrive/olx_gamesentertainment_dataset/images/games_0f63003721/12.jpg"", ""/content/drive/MyDrive/olx_gamesentertainment_dataset/images/games_0f63003721/13.jpg"", ""/content/drive/MyDrive/olx_gamesentertainment_dataset/images/games_0f63003721/14.jpg""]",14,2025-12-08 05:47:22.946664
games_5fa979dab3,https://www.olx.in/item/games-entertainment-c93-ps5-ps4-games-in-rajendra-nagar-sector-2-ghaziabad-iid-1828612326,Ps5 & ps4 games,Every game has different price - Games & Entertainment,1500,"[""/content/drive/MyDrive/olx_gamesentertainment_dataset/images/games_5fa979dab3/1.jpg"", ""/content/drive/MyDrive/olx_gamesentertainment_dataset/images/games_5fa979dab3/2.jpg"", ""/content/drive/MyDrive/olx_gamesentertainment_dataset/images/games_5fa979dab3/3.jpg"", ""/content/drive/MyDrive/olx_gamesentertainment_dataset/images/games_5fa979dab3/4.jpg"", ""/content/drive/MyDrive/olx_gamesentertainment_dataset/images/games_5fa979dab3/5.jpg"", ""/content/drive/MyDrive/olx_gamesentertainment_dataset/images/games_5fa979dab3/6.jpg"", ""/content/drive/MyDrive/olx_gamesentertainment_dataset/images/games_5fa979dab3/7.jpg"", ""/content/drive/MyDrive/olx_gamesentertainment_dataset/images/games_5fa979dab3/8.jpg"", ""/content/drive/MyDrive/olx_gamesentertainment_dataset/images/games_5fa979dab3/9.jpg"", ""/content/drive/MyDrive/olx_gamesentertainment_dataset/images/games_5fa979dab3/10.jpg"", ""/content/drive/MyDrive/olx_gamesentertainment_dataset/images/games_5fa979dab3/11.jpg"", ""/content/drive/MyDrive/olx_gamesentertainment_dataset/images/games_5fa979dab3/12.jpg"", ""/content/drive/MyDrive/olx_gamesentertainment_dataset/images/games_5fa979dab3/13.jpg"", ""/content/drive/MyDrive/olx_gamesentertainment_dataset/images/games_5fa979dab3/14.jpg""]",14,2025-12-08 05:47:33.876664
games_1d6a8fb444,https://www.olx.in/item/games-entertainment-c93-gaming-stick-in-shyam-nagar-rajpura-iid-1828614758,Gaming stick,"This gaming console provides an extensive library of over one thousand pre-loaded titles. It features two integrated controllers for immediate multiplayer engagement. The device connects directly to your television, offering a streamlined setup. This unit is an excellent choice for convenient and accessible entertainment. It delivers a comprehensive gaming experience right out of the box. - Games & Entertainment",1500,"[""/content/drive/MyDrive/olx_gamesentertainment_dataset/images/games_1d6a8fb444/1.jpg"", ""/content/drive/MyDrive/olx_gamesentertainment_dataset/images/games_1d6a8fb444/2.jpg"", ""/content/drive/MyDrive/olx_gamesentertainment_dataset/images/games_1d6a8fb444/3.jpg"", ""/content/drive/MyDrive/olx_gamesentertainment_dataset/images/games_1d6a8fb444/4.jpg"", ""/content/drive/MyDrive/olx_gamesentertainment_dataset/images/games_1d6a8fb444/5.jpg"", ""/content/drive/MyDrive/olx_gamesentertainment_dataset/images/games_1d6a8fb444/6.jpg"", ""/content/drive/MyDrive/olx_gamesentertainment_dataset/images/games_1d6a8fb444/7.jpg"", ""/content/drive/MyDrive/olx_gamesentertainment_dataset/images/games_1d6a8fb444/8.jpg"", ""/content/drive/MyDrive/olx_gamesentertainment_dataset/images/games_1d6a8fb444/9.jpg"", ""/content/drive/MyDrive/olx_gamesentertainment_dataset/images/games_1d6a8fb444/10.jpg"", ""/content/drive/MyDrive/olx_gamesentertainment_dataset/images/games_1d6a8fb444/11.jpg"", ""/content/drive/MyDrive/olx_gamesentertainment_dataset/images/games_1d6a8fb444/12.jpg"", ""/content/drive/MyDrive/olx_gamesentertainment_dataset/images/games_1d6a8fb444/13.jpg"", ""/content/drive/MyDrive/olx_gamesentertainment_dataset/images/games_1d6a8fb444/14.jpg""]",14,2025-12-08 05:47:44.971748
games_c5a4dc142c,https://www.olx.in/item/games-entertainment-c93-ivey-drone-1080p-camera-with-three-speed-modes-best-cheapest-drone-in-chanda-nagar-hyderabad-iid-1828610313,IVEY DRONE 1080P CAMERA WITH THREE SPEED MODES. BEST CHEAPEST DRONE,"Ivey and 4drc company drone no longer available in amazon. FULLY AND PROPERLY WORKING. Bought for 5000rs and used it a couple of times like about 5-6 times. No damages, no scratches. - Games & Entertainment",3000,"[""/content/drive/MyDrive/olx_gamesentertainment_dataset/images/games_c5a4dc142c/1.jpg"", ""/content/drive/MyDrive/olx_gamesentertainment_dataset/images/games_c5a4dc142c/2.jpg"", ""/content/drive/MyDrive/olx_gamesentertainment_dataset/images/games_c5a4dc142c/3.jpg"", ""/content/drive/MyDrive/olx_gamesentertainment_dataset/images/games_c5a4dc142c/4.jpg"", ""/content/drive/MyDrive/olx_gamesentertainment_dataset/images/games_c5a4dc142c/5.jpg"", ""/content/drive/MyDrive/olx_gamesentertainment_dataset/images/games_c5a4dc142c/6.jpg"", ""/content/drive/MyDrive/olx_gamesentertainment_dataset/images/games_c5a4dc142c/7.jpg"", ""/content/drive/MyDrive/olx_gamesentertainment_dataset/images/games_c5a4dc142c/8.jpg"", ""/content/drive/MyDrive/olx_gamesentertainment_dataset/images/games_c5a4dc142c/9.jpg"", ""/content/drive/MyDrive/olx_gamesentertainment_dataset/images/games_c5a4dc142c/10.jpg"", ""/content/drive/MyDrive/olx_gamesentertainment_dataset/images/games_c5a4dc142c/11.jpg"", ""/content/drive/MyDrive/olx_gamesentertainment_dataset/images/games_c5a4dc142c/12.jpg"", ""/content/drive/MyDrive/olx_gamesentertainment_dataset/images/games_c5a4dc142c/13.jpg"", ""/content/drive/MyDrive/olx_gamesentertainment_dataset/images/games_c5a4dc142c/14.jpg""]",14,2025-12-08 05:47:55.728808
games_fb9763918f,https://www.olx.in/item/games-entertainment-c93-earbuds-boat-company-and-ant-esports-wifibluetooth-dongle-in-andul-road-howrah-iid-1828613911,Earbuds Boat Company And Ant esports Wifi+Bluetooth dongle,"I'm selling a wifi+Bluetooth dongle name ant esports ae600b, And A boat airdropes 311 pro best earbuds - Games & Entertainment",1000,"[""/content/drive/MyDrive/olx_gamesentertainment_dataset/images/games_fb9763918f/1.jpg"", ""/content/drive/MyDrive/olx_gamesentertainment_dataset/images/games_fb9763918f/2.jpg"", ""/content/drive/MyDrive/olx_gamesentertainment_dataset/images/games_fb9763918f/3.jpg"", ""/content/drive/MyDrive/olx_gamesentertainment_dataset/images/games_fb9763918f/4.jpg"", ""/content/drive/MyDrive/olx_gamesentertainment_dataset/images/games_fb9763918f/5.jpg"", ""/content/drive/MyDrive/olx_gamesentertainment_dataset/images/games_fb9763918f/6.jpg"", ""/content/drive/MyDrive/olx_gamesentertainment_dataset/images/games_fb9763918f/7.jpg"", ""/content/drive/MyDrive/olx_gamesentertainment_dataset/images/games_fb9763918f/8.jpg"", ""/content/drive/MyDrive/olx_gamesentertainment_dataset/images/games_fb9763918f/9.jpg"", ""/content/drive/MyDrive/olx_gamesentertainment_dataset/images/games_fb9763918f/10.jpg"", ""/content/drive/MyDrive/olx_gamesentertainment_dataset/images/games_fb9763918f/11.jpg"", ""/content/drive/MyDrive/olx_gamesentertainment_dataset/images/games_fb9763918f/12.jpg"", ""/content/drive/MyDrive/olx_gamesentertainment_dataset/images/games_fb9763918f/13.jpg"", ""/content/drive/MyDrive/olx_gamesentertainment_dataset/images/games_fb9763918f/14.jpg""]",14,2025-12-08 05:48:07.634615
games_384587beee,https://www.olx.in/item/games-entertainment-c93-ps5-stand-for-both-slim-and-fat-in-autonagar-tirupati-iid-1828614152,ps5 stand for both slim and fat,serious buyers msg me - Games & Entertainment,1299,"[""/content/drive/MyDrive/olx_gamesentertainment_dataset/images/games_384587beee/1.jpg"", ""/content/drive/MyDrive/olx_gamesentertainment_dataset/images/games_384587beee/2.jpg"", ""/content/drive/MyDrive/olx_gamesentertainment_dataset/images/games_384587beee/3.jpg"", ""/content/drive/MyDrive/olx_gamesentertainment_dataset/images/games_384587beee/4.jpg"", ""/content/drive/MyDrive/olx_gamesentertainment_dataset/images/games_384587beee/5.jpg"", ""/content/drive/MyDrive/olx_gamesentertainment_dataset/images/games_384587beee/6.jpg"", ""/content/drive/MyDrive/olx_gamesentertainment_dataset/images/games_384587beee/7.jpg"", ""/content/drive/MyDrive/olx_gamesentertainment_dataset/images/games_384587beee/8.jpg"", ""/content/drive/MyDrive/olx_gamesentertainment_dataset/images/games_384587beee/9.jpg"", ""/content/drive/MyDrive/olx_gamesentertainment_dataset/images/games_384587beee/10.jpg"", ""/content/drive/MyDrive/olx_gamesentertainment_dataset/images/games_384587beee/11.jpg"", ""/content/drive/MyDrive/olx_gamesentertainment_dataset/images/games_384587beee/12.jpg"", ""/content/drive/MyDrive/olx_gamesentertainment_dataset/images/games_384587beee/13.jpg"", ""/content/drive/MyDrive/olx_gamesentertainment_dataset/images/games_384587beee/14.jpg""]",14,2025-12-08 05:48:16.539929
games_3b1c77c9eb,https://www.olx.in/item/games-entertainment-c93-24g-wireless-gaming-consokl-in-taragarh-pathankot-iid-1828610867,2.4G wireless gaming consokl,Video games - Games & Entertainment,1100,"[""/content/drive/MyDrive/olx_gamesentertainment_dataset/images/games_3b1c77c9eb/1.jpg"", ""/content/drive/MyDrive/olx_gamesentertainment_dataset/images/games_3b1c77c9eb/2.jpg"", ""/content/drive/MyDrive/olx_gamesentertainment_dataset/images/games_3b1c77c9eb/3.jpg"", ""/content/drive/MyDrive/olx_gamesentertainment_dataset/images/games_3b1c77c9eb/4.jpg"", ""/content/drive/MyDrive/olx_gamesentertainment_dataset/images/games_3b1c77c9eb/5.jpg"", ""/content/drive/MyDrive/olx_gamesentertainment_dataset/images/games_3b1c77c9eb/6.jpg"", ""/content/drive/MyDrive/olx_gamesentertainment_dataset/images/games_3b1c77c9eb/7.jpg"", ""/content/drive/MyDrive/olx_gamesentertainment_dataset/images/games_3b1c77c9eb/8.jpg"", ""/content/drive/MyDrive/olx_gamesentertainment_dataset/images/games_3b1c77c9eb/9.jpg"", ""/content/drive/MyDrive/olx_gamesentertainment_dataset/images/games_3b1c77c9eb/10.jpg"", ""/content/drive/MyDrive/olx_gamesentertainment_dataset/images/games_3b1c77c9eb/11.jpg"", ""/content/drive/MyDrive/olx_gamesentertainment_dataset/images/games_3b1c77c9eb/12.jpg"", ""/content/drive/MyDrive/olx_gamesentertainment_dataset/images/games_3b1c77c9eb/13.jpg"", ""/content/drive/MyDrive/olx_gamesentertainment_dataset/images/games_3b1c77c9eb/14.jpg""]",14,2025-12-08 05:48:25.490576
games_878ab237e0,https://www.olx.in/item/games-entertainment-c93-ps4-500gb-900-in-gagan-colony-amritsar-iid-1828614781,Ps4 500gb 9.00,Ps4 500gb 9.0 for sale tym pass door rehan 2 copy remotes new condition - Games & Entertainment,19000,"[""/content/drive/MyDrive/olx_gamesentertainment_dataset/images/games_878ab237e0/1.jpg"", ""/content/drive/MyDrive/olx_gamesentertainment_dataset/images/games_878ab237e0/2.jpg"", ""/content/drive/MyDrive/olx_gamesentertainment_dataset/images/games_878ab237e0/3.jpg"", ""/content/drive/MyDrive/olx_gamesentertainment_dataset/images/games_878ab237e0/4.jpg"", ""/content/drive/MyDrive/olx_gamesentertainment_dataset/images/games_878ab237e0/5.jpg"", ""/content/drive/MyDrive/olx_gamesentertainment_dataset/images/games_878ab237e0/6.jpg"", ""/content/drive/MyDrive/olx_gamesentertainment_dataset/images/games_878ab237e0/7.jpg"", ""/content/drive/MyDrive/olx_gamesentertainment_dataset/images/games_878ab237e0/8.jpg"", ""/content/drive/MyDrive/olx_gamesentertainment_dataset/images/games_878ab237e0/9.jpg"", ""/content/drive/MyDrive/olx_gamesentertainment_dataset/images/games_878ab237e0/10.jpg"", ""/content/drive/MyDrive/olx_gamesentertainment_dataset/images/games_878ab237e0/11.jpg"", ""/content/drive/MyDrive/olx_gamesentertainment_dataset/images/games_878ab237e0/12.jpg"", ""/content/drive/MyDrive/olx_gamesentertainment_dataset/images/games_878ab237e0/13.jpg"", ""/content/drive/MyDrive/olx_gamesentertainment_dataset/images/games_878ab237e0/14.jpg""]",14,2025-12-08 05:48:39.758478
games_bf6085256d,https://www.olx.in/item/games-entertainment-c93-playstation-4-in-ayodhya-chowk-rajkot-iid-1828207525,playstation 4,playstation 4 with 1 gold remote 500gb hard disk untouch condition - Games & Entertainment,20000,"[""/content/drive/MyDrive/olx_gamesentertainment_dataset/images/games_bf6085256d/1.jpg"", ""/content/drive/MyDrive/olx_gamesentertainment_dataset/images/games_bf6085256d/2.jpg"", ""/content/drive/MyDrive/olx_gamesentertainment_dataset/images/games_bf6085256d/3.jpg"", ""/content/drive/MyDrive/olx_gamesentertainment_dataset/images/games_bf6085256d/4.jpg"", ""/content/drive/MyDrive/olx_gamesentertainment_dataset/images/games_bf6085256d/5.jpg"", ""/content/drive/MyDrive/olx_gamesentertainment_dataset/images/games_bf6085256d/6.jpg"", ""/content/drive/MyDrive/olx_gamesentertainment_dataset/images/games_bf6085256d/7.jpg"", ""/content/drive/MyDrive/olx_gamesentertainment_dataset/images/games_bf6085256d/8.jpg"", ""/content/drive/MyDrive/olx_gamesentertainment_dataset/images/games_bf6085256d/9.jpg"", ""/content/drive/MyDrive/olx_gamesentertainment_dataset/images/games_bf6085256d/10.jpg"", ""/content/drive/MyDrive/olx_gamesentertainment_dataset/images/games_bf6085256d/11.jpg"", ""/content/drive/MyDrive/olx_gamesentertainment_dataset/images/games_bf6085256d/12.jpg"", ""/content/drive/MyDrive/olx_gamesentertainment_dataset/images/games_bf6085256d/13.jpg"", ""/content/drive/MyDrive/olx_gamesentertainment_dataset/images/games_bf6085256d/14.jpg""]",14,2025-12-08 05:48:51.122557
games_92686ccbd9,https://www.olx.in/item/games-entertainment-c93-ps5-playstation-games-in-pallikkunnu-kannur-iid-1828613800,PS5 playstation games,1. Ghost of Tsushima - 2500 2. Watchdogs Legion - 1200 - Games & Entertainment,3700,"[""/content/drive/MyDrive/olx_gamesentertainment_dataset/images/games_92686ccbd9/1.jpg"", ""/content/drive/MyDrive/olx_gamesentertainment_dataset/images/games_92686ccbd9/2.jpg"", ""/content/drive/MyDrive/olx_gamesentertainment_dataset/images/games_92686ccbd9/3.jpg"", ""/content/drive/MyDrive/olx_gamesentertainment_dataset/images/games_92686ccbd9/4.jpg"", ""/content/drive/MyDrive/olx_gamesentertainment_dataset/images/games_92686ccbd9/5.jpg"", ""/content/drive/MyDrive/olx_gamesentertainment_dataset/images/games_92686ccbd9/6.jpg"", ""/content/drive/MyDrive/olx_gamesentertainment_dataset/images/games_92686ccbd9/7.jpg"", ""/content/drive/MyDrive/olx_gamesentertainment_dataset/images/games_92686ccbd9/8.jpg"", ""/content/drive/MyDrive/olx_gamesentertainment_dataset/images/games_92686ccbd9/9.jpg"", ""/content/drive/MyDrive/olx_gamesentertainment_dataset/images/games_92686ccbd9/10.jpg"", ""/content/drive/MyDrive/olx_gamesentertainment_dataset/images/games_92686ccbd9/11.jpg"", ""/content/drive/MyDrive/olx_gamesentertainment_dataset/images/games_92686ccbd9/12.jpg"", ""/content/drive/MyDrive/olx_gamesentertainment_dataset/images/games_92686ccbd9/13.jpg"", ""/content/drive/MyDrive/olx_gamesentertainment_dataset/images/games_92686ccbd9/14.jpg""]",14,2025-12-08 05:49:02.427618
games_cd9504d44d,https://www.olx.in/item/games-entertainment-c93-1-tb-sony-ps4-pro-4k-game-in-adarsh-nagar-ajmer-iid-1810547897,1 Tb Sony PS4 PRO 4K Game,SONY PS4 PRO 15 Games Hai 1 - Assassint Creed Odyssey 2 - Cricket 19 3 - Days Gone 4 - Devil May Cry 5 5 - Fifa 20 6 - God Of War 7 - Grand Thieft Auto 5 8 - Marvel'S Spiderman 9 - Mortal Kombat 11 10 - Need For Speed Payback 11 - Red Dead Redemption 2 12 - Tekken 7 13 - Uncharted 4: A Thief'S End 14 - The Playroom 15 - WWE 2K20 - Games & Entertainment,28300,"[""/content/drive/MyDrive/olx_gamesentertainment_dataset/images/games_cd9504d44d/1.jpg"", ""/content/drive/MyDrive/olx_gamesentertainment_dataset/images/games_cd9504d44d/2.jpg"", ""/content/drive/MyDrive/olx_gamesentertainment_dataset/images/games_cd9504d44d/3.jpg"", ""/content/drive/MyDrive/olx_gamesentertainment_dataset/images/games_cd9504d44d/4.jpg"", ""/content/drive/MyDrive/olx_gamesentertainment_dataset/images/games_cd9504d44d/5.jpg"", ""/content/drive/MyDrive/olx_gamesentertainment_dataset/images/games_cd9504d44d/6.jpg"", ""/content/drive/MyDrive/olx_gamesentertainment_dataset/images/games_cd9504d44d/7.jpg"", ""/content/drive/MyDrive/olx_gamesentertainment_dataset/images/games_cd9504d44d/8.jpg"", ""/content/drive/MyDrive/olx_gamesentertainment_dataset/images/games_cd9504d44d/9.jpg"", ""/content/drive/MyDrive/olx_gamesentertainment_dataset/images/games_cd9504d44d/10.jpg"", ""/content/drive/MyDrive/olx_gamesentertainment_dataset/images/games_cd9504d44d/11.jpg"", ""/content/drive/MyDrive/olx_gamesentertainment_dataset/images/games_cd9504d44d/12.jpg"", ""/content/drive/MyDrive/olx_gamesentertainment_dataset/images/games_cd9504d44d/13.jpg"", ""/content/drive/MyDrive/olx_gamesentertainment_dataset/images/games_cd9504d44d/14.jpg""]",14,2025-12-08 05:49:10.532198
games_1bc76a9b89,https://www.olx.in/item/games-entertainment-c93-ps2-new-in-condition-newly-purchased-in-najafgarh-delhi-iid-1826279256,Ps2 new in condition newly purchased,Ps2 without Asseories only 2 controller and av cable and power cable - Games & Entertainment,2500,"[""/content/drive/MyDrive/olx_gamesentertainment_dataset/images/games_1bc76a9b89/1.jpg"", ""/content/drive/MyDrive/olx_gamesentertainment_dataset/images/games_1bc76a9b89/2.jpg"", ""/content/drive/MyDrive/olx_gamesentertainment_dataset/images/games_1bc76a9b89/3.jpg"", ""/content/drive/MyDrive/olx_gamesentertainment_dataset/images/games_1bc76a9b89/4.jpg"", ""/content/drive/MyDrive/olx_gamesentertainment_dataset/images/games_1bc76a9b89/5.jpg"", ""/content/drive/MyDrive/olx_gamesentertainment_dataset/images/games_1bc76a9b89/6.jpg"", ""/content/drive/MyDrive/olx_gamesentertainment_dataset/images/games_1bc76a9b89/7.jpg"", ""/content/drive/MyDrive/olx_gamesentertainment_dataset/images/games_1bc76a9b89/8.jpg"", ""/content/drive/MyDrive/olx_gamesentertainment_dataset/images/games_1bc76a9b89/9.jpg"", ""/content/drive/MyDrive/olx_gamesentertainment_dataset/images/games_1bc76a9b89/10.jpg"", ""/content/drive/MyDrive/olx_gamesentertainment_dataset/images/games_1bc76a9b89/11.jpg"", ""/content/drive/MyDrive/olx_gamesentertainment_dataset/images/games_1bc76a9b89/12.jpg"", ""/content/drive/MyDrive/olx_gamesentertainment_dataset/images/games_1bc76a9b89/13.jpg"", ""/content/drive/MyDrive/olx_gamesentertainment_dataset/images/games_1bc76a9b89/14.jpg""]",14,2025-12-08 05:49:21.271485
games_ce723dc9f5,https://www.olx.in/item/games-entertainment-c93-spider-man-ps4-in-sector-16c-greater-noida-iid-1828611124,Spider man -PS4,Ps4 disc spiderman miles morailes - Games & Entertainment,2100,"[""/content/drive/MyDrive/olx_gamesentertainment_dataset/images/games_ce723dc9f5/1.jpg"", ""/content/drive/MyDrive/olx_gamesentertainment_dataset/images/games_ce723dc9f5/2.jpg"", ""/content/drive/MyDrive/olx_gamesentertainment_dataset/images/games_ce723dc9f5/3.jpg"", ""/content/drive/MyDrive/olx_gamesentertainment_dataset/images/games_ce723dc9f5/4.jpg"", ""/content/drive/MyDrive/olx_gamesentertainment_dataset/images/games_ce723dc9f5/5.jpg"", ""/content/drive/MyDrive/olx_gamesentertainment_dataset/images/games_ce723dc9f5/6.jpg"", ""/content/drive/MyDrive/olx_gamesentertainment_dataset/images/games_ce723dc9f5/7.jpg"", ""/content/drive/MyDrive/olx_gamesentertainment_dataset/images/games_ce723dc9f5/8.jpg"", ""/content/drive/MyDrive/olx_gamesentertainment_dataset/images/games_ce723dc9f5/9.jpg"", ""/content/drive/MyDrive/olx_gamesentertainment_dataset/images/games_ce723dc9f5/10.jpg"", ""/content/drive/MyDrive/olx_gamesentertainment_dataset/images/games_ce723dc9f5/11.jpg"", ""/content/drive/MyDrive/olx_gamesentertainment_dataset/images/games_ce723dc9f5/12.jpg"", ""/content/drive/MyDrive/olx_gamesentertainment_dataset/images/games_ce723dc9f5/13.jpg"", ""/content/drive/MyDrive/olx_gamesentertainment_dataset/images/games_ce723dc9f5/14.jpg""]",14,2025-12-08 05:49:31.205751
games_f50d7b4da4,https://www.olx.in/item/games-entertainment-c93-ps4-verson-11-with-11-games-in-khojwa-varanasi-iid-1827940603,Ps4 verson 11 with 11 games,Ps4 verson 11 with 11 games good condition - Games & Entertainment,22000,"[""/content/drive/MyDrive/olx_gamesentertainment_dataset/images/games_f50d7b4da4/1.jpg"", ""/content/drive/MyDrive/olx_gamesentertainment_dataset/images/games_f50d7b4da4/2.jpg"", ""/content/drive/MyDrive/olx_gamesentertainment_dataset/images/games_f50d7b4da4/3.jpg"", ""/content/drive/MyDrive/olx_gamesentertainment_dataset/images/games_f50d7b4da4/4.jpg"", ""/content/drive/MyDrive/olx_gamesentertainment_dataset/images/games_f50d7b4da4/5.jpg"", ""/content/drive/MyDrive/olx_gamesentertainment_dataset/images/games_f50d7b4da4/6.jpg"", ""/content/drive/MyDrive/olx_gamesentertainment_dataset/images/games_f50d7b4da4/7.jpg"", ""/content/drive/MyDrive/olx_gamesentertainment_dataset/images/games_f50d7b4da4/8.jpg"", ""/content/drive/MyDrive/olx_gamesentertainment_dataset/images/games_f50d7b4da4/9.jpg"", ""/content/drive/MyDrive/olx_gamesentertainment_dataset/images/games_f50d7b4da4/10.jpg"", ""/content/drive/MyDrive/olx_gamesentertainment_dataset/images/games_f50d7b4da4/11.jpg"", ""/content/drive/MyDrive/olx_gamesentertainment_dataset/images/games_f50d7b4da4/12.jpg"", ""/content/drive/MyDrive/olx_gamesentertainment_dataset/images/games_f50d7b4da4/13.jpg"", ""/content/drive/MyDrive/olx_gamesentertainment_dataset/images/games_f50d7b4da4/14.jpg""]",14,2025-12-08 05:49:40.590396
games_b16948d0aa,https://www.olx.in/item/games-entertainment-c93-helicopter-rc-in-shakti-nagar-udhampur-iid-1828615371,Helicopter rc,Helicopter rc with sensor buy it super condition - Games & Entertainment,400,"[""/content/drive/MyDrive/olx_gamesentertainment_dataset/images/games_b16948d0aa/1.jpg"", ""/content/drive/MyDrive/olx_gamesentertainment_dataset/images/games_b16948d0aa/2.jpg"", ""/content/drive/MyDrive/olx_gamesentertainment_dataset/images/games_b16948d0aa/3.jpg"", ""/content/drive/MyDrive/olx_gamesentertainment_dataset/images/games_b16948d0aa/4.jpg"", ""/content/drive/MyDrive/olx_gamesentertainment_dataset/images/games_b16948d0aa/5.jpg"", ""/content/drive/MyDrive/olx_gamesentertainment_dataset/images/games_b16948d0aa/6.jpg"", ""/content/drive/MyDrive/olx_gamesentertainment_dataset/images/games_b16948d0aa/7.jpg"", ""/content/drive/MyDrive/olx_gamesentertainment_dataset/images/games_b16948d0aa/8.jpg"", ""/content/drive/MyDrive/olx_gamesentertainment_dataset/images/games_b16948d0aa/9.jpg"", ""/content/drive/MyDrive/olx_gamesentertainment_dataset/images/games_b16948d0aa/10.jpg"", ""/content/drive/MyDrive/olx_gamesentertainment_dataset/images/games_b16948d0aa/11.jpg"", ""/content/drive/MyDrive/olx_gamesentertainment_dataset/images/games_b16948d0aa/12.jpg"", ""/content/drive/MyDrive/olx_gamesentertainment_dataset/images/games_b16948d0aa/13.jpg"", ""/content/drive/MyDrive/olx_gamesentertainment_dataset/images/games_b16948d0aa/14.jpg""]",14,2025-12-08 05:49:51.653840
games_4aa8c865dc,https://www.olx.in/item/games-entertainment-c93-ps4-controller-in-mina-curtorim-iid-1828614220,PS4 controller,Ps4 controller 6 months warranty gud condition - Games & Entertainment,2300,"[""/content/drive/MyDrive/olx_gamesentertainment_dataset/images/games_4aa8c865dc/1.jpg"", ""/content/drive/MyDrive/olx_gamesentertainment_dataset/images/games_4aa8c865dc/2.jpg"", ""/content/drive/MyDrive/olx_gamesentertainment_dataset/images/games_4aa8c865dc/3.jpg"", ""/content/drive/MyDrive/olx_gamesentertainment_dataset/images/games_4aa8c865dc/4.jpg"", ""/content/drive/MyDrive/olx_gamesentertainment_dataset/images/games_4aa8c865dc/5.jpg"", ""/content/drive/MyDrive/olx_gamesentertainment_dataset/images/games_4aa8c865dc/6.jpg"", ""/content/drive/MyDrive/olx_gamesentertainment_dataset/images/games_4aa8c865dc/7.jpg"", ""/content/drive/MyDrive/olx_gamesentertainment_dataset/images/games_4aa8c865dc/8.jpg"", ""/content/drive/MyDrive/olx_gamesentertainment_dataset/images/games_4aa8c865dc/9.jpg"", ""/content/drive/MyDrive/olx_gamesentertainment_dataset/images/games_4aa8c865dc/10.jpg"", ""/content/drive/MyDrive/olx_gamesentertainment_dataset/images/games_4aa8c865dc/11.jpg"", ""/content/drive/MyDrive/olx_gamesentertainment_dataset/images/games_4aa8c865dc/12.jpg"", ""/content/drive/MyDrive/olx_gamesentertainment_dataset/images/games_4aa8c865dc/13.jpg"", ""/content/drive/MyDrive/olx_gamesentertainment_dataset/images/games_4aa8c865dc/14.jpg""]",14,2025-12-08 05:50:01.811522
games_5f838a73b9,https://www.olx.in/item/games-entertainment-c93-playstation-5-with-acer-monitor-38-inch-in-dadri-uttar-pradesh-iid-1826148945,Playstation 5 With Acer Monitor 38 Inch,Playstation 5 for sale in excellent condition rarely used 825gb with 7 games If you want ps5 only then the offer is 50k - Games & Entertainment,72000,"[""/content/drive/MyDrive/olx_gamesentertainment_dataset/images/games_5f838a73b9/1.jpg"", ""/content/drive/MyDrive/olx_gamesentertainment_dataset/images/games_5f838a73b9/2.jpg"", ""/content/drive/MyDrive/olx_gamesentertainment_dataset/images/games_5f838a73b9/3.jpg"", ""/content/drive/MyDrive/olx_gamesentertainment_dataset/images/games_5f838a73b9/4.jpg"", ""/content/drive/MyDrive/olx_gamesentertainment_dataset/images/games_5f838a73b9/5.jpg"", ""/content/drive/MyDrive/olx_gamesentertainment_dataset/images/games_5f838a73b9/6.jpg"", ""/content/drive/MyDrive/olx_gamesentertainment_dataset/images/games_5f838a73b9/7.jpg"", ""/content/drive/MyDrive/olx_gamesentertainment_dataset/images/games_5f838a73b9/8.jpg"", ""/content/drive/MyDrive/olx_gamesentertainment_dataset/images/games_5f838a73b9/9.jpg"", ""/content/drive/MyDrive/olx_gamesentertainment_dataset/images/games_5f838a73b9/10.jpg"", ""/content/drive/MyDrive/olx_gamesentertainment_dataset/images/games_5f838a73b9/11.jpg"", ""/content/drive/MyDrive/olx_gamesentertainment_dataset/images/games_5f838a73b9/12.jpg"", ""/content/drive/MyDrive/olx_gamesentertainment_dataset/images/games_5f838a73b9/13.jpg"", ""/content/drive/MyDrive/olx_gamesentertainment_dataset/images/games_5f838a73b9/14.jpg""]",14,2025-12-08 05:50:27.458166
games_fda4f117cb,https://www.olx.in/item/games-entertainment-c93-ps5-gaming-just-like-new-have-not-used-in-kodathi-bengaluru-iid-1826622869,Ps5 Gaming just like new. Have not used.,Gaming Console. Have used it for a year. No scratch. I will also give Football 2025 disk for free and complete box set - Games & Entertainment,39500,"[""/content/drive/MyDrive/olx_gamesentertainment_dataset/images/games_fda4f117cb/1.jpg"", ""/content/drive/MyDrive/olx_gamesentertainment_dataset/images/games_fda4f117cb/2.jpg"", ""/content/drive/MyDrive/olx_gamesentertainment_dataset/images/games_fda4f117cb/3.jpg"", ""/content/drive/MyDrive/olx_gamesentertainment_dataset/images/games_fda4f117cb/4.jpg"", ""/content/drive/MyDrive/olx_gamesentertainment_dataset/images/games_fda4f117cb/5.jpg"", ""/content/drive/MyDrive/olx_gamesentertainment_dataset/images/games_fda4f117cb/6.jpg"", ""/content/drive/MyDrive/olx_gamesentertainment_dataset/images/games_fda4f117cb/7.jpg"", ""/content/drive/MyDrive/olx_gamesentertainment_dataset/images/games_fda4f117cb/8.jpg"", ""/content/drive/MyDrive/olx_gamesentertainment_dataset/images/games_fda4f117cb/9.jpg"", ""/content/drive/MyDrive/olx_gamesentertainment_dataset/images/games_fda4f117cb/10.jpg"", ""/content/drive/MyDrive/olx_gamesentertainment_dataset/images/games_fda4f117cb/11.jpg"", ""/content/drive/MyDrive/olx_gamesentertainment_dataset/images/games_fda4f117cb/12.jpg"", ""/content/drive/MyDrive/olx_gamesentertainment_dataset/images/games_fda4f117cb/13.jpg"", ""/content/drive/MyDrive/olx_gamesentertainment_dataset/images/games_fda4f117cb/14.jpg""]",14,2025-12-08 05:50:37.978362
games_d94088bc0d,https://www.olx.in/item/games-entertainment-c93-gaming-keyboard-and-mouse-with-adaptor-for-mobile-in-upper-worli-mumbai-iid-1828610665,Gaming keyboard and mouse with adaptor for mobile,A gaming keyboard and mouse for mobile only 1month old - Games & Entertainment,800,"[""/content/drive/MyDrive/olx_gamesentertainment_dataset/images/games_d94088bc0d/1.jpg"", ""/content/drive/MyDrive/olx_gamesentertainment_dataset/images/games_d94088bc0d/2.jpg"", ""/content/drive/MyDrive/olx_gamesentertainment_dataset/images/games_d94088bc0d/3.jpg"", ""/content/drive/MyDrive/olx_gamesentertainment_dataset/images/games_d94088bc0d/4.jpg"", ""/content/drive/MyDrive/olx_gamesentertainment_dataset/images/games_d94088bc0d/5.jpg"", ""/content/drive/MyDrive/olx_gamesentertainment_dataset/images/games_d94088bc0d/6.jpg"", ""/content/drive/MyDrive/olx_gamesentertainment_dataset/images/games_d94088bc0d/7.jpg"", ""/content/drive/MyDrive/olx_gamesentertainment_dataset/images/games_d94088bc0d/8.jpg"", ""/content/drive/MyDrive/olx_gamesentertainment_dataset/images/games_d94088bc0d/9.jpg"", ""/content/drive/MyDrive/olx_gamesentertainment_dataset/images/games_d94088bc0d/10.jpg"", ""/content/drive/MyDrive/olx_gamesentertainment_dataset/images/games_d94088bc0d/11.jpg"", ""/content/drive/MyDrive/olx_gamesentertainment_dataset/images/games_d94088bc0d/12.jpg"", ""/content/drive/MyDrive/olx_gamesentertainment_dataset/images/games_d94088bc0d/13.jpg"", ""/content/drive/MyDrive/olx_gamesentertainment_dataset/images/games_d94088bc0d/14.jpg""]",14,2025-12-08 05:50:49.426090
games_a2f1cb77a7,https://www.olx.in/item/games-entertainment-c93-ps5-rarely-used-cheap-price-selling-in-adhanur-madambakkam-iid-1828612060,Ps5 rarely used cheap price selling,One joystick - Games & Entertainment,36000,"[""/content/drive/MyDrive/olx_gamesentertainment_dataset/images/games_a2f1cb77a7/1.jpg"", ""/content/drive/MyDrive/olx_gamesentertainment_dataset/images/games_a2f1cb77a7/2.jpg"", ""/content/drive/MyDrive/olx_gamesentertainment_dataset/images/games_a2f1cb77a7/3.jpg"", ""/content/drive/MyDrive/olx_gamesentertainment_dataset/images/games_a2f1cb77a7/4.jpg"", ""/content/drive/MyDrive/olx_gamesentertainment_dataset/images/games_a2f1cb77a7/5.jpg"", ""/content/drive/MyDrive/olx_gamesentertainment_dataset/images/games_a2f1cb77a7/6.jpg"", ""/content/drive/MyDrive/olx_gamesentertainment_dataset/images/games_a2f1cb77a7/7.jpg"", ""/content/drive/MyDrive/olx_gamesentertainment_dataset/images/games_a2f1cb77a7/8.jpg"", ""/content/drive/MyDrive/olx_gamesentertainment_dataset/images/games_a2f1cb77a7/9.jpg"", ""/content/drive/MyDrive/olx_gamesentertainment_dataset/images/games_a2f1cb77a7/10.jpg"", ""/content/drive/MyDrive/olx_gamesentertainment_dataset/images/games_a2f1cb77a7/11.jpg"", ""/content/drive/MyDrive/olx_gamesentertainment_dataset/images/games_a2f1cb77a7/12.jpg"", ""/content/drive/MyDrive/olx_gamesentertainment_dataset/images/games_a2f1cb77a7/13.jpg"", ""/content/drive/MyDrive/olx_gamesentertainment_dataset/images/games_a2f1cb77a7/14.jpg""]",14,2025-12-08 05:51:00.344749
games_06becd80c6,https://www.olx.in/item/games-entertainment-c93-play-station-4-in-chuna-mandi-delhi-iid-1814568477,Play station 4,Rent Aap mere ghar per khel sakte ho aake aapko 1 hour ke 50 dene padenge ac room ke sath Ghar ke liye chaiye 500 rupee rkh ke jao leke jaao adhar card sath Lana padega Games ke liye free hai controller ke alag se 50 rupee lagenge Tekken 7 God of war remastered God of war 4 Spider man Uncharted 4 Horizon God of war Ragnarok Pes 2015 Gta v Nfs Dragon Ball z kakarot Extra controller 100 rupees. Charge - Games & Entertainment,50,"[""/content/drive/MyDrive/olx_gamesentertainment_dataset/images/games_06becd80c6/1.jpg"", ""/content/drive/MyDrive/olx_gamesentertainment_dataset/images/games_06becd80c6/2.jpg"", ""/content/drive/MyDrive/olx_gamesentertainment_dataset/images/games_06becd80c6/3.jpg"", ""/content/drive/MyDrive/olx_gamesentertainment_dataset/images/games_06becd80c6/4.jpg"", ""/content/drive/MyDrive/olx_gamesentertainment_dataset/images/games_06becd80c6/5.jpg"", ""/content/drive/MyDrive/olx_gamesentertainment_dataset/images/games_06becd80c6/6.jpg"", ""/content/drive/MyDrive/olx_gamesentertainment_dataset/images/games_06becd80c6/7.jpg"", ""/content/drive/MyDrive/olx_gamesentertainment_dataset/images/games_06becd80c6/8.jpg"", ""/content/drive/MyDrive/olx_gamesentertainment_dataset/images/games_06becd80c6/9.jpg"", ""/content/drive/MyDrive/olx_gamesentertainment_dataset/images/games_06becd80c6/10.jpg"", ""/content/drive/MyDrive/olx_gamesentertainment_dataset/images/games_06becd80c6/11.jpg"", ""/content/drive/MyDrive/olx_gamesentertainment_dataset/images/games_06becd80c6/12.jpg"", ""/content/drive/MyDrive/olx_gamesentertainment_dataset/images/games_06becd80c6/13.jpg"", ""/content/drive/MyDrive/olx_gamesentertainment_dataset/images/games_06becd80c6/14.jpg""]",14,2025-12-08 05:51:12.263006
games_9a234e1fc2,https://www.olx.in/item/games-entertainment-c93-ps4-slim-1-tb-in-excellent-condition-in-sardar-avenue-amritsar-iid-1828615230,Ps4 Slim 1 TB in excellent condition,"I'm selling my ps4 slim that is in excellent condition with red remote controller and inbuilt games like mortal combat, wwe 2k 23, a way out etc - Games & Entertainment",22000,"[""/content/drive/MyDrive/olx_gamesentertainment_dataset/images/games_9a234e1fc2/1.jpg"", ""/content/drive/MyDrive/olx_gamesentertainment_dataset/images/games_9a234e1fc2/2.jpg"", ""/content/drive/MyDrive/olx_gamesentertainment_dataset/images/games_9a234e1fc2/3.jpg"", ""/content/drive/MyDrive/olx_gamesentertainment_dataset/images/games_9a234e1fc2/4.jpg"", ""/content/drive/MyDrive/olx_gamesentertainment_dataset/images/games_9a234e1fc2/5.jpg"", ""/content/drive/MyDrive/olx_gamesentertainment_dataset/images/games_9a234e1fc2/6.jpg"", ""/content/drive/MyDrive/olx_gamesentertainment_dataset/images/games_9a234e1fc2/7.jpg"", ""/content/drive/MyDrive/olx_gamesentertainment_dataset/images/games_9a234e1fc2/8.jpg"", ""/content/drive/MyDrive/olx_gamesentertainment_dataset/images/games_9a234e1fc2/9.jpg"", ""/content/drive/MyDrive/olx_gamesentertainment_dataset/images/games_9a234e1fc2/10.jpg"", ""/content/drive/MyDrive/olx_gamesentertainment_dataset/images/games_9a234e1fc2/11.jpg"", ""/content/drive/MyDrive/olx_gamesentertainment_dataset/images/games_9a234e1fc2/12.jpg"", ""/content/drive/MyDrive/olx_gamesentertainment_dataset/images/games_9a234e1fc2/13.jpg"", ""/content/drive/MyDrive/olx_gamesentertainment_dataset/images/games_9a234e1fc2/14.jpg""]",14,2025-12-08 05:51:21.989819
games_dde338107a,https://www.olx.in/item/games-entertainment-c93-ps3-with-15-games-and-one-controller-in-focal-point-ludhiana-iid-1828467184,Ps3 with 15 games and one controller.,"Ps3 with 15 games. God of war 3, God of war ascension, uncharted 2, uncharted 3, spiderman, batman akrham, tomb raider, assassins creed, GTA v, wwe 2k17, the last of us. And many more - Games & Entertainment",15000,"[""/content/drive/MyDrive/olx_gamesentertainment_dataset/images/games_dde338107a/1.jpg"", ""/content/drive/MyDrive/olx_gamesentertainment_dataset/images/games_dde338107a/2.jpg"", ""/content/drive/MyDrive/olx_gamesentertainment_dataset/images/games_dde338107a/3.jpg"", ""/content/drive/MyDrive/olx_gamesentertainment_dataset/images/games_dde338107a/4.jpg"", ""/content/drive/MyDrive/olx_gamesentertainment_dataset/images/games_dde338107a/5.jpg"", ""/content/drive/MyDrive/olx_gamesentertainment_dataset/images/games_dde338107a/6.jpg"", ""/content/drive/MyDrive/olx_gamesentertainment_dataset/images/games_dde338107a/7.jpg"", ""/content/drive/MyDrive/olx_gamesentertainment_dataset/images/games_dde338107a/8.jpg"", ""/content/drive/MyDrive/olx_gamesentertainment_dataset/images/games_dde338107a/9.jpg"", ""/content/drive/MyDrive/olx_gamesentertainment_dataset/images/games_dde338107a/10.jpg"", ""/content/drive/MyDrive/olx_gamesentertainment_dataset/images/games_dde338107a/11.jpg"", ""/content/drive/MyDrive/olx_gamesentertainment_dataset/images/games_dde338107a/12.jpg"", ""/content/drive/MyDrive/olx_gamesentertainment_dataset/images/games_dde338107a/13.jpg"", ""/content/drive/MyDrive/olx_gamesentertainment_dataset/images/games_dde338107a/14.jpg""]",14,2025-12-08 05:51:31.386584
games_424d4d0ea8,https://www.olx.in/item/games-entertainment-c93-gamestick-controller-gamepad-gd30-in-jamia-osmania-hyderabad-iid-1817954397,Gamestick Controller Gamepad GD30,GD30 Gud condition 64Gb - Games & Entertainment,2500,"[""/content/drive/MyDrive/olx_gamesentertainment_dataset/images/games_424d4d0ea8/1.jpg"", ""/content/drive/MyDrive/olx_gamesentertainment_dataset/images/games_424d4d0ea8/2.jpg"", ""/content/drive/MyDrive/olx_gamesentertainment_dataset/images/games_424d4d0ea8/3.jpg"", ""/content/drive/MyDrive/olx_gamesentertainment_dataset/images/games_424d4d0ea8/4.jpg"", ""/content/drive/MyDrive/olx_gamesentertainment_dataset/images/games_424d4d0ea8/5.jpg"", ""/content/drive/MyDrive/olx_gamesentertainment_dataset/images/games_424d4d0ea8/6.jpg"", ""/content/drive/MyDrive/olx_gamesentertainment_dataset/images/games_424d4d0ea8/7.jpg"", ""/content/drive/MyDrive/olx_gamesentertainment_dataset/images/games_424d4d0ea8/8.jpg"", ""/content/drive/MyDrive/olx_gamesentertainment_dataset/images/games_424d4d0ea8/9.jpg"", ""/content/drive/MyDrive/olx_gamesentertainment_dataset/images/games_424d4d0ea8/10.jpg"", ""/content/drive/MyDrive/olx_gamesentertainment_dataset/images/games_424d4d0ea8/11.jpg"", ""/content/drive/MyDrive/olx_gamesentertainment_dataset/images/games_424d4d0ea8/12.jpg"", ""/content/drive/MyDrive/olx_gamesentertainment_dataset/images/games_424d4d0ea8/13.jpg"", ""/content/drive/MyDrive/olx_gamesentertainment_dataset/images/games_424d4d0ea8/14.jpg""]",14,2025-12-08 05:51:45.515318
games_e55149ba81,https://www.olx.in/item/games-entertainment-c93-playstation-3-very-good-candisan-gta-5-available-in-malka-ganj-delhi-iid-1828425443,PlayStation 3 very good candisan GTA 5 available,Hard disk 320 GB Available HDMI cable original controller - Games & Entertainment,10500,"[""/content/drive/MyDrive/olx_gamesentertainment_dataset/images/games_e55149ba81/1.jpg"", ""/content/drive/MyDrive/olx_gamesentertainment_dataset/images/games_e55149ba81/2.jpg"", ""/content/drive/MyDrive/olx_gamesentertainment_dataset/images/games_e55149ba81/3.jpg"", ""/content/drive/MyDrive/olx_gamesentertainment_dataset/images/games_e55149ba81/4.jpg"", ""/content/drive/MyDrive/olx_gamesentertainment_dataset/images/games_e55149ba81/5.jpg"", ""/content/drive/MyDrive/olx_gamesentertainment_dataset/images/games_e55149ba81/6.jpg"", ""/content/drive/MyDrive/olx_gamesentertainment_dataset/images/games_e55149ba81/7.jpg"", ""/content/drive/MyDrive/olx_gamesentertainment_dataset/images/games_e55149ba81/8.jpg"", ""/content/drive/MyDrive/olx_gamesentertainment_dataset/images/games_e55149ba81/9.jpg"", ""/content/drive/MyDrive/olx_gamesentertainment_dataset/images/games_e55149ba81/10.jpg"", ""/content/drive/MyDrive/olx_gamesentertainment_dataset/images/games_e55149ba81/11.jpg"", ""/content/drive/MyDrive/olx_gamesentertainment_dataset/images/games_e55149ba81/12.jpg"", ""/content/drive/MyDrive/olx_gamesentertainment_dataset/images/games_e55149ba81/13.jpg"", ""/content/drive/MyDrive/olx_gamesentertainment_dataset/images/games_e55149ba81/14.jpg""]",14,2025-12-08 05:51:56.729060
games_01d0f5f74d,https://www.olx.in/item/games-entertainment-c93-psp-playstation-portable-in-kalina-mumbai-iid-1828596830,PSP (playstation portable),PSP 3000 in mint condition with 80+ games. comes with original charger and battery no box. only serious buyers contact. non negotiable - Games & Entertainment,5500,"[""/content/drive/MyDrive/olx_gamesentertainment_dataset/images/games_01d0f5f74d/1.jpg"", ""/content/drive/MyDrive/olx_gamesentertainment_dataset/images/games_01d0f5f74d/2.jpg"", ""/content/drive/MyDrive/olx_gamesentertainment_dataset/images/games_01d0f5f74d/3.jpg"", ""/content/drive/MyDrive/olx_gamesentertainment_dataset/images/games_01d0f5f74d/4.jpg"", ""/content/drive/MyDrive/olx_gamesentertainment_dataset/images/games_01d0f5f74d/5.jpg"", ""/content/drive/MyDrive/olx_gamesentertainment_dataset/images/games_01d0f5f74d/6.jpg"", ""/content/drive/MyDrive/olx_gamesentertainment_dataset/images/games_01d0f5f74d/7.jpg"", ""/content/drive/MyDrive/olx_gamesentertainment_dataset/images/games_01d0f5f74d/8.jpg"", ""/content/drive/MyDrive/olx_gamesentertainment_dataset/images/games_01d0f5f74d/9.jpg"", ""/content/drive/MyDrive/olx_gamesentertainment_dataset/images/games_01d0f5f74d/10.jpg"", ""/content/drive/MyDrive/olx_gamesentertainment_dataset/images/games_01d0f5f74d/11.jpg"", ""/content/drive/MyDrive/olx_gamesentertainment_dataset/images/games_01d0f5f74d/12.jpg"", ""/content/drive/MyDrive/olx_gamesentertainment_dataset/images/games_01d0f5f74d/13.jpg"", ""/content/drive/MyDrive/olx_gamesentertainment_dataset/images/games_01d0f5f74d/14.jpg""]",14,2025-12-08 05:52:08.356146
games_de21259445,https://www.olx.in/item/games-entertainment-c93-xbox-one-available-sale-in-kodambakkam-chennai-iid-1828611784,xbox one available sale,"new condition , rare disk available ,rare games available price negtioable ,one controller - Games & Entertainment",9999,"[""/content/drive/MyDrive/olx_gamesentertainment_dataset/images/games_de21259445/1.jpg"", ""/content/drive/MyDrive/olx_gamesentertainment_dataset/images/games_de21259445/2.jpg"", ""/content/drive/MyDrive/olx_gamesentertainment_dataset/images/games_de21259445/3.jpg"", ""/content/drive/MyDrive/olx_gamesentertainment_dataset/images/games_de21259445/4.jpg"", ""/content/drive/MyDrive/olx_gamesentertainment_dataset/images/games_de21259445/5.jpg"", ""/content/drive/MyDrive/olx_gamesentertainment_dataset/images/games_de21259445/6.jpg"", ""/content/drive/MyDrive/olx_gamesentertainment_dataset/images/games_de21259445/7.jpg"", ""/content/drive/MyDrive/olx_gamesentertainment_dataset/images/games_de21259445/8.jpg"", ""/content/drive/MyDrive/olx_gamesentertainment_dataset/images/games_de21259445/9.jpg"", ""/content/drive/MyDrive/olx_gamesentertainment_dataset/images/games_de21259445/10.jpg"", ""/content/drive/MyDrive/olx_gamesentertainment_dataset/images/games_de21259445/11.jpg"", ""/content/drive/MyDrive/olx_gamesentertainment_dataset/images/games_de21259445/12.jpg"", ""/content/drive/MyDrive/olx_gamesentertainment_dataset/images/games_de21259445/13.jpg"", ""/content/drive/MyDrive/olx_gamesentertainment_dataset/images/games_de21259445/14.jpg""]",14,2025-12-08 05:52:19.914258
games_6fc0902c34,https://www.olx.in/item/games-entertainment-c93-ps5-brand-new-slim-latest-console-in-koramangala-bengaluru-iid-1763375467,Ps5 Brand new Slim latest console,Used and new all types of gaming consoles available used starts from 35000 Ps5 fat Ps5 slim All available used and new We also exchange consoles You can trade your ps4 for best price to buy Playstation 5 console - Games & Entertainment,35000,"[""/content/drive/MyDrive/olx_gamesentertainment_dataset/images/games_6fc0902c34/1.jpg"", ""/content/drive/MyDrive/olx_gamesentertainment_dataset/images/games_6fc0902c34/2.jpg"", ""/content/drive/MyDrive/olx_gamesentertainment_dataset/images/games_6fc0902c34/3.jpg"", ""/content/drive/MyDrive/olx_gamesentertainment_dataset/images/games_6fc0902c34/4.jpg"", ""/content/drive/MyDrive/olx_gamesentertainment_dataset/images/games_6fc0902c34/5.jpg"", ""/content/drive/MyDrive/olx_gamesentertainment_dataset/images/games_6fc0902c34/6.jpg"", ""/content/drive/MyDrive/olx_gamesentertainment_dataset/images/games_6fc0902c34/7.jpg"", ""/content/drive/MyDrive/olx_gamesentertainment_dataset/images/games_6fc0902c34/8.jpg"", ""/content/drive/MyDrive/olx_gamesentertainment_dataset/images/games_6fc0902c34/9.jpg"", ""/content/drive/MyDrive/olx_gamesentertainment_dataset/images/games_6fc0902c34/10.jpg"", ""/content/drive/MyDrive/olx_gamesentertainment_dataset/images/games_6fc0902c34/11.jpg"", ""/content/drive/MyDrive/olx_gamesentertainment_dataset/images/games_6fc0902c34/12.jpg"", ""/content/drive/MyDrive/olx_gamesentertainment_dataset/images/games_6fc0902c34/13.jpg"", ""/content/drive/MyDrive/olx_gamesentertainment_dataset/images/games_6fc0902c34/14.jpg""]",14,2025-12-08 05:52:34.553209
games_4adf42022a,https://www.olx.in/item/games-entertainment-c93-sony-playstation-4ps4-game-console-in-ambica-patty-silchar-iid-1828607993,Sony PlayStation 4(ps4) game console.,Selling my Sony PlayStation 4(Ps4) game console very less used only 3 years old excellent condition. Only genuine buyer contact me. Price little bit negotiable. - Games & Entertainment,20000,"[""/content/drive/MyDrive/olx_gamesentertainment_dataset/images/games_4adf42022a/1.jpg"", ""/content/drive/MyDrive/olx_gamesentertainment_dataset/images/games_4adf42022a/2.jpg"", ""/content/drive/MyDrive/olx_gamesentertainment_dataset/images/games_4adf42022a/3.jpg"", ""/content/drive/MyDrive/olx_gamesentertainment_dataset/images/games_4adf42022a/4.jpg"", ""/content/drive/MyDrive/olx_gamesentertainment_dataset/images/games_4adf42022a/5.jpg"", ""/content/drive/MyDrive/olx_gamesentertainment_dataset/images/games_4adf42022a/6.jpg"", ""/content/drive/MyDrive/olx_gamesentertainment_dataset/images/games_4adf42022a/7.jpg"", ""/content/drive/MyDrive/olx_gamesentertainment_dataset/images/games_4adf42022a/8.jpg"", ""/content/drive/MyDrive/olx_gamesentertainment_dataset/images/games_4adf42022a/9.jpg"", ""/content/drive/MyDrive/olx_gamesentertainment_dataset/images/games_4adf42022a/10.jpg"", ""/content/drive/MyDrive/olx_gamesentertainment_dataset/images/games_4adf42022a/11.jpg"", ""/content/drive/MyDrive/olx_gamesentertainment_dataset/images/games_4adf42022a/12.jpg"", ""/content/drive/MyDrive/olx_gamesentertainment_dataset/images/games_4adf42022a/13.jpg"", ""/content/drive/MyDrive/olx_gamesentertainment_dataset/images/games_4adf42022a/14.jpg""]",14,2025-12-08 05:52:45.479591
games_94be0b7426,https://www.olx.in/item/games-entertainment-c93-elatrical-julha-in-doraha-colony-doraha-iid-1826311677,Elatrical julha,Some day use new a bilkul with bill & dabba - Games & Entertainment,5500,"[""/content/drive/MyDrive/olx_gamesentertainment_dataset/images/games_94be0b7426/1.jpg"", ""/content/drive/MyDrive/olx_gamesentertainment_dataset/images/games_94be0b7426/2.jpg"", ""/content/drive/MyDrive/olx_gamesentertainment_dataset/images/games_94be0b7426/3.jpg"", ""/content/drive/MyDrive/olx_gamesentertainment_dataset/images/games_94be0b7426/4.jpg"", ""/content/drive/MyDrive/olx_gamesentertainment_dataset/images/games_94be0b7426/5.jpg"", ""/content/drive/MyDrive/olx_gamesentertainment_dataset/images/games_94be0b7426/6.jpg"", ""/content/drive/MyDrive/olx_gamesentertainment_dataset/images/games_94be0b7426/7.jpg"", ""/content/drive/MyDrive/olx_gamesentertainment_dataset/images/games_94be0b7426/8.jpg"", ""/content/drive/MyDrive/olx_gamesentertainment_dataset/images/games_94be0b7426/9.jpg"", ""/content/drive/MyDrive/olx_gamesentertainment_dataset/images/games_94be0b7426/10.jpg"", ""/content/drive/MyDrive/olx_gamesentertainment_dataset/images/games_94be0b7426/11.jpg"", ""/content/drive/MyDrive/olx_gamesentertainment_dataset/images/games_94be0b7426/12.jpg"", ""/content/drive/MyDrive/olx_gamesentertainment_dataset/images/games_94be0b7426/13.jpg"", ""/content/drive/MyDrive/olx_gamesentertainment_dataset/images/games_94be0b7426/14.jpg""]",14,2025-12-08 05:52:54.874846
games_f2883a1b3d,https://www.olx.in/item/games-entertainment-c93-ps5-launch-edition-spiderman-2-game-disk-in-islamabad-amritsar-iid-1828606737,Ps5 launch edition spiderman 2 game disk,Brand new condition - Games & Entertainment,3000,"[""/content/drive/MyDrive/olx_gamesentertainment_dataset/images/games_f2883a1b3d/1.jpg"", ""/content/drive/MyDrive/olx_gamesentertainment_dataset/images/games_f2883a1b3d/2.jpg"", ""/content/drive/MyDrive/olx_gamesentertainment_dataset/images/games_f2883a1b3d/3.jpg"", ""/content/drive/MyDrive/olx_gamesentertainment_dataset/images/games_f2883a1b3d/4.jpg"", ""/content/drive/MyDrive/olx_gamesentertainment_dataset/images/games_f2883a1b3d/5.jpg"", ""/content/drive/MyDrive/olx_gamesentertainment_dataset/images/games_f2883a1b3d/6.jpg"", ""/content/drive/MyDrive/olx_gamesentertainment_dataset/images/games_f2883a1b3d/7.jpg"", ""/content/drive/MyDrive/olx_gamesentertainment_dataset/images/games_f2883a1b3d/8.jpg"", ""/content/drive/MyDrive/olx_gamesentertainment_dataset/images/games_f2883a1b3d/9.jpg"", ""/content/drive/MyDrive/olx_gamesentertainment_dataset/images/games_f2883a1b3d/10.jpg"", ""/content/drive/MyDrive/olx_gamesentertainment_dataset/images/games_f2883a1b3d/11.jpg"", ""/content/drive/MyDrive/olx_gamesentertainment_dataset/images/games_f2883a1b3d/12.jpg"", ""/content/drive/MyDrive/olx_gamesentertainment_dataset/images/games_f2883a1b3d/13.jpg"", ""/content/drive/MyDrive/olx_gamesentertainment_dataset/images/games_f2883a1b3d/14.jpg""]",14,2025-12-08 05:53:06.803858
games_fcb2eaa349,https://www.olx.in/item/games-entertainment-c93-expert-ps4-ps5-repair-service-console-controller-in-kovoor-kozhikode-iid-1828607432,Expert PS4 & PS5 Repair Service  Console & Controller,"Our Services: Controller Repair: Fixing Analog Stick Drift, R2/L2 triggers, charging issues, and button replacements. Deep Cleaning & Servicing: Fix loud fan noise (Jet engine sound) and overheating issues. Includes high-quality thermal paste application. HDMI & Port Repairs: Broken HDMI ports, USB ports, or display issues. Power Issues: Console turning off randomly or not turning on (BLOD/WLOD). Disc Drive Issues: Games not reading or discs getting stuck. - Games & Entertainment",499,"[""/content/drive/MyDrive/olx_gamesentertainment_dataset/images/games_fcb2eaa349/1.jpg"", ""/content/drive/MyDrive/olx_gamesentertainment_dataset/images/games_fcb2eaa349/2.jpg"", ""/content/drive/MyDrive/olx_gamesentertainment_dataset/images/games_fcb2eaa349/3.jpg"", ""/content/drive/MyDrive/olx_gamesentertainment_dataset/images/games_fcb2eaa349/4.jpg"", ""/content/drive/MyDrive/olx_gamesentertainment_dataset/images/games_fcb2eaa349/5.jpg"", ""/content/drive/MyDrive/olx_gamesentertainment_dataset/images/games_fcb2eaa349/6.jpg"", ""/content/drive/MyDrive/olx_gamesentertainment_dataset/images/games_fcb2eaa349/7.jpg"", ""/content/drive/MyDrive/olx_gamesentertainment_dataset/images/games_fcb2eaa349/8.jpg"", ""/content/drive/MyDrive/olx_gamesentertainment_dataset/images/games_fcb2eaa349/9.jpg"", ""/content/drive/MyDrive/olx_gamesentertainment_dataset/images/games_fcb2eaa349/10.jpg"", ""/content/drive/MyDrive/olx_gamesentertainment_dataset/images/games_fcb2eaa349/11.jpg"", ""/content/drive/MyDrive/olx_gamesentertainment_dataset/images/games_fcb2eaa349/12.jpg"", ""/content/drive/MyDrive/olx_gamesentertainment_dataset/images/games_fcb2eaa349/13.jpg"", ""/content/drive/MyDrive/olx_gamesentertainment_dataset/images/games_fcb2eaa349/14.jpg"", ""/content/drive/MyDrive/olx_gamesentertainment_dataset/images/games_fcb2eaa349/15.jpg"", ""/content/drive/MyDrive/olx_gamesentertainment_dataset/images/games_fcb2eaa349/16.jpg""]",16,2025-12-08 05:53:18.393271
games_d5e1a06222,https://www.olx.in/item/games-entertainment-c93-roland-ex-30-arranger-key-board-in-subhash-nagar-kolkata-iid-1827886554,ROLAND EX 30 ARRANGER KEY BOARD,"I have a roland keyboard , model ex30_ new condition with purchase bill - Games & Entertainment",15000,"[""/content/drive/MyDrive/olx_gamesentertainment_dataset/images/games_d5e1a06222/1.jpg"", ""/content/drive/MyDrive/olx_gamesentertainment_dataset/images/games_d5e1a06222/2.jpg"", ""/content/drive/MyDrive/olx_gamesentertainment_dataset/images/games_d5e1a06222/3.jpg"", ""/content/drive/MyDrive/olx_gamesentertainment_dataset/images/games_d5e1a06222/4.jpg"", ""/content/drive/MyDrive/olx_gamesentertainment_dataset/images/games_d5e1a06222/5.jpg"", ""/content/drive/MyDrive/olx_gamesentertainment_dataset/images/games_d5e1a06222/6.jpg"", ""/content/drive/MyDrive/olx_gamesentertainment_dataset/images/games_d5e1a06222/7.jpg"", ""/content/drive/MyDrive/olx_gamesentertainment_dataset/images/games_d5e1a06222/8.jpg"", ""/content/drive/MyDrive/olx_gamesentertainment_dataset/images/games_d5e1a06222/9.jpg"", ""/content/drive/MyDrive/olx_gamesentertainment_dataset/images/games_d5e1a06222/10.jpg"", ""/content/drive/MyDrive/olx_gamesentertainment_dataset/images/games_d5e1a06222/11.jpg"", ""/content/drive/MyDrive/olx_gamesentertainment_dataset/images/games_d5e1a06222/12.jpg"", ""/content/drive/MyDrive/olx_gamesentertainment_dataset/images/games_d5e1a06222/13.jpg"", ""/content/drive/MyDrive/olx_gamesentertainment_dataset/images/games_d5e1a06222/14.jpg""]",14,2025-12-08 05:53:29.423969
games_a437676dac,https://www.olx.in/item/games-entertainment-c93-oculus-quest-1-vr-standalone-with-controllers-in-gopanpally-hyderabad-iid-1825971038,Oculus quest 1 VR Standalone (With controllers),"The device is fully functional with immersive VR experience. It can be educational and play games for fun!!! The box contains VR headset and Right-Left controllers. The reason for selling I Wanted to buy newer version headset. The condition of the device is all good. Just a minor fading on the headstarp will be noticeable which is more of cosmetic wear and tear, still it perfectly fits on the head. Thanks to Facebook for making such a durable device. Its a 64gb device that means we can install many games. - Games & Entertainment",13000,"[""/content/drive/MyDrive/olx_gamesentertainment_dataset/images/games_a437676dac/1.jpg"", ""/content/drive/MyDrive/olx_gamesentertainment_dataset/images/games_a437676dac/2.jpg"", ""/content/drive/MyDrive/olx_gamesentertainment_dataset/images/games_a437676dac/3.jpg"", ""/content/drive/MyDrive/olx_gamesentertainment_dataset/images/games_a437676dac/4.jpg"", ""/content/drive/MyDrive/olx_gamesentertainment_dataset/images/games_a437676dac/5.jpg"", ""/content/drive/MyDrive/olx_gamesentertainment_dataset/images/games_a437676dac/6.jpg"", ""/content/drive/MyDrive/olx_gamesentertainment_dataset/images/games_a437676dac/7.jpg"", ""/content/drive/MyDrive/olx_gamesentertainment_dataset/images/games_a437676dac/8.jpg"", ""/content/drive/MyDrive/olx_gamesentertainment_dataset/images/games_a437676dac/9.jpg"", ""/content/drive/MyDrive/olx_gamesentertainment_dataset/images/games_a437676dac/10.jpg"", ""/content/drive/MyDrive/olx_gamesentertainment_dataset/images/games_a437676dac/11.jpg"", ""/content/drive/MyDrive/olx_gamesentertainment_dataset/images/games_a437676dac/12.jpg"", ""/content/drive/MyDrive/olx_gamesentertainment_dataset/images/games_a437676dac/13.jpg"", ""/content/drive/MyDrive/olx_gamesentertainment_dataset/images/games_a437676dac/14.jpg""]",14,2025-12-08 05:53:38.678239
games_97dc72c558,https://www.olx.in/item/games-entertainment-c93-ps5-car-racing-game-in-nayapura-bhopal-iid-1828606064,Ps5 car racing game,2 months old game in a good condition - Games & Entertainment,2500,"[""/content/drive/MyDrive/olx_gamesentertainment_dataset/images/games_97dc72c558/1.jpg"", ""/content/drive/MyDrive/olx_gamesentertainment_dataset/images/games_97dc72c558/2.jpg"", ""/content/drive/MyDrive/olx_gamesentertainment_dataset/images/games_97dc72c558/3.jpg"", ""/content/drive/MyDrive/olx_gamesentertainment_dataset/images/games_97dc72c558/4.jpg"", ""/content/drive/MyDrive/olx_gamesentertainment_dataset/images/games_97dc72c558/5.jpg"", ""/content/drive/MyDrive/olx_gamesentertainment_dataset/images/games_97dc72c558/6.jpg"", ""/content/drive/MyDrive/olx_gamesentertainment_dataset/images/games_97dc72c558/7.jpg"", ""/content/drive/MyDrive/olx_gamesentertainment_dataset/images/games_97dc72c558/8.jpg"", ""/content/drive/MyDrive/olx_gamesentertainment_dataset/images/games_97dc72c558/9.jpg"", ""/content/drive/MyDrive/olx_gamesentertainment_dataset/images/games_97dc72c558/10.jpg"", ""/content/drive/MyDrive/olx_gamesentertainment_dataset/images/games_97dc72c558/11.jpg"", ""/content/drive/MyDrive/olx_gamesentertainment_dataset/images/games_97dc72c558/12.jpg"", ""/content/drive/MyDrive/olx_gamesentertainment_dataset/images/games_97dc72c558/13.jpg"", ""/content/drive/MyDrive/olx_gamesentertainment_dataset/images/games_97dc72c558/14.jpg""]",14,2025-12-08 05:53:49.669984
games_5b1ab6e143,https://www.olx.in/item/games-entertainment-c93-used-once-ps5-available-disk-edition-2023-uk-in-kalyani-nagar-pune-iid-1828146006,Used once PS5 available disk edition 2023 (UK),"1TB storage along with one controller and 4 games: Hogwarts legacies , FC 25 , God of war , Ghost of Tushima (Directors cut). All games have only been used once. All components available and nothing has been damaged. - Games & Entertainment",50000,"[""/content/drive/MyDrive/olx_gamesentertainment_dataset/images/games_5b1ab6e143/1.jpg"", ""/content/drive/MyDrive/olx_gamesentertainment_dataset/images/games_5b1ab6e143/2.jpg"", ""/content/drive/MyDrive/olx_gamesentertainment_dataset/images/games_5b1ab6e143/3.jpg"", ""/content/drive/MyDrive/olx_gamesentertainment_dataset/images/games_5b1ab6e143/4.jpg"", ""/content/drive/MyDrive/olx_gamesentertainment_dataset/images/games_5b1ab6e143/5.jpg"", ""/content/drive/MyDrive/olx_gamesentertainment_dataset/images/games_5b1ab6e143/6.jpg"", ""/content/drive/MyDrive/olx_gamesentertainment_dataset/images/games_5b1ab6e143/7.jpg"", ""/content/drive/MyDrive/olx_gamesentertainment_dataset/images/games_5b1ab6e143/8.jpg"", ""/content/drive/MyDrive/olx_gamesentertainment_dataset/images/games_5b1ab6e143/9.jpg"", ""/content/drive/MyDrive/olx_gamesentertainment_dataset/images/games_5b1ab6e143/10.jpg"", ""/content/drive/MyDrive/olx_gamesentertainment_dataset/images/games_5b1ab6e143/11.jpg"", ""/content/drive/MyDrive/olx_gamesentertainment_dataset/images/games_5b1ab6e143/12.jpg"", ""/content/drive/MyDrive/olx_gamesentertainment_dataset/images/games_5b1ab6e143/13.jpg"", ""/content/drive/MyDrive/olx_gamesentertainment_dataset/images/games_5b1ab6e143/14.jpg""]",14,2025-12-08 05:53:59.299788
games_695db7ae73,https://www.olx.in/item/games-entertainment-c93-black-myth-wukong-ps5-disc-in-kadirvedu-telugu-colony-avadi-iid-1828608415,Black myth wukong ps5 disc,No bargain.. - Games & Entertainment,4800,"[""/content/drive/MyDrive/olx_gamesentertainment_dataset/images/games_695db7ae73/1.jpg"", ""/content/drive/MyDrive/olx_gamesentertainment_dataset/images/games_695db7ae73/2.jpg"", ""/content/drive/MyDrive/olx_gamesentertainment_dataset/images/games_695db7ae73/3.jpg"", ""/content/drive/MyDrive/olx_gamesentertainment_dataset/images/games_695db7ae73/4.jpg"", ""/content/drive/MyDrive/olx_gamesentertainment_dataset/images/games_695db7ae73/5.jpg"", ""/content/drive/MyDrive/olx_gamesentertainment_dataset/images/games_695db7ae73/6.jpg"", ""/content/drive/MyDrive/olx_gamesentertainment_dataset/images/games_695db7ae73/7.jpg"", ""/content/drive/MyDrive/olx_gamesentertainment_dataset/images/games_695db7ae73/8.jpg"", ""/content/drive/MyDrive/olx_gamesentertainment_dataset/images/games_695db7ae73/9.jpg"", ""/content/drive/MyDrive/olx_gamesentertainment_dataset/images/games_695db7ae73/10.jpg"", ""/content/drive/MyDrive/olx_gamesentertainment_dataset/images/games_695db7ae73/11.jpg"", ""/content/drive/MyDrive/olx_gamesentertainment_dataset/images/games_695db7ae73/12.jpg"", ""/content/drive/MyDrive/olx_gamesentertainment_dataset/images/games_695db7ae73/13.jpg"", ""/content/drive/MyDrive/olx_gamesentertainment_dataset/images/games_695db7ae73/14.jpg""]",14,2025-12-08 05:54:11.712723
games_8073dc419a,https://www.olx.in/item/games-entertainment-c93-ps5-slim-digital-version-in-vellappanchavadi-chennai-iid-1828609890,PS5 slim digital version,No damage with box and a joystick - Games & Entertainment,47000,"[""/content/drive/MyDrive/olx_gamesentertainment_dataset/images/games_8073dc419a/1.jpg"", ""/content/drive/MyDrive/olx_gamesentertainment_dataset/images/games_8073dc419a/2.jpg"", ""/content/drive/MyDrive/olx_gamesentertainment_dataset/images/games_8073dc419a/3.jpg"", ""/content/drive/MyDrive/olx_gamesentertainment_dataset/images/games_8073dc419a/4.jpg"", ""/content/drive/MyDrive/olx_gamesentertainment_dataset/images/games_8073dc419a/5.jpg"", ""/content/drive/MyDrive/olx_gamesentertainment_dataset/images/games_8073dc419a/6.jpg"", ""/content/drive/MyDrive/olx_gamesentertainment_dataset/images/games_8073dc419a/7.jpg"", ""/content/drive/MyDrive/olx_gamesentertainment_dataset/images/games_8073dc419a/8.jpg"", ""/content/drive/MyDrive/olx_gamesentertainment_dataset/images/games_8073dc419a/9.jpg"", ""/content/drive/MyDrive/olx_gamesentertainment_dataset/images/games_8073dc419a/10.jpg"", ""/content/drive/MyDrive/olx_gamesentertainment_dataset/images/games_8073dc419a/11.jpg"", ""/content/drive/MyDrive/olx_gamesentertainment_dataset/images/games_8073dc419a/12.jpg"", ""/content/drive/MyDrive/olx_gamesentertainment_dataset/images/games_8073dc419a/13.jpg"", ""/content/drive/MyDrive/olx_gamesentertainment_dataset/images/games_8073dc419a/14.jpg""]",14,2025-12-08 05:54:21.379698
games_14b256ac17,https://www.olx.in/item/games-entertainment-c93-ps5-standard-edition-825gb-in-preet-vihar-banthla-iid-1828608999,Ps5 Standard Edition (825gb),Ps5 Standard edition (White) 825gb(refurbished) Controller (white) Ps5 Dualsense 2 games included you can choose With charging dock With stand With hdmi wire (not original) And box Price - 43k - Games & Entertainment,43000,"[""/content/drive/MyDrive/olx_gamesentertainment_dataset/images/games_14b256ac17/1.jpg"", ""/content/drive/MyDrive/olx_gamesentertainment_dataset/images/games_14b256ac17/2.jpg"", ""/content/drive/MyDrive/olx_gamesentertainment_dataset/images/games_14b256ac17/3.jpg"", ""/content/drive/MyDrive/olx_gamesentertainment_dataset/images/games_14b256ac17/4.jpg"", ""/content/drive/MyDrive/olx_gamesentertainment_dataset/images/games_14b256ac17/5.jpg"", ""/content/drive/MyDrive/olx_gamesentertainment_dataset/images/games_14b256ac17/6.jpg"", ""/content/drive/MyDrive/olx_gamesentertainment_dataset/images/games_14b256ac17/7.jpg"", ""/content/drive/MyDrive/olx_gamesentertainment_dataset/images/games_14b256ac17/8.jpg"", ""/content/drive/MyDrive/olx_gamesentertainment_dataset/images/games_14b256ac17/9.jpg"", ""/content/drive/MyDrive/olx_gamesentertainment_dataset/images/games_14b256ac17/10.jpg"", ""/content/drive/MyDrive/olx_gamesentertainment_dataset/images/games_14b256ac17/11.jpg"", ""/content/drive/MyDrive/olx_gamesentertainment_dataset/images/games_14b256ac17/12.jpg"", ""/content/drive/MyDrive/olx_gamesentertainment_dataset/images/games_14b256ac17/13.jpg"", ""/content/drive/MyDrive/olx_gamesentertainment_dataset/images/games_14b256ac17/14.jpg""]",14,2025-12-08 05:54:30.252506
games_c28eff9365,https://www.olx.in/item/games-entertainment-c93-ps3-super-slim-500gb-in-jyoti-nagar-alwar-iid-1827613567,Ps3 super slim 500gb,Ps3 super slim 500gb 1 controller - Games & Entertainment,11500,"[""/content/drive/MyDrive/olx_gamesentertainment_dataset/images/games_c28eff9365/1.jpg"", ""/content/drive/MyDrive/olx_gamesentertainment_dataset/images/games_c28eff9365/2.jpg"", ""/content/drive/MyDrive/olx_gamesentertainment_dataset/images/games_c28eff9365/3.jpg"", ""/content/drive/MyDrive/olx_gamesentertainment_dataset/images/games_c28eff9365/4.jpg"", ""/content/drive/MyDrive/olx_gamesentertainment_dataset/images/games_c28eff9365/5.jpg"", ""/content/drive/MyDrive/olx_gamesentertainment_dataset/images/games_c28eff9365/6.jpg"", ""/content/drive/MyDrive/olx_gamesentertainment_dataset/images/games_c28eff9365/7.jpg"", ""/content/drive/MyDrive/olx_gamesentertainment_dataset/images/games_c28eff9365/8.jpg"", ""/content/drive/MyDrive/olx_gamesentertainment_dataset/images/games_c28eff9365/9.jpg"", ""/content/drive/MyDrive/olx_gamesentertainment_dataset/images/games_c28eff9365/10.jpg"", ""/content/drive/MyDrive/olx_gamesentertainment_dataset/images/games_c28eff9365/11.jpg"", ""/content/drive/MyDrive/olx_gamesentertainment_dataset/images/games_c28eff9365/12.jpg"", ""/content/drive/MyDrive/olx_gamesentertainment_dataset/images/games_c28eff9365/13.jpg"", ""/content/drive/MyDrive/olx_gamesentertainment_dataset/images/games_c28eff9365/14.jpg""]",14,2025-12-08 05:54:38.490551
games_f7e02b9640,https://www.olx.in/item/games-entertainment-c93-ps5-slim-digital-console-brand-new-in-narsingi-hyderabad-iid-1825834826,PS5 slim Digital console brand new,PS5 slim Digital console brand new with bill from Croma electronics Hyderabad - Games & Entertainment,35000,"[""/content/drive/MyDrive/olx_gamesentertainment_dataset/images/games_f7e02b9640/1.jpg"", ""/content/drive/MyDrive/olx_gamesentertainment_dataset/images/games_f7e02b9640/2.jpg"", ""/content/drive/MyDrive/olx_gamesentertainment_dataset/images/games_f7e02b9640/3.jpg"", ""/content/drive/MyDrive/olx_gamesentertainment_dataset/images/games_f7e02b9640/4.jpg"", ""/content/drive/MyDrive/olx_gamesentertainment_dataset/images/games_f7e02b9640/5.jpg"", ""/content/drive/MyDrive/olx_gamesentertainment_dataset/images/games_f7e02b9640/6.jpg"", ""/content/drive/MyDrive/olx_gamesentertainment_dataset/images/games_f7e02b9640/7.jpg"", ""/content/drive/MyDrive/olx_gamesentertainment_dataset/images/games_f7e02b9640/8.jpg"", ""/content/drive/MyDrive/olx_gamesentertainment_dataset/images/games_f7e02b9640/9.jpg"", ""/content/drive/MyDrive/olx_gamesentertainment_dataset/images/games_f7e02b9640/10.jpg"", ""/content/drive/MyDrive/olx_gamesentertainment_dataset/images/games_f7e02b9640/11.jpg"", ""/content/drive/MyDrive/olx_gamesentertainment_dataset/images/games_f7e02b9640/12.jpg"", ""/content/drive/MyDrive/olx_gamesentertainment_dataset/images/games_f7e02b9640/13.jpg"", ""/content/drive/MyDrive/olx_gamesentertainment_dataset/images/games_f7e02b9640/14.jpg""]",14,2025-12-08 05:54:46.737305
games_379d8b4aab,https://www.olx.in/item/games-entertainment-c93-play-station3-games-in-anandpur-sahib-chowk-garhshankar-iid-1828608083,Play station3 games,In good condition. All 3 in Rs.1000 - Games & Entertainment,1000,"[""/content/drive/MyDrive/olx_gamesentertainment_dataset/images/games_379d8b4aab/1.jpg"", ""/content/drive/MyDrive/olx_gamesentertainment_dataset/images/games_379d8b4aab/2.jpg"", ""/content/drive/MyDrive/olx_gamesentertainment_dataset/images/games_379d8b4aab/3.jpg"", ""/content/drive/MyDrive/olx_gamesentertainment_dataset/images/games_379d8b4aab/4.jpg"", ""/content/drive/MyDrive/olx_gamesentertainment_dataset/images/games_379d8b4aab/5.jpg"", ""/content/drive/MyDrive/olx_gamesentertainment_dataset/images/games_379d8b4aab/6.jpg"", ""/content/drive/MyDrive/olx_gamesentertainment_dataset/images/games_379d8b4aab/7.jpg"", ""/content/drive/MyDrive/olx_gamesentertainment_dataset/images/games_379d8b4aab/8.jpg"", ""/content/drive/MyDrive/olx_gamesentertainment_dataset/images/games_379d8b4aab/9.jpg"", ""/content/drive/MyDrive/olx_gamesentertainment_dataset/images/games_379d8b4aab/10.jpg"", ""/content/drive/MyDrive/olx_gamesentertainment_dataset/images/games_379d8b4aab/11.jpg"", ""/content/drive/MyDrive/olx_gamesentertainment_dataset/images/games_379d8b4aab/12.jpg"", ""/content/drive/MyDrive/olx_gamesentertainment_dataset/images/games_379d8b4aab/13.jpg"", ""/content/drive/MyDrive/olx_gamesentertainment_dataset/images/games_379d8b4aab/14.jpg""]",14,2025-12-08 05:54:57.099644
games_689f317e79,https://www.olx.in/item/games-entertainment-c93-electric-music-drum-pad-in-vaidhyanathan-nagar-jabalpur-iid-1828605073,Electric music drum pad,QAWACHH Electronic Portable Drum Musical Instrument Jazz Electronic Percussive 9 Pad - Games & Entertainment,2600,"[""/content/drive/MyDrive/olx_gamesentertainment_dataset/images/games_689f317e79/1.jpg"", ""/content/drive/MyDrive/olx_gamesentertainment_dataset/images/games_689f317e79/2.jpg"", ""/content/drive/MyDrive/olx_gamesentertainment_dataset/images/games_689f317e79/3.jpg"", ""/content/drive/MyDrive/olx_gamesentertainment_dataset/images/games_689f317e79/4.jpg"", ""/content/drive/MyDrive/olx_gamesentertainment_dataset/images/games_689f317e79/5.jpg"", ""/content/drive/MyDrive/olx_gamesentertainment_dataset/images/games_689f317e79/6.jpg"", ""/content/drive/MyDrive/olx_gamesentertainment_dataset/images/games_689f317e79/7.jpg"", ""/content/drive/MyDrive/olx_gamesentertainment_dataset/images/games_689f317e79/8.jpg"", ""/content/drive/MyDrive/olx_gamesentertainment_dataset/images/games_689f317e79/9.jpg"", ""/content/drive/MyDrive/olx_gamesentertainment_dataset/images/games_689f317e79/10.jpg"", ""/content/drive/MyDrive/olx_gamesentertainment_dataset/images/games_689f317e79/11.jpg"", ""/content/drive/MyDrive/olx_gamesentertainment_dataset/images/games_689f317e79/12.jpg"", ""/content/drive/MyDrive/olx_gamesentertainment_dataset/images/games_689f317e79/13.jpg"", ""/content/drive/MyDrive/olx_gamesentertainment_dataset/images/games_689f317e79/14.jpg""]",14,2025-12-08 05:55:08.146052
games_18f5eaba7a,https://www.olx.in/item/games-entertainment-c93-new-abs-machine-for-bodybuilding-in-divanarapalya-bengaluru-iid-1816876224,NEW Abs machine for bodybuilding,"This machine gets your abs visible in weeks, it is newly ordered I didn't know how to use it so I'm selling it (batteries included) - Games & Entertainment",599,"[""/content/drive/MyDrive/olx_gamesentertainment_dataset/images/games_18f5eaba7a/1.jpg"", ""/content/drive/MyDrive/olx_gamesentertainment_dataset/images/games_18f5eaba7a/2.jpg"", ""/content/drive/MyDrive/olx_gamesentertainment_dataset/images/games_18f5eaba7a/3.jpg"", ""/content/drive/MyDrive/olx_gamesentertainment_dataset/images/games_18f5eaba7a/4.jpg"", ""/content/drive/MyDrive/olx_gamesentertainment_dataset/images/games_18f5eaba7a/5.jpg"", ""/content/drive/MyDrive/olx_gamesentertainment_dataset/images/games_18f5eaba7a/6.jpg"", ""/content/drive/MyDrive/olx_gamesentertainment_dataset/images/games_18f5eaba7a/7.jpg"", ""/content/drive/MyDrive/olx_gamesentertainment_dataset/images/games_18f5eaba7a/8.jpg"", ""/content/drive/MyDrive/olx_gamesentertainment_dataset/images/games_18f5eaba7a/9.jpg"", ""/content/drive/MyDrive/olx_gamesentertainment_dataset/images/games_18f5eaba7a/10.jpg"", ""/content/drive/MyDrive/olx_gamesentertainment_dataset/images/games_18f5eaba7a/11.jpg"", ""/content/drive/MyDrive/olx_gamesentertainment_dataset/images/games_18f5eaba7a/12.jpg"", ""/content/drive/MyDrive/olx_gamesentertainment_dataset/images/games_18f5eaba7a/13.jpg"", ""/content/drive/MyDrive/olx_gamesentertainment_dataset/images/games_18f5eaba7a/14.jpg""]",14,2025-12-08 05:55:20.199091
games_7a4ff2d94d,https://www.olx.in/item/games-entertainment-c93-ps-4-cds-each-cd-price-mentioned-below-in-iyer-bungalow-madurai-iid-1828345882,PS 4 CD's [each cd price mentioned below],Spider man-1200 Destiny-1200 Battlefield 1-1200 Call of duty-900 Horizon-900 - Games & Entertainment,1500,"[""/content/drive/MyDrive/olx_gamesentertainment_dataset/images/games_7a4ff2d94d/1.jpg"", ""/content/drive/MyDrive/olx_gamesentertainment_dataset/images/games_7a4ff2d94d/2.jpg"", ""/content/drive/MyDrive/olx_gamesentertainment_dataset/images/games_7a4ff2d94d/3.jpg"", ""/content/drive/MyDrive/olx_gamesentertainment_dataset/images/games_7a4ff2d94d/4.jpg"", ""/content/drive/MyDrive/olx_gamesentertainment_dataset/images/games_7a4ff2d94d/5.jpg"", ""/content/drive/MyDrive/olx_gamesentertainment_dataset/images/games_7a4ff2d94d/6.jpg"", ""/content/drive/MyDrive/olx_gamesentertainment_dataset/images/games_7a4ff2d94d/7.jpg"", ""/content/drive/MyDrive/olx_gamesentertainment_dataset/images/games_7a4ff2d94d/8.jpg"", ""/content/drive/MyDrive/olx_gamesentertainment_dataset/images/games_7a4ff2d94d/9.jpg"", ""/content/drive/MyDrive/olx_gamesentertainment_dataset/images/games_7a4ff2d94d/10.jpg"", ""/content/drive/MyDrive/olx_gamesentertainment_dataset/images/games_7a4ff2d94d/11.jpg"", ""/content/drive/MyDrive/olx_gamesentertainment_dataset/images/games_7a4ff2d94d/12.jpg"", ""/content/drive/MyDrive/olx_gamesentertainment_dataset/images/games_7a4ff2d94d/13.jpg"", ""/content/drive/MyDrive/olx_gamesentertainment_dataset/images/games_7a4ff2d94d/14.jpg""]",14,2025-12-08 05:55:32.819322
games_5318f310d1,https://www.olx.in/item/games-entertainment-c93-sony-ps4-slim-500gb-in-reni-bazar-hyderabad-iid-1828606105,Sony PS4 slim 500GB,Sony PS4 slim like new with original controller & 2 CDs - Games & Entertainment,14000,"[""/content/drive/MyDrive/olx_gamesentertainment_dataset/images/games_5318f310d1/1.jpg"", ""/content/drive/MyDrive/olx_gamesentertainment_dataset/images/games_5318f310d1/2.jpg"", ""/content/drive/MyDrive/olx_gamesentertainment_dataset/images/games_5318f310d1/3.jpg"", ""/content/drive/MyDrive/olx_gamesentertainment_dataset/images/games_5318f310d1/4.jpg"", ""/content/drive/MyDrive/olx_gamesentertainment_dataset/images/games_5318f310d1/5.jpg"", ""/content/drive/MyDrive/olx_gamesentertainment_dataset/images/games_5318f310d1/6.jpg"", ""/content/drive/MyDrive/olx_gamesentertainment_dataset/images/games_5318f310d1/7.jpg"", ""/content/drive/MyDrive/olx_gamesentertainment_dataset/images/games_5318f310d1/8.jpg"", ""/content/drive/MyDrive/olx_gamesentertainment_dataset/images/games_5318f310d1/9.jpg"", ""/content/drive/MyDrive/olx_gamesentertainment_dataset/images/games_5318f310d1/10.jpg"", ""/content/drive/MyDrive/olx_gamesentertainment_dataset/images/games_5318f310d1/11.jpg"", ""/content/drive/MyDrive/olx_gamesentertainment_dataset/images/games_5318f310d1/12.jpg"", ""/content/drive/MyDrive/olx_gamesentertainment_dataset/images/games_5318f310d1/13.jpg"", ""/content/drive/MyDrive/olx_gamesentertainment_dataset/images/games_5318f310d1/14.jpg""]",14,2025-12-08 05:55:45.378371
games_edffd6a2ae,https://www.olx.in/item/games-entertainment-c93-ps4-fat-1tb-with-20-games-for-sale-in-calicut-beach-kozhikode-iid-1828606052,Ps4 Fat 1TB with 20 Games for Sale.,PS4 Fat 1 TB Comes with 1 Original Dualshock 4 Controller. Will provide any 20 games of your choice. Will provide 1 month warranty for both console and controller. Console and controller Refurbished and Fully tested. DM for more details. - Games & Entertainment,18000,"[""/content/drive/MyDrive/olx_gamesentertainment_dataset/images/games_edffd6a2ae/1.jpg"", ""/content/drive/MyDrive/olx_gamesentertainment_dataset/images/games_edffd6a2ae/2.jpg"", ""/content/drive/MyDrive/olx_gamesentertainment_dataset/images/games_edffd6a2ae/3.jpg"", ""/content/drive/MyDrive/olx_gamesentertainment_dataset/images/games_edffd6a2ae/4.jpg"", ""/content/drive/MyDrive/olx_gamesentertainment_dataset/images/games_edffd6a2ae/5.jpg"", ""/content/drive/MyDrive/olx_gamesentertainment_dataset/images/games_edffd6a2ae/6.jpg"", ""/content/drive/MyDrive/olx_gamesentertainment_dataset/images/games_edffd6a2ae/7.jpg"", ""/content/drive/MyDrive/olx_gamesentertainment_dataset/images/games_edffd6a2ae/8.jpg"", ""/content/drive/MyDrive/olx_gamesentertainment_dataset/images/games_edffd6a2ae/9.jpg"", ""/content/drive/MyDrive/olx_gamesentertainment_dataset/images/games_edffd6a2ae/10.jpg"", ""/content/drive/MyDrive/olx_gamesentertainment_dataset/images/games_edffd6a2ae/11.jpg"", ""/content/drive/MyDrive/olx_gamesentertainment_dataset/images/games_edffd6a2ae/12.jpg"", ""/content/drive/MyDrive/olx_gamesentertainment_dataset/images/games_edffd6a2ae/13.jpg"", ""/content/drive/MyDrive/olx_gamesentertainment_dataset/images/games_edffd6a2ae/14.jpg"", ""/content/drive/MyDrive/olx_gamesentertainment_dataset/images/games_edffd6a2ae/15.jpg"", ""/content/drive/MyDrive/olx_gamesentertainment_dataset/images/games_edffd6a2ae/16.jpg""]",16,2025-12-08 05:55:56.582903
games_7dff0355d9,https://www.olx.in/item/games-entertainment-c93-ps4-3-games-fan-plug-external-in-chanapora-housing-colony-srinagar-iid-1828609996,Ps4 3 games fan plug external,Ps4 with controller - Games & Entertainment,11000,"[""/content/drive/MyDrive/olx_gamesentertainment_dataset/images/games_7dff0355d9/1.jpg"", ""/content/drive/MyDrive/olx_gamesentertainment_dataset/images/games_7dff0355d9/2.jpg"", ""/content/drive/MyDrive/olx_gamesentertainment_dataset/images/games_7dff0355d9/3.jpg"", ""/content/drive/MyDrive/olx_gamesentertainment_dataset/images/games_7dff0355d9/4.jpg"", ""/content/drive/MyDrive/olx_gamesentertainment_dataset/images/games_7dff0355d9/5.jpg"", ""/content/drive/MyDrive/olx_gamesentertainment_dataset/images/games_7dff0355d9/6.jpg"", ""/content/drive/MyDrive/olx_gamesentertainment_dataset/images/games_7dff0355d9/7.jpg"", ""/content/drive/MyDrive/olx_gamesentertainment_dataset/images/games_7dff0355d9/8.jpg"", ""/content/drive/MyDrive/olx_gamesentertainment_dataset/images/games_7dff0355d9/9.jpg"", ""/content/drive/MyDrive/olx_gamesentertainment_dataset/images/games_7dff0355d9/10.jpg"", ""/content/drive/MyDrive/olx_gamesentertainment_dataset/images/games_7dff0355d9/11.jpg"", ""/content/drive/MyDrive/olx_gamesentertainment_dataset/images/games_7dff0355d9/12.jpg"", ""/content/drive/MyDrive/olx_gamesentertainment_dataset/images/games_7dff0355d9/13.jpg"", ""/content/drive/MyDrive/olx_gamesentertainment_dataset/images/games_7dff0355d9/14.jpg""]",14,2025-12-08 05:56:07.875348
games_12c5619711,https://www.olx.in/item/games-entertainment-c93-selling-ps5-game-the-last-of-us-part-ii-remastered-in-parpeth-malkapur-buldana-district-iid-1827882553,Selling PS5 Game The Last of Us Part II Remastered,"Selling a popular PlayStation game: The Last of Us Part II Remastered (PS5) — Brand-new disc in perfect condition. Purchased on 17th May 2025 from Flipkart (invoice and other proof available). The game is original, tested, and has no scratches. Works perfectly. - Games & Entertainment",2180,"[""/content/drive/MyDrive/olx_gamesentertainment_dataset/images/games_12c5619711/1.jpg"", ""/content/drive/MyDrive/olx_gamesentertainment_dataset/images/games_12c5619711/2.jpg"", ""/content/drive/MyDrive/olx_gamesentertainment_dataset/images/games_12c5619711/3.jpg"", ""/content/drive/MyDrive/olx_gamesentertainment_dataset/images/games_12c5619711/4.jpg"", ""/content/drive/MyDrive/olx_gamesentertainment_dataset/images/games_12c5619711/5.jpg"", ""/content/drive/MyDrive/olx_gamesentertainment_dataset/images/games_12c5619711/6.jpg"", ""/content/drive/MyDrive/olx_gamesentertainment_dataset/images/games_12c5619711/7.jpg"", ""/content/drive/MyDrive/olx_gamesentertainment_dataset/images/games_12c5619711/8.jpg"", ""/content/drive/MyDrive/olx_gamesentertainment_dataset/images/games_12c5619711/9.jpg"", ""/content/drive/MyDrive/olx_gamesentertainment_dataset/images/games_12c5619711/10.jpg"", ""/content/drive/MyDrive/olx_gamesentertainment_dataset/images/games_12c5619711/11.jpg"", ""/content/drive/MyDrive/olx_gamesentertainment_dataset/images/games_12c5619711/12.jpg"", ""/content/drive/MyDrive/olx_gamesentertainment_dataset/images/games_12c5619711/13.jpg"", ""/content/drive/MyDrive/olx_gamesentertainment_dataset/images/games_12c5619711/14.jpg""]",14,2025-12-08 05:56:20.528901
games_e90b950682,https://www.olx.in/item/games-entertainment-c93-nintendo-switch-games-for-sell-in-andheri-east-mumbai-iid-1826494688,Nintendo Switch games for sell,"All of the games except skyrim, Witcher and Jumpforce are available for selling. Can buy the games seperately. You will get the best value if you buy everything together otherwise there will be minimal discounts. Individual Prices Mariokart 8 Deluxe- 3.1K MK11- 2.4K DBZ Fighterz- 2.4K One Piece Pirate Warriors 4- 2.8K Assasin's Creed- Rebel Edition- 2.4K NBA2k 18- 1.4K Dark Souls- 2.7K If you buy the rest of the games all together then instead of 17200 will sell it for 14.5K and if you collect from my place then 14K (This is also a little bit Negotiable as long as the offer is decent) - Games & Entertainment",17200,"[""/content/drive/MyDrive/olx_gamesentertainment_dataset/images/games_e90b950682/1.jpg"", ""/content/drive/MyDrive/olx_gamesentertainment_dataset/images/games_e90b950682/2.jpg"", ""/content/drive/MyDrive/olx_gamesentertainment_dataset/images/games_e90b950682/3.jpg"", ""/content/drive/MyDrive/olx_gamesentertainment_dataset/images/games_e90b950682/4.jpg"", ""/content/drive/MyDrive/olx_gamesentertainment_dataset/images/games_e90b950682/5.jpg"", ""/content/drive/MyDrive/olx_gamesentertainment_dataset/images/games_e90b950682/6.jpg"", ""/content/drive/MyDrive/olx_gamesentertainment_dataset/images/games_e90b950682/7.jpg"", ""/content/drive/MyDrive/olx_gamesentertainment_dataset/images/games_e90b950682/8.jpg"", ""/content/drive/MyDrive/olx_gamesentertainment_dataset/images/games_e90b950682/9.jpg"", ""/content/drive/MyDrive/olx_gamesentertainment_dataset/images/games_e90b950682/10.jpg"", ""/content/drive/MyDrive/olx_gamesentertainment_dataset/images/games_e90b950682/11.jpg"", ""/content/drive/MyDrive/olx_gamesentertainment_dataset/images/games_e90b950682/12.jpg"", ""/content/drive/MyDrive/olx_gamesentertainment_dataset/images/games_e90b950682/13.jpg"", ""/content/drive/MyDrive/olx_gamesentertainment_dataset/images/games_e90b950682/14.jpg""]",14,2025-12-08 05:56:32.680388
games_46d3dd6fea,https://www.olx.in/item/games-entertainment-c93-jio-drive-vr-in-abdulrahmanpur-patna-iid-1828606443,Jio Drive VR,New vr set hai chala nahi hai matra 3 din chala hai quality best hai good product - Games & Entertainment,1400,"[""/content/drive/MyDrive/olx_gamesentertainment_dataset/images/games_46d3dd6fea/1.jpg"", ""/content/drive/MyDrive/olx_gamesentertainment_dataset/images/games_46d3dd6fea/2.jpg"", ""/content/drive/MyDrive/olx_gamesentertainment_dataset/images/games_46d3dd6fea/3.jpg"", ""/content/drive/MyDrive/olx_gamesentertainment_dataset/images/games_46d3dd6fea/4.jpg"", ""/content/drive/MyDrive/olx_gamesentertainment_dataset/images/games_46d3dd6fea/5.jpg"", ""/content/drive/MyDrive/olx_gamesentertainment_dataset/images/games_46d3dd6fea/6.jpg"", ""/content/drive/MyDrive/olx_gamesentertainment_dataset/images/games_46d3dd6fea/7.jpg"", ""/content/drive/MyDrive/olx_gamesentertainment_dataset/images/games_46d3dd6fea/8.jpg"", ""/content/drive/MyDrive/olx_gamesentertainment_dataset/images/games_46d3dd6fea/9.jpg"", ""/content/drive/MyDrive/olx_gamesentertainment_dataset/images/games_46d3dd6fea/10.jpg"", ""/content/drive/MyDrive/olx_gamesentertainment_dataset/images/games_46d3dd6fea/11.jpg"", ""/content/drive/MyDrive/olx_gamesentertainment_dataset/images/games_46d3dd6fea/12.jpg"", ""/content/drive/MyDrive/olx_gamesentertainment_dataset/images/games_46d3dd6fea/13.jpg"", ""/content/drive/MyDrive/olx_gamesentertainment_dataset/images/games_46d3dd6fea/14.jpg""]",14,2025-12-08 05:56:43.001962
games_4f410452b4,https://www.olx.in/item/games-entertainment-c93-ps-5-slim-1tb-with-controller-disc-version-in-katargam-surat-iid-1827318761,Ps 5 slim 1TB with controller disc version,Free Call of duty and GTA V - Games & Entertainment,42999,"[""/content/drive/MyDrive/olx_gamesentertainment_dataset/images/games_4f410452b4/1.jpg"", ""/content/drive/MyDrive/olx_gamesentertainment_dataset/images/games_4f410452b4/2.jpg"", ""/content/drive/MyDrive/olx_gamesentertainment_dataset/images/games_4f410452b4/3.jpg"", ""/content/drive/MyDrive/olx_gamesentertainment_dataset/images/games_4f410452b4/4.jpg"", ""/content/drive/MyDrive/olx_gamesentertainment_dataset/images/games_4f410452b4/5.jpg"", ""/content/drive/MyDrive/olx_gamesentertainment_dataset/images/games_4f410452b4/6.jpg"", ""/content/drive/MyDrive/olx_gamesentertainment_dataset/images/games_4f410452b4/7.jpg"", ""/content/drive/MyDrive/olx_gamesentertainment_dataset/images/games_4f410452b4/8.jpg"", ""/content/drive/MyDrive/olx_gamesentertainment_dataset/images/games_4f410452b4/9.jpg"", ""/content/drive/MyDrive/olx_gamesentertainment_dataset/images/games_4f410452b4/10.jpg"", ""/content/drive/MyDrive/olx_gamesentertainment_dataset/images/games_4f410452b4/11.jpg"", ""/content/drive/MyDrive/olx_gamesentertainment_dataset/images/games_4f410452b4/12.jpg"", ""/content/drive/MyDrive/olx_gamesentertainment_dataset/images/games_4f410452b4/13.jpg"", ""/content/drive/MyDrive/olx_gamesentertainment_dataset/images/games_4f410452b4/14.jpg""]",14,2025-12-08 05:56:53.915607
games_711014695c,https://www.olx.in/item/games-entertainment-c93-sony-remote-gaming-in-raikhad-ahmedabad-iid-1828606391,Sony remote gaming,Sony remote gaming - Games & Entertainment,800,"[""/content/drive/MyDrive/olx_gamesentertainment_dataset/images/games_711014695c/1.jpg"", ""/content/drive/MyDrive/olx_gamesentertainment_dataset/images/games_711014695c/2.jpg"", ""/content/drive/MyDrive/olx_gamesentertainment_dataset/images/games_711014695c/3.jpg"", ""/content/drive/MyDrive/olx_gamesentertainment_dataset/images/games_711014695c/4.jpg"", ""/content/drive/MyDrive/olx_gamesentertainment_dataset/images/games_711014695c/5.jpg"", ""/content/drive/MyDrive/olx_gamesentertainment_dataset/images/games_711014695c/6.jpg"", ""/content/drive/MyDrive/olx_gamesentertainment_dataset/images/games_711014695c/7.jpg"", ""/content/drive/MyDrive/olx_gamesentertainment_dataset/images/games_711014695c/8.jpg"", ""/content/drive/MyDrive/olx_gamesentertainment_dataset/images/games_711014695c/9.jpg"", ""/content/drive/MyDrive/olx_gamesentertainment_dataset/images/games_711014695c/10.jpg"", ""/content/drive/MyDrive/olx_gamesentertainment_dataset/images/games_711014695c/11.jpg"", ""/content/drive/MyDrive/olx_gamesentertainment_dataset/images/games_711014695c/12.jpg"", ""/content/drive/MyDrive/olx_gamesentertainment_dataset/images/games_711014695c/13.jpg"", ""/content/drive/MyDrive/olx_gamesentertainment_dataset/images/games_711014695c/14.jpg""]",14,2025-12-08 05:57:05.122053
games_ce0144237e,https://www.olx.in/item/games-entertainment-c93-xbox-one-4-games-with-kinect-in-sri-ram-nagar-sriperumbudur-iid-1823303991,Xbox One (4 Games) With Kinect,GTA 5 also available but you have to pay extra Need for Speed Unravel Halo wars Plant vs zombie garden warfare 2 Extra Games also available but you have to pay extra : Wolfenstein New Colossus Deluxe edition MXGP 2 Tomb Raider Battlefield 4 Battlefield 1 Revolution Watch dogs Farcry new dawn Mortal Kombat 11 Dirt 5 Titanfall 2 Ultimate edition Batman Arkham knight Minecraft legends Just cause 3 Sleeping Dogs - Games & Entertainment,10000,"[""/content/drive/MyDrive/olx_gamesentertainment_dataset/images/games_ce0144237e/1.jpg"", ""/content/drive/MyDrive/olx_gamesentertainment_dataset/images/games_ce0144237e/2.jpg"", ""/content/drive/MyDrive/olx_gamesentertainment_dataset/images/games_ce0144237e/3.jpg"", ""/content/drive/MyDrive/olx_gamesentertainment_dataset/images/games_ce0144237e/4.jpg"", ""/content/drive/MyDrive/olx_gamesentertainment_dataset/images/games_ce0144237e/5.jpg"", ""/content/drive/MyDrive/olx_gamesentertainment_dataset/images/games_ce0144237e/6.jpg"", ""/content/drive/MyDrive/olx_gamesentertainment_dataset/images/games_ce0144237e/7.jpg"", ""/content/drive/MyDrive/olx_gamesentertainment_dataset/images/games_ce0144237e/8.jpg"", ""/content/drive/MyDrive/olx_gamesentertainment_dataset/images/games_ce0144237e/9.jpg"", ""/content/drive/MyDrive/olx_gamesentertainment_dataset/images/games_ce0144237e/10.jpg"", ""/content/drive/MyDrive/olx_gamesentertainment_dataset/images/games_ce0144237e/11.jpg"", ""/content/drive/MyDrive/olx_gamesentertainment_dataset/images/games_ce0144237e/12.jpg"", ""/content/drive/MyDrive/olx_gamesentertainment_dataset/images/games_ce0144237e/13.jpg"", ""/content/drive/MyDrive/olx_gamesentertainment_dataset/images/games_ce0144237e/14.jpg""]",14,2025-12-08 05:57:17.560577
games_640b2deb44,https://www.olx.in/item/games-entertainment-c93-pieces-at-very-cheap-price-in-new-friends-colony-delhi-iid-1818050214,Pieces at very cheap price,Each piece for Rs 100 only - Games & Entertainment,100,"[""/content/drive/MyDrive/olx_gamesentertainment_dataset/images/games_640b2deb44/1.jpg"", ""/content/drive/MyDrive/olx_gamesentertainment_dataset/images/games_640b2deb44/2.jpg"", ""/content/drive/MyDrive/olx_gamesentertainment_dataset/images/games_640b2deb44/3.jpg"", ""/content/drive/MyDrive/olx_gamesentertainment_dataset/images/games_640b2deb44/4.jpg"", ""/content/drive/MyDrive/olx_gamesentertainment_dataset/images/games_640b2deb44/5.jpg"", ""/content/drive/MyDrive/olx_gamesentertainment_dataset/images/games_640b2deb44/6.jpg"", ""/content/drive/MyDrive/olx_gamesentertainment_dataset/images/games_640b2deb44/7.jpg"", ""/content/drive/MyDrive/olx_gamesentertainment_dataset/images/games_640b2deb44/8.jpg"", ""/content/drive/MyDrive/olx_gamesentertainment_dataset/images/games_640b2deb44/9.jpg"", ""/content/drive/MyDrive/olx_gamesentertainment_dataset/images/games_640b2deb44/10.jpg"", ""/content/drive/MyDrive/olx_gamesentertainment_dataset/images/games_640b2deb44/11.jpg"", ""/content/drive/MyDrive/olx_gamesentertainment_dataset/images/games_640b2deb44/12.jpg"", ""/content/drive/MyDrive/olx_gamesentertainment_dataset/images/games_640b2deb44/13.jpg"", ""/content/drive/MyDrive/olx_gamesentertainment_dataset/images/games_640b2deb44/14.jpg""]",14,2025-12-08 05:57:28.198376
games_792d215562,https://www.olx.in/item/games-entertainment-c93-retro-consoles-to-play-mario-in-koramangala-bengaluru-iid-1788145482,Retro Consoles to play mario,All types of retro Consoles available Wired Consoles Wireless Consoles 4k support Consoles Hd Consoles Hand held retro Consoles Starts from 1999 - Games & Entertainment,1999,"[""/content/drive/MyDrive/olx_gamesentertainment_dataset/images/games_792d215562/1.jpg"", ""/content/drive/MyDrive/olx_gamesentertainment_dataset/images/games_792d215562/2.jpg"", ""/content/drive/MyDrive/olx_gamesentertainment_dataset/images/games_792d215562/3.jpg"", ""/content/drive/MyDrive/olx_gamesentertainment_dataset/images/games_792d215562/4.jpg"", ""/content/drive/MyDrive/olx_gamesentertainment_dataset/images/games_792d215562/5.jpg"", ""/content/drive/MyDrive/olx_gamesentertainment_dataset/images/games_792d215562/6.jpg"", ""/content/drive/MyDrive/olx_gamesentertainment_dataset/images/games_792d215562/7.jpg"", ""/content/drive/MyDrive/olx_gamesentertainment_dataset/images/games_792d215562/8.jpg"", ""/content/drive/MyDrive/olx_gamesentertainment_dataset/images/games_792d215562/9.jpg"", ""/content/drive/MyDrive/olx_gamesentertainment_dataset/images/games_792d215562/10.jpg"", ""/content/drive/MyDrive/olx_gamesentertainment_dataset/images/games_792d215562/11.jpg"", ""/content/drive/MyDrive/olx_gamesentertainment_dataset/images/games_792d215562/12.jpg"", ""/content/drive/MyDrive/olx_gamesentertainment_dataset/images/games_792d215562/13.jpg"", ""/content/drive/MyDrive/olx_gamesentertainment_dataset/images/games_792d215562/14.jpg""]",14,2025-12-08 05:57:38.513561
games_e4970935bf,https://www.olx.in/item/games-entertainment-c93-nintendo-switch-12ps45xbox-games-cricketfcyoteiblack-mythmario-in-jayanagar-bengaluru-iid-1828609993,"Nintendo Switch 1&2,PS4&5,Xbox GAMES Cricket,Fc,Yotei,Black Myth,Mario","Don't Buy Until Your Satisfied. Everything Is 100% Safe To Use. PlayStation 4&5 Games,Nintendo Switch Games,Xbox Games All Available For More Details Text me Or Leave Your Number - Games & Entertainment",2499,"[""/content/drive/MyDrive/olx_gamesentertainment_dataset/images/games_e4970935bf/1.jpg"", ""/content/drive/MyDrive/olx_gamesentertainment_dataset/images/games_e4970935bf/2.jpg"", ""/content/drive/MyDrive/olx_gamesentertainment_dataset/images/games_e4970935bf/3.jpg"", ""/content/drive/MyDrive/olx_gamesentertainment_dataset/images/games_e4970935bf/4.jpg"", ""/content/drive/MyDrive/olx_gamesentertainment_dataset/images/games_e4970935bf/5.jpg"", ""/content/drive/MyDrive/olx_gamesentertainment_dataset/images/games_e4970935bf/6.jpg"", ""/content/drive/MyDrive/olx_gamesentertainment_dataset/images/games_e4970935bf/7.jpg"", ""/content/drive/MyDrive/olx_gamesentertainment_dataset/images/games_e4970935bf/8.jpg"", ""/content/drive/MyDrive/olx_gamesentertainment_dataset/images/games_e4970935bf/9.jpg"", ""/content/drive/MyDrive/olx_gamesentertainment_dataset/images/games_e4970935bf/10.jpg"", ""/content/drive/MyDrive/olx_gamesentertainment_dataset/images/games_e4970935bf/11.jpg"", ""/content/drive/MyDrive/olx_gamesentertainment_dataset/images/games_e4970935bf/12.jpg"", ""/content/drive/MyDrive/olx_gamesentertainment_dataset/images/games_e4970935bf/13.jpg"", ""/content/drive/MyDrive/olx_gamesentertainment_dataset/images/games_e4970935bf/14.jpg"", ""/content/drive/MyDrive/olx_gamesentertainment_dataset/images/games_e4970935bf/15.jpg"", ""/content/drive/MyDrive/olx_gamesentertainment_dataset/images/games_e4970935bf/16.jpg""]",16,2025-12-08 05:57:51.432831
games_dc2d8d3307,https://www.olx.in/item/games-entertainment-c93-asus-rog-alley-x-very-newwith-accessoriesprice-negotiable-in-egattur-chennai-iid-1828154229,Asus Rog Alley X (very new)with accessories(price negotiable),"Barely used ASUS ROG Ally X (bought for ₹1L, now ₹85K) - perfect for portable gaming! (AMD Ryzen Z1 Extreme, 24GB RAM, 1TB SSD, 120Hz display), condition (Pristine, no scratches, light use only),just 6 month's old, inclusion :( all free with the product) 1) charger ( box will be courier later)(bill available) 2) mechanism ball socket and base grip from U.S.A ( worth 5k ) 3)spigen rugged armour pro case(worth 2k) 4) Add grip silicone cover and am film tempered glass ( 2 film inside)(worth 2k) - Games & Entertainment",1,"[""/content/drive/MyDrive/olx_gamesentertainment_dataset/images/games_dc2d8d3307/1.jpg"", ""/content/drive/MyDrive/olx_gamesentertainment_dataset/images/games_dc2d8d3307/2.jpg"", ""/content/drive/MyDrive/olx_gamesentertainment_dataset/images/games_dc2d8d3307/3.jpg"", ""/content/drive/MyDrive/olx_gamesentertainment_dataset/images/games_dc2d8d3307/4.jpg"", ""/content/drive/MyDrive/olx_gamesentertainment_dataset/images/games_dc2d8d3307/5.jpg"", ""/content/drive/MyDrive/olx_gamesentertainment_dataset/images/games_dc2d8d3307/6.jpg"", ""/content/drive/MyDrive/olx_gamesentertainment_dataset/images/games_dc2d8d3307/7.jpg"", ""/content/drive/MyDrive/olx_gamesentertainment_dataset/images/games_dc2d8d3307/8.jpg"", ""/content/drive/MyDrive/olx_gamesentertainment_dataset/images/games_dc2d8d3307/9.jpg"", ""/content/drive/MyDrive/olx_gamesentertainment_dataset/images/games_dc2d8d3307/10.jpg"", ""/content/drive/MyDrive/olx_gamesentertainment_dataset/images/games_dc2d8d3307/11.jpg"", ""/content/drive/MyDrive/olx_gamesentertainment_dataset/images/games_dc2d8d3307/12.jpg"", ""/content/drive/MyDrive/olx_gamesentertainment_dataset/images/games_dc2d8d3307/13.jpg"", ""/content/drive/MyDrive/olx_gamesentertainment_dataset/images/games_dc2d8d3307/14.jpg""]",14,2025-12-08 05:58:01.515326
games_dabd195470,https://www.olx.in/item/games-entertainment-c93-ps5-cd-for-sale-in-malviya-kunj-agra-iid-1828605991,PS5 CD FOR SALE,"All the CD's are absolutely mint condition, Some CD's are sealed packed also.. List of Games and prices are as follows :- 1. Call Of Duty Cold War -Rs 2499/- 2. FIFA 23 - Rs 999/- 3. FIFA 21 - Rs 649/- 4. JEDI SURVIVOR - Rs 1799/- 5. LAST OF US PART 1 - Rs 1299/- 6. WWE 2K22 - Rs 999/- 7. CIRCKET 22 - Rs 649/- - Games & Entertainment",2499,"[""/content/drive/MyDrive/olx_gamesentertainment_dataset/images/games_dabd195470/1.jpg"", ""/content/drive/MyDrive/olx_gamesentertainment_dataset/images/games_dabd195470/2.jpg"", ""/content/drive/MyDrive/olx_gamesentertainment_dataset/images/games_dabd195470/3.jpg"", ""/content/drive/MyDrive/olx_gamesentertainment_dataset/images/games_dabd195470/4.jpg"", ""/content/drive/MyDrive/olx_gamesentertainment_dataset/images/games_dabd195470/5.jpg"", ""/content/drive/MyDrive/olx_gamesentertainment_dataset/images/games_dabd195470/6.jpg"", ""/content/drive/MyDrive/olx_gamesentertainment_dataset/images/games_dabd195470/7.jpg"", ""/content/drive/MyDrive/olx_gamesentertainment_dataset/images/games_dabd195470/8.jpg"", ""/content/drive/MyDrive/olx_gamesentertainment_dataset/images/games_dabd195470/9.jpg"", ""/content/drive/MyDrive/olx_gamesentertainment_dataset/images/games_dabd195470/10.jpg"", ""/content/drive/MyDrive/olx_gamesentertainment_dataset/images/games_dabd195470/11.jpg"", ""/content/drive/MyDrive/olx_gamesentertainment_dataset/images/games_dabd195470/12.jpg"", ""/content/drive/MyDrive/olx_gamesentertainment_dataset/images/games_dabd195470/13.jpg"", ""/content/drive/MyDrive/olx_gamesentertainment_dataset/images/games_dabd195470/14.jpg""]",14,2025-12-08 05:58:12.719806
games_ccb2ee641c,https://www.olx.in/item/games-entertainment-c93-playstation-good-candition-in-puthanathani-malappuram-iid-1828607512,Playstation (good candition),"Ps4 1tb no compliance 3 joint sticks ( 1 is new,and others is original )gamingCD good candittion - Games & Entertainment",23000,"[""/content/drive/MyDrive/olx_gamesentertainment_dataset/images/games_ccb2ee641c/1.jpg"", ""/content/drive/MyDrive/olx_gamesentertainment_dataset/images/games_ccb2ee641c/2.jpg"", ""/content/drive/MyDrive/olx_gamesentertainment_dataset/images/games_ccb2ee641c/3.jpg"", ""/content/drive/MyDrive/olx_gamesentertainment_dataset/images/games_ccb2ee641c/4.jpg"", ""/content/drive/MyDrive/olx_gamesentertainment_dataset/images/games_ccb2ee641c/5.jpg"", ""/content/drive/MyDrive/olx_gamesentertainment_dataset/images/games_ccb2ee641c/6.jpg"", ""/content/drive/MyDrive/olx_gamesentertainment_dataset/images/games_ccb2ee641c/7.jpg"", ""/content/drive/MyDrive/olx_gamesentertainment_dataset/images/games_ccb2ee641c/8.jpg"", ""/content/drive/MyDrive/olx_gamesentertainment_dataset/images/games_ccb2ee641c/9.jpg"", ""/content/drive/MyDrive/olx_gamesentertainment_dataset/images/games_ccb2ee641c/10.jpg"", ""/content/drive/MyDrive/olx_gamesentertainment_dataset/images/games_ccb2ee641c/11.jpg"", ""/content/drive/MyDrive/olx_gamesentertainment_dataset/images/games_ccb2ee641c/12.jpg"", ""/content/drive/MyDrive/olx_gamesentertainment_dataset/images/games_ccb2ee641c/13.jpg"", ""/content/drive/MyDrive/olx_gamesentertainment_dataset/images/games_ccb2ee641c/14.jpg""]",14,2025-12-08 05:58:22.449603
games_0831942e60,https://www.olx.in/item/games-entertainment-c93-ps5-slim-for-sale-price-slightly-negotiable-in-mysore-mysuru-iid-1828606338,PS5 slim for sale (price slightly negotiable),"PS5 slim version for sale, 1 year old, perfect condition no damage, controller not included, all cables as well as box included, price slightly negotiable - Games & Entertainment",48000,"[""/content/drive/MyDrive/olx_gamesentertainment_dataset/images/games_0831942e60/1.jpg"", ""/content/drive/MyDrive/olx_gamesentertainment_dataset/images/games_0831942e60/2.jpg"", ""/content/drive/MyDrive/olx_gamesentertainment_dataset/images/games_0831942e60/3.jpg"", ""/content/drive/MyDrive/olx_gamesentertainment_dataset/images/games_0831942e60/4.jpg"", ""/content/drive/MyDrive/olx_gamesentertainment_dataset/images/games_0831942e60/5.jpg"", ""/content/drive/MyDrive/olx_gamesentertainment_dataset/images/games_0831942e60/6.jpg"", ""/content/drive/MyDrive/olx_gamesentertainment_dataset/images/games_0831942e60/7.jpg"", ""/content/drive/MyDrive/olx_gamesentertainment_dataset/images/games_0831942e60/8.jpg"", ""/content/drive/MyDrive/olx_gamesentertainment_dataset/images/games_0831942e60/9.jpg"", ""/content/drive/MyDrive/olx_gamesentertainment_dataset/images/games_0831942e60/10.jpg"", ""/content/drive/MyDrive/olx_gamesentertainment_dataset/images/games_0831942e60/11.jpg"", ""/content/drive/MyDrive/olx_gamesentertainment_dataset/images/games_0831942e60/12.jpg"", ""/content/drive/MyDrive/olx_gamesentertainment_dataset/images/games_0831942e60/13.jpg"", ""/content/drive/MyDrive/olx_gamesentertainment_dataset/images/games_0831942e60/14.jpg""]",14,2025-12-08 05:58:33.613600
games_5b6b19a003,https://www.olx.in/item/games-entertainment-c93-some-of-ps4-titles-in-dhola-bhata-ajmer-iid-1828604879,Some of ps4 titles,"GTA 5 primium edition, UNCHARTED 4, UNCHARTED THE LOST LEGACY, RISE OF THE TOMB RAIDER. - Games & Entertainment",5500,"[""/content/drive/MyDrive/olx_gamesentertainment_dataset/images/games_5b6b19a003/1.jpg"", ""/content/drive/MyDrive/olx_gamesentertainment_dataset/images/games_5b6b19a003/2.jpg"", ""/content/drive/MyDrive/olx_gamesentertainment_dataset/images/games_5b6b19a003/3.jpg"", ""/content/drive/MyDrive/olx_gamesentertainment_dataset/images/games_5b6b19a003/4.jpg"", ""/content/drive/MyDrive/olx_gamesentertainment_dataset/images/games_5b6b19a003/5.jpg"", ""/content/drive/MyDrive/olx_gamesentertainment_dataset/images/games_5b6b19a003/6.jpg"", ""/content/drive/MyDrive/olx_gamesentertainment_dataset/images/games_5b6b19a003/7.jpg"", ""/content/drive/MyDrive/olx_gamesentertainment_dataset/images/games_5b6b19a003/8.jpg"", ""/content/drive/MyDrive/olx_gamesentertainment_dataset/images/games_5b6b19a003/9.jpg"", ""/content/drive/MyDrive/olx_gamesentertainment_dataset/images/games_5b6b19a003/10.jpg"", ""/content/drive/MyDrive/olx_gamesentertainment_dataset/images/games_5b6b19a003/11.jpg"", ""/content/drive/MyDrive/olx_gamesentertainment_dataset/images/games_5b6b19a003/12.jpg"", ""/content/drive/MyDrive/olx_gamesentertainment_dataset/images/games_5b6b19a003/13.jpg"", ""/content/drive/MyDrive/olx_gamesentertainment_dataset/images/games_5b6b19a003/14.jpg""]",14,2025-12-08 05:58:44.072068
games_e883c0001b,https://www.olx.in/item/games-entertainment-c93-dj-full-set-up-in-adarsh-nagar-colony-hapur-iid-1816331406,Dj full set-up,4 top 2 bass 5500watt machine Mixture Serious buyers please contact here - Games & Entertainment,90000,"[""/content/drive/MyDrive/olx_gamesentertainment_dataset/images/games_e883c0001b/1.jpg"", ""/content/drive/MyDrive/olx_gamesentertainment_dataset/images/games_e883c0001b/2.jpg"", ""/content/drive/MyDrive/olx_gamesentertainment_dataset/images/games_e883c0001b/3.jpg"", ""/content/drive/MyDrive/olx_gamesentertainment_dataset/images/games_e883c0001b/4.jpg"", ""/content/drive/MyDrive/olx_gamesentertainment_dataset/images/games_e883c0001b/5.jpg"", ""/content/drive/MyDrive/olx_gamesentertainment_dataset/images/games_e883c0001b/6.jpg"", ""/content/drive/MyDrive/olx_gamesentertainment_dataset/images/games_e883c0001b/7.jpg"", ""/content/drive/MyDrive/olx_gamesentertainment_dataset/images/games_e883c0001b/8.jpg"", ""/content/drive/MyDrive/olx_gamesentertainment_dataset/images/games_e883c0001b/9.jpg"", ""/content/drive/MyDrive/olx_gamesentertainment_dataset/images/games_e883c0001b/10.jpg"", ""/content/drive/MyDrive/olx_gamesentertainment_dataset/images/games_e883c0001b/11.jpg"", ""/content/drive/MyDrive/olx_gamesentertainment_dataset/images/games_e883c0001b/12.jpg"", ""/content/drive/MyDrive/olx_gamesentertainment_dataset/images/games_e883c0001b/13.jpg"", ""/content/drive/MyDrive/olx_gamesentertainment_dataset/images/games_e883c0001b/14.jpg""]",14,2025-12-08 05:58:54.502757
games_43c28f5b4c,https://www.olx.in/item/games-entertainment-c93-dj-sound-and-lighting-in-dindoli-kailas-nagar-surat-iid-1828605638,Dj sound and lighting,Dual setup with all wiering - Games & Entertainment,255,"[""/content/drive/MyDrive/olx_gamesentertainment_dataset/images/games_43c28f5b4c/1.jpg"", ""/content/drive/MyDrive/olx_gamesentertainment_dataset/images/games_43c28f5b4c/2.jpg"", ""/content/drive/MyDrive/olx_gamesentertainment_dataset/images/games_43c28f5b4c/3.jpg"", ""/content/drive/MyDrive/olx_gamesentertainment_dataset/images/games_43c28f5b4c/4.jpg"", ""/content/drive/MyDrive/olx_gamesentertainment_dataset/images/games_43c28f5b4c/5.jpg"", ""/content/drive/MyDrive/olx_gamesentertainment_dataset/images/games_43c28f5b4c/6.jpg"", ""/content/drive/MyDrive/olx_gamesentertainment_dataset/images/games_43c28f5b4c/7.jpg"", ""/content/drive/MyDrive/olx_gamesentertainment_dataset/images/games_43c28f5b4c/8.jpg"", ""/content/drive/MyDrive/olx_gamesentertainment_dataset/images/games_43c28f5b4c/9.jpg"", ""/content/drive/MyDrive/olx_gamesentertainment_dataset/images/games_43c28f5b4c/10.jpg"", ""/content/drive/MyDrive/olx_gamesentertainment_dataset/images/games_43c28f5b4c/11.jpg"", ""/content/drive/MyDrive/olx_gamesentertainment_dataset/images/games_43c28f5b4c/12.jpg"", ""/content/drive/MyDrive/olx_gamesentertainment_dataset/images/games_43c28f5b4c/13.jpg"", ""/content/drive/MyDrive/olx_gamesentertainment_dataset/images/games_43c28f5b4c/14.jpg""]",14,2025-12-08 05:59:06.336018
games_07f3be2cec,https://www.olx.in/item/games-entertainment-c93-playstation-3-and-4-cds-in-kodambakkam-chennai-iid-1828606039,PlayStation 3 and 4 CDs,I am selling God of war Ascension CD for PS 3 and Ashes cricket CD for PS 4. CDs are in good condition. - Games & Entertainment,1000,"[""/content/drive/MyDrive/olx_gamesentertainment_dataset/images/games_07f3be2cec/1.jpg"", ""/content/drive/MyDrive/olx_gamesentertainment_dataset/images/games_07f3be2cec/2.jpg"", ""/content/drive/MyDrive/olx_gamesentertainment_dataset/images/games_07f3be2cec/3.jpg"", ""/content/drive/MyDrive/olx_gamesentertainment_dataset/images/games_07f3be2cec/4.jpg"", ""/content/drive/MyDrive/olx_gamesentertainment_dataset/images/games_07f3be2cec/5.jpg"", ""/content/drive/MyDrive/olx_gamesentertainment_dataset/images/games_07f3be2cec/6.jpg"", ""/content/drive/MyDrive/olx_gamesentertainment_dataset/images/games_07f3be2cec/7.jpg"", ""/content/drive/MyDrive/olx_gamesentertainment_dataset/images/games_07f3be2cec/8.jpg"", ""/content/drive/MyDrive/olx_gamesentertainment_dataset/images/games_07f3be2cec/9.jpg"", ""/content/drive/MyDrive/olx_gamesentertainment_dataset/images/games_07f3be2cec/10.jpg"", ""/content/drive/MyDrive/olx_gamesentertainment_dataset/images/games_07f3be2cec/11.jpg"", ""/content/drive/MyDrive/olx_gamesentertainment_dataset/images/games_07f3be2cec/12.jpg"", ""/content/drive/MyDrive/olx_gamesentertainment_dataset/images/games_07f3be2cec/13.jpg"", ""/content/drive/MyDrive/olx_gamesentertainment_dataset/images/games_07f3be2cec/14.jpg""]",14,2025-12-08 05:59:15.434279
games_7908e2779c,https://www.olx.in/item/games-entertainment-c93-ps4-pro-1tb-in-shalimar-srinagar-iid-1828111348,Ps4 pro 1tb,Selling ps4 pro in perfect condition with one ds4 - Games & Entertainment,24000,"[""/content/drive/MyDrive/olx_gamesentertainment_dataset/images/games_7908e2779c/1.jpg"", ""/content/drive/MyDrive/olx_gamesentertainment_dataset/images/games_7908e2779c/2.jpg"", ""/content/drive/MyDrive/olx_gamesentertainment_dataset/images/games_7908e2779c/3.jpg"", ""/content/drive/MyDrive/olx_gamesentertainment_dataset/images/games_7908e2779c/4.jpg"", ""/content/drive/MyDrive/olx_gamesentertainment_dataset/images/games_7908e2779c/5.jpg"", ""/content/drive/MyDrive/olx_gamesentertainment_dataset/images/games_7908e2779c/6.jpg"", ""/content/drive/MyDrive/olx_gamesentertainment_dataset/images/games_7908e2779c/7.jpg"", ""/content/drive/MyDrive/olx_gamesentertainment_dataset/images/games_7908e2779c/8.jpg"", ""/content/drive/MyDrive/olx_gamesentertainment_dataset/images/games_7908e2779c/9.jpg"", ""/content/drive/MyDrive/olx_gamesentertainment_dataset/images/games_7908e2779c/10.jpg"", ""/content/drive/MyDrive/olx_gamesentertainment_dataset/images/games_7908e2779c/11.jpg"", ""/content/drive/MyDrive/olx_gamesentertainment_dataset/images/games_7908e2779c/12.jpg"", ""/content/drive/MyDrive/olx_gamesentertainment_dataset/images/games_7908e2779c/13.jpg"", ""/content/drive/MyDrive/olx_gamesentertainment_dataset/images/games_7908e2779c/14.jpg""]",14,2025-12-08 05:59:26.622425
games_cf9f51b7fe,https://www.olx.in/item/games-entertainment-c93-ps4-slim-1tb-2-controllers-excellent-condition-fully-working-in-tiruvottiyur-kaladipet-chennai-iid-1828605685,PS4 Slim 1TB + 2 Controllers  Excellent Condition  Fully Working,"PS4 Slim 1TB in excellent condition. Console is clean and fully working — no heating, no lag, no issues. Used for light gaming only. Included: • PS4 Slim 1TB console • 2 working controllers • Power cable • HDMI cable “5 pre-installed games included.” - Games & Entertainment",16999,"[""/content/drive/MyDrive/olx_gamesentertainment_dataset/images/games_cf9f51b7fe/1.jpg"", ""/content/drive/MyDrive/olx_gamesentertainment_dataset/images/games_cf9f51b7fe/2.jpg"", ""/content/drive/MyDrive/olx_gamesentertainment_dataset/images/games_cf9f51b7fe/3.jpg"", ""/content/drive/MyDrive/olx_gamesentertainment_dataset/images/games_cf9f51b7fe/4.jpg"", ""/content/drive/MyDrive/olx_gamesentertainment_dataset/images/games_cf9f51b7fe/5.jpg"", ""/content/drive/MyDrive/olx_gamesentertainment_dataset/images/games_cf9f51b7fe/6.jpg"", ""/content/drive/MyDrive/olx_gamesentertainment_dataset/images/games_cf9f51b7fe/7.jpg"", ""/content/drive/MyDrive/olx_gamesentertainment_dataset/images/games_cf9f51b7fe/8.jpg"", ""/content/drive/MyDrive/olx_gamesentertainment_dataset/images/games_cf9f51b7fe/9.jpg"", ""/content/drive/MyDrive/olx_gamesentertainment_dataset/images/games_cf9f51b7fe/10.jpg"", ""/content/drive/MyDrive/olx_gamesentertainment_dataset/images/games_cf9f51b7fe/11.jpg"", ""/content/drive/MyDrive/olx_gamesentertainment_dataset/images/games_cf9f51b7fe/12.jpg"", ""/content/drive/MyDrive/olx_gamesentertainment_dataset/images/games_cf9f51b7fe/13.jpg"", ""/content/drive/MyDrive/olx_gamesentertainment_dataset/images/games_cf9f51b7fe/14.jpg""]",14,2025-12-08 05:59:36.891117
games_b965216c19,https://www.olx.in/item/games-entertainment-c93-hillstar-fe-56-ultra-drone-in-ambedkar-nagar-khurja-iid-1828603768,HILLSTAR FE-56 Ultra Drone,"HILLSTAR GPS Drone with 4K UHD Camera & 3-Axis Gimbal, Foldable Brushless Motors, Obstacle Avoidance Sensor, 2.5 KM Long Range, 26 Min Flight per Battery, 2 Batteries, Smart 5G-GPS Auto Return - Games & Entertainment",22500,"[""/content/drive/MyDrive/olx_gamesentertainment_dataset/images/games_b965216c19/1.jpg"", ""/content/drive/MyDrive/olx_gamesentertainment_dataset/images/games_b965216c19/2.jpg"", ""/content/drive/MyDrive/olx_gamesentertainment_dataset/images/games_b965216c19/3.jpg"", ""/content/drive/MyDrive/olx_gamesentertainment_dataset/images/games_b965216c19/4.jpg"", ""/content/drive/MyDrive/olx_gamesentertainment_dataset/images/games_b965216c19/5.jpg"", ""/content/drive/MyDrive/olx_gamesentertainment_dataset/images/games_b965216c19/6.jpg"", ""/content/drive/MyDrive/olx_gamesentertainment_dataset/images/games_b965216c19/7.jpg"", ""/content/drive/MyDrive/olx_gamesentertainment_dataset/images/games_b965216c19/8.jpg"", ""/content/drive/MyDrive/olx_gamesentertainment_dataset/images/games_b965216c19/9.jpg"", ""/content/drive/MyDrive/olx_gamesentertainment_dataset/images/games_b965216c19/10.jpg"", ""/content/drive/MyDrive/olx_gamesentertainment_dataset/images/games_b965216c19/11.jpg"", ""/content/drive/MyDrive/olx_gamesentertainment_dataset/images/games_b965216c19/12.jpg"", ""/content/drive/MyDrive/olx_gamesentertainment_dataset/images/games_b965216c19/13.jpg"", ""/content/drive/MyDrive/olx_gamesentertainment_dataset/images/games_b965216c19/14.jpg""]",14,2025-12-08 05:59:46.106629
games_9288f91bcc,https://www.olx.in/item/games-entertainment-c93-ps4-console-2-controller-and-14-games-in-puthiyakavu-kochi-iid-1827083955,"PS4 console, 2 controller and 14 games","PS4 500gb with good working condition and engine, european made, 2 controllers one fully functional and other one can be used with wire on and 14 games including uncharted 4 and 5 , god of war, Gran Turismo, Horizon zero dawn, Rachet & clank, just cause 4 etc. - Games & Entertainment",21000,"[""/content/drive/MyDrive/olx_gamesentertainment_dataset/images/games_9288f91bcc/1.jpg"", ""/content/drive/MyDrive/olx_gamesentertainment_dataset/images/games_9288f91bcc/2.jpg"", ""/content/drive/MyDrive/olx_gamesentertainment_dataset/images/games_9288f91bcc/3.jpg"", ""/content/drive/MyDrive/olx_gamesentertainment_dataset/images/games_9288f91bcc/4.jpg"", ""/content/drive/MyDrive/olx_gamesentertainment_dataset/images/games_9288f91bcc/5.jpg"", ""/content/drive/MyDrive/olx_gamesentertainment_dataset/images/games_9288f91bcc/6.jpg"", ""/content/drive/MyDrive/olx_gamesentertainment_dataset/images/games_9288f91bcc/7.jpg"", ""/content/drive/MyDrive/olx_gamesentertainment_dataset/images/games_9288f91bcc/8.jpg"", ""/content/drive/MyDrive/olx_gamesentertainment_dataset/images/games_9288f91bcc/9.jpg"", ""/content/drive/MyDrive/olx_gamesentertainment_dataset/images/games_9288f91bcc/10.jpg"", ""/content/drive/MyDrive/olx_gamesentertainment_dataset/images/games_9288f91bcc/11.jpg"", ""/content/drive/MyDrive/olx_gamesentertainment_dataset/images/games_9288f91bcc/12.jpg"", ""/content/drive/MyDrive/olx_gamesentertainment_dataset/images/games_9288f91bcc/13.jpg"", ""/content/drive/MyDrive/olx_gamesentertainment_dataset/images/games_9288f91bcc/14.jpg""]",14,2025-12-08 05:59:56.435361
games_cc0939e0e9,https://www.olx.in/item/games-entertainment-c93-xbox-one-s-in-khandari-agra-iid-1827752062,XBOX ONE S,"Selling my Xbox One S with 1TB storage. It's in excellent working condition, perfect for gaming and streaming in 4K. Comes with: Xbox One S console 1TB Original wireless controller Power cable and HDMI cable included Well-maintained and cleaned No scratches or damage Factory reset and ready to use Games charges Extra Local pickup preferred for safe exchange. Serious buyers only—feel free to message me with any questions or for more photos. - Games & Entertainment",18000,"[""/content/drive/MyDrive/olx_gamesentertainment_dataset/images/games_cc0939e0e9/1.jpg"", ""/content/drive/MyDrive/olx_gamesentertainment_dataset/images/games_cc0939e0e9/2.jpg"", ""/content/drive/MyDrive/olx_gamesentertainment_dataset/images/games_cc0939e0e9/3.jpg"", ""/content/drive/MyDrive/olx_gamesentertainment_dataset/images/games_cc0939e0e9/4.jpg"", ""/content/drive/MyDrive/olx_gamesentertainment_dataset/images/games_cc0939e0e9/5.jpg"", ""/content/drive/MyDrive/olx_gamesentertainment_dataset/images/games_cc0939e0e9/6.jpg"", ""/content/drive/MyDrive/olx_gamesentertainment_dataset/images/games_cc0939e0e9/7.jpg"", ""/content/drive/MyDrive/olx_gamesentertainment_dataset/images/games_cc0939e0e9/8.jpg"", ""/content/drive/MyDrive/olx_gamesentertainment_dataset/images/games_cc0939e0e9/9.jpg"", ""/content/drive/MyDrive/olx_gamesentertainment_dataset/images/games_cc0939e0e9/10.jpg"", ""/content/drive/MyDrive/olx_gamesentertainment_dataset/images/games_cc0939e0e9/11.jpg"", ""/content/drive/MyDrive/olx_gamesentertainment_dataset/images/games_cc0939e0e9/12.jpg"", ""/content/drive/MyDrive/olx_gamesentertainment_dataset/images/games_cc0939e0e9/13.jpg"", ""/content/drive/MyDrive/olx_gamesentertainment_dataset/images/games_cc0939e0e9/14.jpg""]",14,2025-12-08 06:00:07.637812
games_1c03c15ba7,https://www.olx.in/item/games-entertainment-c93-nintendo-switch-oled-512-gb-in-a-new-condition-in-bhera-enclave-delhi-iid-1828600923,Nintendo Switch OLED 512 GB in a new condition,"Hey, I want to sell my 2 months old Nintendo Switch OLED which is almost as new in condition with Samsung EVO plus micro SD card of 512 GB. You can install any game. The available games are : Pokemon Scarlet Pokemon Violet Demon Slayer Hogwarts Legacy WWE 2K17 Cricket 24 Red Dead Redemption GTA Vice City GTA San Andreas GTA 3 Mario Kart 8 Legend Of Zelda (Breath of the Wild) Legend of Zelda (Tears of the Kingdom) Nintendo eSports Metroid Prime Remastered Super Mario Odyssey Luigi Mansion 3 The Witcher 3 (Complete Edition) Need for Speed Hot Pursuit Android is installed on it so you can use it as an android device and apps like PlayStation RemotePlay and Xbox Game pass to stream games & use Netflix and almost any android app. Every accessory of the console is unused and were never opened and it is as good as new. I have only used the console. It is protected with Spigen Tempered glass from day 1 and cover is included and thumb stick too. Price is fix and low ballers stay away and I will not reply for the bargaining. - Games & Entertainment",31000,"[""/content/drive/MyDrive/olx_gamesentertainment_dataset/images/games_1c03c15ba7/1.jpg"", ""/content/drive/MyDrive/olx_gamesentertainment_dataset/images/games_1c03c15ba7/2.jpg"", ""/content/drive/MyDrive/olx_gamesentertainment_dataset/images/games_1c03c15ba7/3.jpg"", ""/content/drive/MyDrive/olx_gamesentertainment_dataset/images/games_1c03c15ba7/4.jpg"", ""/content/drive/MyDrive/olx_gamesentertainment_dataset/images/games_1c03c15ba7/5.jpg"", ""/content/drive/MyDrive/olx_gamesentertainment_dataset/images/games_1c03c15ba7/6.jpg"", ""/content/drive/MyDrive/olx_gamesentertainment_dataset/images/games_1c03c15ba7/7.jpg"", ""/content/drive/MyDrive/olx_gamesentertainment_dataset/images/games_1c03c15ba7/8.jpg"", ""/content/drive/MyDrive/olx_gamesentertainment_dataset/images/games_1c03c15ba7/9.jpg"", ""/content/drive/MyDrive/olx_gamesentertainment_dataset/images/games_1c03c15ba7/10.jpg"", ""/content/drive/MyDrive/olx_gamesentertainment_dataset/images/games_1c03c15ba7/11.jpg"", ""/content/drive/MyDrive/olx_gamesentertainment_dataset/images/games_1c03c15ba7/12.jpg"", ""/content/drive/MyDrive/olx_gamesentertainment_dataset/images/games_1c03c15ba7/13.jpg"", ""/content/drive/MyDrive/olx_gamesentertainment_dataset/images/games_1c03c15ba7/14.jpg""]",14,2025-12-08 06:00:18.715513
games_7b58ba9b26,https://www.olx.in/item/games-entertainment-c93-mee-apna-inverter-our-stablizer-dono-bech-rahahu-mujhe-peese-ki-need-h-in-kallipur-varanasi-iid-1828601940,Mee apna inverter our stablizer dono bech rahahu mujhe peese ki need h,Inverter bech rahau our stablizer - Games & Entertainment,2500,"[""/content/drive/MyDrive/olx_gamesentertainment_dataset/images/games_7b58ba9b26/1.jpg"", ""/content/drive/MyDrive/olx_gamesentertainment_dataset/images/games_7b58ba9b26/2.jpg"", ""/content/drive/MyDrive/olx_gamesentertainment_dataset/images/games_7b58ba9b26/3.jpg"", ""/content/drive/MyDrive/olx_gamesentertainment_dataset/images/games_7b58ba9b26/4.jpg"", ""/content/drive/MyDrive/olx_gamesentertainment_dataset/images/games_7b58ba9b26/5.jpg"", ""/content/drive/MyDrive/olx_gamesentertainment_dataset/images/games_7b58ba9b26/6.jpg"", ""/content/drive/MyDrive/olx_gamesentertainment_dataset/images/games_7b58ba9b26/7.jpg"", ""/content/drive/MyDrive/olx_gamesentertainment_dataset/images/games_7b58ba9b26/8.jpg"", ""/content/drive/MyDrive/olx_gamesentertainment_dataset/images/games_7b58ba9b26/9.jpg"", ""/content/drive/MyDrive/olx_gamesentertainment_dataset/images/games_7b58ba9b26/10.jpg"", ""/content/drive/MyDrive/olx_gamesentertainment_dataset/images/games_7b58ba9b26/11.jpg"", ""/content/drive/MyDrive/olx_gamesentertainment_dataset/images/games_7b58ba9b26/12.jpg"", ""/content/drive/MyDrive/olx_gamesentertainment_dataset/images/games_7b58ba9b26/13.jpg"", ""/content/drive/MyDrive/olx_gamesentertainment_dataset/images/games_7b58ba9b26/14.jpg""]",14,2025-12-08 06:00:29.521167
games_924e8d1bd1,https://www.olx.in/item/games-entertainment-c93-playstation-4-with-accessories-and-games-in-sir-jj-road-mumbai-iid-1828604696,PlayStation 4 with Accessories and Games,PlayStation 4 in Mint Condition with all the accessories and with game discs - Watchdogs 1 - Watchdogs 2 - Watchdogs Legion - Shadow of Mordor - God Of War - Call of Duty Infinite Warfare - Witcher 3 - Games & Entertainment,25000,"[""/content/drive/MyDrive/olx_gamesentertainment_dataset/images/games_924e8d1bd1/1.jpg"", ""/content/drive/MyDrive/olx_gamesentertainment_dataset/images/games_924e8d1bd1/2.jpg"", ""/content/drive/MyDrive/olx_gamesentertainment_dataset/images/games_924e8d1bd1/3.jpg"", ""/content/drive/MyDrive/olx_gamesentertainment_dataset/images/games_924e8d1bd1/4.jpg"", ""/content/drive/MyDrive/olx_gamesentertainment_dataset/images/games_924e8d1bd1/5.jpg"", ""/content/drive/MyDrive/olx_gamesentertainment_dataset/images/games_924e8d1bd1/6.jpg"", ""/content/drive/MyDrive/olx_gamesentertainment_dataset/images/games_924e8d1bd1/7.jpg"", ""/content/drive/MyDrive/olx_gamesentertainment_dataset/images/games_924e8d1bd1/8.jpg"", ""/content/drive/MyDrive/olx_gamesentertainment_dataset/images/games_924e8d1bd1/9.jpg"", ""/content/drive/MyDrive/olx_gamesentertainment_dataset/images/games_924e8d1bd1/10.jpg"", ""/content/drive/MyDrive/olx_gamesentertainment_dataset/images/games_924e8d1bd1/11.jpg"", ""/content/drive/MyDrive/olx_gamesentertainment_dataset/images/games_924e8d1bd1/12.jpg"", ""/content/drive/MyDrive/olx_gamesentertainment_dataset/images/games_924e8d1bd1/13.jpg"", ""/content/drive/MyDrive/olx_gamesentertainment_dataset/images/games_924e8d1bd1/14.jpg""]",14,2025-12-08 06:00:38.430619
games_4714667ee2,https://www.olx.in/item/games-entertainment-c93-ps4-1-tb-variant-in-eb-colony-tiruppur-iid-1828602783,Ps4 1 TB variant,Ps4 standard edition good condition 20 + games available 1 joystick - Games & Entertainment,24000,"[""/content/drive/MyDrive/olx_gamesentertainment_dataset/images/games_4714667ee2/1.jpg"", ""/content/drive/MyDrive/olx_gamesentertainment_dataset/images/games_4714667ee2/2.jpg"", ""/content/drive/MyDrive/olx_gamesentertainment_dataset/images/games_4714667ee2/3.jpg"", ""/content/drive/MyDrive/olx_gamesentertainment_dataset/images/games_4714667ee2/4.jpg"", ""/content/drive/MyDrive/olx_gamesentertainment_dataset/images/games_4714667ee2/5.jpg"", ""/content/drive/MyDrive/olx_gamesentertainment_dataset/images/games_4714667ee2/6.jpg"", ""/content/drive/MyDrive/olx_gamesentertainment_dataset/images/games_4714667ee2/7.jpg"", ""/content/drive/MyDrive/olx_gamesentertainment_dataset/images/games_4714667ee2/8.jpg"", ""/content/drive/MyDrive/olx_gamesentertainment_dataset/images/games_4714667ee2/9.jpg"", ""/content/drive/MyDrive/olx_gamesentertainment_dataset/images/games_4714667ee2/10.jpg"", ""/content/drive/MyDrive/olx_gamesentertainment_dataset/images/games_4714667ee2/11.jpg"", ""/content/drive/MyDrive/olx_gamesentertainment_dataset/images/games_4714667ee2/12.jpg"", ""/content/drive/MyDrive/olx_gamesentertainment_dataset/images/games_4714667ee2/13.jpg"", ""/content/drive/MyDrive/olx_gamesentertainment_dataset/images/games_4714667ee2/14.jpg""]",14,2025-12-08 06:00:47.000149
games_2c60798b78,https://www.olx.in/item/games-entertainment-c93-ps5-controller-in-meldi-krupa-society-kadi-iid-1828603680,Ps5 controller,Ps5 controller i want to sell 8dec last date and full ps5 slim disk edition available for 32000 contact me before 8dec - Games & Entertainment,2500,"[""/content/drive/MyDrive/olx_gamesentertainment_dataset/images/games_2c60798b78/1.jpg"", ""/content/drive/MyDrive/olx_gamesentertainment_dataset/images/games_2c60798b78/2.jpg"", ""/content/drive/MyDrive/olx_gamesentertainment_dataset/images/games_2c60798b78/3.jpg"", ""/content/drive/MyDrive/olx_gamesentertainment_dataset/images/games_2c60798b78/4.jpg"", ""/content/drive/MyDrive/olx_gamesentertainment_dataset/images/games_2c60798b78/5.jpg"", ""/content/drive/MyDrive/olx_gamesentertainment_dataset/images/games_2c60798b78/6.jpg"", ""/content/drive/MyDrive/olx_gamesentertainment_dataset/images/games_2c60798b78/7.jpg"", ""/content/drive/MyDrive/olx_gamesentertainment_dataset/images/games_2c60798b78/8.jpg"", ""/content/drive/MyDrive/olx_gamesentertainment_dataset/images/games_2c60798b78/9.jpg"", ""/content/drive/MyDrive/olx_gamesentertainment_dataset/images/games_2c60798b78/10.jpg"", ""/content/drive/MyDrive/olx_gamesentertainment_dataset/images/games_2c60798b78/11.jpg"", ""/content/drive/MyDrive/olx_gamesentertainment_dataset/images/games_2c60798b78/12.jpg"", ""/content/drive/MyDrive/olx_gamesentertainment_dataset/images/games_2c60798b78/13.jpg"", ""/content/drive/MyDrive/olx_gamesentertainment_dataset/images/games_2c60798b78/14.jpg""]",14,2025-12-08 06:00:57.168992
games_2cf0965f4a,https://www.olx.in/item/games-entertainment-c93-cosmic-byte-controller-in-sanganer-jaipur-iid-1828602117,Cosmic byte controller,Cosmic byte nebula gaming cotroller brand new condition best working - Games & Entertainment,1200,"[""/content/drive/MyDrive/olx_gamesentertainment_dataset/images/games_2cf0965f4a/1.jpg"", ""/content/drive/MyDrive/olx_gamesentertainment_dataset/images/games_2cf0965f4a/2.jpg"", ""/content/drive/MyDrive/olx_gamesentertainment_dataset/images/games_2cf0965f4a/3.jpg"", ""/content/drive/MyDrive/olx_gamesentertainment_dataset/images/games_2cf0965f4a/4.jpg"", ""/content/drive/MyDrive/olx_gamesentertainment_dataset/images/games_2cf0965f4a/5.jpg"", ""/content/drive/MyDrive/olx_gamesentertainment_dataset/images/games_2cf0965f4a/6.jpg"", ""/content/drive/MyDrive/olx_gamesentertainment_dataset/images/games_2cf0965f4a/7.jpg"", ""/content/drive/MyDrive/olx_gamesentertainment_dataset/images/games_2cf0965f4a/8.jpg"", ""/content/drive/MyDrive/olx_gamesentertainment_dataset/images/games_2cf0965f4a/9.jpg"", ""/content/drive/MyDrive/olx_gamesentertainment_dataset/images/games_2cf0965f4a/10.jpg"", ""/content/drive/MyDrive/olx_gamesentertainment_dataset/images/games_2cf0965f4a/11.jpg"", ""/content/drive/MyDrive/olx_gamesentertainment_dataset/images/games_2cf0965f4a/12.jpg"", ""/content/drive/MyDrive/olx_gamesentertainment_dataset/images/games_2cf0965f4a/13.jpg"", ""/content/drive/MyDrive/olx_gamesentertainment_dataset/images/games_2cf0965f4a/14.jpg""]",14,2025-12-08 06:01:08.928809
games_7c4f14c144,https://www.olx.in/item/games-entertainment-c93-marvels-spider-man-ps4-web-slinging-action-at-its-best-in-pimpri-chinchwad-pune-iid-1826615480,Marvel’s Spider-Man PS4  Web-Slinging Action at Its Best!,"Marvel’s Spider-Man (PS4) – Action-Packed & Ready to Play! Swing through New York City as Spider-Man in this critically acclaimed PS4 exclusive. Developed by Insomniac Games, this disk delivers cinematic storytelling, fluid combat, and jaw-dropping visuals. Whether you're a Marvel fan or a thrill-seeker, this is your ticket to becoming the hero. -> Original disk in great condition. ESRB Teen. ->Works flawlessly on all PS4 and PS5 models So what are you waiting for?? Buy now and don't miss the fun! - Games & Entertainment",1500,"[""/content/drive/MyDrive/olx_gamesentertainment_dataset/images/games_7c4f14c144/1.jpg"", ""/content/drive/MyDrive/olx_gamesentertainment_dataset/images/games_7c4f14c144/2.jpg"", ""/content/drive/MyDrive/olx_gamesentertainment_dataset/images/games_7c4f14c144/3.jpg"", ""/content/drive/MyDrive/olx_gamesentertainment_dataset/images/games_7c4f14c144/4.jpg"", ""/content/drive/MyDrive/olx_gamesentertainment_dataset/images/games_7c4f14c144/5.jpg"", ""/content/drive/MyDrive/olx_gamesentertainment_dataset/images/games_7c4f14c144/6.jpg"", ""/content/drive/MyDrive/olx_gamesentertainment_dataset/images/games_7c4f14c144/7.jpg"", ""/content/drive/MyDrive/olx_gamesentertainment_dataset/images/games_7c4f14c144/8.jpg"", ""/content/drive/MyDrive/olx_gamesentertainment_dataset/images/games_7c4f14c144/9.jpg"", ""/content/drive/MyDrive/olx_gamesentertainment_dataset/images/games_7c4f14c144/10.jpg"", ""/content/drive/MyDrive/olx_gamesentertainment_dataset/images/games_7c4f14c144/11.jpg"", ""/content/drive/MyDrive/olx_gamesentertainment_dataset/images/games_7c4f14c144/12.jpg"", ""/content/drive/MyDrive/olx_gamesentertainment_dataset/images/games_7c4f14c144/13.jpg"", ""/content/drive/MyDrive/olx_gamesentertainment_dataset/images/games_7c4f14c144/14.jpg""]",14,2025-12-08 06:01:21.491210
games_659cc14dfa,https://www.olx.in/item/games-entertainment-c93-ps4-1tb-with-two-controllers-in-very-good-condition-for-sell-in-dombivali-manpada-thane-iid-1828602009,PS4 1TB with two controllers in very good condition for sell,PS4 with 5 CDs for urgent sell. Very well used and in good condition. Slightly negotiable - Games & Entertainment,11500,"[""/content/drive/MyDrive/olx_gamesentertainment_dataset/images/games_659cc14dfa/1.jpg"", ""/content/drive/MyDrive/olx_gamesentertainment_dataset/images/games_659cc14dfa/2.jpg"", ""/content/drive/MyDrive/olx_gamesentertainment_dataset/images/games_659cc14dfa/3.jpg"", ""/content/drive/MyDrive/olx_gamesentertainment_dataset/images/games_659cc14dfa/4.jpg"", ""/content/drive/MyDrive/olx_gamesentertainment_dataset/images/games_659cc14dfa/5.jpg"", ""/content/drive/MyDrive/olx_gamesentertainment_dataset/images/games_659cc14dfa/6.jpg"", ""/content/drive/MyDrive/olx_gamesentertainment_dataset/images/games_659cc14dfa/7.jpg"", ""/content/drive/MyDrive/olx_gamesentertainment_dataset/images/games_659cc14dfa/8.jpg"", ""/content/drive/MyDrive/olx_gamesentertainment_dataset/images/games_659cc14dfa/9.jpg"", ""/content/drive/MyDrive/olx_gamesentertainment_dataset/images/games_659cc14dfa/10.jpg"", ""/content/drive/MyDrive/olx_gamesentertainment_dataset/images/games_659cc14dfa/11.jpg"", ""/content/drive/MyDrive/olx_gamesentertainment_dataset/images/games_659cc14dfa/12.jpg"", ""/content/drive/MyDrive/olx_gamesentertainment_dataset/images/games_659cc14dfa/13.jpg"", ""/content/drive/MyDrive/olx_gamesentertainment_dataset/images/games_659cc14dfa/14.jpg""]",14,2025-12-08 06:01:32.511334
games_b5133af2f2,https://www.olx.in/item/games-entertainment-c93-ps4-1tb-perfect-condition-on-sale-in-janakpuri-delhi-iid-1828603327,PS4 1TB  PERFECT CONDITION ON SALE,Perfect condtion ps4 1tb dubai imported all original - Games & Entertainment,26000,"[""/content/drive/MyDrive/olx_gamesentertainment_dataset/images/games_b5133af2f2/1.jpg"", ""/content/drive/MyDrive/olx_gamesentertainment_dataset/images/games_b5133af2f2/2.jpg"", ""/content/drive/MyDrive/olx_gamesentertainment_dataset/images/games_b5133af2f2/3.jpg"", ""/content/drive/MyDrive/olx_gamesentertainment_dataset/images/games_b5133af2f2/4.jpg"", ""/content/drive/MyDrive/olx_gamesentertainment_dataset/images/games_b5133af2f2/5.jpg"", ""/content/drive/MyDrive/olx_gamesentertainment_dataset/images/games_b5133af2f2/6.jpg"", ""/content/drive/MyDrive/olx_gamesentertainment_dataset/images/games_b5133af2f2/7.jpg"", ""/content/drive/MyDrive/olx_gamesentertainment_dataset/images/games_b5133af2f2/8.jpg"", ""/content/drive/MyDrive/olx_gamesentertainment_dataset/images/games_b5133af2f2/9.jpg"", ""/content/drive/MyDrive/olx_gamesentertainment_dataset/images/games_b5133af2f2/10.jpg"", ""/content/drive/MyDrive/olx_gamesentertainment_dataset/images/games_b5133af2f2/11.jpg"", ""/content/drive/MyDrive/olx_gamesentertainment_dataset/images/games_b5133af2f2/12.jpg"", ""/content/drive/MyDrive/olx_gamesentertainment_dataset/images/games_b5133af2f2/13.jpg"", ""/content/drive/MyDrive/olx_gamesentertainment_dataset/images/games_b5133af2f2/14.jpg""]",14,2025-12-08 06:01:43.249874
games_d3e8a407f9,https://www.olx.in/item/games-entertainment-c93-play-station-5-in-patti-sohana-290-mohali-iid-1828600785,Play station 5,Ps5 825gb excellent condition Disk edition - Games & Entertainment,33000,"[""/content/drive/MyDrive/olx_gamesentertainment_dataset/images/games_d3e8a407f9/1.jpg"", ""/content/drive/MyDrive/olx_gamesentertainment_dataset/images/games_d3e8a407f9/2.jpg"", ""/content/drive/MyDrive/olx_gamesentertainment_dataset/images/games_d3e8a407f9/3.jpg"", ""/content/drive/MyDrive/olx_gamesentertainment_dataset/images/games_d3e8a407f9/4.jpg"", ""/content/drive/MyDrive/olx_gamesentertainment_dataset/images/games_d3e8a407f9/5.jpg"", ""/content/drive/MyDrive/olx_gamesentertainment_dataset/images/games_d3e8a407f9/6.jpg"", ""/content/drive/MyDrive/olx_gamesentertainment_dataset/images/games_d3e8a407f9/7.jpg"", ""/content/drive/MyDrive/olx_gamesentertainment_dataset/images/games_d3e8a407f9/8.jpg"", ""/content/drive/MyDrive/olx_gamesentertainment_dataset/images/games_d3e8a407f9/9.jpg"", ""/content/drive/MyDrive/olx_gamesentertainment_dataset/images/games_d3e8a407f9/10.jpg"", ""/content/drive/MyDrive/olx_gamesentertainment_dataset/images/games_d3e8a407f9/11.jpg"", ""/content/drive/MyDrive/olx_gamesentertainment_dataset/images/games_d3e8a407f9/12.jpg"", ""/content/drive/MyDrive/olx_gamesentertainment_dataset/images/games_d3e8a407f9/13.jpg"", ""/content/drive/MyDrive/olx_gamesentertainment_dataset/images/games_d3e8a407f9/14.jpg""]",14,2025-12-08 06:01:54.705952
games_e933b42401,https://www.olx.in/item/games-entertainment-c93-ps4-good-condition-with-2-remotes-in-das-gaon-nagaon-iid-1823378908,PS4 good condition with 2 remotes,PS4 with good condition + remotes + games - Games & Entertainment,18500,"[""/content/drive/MyDrive/olx_gamesentertainment_dataset/images/games_e933b42401/1.jpg"", ""/content/drive/MyDrive/olx_gamesentertainment_dataset/images/games_e933b42401/2.jpg"", ""/content/drive/MyDrive/olx_gamesentertainment_dataset/images/games_e933b42401/3.jpg"", ""/content/drive/MyDrive/olx_gamesentertainment_dataset/images/games_e933b42401/4.jpg"", ""/content/drive/MyDrive/olx_gamesentertainment_dataset/images/games_e933b42401/5.jpg"", ""/content/drive/MyDrive/olx_gamesentertainment_dataset/images/games_e933b42401/6.jpg"", ""/content/drive/MyDrive/olx_gamesentertainment_dataset/images/games_e933b42401/7.jpg"", ""/content/drive/MyDrive/olx_gamesentertainment_dataset/images/games_e933b42401/8.jpg"", ""/content/drive/MyDrive/olx_gamesentertainment_dataset/images/games_e933b42401/9.jpg"", ""/content/drive/MyDrive/olx_gamesentertainment_dataset/images/games_e933b42401/10.jpg"", ""/content/drive/MyDrive/olx_gamesentertainment_dataset/images/games_e933b42401/11.jpg"", ""/content/drive/MyDrive/olx_gamesentertainment_dataset/images/games_e933b42401/12.jpg"", ""/content/drive/MyDrive/olx_gamesentertainment_dataset/images/games_e933b42401/13.jpg"", ""/content/drive/MyDrive/olx_gamesentertainment_dataset/images/games_e933b42401/14.jpg""]",14,2025-12-08 06:02:03.416702
games_bb1386ac26,https://www.olx.in/item/games-entertainment-c93-radio-master-boxer-not-used-in-sushant-lok-phase-3-gurgaon-iid-1827295693,Radio master boxer (NOT USED),Selling my Radio Master boxer brand new never used even once but used for practice on laptop 5-7 times it is in mint condition not even one minor scratch and comes original company packing and warranty included brand new batteries for the remote. Item: BOXER Radio Size: 235*178*77mm Weight: 532.5g Frequency: 2.400GHz-2.480GHz Internal RF Options: CC2500 multi-protocol / 4-in-1 multi-protocol / ELRS 2.4GHz Supported protocols: Module dependent Voltage Range: 6.6-8.4V DC Radio Firmware: EdgeTX (Transmitter) / Multi-Module (RF module) / ELRS Channels: Max 16 channels (Receiver dependent) Battery: 7.4V 2-cell Lithium-Polymer / Two 3.7V 18650 Lithium-Ion cells (batteries not included) Display: 128*64 Monochrome LCD display Gimbal: High precision 4.0 Hall gimbals as standard (AG01 Optional) External module: JR/FrSKY/Crossfire compatible Upgrade Method: USB/SD card & EdgeTX Companion PC software - Games & Entertainment,11500,"[""/content/drive/MyDrive/olx_gamesentertainment_dataset/images/games_bb1386ac26/1.jpg"", ""/content/drive/MyDrive/olx_gamesentertainment_dataset/images/games_bb1386ac26/2.jpg"", ""/content/drive/MyDrive/olx_gamesentertainment_dataset/images/games_bb1386ac26/3.jpg"", ""/content/drive/MyDrive/olx_gamesentertainment_dataset/images/games_bb1386ac26/4.jpg"", ""/content/drive/MyDrive/olx_gamesentertainment_dataset/images/games_bb1386ac26/5.jpg"", ""/content/drive/MyDrive/olx_gamesentertainment_dataset/images/games_bb1386ac26/6.jpg"", ""/content/drive/MyDrive/olx_gamesentertainment_dataset/images/games_bb1386ac26/7.jpg"", ""/content/drive/MyDrive/olx_gamesentertainment_dataset/images/games_bb1386ac26/8.jpg"", ""/content/drive/MyDrive/olx_gamesentertainment_dataset/images/games_bb1386ac26/9.jpg"", ""/content/drive/MyDrive/olx_gamesentertainment_dataset/images/games_bb1386ac26/10.jpg"", ""/content/drive/MyDrive/olx_gamesentertainment_dataset/images/games_bb1386ac26/11.jpg"", ""/content/drive/MyDrive/olx_gamesentertainment_dataset/images/games_bb1386ac26/12.jpg"", ""/content/drive/MyDrive/olx_gamesentertainment_dataset/images/games_bb1386ac26/13.jpg"", ""/content/drive/MyDrive/olx_gamesentertainment_dataset/images/games_bb1386ac26/14.jpg""]",14,2025-12-08 06:02:13.255843
games_c8a0e3e78d,https://www.olx.in/item/games-entertainment-c93-play-station-4-in-thottapalayam-vellore-iid-1828603759,PLAY STATION 4,Play station ps 4 slim 1tb with 1 joy stick 2 games gta 5 and takken 7 no time to play have to sell urgent slightly negotiable excellent condition serious buyers please contact me in WhatsApp - Games & Entertainment,16000,"[""/content/drive/MyDrive/olx_gamesentertainment_dataset/images/games_c8a0e3e78d/1.jpg"", ""/content/drive/MyDrive/olx_gamesentertainment_dataset/images/games_c8a0e3e78d/2.jpg"", ""/content/drive/MyDrive/olx_gamesentertainment_dataset/images/games_c8a0e3e78d/3.jpg"", ""/content/drive/MyDrive/olx_gamesentertainment_dataset/images/games_c8a0e3e78d/4.jpg"", ""/content/drive/MyDrive/olx_gamesentertainment_dataset/images/games_c8a0e3e78d/5.jpg"", ""/content/drive/MyDrive/olx_gamesentertainment_dataset/images/games_c8a0e3e78d/6.jpg"", ""/content/drive/MyDrive/olx_gamesentertainment_dataset/images/games_c8a0e3e78d/7.jpg"", ""/content/drive/MyDrive/olx_gamesentertainment_dataset/images/games_c8a0e3e78d/8.jpg"", ""/content/drive/MyDrive/olx_gamesentertainment_dataset/images/games_c8a0e3e78d/9.jpg"", ""/content/drive/MyDrive/olx_gamesentertainment_dataset/images/games_c8a0e3e78d/10.jpg"", ""/content/drive/MyDrive/olx_gamesentertainment_dataset/images/games_c8a0e3e78d/11.jpg"", ""/content/drive/MyDrive/olx_gamesentertainment_dataset/images/games_c8a0e3e78d/12.jpg"", ""/content/drive/MyDrive/olx_gamesentertainment_dataset/images/games_c8a0e3e78d/13.jpg"", ""/content/drive/MyDrive/olx_gamesentertainment_dataset/images/games_c8a0e3e78d/14.jpg""]",14,2025-12-08 06:02:23.497390
games_d88882c94c,https://www.olx.in/item/games-entertainment-c93-key-board-musical-instrument-in-panchwati-vadodara-iid-1827361781,Key board musical instrument,TRINITY PA-51X 49 Key Piano - Games & Entertainment,4800,"[""/content/drive/MyDrive/olx_gamesentertainment_dataset/images/games_d88882c94c/1.jpg"", ""/content/drive/MyDrive/olx_gamesentertainment_dataset/images/games_d88882c94c/2.jpg"", ""/content/drive/MyDrive/olx_gamesentertainment_dataset/images/games_d88882c94c/3.jpg"", ""/content/drive/MyDrive/olx_gamesentertainment_dataset/images/games_d88882c94c/4.jpg"", ""/content/drive/MyDrive/olx_gamesentertainment_dataset/images/games_d88882c94c/5.jpg"", ""/content/drive/MyDrive/olx_gamesentertainment_dataset/images/games_d88882c94c/6.jpg"", ""/content/drive/MyDrive/olx_gamesentertainment_dataset/images/games_d88882c94c/7.jpg"", ""/content/drive/MyDrive/olx_gamesentertainment_dataset/images/games_d88882c94c/8.jpg"", ""/content/drive/MyDrive/olx_gamesentertainment_dataset/images/games_d88882c94c/9.jpg"", ""/content/drive/MyDrive/olx_gamesentertainment_dataset/images/games_d88882c94c/10.jpg"", ""/content/drive/MyDrive/olx_gamesentertainment_dataset/images/games_d88882c94c/11.jpg"", ""/content/drive/MyDrive/olx_gamesentertainment_dataset/images/games_d88882c94c/12.jpg"", ""/content/drive/MyDrive/olx_gamesentertainment_dataset/images/games_d88882c94c/13.jpg"", ""/content/drive/MyDrive/olx_gamesentertainment_dataset/images/games_d88882c94c/14.jpg""]",14,2025-12-08 06:02:34.585546
games_2390748e21,https://www.olx.in/item/games-entertainment-c93-cosmic-byte-nexus-gaming-controller-in-jntu-hyderabad-iid-1828603537,Cosmic byte nexus gaming controller,Gaming controller - Games & Entertainment,800,"[""/content/drive/MyDrive/olx_gamesentertainment_dataset/images/games_2390748e21/1.jpg"", ""/content/drive/MyDrive/olx_gamesentertainment_dataset/images/games_2390748e21/2.jpg"", ""/content/drive/MyDrive/olx_gamesentertainment_dataset/images/games_2390748e21/3.jpg"", ""/content/drive/MyDrive/olx_gamesentertainment_dataset/images/games_2390748e21/4.jpg"", ""/content/drive/MyDrive/olx_gamesentertainment_dataset/images/games_2390748e21/5.jpg"", ""/content/drive/MyDrive/olx_gamesentertainment_dataset/images/games_2390748e21/6.jpg"", ""/content/drive/MyDrive/olx_gamesentertainment_dataset/images/games_2390748e21/7.jpg"", ""/content/drive/MyDrive/olx_gamesentertainment_dataset/images/games_2390748e21/8.jpg"", ""/content/drive/MyDrive/olx_gamesentertainment_dataset/images/games_2390748e21/9.jpg"", ""/content/drive/MyDrive/olx_gamesentertainment_dataset/images/games_2390748e21/10.jpg"", ""/content/drive/MyDrive/olx_gamesentertainment_dataset/images/games_2390748e21/11.jpg"", ""/content/drive/MyDrive/olx_gamesentertainment_dataset/images/games_2390748e21/12.jpg"", ""/content/drive/MyDrive/olx_gamesentertainment_dataset/images/games_2390748e21/13.jpg"", ""/content/drive/MyDrive/olx_gamesentertainment_dataset/images/games_2390748e21/14.jpg""]",14,2025-12-08 06:02:46.020461
games_8f9b893902,https://www.olx.in/item/games-entertainment-c93-psp-street-white-colour-in-jagjeetpur-haridwar-iid-1828603698,Psp street white colour,Psp street in white colour with original charger and 8gb memory card loaded with 7 games - Games & Entertainment,6500,"[""/content/drive/MyDrive/olx_gamesentertainment_dataset/images/games_8f9b893902/1.jpg"", ""/content/drive/MyDrive/olx_gamesentertainment_dataset/images/games_8f9b893902/2.jpg"", ""/content/drive/MyDrive/olx_gamesentertainment_dataset/images/games_8f9b893902/3.jpg"", ""/content/drive/MyDrive/olx_gamesentertainment_dataset/images/games_8f9b893902/4.jpg"", ""/content/drive/MyDrive/olx_gamesentertainment_dataset/images/games_8f9b893902/5.jpg"", ""/content/drive/MyDrive/olx_gamesentertainment_dataset/images/games_8f9b893902/6.jpg"", ""/content/drive/MyDrive/olx_gamesentertainment_dataset/images/games_8f9b893902/7.jpg"", ""/content/drive/MyDrive/olx_gamesentertainment_dataset/images/games_8f9b893902/8.jpg"", ""/content/drive/MyDrive/olx_gamesentertainment_dataset/images/games_8f9b893902/9.jpg"", ""/content/drive/MyDrive/olx_gamesentertainment_dataset/images/games_8f9b893902/10.jpg"", ""/content/drive/MyDrive/olx_gamesentertainment_dataset/images/games_8f9b893902/11.jpg"", ""/content/drive/MyDrive/olx_gamesentertainment_dataset/images/games_8f9b893902/12.jpg"", ""/content/drive/MyDrive/olx_gamesentertainment_dataset/images/games_8f9b893902/13.jpg"", ""/content/drive/MyDrive/olx_gamesentertainment_dataset/images/games_8f9b893902/14.jpg""]",14,2025-12-08 06:02:56.901563
games_e146a9dde6,https://www.olx.in/item/games-entertainment-c93-blutooth-headphones-boat-in-real-in-morya-nagar-nalasopara-west-palghar-iid-1828603820,Blutooth headphones boat in real,Real but issue is use to charging and then use to full day - Games & Entertainment,300,"[""/content/drive/MyDrive/olx_gamesentertainment_dataset/images/games_e146a9dde6/1.jpg"", ""/content/drive/MyDrive/olx_gamesentertainment_dataset/images/games_e146a9dde6/2.jpg"", ""/content/drive/MyDrive/olx_gamesentertainment_dataset/images/games_e146a9dde6/3.jpg"", ""/content/drive/MyDrive/olx_gamesentertainment_dataset/images/games_e146a9dde6/4.jpg"", ""/content/drive/MyDrive/olx_gamesentertainment_dataset/images/games_e146a9dde6/5.jpg"", ""/content/drive/MyDrive/olx_gamesentertainment_dataset/images/games_e146a9dde6/6.jpg"", ""/content/drive/MyDrive/olx_gamesentertainment_dataset/images/games_e146a9dde6/7.jpg"", ""/content/drive/MyDrive/olx_gamesentertainment_dataset/images/games_e146a9dde6/8.jpg"", ""/content/drive/MyDrive/olx_gamesentertainment_dataset/images/games_e146a9dde6/9.jpg"", ""/content/drive/MyDrive/olx_gamesentertainment_dataset/images/games_e146a9dde6/10.jpg"", ""/content/drive/MyDrive/olx_gamesentertainment_dataset/images/games_e146a9dde6/11.jpg"", ""/content/drive/MyDrive/olx_gamesentertainment_dataset/images/games_e146a9dde6/12.jpg"", ""/content/drive/MyDrive/olx_gamesentertainment_dataset/images/games_e146a9dde6/13.jpg"", ""/content/drive/MyDrive/olx_gamesentertainment_dataset/images/games_e146a9dde6/14.jpg""]",14,2025-12-08 06:03:06.996820
games_97e12d38f8,https://www.olx.in/item/games-entertainment-c93-projectx-pro-in-ronchi-bangar-mathura-iid-1828600376,ProjectX pro,ProjectX pro - Games & Entertainment,4786,"[""/content/drive/MyDrive/olx_gamesentertainment_dataset/images/games_97e12d38f8/1.jpg"", ""/content/drive/MyDrive/olx_gamesentertainment_dataset/images/games_97e12d38f8/2.jpg"", ""/content/drive/MyDrive/olx_gamesentertainment_dataset/images/games_97e12d38f8/3.jpg"", ""/content/drive/MyDrive/olx_gamesentertainment_dataset/images/games_97e12d38f8/4.jpg"", ""/content/drive/MyDrive/olx_gamesentertainment_dataset/images/games_97e12d38f8/5.jpg"", ""/content/drive/MyDrive/olx_gamesentertainment_dataset/images/games_97e12d38f8/6.jpg"", ""/content/drive/MyDrive/olx_gamesentertainment_dataset/images/games_97e12d38f8/7.jpg"", ""/content/drive/MyDrive/olx_gamesentertainment_dataset/images/games_97e12d38f8/8.jpg"", ""/content/drive/MyDrive/olx_gamesentertainment_dataset/images/games_97e12d38f8/9.jpg"", ""/content/drive/MyDrive/olx_gamesentertainment_dataset/images/games_97e12d38f8/10.jpg"", ""/content/drive/MyDrive/olx_gamesentertainment_dataset/images/games_97e12d38f8/11.jpg"", ""/content/drive/MyDrive/olx_gamesentertainment_dataset/images/games_97e12d38f8/12.jpg"", ""/content/drive/MyDrive/olx_gamesentertainment_dataset/images/games_97e12d38f8/13.jpg"", ""/content/drive/MyDrive/olx_gamesentertainment_dataset/images/games_97e12d38f8/14.jpg""]",14,2025-12-08 06:03:16.538328
games_4af7c2c6ab,https://www.olx.in/item/games-entertainment-c93-hoverboard-h8-model-in-green-avenue-colony-faridkot-iid-1828012979,Hoverboard h8 model,"Hoverboard model h8 , selling my brand new h8 hoverboard , used for about 15 days, absolutely brand new ,,, - Games & Entertainment",8000,"[""/content/drive/MyDrive/olx_gamesentertainment_dataset/images/games_4af7c2c6ab/1.jpg"", ""/content/drive/MyDrive/olx_gamesentertainment_dataset/images/games_4af7c2c6ab/2.jpg"", ""/content/drive/MyDrive/olx_gamesentertainment_dataset/images/games_4af7c2c6ab/3.jpg"", ""/content/drive/MyDrive/olx_gamesentertainment_dataset/images/games_4af7c2c6ab/4.jpg"", ""/content/drive/MyDrive/olx_gamesentertainment_dataset/images/games_4af7c2c6ab/5.jpg"", ""/content/drive/MyDrive/olx_gamesentertainment_dataset/images/games_4af7c2c6ab/6.jpg"", ""/content/drive/MyDrive/olx_gamesentertainment_dataset/images/games_4af7c2c6ab/7.jpg"", ""/content/drive/MyDrive/olx_gamesentertainment_dataset/images/games_4af7c2c6ab/8.jpg"", ""/content/drive/MyDrive/olx_gamesentertainment_dataset/images/games_4af7c2c6ab/9.jpg"", ""/content/drive/MyDrive/olx_gamesentertainment_dataset/images/games_4af7c2c6ab/10.jpg"", ""/content/drive/MyDrive/olx_gamesentertainment_dataset/images/games_4af7c2c6ab/11.jpg"", ""/content/drive/MyDrive/olx_gamesentertainment_dataset/images/games_4af7c2c6ab/12.jpg"", ""/content/drive/MyDrive/olx_gamesentertainment_dataset/images/games_4af7c2c6ab/13.jpg"", ""/content/drive/MyDrive/olx_gamesentertainment_dataset/images/games_4af7c2c6ab/14.jpg""]",14,2025-12-08 06:03:26.237240
games_0e126735a3,https://www.olx.in/item/games-entertainment-c93-ps5-digital-in-panvel-maharashtra-iid-1828435655,Ps5 Digital,"Selling a lightly used PlayStation 5 Digital Edition! Experience next-gen loading speeds and amazing graphics. • Console: PS5 Digital Edition (Disc-free gaming) • Controller: 1 DualSense Wireless Controller (Original) • Condition: Excellent, fully functional. • Why buy? Perfect for digital gamers ready for the PS5 library! Price: [42,000] Local pickup preferred. Serious inquiries only. PlayStation 5 (PS5) Digital Edition Console - Ready to Play! I am selling my PS5 Digital Edition console. It has been lightly used and is in excellent working and cosmetic condition. This is the disc-free version, ideal for players who prefer buying and downloading all their games directly from the PlayStation Store. What's Included: • PlayStation 5 Digital Edition Console (Internal storage: 1TB SSD) • 1 Original Sony DualSense Wireless Controller (White) • All necessary cables (Power cable, HDMI cable, USB charging cable for controller) • Original Box (If applicable - mention if you still have it!) Key Features: • Lightning-Fast Loading: Near-instantaneous loading for installed PS5 games thanks to the ultra-high-speed SSD. • 3D Audio: Immerse yourself in the soundscapes of supported games. • Haptic Feedback & Adaptive Triggers: Enhanced sensory experience with the DualSense controller. Condition: • Smoke-free home. • Wiped and factory reset, ready for a new owner. - Games & Entertainment",42000,"[""/content/drive/MyDrive/olx_gamesentertainment_dataset/images/games_0e126735a3/1.jpg"", ""/content/drive/MyDrive/olx_gamesentertainment_dataset/images/games_0e126735a3/2.jpg"", ""/content/drive/MyDrive/olx_gamesentertainment_dataset/images/games_0e126735a3/3.jpg"", ""/content/drive/MyDrive/olx_gamesentertainment_dataset/images/games_0e126735a3/4.jpg"", ""/content/drive/MyDrive/olx_gamesentertainment_dataset/images/games_0e126735a3/5.jpg"", ""/content/drive/MyDrive/olx_gamesentertainment_dataset/images/games_0e126735a3/6.jpg"", ""/content/drive/MyDrive/olx_gamesentertainment_dataset/images/games_0e126735a3/7.jpg"", ""/content/drive/MyDrive/olx_gamesentertainment_dataset/images/games_0e126735a3/8.jpg"", ""/content/drive/MyDrive/olx_gamesentertainment_dataset/images/games_0e126735a3/9.jpg"", ""/content/drive/MyDrive/olx_gamesentertainment_dataset/images/games_0e126735a3/10.jpg"", ""/content/drive/MyDrive/olx_gamesentertainment_dataset/images/games_0e126735a3/11.jpg"", ""/content/drive/MyDrive/olx_gamesentertainment_dataset/images/games_0e126735a3/12.jpg"", ""/content/drive/MyDrive/olx_gamesentertainment_dataset/images/games_0e126735a3/13.jpg"", ""/content/drive/MyDrive/olx_gamesentertainment_dataset/images/games_0e126735a3/14.jpg""]",14,2025-12-08 06:03:36.177780
games_5d5b716972,https://www.olx.in/item/games-entertainment-c93-ghost-of-yotei-ps5-new-condition-in-bag-colony-tapa-iid-1828603837,Ghost Of Yotei Ps5 ( new condition ),It only a month old and in brand new condition without any scratches - Games & Entertainment,4500,"[""/content/drive/MyDrive/olx_gamesentertainment_dataset/images/games_5d5b716972/1.jpg"", ""/content/drive/MyDrive/olx_gamesentertainment_dataset/images/games_5d5b716972/2.jpg"", ""/content/drive/MyDrive/olx_gamesentertainment_dataset/images/games_5d5b716972/3.jpg"", ""/content/drive/MyDrive/olx_gamesentertainment_dataset/images/games_5d5b716972/4.jpg"", ""/content/drive/MyDrive/olx_gamesentertainment_dataset/images/games_5d5b716972/5.jpg"", ""/content/drive/MyDrive/olx_gamesentertainment_dataset/images/games_5d5b716972/6.jpg"", ""/content/drive/MyDrive/olx_gamesentertainment_dataset/images/games_5d5b716972/7.jpg"", ""/content/drive/MyDrive/olx_gamesentertainment_dataset/images/games_5d5b716972/8.jpg"", ""/content/drive/MyDrive/olx_gamesentertainment_dataset/images/games_5d5b716972/9.jpg"", ""/content/drive/MyDrive/olx_gamesentertainment_dataset/images/games_5d5b716972/10.jpg"", ""/content/drive/MyDrive/olx_gamesentertainment_dataset/images/games_5d5b716972/11.jpg"", ""/content/drive/MyDrive/olx_gamesentertainment_dataset/images/games_5d5b716972/12.jpg"", ""/content/drive/MyDrive/olx_gamesentertainment_dataset/images/games_5d5b716972/13.jpg"", ""/content/drive/MyDrive/olx_gamesentertainment_dataset/images/games_5d5b716972/14.jpg""]",14,2025-12-08 06:03:45.158015
games_d535383b08,https://www.olx.in/item/games-entertainment-c93-ps4-gaming-console-used-in-excellent-condition-in-koramangala-bengaluru-iid-1785267467,Ps4 Gaming console Used in excellent condition,We buy sell trade and swap used and new gaming consoles Playstation 4 starts from 15000 Ps4 pro starts from 25000 Ps5 starts from 35000 Ps4 on exchange with Ps3 starts from 10000 - Games & Entertainment,10000,"[""/content/drive/MyDrive/olx_gamesentertainment_dataset/images/games_d535383b08/1.jpg"", ""/content/drive/MyDrive/olx_gamesentertainment_dataset/images/games_d535383b08/2.jpg"", ""/content/drive/MyDrive/olx_gamesentertainment_dataset/images/games_d535383b08/3.jpg"", ""/content/drive/MyDrive/olx_gamesentertainment_dataset/images/games_d535383b08/4.jpg"", ""/content/drive/MyDrive/olx_gamesentertainment_dataset/images/games_d535383b08/5.jpg"", ""/content/drive/MyDrive/olx_gamesentertainment_dataset/images/games_d535383b08/6.jpg"", ""/content/drive/MyDrive/olx_gamesentertainment_dataset/images/games_d535383b08/7.jpg"", ""/content/drive/MyDrive/olx_gamesentertainment_dataset/images/games_d535383b08/8.jpg"", ""/content/drive/MyDrive/olx_gamesentertainment_dataset/images/games_d535383b08/9.jpg"", ""/content/drive/MyDrive/olx_gamesentertainment_dataset/images/games_d535383b08/10.jpg"", ""/content/drive/MyDrive/olx_gamesentertainment_dataset/images/games_d535383b08/11.jpg"", ""/content/drive/MyDrive/olx_gamesentertainment_dataset/images/games_d535383b08/12.jpg"", ""/content/drive/MyDrive/olx_gamesentertainment_dataset/images/games_d535383b08/13.jpg"", ""/content/drive/MyDrive/olx_gamesentertainment_dataset/images/games_d535383b08/14.jpg""]",14,2025-12-08 06:03:58.338739
games_0ad3933c84,https://www.olx.in/item/games-entertainment-c93-ps-5-digital-addition-in-nobo-nagar-bengaluru-iid-1828058169,PS 5 DIGITAL ADDITION,Play station 5 digital station - Games & Entertainment,42000,"[""/content/drive/MyDrive/olx_gamesentertainment_dataset/images/games_0ad3933c84/1.jpg"", ""/content/drive/MyDrive/olx_gamesentertainment_dataset/images/games_0ad3933c84/2.jpg"", ""/content/drive/MyDrive/olx_gamesentertainment_dataset/images/games_0ad3933c84/3.jpg"", ""/content/drive/MyDrive/olx_gamesentertainment_dataset/images/games_0ad3933c84/4.jpg"", ""/content/drive/MyDrive/olx_gamesentertainment_dataset/images/games_0ad3933c84/5.jpg"", ""/content/drive/MyDrive/olx_gamesentertainment_dataset/images/games_0ad3933c84/6.jpg"", ""/content/drive/MyDrive/olx_gamesentertainment_dataset/images/games_0ad3933c84/7.jpg"", ""/content/drive/MyDrive/olx_gamesentertainment_dataset/images/games_0ad3933c84/8.jpg"", ""/content/drive/MyDrive/olx_gamesentertainment_dataset/images/games_0ad3933c84/9.jpg"", ""/content/drive/MyDrive/olx_gamesentertainment_dataset/images/games_0ad3933c84/10.jpg"", ""/content/drive/MyDrive/olx_gamesentertainment_dataset/images/games_0ad3933c84/11.jpg"", ""/content/drive/MyDrive/olx_gamesentertainment_dataset/images/games_0ad3933c84/12.jpg"", ""/content/drive/MyDrive/olx_gamesentertainment_dataset/images/games_0ad3933c84/13.jpg"", ""/content/drive/MyDrive/olx_gamesentertainment_dataset/images/games_0ad3933c84/14.jpg""]",14,2025-12-08 06:04:09.278598
games_4e68de6c97,https://www.olx.in/item/games-entertainment-c93-ps5-and-ps4-for-daily-weekly-and-monthy-rental-in-kovoor-kozhikode-iid-1828602001,"PS5 and PS4 For Daily, Weekly and Monthy Rental.","Now enjoy the thrill of console gaming at home with our PS5 and PS4 rental services in Calicut! • PS5 Rental: Just ₹599 per day • PS4 Rental: Starting from ₹399 per day • Flexible rental options: Daily, Weekly, and Monthly plans available • No additional charges for games! Play top titles absolutely free. • Includes: Console, controller(s), necessary cables, and pre-installed games. Perfect for parties, weekends, or casual gaming at home. Limited consoles available – Book your slot now! - Games & Entertainment",599,"[""/content/drive/MyDrive/olx_gamesentertainment_dataset/images/games_4e68de6c97/1.jpg"", ""/content/drive/MyDrive/olx_gamesentertainment_dataset/images/games_4e68de6c97/2.jpg"", ""/content/drive/MyDrive/olx_gamesentertainment_dataset/images/games_4e68de6c97/3.jpg"", ""/content/drive/MyDrive/olx_gamesentertainment_dataset/images/games_4e68de6c97/4.jpg"", ""/content/drive/MyDrive/olx_gamesentertainment_dataset/images/games_4e68de6c97/5.jpg"", ""/content/drive/MyDrive/olx_gamesentertainment_dataset/images/games_4e68de6c97/6.jpg"", ""/content/drive/MyDrive/olx_gamesentertainment_dataset/images/games_4e68de6c97/7.jpg"", ""/content/drive/MyDrive/olx_gamesentertainment_dataset/images/games_4e68de6c97/8.jpg"", ""/content/drive/MyDrive/olx_gamesentertainment_dataset/images/games_4e68de6c97/9.jpg"", ""/content/drive/MyDrive/olx_gamesentertainment_dataset/images/games_4e68de6c97/10.jpg"", ""/content/drive/MyDrive/olx_gamesentertainment_dataset/images/games_4e68de6c97/11.jpg"", ""/content/drive/MyDrive/olx_gamesentertainment_dataset/images/games_4e68de6c97/12.jpg"", ""/content/drive/MyDrive/olx_gamesentertainment_dataset/images/games_4e68de6c97/13.jpg"", ""/content/drive/MyDrive/olx_gamesentertainment_dataset/images/games_4e68de6c97/14.jpg"", ""/content/drive/MyDrive/olx_gamesentertainment_dataset/images/games_4e68de6c97/15.jpg"", ""/content/drive/MyDrive/olx_gamesentertainment_dataset/images/games_4e68de6c97/16.jpg""]",16,2025-12-08 06:04:20.925421
games_d16738cf4c,https://www.olx.in/item/games-entertainment-c93-nintendo-switch-oled-box-games-512-gb-memory-card-in-sector-84-gurgaon-iid-1824623067,Nintendo Switch Oled + BOX + Games + 512 GB Memory card,Nintendo Switch Oled + BOX + with Games + 512 GB Memory card in excellent condition with all original accessories Only serious buyers contact PRICE I S FIXED and already best no negotiations Come check and buy Can exchange it with PS4 PRO / PS5 / Rog Ally - Games & Entertainment,25000,"[""/content/drive/MyDrive/olx_gamesentertainment_dataset/images/games_d16738cf4c/1.jpg"", ""/content/drive/MyDrive/olx_gamesentertainment_dataset/images/games_d16738cf4c/2.jpg"", ""/content/drive/MyDrive/olx_gamesentertainment_dataset/images/games_d16738cf4c/3.jpg"", ""/content/drive/MyDrive/olx_gamesentertainment_dataset/images/games_d16738cf4c/4.jpg"", ""/content/drive/MyDrive/olx_gamesentertainment_dataset/images/games_d16738cf4c/5.jpg"", ""/content/drive/MyDrive/olx_gamesentertainment_dataset/images/games_d16738cf4c/6.jpg"", ""/content/drive/MyDrive/olx_gamesentertainment_dataset/images/games_d16738cf4c/7.jpg"", ""/content/drive/MyDrive/olx_gamesentertainment_dataset/images/games_d16738cf4c/8.jpg"", ""/content/drive/MyDrive/olx_gamesentertainment_dataset/images/games_d16738cf4c/9.jpg"", ""/content/drive/MyDrive/olx_gamesentertainment_dataset/images/games_d16738cf4c/10.jpg"", ""/content/drive/MyDrive/olx_gamesentertainment_dataset/images/games_d16738cf4c/11.jpg"", ""/content/drive/MyDrive/olx_gamesentertainment_dataset/images/games_d16738cf4c/12.jpg"", ""/content/drive/MyDrive/olx_gamesentertainment_dataset/images/games_d16738cf4c/13.jpg"", ""/content/drive/MyDrive/olx_gamesentertainment_dataset/images/games_d16738cf4c/14.jpg""]",14,2025-12-08 06:04:31.030044
games_00100f3f2f,https://www.olx.in/item/games-entertainment-c93-ps-5-controller-in-sampda-shubh-khera-paonta-sahib-iid-1828602840,Ps 5 Controller,Completely new condition Fully working Original Bill Original Box 10 months old - Games & Entertainment,4000,"[""/content/drive/MyDrive/olx_gamesentertainment_dataset/images/games_00100f3f2f/1.jpg"", ""/content/drive/MyDrive/olx_gamesentertainment_dataset/images/games_00100f3f2f/2.jpg"", ""/content/drive/MyDrive/olx_gamesentertainment_dataset/images/games_00100f3f2f/3.jpg"", ""/content/drive/MyDrive/olx_gamesentertainment_dataset/images/games_00100f3f2f/4.jpg"", ""/content/drive/MyDrive/olx_gamesentertainment_dataset/images/games_00100f3f2f/5.jpg"", ""/content/drive/MyDrive/olx_gamesentertainment_dataset/images/games_00100f3f2f/6.jpg"", ""/content/drive/MyDrive/olx_gamesentertainment_dataset/images/games_00100f3f2f/7.jpg"", ""/content/drive/MyDrive/olx_gamesentertainment_dataset/images/games_00100f3f2f/8.jpg"", ""/content/drive/MyDrive/olx_gamesentertainment_dataset/images/games_00100f3f2f/9.jpg"", ""/content/drive/MyDrive/olx_gamesentertainment_dataset/images/games_00100f3f2f/10.jpg"", ""/content/drive/MyDrive/olx_gamesentertainment_dataset/images/games_00100f3f2f/11.jpg"", ""/content/drive/MyDrive/olx_gamesentertainment_dataset/images/games_00100f3f2f/12.jpg"", ""/content/drive/MyDrive/olx_gamesentertainment_dataset/images/games_00100f3f2f/13.jpg"", ""/content/drive/MyDrive/olx_gamesentertainment_dataset/images/games_00100f3f2f/14.jpg""]",14,2025-12-08 06:04:42.518255
games_63da35584c,https://www.olx.in/item/games-entertainment-c93-grand-theft-auto-5-cd-edition-7-cds-limited-edition-for-pc-in-vijay-nagari-thane-iid-1828604363,Grand theft auto 5 cd edition 7 cds limited edition for pc,Flawless cds with no scratches - Games & Entertainment,1800,"[""/content/drive/MyDrive/olx_gamesentertainment_dataset/images/games_63da35584c/1.jpg"", ""/content/drive/MyDrive/olx_gamesentertainment_dataset/images/games_63da35584c/2.jpg"", ""/content/drive/MyDrive/olx_gamesentertainment_dataset/images/games_63da35584c/3.jpg"", ""/content/drive/MyDrive/olx_gamesentertainment_dataset/images/games_63da35584c/4.jpg"", ""/content/drive/MyDrive/olx_gamesentertainment_dataset/images/games_63da35584c/5.jpg"", ""/content/drive/MyDrive/olx_gamesentertainment_dataset/images/games_63da35584c/6.jpg"", ""/content/drive/MyDrive/olx_gamesentertainment_dataset/images/games_63da35584c/7.jpg"", ""/content/drive/MyDrive/olx_gamesentertainment_dataset/images/games_63da35584c/8.jpg"", ""/content/drive/MyDrive/olx_gamesentertainment_dataset/images/games_63da35584c/9.jpg"", ""/content/drive/MyDrive/olx_gamesentertainment_dataset/images/games_63da35584c/10.jpg"", ""/content/drive/MyDrive/olx_gamesentertainment_dataset/images/games_63da35584c/11.jpg"", ""/content/drive/MyDrive/olx_gamesentertainment_dataset/images/games_63da35584c/12.jpg"", ""/content/drive/MyDrive/olx_gamesentertainment_dataset/images/games_63da35584c/13.jpg"", ""/content/drive/MyDrive/olx_gamesentertainment_dataset/images/games_63da35584c/14.jpg""]",14,2025-12-08 06:04:53.585995
games_5b7806388e,https://www.olx.in/item/games-entertainment-c93-ps4-1tb-slim-edition-with-controler-in-dharam-colony-gurgaon-iid-1816276180,Ps4 1Tb slim edition with controler,-Fixed price -Working condition -With controler and 5 games -With proper bill - Games & Entertainment,20000,"[""/content/drive/MyDrive/olx_gamesentertainment_dataset/images/games_5b7806388e/1.jpg"", ""/content/drive/MyDrive/olx_gamesentertainment_dataset/images/games_5b7806388e/2.jpg"", ""/content/drive/MyDrive/olx_gamesentertainment_dataset/images/games_5b7806388e/3.jpg"", ""/content/drive/MyDrive/olx_gamesentertainment_dataset/images/games_5b7806388e/4.jpg"", ""/content/drive/MyDrive/olx_gamesentertainment_dataset/images/games_5b7806388e/5.jpg"", ""/content/drive/MyDrive/olx_gamesentertainment_dataset/images/games_5b7806388e/6.jpg"", ""/content/drive/MyDrive/olx_gamesentertainment_dataset/images/games_5b7806388e/7.jpg"", ""/content/drive/MyDrive/olx_gamesentertainment_dataset/images/games_5b7806388e/8.jpg"", ""/content/drive/MyDrive/olx_gamesentertainment_dataset/images/games_5b7806388e/9.jpg"", ""/content/drive/MyDrive/olx_gamesentertainment_dataset/images/games_5b7806388e/10.jpg"", ""/content/drive/MyDrive/olx_gamesentertainment_dataset/images/games_5b7806388e/11.jpg"", ""/content/drive/MyDrive/olx_gamesentertainment_dataset/images/games_5b7806388e/12.jpg"", ""/content/drive/MyDrive/olx_gamesentertainment_dataset/images/games_5b7806388e/13.jpg"", ""/content/drive/MyDrive/olx_gamesentertainment_dataset/images/games_5b7806388e/14.jpg""]",14,2025-12-08 06:05:04.147816
games_3af4511e16,https://www.olx.in/item/games-entertainment-c93-play-station-4-in-santacruz-east-mumbai-iid-1828604674,Play station 4,Selling my ps4 urgently great condition with fc25 and other games and 2 controllers - Games & Entertainment,14000,"[""/content/drive/MyDrive/olx_gamesentertainment_dataset/images/games_3af4511e16/1.jpg"", ""/content/drive/MyDrive/olx_gamesentertainment_dataset/images/games_3af4511e16/2.jpg"", ""/content/drive/MyDrive/olx_gamesentertainment_dataset/images/games_3af4511e16/3.jpg"", ""/content/drive/MyDrive/olx_gamesentertainment_dataset/images/games_3af4511e16/4.jpg"", ""/content/drive/MyDrive/olx_gamesentertainment_dataset/images/games_3af4511e16/5.jpg"", ""/content/drive/MyDrive/olx_gamesentertainment_dataset/images/games_3af4511e16/6.jpg"", ""/content/drive/MyDrive/olx_gamesentertainment_dataset/images/games_3af4511e16/7.jpg"", ""/content/drive/MyDrive/olx_gamesentertainment_dataset/images/games_3af4511e16/8.jpg"", ""/content/drive/MyDrive/olx_gamesentertainment_dataset/images/games_3af4511e16/9.jpg"", ""/content/drive/MyDrive/olx_gamesentertainment_dataset/images/games_3af4511e16/10.jpg"", ""/content/drive/MyDrive/olx_gamesentertainment_dataset/images/games_3af4511e16/11.jpg"", ""/content/drive/MyDrive/olx_gamesentertainment_dataset/images/games_3af4511e16/12.jpg"", ""/content/drive/MyDrive/olx_gamesentertainment_dataset/images/games_3af4511e16/13.jpg"", ""/content/drive/MyDrive/olx_gamesentertainment_dataset/images/games_3af4511e16/14.jpg""]",14,2025-12-08 06:05:15.987019
games_94d1492fb9,https://www.olx.in/item/games-entertainment-c93-ps4-slim-1tb-for-sell-in-royal-enclave-guwahati-iid-1828600961,PS4 Slim 1TB for sell,PS4 slim 1TB for sell in brand new condition with controller and GTA5 - Games & Entertainment,22000,"[""/content/drive/MyDrive/olx_gamesentertainment_dataset/images/games_94d1492fb9/1.jpg"", ""/content/drive/MyDrive/olx_gamesentertainment_dataset/images/games_94d1492fb9/2.jpg"", ""/content/drive/MyDrive/olx_gamesentertainment_dataset/images/games_94d1492fb9/3.jpg"", ""/content/drive/MyDrive/olx_gamesentertainment_dataset/images/games_94d1492fb9/4.jpg"", ""/content/drive/MyDrive/olx_gamesentertainment_dataset/images/games_94d1492fb9/5.jpg"", ""/content/drive/MyDrive/olx_gamesentertainment_dataset/images/games_94d1492fb9/6.jpg"", ""/content/drive/MyDrive/olx_gamesentertainment_dataset/images/games_94d1492fb9/7.jpg"", ""/content/drive/MyDrive/olx_gamesentertainment_dataset/images/games_94d1492fb9/8.jpg"", ""/content/drive/MyDrive/olx_gamesentertainment_dataset/images/games_94d1492fb9/9.jpg"", ""/content/drive/MyDrive/olx_gamesentertainment_dataset/images/games_94d1492fb9/10.jpg"", ""/content/drive/MyDrive/olx_gamesentertainment_dataset/images/games_94d1492fb9/11.jpg"", ""/content/drive/MyDrive/olx_gamesentertainment_dataset/images/games_94d1492fb9/12.jpg"", ""/content/drive/MyDrive/olx_gamesentertainment_dataset/images/games_94d1492fb9/13.jpg"", ""/content/drive/MyDrive/olx_gamesentertainment_dataset/images/games_94d1492fb9/14.jpg""]",14,2025-12-08 06:05:24.511126
games_f78c430a77,https://www.olx.in/item/games-entertainment-c93-ps4-slim-with-original-controller-with-guarantee-in-sector-35d-chandigarh-iid-1771125186,PS4 slim with original controller with guarantee,"PS4 slim with original controller , power cord, HDMI wire, charging cord... All others consoles Xbox , Nintendo , PS3 also available in mint condition All products comes with guarantee Contact Chandigarh video games BOOTH NO 160 Sector 35 inner market Chandigarh - Games & Entertainment",17990,"[""/content/drive/MyDrive/olx_gamesentertainment_dataset/images/games_f78c430a77/1.jpg"", ""/content/drive/MyDrive/olx_gamesentertainment_dataset/images/games_f78c430a77/2.jpg"", ""/content/drive/MyDrive/olx_gamesentertainment_dataset/images/games_f78c430a77/3.jpg"", ""/content/drive/MyDrive/olx_gamesentertainment_dataset/images/games_f78c430a77/4.jpg"", ""/content/drive/MyDrive/olx_gamesentertainment_dataset/images/games_f78c430a77/5.jpg"", ""/content/drive/MyDrive/olx_gamesentertainment_dataset/images/games_f78c430a77/6.jpg"", ""/content/drive/MyDrive/olx_gamesentertainment_dataset/images/games_f78c430a77/7.jpg"", ""/content/drive/MyDrive/olx_gamesentertainment_dataset/images/games_f78c430a77/8.jpg"", ""/content/drive/MyDrive/olx_gamesentertainment_dataset/images/games_f78c430a77/9.jpg"", ""/content/drive/MyDrive/olx_gamesentertainment_dataset/images/games_f78c430a77/10.jpg"", ""/content/drive/MyDrive/olx_gamesentertainment_dataset/images/games_f78c430a77/11.jpg"", ""/content/drive/MyDrive/olx_gamesentertainment_dataset/images/games_f78c430a77/12.jpg"", ""/content/drive/MyDrive/olx_gamesentertainment_dataset/images/games_f78c430a77/13.jpg"", ""/content/drive/MyDrive/olx_gamesentertainment_dataset/images/games_f78c430a77/14.jpg""]",14,2025-12-08 06:05:35.917900
games_8bcd07488a,https://www.olx.in/item/games-entertainment-c93-playstation-portal-brand-new-in-south-extension-delhi-iid-1828604118,Playstation Portal-BRAND NEW,BRAND NEW PLAYSTATION PORTAL 1 WEEK OLD OFFICIAL LICENSED COVER WORTH RS 2500 INCLUDED BILL INCLUDED AS WELL - Games & Entertainment,15000,"[""/content/drive/MyDrive/olx_gamesentertainment_dataset/images/games_8bcd07488a/1.jpg"", ""/content/drive/MyDrive/olx_gamesentertainment_dataset/images/games_8bcd07488a/2.jpg"", ""/content/drive/MyDrive/olx_gamesentertainment_dataset/images/games_8bcd07488a/3.jpg"", ""/content/drive/MyDrive/olx_gamesentertainment_dataset/images/games_8bcd07488a/4.jpg"", ""/content/drive/MyDrive/olx_gamesentertainment_dataset/images/games_8bcd07488a/5.jpg"", ""/content/drive/MyDrive/olx_gamesentertainment_dataset/images/games_8bcd07488a/6.jpg"", ""/content/drive/MyDrive/olx_gamesentertainment_dataset/images/games_8bcd07488a/7.jpg"", ""/content/drive/MyDrive/olx_gamesentertainment_dataset/images/games_8bcd07488a/8.jpg"", ""/content/drive/MyDrive/olx_gamesentertainment_dataset/images/games_8bcd07488a/9.jpg"", ""/content/drive/MyDrive/olx_gamesentertainment_dataset/images/games_8bcd07488a/10.jpg"", ""/content/drive/MyDrive/olx_gamesentertainment_dataset/images/games_8bcd07488a/11.jpg"", ""/content/drive/MyDrive/olx_gamesentertainment_dataset/images/games_8bcd07488a/12.jpg"", ""/content/drive/MyDrive/olx_gamesentertainment_dataset/images/games_8bcd07488a/13.jpg"", ""/content/drive/MyDrive/olx_gamesentertainment_dataset/images/games_8bcd07488a/14.jpg""]",14,2025-12-08 06:05:47.796863
games_f45ff14a42,https://www.olx.in/item/games-entertainment-c93-x-box-seriex-in-cantonment-bikaner-iid-1828601751,X Box seriex,"X box series X 1TB, Purchased from Amazon on 30Dec 2023, Unused and in brand new condition alongwith additional original Xbox controller - Games & Entertainment",35000,"[""/content/drive/MyDrive/olx_gamesentertainment_dataset/images/games_f45ff14a42/1.jpg"", ""/content/drive/MyDrive/olx_gamesentertainment_dataset/images/games_f45ff14a42/2.jpg"", ""/content/drive/MyDrive/olx_gamesentertainment_dataset/images/games_f45ff14a42/3.jpg"", ""/content/drive/MyDrive/olx_gamesentertainment_dataset/images/games_f45ff14a42/4.jpg"", ""/content/drive/MyDrive/olx_gamesentertainment_dataset/images/games_f45ff14a42/5.jpg"", ""/content/drive/MyDrive/olx_gamesentertainment_dataset/images/games_f45ff14a42/6.jpg"", ""/content/drive/MyDrive/olx_gamesentertainment_dataset/images/games_f45ff14a42/7.jpg"", ""/content/drive/MyDrive/olx_gamesentertainment_dataset/images/games_f45ff14a42/8.jpg"", ""/content/drive/MyDrive/olx_gamesentertainment_dataset/images/games_f45ff14a42/9.jpg"", ""/content/drive/MyDrive/olx_gamesentertainment_dataset/images/games_f45ff14a42/10.jpg"", ""/content/drive/MyDrive/olx_gamesentertainment_dataset/images/games_f45ff14a42/11.jpg"", ""/content/drive/MyDrive/olx_gamesentertainment_dataset/images/games_f45ff14a42/12.jpg"", ""/content/drive/MyDrive/olx_gamesentertainment_dataset/images/games_f45ff14a42/13.jpg"", ""/content/drive/MyDrive/olx_gamesentertainment_dataset/images/games_f45ff14a42/14.jpg""]",14,2025-12-08 06:05:57.439884
games_546e361d76,https://www.olx.in/item/games-entertainment-c93-spiderman-2-ps5-in-kariyammana-agrahara-bengaluru-iid-1826166144,Spiderman 2 ps5,Selling as I’ve finished it. - Games & Entertainment,4000,"[""/content/drive/MyDrive/olx_gamesentertainment_dataset/images/games_546e361d76/1.jpg"", ""/content/drive/MyDrive/olx_gamesentertainment_dataset/images/games_546e361d76/2.jpg"", ""/content/drive/MyDrive/olx_gamesentertainment_dataset/images/games_546e361d76/3.jpg"", ""/content/drive/MyDrive/olx_gamesentertainment_dataset/images/games_546e361d76/4.jpg"", ""/content/drive/MyDrive/olx_gamesentertainment_dataset/images/games_546e361d76/5.jpg"", ""/content/drive/MyDrive/olx_gamesentertainment_dataset/images/games_546e361d76/6.jpg"", ""/content/drive/MyDrive/olx_gamesentertainment_dataset/images/games_546e361d76/7.jpg"", ""/content/drive/MyDrive/olx_gamesentertainment_dataset/images/games_546e361d76/8.jpg"", ""/content/drive/MyDrive/olx_gamesentertainment_dataset/images/games_546e361d76/9.jpg"", ""/content/drive/MyDrive/olx_gamesentertainment_dataset/images/games_546e361d76/10.jpg"", ""/content/drive/MyDrive/olx_gamesentertainment_dataset/images/games_546e361d76/11.jpg"", ""/content/drive/MyDrive/olx_gamesentertainment_dataset/images/games_546e361d76/12.jpg"", ""/content/drive/MyDrive/olx_gamesentertainment_dataset/images/games_546e361d76/13.jpg"", ""/content/drive/MyDrive/olx_gamesentertainment_dataset/images/games_546e361d76/14.jpg""]",14,2025-12-08 06:06:08.619893
games_576adae896,https://www.olx.in/item/games-entertainment-c93-casio-caluclator-fx-991cw-in-rajanagaram-rajahmundry-iid-1828604191,Casio  caluclator fx-991CW,For students and others also New model latest version casio caluclator - Games & Entertainment,1500,"[""/content/drive/MyDrive/olx_gamesentertainment_dataset/images/games_576adae896/1.jpg"", ""/content/drive/MyDrive/olx_gamesentertainment_dataset/images/games_576adae896/2.jpg"", ""/content/drive/MyDrive/olx_gamesentertainment_dataset/images/games_576adae896/3.jpg"", ""/content/drive/MyDrive/olx_gamesentertainment_dataset/images/games_576adae896/4.jpg"", ""/content/drive/MyDrive/olx_gamesentertainment_dataset/images/games_576adae896/5.jpg"", ""/content/drive/MyDrive/olx_gamesentertainment_dataset/images/games_576adae896/6.jpg"", ""/content/drive/MyDrive/olx_gamesentertainment_dataset/images/games_576adae896/7.jpg"", ""/content/drive/MyDrive/olx_gamesentertainment_dataset/images/games_576adae896/8.jpg"", ""/content/drive/MyDrive/olx_gamesentertainment_dataset/images/games_576adae896/9.jpg"", ""/content/drive/MyDrive/olx_gamesentertainment_dataset/images/games_576adae896/10.jpg"", ""/content/drive/MyDrive/olx_gamesentertainment_dataset/images/games_576adae896/11.jpg"", ""/content/drive/MyDrive/olx_gamesentertainment_dataset/images/games_576adae896/12.jpg"", ""/content/drive/MyDrive/olx_gamesentertainment_dataset/images/games_576adae896/13.jpg"", ""/content/drive/MyDrive/olx_gamesentertainment_dataset/images/games_576adae896/14.jpg""]",14,2025-12-08 06:06:18.437048
games_b3ba0ce722,https://www.olx.in/item/games-entertainment-c93-ps4-slim-1tb-for-sale-with-20-games-in-kovoor-kozhikode-iid-1828603450,Ps4 Slim 1TB for Sale with 20 Games.,PS4 Slim 1 TB Comes with 1 Original Dualshock 4 Controller. Will provide any 20 games of your choice. Will provide 1 month warranty for both console and controller. Console and controller Refurbished and Fully tested. DM for more details. - Games & Entertainment,20000,"[""/content/drive/MyDrive/olx_gamesentertainment_dataset/images/games_b3ba0ce722/1.jpg"", ""/content/drive/MyDrive/olx_gamesentertainment_dataset/images/games_b3ba0ce722/2.jpg"", ""/content/drive/MyDrive/olx_gamesentertainment_dataset/images/games_b3ba0ce722/3.jpg"", ""/content/drive/MyDrive/olx_gamesentertainment_dataset/images/games_b3ba0ce722/4.jpg"", ""/content/drive/MyDrive/olx_gamesentertainment_dataset/images/games_b3ba0ce722/5.jpg"", ""/content/drive/MyDrive/olx_gamesentertainment_dataset/images/games_b3ba0ce722/6.jpg"", ""/content/drive/MyDrive/olx_gamesentertainment_dataset/images/games_b3ba0ce722/7.jpg"", ""/content/drive/MyDrive/olx_gamesentertainment_dataset/images/games_b3ba0ce722/8.jpg"", ""/content/drive/MyDrive/olx_gamesentertainment_dataset/images/games_b3ba0ce722/9.jpg"", ""/content/drive/MyDrive/olx_gamesentertainment_dataset/images/games_b3ba0ce722/10.jpg"", ""/content/drive/MyDrive/olx_gamesentertainment_dataset/images/games_b3ba0ce722/11.jpg"", ""/content/drive/MyDrive/olx_gamesentertainment_dataset/images/games_b3ba0ce722/12.jpg"", ""/content/drive/MyDrive/olx_gamesentertainment_dataset/images/games_b3ba0ce722/13.jpg"", ""/content/drive/MyDrive/olx_gamesentertainment_dataset/images/games_b3ba0ce722/14.jpg"", ""/content/drive/MyDrive/olx_gamesentertainment_dataset/images/games_b3ba0ce722/15.jpg"", ""/content/drive/MyDrive/olx_gamesentertainment_dataset/images/games_b3ba0ce722/16.jpg""]",16,2025-12-08 06:06:29.456248
games_3825e13460,https://www.olx.in/item/games-entertainment-c93-brand-new-ps4-slim-500-gb-gta-v-3-god-of-war-in-daliganj-lucknow-iid-1828603760,Brand new PS4 slim 500 GB + GTA V 3 God of war,Urgent need money psp5 purchase karna hai time pass karne Wale please message na Karen - Games & Entertainment,15000,"[""/content/drive/MyDrive/olx_gamesentertainment_dataset/images/games_3825e13460/1.jpg"", ""/content/drive/MyDrive/olx_gamesentertainment_dataset/images/games_3825e13460/2.jpg"", ""/content/drive/MyDrive/olx_gamesentertainment_dataset/images/games_3825e13460/3.jpg"", ""/content/drive/MyDrive/olx_gamesentertainment_dataset/images/games_3825e13460/4.jpg"", ""/content/drive/MyDrive/olx_gamesentertainment_dataset/images/games_3825e13460/5.jpg"", ""/content/drive/MyDrive/olx_gamesentertainment_dataset/images/games_3825e13460/6.jpg"", ""/content/drive/MyDrive/olx_gamesentertainment_dataset/images/games_3825e13460/7.jpg"", ""/content/drive/MyDrive/olx_gamesentertainment_dataset/images/games_3825e13460/8.jpg"", ""/content/drive/MyDrive/olx_gamesentertainment_dataset/images/games_3825e13460/9.jpg"", ""/content/drive/MyDrive/olx_gamesentertainment_dataset/images/games_3825e13460/10.jpg"", ""/content/drive/MyDrive/olx_gamesentertainment_dataset/images/games_3825e13460/11.jpg"", ""/content/drive/MyDrive/olx_gamesentertainment_dataset/images/games_3825e13460/12.jpg"", ""/content/drive/MyDrive/olx_gamesentertainment_dataset/images/games_3825e13460/13.jpg"", ""/content/drive/MyDrive/olx_gamesentertainment_dataset/images/games_3825e13460/14.jpg""]",14,2025-12-08 06:06:41.197775
games_0edd921c68,https://www.olx.in/item/games-entertainment-c93-dji-neo-drone-fly-combo-unused-in-padam-nagar-delhi-iid-1827663566,DJI NEO DRONE FLY COMBO UNUSED,Brand new never used fly combo. Mint condition - Games & Entertainment,35000,"[""/content/drive/MyDrive/olx_gamesentertainment_dataset/images/games_0edd921c68/1.jpg"", ""/content/drive/MyDrive/olx_gamesentertainment_dataset/images/games_0edd921c68/2.jpg"", ""/content/drive/MyDrive/olx_gamesentertainment_dataset/images/games_0edd921c68/3.jpg"", ""/content/drive/MyDrive/olx_gamesentertainment_dataset/images/games_0edd921c68/4.jpg"", ""/content/drive/MyDrive/olx_gamesentertainment_dataset/images/games_0edd921c68/5.jpg"", ""/content/drive/MyDrive/olx_gamesentertainment_dataset/images/games_0edd921c68/6.jpg"", ""/content/drive/MyDrive/olx_gamesentertainment_dataset/images/games_0edd921c68/7.jpg"", ""/content/drive/MyDrive/olx_gamesentertainment_dataset/images/games_0edd921c68/8.jpg"", ""/content/drive/MyDrive/olx_gamesentertainment_dataset/images/games_0edd921c68/9.jpg"", ""/content/drive/MyDrive/olx_gamesentertainment_dataset/images/games_0edd921c68/10.jpg"", ""/content/drive/MyDrive/olx_gamesentertainment_dataset/images/games_0edd921c68/11.jpg"", ""/content/drive/MyDrive/olx_gamesentertainment_dataset/images/games_0edd921c68/12.jpg"", ""/content/drive/MyDrive/olx_gamesentertainment_dataset/images/games_0edd921c68/13.jpg"", ""/content/drive/MyDrive/olx_gamesentertainment_dataset/images/games_0edd921c68/14.jpg""]",14,2025-12-08 06:06:50.496867
games_be0a8847ed,https://www.olx.in/item/games-entertainment-c93-hamleys-foosball-table-game-69cms-for-kids-age-5y-in-khar-west-mumbai-iid-1828597254,Hamleys Foosball Table Game 69cms for Kids age 5Y+,Brand new box not opened - Games & Entertainment,3500,"[""/content/drive/MyDrive/olx_gamesentertainment_dataset/images/games_be0a8847ed/1.jpg"", ""/content/drive/MyDrive/olx_gamesentertainment_dataset/images/games_be0a8847ed/2.jpg"", ""/content/drive/MyDrive/olx_gamesentertainment_dataset/images/games_be0a8847ed/3.jpg"", ""/content/drive/MyDrive/olx_gamesentertainment_dataset/images/games_be0a8847ed/4.jpg"", ""/content/drive/MyDrive/olx_gamesentertainment_dataset/images/games_be0a8847ed/5.jpg"", ""/content/drive/MyDrive/olx_gamesentertainment_dataset/images/games_be0a8847ed/6.jpg"", ""/content/drive/MyDrive/olx_gamesentertainment_dataset/images/games_be0a8847ed/7.jpg"", ""/content/drive/MyDrive/olx_gamesentertainment_dataset/images/games_be0a8847ed/8.jpg"", ""/content/drive/MyDrive/olx_gamesentertainment_dataset/images/games_be0a8847ed/9.jpg"", ""/content/drive/MyDrive/olx_gamesentertainment_dataset/images/games_be0a8847ed/10.jpg"", ""/content/drive/MyDrive/olx_gamesentertainment_dataset/images/games_be0a8847ed/11.jpg"", ""/content/drive/MyDrive/olx_gamesentertainment_dataset/images/games_be0a8847ed/12.jpg"", ""/content/drive/MyDrive/olx_gamesentertainment_dataset/images/games_be0a8847ed/13.jpg"", ""/content/drive/MyDrive/olx_gamesentertainment_dataset/images/games_be0a8847ed/14.jpg""]",14,2025-12-08 06:07:00.521101
games_ae22f62713,https://www.olx.in/item/games-entertainment-c93-sony-ps5-digital-edition-in-vithalwadi-thane-iid-1828598718,Sony PS5 - Digital Edition,"PlayStation 5 Digital Edition, purchased in September 2022. Price - ₹ 36k slightly negotiable Always dreamed of owning a PS5, but with work and frequent travel, I hardly get time to use it. - Comes with HDMI cable, power cable & console stand (in box) - Console in good working condition - Original box & bill available - Well maintained, lightly used Serious buyers only, please. Urgent Sale You can visit my home, check the console, play a game, and then buy, complete peace of mind. - Games & Entertainment",36,"[""/content/drive/MyDrive/olx_gamesentertainment_dataset/images/games_ae22f62713/1.jpg"", ""/content/drive/MyDrive/olx_gamesentertainment_dataset/images/games_ae22f62713/2.jpg"", ""/content/drive/MyDrive/olx_gamesentertainment_dataset/images/games_ae22f62713/3.jpg"", ""/content/drive/MyDrive/olx_gamesentertainment_dataset/images/games_ae22f62713/4.jpg"", ""/content/drive/MyDrive/olx_gamesentertainment_dataset/images/games_ae22f62713/5.jpg"", ""/content/drive/MyDrive/olx_gamesentertainment_dataset/images/games_ae22f62713/6.jpg"", ""/content/drive/MyDrive/olx_gamesentertainment_dataset/images/games_ae22f62713/7.jpg"", ""/content/drive/MyDrive/olx_gamesentertainment_dataset/images/games_ae22f62713/8.jpg"", ""/content/drive/MyDrive/olx_gamesentertainment_dataset/images/games_ae22f62713/9.jpg"", ""/content/drive/MyDrive/olx_gamesentertainment_dataset/images/games_ae22f62713/10.jpg"", ""/content/drive/MyDrive/olx_gamesentertainment_dataset/images/games_ae22f62713/11.jpg"", ""/content/drive/MyDrive/olx_gamesentertainment_dataset/images/games_ae22f62713/12.jpg"", ""/content/drive/MyDrive/olx_gamesentertainment_dataset/images/games_ae22f62713/13.jpg"", ""/content/drive/MyDrive/olx_gamesentertainment_dataset/images/games_ae22f62713/14.jpg""]",14,2025-12-08 06:07:11.196734
games_a7a75f1107,https://www.olx.in/item/games-entertainment-c93-ps5-disc-edition-in-mint-condition-2025-model-in-6th-mile-upper-tadong-iid-1828599109,Ps5 disc edition in mint condition (2025 model),Ps5 disc edition 2025 model in mint condition Hardly been used Along with extra controller worth (₹6000) And fc 25 - Games & Entertainment,6000,"[""/content/drive/MyDrive/olx_gamesentertainment_dataset/images/games_a7a75f1107/1.jpg"", ""/content/drive/MyDrive/olx_gamesentertainment_dataset/images/games_a7a75f1107/2.jpg"", ""/content/drive/MyDrive/olx_gamesentertainment_dataset/images/games_a7a75f1107/3.jpg"", ""/content/drive/MyDrive/olx_gamesentertainment_dataset/images/games_a7a75f1107/4.jpg"", ""/content/drive/MyDrive/olx_gamesentertainment_dataset/images/games_a7a75f1107/5.jpg"", ""/content/drive/MyDrive/olx_gamesentertainment_dataset/images/games_a7a75f1107/6.jpg"", ""/content/drive/MyDrive/olx_gamesentertainment_dataset/images/games_a7a75f1107/7.jpg"", ""/content/drive/MyDrive/olx_gamesentertainment_dataset/images/games_a7a75f1107/8.jpg"", ""/content/drive/MyDrive/olx_gamesentertainment_dataset/images/games_a7a75f1107/9.jpg"", ""/content/drive/MyDrive/olx_gamesentertainment_dataset/images/games_a7a75f1107/10.jpg"", ""/content/drive/MyDrive/olx_gamesentertainment_dataset/images/games_a7a75f1107/11.jpg"", ""/content/drive/MyDrive/olx_gamesentertainment_dataset/images/games_a7a75f1107/12.jpg"", ""/content/drive/MyDrive/olx_gamesentertainment_dataset/images/games_a7a75f1107/13.jpg"", ""/content/drive/MyDrive/olx_gamesentertainment_dataset/images/games_a7a75f1107/14.jpg""]",14,2025-12-08 06:07:22.016027
games_0eadd50bef,https://www.olx.in/item/games-entertainment-c93-sandwich-griller-10-din-use-1-sal-warranty-in-motilal-nagar-mumbai-iid-1828598171,sandwich griller 10 din use 1 sal warranty,sandwich griller - Games & Entertainment,6500,"[""/content/drive/MyDrive/olx_gamesentertainment_dataset/images/games_0eadd50bef/1.jpg"", ""/content/drive/MyDrive/olx_gamesentertainment_dataset/images/games_0eadd50bef/2.jpg"", ""/content/drive/MyDrive/olx_gamesentertainment_dataset/images/games_0eadd50bef/3.jpg"", ""/content/drive/MyDrive/olx_gamesentertainment_dataset/images/games_0eadd50bef/4.jpg"", ""/content/drive/MyDrive/olx_gamesentertainment_dataset/images/games_0eadd50bef/5.jpg"", ""/content/drive/MyDrive/olx_gamesentertainment_dataset/images/games_0eadd50bef/6.jpg"", ""/content/drive/MyDrive/olx_gamesentertainment_dataset/images/games_0eadd50bef/7.jpg"", ""/content/drive/MyDrive/olx_gamesentertainment_dataset/images/games_0eadd50bef/8.jpg"", ""/content/drive/MyDrive/olx_gamesentertainment_dataset/images/games_0eadd50bef/9.jpg"", ""/content/drive/MyDrive/olx_gamesentertainment_dataset/images/games_0eadd50bef/10.jpg"", ""/content/drive/MyDrive/olx_gamesentertainment_dataset/images/games_0eadd50bef/11.jpg"", ""/content/drive/MyDrive/olx_gamesentertainment_dataset/images/games_0eadd50bef/12.jpg"", ""/content/drive/MyDrive/olx_gamesentertainment_dataset/images/games_0eadd50bef/13.jpg"", ""/content/drive/MyDrive/olx_gamesentertainment_dataset/images/games_0eadd50bef/14.jpg""]",14,2025-12-08 06:07:31.472775
games_54f971cb24,https://www.olx.in/item/games-entertainment-c93-playstation-5-console-in-rampur-kolkata-iid-1828597935,PlayStation 5 console,Very Very good condition - Games & Entertainment,36000,"[""/content/drive/MyDrive/olx_gamesentertainment_dataset/images/games_54f971cb24/1.jpg"", ""/content/drive/MyDrive/olx_gamesentertainment_dataset/images/games_54f971cb24/2.jpg"", ""/content/drive/MyDrive/olx_gamesentertainment_dataset/images/games_54f971cb24/3.jpg"", ""/content/drive/MyDrive/olx_gamesentertainment_dataset/images/games_54f971cb24/4.jpg"", ""/content/drive/MyDrive/olx_gamesentertainment_dataset/images/games_54f971cb24/5.jpg"", ""/content/drive/MyDrive/olx_gamesentertainment_dataset/images/games_54f971cb24/6.jpg"", ""/content/drive/MyDrive/olx_gamesentertainment_dataset/images/games_54f971cb24/7.jpg"", ""/content/drive/MyDrive/olx_gamesentertainment_dataset/images/games_54f971cb24/8.jpg"", ""/content/drive/MyDrive/olx_gamesentertainment_dataset/images/games_54f971cb24/9.jpg"", ""/content/drive/MyDrive/olx_gamesentertainment_dataset/images/games_54f971cb24/10.jpg"", ""/content/drive/MyDrive/olx_gamesentertainment_dataset/images/games_54f971cb24/11.jpg"", ""/content/drive/MyDrive/olx_gamesentertainment_dataset/images/games_54f971cb24/12.jpg"", ""/content/drive/MyDrive/olx_gamesentertainment_dataset/images/games_54f971cb24/13.jpg"", ""/content/drive/MyDrive/olx_gamesentertainment_dataset/images/games_54f971cb24/14.jpg""]",14,2025-12-08 06:07:41.865599
games_24a09def35,https://www.olx.in/item/games-entertainment-c93-ps2-with-multiplayer-setup-hdmi-converter-3-joystick-in-banaswadi-ombr-layout-pilla-reddy-nagar-bengaluru-iid-1828599110,Ps2 with multiplayer setup-hdmi converter-3 joystick,"Ps2 with pre loaded games with Multiplayer setup and 3 joysticks ,memory card - Games & Entertainment",6000,"[""/content/drive/MyDrive/olx_gamesentertainment_dataset/images/games_24a09def35/1.jpg"", ""/content/drive/MyDrive/olx_gamesentertainment_dataset/images/games_24a09def35/2.jpg"", ""/content/drive/MyDrive/olx_gamesentertainment_dataset/images/games_24a09def35/3.jpg"", ""/content/drive/MyDrive/olx_gamesentertainment_dataset/images/games_24a09def35/4.jpg"", ""/content/drive/MyDrive/olx_gamesentertainment_dataset/images/games_24a09def35/5.jpg"", ""/content/drive/MyDrive/olx_gamesentertainment_dataset/images/games_24a09def35/6.jpg"", ""/content/drive/MyDrive/olx_gamesentertainment_dataset/images/games_24a09def35/7.jpg"", ""/content/drive/MyDrive/olx_gamesentertainment_dataset/images/games_24a09def35/8.jpg"", ""/content/drive/MyDrive/olx_gamesentertainment_dataset/images/games_24a09def35/9.jpg"", ""/content/drive/MyDrive/olx_gamesentertainment_dataset/images/games_24a09def35/10.jpg"", ""/content/drive/MyDrive/olx_gamesentertainment_dataset/images/games_24a09def35/11.jpg"", ""/content/drive/MyDrive/olx_gamesentertainment_dataset/images/games_24a09def35/12.jpg"", ""/content/drive/MyDrive/olx_gamesentertainment_dataset/images/games_24a09def35/13.jpg"", ""/content/drive/MyDrive/olx_gamesentertainment_dataset/images/games_24a09def35/14.jpg""]",14,2025-12-08 06:07:50.446408
games_de364010b6,https://www.olx.in/item/games-entertainment-c93-sony-lbt-a50-in-sector-81-gurgaon-iid-1826329291,SONY LBT A50,"Experience pure, powerful sound with the Sony LBT-A50, a legendary home audio system designed to deliver deep bass, crystal-clear vocals, and the immersive stereo experience that defined an era of true music lovers. Engineered with Sony’s advanced Hi-Fi technology, the LBT-A50 combines precision audio components with a striking design. Its dual 3-way speaker system produces rich, room-filling sound, while the integrated amplifier ensures consistent power output for both low and high frequencies. Perfect for music enthusiasts, collectors, or anyone who appreciates authentic, analog-era performance, this system features: High-power output with dynamic bass boost CD player dual cassette decks, and FM/AM tuner AUX and Line-in connectivity for external devices Equalizer presets and motorised sound control for customized listening Iconic Sony design with a premium brushed-metal finish and LED display Whether you’re reliving the golden age of home audio or upgrading your retro collection, the Sony LBT-A50 remains a timeless symbol of powerful performance and enduring sound quality. - Games & Entertainment",40000,"[""/content/drive/MyDrive/olx_gamesentertainment_dataset/images/games_de364010b6/1.jpg"", ""/content/drive/MyDrive/olx_gamesentertainment_dataset/images/games_de364010b6/2.jpg"", ""/content/drive/MyDrive/olx_gamesentertainment_dataset/images/games_de364010b6/3.jpg"", ""/content/drive/MyDrive/olx_gamesentertainment_dataset/images/games_de364010b6/4.jpg"", ""/content/drive/MyDrive/olx_gamesentertainment_dataset/images/games_de364010b6/5.jpg"", ""/content/drive/MyDrive/olx_gamesentertainment_dataset/images/games_de364010b6/6.jpg"", ""/content/drive/MyDrive/olx_gamesentertainment_dataset/images/games_de364010b6/7.jpg"", ""/content/drive/MyDrive/olx_gamesentertainment_dataset/images/games_de364010b6/8.jpg"", ""/content/drive/MyDrive/olx_gamesentertainment_dataset/images/games_de364010b6/9.jpg"", ""/content/drive/MyDrive/olx_gamesentertainment_dataset/images/games_de364010b6/10.jpg"", ""/content/drive/MyDrive/olx_gamesentertainment_dataset/images/games_de364010b6/11.jpg"", ""/content/drive/MyDrive/olx_gamesentertainment_dataset/images/games_de364010b6/12.jpg"", ""/content/drive/MyDrive/olx_gamesentertainment_dataset/images/games_de364010b6/13.jpg"", ""/content/drive/MyDrive/olx_gamesentertainment_dataset/images/games_de364010b6/14.jpg""]",14,2025-12-08 06:08:04.207971
games_8929bc775a,https://www.olx.in/item/games-entertainment-c93-ps4-mat-available-in-very-good-condition-in-sherpur-ludhiana-iid-1828599040,Ps4 mat available in very good condition,PS4 mat 9.00 With all cables 1tb storage 15 games Price - Games & Entertainment,20500,"[""/content/drive/MyDrive/olx_gamesentertainment_dataset/images/games_8929bc775a/1.jpg"", ""/content/drive/MyDrive/olx_gamesentertainment_dataset/images/games_8929bc775a/2.jpg"", ""/content/drive/MyDrive/olx_gamesentertainment_dataset/images/games_8929bc775a/3.jpg"", ""/content/drive/MyDrive/olx_gamesentertainment_dataset/images/games_8929bc775a/4.jpg"", ""/content/drive/MyDrive/olx_gamesentertainment_dataset/images/games_8929bc775a/5.jpg"", ""/content/drive/MyDrive/olx_gamesentertainment_dataset/images/games_8929bc775a/6.jpg"", ""/content/drive/MyDrive/olx_gamesentertainment_dataset/images/games_8929bc775a/7.jpg"", ""/content/drive/MyDrive/olx_gamesentertainment_dataset/images/games_8929bc775a/8.jpg"", ""/content/drive/MyDrive/olx_gamesentertainment_dataset/images/games_8929bc775a/9.jpg"", ""/content/drive/MyDrive/olx_gamesentertainment_dataset/images/games_8929bc775a/10.jpg"", ""/content/drive/MyDrive/olx_gamesentertainment_dataset/images/games_8929bc775a/11.jpg"", ""/content/drive/MyDrive/olx_gamesentertainment_dataset/images/games_8929bc775a/12.jpg"", ""/content/drive/MyDrive/olx_gamesentertainment_dataset/images/games_8929bc775a/13.jpg"", ""/content/drive/MyDrive/olx_gamesentertainment_dataset/images/games_8929bc775a/14.jpg""]",14,2025-12-08 06:08:16.931305
games_59ca3d0b3b,https://www.olx.in/item/games-entertainment-c93-gaming-controller-in-shantipara-dibrugarh-iid-1828598290,Gaming controller,-Comes with proper packaging -with 2 gaming consoles -pre-installed game's And in proper condition with no scratches - Games & Entertainment,500,"[""/content/drive/MyDrive/olx_gamesentertainment_dataset/images/games_59ca3d0b3b/1.jpg"", ""/content/drive/MyDrive/olx_gamesentertainment_dataset/images/games_59ca3d0b3b/2.jpg"", ""/content/drive/MyDrive/olx_gamesentertainment_dataset/images/games_59ca3d0b3b/3.jpg"", ""/content/drive/MyDrive/olx_gamesentertainment_dataset/images/games_59ca3d0b3b/4.jpg"", ""/content/drive/MyDrive/olx_gamesentertainment_dataset/images/games_59ca3d0b3b/5.jpg"", ""/content/drive/MyDrive/olx_gamesentertainment_dataset/images/games_59ca3d0b3b/6.jpg"", ""/content/drive/MyDrive/olx_gamesentertainment_dataset/images/games_59ca3d0b3b/7.jpg"", ""/content/drive/MyDrive/olx_gamesentertainment_dataset/images/games_59ca3d0b3b/8.jpg"", ""/content/drive/MyDrive/olx_gamesentertainment_dataset/images/games_59ca3d0b3b/9.jpg"", ""/content/drive/MyDrive/olx_gamesentertainment_dataset/images/games_59ca3d0b3b/10.jpg"", ""/content/drive/MyDrive/olx_gamesentertainment_dataset/images/games_59ca3d0b3b/11.jpg"", ""/content/drive/MyDrive/olx_gamesentertainment_dataset/images/games_59ca3d0b3b/12.jpg"", ""/content/drive/MyDrive/olx_gamesentertainment_dataset/images/games_59ca3d0b3b/13.jpg"", ""/content/drive/MyDrive/olx_gamesentertainment_dataset/images/games_59ca3d0b3b/14.jpg""]",14,2025-12-08 06:08:27.578547
games_20b29641bc,https://www.olx.in/item/games-entertainment-c93-luvlap-adore-double-electric-breast-pump-with-dual-mode-in-chinchwad-premlok-park-pune-iid-1828113589,Luvlap Adore Double electric breast pump with Dual Mode,"LuvLap Adore Double Electric Breast Pump with Dual Mode, 2 Phase - Stimulation & Expression, Soft Silicone Cushion, Rechargeable Battery, Single Breast Pump Electrical, BPA Free - Games & Entertainment",1800,"[""/content/drive/MyDrive/olx_gamesentertainment_dataset/images/games_20b29641bc/1.jpg"", ""/content/drive/MyDrive/olx_gamesentertainment_dataset/images/games_20b29641bc/2.jpg"", ""/content/drive/MyDrive/olx_gamesentertainment_dataset/images/games_20b29641bc/3.jpg"", ""/content/drive/MyDrive/olx_gamesentertainment_dataset/images/games_20b29641bc/4.jpg"", ""/content/drive/MyDrive/olx_gamesentertainment_dataset/images/games_20b29641bc/5.jpg"", ""/content/drive/MyDrive/olx_gamesentertainment_dataset/images/games_20b29641bc/6.jpg"", ""/content/drive/MyDrive/olx_gamesentertainment_dataset/images/games_20b29641bc/7.jpg"", ""/content/drive/MyDrive/olx_gamesentertainment_dataset/images/games_20b29641bc/8.jpg"", ""/content/drive/MyDrive/olx_gamesentertainment_dataset/images/games_20b29641bc/9.jpg"", ""/content/drive/MyDrive/olx_gamesentertainment_dataset/images/games_20b29641bc/10.jpg"", ""/content/drive/MyDrive/olx_gamesentertainment_dataset/images/games_20b29641bc/11.jpg"", ""/content/drive/MyDrive/olx_gamesentertainment_dataset/images/games_20b29641bc/12.jpg"", ""/content/drive/MyDrive/olx_gamesentertainment_dataset/images/games_20b29641bc/13.jpg"", ""/content/drive/MyDrive/olx_gamesentertainment_dataset/images/games_20b29641bc/14.jpg""]",14,2025-12-08 06:08:36.514348
games_b3a20ff560,https://www.olx.in/item/games-entertainment-c93-ps4-with-20-games-fc26-and-much-more-in-ahmada-kadal-srinagar-iid-1785326845,ps4 with 20 games FC26 and much more,Ps4 console in flawless condition with DualShock controller connecting wires and 20 games FC26 God of war Ragnarök WWE 2K24 GTA V The Last of Us Call of duty Modern warfare and much more. - Games & Entertainment,24999,"[""/content/drive/MyDrive/olx_gamesentertainment_dataset/images/games_b3a20ff560/1.jpg"", ""/content/drive/MyDrive/olx_gamesentertainment_dataset/images/games_b3a20ff560/2.jpg"", ""/content/drive/MyDrive/olx_gamesentertainment_dataset/images/games_b3a20ff560/3.jpg"", ""/content/drive/MyDrive/olx_gamesentertainment_dataset/images/games_b3a20ff560/4.jpg"", ""/content/drive/MyDrive/olx_gamesentertainment_dataset/images/games_b3a20ff560/5.jpg"", ""/content/drive/MyDrive/olx_gamesentertainment_dataset/images/games_b3a20ff560/6.jpg"", ""/content/drive/MyDrive/olx_gamesentertainment_dataset/images/games_b3a20ff560/7.jpg"", ""/content/drive/MyDrive/olx_gamesentertainment_dataset/images/games_b3a20ff560/8.jpg"", ""/content/drive/MyDrive/olx_gamesentertainment_dataset/images/games_b3a20ff560/9.jpg"", ""/content/drive/MyDrive/olx_gamesentertainment_dataset/images/games_b3a20ff560/10.jpg"", ""/content/drive/MyDrive/olx_gamesentertainment_dataset/images/games_b3a20ff560/11.jpg"", ""/content/drive/MyDrive/olx_gamesentertainment_dataset/images/games_b3a20ff560/12.jpg"", ""/content/drive/MyDrive/olx_gamesentertainment_dataset/images/games_b3a20ff560/13.jpg"", ""/content/drive/MyDrive/olx_gamesentertainment_dataset/images/games_b3a20ff560/14.jpg""]",14,2025-12-08 06:08:52.083987
games_3079bea105,https://www.olx.in/item/games-entertainment-c93-enter-usb-wired-gamepad-pc-compatible-almost-new-uttam-nagar-wes-in-uttam-nagar-delhi-iid-1828595769,Enter USB Wired Gamepad  PC Compatible  Almost New  Uttam Nagar wes,"Enter USB Wired Gamepad (Almost New Condition) ️ Condition: • Analog light ON hoti hai • Buttons, analog sticks, cable sab clean & working • Sirf mera Samsung Galaxy J6 phone controller ko detect nahi karta (Phone compatibility issue – controller me koi fault nahi) ️ Best For: • Windows PC / Laptop • Emulators • Plug & Play games • OTG supported phones (jo D-Input ko detect karte hain) ️ Why Selling? • Mere phone par detect nahi ho raha, isliye bech raha hoon. ️ Price: ₹400 (final/negotiable thoda) ️ Location: Uttam Nagar West, New Delhi ️ Delivery: Local meet-up possible (Metro station meet bhi ho sakta hai) Controller bilkul safe hai — check karke le jao. - Games & Entertainment",400,"[""/content/drive/MyDrive/olx_gamesentertainment_dataset/images/games_3079bea105/1.jpg"", ""/content/drive/MyDrive/olx_gamesentertainment_dataset/images/games_3079bea105/2.jpg"", ""/content/drive/MyDrive/olx_gamesentertainment_dataset/images/games_3079bea105/3.jpg"", ""/content/drive/MyDrive/olx_gamesentertainment_dataset/images/games_3079bea105/4.jpg"", ""/content/drive/MyDrive/olx_gamesentertainment_dataset/images/games_3079bea105/5.jpg"", ""/content/drive/MyDrive/olx_gamesentertainment_dataset/images/games_3079bea105/6.jpg"", ""/content/drive/MyDrive/olx_gamesentertainment_dataset/images/games_3079bea105/7.jpg"", ""/content/drive/MyDrive/olx_gamesentertainment_dataset/images/games_3079bea105/8.jpg"", ""/content/drive/MyDrive/olx_gamesentertainment_dataset/images/games_3079bea105/9.jpg"", ""/content/drive/MyDrive/olx_gamesentertainment_dataset/images/games_3079bea105/10.jpg"", ""/content/drive/MyDrive/olx_gamesentertainment_dataset/images/games_3079bea105/11.jpg"", ""/content/drive/MyDrive/olx_gamesentertainment_dataset/images/games_3079bea105/12.jpg"", ""/content/drive/MyDrive/olx_gamesentertainment_dataset/images/games_3079bea105/13.jpg"", ""/content/drive/MyDrive/olx_gamesentertainment_dataset/images/games_3079bea105/14.jpg""]",14,2025-12-08 06:09:03.790993
games_94ea4103ed,https://www.olx.in/item/games-entertainment-c93-ps4-slim-usa-version-in-ganga-nagar-colony-hapur-iid-1828597838,Ps4 slim usa version,With 2 dual shocks with god of war and fifa 17 - Games & Entertainment,22000,"[""/content/drive/MyDrive/olx_gamesentertainment_dataset/images/games_94ea4103ed/1.jpg"", ""/content/drive/MyDrive/olx_gamesentertainment_dataset/images/games_94ea4103ed/2.jpg"", ""/content/drive/MyDrive/olx_gamesentertainment_dataset/images/games_94ea4103ed/3.jpg"", ""/content/drive/MyDrive/olx_gamesentertainment_dataset/images/games_94ea4103ed/4.jpg"", ""/content/drive/MyDrive/olx_gamesentertainment_dataset/images/games_94ea4103ed/5.jpg"", ""/content/drive/MyDrive/olx_gamesentertainment_dataset/images/games_94ea4103ed/6.jpg"", ""/content/drive/MyDrive/olx_gamesentertainment_dataset/images/games_94ea4103ed/7.jpg"", ""/content/drive/MyDrive/olx_gamesentertainment_dataset/images/games_94ea4103ed/8.jpg"", ""/content/drive/MyDrive/olx_gamesentertainment_dataset/images/games_94ea4103ed/9.jpg"", ""/content/drive/MyDrive/olx_gamesentertainment_dataset/images/games_94ea4103ed/10.jpg"", ""/content/drive/MyDrive/olx_gamesentertainment_dataset/images/games_94ea4103ed/11.jpg"", ""/content/drive/MyDrive/olx_gamesentertainment_dataset/images/games_94ea4103ed/12.jpg"", ""/content/drive/MyDrive/olx_gamesentertainment_dataset/images/games_94ea4103ed/13.jpg"", ""/content/drive/MyDrive/olx_gamesentertainment_dataset/images/games_94ea4103ed/14.jpg""]",14,2025-12-08 06:09:14.775772
games_9f0ccdc981,https://www.olx.in/item/games-entertainment-c93-playstation-5-slim-disk-addition-in-sector-17-gurgaon-iid-1824690515,Playstation 5 Slim (Disk Addition),PS - 5 (Sony) Console 2 (Sony) Purchased on 07th August All the bills are available Price - 44K with two console 42k with one console - Games & Entertainment,44000,"[""/content/drive/MyDrive/olx_gamesentertainment_dataset/images/games_9f0ccdc981/1.jpg"", ""/content/drive/MyDrive/olx_gamesentertainment_dataset/images/games_9f0ccdc981/2.jpg"", ""/content/drive/MyDrive/olx_gamesentertainment_dataset/images/games_9f0ccdc981/3.jpg"", ""/content/drive/MyDrive/olx_gamesentertainment_dataset/images/games_9f0ccdc981/4.jpg"", ""/content/drive/MyDrive/olx_gamesentertainment_dataset/images/games_9f0ccdc981/5.jpg"", ""/content/drive/MyDrive/olx_gamesentertainment_dataset/images/games_9f0ccdc981/6.jpg"", ""/content/drive/MyDrive/olx_gamesentertainment_dataset/images/games_9f0ccdc981/7.jpg"", ""/content/drive/MyDrive/olx_gamesentertainment_dataset/images/games_9f0ccdc981/8.jpg"", ""/content/drive/MyDrive/olx_gamesentertainment_dataset/images/games_9f0ccdc981/9.jpg"", ""/content/drive/MyDrive/olx_gamesentertainment_dataset/images/games_9f0ccdc981/10.jpg"", ""/content/drive/MyDrive/olx_gamesentertainment_dataset/images/games_9f0ccdc981/11.jpg"", ""/content/drive/MyDrive/olx_gamesentertainment_dataset/images/games_9f0ccdc981/12.jpg"", ""/content/drive/MyDrive/olx_gamesentertainment_dataset/images/games_9f0ccdc981/13.jpg"", ""/content/drive/MyDrive/olx_gamesentertainment_dataset/images/games_9f0ccdc981/14.jpg""]",14,2025-12-08 06:09:25.153332
games_7d534ed9ed,https://www.olx.in/item/games-entertainment-c93-ps3-super-slim-model-in-roop-nagar-rupnagar-iid-1828596336,PS3 Super Slim Model,"Console with all cables, Controller, Hdmi Cable, Box with Game discs, installed 10 to 12 games including GTA 5 and Red Redemption 1 , Mafia 2 and many more title console in new condition. - Games & Entertainment",11500,"[""/content/drive/MyDrive/olx_gamesentertainment_dataset/images/games_7d534ed9ed/1.jpg"", ""/content/drive/MyDrive/olx_gamesentertainment_dataset/images/games_7d534ed9ed/2.jpg"", ""/content/drive/MyDrive/olx_gamesentertainment_dataset/images/games_7d534ed9ed/3.jpg"", ""/content/drive/MyDrive/olx_gamesentertainment_dataset/images/games_7d534ed9ed/4.jpg"", ""/content/drive/MyDrive/olx_gamesentertainment_dataset/images/games_7d534ed9ed/5.jpg"", ""/content/drive/MyDrive/olx_gamesentertainment_dataset/images/games_7d534ed9ed/6.jpg"", ""/content/drive/MyDrive/olx_gamesentertainment_dataset/images/games_7d534ed9ed/7.jpg"", ""/content/drive/MyDrive/olx_gamesentertainment_dataset/images/games_7d534ed9ed/8.jpg"", ""/content/drive/MyDrive/olx_gamesentertainment_dataset/images/games_7d534ed9ed/9.jpg"", ""/content/drive/MyDrive/olx_gamesentertainment_dataset/images/games_7d534ed9ed/10.jpg"", ""/content/drive/MyDrive/olx_gamesentertainment_dataset/images/games_7d534ed9ed/11.jpg"", ""/content/drive/MyDrive/olx_gamesentertainment_dataset/images/games_7d534ed9ed/12.jpg"", ""/content/drive/MyDrive/olx_gamesentertainment_dataset/images/games_7d534ed9ed/13.jpg"", ""/content/drive/MyDrive/olx_gamesentertainment_dataset/images/games_7d534ed9ed/14.jpg""]",14,2025-12-08 06:09:35.508561
games_01cd2f70e1,https://www.olx.in/item/games-entertainment-c93-gaming-remote-control-in-qurehiyan-moholla-chhaprauli-iid-1828596629,Gaming remote control,"Gaming remote control Mirage crystal clear victory No scratches, transparent body Multicolour lights changing effects with 400days warranty - Games & Entertainment",1599,"[""/content/drive/MyDrive/olx_gamesentertainment_dataset/images/games_01cd2f70e1/1.jpg"", ""/content/drive/MyDrive/olx_gamesentertainment_dataset/images/games_01cd2f70e1/2.jpg"", ""/content/drive/MyDrive/olx_gamesentertainment_dataset/images/games_01cd2f70e1/3.jpg"", ""/content/drive/MyDrive/olx_gamesentertainment_dataset/images/games_01cd2f70e1/4.jpg"", ""/content/drive/MyDrive/olx_gamesentertainment_dataset/images/games_01cd2f70e1/5.jpg"", ""/content/drive/MyDrive/olx_gamesentertainment_dataset/images/games_01cd2f70e1/6.jpg"", ""/content/drive/MyDrive/olx_gamesentertainment_dataset/images/games_01cd2f70e1/7.jpg"", ""/content/drive/MyDrive/olx_gamesentertainment_dataset/images/games_01cd2f70e1/8.jpg"", ""/content/drive/MyDrive/olx_gamesentertainment_dataset/images/games_01cd2f70e1/9.jpg"", ""/content/drive/MyDrive/olx_gamesentertainment_dataset/images/games_01cd2f70e1/10.jpg"", ""/content/drive/MyDrive/olx_gamesentertainment_dataset/images/games_01cd2f70e1/11.jpg"", ""/content/drive/MyDrive/olx_gamesentertainment_dataset/images/games_01cd2f70e1/12.jpg"", ""/content/drive/MyDrive/olx_gamesentertainment_dataset/images/games_01cd2f70e1/13.jpg"", ""/content/drive/MyDrive/olx_gamesentertainment_dataset/images/games_01cd2f70e1/14.jpg""]",14,2025-12-08 06:09:45.721558
games_fc46fb825f,https://www.olx.in/item/games-entertainment-c93-ps4-pro-along-with-box-and-accessories-in-jp-nagar-bengaluru-iid-1790726684,Ps4 pro along with box and accessories,Rey Games Castle Jayanagar 4th block We buy sell trade swap all types of gaming Consoles used and new Used ps4 starts on exchange with ps3 10000 Used ps4 starts from 14999 We also have ps4 slim and pro available We also buy Consoles for cash - Games & Entertainment,10000,"[""/content/drive/MyDrive/olx_gamesentertainment_dataset/images/games_fc46fb825f/1.jpg"", ""/content/drive/MyDrive/olx_gamesentertainment_dataset/images/games_fc46fb825f/2.jpg"", ""/content/drive/MyDrive/olx_gamesentertainment_dataset/images/games_fc46fb825f/3.jpg"", ""/content/drive/MyDrive/olx_gamesentertainment_dataset/images/games_fc46fb825f/4.jpg"", ""/content/drive/MyDrive/olx_gamesentertainment_dataset/images/games_fc46fb825f/5.jpg"", ""/content/drive/MyDrive/olx_gamesentertainment_dataset/images/games_fc46fb825f/6.jpg"", ""/content/drive/MyDrive/olx_gamesentertainment_dataset/images/games_fc46fb825f/7.jpg"", ""/content/drive/MyDrive/olx_gamesentertainment_dataset/images/games_fc46fb825f/8.jpg"", ""/content/drive/MyDrive/olx_gamesentertainment_dataset/images/games_fc46fb825f/9.jpg"", ""/content/drive/MyDrive/olx_gamesentertainment_dataset/images/games_fc46fb825f/10.jpg"", ""/content/drive/MyDrive/olx_gamesentertainment_dataset/images/games_fc46fb825f/11.jpg"", ""/content/drive/MyDrive/olx_gamesentertainment_dataset/images/games_fc46fb825f/12.jpg"", ""/content/drive/MyDrive/olx_gamesentertainment_dataset/images/games_fc46fb825f/13.jpg"", ""/content/drive/MyDrive/olx_gamesentertainment_dataset/images/games_fc46fb825f/14.jpg""]",14,2025-12-08 06:09:54.406378
games_0315b10a7a,https://www.olx.in/item/games-entertainment-c93-nintendo-switch-v2-model-with-carry-case-in-sherpur-ludhiana-iid-1828598414,Nintendo switch v2 model with carry case,"Switch v2 full set Grip , console , joycons , charger , dock. Case also 14500 - Games & Entertainment",14500,"[""/content/drive/MyDrive/olx_gamesentertainment_dataset/images/games_0315b10a7a/1.jpg"", ""/content/drive/MyDrive/olx_gamesentertainment_dataset/images/games_0315b10a7a/2.jpg"", ""/content/drive/MyDrive/olx_gamesentertainment_dataset/images/games_0315b10a7a/3.jpg"", ""/content/drive/MyDrive/olx_gamesentertainment_dataset/images/games_0315b10a7a/4.jpg"", ""/content/drive/MyDrive/olx_gamesentertainment_dataset/images/games_0315b10a7a/5.jpg"", ""/content/drive/MyDrive/olx_gamesentertainment_dataset/images/games_0315b10a7a/6.jpg"", ""/content/drive/MyDrive/olx_gamesentertainment_dataset/images/games_0315b10a7a/7.jpg"", ""/content/drive/MyDrive/olx_gamesentertainment_dataset/images/games_0315b10a7a/8.jpg"", ""/content/drive/MyDrive/olx_gamesentertainment_dataset/images/games_0315b10a7a/9.jpg"", ""/content/drive/MyDrive/olx_gamesentertainment_dataset/images/games_0315b10a7a/10.jpg"", ""/content/drive/MyDrive/olx_gamesentertainment_dataset/images/games_0315b10a7a/11.jpg"", ""/content/drive/MyDrive/olx_gamesentertainment_dataset/images/games_0315b10a7a/12.jpg"", ""/content/drive/MyDrive/olx_gamesentertainment_dataset/images/games_0315b10a7a/13.jpg"", ""/content/drive/MyDrive/olx_gamesentertainment_dataset/images/games_0315b10a7a/14.jpg""]",14,2025-12-08 06:10:04.170487
games_27e5cc202f,https://www.olx.in/item/games-entertainment-c93-ps3-superslim-500gb-25-games-ps-3-playstation-3-ps4-ps-4-in-secunderabad-railway-station-area-secunderabad-iid-1826632725,Ps3 superslim 500gb 25 games ps 3 playstation 3 ps4 ps 4,Perfect condition . 500gb variant. With One controller . With 25 games . Clean condition Fully working condition. All wires included Just plug n play your favourite games. Can deliver anywhere Hyderabad. - Games & Entertainment,15000,"[""/content/drive/MyDrive/olx_gamesentertainment_dataset/images/games_27e5cc202f/1.jpg"", ""/content/drive/MyDrive/olx_gamesentertainment_dataset/images/games_27e5cc202f/2.jpg"", ""/content/drive/MyDrive/olx_gamesentertainment_dataset/images/games_27e5cc202f/3.jpg"", ""/content/drive/MyDrive/olx_gamesentertainment_dataset/images/games_27e5cc202f/4.jpg"", ""/content/drive/MyDrive/olx_gamesentertainment_dataset/images/games_27e5cc202f/5.jpg"", ""/content/drive/MyDrive/olx_gamesentertainment_dataset/images/games_27e5cc202f/6.jpg"", ""/content/drive/MyDrive/olx_gamesentertainment_dataset/images/games_27e5cc202f/7.jpg"", ""/content/drive/MyDrive/olx_gamesentertainment_dataset/images/games_27e5cc202f/8.jpg"", ""/content/drive/MyDrive/olx_gamesentertainment_dataset/images/games_27e5cc202f/9.jpg"", ""/content/drive/MyDrive/olx_gamesentertainment_dataset/images/games_27e5cc202f/10.jpg"", ""/content/drive/MyDrive/olx_gamesentertainment_dataset/images/games_27e5cc202f/11.jpg"", ""/content/drive/MyDrive/olx_gamesentertainment_dataset/images/games_27e5cc202f/12.jpg"", ""/content/drive/MyDrive/olx_gamesentertainment_dataset/images/games_27e5cc202f/13.jpg"", ""/content/drive/MyDrive/olx_gamesentertainment_dataset/images/games_27e5cc202f/14.jpg""]",14,2025-12-08 06:10:14.321902
games_0fe3ace18b,https://www.olx.in/item/games-entertainment-c93-wwe-2k22-and-god-of-war-4-ps4-in-chet-singh-nagar-ludhiana-iid-1828595866,Wwe 2k22 and god of war 4 ps4,Ps4 cd with good condition wwe 2k22 and god of war - Games & Entertainment,2499,"[""/content/drive/MyDrive/olx_gamesentertainment_dataset/images/games_0fe3ace18b/1.jpg"", ""/content/drive/MyDrive/olx_gamesentertainment_dataset/images/games_0fe3ace18b/2.jpg"", ""/content/drive/MyDrive/olx_gamesentertainment_dataset/images/games_0fe3ace18b/3.jpg"", ""/content/drive/MyDrive/olx_gamesentertainment_dataset/images/games_0fe3ace18b/4.jpg"", ""/content/drive/MyDrive/olx_gamesentertainment_dataset/images/games_0fe3ace18b/5.jpg"", ""/content/drive/MyDrive/olx_gamesentertainment_dataset/images/games_0fe3ace18b/6.jpg"", ""/content/drive/MyDrive/olx_gamesentertainment_dataset/images/games_0fe3ace18b/7.jpg"", ""/content/drive/MyDrive/olx_gamesentertainment_dataset/images/games_0fe3ace18b/8.jpg"", ""/content/drive/MyDrive/olx_gamesentertainment_dataset/images/games_0fe3ace18b/9.jpg"", ""/content/drive/MyDrive/olx_gamesentertainment_dataset/images/games_0fe3ace18b/10.jpg"", ""/content/drive/MyDrive/olx_gamesentertainment_dataset/images/games_0fe3ace18b/11.jpg"", ""/content/drive/MyDrive/olx_gamesentertainment_dataset/images/games_0fe3ace18b/12.jpg"", ""/content/drive/MyDrive/olx_gamesentertainment_dataset/images/games_0fe3ace18b/13.jpg"", ""/content/drive/MyDrive/olx_gamesentertainment_dataset/images/games_0fe3ace18b/14.jpg""]",14,2025-12-08 06:10:23.797541
games_14c81fa4ac,https://www.olx.in/item/games-entertainment-c93-gt730-4gb-graphics-card-in-lakshmi-nagar-mathura-iid-1828595797,Gt730 4gb graphics card,Upgrade to higher model 1 month used only - Games & Entertainment,2000,"[""/content/drive/MyDrive/olx_gamesentertainment_dataset/images/games_14c81fa4ac/1.jpg"", ""/content/drive/MyDrive/olx_gamesentertainment_dataset/images/games_14c81fa4ac/2.jpg"", ""/content/drive/MyDrive/olx_gamesentertainment_dataset/images/games_14c81fa4ac/3.jpg"", ""/content/drive/MyDrive/olx_gamesentertainment_dataset/images/games_14c81fa4ac/4.jpg"", ""/content/drive/MyDrive/olx_gamesentertainment_dataset/images/games_14c81fa4ac/5.jpg"", ""/content/drive/MyDrive/olx_gamesentertainment_dataset/images/games_14c81fa4ac/6.jpg"", ""/content/drive/MyDrive/olx_gamesentertainment_dataset/images/games_14c81fa4ac/7.jpg"", ""/content/drive/MyDrive/olx_gamesentertainment_dataset/images/games_14c81fa4ac/8.jpg"", ""/content/drive/MyDrive/olx_gamesentertainment_dataset/images/games_14c81fa4ac/9.jpg"", ""/content/drive/MyDrive/olx_gamesentertainment_dataset/images/games_14c81fa4ac/10.jpg"", ""/content/drive/MyDrive/olx_gamesentertainment_dataset/images/games_14c81fa4ac/11.jpg"", ""/content/drive/MyDrive/olx_gamesentertainment_dataset/images/games_14c81fa4ac/12.jpg"", ""/content/drive/MyDrive/olx_gamesentertainment_dataset/images/games_14c81fa4ac/13.jpg"", ""/content/drive/MyDrive/olx_gamesentertainment_dataset/images/games_14c81fa4ac/14.jpg""]",14,2025-12-08 06:10:33.925581
games_a9629207ba,https://www.olx.in/item/games-entertainment-c93-ps2-slim-64gb-gaming-console-in-electronics-market-telipura-nagpur-iid-1807488884,Ps2 slim 64GB Gaming Console,"Refurbished Sony PlayStation 2 PS2 Slim 64GB Gaming Console 25 Best Games Bundle 2 Controllers Warranty Included Fast Delivery # Flexible Payment Options. # EMI Options. # Exchange/Buy-Back Options. # Vast Variety, Exclusive Deals & Offers. # Guaranteed One-Day Delivery. # Timely Deliveries & Sturdy Packaging. Description: What’s Included – Refurb Sony Playstation 2 Slim Console- Pre-owned but in Excellent Condition (Next to Brand New Condition) Original Full Version Digital Games Installed in Internal Hardisk. New Dualshock 2 Wired Controller. - Games & Entertainment",5500,"[""/content/drive/MyDrive/olx_gamesentertainment_dataset/images/games_a9629207ba/1.jpg"", ""/content/drive/MyDrive/olx_gamesentertainment_dataset/images/games_a9629207ba/2.jpg"", ""/content/drive/MyDrive/olx_gamesentertainment_dataset/images/games_a9629207ba/3.jpg"", ""/content/drive/MyDrive/olx_gamesentertainment_dataset/images/games_a9629207ba/4.jpg"", ""/content/drive/MyDrive/olx_gamesentertainment_dataset/images/games_a9629207ba/5.jpg"", ""/content/drive/MyDrive/olx_gamesentertainment_dataset/images/games_a9629207ba/6.jpg"", ""/content/drive/MyDrive/olx_gamesentertainment_dataset/images/games_a9629207ba/7.jpg"", ""/content/drive/MyDrive/olx_gamesentertainment_dataset/images/games_a9629207ba/8.jpg"", ""/content/drive/MyDrive/olx_gamesentertainment_dataset/images/games_a9629207ba/9.jpg"", ""/content/drive/MyDrive/olx_gamesentertainment_dataset/images/games_a9629207ba/10.jpg"", ""/content/drive/MyDrive/olx_gamesentertainment_dataset/images/games_a9629207ba/11.jpg"", ""/content/drive/MyDrive/olx_gamesentertainment_dataset/images/games_a9629207ba/12.jpg"", ""/content/drive/MyDrive/olx_gamesentertainment_dataset/images/games_a9629207ba/13.jpg"", ""/content/drive/MyDrive/olx_gamesentertainment_dataset/images/games_a9629207ba/14.jpg""]",14,2025-12-08 06:10:59.047751
games_e07b8c7de3,https://www.olx.in/item/games-entertainment-c93-xbox-360-slim-in-rohta-agra-iid-1828600204,Xbox 360 SLIM,Full loaded games 70 + With orginal controller and orginal box with orginal hodmi cable genuine product - Games & Entertainment,9999,"[""/content/drive/MyDrive/olx_gamesentertainment_dataset/images/games_e07b8c7de3/1.jpg"", ""/content/drive/MyDrive/olx_gamesentertainment_dataset/images/games_e07b8c7de3/2.jpg"", ""/content/drive/MyDrive/olx_gamesentertainment_dataset/images/games_e07b8c7de3/3.jpg"", ""/content/drive/MyDrive/olx_gamesentertainment_dataset/images/games_e07b8c7de3/4.jpg"", ""/content/drive/MyDrive/olx_gamesentertainment_dataset/images/games_e07b8c7de3/5.jpg"", ""/content/drive/MyDrive/olx_gamesentertainment_dataset/images/games_e07b8c7de3/6.jpg"", ""/content/drive/MyDrive/olx_gamesentertainment_dataset/images/games_e07b8c7de3/7.jpg"", ""/content/drive/MyDrive/olx_gamesentertainment_dataset/images/games_e07b8c7de3/8.jpg"", ""/content/drive/MyDrive/olx_gamesentertainment_dataset/images/games_e07b8c7de3/9.jpg"", ""/content/drive/MyDrive/olx_gamesentertainment_dataset/images/games_e07b8c7de3/10.jpg"", ""/content/drive/MyDrive/olx_gamesentertainment_dataset/images/games_e07b8c7de3/11.jpg"", ""/content/drive/MyDrive/olx_gamesentertainment_dataset/images/games_e07b8c7de3/12.jpg"", ""/content/drive/MyDrive/olx_gamesentertainment_dataset/images/games_e07b8c7de3/13.jpg"", ""/content/drive/MyDrive/olx_gamesentertainment_dataset/images/games_e07b8c7de3/14.jpg""]",14,2025-12-08 06:11:10.502829
games_4c3c3ecdef,https://www.olx.in/item/games-entertainment-c93-gamepad-joystick-in-shampura-bengaluru-iid-1828599541,Gamepad joystick,Joystick gamepad - Games & Entertainment,700,"[""/content/drive/MyDrive/olx_gamesentertainment_dataset/images/games_4c3c3ecdef/1.jpg"", ""/content/drive/MyDrive/olx_gamesentertainment_dataset/images/games_4c3c3ecdef/2.jpg"", ""/content/drive/MyDrive/olx_gamesentertainment_dataset/images/games_4c3c3ecdef/3.jpg"", ""/content/drive/MyDrive/olx_gamesentertainment_dataset/images/games_4c3c3ecdef/4.jpg"", ""/content/drive/MyDrive/olx_gamesentertainment_dataset/images/games_4c3c3ecdef/5.jpg"", ""/content/drive/MyDrive/olx_gamesentertainment_dataset/images/games_4c3c3ecdef/6.jpg"", ""/content/drive/MyDrive/olx_gamesentertainment_dataset/images/games_4c3c3ecdef/7.jpg"", ""/content/drive/MyDrive/olx_gamesentertainment_dataset/images/games_4c3c3ecdef/8.jpg"", ""/content/drive/MyDrive/olx_gamesentertainment_dataset/images/games_4c3c3ecdef/9.jpg"", ""/content/drive/MyDrive/olx_gamesentertainment_dataset/images/games_4c3c3ecdef/10.jpg"", ""/content/drive/MyDrive/olx_gamesentertainment_dataset/images/games_4c3c3ecdef/11.jpg"", ""/content/drive/MyDrive/olx_gamesentertainment_dataset/images/games_4c3c3ecdef/12.jpg"", ""/content/drive/MyDrive/olx_gamesentertainment_dataset/images/games_4c3c3ecdef/13.jpg"", ""/content/drive/MyDrive/olx_gamesentertainment_dataset/images/games_4c3c3ecdef/14.jpg""]",14,2025-12-08 06:11:21.425732
games_df0bafd84f,https://www.olx.in/item/games-entertainment-c93-evofox-one-s-in-ashok-vihar-delhi-iid-1828599627,Evofox one s,Evofox one s Wireless controller Brand new 1200 - Games & Entertainment,1200,"[""/content/drive/MyDrive/olx_gamesentertainment_dataset/images/games_df0bafd84f/1.jpg"", ""/content/drive/MyDrive/olx_gamesentertainment_dataset/images/games_df0bafd84f/2.jpg"", ""/content/drive/MyDrive/olx_gamesentertainment_dataset/images/games_df0bafd84f/3.jpg"", ""/content/drive/MyDrive/olx_gamesentertainment_dataset/images/games_df0bafd84f/4.jpg"", ""/content/drive/MyDrive/olx_gamesentertainment_dataset/images/games_df0bafd84f/5.jpg"", ""/content/drive/MyDrive/olx_gamesentertainment_dataset/images/games_df0bafd84f/6.jpg"", ""/content/drive/MyDrive/olx_gamesentertainment_dataset/images/games_df0bafd84f/7.jpg"", ""/content/drive/MyDrive/olx_gamesentertainment_dataset/images/games_df0bafd84f/8.jpg"", ""/content/drive/MyDrive/olx_gamesentertainment_dataset/images/games_df0bafd84f/9.jpg"", ""/content/drive/MyDrive/olx_gamesentertainment_dataset/images/games_df0bafd84f/10.jpg"", ""/content/drive/MyDrive/olx_gamesentertainment_dataset/images/games_df0bafd84f/11.jpg"", ""/content/drive/MyDrive/olx_gamesentertainment_dataset/images/games_df0bafd84f/12.jpg"", ""/content/drive/MyDrive/olx_gamesentertainment_dataset/images/games_df0bafd84f/13.jpg"", ""/content/drive/MyDrive/olx_gamesentertainment_dataset/images/games_df0bafd84f/14.jpg""]",14,2025-12-08 06:11:30.840822
games_03bdab8419,https://www.olx.in/item/games-entertainment-c93-free-shipping-r36s-handheld-retro-game-console-15000-games-in-vidya-nagar-hyderabad-iid-1825650744,Free Shipping - R36S Handheld Retro Game Console  15000+ Games,"R36s - 2899/- R36 Ultra - 4500/- Hello Friends, Before Messaging request Once read this below, I am Sure You will take time to read it completely. We deal in all latest trending imported gadgets accessories, once contact me in WhatsApp i will share catalogue. Join Our WhatsApp Community Group, All Latest Regular Updates. Full Stock Available @ Very Best Price Experience your childhood gaming memories with the R36S Retro Game Console. This powerful handheld console comes with 15000+ built-in games, supporting PlayStation, PSP, NES, SNES, Sega, GameBoy, and more. Key Features: • 3.5-inch IPS HD display (640×480 resolution) • Dual joystick controls for smooth gameplay • Supports TF card expansion • Built-in WiFi for multiplayer • Long battery life – 6 to 8 hours of playtime • Lightweight and portable Includes: Console + Charging Cable + User Manual + Box Packing Perfect for gifting or your own collection.. - Games & Entertainment",2899,"[""/content/drive/MyDrive/olx_gamesentertainment_dataset/images/games_03bdab8419/1.jpg"", ""/content/drive/MyDrive/olx_gamesentertainment_dataset/images/games_03bdab8419/2.jpg"", ""/content/drive/MyDrive/olx_gamesentertainment_dataset/images/games_03bdab8419/3.jpg"", ""/content/drive/MyDrive/olx_gamesentertainment_dataset/images/games_03bdab8419/4.jpg"", ""/content/drive/MyDrive/olx_gamesentertainment_dataset/images/games_03bdab8419/5.jpg"", ""/content/drive/MyDrive/olx_gamesentertainment_dataset/images/games_03bdab8419/6.jpg"", ""/content/drive/MyDrive/olx_gamesentertainment_dataset/images/games_03bdab8419/7.jpg"", ""/content/drive/MyDrive/olx_gamesentertainment_dataset/images/games_03bdab8419/8.jpg"", ""/content/drive/MyDrive/olx_gamesentertainment_dataset/images/games_03bdab8419/9.jpg"", ""/content/drive/MyDrive/olx_gamesentertainment_dataset/images/games_03bdab8419/10.jpg"", ""/content/drive/MyDrive/olx_gamesentertainment_dataset/images/games_03bdab8419/11.jpg"", ""/content/drive/MyDrive/olx_gamesentertainment_dataset/images/games_03bdab8419/12.jpg"", ""/content/drive/MyDrive/olx_gamesentertainment_dataset/images/games_03bdab8419/13.jpg"", ""/content/drive/MyDrive/olx_gamesentertainment_dataset/images/games_03bdab8419/14.jpg""]",14,2025-12-08 06:11:43.781130
games_932519a387,https://www.olx.in/item/games-entertainment-c93-motorola-universal-gamepad-in-baraula-noida-iid-1828597916,Motorola universal gamepad,Gamepad controller - Games & Entertainment,869,"[""/content/drive/MyDrive/olx_gamesentertainment_dataset/images/games_932519a387/1.jpg"", ""/content/drive/MyDrive/olx_gamesentertainment_dataset/images/games_932519a387/2.jpg"", ""/content/drive/MyDrive/olx_gamesentertainment_dataset/images/games_932519a387/3.jpg"", ""/content/drive/MyDrive/olx_gamesentertainment_dataset/images/games_932519a387/4.jpg"", ""/content/drive/MyDrive/olx_gamesentertainment_dataset/images/games_932519a387/5.jpg"", ""/content/drive/MyDrive/olx_gamesentertainment_dataset/images/games_932519a387/6.jpg"", ""/content/drive/MyDrive/olx_gamesentertainment_dataset/images/games_932519a387/7.jpg"", ""/content/drive/MyDrive/olx_gamesentertainment_dataset/images/games_932519a387/8.jpg"", ""/content/drive/MyDrive/olx_gamesentertainment_dataset/images/games_932519a387/9.jpg"", ""/content/drive/MyDrive/olx_gamesentertainment_dataset/images/games_932519a387/10.jpg"", ""/content/drive/MyDrive/olx_gamesentertainment_dataset/images/games_932519a387/11.jpg"", ""/content/drive/MyDrive/olx_gamesentertainment_dataset/images/games_932519a387/12.jpg"", ""/content/drive/MyDrive/olx_gamesentertainment_dataset/images/games_932519a387/13.jpg"", ""/content/drive/MyDrive/olx_gamesentertainment_dataset/images/games_932519a387/14.jpg""]",14,2025-12-08 06:11:53.667019
games_d45193000f,https://www.olx.in/item/games-entertainment-c93-hindustan-mixer-grinder-in-uluberia-kolkata-iid-1828595228,Hindustan mixer grinder,"Mixer grinder, 2 day old . Fully new condition. - Games & Entertainment",3700,"[""/content/drive/MyDrive/olx_gamesentertainment_dataset/images/games_d45193000f/1.jpg"", ""/content/drive/MyDrive/olx_gamesentertainment_dataset/images/games_d45193000f/2.jpg"", ""/content/drive/MyDrive/olx_gamesentertainment_dataset/images/games_d45193000f/3.jpg"", ""/content/drive/MyDrive/olx_gamesentertainment_dataset/images/games_d45193000f/4.jpg"", ""/content/drive/MyDrive/olx_gamesentertainment_dataset/images/games_d45193000f/5.jpg"", ""/content/drive/MyDrive/olx_gamesentertainment_dataset/images/games_d45193000f/6.jpg"", ""/content/drive/MyDrive/olx_gamesentertainment_dataset/images/games_d45193000f/7.jpg"", ""/content/drive/MyDrive/olx_gamesentertainment_dataset/images/games_d45193000f/8.jpg"", ""/content/drive/MyDrive/olx_gamesentertainment_dataset/images/games_d45193000f/9.jpg"", ""/content/drive/MyDrive/olx_gamesentertainment_dataset/images/games_d45193000f/10.jpg"", ""/content/drive/MyDrive/olx_gamesentertainment_dataset/images/games_d45193000f/11.jpg"", ""/content/drive/MyDrive/olx_gamesentertainment_dataset/images/games_d45193000f/12.jpg"", ""/content/drive/MyDrive/olx_gamesentertainment_dataset/images/games_d45193000f/13.jpg"", ""/content/drive/MyDrive/olx_gamesentertainment_dataset/images/games_d45193000f/14.jpg""]",14,2025-12-08 06:12:05.716625
games_742a6e2ba0,https://www.olx.in/item/games-entertainment-c93-playstation-2-with-2-sony-controllors-in-nizamuddin-delhi-iid-1828597008,Playstation 2 with 2 sony controllors,32gb Playstation 2 with 2 wired controllors (at best price) - Games & Entertainment,15000,"[""/content/drive/MyDrive/olx_gamesentertainment_dataset/images/games_742a6e2ba0/1.jpg"", ""/content/drive/MyDrive/olx_gamesentertainment_dataset/images/games_742a6e2ba0/2.jpg"", ""/content/drive/MyDrive/olx_gamesentertainment_dataset/images/games_742a6e2ba0/3.jpg"", ""/content/drive/MyDrive/olx_gamesentertainment_dataset/images/games_742a6e2ba0/4.jpg"", ""/content/drive/MyDrive/olx_gamesentertainment_dataset/images/games_742a6e2ba0/5.jpg"", ""/content/drive/MyDrive/olx_gamesentertainment_dataset/images/games_742a6e2ba0/6.jpg"", ""/content/drive/MyDrive/olx_gamesentertainment_dataset/images/games_742a6e2ba0/7.jpg"", ""/content/drive/MyDrive/olx_gamesentertainment_dataset/images/games_742a6e2ba0/8.jpg"", ""/content/drive/MyDrive/olx_gamesentertainment_dataset/images/games_742a6e2ba0/9.jpg"", ""/content/drive/MyDrive/olx_gamesentertainment_dataset/images/games_742a6e2ba0/10.jpg"", ""/content/drive/MyDrive/olx_gamesentertainment_dataset/images/games_742a6e2ba0/11.jpg"", ""/content/drive/MyDrive/olx_gamesentertainment_dataset/images/games_742a6e2ba0/12.jpg"", ""/content/drive/MyDrive/olx_gamesentertainment_dataset/images/games_742a6e2ba0/13.jpg"", ""/content/drive/MyDrive/olx_gamesentertainment_dataset/images/games_742a6e2ba0/14.jpg""]",14,2025-12-08 06:12:15.203060
games_c18c4aa0e8,https://www.olx.in/item/games-entertainment-c93-playstation-on-sale-2-week-old-in-hazari-bazar-srinagar-iid-1827624966,PlayStation on sale 2 week old,1. Only 2 weeks old 2. 1 controller 3. Disc version 4. Urgent selling - Games & Entertainment,47000,"[""/content/drive/MyDrive/olx_gamesentertainment_dataset/images/games_c18c4aa0e8/1.jpg"", ""/content/drive/MyDrive/olx_gamesentertainment_dataset/images/games_c18c4aa0e8/2.jpg"", ""/content/drive/MyDrive/olx_gamesentertainment_dataset/images/games_c18c4aa0e8/3.jpg"", ""/content/drive/MyDrive/olx_gamesentertainment_dataset/images/games_c18c4aa0e8/4.jpg"", ""/content/drive/MyDrive/olx_gamesentertainment_dataset/images/games_c18c4aa0e8/5.jpg"", ""/content/drive/MyDrive/olx_gamesentertainment_dataset/images/games_c18c4aa0e8/6.jpg"", ""/content/drive/MyDrive/olx_gamesentertainment_dataset/images/games_c18c4aa0e8/7.jpg"", ""/content/drive/MyDrive/olx_gamesentertainment_dataset/images/games_c18c4aa0e8/8.jpg"", ""/content/drive/MyDrive/olx_gamesentertainment_dataset/images/games_c18c4aa0e8/9.jpg"", ""/content/drive/MyDrive/olx_gamesentertainment_dataset/images/games_c18c4aa0e8/10.jpg"", ""/content/drive/MyDrive/olx_gamesentertainment_dataset/images/games_c18c4aa0e8/11.jpg"", ""/content/drive/MyDrive/olx_gamesentertainment_dataset/images/games_c18c4aa0e8/12.jpg"", ""/content/drive/MyDrive/olx_gamesentertainment_dataset/images/games_c18c4aa0e8/13.jpg"", ""/content/drive/MyDrive/olx_gamesentertainment_dataset/images/games_c18c4aa0e8/14.jpg""]",14,2025-12-08 06:12:24.442265
games_df75cbeae4,https://www.olx.in/item/games-entertainment-c93-ps4-game-with-free-shipping-and-buy-3-get-300rs-discount-in-padali-maharashtra-iid-1828597283,PS4 GAME WITH FREE SHIPPING AND BUY 3 GET 300RS DISCOUNT,I want to sell my PS4 Games because I completed all these games 1) Spiderman 1400rs 2)Uncharted 4 900rs=SOLD 3)Horizon forbidden west. 1600rs 4)Uncharted lost legacy 1100rs 5)Call of duty infinity warfare 800rs 6)Uncharted Nathan drake collection 900rs 7)Outlast Trinity 1400rs Shipping free all over india *Buy 2 get 200rs discount *Buy 3 get 300rs discount Only Genuine/Interested people contact me - Games & Entertainment,800,"[""/content/drive/MyDrive/olx_gamesentertainment_dataset/images/games_df75cbeae4/1.jpg"", ""/content/drive/MyDrive/olx_gamesentertainment_dataset/images/games_df75cbeae4/2.jpg"", ""/content/drive/MyDrive/olx_gamesentertainment_dataset/images/games_df75cbeae4/3.jpg"", ""/content/drive/MyDrive/olx_gamesentertainment_dataset/images/games_df75cbeae4/4.jpg"", ""/content/drive/MyDrive/olx_gamesentertainment_dataset/images/games_df75cbeae4/5.jpg"", ""/content/drive/MyDrive/olx_gamesentertainment_dataset/images/games_df75cbeae4/6.jpg"", ""/content/drive/MyDrive/olx_gamesentertainment_dataset/images/games_df75cbeae4/7.jpg"", ""/content/drive/MyDrive/olx_gamesentertainment_dataset/images/games_df75cbeae4/8.jpg"", ""/content/drive/MyDrive/olx_gamesentertainment_dataset/images/games_df75cbeae4/9.jpg"", ""/content/drive/MyDrive/olx_gamesentertainment_dataset/images/games_df75cbeae4/10.jpg"", ""/content/drive/MyDrive/olx_gamesentertainment_dataset/images/games_df75cbeae4/11.jpg"", ""/content/drive/MyDrive/olx_gamesentertainment_dataset/images/games_df75cbeae4/12.jpg"", ""/content/drive/MyDrive/olx_gamesentertainment_dataset/images/games_df75cbeae4/13.jpg"", ""/content/drive/MyDrive/olx_gamesentertainment_dataset/images/games_df75cbeae4/14.jpg""]",14,2025-12-08 06:12:33.209814
games_375116ce6b,https://www.olx.in/item/games-entertainment-c93-playstation-4-slim-limited-edition-gold-rare-excellent-condition-in-guru-nanak-nagar-delhi-iid-1828597800,PlayStation 4 Slim – Limited Edition Gold (Rare)  Excellent Condition,"Selling my PS4 Slim Limited Edition Gold console, fully functional and very well maintained. This edition is rare, highly collectible, and no longer available in retail. What’s included: • PS4 Slim Gold Limited Edition Console • 2 Original DualShock 4 Controllers • Power Cable + HDMI Cable Games Included (Physical + Digital mix): • FIFA 20 • NBA 2K • God of War • Far Cry 6 • Madden • Hitman • (+ several others - all in working condition) Condition: Lightly used, no issues, no overheating, software updated and ready to plug-and-play. ⸻ Ideal for someone who wants a ready-to-go gaming setup without extra spending on controllers or games. - Games & Entertainment",24500,"[""/content/drive/MyDrive/olx_gamesentertainment_dataset/images/games_375116ce6b/1.jpg"", ""/content/drive/MyDrive/olx_gamesentertainment_dataset/images/games_375116ce6b/2.jpg"", ""/content/drive/MyDrive/olx_gamesentertainment_dataset/images/games_375116ce6b/3.jpg"", ""/content/drive/MyDrive/olx_gamesentertainment_dataset/images/games_375116ce6b/4.jpg"", ""/content/drive/MyDrive/olx_gamesentertainment_dataset/images/games_375116ce6b/5.jpg"", ""/content/drive/MyDrive/olx_gamesentertainment_dataset/images/games_375116ce6b/6.jpg"", ""/content/drive/MyDrive/olx_gamesentertainment_dataset/images/games_375116ce6b/7.jpg"", ""/content/drive/MyDrive/olx_gamesentertainment_dataset/images/games_375116ce6b/8.jpg"", ""/content/drive/MyDrive/olx_gamesentertainment_dataset/images/games_375116ce6b/9.jpg"", ""/content/drive/MyDrive/olx_gamesentertainment_dataset/images/games_375116ce6b/10.jpg"", ""/content/drive/MyDrive/olx_gamesentertainment_dataset/images/games_375116ce6b/11.jpg"", ""/content/drive/MyDrive/olx_gamesentertainment_dataset/images/games_375116ce6b/12.jpg"", ""/content/drive/MyDrive/olx_gamesentertainment_dataset/images/games_375116ce6b/13.jpg"", ""/content/drive/MyDrive/olx_gamesentertainment_dataset/images/games_375116ce6b/14.jpg""]",14,2025-12-08 06:12:44.163806
games_22811d5558,https://www.olx.in/item/games-entertainment-c93-zotac-gtx-1650-4gb-perfect-condition-high-performance-gaming-gpu-in-power-colony-ludhiana-iid-1828597540,Zotac GTX 1650 4GB – Perfect Condition  High-Performance Gaming GPU,"Zotac GeForce GTX 1650 4GB GDDR6 Condition: Excellent, fully working – no issues Performance: Smooth 1080p gaming (GTA V, Valorant, Warzone, FIFA, etc. Cooling: Single-fan efficient design, low power consumption Requirements: Only 300W PSU needed Packaging: Box available (as shown in pics) What’s Included: Original GTX 1650 GPU Box/Packaging Bill - Games & Entertainment",7500,"[""/content/drive/MyDrive/olx_gamesentertainment_dataset/images/games_22811d5558/1.jpg"", ""/content/drive/MyDrive/olx_gamesentertainment_dataset/images/games_22811d5558/2.jpg"", ""/content/drive/MyDrive/olx_gamesentertainment_dataset/images/games_22811d5558/3.jpg"", ""/content/drive/MyDrive/olx_gamesentertainment_dataset/images/games_22811d5558/4.jpg"", ""/content/drive/MyDrive/olx_gamesentertainment_dataset/images/games_22811d5558/5.jpg"", ""/content/drive/MyDrive/olx_gamesentertainment_dataset/images/games_22811d5558/6.jpg"", ""/content/drive/MyDrive/olx_gamesentertainment_dataset/images/games_22811d5558/7.jpg"", ""/content/drive/MyDrive/olx_gamesentertainment_dataset/images/games_22811d5558/8.jpg"", ""/content/drive/MyDrive/olx_gamesentertainment_dataset/images/games_22811d5558/9.jpg"", ""/content/drive/MyDrive/olx_gamesentertainment_dataset/images/games_22811d5558/10.jpg"", ""/content/drive/MyDrive/olx_gamesentertainment_dataset/images/games_22811d5558/11.jpg"", ""/content/drive/MyDrive/olx_gamesentertainment_dataset/images/games_22811d5558/12.jpg"", ""/content/drive/MyDrive/olx_gamesentertainment_dataset/images/games_22811d5558/13.jpg"", ""/content/drive/MyDrive/olx_gamesentertainment_dataset/images/games_22811d5558/14.jpg""]",14,2025-12-08 06:12:56.284627
games_aed8247031,https://www.olx.in/item/games-entertainment-c93-for-sale-ps5-portal-excellent-condition-in-jawaharnagar-hyderabad-iid-1827903000,For Sale: PS5 Portal (Excellent Condition!),"I am selling my PS5 Portal Remote Player, fully tested and in great working condition. Perfect for smooth PS5 streaming, handheld gaming, and playing your PS5 anywhere at home! Condition: Like new Fully functional – no issues Buttons, joysticks, and screen all perfect Comes with original features and updated software Ideal for PlayStation gamers who want portable PS5 gameplay Reason for selling: Upgrading / not using anymore. What you get: – PS5 Portal device – Clean and well-maintained – Ready to connect to your PS5 and start gaming immediately Price: (12500) Location: (jawahar nagar, yousuf guda, Hyderabad ) Pickup / Delivery: (available ) - Games & Entertainment",12500,"[""/content/drive/MyDrive/olx_gamesentertainment_dataset/images/games_aed8247031/1.jpg"", ""/content/drive/MyDrive/olx_gamesentertainment_dataset/images/games_aed8247031/2.jpg"", ""/content/drive/MyDrive/olx_gamesentertainment_dataset/images/games_aed8247031/3.jpg"", ""/content/drive/MyDrive/olx_gamesentertainment_dataset/images/games_aed8247031/4.jpg"", ""/content/drive/MyDrive/olx_gamesentertainment_dataset/images/games_aed8247031/5.jpg"", ""/content/drive/MyDrive/olx_gamesentertainment_dataset/images/games_aed8247031/6.jpg"", ""/content/drive/MyDrive/olx_gamesentertainment_dataset/images/games_aed8247031/7.jpg"", ""/content/drive/MyDrive/olx_gamesentertainment_dataset/images/games_aed8247031/8.jpg"", ""/content/drive/MyDrive/olx_gamesentertainment_dataset/images/games_aed8247031/9.jpg"", ""/content/drive/MyDrive/olx_gamesentertainment_dataset/images/games_aed8247031/10.jpg"", ""/content/drive/MyDrive/olx_gamesentertainment_dataset/images/games_aed8247031/11.jpg"", ""/content/drive/MyDrive/olx_gamesentertainment_dataset/images/games_aed8247031/12.jpg"", ""/content/drive/MyDrive/olx_gamesentertainment_dataset/images/games_aed8247031/13.jpg"", ""/content/drive/MyDrive/olx_gamesentertainment_dataset/images/games_aed8247031/14.jpg""]",14,2025-12-08 06:13:07.345805
games_842998c2d7,https://www.olx.in/item/games-entertainment-c93-urgent-sale-of-philip-speaker-in-cantonment-area-firozpur-iid-1828597215,Urgent Sale of Philip Speaker.,Philips Speaker ( Too Good Condition) - Games & Entertainment,2000,"[""/content/drive/MyDrive/olx_gamesentertainment_dataset/images/games_842998c2d7/1.jpg"", ""/content/drive/MyDrive/olx_gamesentertainment_dataset/images/games_842998c2d7/2.jpg"", ""/content/drive/MyDrive/olx_gamesentertainment_dataset/images/games_842998c2d7/3.jpg"", ""/content/drive/MyDrive/olx_gamesentertainment_dataset/images/games_842998c2d7/4.jpg"", ""/content/drive/MyDrive/olx_gamesentertainment_dataset/images/games_842998c2d7/5.jpg"", ""/content/drive/MyDrive/olx_gamesentertainment_dataset/images/games_842998c2d7/6.jpg"", ""/content/drive/MyDrive/olx_gamesentertainment_dataset/images/games_842998c2d7/7.jpg"", ""/content/drive/MyDrive/olx_gamesentertainment_dataset/images/games_842998c2d7/8.jpg"", ""/content/drive/MyDrive/olx_gamesentertainment_dataset/images/games_842998c2d7/9.jpg"", ""/content/drive/MyDrive/olx_gamesentertainment_dataset/images/games_842998c2d7/10.jpg"", ""/content/drive/MyDrive/olx_gamesentertainment_dataset/images/games_842998c2d7/11.jpg"", ""/content/drive/MyDrive/olx_gamesentertainment_dataset/images/games_842998c2d7/12.jpg"", ""/content/drive/MyDrive/olx_gamesentertainment_dataset/images/games_842998c2d7/13.jpg"", ""/content/drive/MyDrive/olx_gamesentertainment_dataset/images/games_842998c2d7/14.jpg""]",14,2025-12-08 06:13:17.302824
games_a4fe7d5624,https://www.olx.in/item/games-entertainment-c93-black-myth-wukong-ps5-game-in-whitefield-bengaluru-iid-1827118066,BLACK MYTH WUKONG PS5 GAME,BLACK MYTH WUKONG PS5 GAME AVAILABLE IN RENTAL AND PERMANENT OPTIONS. - Games & Entertainment,799,"[""/content/drive/MyDrive/olx_gamesentertainment_dataset/images/games_a4fe7d5624/1.jpg"", ""/content/drive/MyDrive/olx_gamesentertainment_dataset/images/games_a4fe7d5624/2.jpg"", ""/content/drive/MyDrive/olx_gamesentertainment_dataset/images/games_a4fe7d5624/3.jpg"", ""/content/drive/MyDrive/olx_gamesentertainment_dataset/images/games_a4fe7d5624/4.jpg"", ""/content/drive/MyDrive/olx_gamesentertainment_dataset/images/games_a4fe7d5624/5.jpg"", ""/content/drive/MyDrive/olx_gamesentertainment_dataset/images/games_a4fe7d5624/6.jpg"", ""/content/drive/MyDrive/olx_gamesentertainment_dataset/images/games_a4fe7d5624/7.jpg"", ""/content/drive/MyDrive/olx_gamesentertainment_dataset/images/games_a4fe7d5624/8.jpg"", ""/content/drive/MyDrive/olx_gamesentertainment_dataset/images/games_a4fe7d5624/9.jpg"", ""/content/drive/MyDrive/olx_gamesentertainment_dataset/images/games_a4fe7d5624/10.jpg"", ""/content/drive/MyDrive/olx_gamesentertainment_dataset/images/games_a4fe7d5624/11.jpg"", ""/content/drive/MyDrive/olx_gamesentertainment_dataset/images/games_a4fe7d5624/12.jpg"", ""/content/drive/MyDrive/olx_gamesentertainment_dataset/images/games_a4fe7d5624/13.jpg"", ""/content/drive/MyDrive/olx_gamesentertainment_dataset/images/games_a4fe7d5624/14.jpg"", ""/content/drive/MyDrive/olx_gamesentertainment_dataset/images/games_a4fe7d5624/15.jpg"", ""/content/drive/MyDrive/olx_gamesentertainment_dataset/images/games_a4fe7d5624/16.jpg""]",16,2025-12-08 06:13:28.678245
games_d68f80a2b3,https://www.olx.in/item/games-entertainment-c93-dji-neo-drone-in-margao-goa-iid-1827882186,DJI Neo Drone,Unused DJI Neo Drone bought around 5 months back includes box & additional portable carry case Only serious buyers & price is fixed. - Games & Entertainment,35000,"[""/content/drive/MyDrive/olx_gamesentertainment_dataset/images/games_d68f80a2b3/1.jpg"", ""/content/drive/MyDrive/olx_gamesentertainment_dataset/images/games_d68f80a2b3/2.jpg"", ""/content/drive/MyDrive/olx_gamesentertainment_dataset/images/games_d68f80a2b3/3.jpg"", ""/content/drive/MyDrive/olx_gamesentertainment_dataset/images/games_d68f80a2b3/4.jpg"", ""/content/drive/MyDrive/olx_gamesentertainment_dataset/images/games_d68f80a2b3/5.jpg"", ""/content/drive/MyDrive/olx_gamesentertainment_dataset/images/games_d68f80a2b3/6.jpg"", ""/content/drive/MyDrive/olx_gamesentertainment_dataset/images/games_d68f80a2b3/7.jpg"", ""/content/drive/MyDrive/olx_gamesentertainment_dataset/images/games_d68f80a2b3/8.jpg"", ""/content/drive/MyDrive/olx_gamesentertainment_dataset/images/games_d68f80a2b3/9.jpg"", ""/content/drive/MyDrive/olx_gamesentertainment_dataset/images/games_d68f80a2b3/10.jpg"", ""/content/drive/MyDrive/olx_gamesentertainment_dataset/images/games_d68f80a2b3/11.jpg"", ""/content/drive/MyDrive/olx_gamesentertainment_dataset/images/games_d68f80a2b3/12.jpg"", ""/content/drive/MyDrive/olx_gamesentertainment_dataset/images/games_d68f80a2b3/13.jpg"", ""/content/drive/MyDrive/olx_gamesentertainment_dataset/images/games_d68f80a2b3/14.jpg""]",14,2025-12-08 06:13:40.000293
games_d4b7dd9f1e,https://www.olx.in/item/games-entertainment-c93-nintendo-3ds-xl-limited-edition-mario-excellent-condition-in-altamount-road-mumbai-iid-1824757774,PS Vita Soul Sacrifice Premium Edition – Mint Condition (OLED Model),"Selling my Ps Vita Soul Sacrifice Premium Edition . Imported from Japan - extremely rare , very limited production . Impossible to find in India. Includes: - Ps Vita Oled Console ( Mint , Super bright display) - Original Case - Original Charger - Soul Sacrifice Physical CD Collector level - mint condition, no scratches, no dent , just like new . Serious buyers only , low ball offers won't be tolerated direct blocked! - Games & Entertainment",25000,"[""/content/drive/MyDrive/olx_gamesentertainment_dataset/images/games_d4b7dd9f1e/1.jpg"", ""/content/drive/MyDrive/olx_gamesentertainment_dataset/images/games_d4b7dd9f1e/2.jpg"", ""/content/drive/MyDrive/olx_gamesentertainment_dataset/images/games_d4b7dd9f1e/3.jpg"", ""/content/drive/MyDrive/olx_gamesentertainment_dataset/images/games_d4b7dd9f1e/4.jpg"", ""/content/drive/MyDrive/olx_gamesentertainment_dataset/images/games_d4b7dd9f1e/5.jpg"", ""/content/drive/MyDrive/olx_gamesentertainment_dataset/images/games_d4b7dd9f1e/6.jpg"", ""/content/drive/MyDrive/olx_gamesentertainment_dataset/images/games_d4b7dd9f1e/7.jpg"", ""/content/drive/MyDrive/olx_gamesentertainment_dataset/images/games_d4b7dd9f1e/8.jpg"", ""/content/drive/MyDrive/olx_gamesentertainment_dataset/images/games_d4b7dd9f1e/9.jpg"", ""/content/drive/MyDrive/olx_gamesentertainment_dataset/images/games_d4b7dd9f1e/10.jpg"", ""/content/drive/MyDrive/olx_gamesentertainment_dataset/images/games_d4b7dd9f1e/11.jpg"", ""/content/drive/MyDrive/olx_gamesentertainment_dataset/images/games_d4b7dd9f1e/12.jpg"", ""/content/drive/MyDrive/olx_gamesentertainment_dataset/images/games_d4b7dd9f1e/13.jpg"", ""/content/drive/MyDrive/olx_gamesentertainment_dataset/images/games_d4b7dd9f1e/14.jpg""]",14,2025-12-08 06:13:57.240422
games_763ad860e0,https://www.olx.in/item/games-entertainment-c93-ps5-brand-new-only-1-month-use-with-warranty-in-namani-gaon-no-1-rangapara-iid-1828597544,PS5 BRAND NEW ONLY 1 month use with warranty,"BRAND NEW PS5 console with nba2k26 game free . Selling becoz of money problem not a single problem. Brand new only 1month of use, Brought from flipkart and warranty available 1 year. - Games & Entertainment",48000,"[""/content/drive/MyDrive/olx_gamesentertainment_dataset/images/games_763ad860e0/1.jpg"", ""/content/drive/MyDrive/olx_gamesentertainment_dataset/images/games_763ad860e0/2.jpg"", ""/content/drive/MyDrive/olx_gamesentertainment_dataset/images/games_763ad860e0/3.jpg"", ""/content/drive/MyDrive/olx_gamesentertainment_dataset/images/games_763ad860e0/4.jpg"", ""/content/drive/MyDrive/olx_gamesentertainment_dataset/images/games_763ad860e0/5.jpg"", ""/content/drive/MyDrive/olx_gamesentertainment_dataset/images/games_763ad860e0/6.jpg"", ""/content/drive/MyDrive/olx_gamesentertainment_dataset/images/games_763ad860e0/7.jpg"", ""/content/drive/MyDrive/olx_gamesentertainment_dataset/images/games_763ad860e0/8.jpg"", ""/content/drive/MyDrive/olx_gamesentertainment_dataset/images/games_763ad860e0/9.jpg"", ""/content/drive/MyDrive/olx_gamesentertainment_dataset/images/games_763ad860e0/10.jpg"", ""/content/drive/MyDrive/olx_gamesentertainment_dataset/images/games_763ad860e0/11.jpg"", ""/content/drive/MyDrive/olx_gamesentertainment_dataset/images/games_763ad860e0/12.jpg"", ""/content/drive/MyDrive/olx_gamesentertainment_dataset/images/games_763ad860e0/13.jpg"", ""/content/drive/MyDrive/olx_gamesentertainment_dataset/images/games_763ad860e0/14.jpg""]",14,2025-12-08 06:14:08.132869
games_0fe2bc05b4,https://www.olx.in/item/games-entertainment-c93-sony-psp-3004-playstation-console-without-battery-in-madivala-bengaluru-iid-1828592708,Sony PSP 3004 playstation console without battery,"Hi all, I have a Sony PSP 3004 playstation console without battery for sale. It worked well just that battery got bluged hence has to dispose the battery and could not afford one. I have uploaded games in 2gb card giving away along with it. Hence selling as it is. Gamers who's interested can ping me giving away for 2500. It's original sony PSP check online for price. Also looking to exchange on any android phones aswell. Grab it before it goes. I only have console no accessories. - Games & Entertainment",2500,"[""/content/drive/MyDrive/olx_gamesentertainment_dataset/images/games_0fe2bc05b4/1.jpg"", ""/content/drive/MyDrive/olx_gamesentertainment_dataset/images/games_0fe2bc05b4/2.jpg"", ""/content/drive/MyDrive/olx_gamesentertainment_dataset/images/games_0fe2bc05b4/3.jpg"", ""/content/drive/MyDrive/olx_gamesentertainment_dataset/images/games_0fe2bc05b4/4.jpg"", ""/content/drive/MyDrive/olx_gamesentertainment_dataset/images/games_0fe2bc05b4/5.jpg"", ""/content/drive/MyDrive/olx_gamesentertainment_dataset/images/games_0fe2bc05b4/6.jpg"", ""/content/drive/MyDrive/olx_gamesentertainment_dataset/images/games_0fe2bc05b4/7.jpg"", ""/content/drive/MyDrive/olx_gamesentertainment_dataset/images/games_0fe2bc05b4/8.jpg"", ""/content/drive/MyDrive/olx_gamesentertainment_dataset/images/games_0fe2bc05b4/9.jpg"", ""/content/drive/MyDrive/olx_gamesentertainment_dataset/images/games_0fe2bc05b4/10.jpg"", ""/content/drive/MyDrive/olx_gamesentertainment_dataset/images/games_0fe2bc05b4/11.jpg"", ""/content/drive/MyDrive/olx_gamesentertainment_dataset/images/games_0fe2bc05b4/12.jpg"", ""/content/drive/MyDrive/olx_gamesentertainment_dataset/images/games_0fe2bc05b4/13.jpg"", ""/content/drive/MyDrive/olx_gamesentertainment_dataset/images/games_0fe2bc05b4/14.jpg""]",14,2025-12-08 06:14:16.665195
games_231f2ca89f,https://www.olx.in/item/games-entertainment-c93-red-dead-redemption-2-ps4-ps5-game-in-whitefield-bengaluru-iid-1827114182,RED DEAD REDEMPTION 2 PS4 & PS5 GAME,RED DEAD REDEMPTION 2 PS4 & PS5 AVAILABLE IN RENTAL AND PERMANENT OPTIONS. - Games & Entertainment,500,"[""/content/drive/MyDrive/olx_gamesentertainment_dataset/images/games_231f2ca89f/1.jpg"", ""/content/drive/MyDrive/olx_gamesentertainment_dataset/images/games_231f2ca89f/2.jpg"", ""/content/drive/MyDrive/olx_gamesentertainment_dataset/images/games_231f2ca89f/3.jpg"", ""/content/drive/MyDrive/olx_gamesentertainment_dataset/images/games_231f2ca89f/4.jpg"", ""/content/drive/MyDrive/olx_gamesentertainment_dataset/images/games_231f2ca89f/5.jpg"", ""/content/drive/MyDrive/olx_gamesentertainment_dataset/images/games_231f2ca89f/6.jpg"", ""/content/drive/MyDrive/olx_gamesentertainment_dataset/images/games_231f2ca89f/7.jpg"", ""/content/drive/MyDrive/olx_gamesentertainment_dataset/images/games_231f2ca89f/8.jpg"", ""/content/drive/MyDrive/olx_gamesentertainment_dataset/images/games_231f2ca89f/9.jpg"", ""/content/drive/MyDrive/olx_gamesentertainment_dataset/images/games_231f2ca89f/10.jpg"", ""/content/drive/MyDrive/olx_gamesentertainment_dataset/images/games_231f2ca89f/11.jpg"", ""/content/drive/MyDrive/olx_gamesentertainment_dataset/images/games_231f2ca89f/12.jpg"", ""/content/drive/MyDrive/olx_gamesentertainment_dataset/images/games_231f2ca89f/13.jpg"", ""/content/drive/MyDrive/olx_gamesentertainment_dataset/images/games_231f2ca89f/14.jpg"", ""/content/drive/MyDrive/olx_gamesentertainment_dataset/images/games_231f2ca89f/15.jpg"", ""/content/drive/MyDrive/olx_gamesentertainment_dataset/images/games_231f2ca89f/16.jpg""]",16,2025-12-08 06:14:26.988193
games_8def160d2e,https://www.olx.in/item/games-entertainment-c93-motorola-gamepad-in-laxmipura-bhilwara-iid-1828590206,Motorola gamepad,"Best selling gamepad on Flipkart We play- ff,pubg,call of duty,etc - Games & Entertainment",600,"[""/content/drive/MyDrive/olx_gamesentertainment_dataset/images/games_8def160d2e/1.jpg"", ""/content/drive/MyDrive/olx_gamesentertainment_dataset/images/games_8def160d2e/2.jpg"", ""/content/drive/MyDrive/olx_gamesentertainment_dataset/images/games_8def160d2e/3.jpg"", ""/content/drive/MyDrive/olx_gamesentertainment_dataset/images/games_8def160d2e/4.jpg"", ""/content/drive/MyDrive/olx_gamesentertainment_dataset/images/games_8def160d2e/5.jpg"", ""/content/drive/MyDrive/olx_gamesentertainment_dataset/images/games_8def160d2e/6.jpg"", ""/content/drive/MyDrive/olx_gamesentertainment_dataset/images/games_8def160d2e/7.jpg"", ""/content/drive/MyDrive/olx_gamesentertainment_dataset/images/games_8def160d2e/8.jpg"", ""/content/drive/MyDrive/olx_gamesentertainment_dataset/images/games_8def160d2e/9.jpg"", ""/content/drive/MyDrive/olx_gamesentertainment_dataset/images/games_8def160d2e/10.jpg"", ""/content/drive/MyDrive/olx_gamesentertainment_dataset/images/games_8def160d2e/11.jpg"", ""/content/drive/MyDrive/olx_gamesentertainment_dataset/images/games_8def160d2e/12.jpg"", ""/content/drive/MyDrive/olx_gamesentertainment_dataset/images/games_8def160d2e/13.jpg"", ""/content/drive/MyDrive/olx_gamesentertainment_dataset/images/games_8def160d2e/14.jpg""]",14,2025-12-08 06:14:38.367613
games_e524b1558a,https://www.olx.in/item/games-entertainment-c93-ps4-game-cd-gowr-rs1800-gta5-rs1200-last-of-us-remastered-rs800-in-peravallur-agaram-colony-chennai-iid-1828376843,"PS4 GAME CD- GOWR -Rs1800, GTA5- Rs1200, Last of us Remastered-Rs800",God of war Ragnarok- 1800 Gta 5 - 1200 Last of us Remastered - 800 - Games & Entertainment,1800,"[""/content/drive/MyDrive/olx_gamesentertainment_dataset/images/games_e524b1558a/1.jpg"", ""/content/drive/MyDrive/olx_gamesentertainment_dataset/images/games_e524b1558a/2.jpg"", ""/content/drive/MyDrive/olx_gamesentertainment_dataset/images/games_e524b1558a/3.jpg"", ""/content/drive/MyDrive/olx_gamesentertainment_dataset/images/games_e524b1558a/4.jpg"", ""/content/drive/MyDrive/olx_gamesentertainment_dataset/images/games_e524b1558a/5.jpg"", ""/content/drive/MyDrive/olx_gamesentertainment_dataset/images/games_e524b1558a/6.jpg"", ""/content/drive/MyDrive/olx_gamesentertainment_dataset/images/games_e524b1558a/7.jpg"", ""/content/drive/MyDrive/olx_gamesentertainment_dataset/images/games_e524b1558a/8.jpg"", ""/content/drive/MyDrive/olx_gamesentertainment_dataset/images/games_e524b1558a/9.jpg"", ""/content/drive/MyDrive/olx_gamesentertainment_dataset/images/games_e524b1558a/10.jpg"", ""/content/drive/MyDrive/olx_gamesentertainment_dataset/images/games_e524b1558a/11.jpg"", ""/content/drive/MyDrive/olx_gamesentertainment_dataset/images/games_e524b1558a/12.jpg"", ""/content/drive/MyDrive/olx_gamesentertainment_dataset/images/games_e524b1558a/13.jpg"", ""/content/drive/MyDrive/olx_gamesentertainment_dataset/images/games_e524b1558a/14.jpg""]",14,2025-12-08 06:14:48.447498
games_dc12e766c4,https://www.olx.in/item/games-entertainment-c93-playstation-4-ps4-in-sai-teja-enclave-rajahmundry-iid-1819636817,PlayStation 4 ps4,Very gently used ps4 One single controller Bought on 2021 Software version 12.0 - Games & Entertainment,26000,"[""/content/drive/MyDrive/olx_gamesentertainment_dataset/images/games_dc12e766c4/1.jpg"", ""/content/drive/MyDrive/olx_gamesentertainment_dataset/images/games_dc12e766c4/2.jpg"", ""/content/drive/MyDrive/olx_gamesentertainment_dataset/images/games_dc12e766c4/3.jpg"", ""/content/drive/MyDrive/olx_gamesentertainment_dataset/images/games_dc12e766c4/4.jpg"", ""/content/drive/MyDrive/olx_gamesentertainment_dataset/images/games_dc12e766c4/5.jpg"", ""/content/drive/MyDrive/olx_gamesentertainment_dataset/images/games_dc12e766c4/6.jpg"", ""/content/drive/MyDrive/olx_gamesentertainment_dataset/images/games_dc12e766c4/7.jpg"", ""/content/drive/MyDrive/olx_gamesentertainment_dataset/images/games_dc12e766c4/8.jpg"", ""/content/drive/MyDrive/olx_gamesentertainment_dataset/images/games_dc12e766c4/9.jpg"", ""/content/drive/MyDrive/olx_gamesentertainment_dataset/images/games_dc12e766c4/10.jpg"", ""/content/drive/MyDrive/olx_gamesentertainment_dataset/images/games_dc12e766c4/11.jpg"", ""/content/drive/MyDrive/olx_gamesentertainment_dataset/images/games_dc12e766c4/12.jpg"", ""/content/drive/MyDrive/olx_gamesentertainment_dataset/images/games_dc12e766c4/13.jpg"", ""/content/drive/MyDrive/olx_gamesentertainment_dataset/images/games_dc12e766c4/14.jpg""]",14,2025-12-08 06:14:58.292015
games_09575fd8e8,https://www.olx.in/item/games-entertainment-c93-slim-ps4-with-games-best-price-golf-course-extension-road-in-dhumaspur-86-gurgaon-iid-1825826297,Slim Ps4 with Games best price golf course extension road,PS4 with 4 game CDs and one remote - Games & Entertainment,26500,"[""/content/drive/MyDrive/olx_gamesentertainment_dataset/images/games_09575fd8e8/1.jpg"", ""/content/drive/MyDrive/olx_gamesentertainment_dataset/images/games_09575fd8e8/2.jpg"", ""/content/drive/MyDrive/olx_gamesentertainment_dataset/images/games_09575fd8e8/3.jpg"", ""/content/drive/MyDrive/olx_gamesentertainment_dataset/images/games_09575fd8e8/4.jpg"", ""/content/drive/MyDrive/olx_gamesentertainment_dataset/images/games_09575fd8e8/5.jpg"", ""/content/drive/MyDrive/olx_gamesentertainment_dataset/images/games_09575fd8e8/6.jpg"", ""/content/drive/MyDrive/olx_gamesentertainment_dataset/images/games_09575fd8e8/7.jpg"", ""/content/drive/MyDrive/olx_gamesentertainment_dataset/images/games_09575fd8e8/8.jpg"", ""/content/drive/MyDrive/olx_gamesentertainment_dataset/images/games_09575fd8e8/9.jpg"", ""/content/drive/MyDrive/olx_gamesentertainment_dataset/images/games_09575fd8e8/10.jpg"", ""/content/drive/MyDrive/olx_gamesentertainment_dataset/images/games_09575fd8e8/11.jpg"", ""/content/drive/MyDrive/olx_gamesentertainment_dataset/images/games_09575fd8e8/12.jpg"", ""/content/drive/MyDrive/olx_gamesentertainment_dataset/images/games_09575fd8e8/13.jpg"", ""/content/drive/MyDrive/olx_gamesentertainment_dataset/images/games_09575fd8e8/14.jpg""]",14,2025-12-08 06:15:14.189100
games_f6b6c115e3,https://www.olx.in/item/games-entertainment-c93-ps5-with-extra-controller-black-colour-in-dhakran-choraha-agra-iid-1827539470,PS5 with extra controller black colour,Brand new purchased 19/nov/2025 1+2 year warranty Extra controller black colour GTA5 disc - Games & Entertainment,65000,"[""/content/drive/MyDrive/olx_gamesentertainment_dataset/images/games_f6b6c115e3/1.jpg"", ""/content/drive/MyDrive/olx_gamesentertainment_dataset/images/games_f6b6c115e3/2.jpg"", ""/content/drive/MyDrive/olx_gamesentertainment_dataset/images/games_f6b6c115e3/3.jpg"", ""/content/drive/MyDrive/olx_gamesentertainment_dataset/images/games_f6b6c115e3/4.jpg"", ""/content/drive/MyDrive/olx_gamesentertainment_dataset/images/games_f6b6c115e3/5.jpg"", ""/content/drive/MyDrive/olx_gamesentertainment_dataset/images/games_f6b6c115e3/6.jpg"", ""/content/drive/MyDrive/olx_gamesentertainment_dataset/images/games_f6b6c115e3/7.jpg"", ""/content/drive/MyDrive/olx_gamesentertainment_dataset/images/games_f6b6c115e3/8.jpg"", ""/content/drive/MyDrive/olx_gamesentertainment_dataset/images/games_f6b6c115e3/9.jpg"", ""/content/drive/MyDrive/olx_gamesentertainment_dataset/images/games_f6b6c115e3/10.jpg"", ""/content/drive/MyDrive/olx_gamesentertainment_dataset/images/games_f6b6c115e3/11.jpg"", ""/content/drive/MyDrive/olx_gamesentertainment_dataset/images/games_f6b6c115e3/12.jpg"", ""/content/drive/MyDrive/olx_gamesentertainment_dataset/images/games_f6b6c115e3/13.jpg"", ""/content/drive/MyDrive/olx_gamesentertainment_dataset/images/games_f6b6c115e3/14.jpg""]",14,2025-12-08 06:15:25.373529
games_6eaffc2eb3,https://www.olx.in/item/games-entertainment-c93-playstation-5-s3aled-and-used-in-marathahalli-bengaluru-iid-1751951804,Playstation 5 s3aled and used,All types of ps5 available used and new Used starts from 40000 - Games & Entertainment,35000,"[""/content/drive/MyDrive/olx_gamesentertainment_dataset/images/games_6eaffc2eb3/1.jpg"", ""/content/drive/MyDrive/olx_gamesentertainment_dataset/images/games_6eaffc2eb3/2.jpg"", ""/content/drive/MyDrive/olx_gamesentertainment_dataset/images/games_6eaffc2eb3/3.jpg"", ""/content/drive/MyDrive/olx_gamesentertainment_dataset/images/games_6eaffc2eb3/4.jpg"", ""/content/drive/MyDrive/olx_gamesentertainment_dataset/images/games_6eaffc2eb3/5.jpg"", ""/content/drive/MyDrive/olx_gamesentertainment_dataset/images/games_6eaffc2eb3/6.jpg"", ""/content/drive/MyDrive/olx_gamesentertainment_dataset/images/games_6eaffc2eb3/7.jpg"", ""/content/drive/MyDrive/olx_gamesentertainment_dataset/images/games_6eaffc2eb3/8.jpg"", ""/content/drive/MyDrive/olx_gamesentertainment_dataset/images/games_6eaffc2eb3/9.jpg"", ""/content/drive/MyDrive/olx_gamesentertainment_dataset/images/games_6eaffc2eb3/10.jpg"", ""/content/drive/MyDrive/olx_gamesentertainment_dataset/images/games_6eaffc2eb3/11.jpg"", ""/content/drive/MyDrive/olx_gamesentertainment_dataset/images/games_6eaffc2eb3/12.jpg"", ""/content/drive/MyDrive/olx_gamesentertainment_dataset/images/games_6eaffc2eb3/13.jpg"", ""/content/drive/MyDrive/olx_gamesentertainment_dataset/images/games_6eaffc2eb3/14.jpg""]",14,2025-12-08 06:15:35.522612
games_4f68a051a1,https://www.olx.in/item/games-entertainment-c93-xbox-one-1tb-disk-edition-in-manikonda-hyderabad-iid-1827940948,Xbox one 1TB Disk edition,Xbox one 1TB Disk edition with 2 controllers with car steering wheel one game cd. - Games & Entertainment,38000,"[""/content/drive/MyDrive/olx_gamesentertainment_dataset/images/games_4f68a051a1/1.jpg"", ""/content/drive/MyDrive/olx_gamesentertainment_dataset/images/games_4f68a051a1/2.jpg"", ""/content/drive/MyDrive/olx_gamesentertainment_dataset/images/games_4f68a051a1/3.jpg"", ""/content/drive/MyDrive/olx_gamesentertainment_dataset/images/games_4f68a051a1/4.jpg"", ""/content/drive/MyDrive/olx_gamesentertainment_dataset/images/games_4f68a051a1/5.jpg"", ""/content/drive/MyDrive/olx_gamesentertainment_dataset/images/games_4f68a051a1/6.jpg"", ""/content/drive/MyDrive/olx_gamesentertainment_dataset/images/games_4f68a051a1/7.jpg"", ""/content/drive/MyDrive/olx_gamesentertainment_dataset/images/games_4f68a051a1/8.jpg"", ""/content/drive/MyDrive/olx_gamesentertainment_dataset/images/games_4f68a051a1/9.jpg"", ""/content/drive/MyDrive/olx_gamesentertainment_dataset/images/games_4f68a051a1/10.jpg"", ""/content/drive/MyDrive/olx_gamesentertainment_dataset/images/games_4f68a051a1/11.jpg"", ""/content/drive/MyDrive/olx_gamesentertainment_dataset/images/games_4f68a051a1/12.jpg"", ""/content/drive/MyDrive/olx_gamesentertainment_dataset/images/games_4f68a051a1/13.jpg"", ""/content/drive/MyDrive/olx_gamesentertainment_dataset/images/games_4f68a051a1/14.jpg""]",14,2025-12-08 06:15:44.918370
games_48ebc26739,https://www.olx.in/item/games-entertainment-c93-fc-26-ps4-ps5-game-in-saravanampatti-coimbatore-iid-1827114364,FC 26 PS4 & PS5 GAME,FC 26 PS4 & PS5 GAME - Games & Entertainment,1499,"[""/content/drive/MyDrive/olx_gamesentertainment_dataset/images/games_48ebc26739/1.jpg"", ""/content/drive/MyDrive/olx_gamesentertainment_dataset/images/games_48ebc26739/2.jpg"", ""/content/drive/MyDrive/olx_gamesentertainment_dataset/images/games_48ebc26739/3.jpg"", ""/content/drive/MyDrive/olx_gamesentertainment_dataset/images/games_48ebc26739/4.jpg"", ""/content/drive/MyDrive/olx_gamesentertainment_dataset/images/games_48ebc26739/5.jpg"", ""/content/drive/MyDrive/olx_gamesentertainment_dataset/images/games_48ebc26739/6.jpg"", ""/content/drive/MyDrive/olx_gamesentertainment_dataset/images/games_48ebc26739/7.jpg"", ""/content/drive/MyDrive/olx_gamesentertainment_dataset/images/games_48ebc26739/8.jpg"", ""/content/drive/MyDrive/olx_gamesentertainment_dataset/images/games_48ebc26739/9.jpg"", ""/content/drive/MyDrive/olx_gamesentertainment_dataset/images/games_48ebc26739/10.jpg"", ""/content/drive/MyDrive/olx_gamesentertainment_dataset/images/games_48ebc26739/11.jpg"", ""/content/drive/MyDrive/olx_gamesentertainment_dataset/images/games_48ebc26739/12.jpg"", ""/content/drive/MyDrive/olx_gamesentertainment_dataset/images/games_48ebc26739/13.jpg"", ""/content/drive/MyDrive/olx_gamesentertainment_dataset/images/games_48ebc26739/14.jpg"", ""/content/drive/MyDrive/olx_gamesentertainment_dataset/images/games_48ebc26739/15.jpg"", ""/content/drive/MyDrive/olx_gamesentertainment_dataset/images/games_48ebc26739/16.jpg""]",16,2025-12-08 06:15:55.651301
games_0022dd26c9,https://www.olx.in/item/games-entertainment-c93-lg-24inch-full-hd-60hz-monitor-in-tolichowki-hyderabad-iid-1827075538,LG 24inch Full Hd 60hz monitor,Full hd 24inch monitor 1year used full working condition 2year warranty remaining with bill - Games & Entertainment,6000,"[""/content/drive/MyDrive/olx_gamesentertainment_dataset/images/games_0022dd26c9/1.jpg"", ""/content/drive/MyDrive/olx_gamesentertainment_dataset/images/games_0022dd26c9/2.jpg"", ""/content/drive/MyDrive/olx_gamesentertainment_dataset/images/games_0022dd26c9/3.jpg"", ""/content/drive/MyDrive/olx_gamesentertainment_dataset/images/games_0022dd26c9/4.jpg"", ""/content/drive/MyDrive/olx_gamesentertainment_dataset/images/games_0022dd26c9/5.jpg"", ""/content/drive/MyDrive/olx_gamesentertainment_dataset/images/games_0022dd26c9/6.jpg"", ""/content/drive/MyDrive/olx_gamesentertainment_dataset/images/games_0022dd26c9/7.jpg"", ""/content/drive/MyDrive/olx_gamesentertainment_dataset/images/games_0022dd26c9/8.jpg"", ""/content/drive/MyDrive/olx_gamesentertainment_dataset/images/games_0022dd26c9/9.jpg"", ""/content/drive/MyDrive/olx_gamesentertainment_dataset/images/games_0022dd26c9/10.jpg"", ""/content/drive/MyDrive/olx_gamesentertainment_dataset/images/games_0022dd26c9/11.jpg"", ""/content/drive/MyDrive/olx_gamesentertainment_dataset/images/games_0022dd26c9/12.jpg"", ""/content/drive/MyDrive/olx_gamesentertainment_dataset/images/games_0022dd26c9/13.jpg"", ""/content/drive/MyDrive/olx_gamesentertainment_dataset/images/games_0022dd26c9/14.jpg""]",14,2025-12-08 06:16:06.024306
games_3c1b779d8f,https://www.olx.in/item/games-entertainment-c93-evofox-elite-x-controller-in-harphool-colony-ladrawan-iid-1828593195,Evofox elite x controller,Wired controller Xbox layout Wired Macro buttons Transparent design - Games & Entertainment,700,"[""/content/drive/MyDrive/olx_gamesentertainment_dataset/images/games_3c1b779d8f/1.jpg"", ""/content/drive/MyDrive/olx_gamesentertainment_dataset/images/games_3c1b779d8f/2.jpg"", ""/content/drive/MyDrive/olx_gamesentertainment_dataset/images/games_3c1b779d8f/3.jpg"", ""/content/drive/MyDrive/olx_gamesentertainment_dataset/images/games_3c1b779d8f/4.jpg"", ""/content/drive/MyDrive/olx_gamesentertainment_dataset/images/games_3c1b779d8f/5.jpg"", ""/content/drive/MyDrive/olx_gamesentertainment_dataset/images/games_3c1b779d8f/6.jpg"", ""/content/drive/MyDrive/olx_gamesentertainment_dataset/images/games_3c1b779d8f/7.jpg"", ""/content/drive/MyDrive/olx_gamesentertainment_dataset/images/games_3c1b779d8f/8.jpg"", ""/content/drive/MyDrive/olx_gamesentertainment_dataset/images/games_3c1b779d8f/9.jpg"", ""/content/drive/MyDrive/olx_gamesentertainment_dataset/images/games_3c1b779d8f/10.jpg"", ""/content/drive/MyDrive/olx_gamesentertainment_dataset/images/games_3c1b779d8f/11.jpg"", ""/content/drive/MyDrive/olx_gamesentertainment_dataset/images/games_3c1b779d8f/12.jpg"", ""/content/drive/MyDrive/olx_gamesentertainment_dataset/images/games_3c1b779d8f/13.jpg"", ""/content/drive/MyDrive/olx_gamesentertainment_dataset/images/games_3c1b779d8f/14.jpg""]",14,2025-12-08 06:16:16.528947
games_9be8d1fcba,https://www.olx.in/item/games-entertainment-c93-cricket-26-ps4-ps5-game-in-adambakkam-chennai-iid-1827114800,CRICKET 26 PS4 & PS5 GAME,CRICKET 26 PS4 & PS5 GAME AVAILABLE IN RENT AND PERMANENT OPTION - Games & Entertainment,1999,"[""/content/drive/MyDrive/olx_gamesentertainment_dataset/images/games_9be8d1fcba/1.jpg"", ""/content/drive/MyDrive/olx_gamesentertainment_dataset/images/games_9be8d1fcba/2.jpg"", ""/content/drive/MyDrive/olx_gamesentertainment_dataset/images/games_9be8d1fcba/3.jpg"", ""/content/drive/MyDrive/olx_gamesentertainment_dataset/images/games_9be8d1fcba/4.jpg"", ""/content/drive/MyDrive/olx_gamesentertainment_dataset/images/games_9be8d1fcba/5.jpg"", ""/content/drive/MyDrive/olx_gamesentertainment_dataset/images/games_9be8d1fcba/6.jpg"", ""/content/drive/MyDrive/olx_gamesentertainment_dataset/images/games_9be8d1fcba/7.jpg"", ""/content/drive/MyDrive/olx_gamesentertainment_dataset/images/games_9be8d1fcba/8.jpg"", ""/content/drive/MyDrive/olx_gamesentertainment_dataset/images/games_9be8d1fcba/9.jpg"", ""/content/drive/MyDrive/olx_gamesentertainment_dataset/images/games_9be8d1fcba/10.jpg"", ""/content/drive/MyDrive/olx_gamesentertainment_dataset/images/games_9be8d1fcba/11.jpg"", ""/content/drive/MyDrive/olx_gamesentertainment_dataset/images/games_9be8d1fcba/12.jpg"", ""/content/drive/MyDrive/olx_gamesentertainment_dataset/images/games_9be8d1fcba/13.jpg"", ""/content/drive/MyDrive/olx_gamesentertainment_dataset/images/games_9be8d1fcba/14.jpg"", ""/content/drive/MyDrive/olx_gamesentertainment_dataset/images/games_9be8d1fcba/15.jpg"", ""/content/drive/MyDrive/olx_gamesentertainment_dataset/images/games_9be8d1fcba/16.jpg""]",16,2025-12-08 06:16:27.600588
games_5a97fe0f25,https://www.olx.in/item/games-entertainment-c93-meta-quest-3-available-in-sanjeevi-nagar-tiruchirappalli-iid-1828591296,Meta quest 3 available.,Meta quest 3 available... Meta quest 3 512gb 7days used=45000rupees. Meta quest 3 512gb 1year old=38000rupees. BARGAINERS STAY AWAY. - Games & Entertainment,46000,"[""/content/drive/MyDrive/olx_gamesentertainment_dataset/images/games_5a97fe0f25/1.jpg"", ""/content/drive/MyDrive/olx_gamesentertainment_dataset/images/games_5a97fe0f25/2.jpg"", ""/content/drive/MyDrive/olx_gamesentertainment_dataset/images/games_5a97fe0f25/3.jpg"", ""/content/drive/MyDrive/olx_gamesentertainment_dataset/images/games_5a97fe0f25/4.jpg"", ""/content/drive/MyDrive/olx_gamesentertainment_dataset/images/games_5a97fe0f25/5.jpg"", ""/content/drive/MyDrive/olx_gamesentertainment_dataset/images/games_5a97fe0f25/6.jpg"", ""/content/drive/MyDrive/olx_gamesentertainment_dataset/images/games_5a97fe0f25/7.jpg"", ""/content/drive/MyDrive/olx_gamesentertainment_dataset/images/games_5a97fe0f25/8.jpg"", ""/content/drive/MyDrive/olx_gamesentertainment_dataset/images/games_5a97fe0f25/9.jpg"", ""/content/drive/MyDrive/olx_gamesentertainment_dataset/images/games_5a97fe0f25/10.jpg"", ""/content/drive/MyDrive/olx_gamesentertainment_dataset/images/games_5a97fe0f25/11.jpg"", ""/content/drive/MyDrive/olx_gamesentertainment_dataset/images/games_5a97fe0f25/12.jpg"", ""/content/drive/MyDrive/olx_gamesentertainment_dataset/images/games_5a97fe0f25/13.jpg"", ""/content/drive/MyDrive/olx_gamesentertainment_dataset/images/games_5a97fe0f25/14.jpg""]",14,2025-12-08 06:16:35.562985
games_7715e8ca05,https://www.olx.in/item/games-entertainment-c93-arcnet-vr-game-headset-like-new-conditioncomplete-set-with-joystick-in-nilamber-circle-vadodara-iid-1828590566,ARCNET VR Game Headset – Like New ConditionComplete Set with joystick,"Selling my ARCNET VR Game Headset in excillent working condition. Used a very carefully and kept in a clean, smoke free environment. Perfect forbwatching 360 videos, virtual reality movies, gaming and 4D experiences. Model: ARCNET Condition : Very good / like new Comfort: Adjustable head strip and soft padding Reason for selling: Not in use Accessories: Original box, user manual, Joy stick remote, type C cable - Games & Entertainment",4500,"[""/content/drive/MyDrive/olx_gamesentertainment_dataset/images/games_7715e8ca05/1.jpg"", ""/content/drive/MyDrive/olx_gamesentertainment_dataset/images/games_7715e8ca05/2.jpg"", ""/content/drive/MyDrive/olx_gamesentertainment_dataset/images/games_7715e8ca05/3.jpg"", ""/content/drive/MyDrive/olx_gamesentertainment_dataset/images/games_7715e8ca05/4.jpg"", ""/content/drive/MyDrive/olx_gamesentertainment_dataset/images/games_7715e8ca05/5.jpg"", ""/content/drive/MyDrive/olx_gamesentertainment_dataset/images/games_7715e8ca05/6.jpg"", ""/content/drive/MyDrive/olx_gamesentertainment_dataset/images/games_7715e8ca05/7.jpg"", ""/content/drive/MyDrive/olx_gamesentertainment_dataset/images/games_7715e8ca05/8.jpg"", ""/content/drive/MyDrive/olx_gamesentertainment_dataset/images/games_7715e8ca05/9.jpg"", ""/content/drive/MyDrive/olx_gamesentertainment_dataset/images/games_7715e8ca05/10.jpg"", ""/content/drive/MyDrive/olx_gamesentertainment_dataset/images/games_7715e8ca05/11.jpg"", ""/content/drive/MyDrive/olx_gamesentertainment_dataset/images/games_7715e8ca05/12.jpg"", ""/content/drive/MyDrive/olx_gamesentertainment_dataset/images/games_7715e8ca05/13.jpg"", ""/content/drive/MyDrive/olx_gamesentertainment_dataset/images/games_7715e8ca05/14.jpg""]",14,2025-12-08 06:16:44.317971
games_1a220c3585,https://www.olx.in/item/games-entertainment-c93-playstation-2-with1controller-or-2game-in-narayan-vihar-dehradun-iid-1828594807,PlayStation 2 with1controller or 2game,PlayStation 2 with1controller or 2game - Games & Entertainment,4250,"[""/content/drive/MyDrive/olx_gamesentertainment_dataset/images/games_1a220c3585/1.jpg"", ""/content/drive/MyDrive/olx_gamesentertainment_dataset/images/games_1a220c3585/2.jpg"", ""/content/drive/MyDrive/olx_gamesentertainment_dataset/images/games_1a220c3585/3.jpg"", ""/content/drive/MyDrive/olx_gamesentertainment_dataset/images/games_1a220c3585/4.jpg"", ""/content/drive/MyDrive/olx_gamesentertainment_dataset/images/games_1a220c3585/5.jpg"", ""/content/drive/MyDrive/olx_gamesentertainment_dataset/images/games_1a220c3585/6.jpg"", ""/content/drive/MyDrive/olx_gamesentertainment_dataset/images/games_1a220c3585/7.jpg"", ""/content/drive/MyDrive/olx_gamesentertainment_dataset/images/games_1a220c3585/8.jpg"", ""/content/drive/MyDrive/olx_gamesentertainment_dataset/images/games_1a220c3585/9.jpg"", ""/content/drive/MyDrive/olx_gamesentertainment_dataset/images/games_1a220c3585/10.jpg"", ""/content/drive/MyDrive/olx_gamesentertainment_dataset/images/games_1a220c3585/11.jpg"", ""/content/drive/MyDrive/olx_gamesentertainment_dataset/images/games_1a220c3585/12.jpg"", ""/content/drive/MyDrive/olx_gamesentertainment_dataset/images/games_1a220c3585/13.jpg"", ""/content/drive/MyDrive/olx_gamesentertainment_dataset/images/games_1a220c3585/14.jpg""]",14,2025-12-08 06:16:55.162515
games_73a5e1e179,https://www.olx.in/item/games-entertainment-c93-ghost-of-tsushima-ps4-ps5-game-in-adambakkam-chennai-iid-1824775108,GHOST OF TSUSHIMA PS4 & PS5 GAME,GHOST OF TSUSHIMA PS4 & PS5 GAME available for rent also - Games & Entertainment,500,"[""/content/drive/MyDrive/olx_gamesentertainment_dataset/images/games_73a5e1e179/1.jpg"", ""/content/drive/MyDrive/olx_gamesentertainment_dataset/images/games_73a5e1e179/2.jpg"", ""/content/drive/MyDrive/olx_gamesentertainment_dataset/images/games_73a5e1e179/3.jpg"", ""/content/drive/MyDrive/olx_gamesentertainment_dataset/images/games_73a5e1e179/4.jpg"", ""/content/drive/MyDrive/olx_gamesentertainment_dataset/images/games_73a5e1e179/5.jpg"", ""/content/drive/MyDrive/olx_gamesentertainment_dataset/images/games_73a5e1e179/6.jpg"", ""/content/drive/MyDrive/olx_gamesentertainment_dataset/images/games_73a5e1e179/7.jpg"", ""/content/drive/MyDrive/olx_gamesentertainment_dataset/images/games_73a5e1e179/8.jpg"", ""/content/drive/MyDrive/olx_gamesentertainment_dataset/images/games_73a5e1e179/9.jpg"", ""/content/drive/MyDrive/olx_gamesentertainment_dataset/images/games_73a5e1e179/10.jpg"", ""/content/drive/MyDrive/olx_gamesentertainment_dataset/images/games_73a5e1e179/11.jpg"", ""/content/drive/MyDrive/olx_gamesentertainment_dataset/images/games_73a5e1e179/12.jpg"", ""/content/drive/MyDrive/olx_gamesentertainment_dataset/images/games_73a5e1e179/13.jpg"", ""/content/drive/MyDrive/olx_gamesentertainment_dataset/images/games_73a5e1e179/14.jpg"", ""/content/drive/MyDrive/olx_gamesentertainment_dataset/images/games_73a5e1e179/15.jpg"", ""/content/drive/MyDrive/olx_gamesentertainment_dataset/images/games_73a5e1e179/16.jpg""]",16,2025-12-08 06:17:18.538181
games_01e19b3886,https://www.olx.in/item/games-entertainment-c93-ghost-of-yotei-ps5-packed-piece-in-goregaon-west-mumbai-iid-1828197381,Ghost Of Yotei - PS5 (Packed Piece),"This is a new, unopened CD of 'Ghost of Yotei' for PS5. It's an excellent purchase for those wanting a fresh copy rather than a secondhand one. Currently, it's retailing at ₹5000. I am selling it because I received it as a birthday gift from a friend who didn't know I already purchased the digital version. Since I now have both the digital copy and the CD, I am offering this CD for ₹4000, taking a ₹1000 off the MRP. It's a good deal because it's not on sale anywhere else right now. - Games & Entertainment",5000,"[""/content/drive/MyDrive/olx_gamesentertainment_dataset/images/games_01e19b3886/1.jpg"", ""/content/drive/MyDrive/olx_gamesentertainment_dataset/images/games_01e19b3886/2.jpg"", ""/content/drive/MyDrive/olx_gamesentertainment_dataset/images/games_01e19b3886/3.jpg"", ""/content/drive/MyDrive/olx_gamesentertainment_dataset/images/games_01e19b3886/4.jpg"", ""/content/drive/MyDrive/olx_gamesentertainment_dataset/images/games_01e19b3886/5.jpg"", ""/content/drive/MyDrive/olx_gamesentertainment_dataset/images/games_01e19b3886/6.jpg"", ""/content/drive/MyDrive/olx_gamesentertainment_dataset/images/games_01e19b3886/7.jpg"", ""/content/drive/MyDrive/olx_gamesentertainment_dataset/images/games_01e19b3886/8.jpg"", ""/content/drive/MyDrive/olx_gamesentertainment_dataset/images/games_01e19b3886/9.jpg"", ""/content/drive/MyDrive/olx_gamesentertainment_dataset/images/games_01e19b3886/10.jpg"", ""/content/drive/MyDrive/olx_gamesentertainment_dataset/images/games_01e19b3886/11.jpg"", ""/content/drive/MyDrive/olx_gamesentertainment_dataset/images/games_01e19b3886/12.jpg"", ""/content/drive/MyDrive/olx_gamesentertainment_dataset/images/games_01e19b3886/13.jpg"", ""/content/drive/MyDrive/olx_gamesentertainment_dataset/images/games_01e19b3886/14.jpg""]",14,2025-12-08 06:17:31.040879
games_ce141e108a,https://www.olx.in/item/games-entertainment-c93-playstation-3-in-tokobari-satra-guwahati-iid-1796263520,Playstation 3,"Selling playstation 3 with Move controller bundle (2 move sticks, Camera) around 15 games available all Big titles including move controller games, gta v, god of war So if you buy this bundle you’re set for 5-6 years easily - Games & Entertainment",18500,"[""/content/drive/MyDrive/olx_gamesentertainment_dataset/images/games_ce141e108a/1.jpg"", ""/content/drive/MyDrive/olx_gamesentertainment_dataset/images/games_ce141e108a/2.jpg"", ""/content/drive/MyDrive/olx_gamesentertainment_dataset/images/games_ce141e108a/3.jpg"", ""/content/drive/MyDrive/olx_gamesentertainment_dataset/images/games_ce141e108a/4.jpg"", ""/content/drive/MyDrive/olx_gamesentertainment_dataset/images/games_ce141e108a/5.jpg"", ""/content/drive/MyDrive/olx_gamesentertainment_dataset/images/games_ce141e108a/6.jpg"", ""/content/drive/MyDrive/olx_gamesentertainment_dataset/images/games_ce141e108a/7.jpg"", ""/content/drive/MyDrive/olx_gamesentertainment_dataset/images/games_ce141e108a/8.jpg"", ""/content/drive/MyDrive/olx_gamesentertainment_dataset/images/games_ce141e108a/9.jpg"", ""/content/drive/MyDrive/olx_gamesentertainment_dataset/images/games_ce141e108a/10.jpg"", ""/content/drive/MyDrive/olx_gamesentertainment_dataset/images/games_ce141e108a/11.jpg"", ""/content/drive/MyDrive/olx_gamesentertainment_dataset/images/games_ce141e108a/12.jpg"", ""/content/drive/MyDrive/olx_gamesentertainment_dataset/images/games_ce141e108a/13.jpg"", ""/content/drive/MyDrive/olx_gamesentertainment_dataset/images/games_ce141e108a/14.jpg""]",14,2025-12-08 06:17:42.502269
games_1d1cf67579,https://www.olx.in/item/games-entertainment-c93-theres-a-earbuds-from-noise-company-in-chhota-kanthalia-teleni-para-iid-1828593146,There's a earbuds from noise company,If anyone had plz let me know I'm in urgent.it only 15 days condition is i didn't use that it new - Games & Entertainment,2000,"[""/content/drive/MyDrive/olx_gamesentertainment_dataset/images/games_1d1cf67579/1.jpg"", ""/content/drive/MyDrive/olx_gamesentertainment_dataset/images/games_1d1cf67579/2.jpg"", ""/content/drive/MyDrive/olx_gamesentertainment_dataset/images/games_1d1cf67579/3.jpg"", ""/content/drive/MyDrive/olx_gamesentertainment_dataset/images/games_1d1cf67579/4.jpg"", ""/content/drive/MyDrive/olx_gamesentertainment_dataset/images/games_1d1cf67579/5.jpg"", ""/content/drive/MyDrive/olx_gamesentertainment_dataset/images/games_1d1cf67579/6.jpg"", ""/content/drive/MyDrive/olx_gamesentertainment_dataset/images/games_1d1cf67579/7.jpg"", ""/content/drive/MyDrive/olx_gamesentertainment_dataset/images/games_1d1cf67579/8.jpg"", ""/content/drive/MyDrive/olx_gamesentertainment_dataset/images/games_1d1cf67579/9.jpg"", ""/content/drive/MyDrive/olx_gamesentertainment_dataset/images/games_1d1cf67579/10.jpg"", ""/content/drive/MyDrive/olx_gamesentertainment_dataset/images/games_1d1cf67579/11.jpg"", ""/content/drive/MyDrive/olx_gamesentertainment_dataset/images/games_1d1cf67579/12.jpg"", ""/content/drive/MyDrive/olx_gamesentertainment_dataset/images/games_1d1cf67579/13.jpg"", ""/content/drive/MyDrive/olx_gamesentertainment_dataset/images/games_1d1cf67579/14.jpg""]",14,2025-12-08 06:17:53.363491
games_d516870906,https://www.olx.in/item/games-entertainment-c93-quest-3-512-gb-in-geeta-colony-delhi-iid-1828592825,Quest 3 512 GB,Very less used Quest 3 512 GB available for sale - Games & Entertainment,40999,"[""/content/drive/MyDrive/olx_gamesentertainment_dataset/images/games_d516870906/1.jpg"", ""/content/drive/MyDrive/olx_gamesentertainment_dataset/images/games_d516870906/2.jpg"", ""/content/drive/MyDrive/olx_gamesentertainment_dataset/images/games_d516870906/3.jpg"", ""/content/drive/MyDrive/olx_gamesentertainment_dataset/images/games_d516870906/4.jpg"", ""/content/drive/MyDrive/olx_gamesentertainment_dataset/images/games_d516870906/5.jpg"", ""/content/drive/MyDrive/olx_gamesentertainment_dataset/images/games_d516870906/6.jpg"", ""/content/drive/MyDrive/olx_gamesentertainment_dataset/images/games_d516870906/7.jpg"", ""/content/drive/MyDrive/olx_gamesentertainment_dataset/images/games_d516870906/8.jpg"", ""/content/drive/MyDrive/olx_gamesentertainment_dataset/images/games_d516870906/9.jpg"", ""/content/drive/MyDrive/olx_gamesentertainment_dataset/images/games_d516870906/10.jpg"", ""/content/drive/MyDrive/olx_gamesentertainment_dataset/images/games_d516870906/11.jpg"", ""/content/drive/MyDrive/olx_gamesentertainment_dataset/images/games_d516870906/12.jpg"", ""/content/drive/MyDrive/olx_gamesentertainment_dataset/images/games_d516870906/13.jpg"", ""/content/drive/MyDrive/olx_gamesentertainment_dataset/images/games_d516870906/14.jpg""]",14,2025-12-08 06:18:02.365789
games_f479f2bbbc,https://www.olx.in/item/games-entertainment-c93-ps5-1t-disc-edition-in-padam-nagar-delhi-iid-1828590748,PS5 1T (DISC EDITION ),"Under 8 months warranty Barely use With 2 games (TEKKEN 8 , WWE 2K25) - Games & Entertainment",49999,"[""/content/drive/MyDrive/olx_gamesentertainment_dataset/images/games_f479f2bbbc/1.jpg"", ""/content/drive/MyDrive/olx_gamesentertainment_dataset/images/games_f479f2bbbc/2.jpg"", ""/content/drive/MyDrive/olx_gamesentertainment_dataset/images/games_f479f2bbbc/3.jpg"", ""/content/drive/MyDrive/olx_gamesentertainment_dataset/images/games_f479f2bbbc/4.jpg"", ""/content/drive/MyDrive/olx_gamesentertainment_dataset/images/games_f479f2bbbc/5.jpg"", ""/content/drive/MyDrive/olx_gamesentertainment_dataset/images/games_f479f2bbbc/6.jpg"", ""/content/drive/MyDrive/olx_gamesentertainment_dataset/images/games_f479f2bbbc/7.jpg"", ""/content/drive/MyDrive/olx_gamesentertainment_dataset/images/games_f479f2bbbc/8.jpg"", ""/content/drive/MyDrive/olx_gamesentertainment_dataset/images/games_f479f2bbbc/9.jpg"", ""/content/drive/MyDrive/olx_gamesentertainment_dataset/images/games_f479f2bbbc/10.jpg"", ""/content/drive/MyDrive/olx_gamesentertainment_dataset/images/games_f479f2bbbc/11.jpg"", ""/content/drive/MyDrive/olx_gamesentertainment_dataset/images/games_f479f2bbbc/12.jpg"", ""/content/drive/MyDrive/olx_gamesentertainment_dataset/images/games_f479f2bbbc/13.jpg"", ""/content/drive/MyDrive/olx_gamesentertainment_dataset/images/games_f479f2bbbc/14.jpg""]",14,2025-12-08 06:18:14.353181
games_4a071c14a6,https://www.olx.in/item/games-entertainment-c93-ghost-of-yotie-ps5-game-in-whitefield-bengaluru-iid-1827113936,GHOST OF YOTIE PS5 GAME,GHOST OF YOTIE PS5 GAME AVAILABLE IN RENTAL AND PERMANENT OPTIONS - Games & Entertainment,1499,"[""/content/drive/MyDrive/olx_gamesentertainment_dataset/images/games_4a071c14a6/1.jpg"", ""/content/drive/MyDrive/olx_gamesentertainment_dataset/images/games_4a071c14a6/2.jpg"", ""/content/drive/MyDrive/olx_gamesentertainment_dataset/images/games_4a071c14a6/3.jpg"", ""/content/drive/MyDrive/olx_gamesentertainment_dataset/images/games_4a071c14a6/4.jpg"", ""/content/drive/MyDrive/olx_gamesentertainment_dataset/images/games_4a071c14a6/5.jpg"", ""/content/drive/MyDrive/olx_gamesentertainment_dataset/images/games_4a071c14a6/6.jpg"", ""/content/drive/MyDrive/olx_gamesentertainment_dataset/images/games_4a071c14a6/7.jpg"", ""/content/drive/MyDrive/olx_gamesentertainment_dataset/images/games_4a071c14a6/8.jpg"", ""/content/drive/MyDrive/olx_gamesentertainment_dataset/images/games_4a071c14a6/9.jpg"", ""/content/drive/MyDrive/olx_gamesentertainment_dataset/images/games_4a071c14a6/10.jpg"", ""/content/drive/MyDrive/olx_gamesentertainment_dataset/images/games_4a071c14a6/11.jpg"", ""/content/drive/MyDrive/olx_gamesentertainment_dataset/images/games_4a071c14a6/12.jpg"", ""/content/drive/MyDrive/olx_gamesentertainment_dataset/images/games_4a071c14a6/13.jpg"", ""/content/drive/MyDrive/olx_gamesentertainment_dataset/images/games_4a071c14a6/14.jpg"", ""/content/drive/MyDrive/olx_gamesentertainment_dataset/images/games_4a071c14a6/15.jpg"", ""/content/drive/MyDrive/olx_gamesentertainment_dataset/images/games_4a071c14a6/16.jpg""]",16,2025-12-08 06:18:24.582928
games_9ac95b5cc1,https://www.olx.in/item/games-entertainment-c93-skyhock-drone-with-casechargercamera-in-madavarvillagam-srivilliputhur-iid-1828590805,"SkyHock drone with case,charger,camera",Sale amount-4k Buying Amount - 6k 1month use - Games & Entertainment,4000,"[""/content/drive/MyDrive/olx_gamesentertainment_dataset/images/games_9ac95b5cc1/1.jpg"", ""/content/drive/MyDrive/olx_gamesentertainment_dataset/images/games_9ac95b5cc1/2.jpg"", ""/content/drive/MyDrive/olx_gamesentertainment_dataset/images/games_9ac95b5cc1/3.jpg"", ""/content/drive/MyDrive/olx_gamesentertainment_dataset/images/games_9ac95b5cc1/4.jpg"", ""/content/drive/MyDrive/olx_gamesentertainment_dataset/images/games_9ac95b5cc1/5.jpg"", ""/content/drive/MyDrive/olx_gamesentertainment_dataset/images/games_9ac95b5cc1/6.jpg"", ""/content/drive/MyDrive/olx_gamesentertainment_dataset/images/games_9ac95b5cc1/7.jpg"", ""/content/drive/MyDrive/olx_gamesentertainment_dataset/images/games_9ac95b5cc1/8.jpg"", ""/content/drive/MyDrive/olx_gamesentertainment_dataset/images/games_9ac95b5cc1/9.jpg"", ""/content/drive/MyDrive/olx_gamesentertainment_dataset/images/games_9ac95b5cc1/10.jpg"", ""/content/drive/MyDrive/olx_gamesentertainment_dataset/images/games_9ac95b5cc1/11.jpg"", ""/content/drive/MyDrive/olx_gamesentertainment_dataset/images/games_9ac95b5cc1/12.jpg"", ""/content/drive/MyDrive/olx_gamesentertainment_dataset/images/games_9ac95b5cc1/13.jpg"", ""/content/drive/MyDrive/olx_gamesentertainment_dataset/images/games_9ac95b5cc1/14.jpg""]",14,2025-12-08 06:18:33.254053
games_d72e95505a,https://www.olx.in/item/games-entertainment-c93-xbox-one-joystick-supported-for-pc-with-8-pc-games-in-bandlaguda-hyderabad-iid-1828592092,Xbox one joystick supported for PC with 8 PC games,"Xbox one 1st copy joystick supported for PC games in good condition, just used for 2 times with 8 PC games. Selling because shifted to PlayStation and not playing any PC GAMES now. Price slightly negotiable. Contact only if you are interested - Games & Entertainment",2500,"[""/content/drive/MyDrive/olx_gamesentertainment_dataset/images/games_d72e95505a/1.jpg"", ""/content/drive/MyDrive/olx_gamesentertainment_dataset/images/games_d72e95505a/2.jpg"", ""/content/drive/MyDrive/olx_gamesentertainment_dataset/images/games_d72e95505a/3.jpg"", ""/content/drive/MyDrive/olx_gamesentertainment_dataset/images/games_d72e95505a/4.jpg"", ""/content/drive/MyDrive/olx_gamesentertainment_dataset/images/games_d72e95505a/5.jpg"", ""/content/drive/MyDrive/olx_gamesentertainment_dataset/images/games_d72e95505a/6.jpg"", ""/content/drive/MyDrive/olx_gamesentertainment_dataset/images/games_d72e95505a/7.jpg"", ""/content/drive/MyDrive/olx_gamesentertainment_dataset/images/games_d72e95505a/8.jpg"", ""/content/drive/MyDrive/olx_gamesentertainment_dataset/images/games_d72e95505a/9.jpg"", ""/content/drive/MyDrive/olx_gamesentertainment_dataset/images/games_d72e95505a/10.jpg"", ""/content/drive/MyDrive/olx_gamesentertainment_dataset/images/games_d72e95505a/11.jpg"", ""/content/drive/MyDrive/olx_gamesentertainment_dataset/images/games_d72e95505a/12.jpg"", ""/content/drive/MyDrive/olx_gamesentertainment_dataset/images/games_d72e95505a/13.jpg"", ""/content/drive/MyDrive/olx_gamesentertainment_dataset/images/games_d72e95505a/14.jpg""]",14,2025-12-08 06:18:50.694585
games_801cf98c5f,https://www.olx.in/item/games-entertainment-c93-ps5-vr-used-available-in-sanjeevi-nagar-tiruchirappalli-iid-1823707178,Ps5 vr used available.,Ps5 vr=30000rupees. Ps5 vr=28000rupees. BARGAINERS STAY AWAY. - Games & Entertainment,30000,"[""/content/drive/MyDrive/olx_gamesentertainment_dataset/images/games_801cf98c5f/1.jpg"", ""/content/drive/MyDrive/olx_gamesentertainment_dataset/images/games_801cf98c5f/2.jpg"", ""/content/drive/MyDrive/olx_gamesentertainment_dataset/images/games_801cf98c5f/3.jpg"", ""/content/drive/MyDrive/olx_gamesentertainment_dataset/images/games_801cf98c5f/4.jpg"", ""/content/drive/MyDrive/olx_gamesentertainment_dataset/images/games_801cf98c5f/5.jpg"", ""/content/drive/MyDrive/olx_gamesentertainment_dataset/images/games_801cf98c5f/6.jpg"", ""/content/drive/MyDrive/olx_gamesentertainment_dataset/images/games_801cf98c5f/7.jpg"", ""/content/drive/MyDrive/olx_gamesentertainment_dataset/images/games_801cf98c5f/8.jpg"", ""/content/drive/MyDrive/olx_gamesentertainment_dataset/images/games_801cf98c5f/9.jpg"", ""/content/drive/MyDrive/olx_gamesentertainment_dataset/images/games_801cf98c5f/10.jpg"", ""/content/drive/MyDrive/olx_gamesentertainment_dataset/images/games_801cf98c5f/11.jpg"", ""/content/drive/MyDrive/olx_gamesentertainment_dataset/images/games_801cf98c5f/12.jpg"", ""/content/drive/MyDrive/olx_gamesentertainment_dataset/images/games_801cf98c5f/13.jpg"", ""/content/drive/MyDrive/olx_gamesentertainment_dataset/images/games_801cf98c5f/14.jpg""]",14,2025-12-08 06:19:01.878666
games_b2a1944161,https://www.olx.in/item/games-entertainment-c93-sony-ps3-super-slim-500gb-in-aligarh-uttar-pradesh-iid-1828590656,Sony PS3 Super slim 500gb,The console is working fine and there is no issue in it. 2 Controllers With 20 to 25 Games Games CD Available Power Cord And Charging Cable also Available. - Games & Entertainment,10000,"[""/content/drive/MyDrive/olx_gamesentertainment_dataset/images/games_b2a1944161/1.jpg"", ""/content/drive/MyDrive/olx_gamesentertainment_dataset/images/games_b2a1944161/2.jpg"", ""/content/drive/MyDrive/olx_gamesentertainment_dataset/images/games_b2a1944161/3.jpg"", ""/content/drive/MyDrive/olx_gamesentertainment_dataset/images/games_b2a1944161/4.jpg"", ""/content/drive/MyDrive/olx_gamesentertainment_dataset/images/games_b2a1944161/5.jpg"", ""/content/drive/MyDrive/olx_gamesentertainment_dataset/images/games_b2a1944161/6.jpg"", ""/content/drive/MyDrive/olx_gamesentertainment_dataset/images/games_b2a1944161/7.jpg"", ""/content/drive/MyDrive/olx_gamesentertainment_dataset/images/games_b2a1944161/8.jpg"", ""/content/drive/MyDrive/olx_gamesentertainment_dataset/images/games_b2a1944161/9.jpg"", ""/content/drive/MyDrive/olx_gamesentertainment_dataset/images/games_b2a1944161/10.jpg"", ""/content/drive/MyDrive/olx_gamesentertainment_dataset/images/games_b2a1944161/11.jpg"", ""/content/drive/MyDrive/olx_gamesentertainment_dataset/images/games_b2a1944161/12.jpg"", ""/content/drive/MyDrive/olx_gamesentertainment_dataset/images/games_b2a1944161/13.jpg"", ""/content/drive/MyDrive/olx_gamesentertainment_dataset/images/games_b2a1944161/14.jpg""]",14,2025-12-08 06:19:13.289468
games_638d2a921b,https://www.olx.in/item/games-entertainment-c93-multitask-slim-hp-dell-lenov-i7i5-87th-gen-16gb512-ssd-wifi-cam-kit-in-surampatti-erode-iid-1806680298,MULTITASK SLIM HP DELL LENOV i7/i5 8/7th GEN 16GB/512 SSD WIFI CAM KIT,A++. CONDITION with WARRANTY* MULTI TASKING SLIM LAPTOPS from MULTI BRAND *HP DELL LENOVO* *BACKLITE. KEYBOARD* INTEL CORE I5/i7- 7TH/8TH GEN 8GB.16GB DDR4 RAM *256 GB/512 SSD* 13.3 /14 SLIM FHD DISPLAY WEBCAM WIRELESS GOOD BATTERY BACKUP ORIGINAL CHARGER QUANTITY AVAILABLE *THE EMPIRE SYSTEMS* (Wholesaler &Retailer) LAPTOPS & DESKTOPS & SERVERS - Games & Entertainment,17999,"[""/content/drive/MyDrive/olx_gamesentertainment_dataset/images/games_638d2a921b/1.jpg"", ""/content/drive/MyDrive/olx_gamesentertainment_dataset/images/games_638d2a921b/2.jpg"", ""/content/drive/MyDrive/olx_gamesentertainment_dataset/images/games_638d2a921b/3.jpg"", ""/content/drive/MyDrive/olx_gamesentertainment_dataset/images/games_638d2a921b/4.jpg"", ""/content/drive/MyDrive/olx_gamesentertainment_dataset/images/games_638d2a921b/5.jpg"", ""/content/drive/MyDrive/olx_gamesentertainment_dataset/images/games_638d2a921b/6.jpg"", ""/content/drive/MyDrive/olx_gamesentertainment_dataset/images/games_638d2a921b/7.jpg"", ""/content/drive/MyDrive/olx_gamesentertainment_dataset/images/games_638d2a921b/8.jpg"", ""/content/drive/MyDrive/olx_gamesentertainment_dataset/images/games_638d2a921b/9.jpg"", ""/content/drive/MyDrive/olx_gamesentertainment_dataset/images/games_638d2a921b/10.jpg"", ""/content/drive/MyDrive/olx_gamesentertainment_dataset/images/games_638d2a921b/11.jpg"", ""/content/drive/MyDrive/olx_gamesentertainment_dataset/images/games_638d2a921b/12.jpg"", ""/content/drive/MyDrive/olx_gamesentertainment_dataset/images/games_638d2a921b/13.jpg"", ""/content/drive/MyDrive/olx_gamesentertainment_dataset/images/games_638d2a921b/14.jpg""]",14,2025-12-08 06:19:22.715306
games_ea128db625,https://www.olx.in/item/games-entertainment-c93-sonos-five-in-janakpuri-delhi-iid-1819438635,Sonos five,"- Sonos Five - Multiroom Wireless Speaker - Original cost INR 59,000 - For sale - INR 35,000 Original condition, hardly used with box, wall hanging mount worth INR 6000 - Games & Entertainment",59000,"[""/content/drive/MyDrive/olx_gamesentertainment_dataset/images/games_ea128db625/1.jpg"", ""/content/drive/MyDrive/olx_gamesentertainment_dataset/images/games_ea128db625/2.jpg"", ""/content/drive/MyDrive/olx_gamesentertainment_dataset/images/games_ea128db625/3.jpg"", ""/content/drive/MyDrive/olx_gamesentertainment_dataset/images/games_ea128db625/4.jpg"", ""/content/drive/MyDrive/olx_gamesentertainment_dataset/images/games_ea128db625/5.jpg"", ""/content/drive/MyDrive/olx_gamesentertainment_dataset/images/games_ea128db625/6.jpg"", ""/content/drive/MyDrive/olx_gamesentertainment_dataset/images/games_ea128db625/7.jpg"", ""/content/drive/MyDrive/olx_gamesentertainment_dataset/images/games_ea128db625/8.jpg"", ""/content/drive/MyDrive/olx_gamesentertainment_dataset/images/games_ea128db625/9.jpg"", ""/content/drive/MyDrive/olx_gamesentertainment_dataset/images/games_ea128db625/10.jpg"", ""/content/drive/MyDrive/olx_gamesentertainment_dataset/images/games_ea128db625/11.jpg"", ""/content/drive/MyDrive/olx_gamesentertainment_dataset/images/games_ea128db625/12.jpg"", ""/content/drive/MyDrive/olx_gamesentertainment_dataset/images/games_ea128db625/13.jpg"", ""/content/drive/MyDrive/olx_gamesentertainment_dataset/images/games_ea128db625/14.jpg""]",14,2025-12-08 06:19:32.931876
games_711b11ff2b,https://www.olx.in/item/games-entertainment-c93-ps5-call-of-duty-cold-war-disc-ps5-games-in-vardhman-nagar-mumbai-iid-1828590254,Buy & Sell Games & Entertainment in Vardhman Nagar,Buy and sell second hand Games & Entertainment in Vardhman Nagar. OLX provides the best Free Online Classified Advertising in India.,28000,"[""/content/drive/MyDrive/olx_gamesentertainment_dataset/images/games_711b11ff2b/1.jpg"", ""/content/drive/MyDrive/olx_gamesentertainment_dataset/images/games_711b11ff2b/2.jpg"", ""/content/drive/MyDrive/olx_gamesentertainment_dataset/images/games_711b11ff2b/3.jpg"", ""/content/drive/MyDrive/olx_gamesentertainment_dataset/images/games_711b11ff2b/4.jpg"", ""/content/drive/MyDrive/olx_gamesentertainment_dataset/images/games_711b11ff2b/5.jpg"", ""/content/drive/MyDrive/olx_gamesentertainment_dataset/images/games_711b11ff2b/6.jpg"", ""/content/drive/MyDrive/olx_gamesentertainment_dataset/images/games_711b11ff2b/7.jpg"", ""/content/drive/MyDrive/olx_gamesentertainment_dataset/images/games_711b11ff2b/8.jpg"", ""/content/drive/MyDrive/olx_gamesentertainment_dataset/images/games_711b11ff2b/9.jpg"", ""/content/drive/MyDrive/olx_gamesentertainment_dataset/images/games_711b11ff2b/10.jpg"", ""/content/drive/MyDrive/olx_gamesentertainment_dataset/images/games_711b11ff2b/11.jpg"", ""/content/drive/MyDrive/olx_gamesentertainment_dataset/images/games_711b11ff2b/12.jpg"", ""/content/drive/MyDrive/olx_gamesentertainment_dataset/images/games_711b11ff2b/13.jpg"", ""/content/drive/MyDrive/olx_gamesentertainment_dataset/images/games_711b11ff2b/14.jpg"", ""/content/drive/MyDrive/olx_gamesentertainment_dataset/images/games_711b11ff2b/15.jpg"", ""/content/drive/MyDrive/olx_gamesentertainment_dataset/images/games_711b11ff2b/16.jpg"", ""/content/drive/MyDrive/olx_gamesentertainment_dataset/images/games_711b11ff2b/17.jpg"", ""/content/drive/MyDrive/olx_gamesentertainment_dataset/images/games_711b11ff2b/18.jpg"", ""/content/drive/MyDrive/olx_gamesentertainment_dataset/images/games_711b11ff2b/19.jpg"", ""/content/drive/MyDrive/olx_gamesentertainment_dataset/images/games_711b11ff2b/20.jpg"", ""/content/drive/MyDrive/olx_gamesentertainment_dataset/images/games_711b11ff2b/21.jpg"", ""/content/drive/MyDrive/olx_gamesentertainment_dataset/images/games_711b11ff2b/22.jpg"", ""/content/drive/MyDrive/olx_gamesentertainment_dataset/images/games_711b11ff2b/23.jpg"", ""/content/drive/MyDrive/olx_gamesentertainment_dataset/images/games_711b11ff2b/24.jpg"", ""/content/drive/MyDrive/olx_gamesentertainment_dataset/images/games_711b11ff2b/25.jpg"", ""/content/drive/MyDrive/olx_gamesentertainment_dataset/images/games_711b11ff2b/26.jpg"", ""/content/drive/MyDrive/olx_gamesentertainment_dataset/images/games_711b11ff2b/27.jpg"", ""/content/drive/MyDrive/olx_gamesentertainment_dataset/images/games_711b11ff2b/28.jpg"", ""/content/drive/MyDrive/olx_gamesentertainment_dataset/images/games_711b11ff2b/29.jpg"", ""/content/drive/MyDrive/olx_gamesentertainment_dataset/images/games_711b11ff2b/30.jpg"", ""/content/drive/MyDrive/olx_gamesentertainment_dataset/images/games_711b11ff2b/31.jpg"", ""/content/drive/MyDrive/olx_gamesentertainment_dataset/images/games_711b11ff2b/32.jpg"", ""/content/drive/MyDrive/olx_gamesentertainment_dataset/images/games_711b11ff2b/33.jpg"", ""/content/drive/MyDrive/olx_gamesentertainment_dataset/images/games_711b11ff2b/36.jpg"", ""/content/drive/MyDrive/olx_gamesentertainment_dataset/images/games_711b11ff2b/37.jpg"", ""/content/drive/MyDrive/olx_gamesentertainment_dataset/images/games_711b11ff2b/38.jpg"", ""/content/drive/MyDrive/olx_gamesentertainment_dataset/images/games_711b11ff2b/39.jpg"", ""/content/drive/MyDrive/olx_gamesentertainment_dataset/images/games_711b11ff2b/40.jpg"", ""/content/drive/MyDrive/olx_gamesentertainment_dataset/images/games_711b11ff2b/41.jpg"", ""/content/drive/MyDrive/olx_gamesentertainment_dataset/images/games_711b11ff2b/42.jpg"", ""/content/drive/MyDrive/olx_gamesentertainment_dataset/images/games_711b11ff2b/43.jpg"", ""/content/drive/MyDrive/olx_gamesentertainment_dataset/images/games_711b11ff2b/44.jpg"", ""/content/drive/MyDrive/olx_gamesentertainment_dataset/images/games_711b11ff2b/45.jpg"", ""/content/drive/MyDrive/olx_gamesentertainment_dataset/images/games_711b11ff2b/46.jpg"", ""/content/drive/MyDrive/olx_gamesentertainment_dataset/images/games_711b11ff2b/47.jpg"", ""/content/drive/MyDrive/olx_gamesentertainment_dataset/images/games_711b11ff2b/48.jpg"", ""/content/drive/MyDrive/olx_gamesentertainment_dataset/images/games_711b11ff2b/49.jpg"", ""/content/drive/MyDrive/olx_gamesentertainment_dataset/images/games_711b11ff2b/50.jpg"", ""/content/drive/MyDrive/olx_gamesentertainment_dataset/images/games_711b11ff2b/51.jpg"", ""/content/drive/MyDrive/olx_gamesentertainment_dataset/images/games_711b11ff2b/52.jpg"", ""/content/drive/MyDrive/olx_gamesentertainment_dataset/images/games_711b11ff2b/53.jpg""]",51,2025-12-08 06:20:27.196020
games_5f28d91fcc,https://www.olx.in/item/games-entertainment-c93-playstation-ps4-slim-1tb-fix-price-in-gunj-colony-kalaburagi-iid-1828592724,Playstation ps4 slim 1tb fix price,Fully new condition no scratches with one good condition controller with all accessories nd 1 cd - Games & Entertainment,16500,"[""/content/drive/MyDrive/olx_gamesentertainment_dataset/images/games_5f28d91fcc/1.jpg"", ""/content/drive/MyDrive/olx_gamesentertainment_dataset/images/games_5f28d91fcc/2.jpg"", ""/content/drive/MyDrive/olx_gamesentertainment_dataset/images/games_5f28d91fcc/3.jpg"", ""/content/drive/MyDrive/olx_gamesentertainment_dataset/images/games_5f28d91fcc/4.jpg"", ""/content/drive/MyDrive/olx_gamesentertainment_dataset/images/games_5f28d91fcc/5.jpg"", ""/content/drive/MyDrive/olx_gamesentertainment_dataset/images/games_5f28d91fcc/6.jpg"", ""/content/drive/MyDrive/olx_gamesentertainment_dataset/images/games_5f28d91fcc/7.jpg"", ""/content/drive/MyDrive/olx_gamesentertainment_dataset/images/games_5f28d91fcc/8.jpg"", ""/content/drive/MyDrive/olx_gamesentertainment_dataset/images/games_5f28d91fcc/9.jpg"", ""/content/drive/MyDrive/olx_gamesentertainment_dataset/images/games_5f28d91fcc/10.jpg"", ""/content/drive/MyDrive/olx_gamesentertainment_dataset/images/games_5f28d91fcc/11.jpg"", ""/content/drive/MyDrive/olx_gamesentertainment_dataset/images/games_5f28d91fcc/12.jpg"", ""/content/drive/MyDrive/olx_gamesentertainment_dataset/images/games_5f28d91fcc/13.jpg"", ""/content/drive/MyDrive/olx_gamesentertainment_dataset/images/games_5f28d91fcc/14.jpg""]",14,2025-12-08 06:20:37.304088
games_e78090b519,https://www.olx.in/item/games-entertainment-c93-assassins-creed-shadows-ps5-game-in-adambakkam-chennai-iid-1827115203,ASSASSIN'S CREED SHADOWS PS5 GAME,ASSASSIN'S CREED SHADOWS PS5 GAME Available in RENTAL & PERMANENT OPTIONS. - Games & Entertainment,999,"[""/content/drive/MyDrive/olx_gamesentertainment_dataset/images/games_e78090b519/1.jpg"", ""/content/drive/MyDrive/olx_gamesentertainment_dataset/images/games_e78090b519/2.jpg"", ""/content/drive/MyDrive/olx_gamesentertainment_dataset/images/games_e78090b519/3.jpg"", ""/content/drive/MyDrive/olx_gamesentertainment_dataset/images/games_e78090b519/4.jpg"", ""/content/drive/MyDrive/olx_gamesentertainment_dataset/images/games_e78090b519/5.jpg"", ""/content/drive/MyDrive/olx_gamesentertainment_dataset/images/games_e78090b519/6.jpg"", ""/content/drive/MyDrive/olx_gamesentertainment_dataset/images/games_e78090b519/7.jpg"", ""/content/drive/MyDrive/olx_gamesentertainment_dataset/images/games_e78090b519/8.jpg"", ""/content/drive/MyDrive/olx_gamesentertainment_dataset/images/games_e78090b519/9.jpg"", ""/content/drive/MyDrive/olx_gamesentertainment_dataset/images/games_e78090b519/10.jpg"", ""/content/drive/MyDrive/olx_gamesentertainment_dataset/images/games_e78090b519/11.jpg"", ""/content/drive/MyDrive/olx_gamesentertainment_dataset/images/games_e78090b519/12.jpg"", ""/content/drive/MyDrive/olx_gamesentertainment_dataset/images/games_e78090b519/13.jpg"", ""/content/drive/MyDrive/olx_gamesentertainment_dataset/images/games_e78090b519/14.jpg"", ""/content/drive/MyDrive/olx_gamesentertainment_dataset/images/games_e78090b519/15.jpg"", ""/content/drive/MyDrive/olx_gamesentertainment_dataset/images/games_e78090b519/16.jpg""]",16,2025-12-08 06:20:46.367835
games_021a7c1dbd,https://www.olx.in/item/games-entertainment-c93-anbernic-rg-556-256gb-variant-in-sector-17-gurgaon-iid-1825191827,Anbernic RG 556 - 256GB Variant,"I have installed a great custom frontend on my own and made it even better than the original factory default. There’s more than 30,000 games with lots of empty space still in there because I got the max storage version. (Emulates all the way upto PS2) And I’m selling it with a premium carry bag and earphones also. The bag and earphones alone costed me more than 5k This is new and still in warranty and I’ll give it to you with the original packaging too. This is an urgent sell. You cannot get it for this price by ordering yourself so please don’t haggle to bring the price lower. - Games & Entertainment",26500,"[""/content/drive/MyDrive/olx_gamesentertainment_dataset/images/games_021a7c1dbd/1.jpg"", ""/content/drive/MyDrive/olx_gamesentertainment_dataset/images/games_021a7c1dbd/2.jpg"", ""/content/drive/MyDrive/olx_gamesentertainment_dataset/images/games_021a7c1dbd/3.jpg"", ""/content/drive/MyDrive/olx_gamesentertainment_dataset/images/games_021a7c1dbd/4.jpg"", ""/content/drive/MyDrive/olx_gamesentertainment_dataset/images/games_021a7c1dbd/5.jpg"", ""/content/drive/MyDrive/olx_gamesentertainment_dataset/images/games_021a7c1dbd/6.jpg"", ""/content/drive/MyDrive/olx_gamesentertainment_dataset/images/games_021a7c1dbd/7.jpg"", ""/content/drive/MyDrive/olx_gamesentertainment_dataset/images/games_021a7c1dbd/8.jpg"", ""/content/drive/MyDrive/olx_gamesentertainment_dataset/images/games_021a7c1dbd/9.jpg"", ""/content/drive/MyDrive/olx_gamesentertainment_dataset/images/games_021a7c1dbd/10.jpg"", ""/content/drive/MyDrive/olx_gamesentertainment_dataset/images/games_021a7c1dbd/11.jpg"", ""/content/drive/MyDrive/olx_gamesentertainment_dataset/images/games_021a7c1dbd/12.jpg"", ""/content/drive/MyDrive/olx_gamesentertainment_dataset/images/games_021a7c1dbd/13.jpg"", ""/content/drive/MyDrive/olx_gamesentertainment_dataset/images/games_021a7c1dbd/14.jpg""]",14,2025-12-08 06:20:57.057204
games_a614ce1f04,https://www.olx.in/item/games-entertainment-c93-ant-esports-gp300-pro-firefly-wireless-gamepad-in-ra-puram-krishnapuram-chennai-iid-1828113521,ANT ESPORTS GP300 PRO FIREFLY WIRELESS GAMEPAD,I need money to repair my mobile so i selling this and i brought this yesterday what price do you want tell me I can give a offer I think I am poor in english - Games & Entertainment,850,"[""/content/drive/MyDrive/olx_gamesentertainment_dataset/images/games_a614ce1f04/1.jpg"", ""/content/drive/MyDrive/olx_gamesentertainment_dataset/images/games_a614ce1f04/2.jpg"", ""/content/drive/MyDrive/olx_gamesentertainment_dataset/images/games_a614ce1f04/3.jpg"", ""/content/drive/MyDrive/olx_gamesentertainment_dataset/images/games_a614ce1f04/4.jpg"", ""/content/drive/MyDrive/olx_gamesentertainment_dataset/images/games_a614ce1f04/5.jpg"", ""/content/drive/MyDrive/olx_gamesentertainment_dataset/images/games_a614ce1f04/6.jpg"", ""/content/drive/MyDrive/olx_gamesentertainment_dataset/images/games_a614ce1f04/7.jpg"", ""/content/drive/MyDrive/olx_gamesentertainment_dataset/images/games_a614ce1f04/8.jpg"", ""/content/drive/MyDrive/olx_gamesentertainment_dataset/images/games_a614ce1f04/9.jpg"", ""/content/drive/MyDrive/olx_gamesentertainment_dataset/images/games_a614ce1f04/10.jpg"", ""/content/drive/MyDrive/olx_gamesentertainment_dataset/images/games_a614ce1f04/11.jpg"", ""/content/drive/MyDrive/olx_gamesentertainment_dataset/images/games_a614ce1f04/12.jpg"", ""/content/drive/MyDrive/olx_gamesentertainment_dataset/images/games_a614ce1f04/13.jpg"", ""/content/drive/MyDrive/olx_gamesentertainment_dataset/images/games_a614ce1f04/14.jpg""]",14,2025-12-08 06:21:08.152566
games_aa43363512,https://www.olx.in/item/games-entertainment-c93-spiderman-2-ps5-game-in-adambakkam-kumarapuram-chennai-iid-1827112124,SPIDERMAN 2 PS5 GAME,Spiderman 2 PS5 Available in rental and permanent options. - Games & Entertainment,999,"[""/content/drive/MyDrive/olx_gamesentertainment_dataset/images/games_aa43363512/1.jpg"", ""/content/drive/MyDrive/olx_gamesentertainment_dataset/images/games_aa43363512/2.jpg"", ""/content/drive/MyDrive/olx_gamesentertainment_dataset/images/games_aa43363512/3.jpg"", ""/content/drive/MyDrive/olx_gamesentertainment_dataset/images/games_aa43363512/4.jpg"", ""/content/drive/MyDrive/olx_gamesentertainment_dataset/images/games_aa43363512/5.jpg"", ""/content/drive/MyDrive/olx_gamesentertainment_dataset/images/games_aa43363512/6.jpg"", ""/content/drive/MyDrive/olx_gamesentertainment_dataset/images/games_aa43363512/7.jpg"", ""/content/drive/MyDrive/olx_gamesentertainment_dataset/images/games_aa43363512/8.jpg"", ""/content/drive/MyDrive/olx_gamesentertainment_dataset/images/games_aa43363512/9.jpg"", ""/content/drive/MyDrive/olx_gamesentertainment_dataset/images/games_aa43363512/10.jpg"", ""/content/drive/MyDrive/olx_gamesentertainment_dataset/images/games_aa43363512/11.jpg"", ""/content/drive/MyDrive/olx_gamesentertainment_dataset/images/games_aa43363512/12.jpg"", ""/content/drive/MyDrive/olx_gamesentertainment_dataset/images/games_aa43363512/13.jpg"", ""/content/drive/MyDrive/olx_gamesentertainment_dataset/images/games_aa43363512/14.jpg"", ""/content/drive/MyDrive/olx_gamesentertainment_dataset/images/games_aa43363512/15.jpg"", ""/content/drive/MyDrive/olx_gamesentertainment_dataset/images/games_aa43363512/16.jpg""]",16,2025-12-08 06:21:27.003648
games_5ca94a7935,https://www.olx.in/item/games-entertainment-c93-ps5-slim-disk-editions-availables-in-sanjeevi-nagar-tiruchirappalli-iid-1827586738,Ps5 slim disk editions availables...,Ps5 slim disk edition available.. Ps5 slim disk edition 3 days old available. 11 month and 27days warranty remaining. BARGAINERS STAY AWAY... LOW BALLERS WON'T REPLY - Games & Entertainment,47000,"[""/content/drive/MyDrive/olx_gamesentertainment_dataset/images/games_5ca94a7935/1.jpg"", ""/content/drive/MyDrive/olx_gamesentertainment_dataset/images/games_5ca94a7935/2.jpg"", ""/content/drive/MyDrive/olx_gamesentertainment_dataset/images/games_5ca94a7935/3.jpg"", ""/content/drive/MyDrive/olx_gamesentertainment_dataset/images/games_5ca94a7935/4.jpg"", ""/content/drive/MyDrive/olx_gamesentertainment_dataset/images/games_5ca94a7935/5.jpg"", ""/content/drive/MyDrive/olx_gamesentertainment_dataset/images/games_5ca94a7935/6.jpg"", ""/content/drive/MyDrive/olx_gamesentertainment_dataset/images/games_5ca94a7935/7.jpg"", ""/content/drive/MyDrive/olx_gamesentertainment_dataset/images/games_5ca94a7935/8.jpg"", ""/content/drive/MyDrive/olx_gamesentertainment_dataset/images/games_5ca94a7935/9.jpg"", ""/content/drive/MyDrive/olx_gamesentertainment_dataset/images/games_5ca94a7935/10.jpg"", ""/content/drive/MyDrive/olx_gamesentertainment_dataset/images/games_5ca94a7935/11.jpg"", ""/content/drive/MyDrive/olx_gamesentertainment_dataset/images/games_5ca94a7935/12.jpg"", ""/content/drive/MyDrive/olx_gamesentertainment_dataset/images/games_5ca94a7935/13.jpg"", ""/content/drive/MyDrive/olx_gamesentertainment_dataset/images/games_5ca94a7935/14.jpg"", ""/content/drive/MyDrive/olx_gamesentertainment_dataset/images/games_5ca94a7935/15.jpg"", ""/content/drive/MyDrive/olx_gamesentertainment_dataset/images/games_5ca94a7935/16.jpg""]",16,2025-12-08 06:21:39.350605
games_54b340342f,https://www.olx.in/item/games-entertainment-c93-ps3-slim-with-40-games-and-dell-laptop-in-mehboob-nagar-bengaluru-iid-1828591070,Ps3 slim with 40 games and Dell laptop,Ps3 slim with 40 games and two joystick only 2 months old urgent sale slightly negotiable and Dell laptop is available for 7000 slightly negotiable - Games & Entertainment,13000,"[""/content/drive/MyDrive/olx_gamesentertainment_dataset/images/games_54b340342f/1.jpg"", ""/content/drive/MyDrive/olx_gamesentertainment_dataset/images/games_54b340342f/2.jpg"", ""/content/drive/MyDrive/olx_gamesentertainment_dataset/images/games_54b340342f/3.jpg"", ""/content/drive/MyDrive/olx_gamesentertainment_dataset/images/games_54b340342f/4.jpg"", ""/content/drive/MyDrive/olx_gamesentertainment_dataset/images/games_54b340342f/5.jpg"", ""/content/drive/MyDrive/olx_gamesentertainment_dataset/images/games_54b340342f/6.jpg"", ""/content/drive/MyDrive/olx_gamesentertainment_dataset/images/games_54b340342f/7.jpg"", ""/content/drive/MyDrive/olx_gamesentertainment_dataset/images/games_54b340342f/8.jpg"", ""/content/drive/MyDrive/olx_gamesentertainment_dataset/images/games_54b340342f/9.jpg"", ""/content/drive/MyDrive/olx_gamesentertainment_dataset/images/games_54b340342f/10.jpg"", ""/content/drive/MyDrive/olx_gamesentertainment_dataset/images/games_54b340342f/11.jpg"", ""/content/drive/MyDrive/olx_gamesentertainment_dataset/images/games_54b340342f/12.jpg"", ""/content/drive/MyDrive/olx_gamesentertainment_dataset/images/games_54b340342f/13.jpg"", ""/content/drive/MyDrive/olx_gamesentertainment_dataset/images/games_54b340342f/14.jpg""]",14,2025-12-08 06:21:48.569847
games_ba152e65f2,https://www.olx.in/item/games-entertainment-c93-cricket-19-and-22-ps4-disc-in-pantarapalya-bengaluru-iid-1827028277,Cricket 19 and 22 PS4 disc,"I am selling a cricket 19 and cricket 22 disc, Which are in good working condition as well as no scratches on them, With manuals and instructions details as well. - Games & Entertainment",1700,"[""/content/drive/MyDrive/olx_gamesentertainment_dataset/images/games_ba152e65f2/1.jpg"", ""/content/drive/MyDrive/olx_gamesentertainment_dataset/images/games_ba152e65f2/2.jpg"", ""/content/drive/MyDrive/olx_gamesentertainment_dataset/images/games_ba152e65f2/3.jpg"", ""/content/drive/MyDrive/olx_gamesentertainment_dataset/images/games_ba152e65f2/4.jpg"", ""/content/drive/MyDrive/olx_gamesentertainment_dataset/images/games_ba152e65f2/5.jpg"", ""/content/drive/MyDrive/olx_gamesentertainment_dataset/images/games_ba152e65f2/6.jpg"", ""/content/drive/MyDrive/olx_gamesentertainment_dataset/images/games_ba152e65f2/7.jpg"", ""/content/drive/MyDrive/olx_gamesentertainment_dataset/images/games_ba152e65f2/8.jpg"", ""/content/drive/MyDrive/olx_gamesentertainment_dataset/images/games_ba152e65f2/9.jpg"", ""/content/drive/MyDrive/olx_gamesentertainment_dataset/images/games_ba152e65f2/10.jpg"", ""/content/drive/MyDrive/olx_gamesentertainment_dataset/images/games_ba152e65f2/11.jpg"", ""/content/drive/MyDrive/olx_gamesentertainment_dataset/images/games_ba152e65f2/12.jpg"", ""/content/drive/MyDrive/olx_gamesentertainment_dataset/images/games_ba152e65f2/13.jpg"", ""/content/drive/MyDrive/olx_gamesentertainment_dataset/images/games_ba152e65f2/14.jpg""]",14,2025-12-08 06:21:57.590591
games_b2ab3e2c05,https://www.olx.in/item/games-entertainment-c93-evo-fox-deck-game-controller-in-aecs-layout-bengaluru-iid-1828591156,Evo fox deck game controller,Evo fox deck white game controller. High in demand which is already in out of stock brought at rs 3200 from offical website 8months old. Selling due to not playing Mobile games anymore Works pc and mobile as well Bluetooth connectivity - Games & Entertainment,2600,"[""/content/drive/MyDrive/olx_gamesentertainment_dataset/images/games_b2ab3e2c05/1.jpg"", ""/content/drive/MyDrive/olx_gamesentertainment_dataset/images/games_b2ab3e2c05/2.jpg"", ""/content/drive/MyDrive/olx_gamesentertainment_dataset/images/games_b2ab3e2c05/3.jpg"", ""/content/drive/MyDrive/olx_gamesentertainment_dataset/images/games_b2ab3e2c05/4.jpg"", ""/content/drive/MyDrive/olx_gamesentertainment_dataset/images/games_b2ab3e2c05/5.jpg"", ""/content/drive/MyDrive/olx_gamesentertainment_dataset/images/games_b2ab3e2c05/6.jpg"", ""/content/drive/MyDrive/olx_gamesentertainment_dataset/images/games_b2ab3e2c05/7.jpg"", ""/content/drive/MyDrive/olx_gamesentertainment_dataset/images/games_b2ab3e2c05/8.jpg"", ""/content/drive/MyDrive/olx_gamesentertainment_dataset/images/games_b2ab3e2c05/9.jpg"", ""/content/drive/MyDrive/olx_gamesentertainment_dataset/images/games_b2ab3e2c05/10.jpg"", ""/content/drive/MyDrive/olx_gamesentertainment_dataset/images/games_b2ab3e2c05/11.jpg"", ""/content/drive/MyDrive/olx_gamesentertainment_dataset/images/games_b2ab3e2c05/12.jpg"", ""/content/drive/MyDrive/olx_gamesentertainment_dataset/images/games_b2ab3e2c05/13.jpg"", ""/content/drive/MyDrive/olx_gamesentertainment_dataset/images/games_b2ab3e2c05/14.jpg""]",14,2025-12-08 06:22:09.996848
games_57ea40523a,https://www.olx.in/item/games-entertainment-c93-ps2-ps3-ps4-xbox-nintendo-all-gaming-console-and-game-cds-available-in-madhavaram-milk-colony-chennai-iid-1818339958,PS2 PS3 PS4 Xbox Nintendo all gaming console and game cds available,GameZone All kind of gaming console and accessories available here Call me for more details - Games & Entertainment,3000,"[""/content/drive/MyDrive/olx_gamesentertainment_dataset/images/games_57ea40523a/1.jpg"", ""/content/drive/MyDrive/olx_gamesentertainment_dataset/images/games_57ea40523a/2.jpg"", ""/content/drive/MyDrive/olx_gamesentertainment_dataset/images/games_57ea40523a/3.jpg"", ""/content/drive/MyDrive/olx_gamesentertainment_dataset/images/games_57ea40523a/4.jpg"", ""/content/drive/MyDrive/olx_gamesentertainment_dataset/images/games_57ea40523a/5.jpg"", ""/content/drive/MyDrive/olx_gamesentertainment_dataset/images/games_57ea40523a/6.jpg"", ""/content/drive/MyDrive/olx_gamesentertainment_dataset/images/games_57ea40523a/7.jpg"", ""/content/drive/MyDrive/olx_gamesentertainment_dataset/images/games_57ea40523a/8.jpg"", ""/content/drive/MyDrive/olx_gamesentertainment_dataset/images/games_57ea40523a/9.jpg"", ""/content/drive/MyDrive/olx_gamesentertainment_dataset/images/games_57ea40523a/10.jpg"", ""/content/drive/MyDrive/olx_gamesentertainment_dataset/images/games_57ea40523a/11.jpg"", ""/content/drive/MyDrive/olx_gamesentertainment_dataset/images/games_57ea40523a/12.jpg"", ""/content/drive/MyDrive/olx_gamesentertainment_dataset/images/games_57ea40523a/13.jpg"", ""/content/drive/MyDrive/olx_gamesentertainment_dataset/images/games_57ea40523a/14.jpg""]",14,2025-12-08 06:22:20.570009
games_daae87c705,https://www.olx.in/item/games-entertainment-c93-dron-w3max-in-char-darwaja-gate-chowk-jaipur-iid-1828584099,Dron W3Max,4 brushless moters - Games & Entertainment,5000,"[""/content/drive/MyDrive/olx_gamesentertainment_dataset/images/games_daae87c705/1.jpg"", ""/content/drive/MyDrive/olx_gamesentertainment_dataset/images/games_daae87c705/2.jpg"", ""/content/drive/MyDrive/olx_gamesentertainment_dataset/images/games_daae87c705/3.jpg"", ""/content/drive/MyDrive/olx_gamesentertainment_dataset/images/games_daae87c705/4.jpg"", ""/content/drive/MyDrive/olx_gamesentertainment_dataset/images/games_daae87c705/5.jpg"", ""/content/drive/MyDrive/olx_gamesentertainment_dataset/images/games_daae87c705/6.jpg"", ""/content/drive/MyDrive/olx_gamesentertainment_dataset/images/games_daae87c705/7.jpg"", ""/content/drive/MyDrive/olx_gamesentertainment_dataset/images/games_daae87c705/8.jpg"", ""/content/drive/MyDrive/olx_gamesentertainment_dataset/images/games_daae87c705/9.jpg"", ""/content/drive/MyDrive/olx_gamesentertainment_dataset/images/games_daae87c705/10.jpg"", ""/content/drive/MyDrive/olx_gamesentertainment_dataset/images/games_daae87c705/11.jpg"", ""/content/drive/MyDrive/olx_gamesentertainment_dataset/images/games_daae87c705/12.jpg"", ""/content/drive/MyDrive/olx_gamesentertainment_dataset/images/games_daae87c705/13.jpg"", ""/content/drive/MyDrive/olx_gamesentertainment_dataset/images/games_daae87c705/14.jpg""]",14,2025-12-08 06:22:32.011084
games_acd7cb6885,https://www.olx.in/item/games-entertainment-c93-sony-ps3-for-sale-in-surya-vihar-jalandhar-iid-1828586609,Sony PS3 for sale,"Sony PS3 for sale at very good and working condition. 16 games installed, 2 remotes (1 is SONY original and second one brought from market) Ram 512 Game me koi bhi problem nahi hai na heat hoti hai na hang hoti hai so only serious buyer contact karan.. Rate jayda ghat nahi huna kyunki koi dikkat nahi hai game ch baki nahi v niku gi ta sanu koi lodh nahi hai - Games & Entertainment",15000,"[""/content/drive/MyDrive/olx_gamesentertainment_dataset/images/games_acd7cb6885/1.jpg"", ""/content/drive/MyDrive/olx_gamesentertainment_dataset/images/games_acd7cb6885/2.jpg"", ""/content/drive/MyDrive/olx_gamesentertainment_dataset/images/games_acd7cb6885/3.jpg"", ""/content/drive/MyDrive/olx_gamesentertainment_dataset/images/games_acd7cb6885/4.jpg"", ""/content/drive/MyDrive/olx_gamesentertainment_dataset/images/games_acd7cb6885/5.jpg"", ""/content/drive/MyDrive/olx_gamesentertainment_dataset/images/games_acd7cb6885/6.jpg"", ""/content/drive/MyDrive/olx_gamesentertainment_dataset/images/games_acd7cb6885/7.jpg"", ""/content/drive/MyDrive/olx_gamesentertainment_dataset/images/games_acd7cb6885/8.jpg"", ""/content/drive/MyDrive/olx_gamesentertainment_dataset/images/games_acd7cb6885/9.jpg"", ""/content/drive/MyDrive/olx_gamesentertainment_dataset/images/games_acd7cb6885/10.jpg"", ""/content/drive/MyDrive/olx_gamesentertainment_dataset/images/games_acd7cb6885/11.jpg"", ""/content/drive/MyDrive/olx_gamesentertainment_dataset/images/games_acd7cb6885/12.jpg"", ""/content/drive/MyDrive/olx_gamesentertainment_dataset/images/games_acd7cb6885/13.jpg"", ""/content/drive/MyDrive/olx_gamesentertainment_dataset/images/games_acd7cb6885/14.jpg""]",14,2025-12-08 06:22:46.285014
games_9e38cf2b0a,https://www.olx.in/item/games-entertainment-c93-ps4-controller-wired-gold-no-bluetooth-in-pendurthi-visakhapatnam-iid-1828589008,PS4 Controller Wired (Gold) No Bluetooth,Condition: Great (Requires Android 9.0 Or Above) - Games & Entertainment,1700,"[""/content/drive/MyDrive/olx_gamesentertainment_dataset/images/games_9e38cf2b0a/1.jpg"", ""/content/drive/MyDrive/olx_gamesentertainment_dataset/images/games_9e38cf2b0a/2.jpg"", ""/content/drive/MyDrive/olx_gamesentertainment_dataset/images/games_9e38cf2b0a/3.jpg"", ""/content/drive/MyDrive/olx_gamesentertainment_dataset/images/games_9e38cf2b0a/4.jpg"", ""/content/drive/MyDrive/olx_gamesentertainment_dataset/images/games_9e38cf2b0a/5.jpg"", ""/content/drive/MyDrive/olx_gamesentertainment_dataset/images/games_9e38cf2b0a/6.jpg"", ""/content/drive/MyDrive/olx_gamesentertainment_dataset/images/games_9e38cf2b0a/7.jpg"", ""/content/drive/MyDrive/olx_gamesentertainment_dataset/images/games_9e38cf2b0a/8.jpg"", ""/content/drive/MyDrive/olx_gamesentertainment_dataset/images/games_9e38cf2b0a/9.jpg"", ""/content/drive/MyDrive/olx_gamesentertainment_dataset/images/games_9e38cf2b0a/10.jpg"", ""/content/drive/MyDrive/olx_gamesentertainment_dataset/images/games_9e38cf2b0a/11.jpg"", ""/content/drive/MyDrive/olx_gamesentertainment_dataset/images/games_9e38cf2b0a/12.jpg"", ""/content/drive/MyDrive/olx_gamesentertainment_dataset/images/games_9e38cf2b0a/13.jpg"", ""/content/drive/MyDrive/olx_gamesentertainment_dataset/images/games_9e38cf2b0a/14.jpg""]",14,2025-12-08 06:22:54.818425
games_672bc6425c,https://www.olx.in/item/games-entertainment-c93-nintendo-switch-lite-brand-new-condition-in-fort-mumbai-iid-1828586442,"Nintendo Switch Lite, Brand new condition","Animal crossing special edition, FREE UNLIMITED GAMES : Install any game you like, 512 GB SD card : Store as many games you like, Includes original AC adapter, Tempered glass applied, Power-A zipper carry case, Transparent protective shell One of the best handheld for gaming, light weight and compact with games still releasing for it. Ask any queries or questions. - Games & Entertainment",20000,"[""/content/drive/MyDrive/olx_gamesentertainment_dataset/images/games_672bc6425c/1.jpg"", ""/content/drive/MyDrive/olx_gamesentertainment_dataset/images/games_672bc6425c/2.jpg"", ""/content/drive/MyDrive/olx_gamesentertainment_dataset/images/games_672bc6425c/3.jpg"", ""/content/drive/MyDrive/olx_gamesentertainment_dataset/images/games_672bc6425c/4.jpg"", ""/content/drive/MyDrive/olx_gamesentertainment_dataset/images/games_672bc6425c/5.jpg"", ""/content/drive/MyDrive/olx_gamesentertainment_dataset/images/games_672bc6425c/6.jpg"", ""/content/drive/MyDrive/olx_gamesentertainment_dataset/images/games_672bc6425c/7.jpg"", ""/content/drive/MyDrive/olx_gamesentertainment_dataset/images/games_672bc6425c/8.jpg"", ""/content/drive/MyDrive/olx_gamesentertainment_dataset/images/games_672bc6425c/9.jpg"", ""/content/drive/MyDrive/olx_gamesentertainment_dataset/images/games_672bc6425c/10.jpg"", ""/content/drive/MyDrive/olx_gamesentertainment_dataset/images/games_672bc6425c/11.jpg"", ""/content/drive/MyDrive/olx_gamesentertainment_dataset/images/games_672bc6425c/12.jpg"", ""/content/drive/MyDrive/olx_gamesentertainment_dataset/images/games_672bc6425c/13.jpg"", ""/content/drive/MyDrive/olx_gamesentertainment_dataset/images/games_672bc6425c/14.jpg""]",14,2025-12-08 06:23:03.979963
games_aaa771da92,https://www.olx.in/item/games-entertainment-c93-rog-ally-x-24-gb-ram-1tb-ssd-amd-radeon-graphics-in-rajouri-garden-delhi-iid-1825572974,ROG ALLY X  24 GB RAM 1TB SSD AMD RADEON GRAPHICS,"Rog ally x one year old with box ,charger,bill and jsaux cover with built in stand .Condition as good as new . - Games & Entertainment",65000,"[""/content/drive/MyDrive/olx_gamesentertainment_dataset/images/games_aaa771da92/1.jpg"", ""/content/drive/MyDrive/olx_gamesentertainment_dataset/images/games_aaa771da92/2.jpg"", ""/content/drive/MyDrive/olx_gamesentertainment_dataset/images/games_aaa771da92/3.jpg"", ""/content/drive/MyDrive/olx_gamesentertainment_dataset/images/games_aaa771da92/4.jpg"", ""/content/drive/MyDrive/olx_gamesentertainment_dataset/images/games_aaa771da92/5.jpg"", ""/content/drive/MyDrive/olx_gamesentertainment_dataset/images/games_aaa771da92/6.jpg"", ""/content/drive/MyDrive/olx_gamesentertainment_dataset/images/games_aaa771da92/7.jpg"", ""/content/drive/MyDrive/olx_gamesentertainment_dataset/images/games_aaa771da92/8.jpg"", ""/content/drive/MyDrive/olx_gamesentertainment_dataset/images/games_aaa771da92/9.jpg"", ""/content/drive/MyDrive/olx_gamesentertainment_dataset/images/games_aaa771da92/10.jpg"", ""/content/drive/MyDrive/olx_gamesentertainment_dataset/images/games_aaa771da92/11.jpg"", ""/content/drive/MyDrive/olx_gamesentertainment_dataset/images/games_aaa771da92/12.jpg"", ""/content/drive/MyDrive/olx_gamesentertainment_dataset/images/games_aaa771da92/13.jpg"", ""/content/drive/MyDrive/olx_gamesentertainment_dataset/images/games_aaa771da92/14.jpg""]",14,2025-12-08 06:23:15.464397
games_3d83c4dc97,https://www.olx.in/item/games-entertainment-c93-sell-ur-ps5-ps4-xbox-nintendo-switch-doorstep-same-day-pickup-purchase-in-andheri-west-mumbai-iid-1786263907,Sell ur PS5 PS4 Xbox Nintendo Switch Doorstep Same Day Pickup Purchase,Sell ur Gaming PS5 PS4 PS3 Ps2 Nintendo Xbox Steam Deck asus rog ally Doorstep Service also ve purchase non working ps4 Interested Customer can Message - Games & Entertainment,29990,"[""/content/drive/MyDrive/olx_gamesentertainment_dataset/images/games_3d83c4dc97/1.jpg"", ""/content/drive/MyDrive/olx_gamesentertainment_dataset/images/games_3d83c4dc97/2.jpg"", ""/content/drive/MyDrive/olx_gamesentertainment_dataset/images/games_3d83c4dc97/3.jpg"", ""/content/drive/MyDrive/olx_gamesentertainment_dataset/images/games_3d83c4dc97/4.jpg"", ""/content/drive/MyDrive/olx_gamesentertainment_dataset/images/games_3d83c4dc97/5.jpg"", ""/content/drive/MyDrive/olx_gamesentertainment_dataset/images/games_3d83c4dc97/6.jpg"", ""/content/drive/MyDrive/olx_gamesentertainment_dataset/images/games_3d83c4dc97/7.jpg"", ""/content/drive/MyDrive/olx_gamesentertainment_dataset/images/games_3d83c4dc97/8.jpg"", ""/content/drive/MyDrive/olx_gamesentertainment_dataset/images/games_3d83c4dc97/9.jpg"", ""/content/drive/MyDrive/olx_gamesentertainment_dataset/images/games_3d83c4dc97/10.jpg"", ""/content/drive/MyDrive/olx_gamesentertainment_dataset/images/games_3d83c4dc97/11.jpg"", ""/content/drive/MyDrive/olx_gamesentertainment_dataset/images/games_3d83c4dc97/12.jpg"", ""/content/drive/MyDrive/olx_gamesentertainment_dataset/images/games_3d83c4dc97/13.jpg"", ""/content/drive/MyDrive/olx_gamesentertainment_dataset/images/games_3d83c4dc97/14.jpg""]",14,2025-12-08 06:23:26.083036
games_9bc64fc612,https://www.olx.in/item/games-entertainment-c93-need-dead-ps4-ps5-consoles-and-controllers-for-spare-parts-in-ummalathoor-kozhikode-iid-1828587265,Need DEAD ps4 ps5 consoles and controllers for spare parts,bring your dear things. make some money Rate upto 7000 - Games & Entertainment,7000,"[""/content/drive/MyDrive/olx_gamesentertainment_dataset/images/games_9bc64fc612/1.jpg"", ""/content/drive/MyDrive/olx_gamesentertainment_dataset/images/games_9bc64fc612/2.jpg"", ""/content/drive/MyDrive/olx_gamesentertainment_dataset/images/games_9bc64fc612/3.jpg"", ""/content/drive/MyDrive/olx_gamesentertainment_dataset/images/games_9bc64fc612/4.jpg"", ""/content/drive/MyDrive/olx_gamesentertainment_dataset/images/games_9bc64fc612/5.jpg"", ""/content/drive/MyDrive/olx_gamesentertainment_dataset/images/games_9bc64fc612/6.jpg"", ""/content/drive/MyDrive/olx_gamesentertainment_dataset/images/games_9bc64fc612/7.jpg"", ""/content/drive/MyDrive/olx_gamesentertainment_dataset/images/games_9bc64fc612/8.jpg"", ""/content/drive/MyDrive/olx_gamesentertainment_dataset/images/games_9bc64fc612/9.jpg"", ""/content/drive/MyDrive/olx_gamesentertainment_dataset/images/games_9bc64fc612/10.jpg"", ""/content/drive/MyDrive/olx_gamesentertainment_dataset/images/games_9bc64fc612/11.jpg"", ""/content/drive/MyDrive/olx_gamesentertainment_dataset/images/games_9bc64fc612/12.jpg"", ""/content/drive/MyDrive/olx_gamesentertainment_dataset/images/games_9bc64fc612/13.jpg"", ""/content/drive/MyDrive/olx_gamesentertainment_dataset/images/games_9bc64fc612/14.jpg""]",14,2025-12-08 06:23:40.059864
games_19f4dba87f,https://www.olx.in/item/games-entertainment-c93-gaming-cooler-in-navade-navi-mumbai-iid-1828584272,Gaming cooler,Cod available if u pay online so it cost 900 - Games & Entertainment,1000,"[""/content/drive/MyDrive/olx_gamesentertainment_dataset/images/games_19f4dba87f/1.jpg"", ""/content/drive/MyDrive/olx_gamesentertainment_dataset/images/games_19f4dba87f/2.jpg"", ""/content/drive/MyDrive/olx_gamesentertainment_dataset/images/games_19f4dba87f/3.jpg"", ""/content/drive/MyDrive/olx_gamesentertainment_dataset/images/games_19f4dba87f/4.jpg"", ""/content/drive/MyDrive/olx_gamesentertainment_dataset/images/games_19f4dba87f/5.jpg"", ""/content/drive/MyDrive/olx_gamesentertainment_dataset/images/games_19f4dba87f/6.jpg"", ""/content/drive/MyDrive/olx_gamesentertainment_dataset/images/games_19f4dba87f/7.jpg"", ""/content/drive/MyDrive/olx_gamesentertainment_dataset/images/games_19f4dba87f/8.jpg"", ""/content/drive/MyDrive/olx_gamesentertainment_dataset/images/games_19f4dba87f/9.jpg"", ""/content/drive/MyDrive/olx_gamesentertainment_dataset/images/games_19f4dba87f/10.jpg"", ""/content/drive/MyDrive/olx_gamesentertainment_dataset/images/games_19f4dba87f/11.jpg"", ""/content/drive/MyDrive/olx_gamesentertainment_dataset/images/games_19f4dba87f/12.jpg"", ""/content/drive/MyDrive/olx_gamesentertainment_dataset/images/games_19f4dba87f/13.jpg"", ""/content/drive/MyDrive/olx_gamesentertainment_dataset/images/games_19f4dba87f/14.jpg""]",14,2025-12-08 06:23:49.046870
games_6d0916a6e4,https://www.olx.in/item/games-entertainment-c93-new-ps4-only-3months-used-5-cdfull-kit-and-box-not-refurbished-in-natesapandarum-colony-salem-iid-1828587178,Buy & Sell Games & Entertainment in Natesapandarum Colony,Buy and sell second hand Games & Entertainment in Natesapandarum Colony. OLX provides the best Free Online Classified Advertising in India.,35000,"[""/content/drive/MyDrive/olx_gamesentertainment_dataset/images/games_6d0916a6e4/1.jpg"", ""/content/drive/MyDrive/olx_gamesentertainment_dataset/images/games_6d0916a6e4/2.jpg"", ""/content/drive/MyDrive/olx_gamesentertainment_dataset/images/games_6d0916a6e4/3.jpg"", ""/content/drive/MyDrive/olx_gamesentertainment_dataset/images/games_6d0916a6e4/4.jpg"", ""/content/drive/MyDrive/olx_gamesentertainment_dataset/images/games_6d0916a6e4/5.jpg"", ""/content/drive/MyDrive/olx_gamesentertainment_dataset/images/games_6d0916a6e4/6.jpg"", ""/content/drive/MyDrive/olx_gamesentertainment_dataset/images/games_6d0916a6e4/7.jpg"", ""/content/drive/MyDrive/olx_gamesentertainment_dataset/images/games_6d0916a6e4/8.jpg"", ""/content/drive/MyDrive/olx_gamesentertainment_dataset/images/games_6d0916a6e4/9.jpg"", ""/content/drive/MyDrive/olx_gamesentertainment_dataset/images/games_6d0916a6e4/10.jpg"", ""/content/drive/MyDrive/olx_gamesentertainment_dataset/images/games_6d0916a6e4/11.jpg"", ""/content/drive/MyDrive/olx_gamesentertainment_dataset/images/games_6d0916a6e4/12.jpg"", ""/content/drive/MyDrive/olx_gamesentertainment_dataset/images/games_6d0916a6e4/13.jpg"", ""/content/drive/MyDrive/olx_gamesentertainment_dataset/images/games_6d0916a6e4/14.jpg"", ""/content/drive/MyDrive/olx_gamesentertainment_dataset/images/games_6d0916a6e4/15.jpg"", ""/content/drive/MyDrive/olx_gamesentertainment_dataset/images/games_6d0916a6e4/16.jpg"", ""/content/drive/MyDrive/olx_gamesentertainment_dataset/images/games_6d0916a6e4/17.jpg"", ""/content/drive/MyDrive/olx_gamesentertainment_dataset/images/games_6d0916a6e4/18.jpg"", ""/content/drive/MyDrive/olx_gamesentertainment_dataset/images/games_6d0916a6e4/19.jpg"", ""/content/drive/MyDrive/olx_gamesentertainment_dataset/images/games_6d0916a6e4/20.jpg"", ""/content/drive/MyDrive/olx_gamesentertainment_dataset/images/games_6d0916a6e4/21.jpg"", ""/content/drive/MyDrive/olx_gamesentertainment_dataset/images/games_6d0916a6e4/22.jpg"", ""/content/drive/MyDrive/olx_gamesentertainment_dataset/images/games_6d0916a6e4/23.jpg"", ""/content/drive/MyDrive/olx_gamesentertainment_dataset/images/games_6d0916a6e4/24.jpg"", ""/content/drive/MyDrive/olx_gamesentertainment_dataset/images/games_6d0916a6e4/25.jpg"", ""/content/drive/MyDrive/olx_gamesentertainment_dataset/images/games_6d0916a6e4/26.jpg"", ""/content/drive/MyDrive/olx_gamesentertainment_dataset/images/games_6d0916a6e4/27.jpg"", ""/content/drive/MyDrive/olx_gamesentertainment_dataset/images/games_6d0916a6e4/28.jpg"", ""/content/drive/MyDrive/olx_gamesentertainment_dataset/images/games_6d0916a6e4/29.jpg"", ""/content/drive/MyDrive/olx_gamesentertainment_dataset/images/games_6d0916a6e4/30.jpg"", ""/content/drive/MyDrive/olx_gamesentertainment_dataset/images/games_6d0916a6e4/31.jpg"", ""/content/drive/MyDrive/olx_gamesentertainment_dataset/images/games_6d0916a6e4/32.jpg"", ""/content/drive/MyDrive/olx_gamesentertainment_dataset/images/games_6d0916a6e4/33.jpg"", ""/content/drive/MyDrive/olx_gamesentertainment_dataset/images/games_6d0916a6e4/34.jpg"", ""/content/drive/MyDrive/olx_gamesentertainment_dataset/images/games_6d0916a6e4/35.jpg"", ""/content/drive/MyDrive/olx_gamesentertainment_dataset/images/games_6d0916a6e4/36.jpg"", ""/content/drive/MyDrive/olx_gamesentertainment_dataset/images/games_6d0916a6e4/37.jpg"", ""/content/drive/MyDrive/olx_gamesentertainment_dataset/images/games_6d0916a6e4/38.jpg"", ""/content/drive/MyDrive/olx_gamesentertainment_dataset/images/games_6d0916a6e4/39.jpg"", ""/content/drive/MyDrive/olx_gamesentertainment_dataset/images/games_6d0916a6e4/40.jpg"", ""/content/drive/MyDrive/olx_gamesentertainment_dataset/images/games_6d0916a6e4/41.jpg"", ""/content/drive/MyDrive/olx_gamesentertainment_dataset/images/games_6d0916a6e4/42.jpg"", ""/content/drive/MyDrive/olx_gamesentertainment_dataset/images/games_6d0916a6e4/43.jpg"", ""/content/drive/MyDrive/olx_gamesentertainment_dataset/images/games_6d0916a6e4/44.jpg"", ""/content/drive/MyDrive/olx_gamesentertainment_dataset/images/games_6d0916a6e4/45.jpg"", ""/content/drive/MyDrive/olx_gamesentertainment_dataset/images/games_6d0916a6e4/46.jpg"", ""/content/drive/MyDrive/olx_gamesentertainment_dataset/images/games_6d0916a6e4/47.jpg"", ""/content/drive/MyDrive/olx_gamesentertainment_dataset/images/games_6d0916a6e4/48.jpg"", ""/content/drive/MyDrive/olx_gamesentertainment_dataset/images/games_6d0916a6e4/49.jpg"", ""/content/drive/MyDrive/olx_gamesentertainment_dataset/images/games_6d0916a6e4/50.jpg"", ""/content/drive/MyDrive/olx_gamesentertainment_dataset/images/games_6d0916a6e4/51.jpg"", ""/content/drive/MyDrive/olx_gamesentertainment_dataset/images/games_6d0916a6e4/52.jpg"", ""/content/drive/MyDrive/olx_gamesentertainment_dataset/images/games_6d0916a6e4/53.jpg""]",53,2025-12-08 06:24:51.907431
games_6b6d9fe844,https://www.olx.in/item/games-entertainment-c93-playstation-4-slim-1tb-2-controllers-charging-stand-3-top-games-in-sector-2-greater-noida-iid-1827643617,PlayStation 4 Slim 1TB – 2 Controllers + Charging Stand + 3 Top Games,"Here’s your chance to grab a complete PS4 Slim 1TB gaming bundle loaded with everything you need. What’s Included: Sony PlayStation 4 Slim (1TB, Jet Black) – Clean, fully functional, no heating or performance issues. 2 Original DualShock 4 Controllers – Both Sony originals, responsive buttons, smooth sticks, perfect for co-op play. All-in-One PS4 Vertical Cooling & Charging Stand – Comes with 3 cooling fans, dual charging dock for controllers, USB ports, and space to store 12 game discs. Three Premium Game Discs: 1) Uncharted 4: A Thief’s End 2) The Last of Us Remastered 3) Shadow of the Tomb Raider Why This Is an Amazing Deal: If bought separately: PS4 Slim 1TB – ₹31,784 DualShock 4 Controller (x2) – ₹9,698 (₹4,849 each) Cooling/Charging Stand – ₹1,399 3 Game Discs – ₹5,188 total Total New Price: ₹48,000 My Offer: Just ₹25,000 (Complete Bundle) That’s nearly 50% less than buying new with everything in great working condition and ready to plug and play! Condition: Console and accessories are gently used and well maintained. Discs are clean and load perfectly. Comes with all necessary cables and power cord. Perfect For: First-time gamers wanting a complete setup. Families or friends who love local multiplayer. Anyone who wants premium titles and accessories in one go. Location: [Greater Noida, e.g. Supertech Eco Village 1] Price: ₹25,000 Pickup available upon request. - Games & Entertainment",31784,"[""/content/drive/MyDrive/olx_gamesentertainment_dataset/images/games_6b6d9fe844/1.jpg"", ""/content/drive/MyDrive/olx_gamesentertainment_dataset/images/games_6b6d9fe844/2.jpg"", ""/content/drive/MyDrive/olx_gamesentertainment_dataset/images/games_6b6d9fe844/3.jpg"", ""/content/drive/MyDrive/olx_gamesentertainment_dataset/images/games_6b6d9fe844/4.jpg"", ""/content/drive/MyDrive/olx_gamesentertainment_dataset/images/games_6b6d9fe844/5.jpg"", ""/content/drive/MyDrive/olx_gamesentertainment_dataset/images/games_6b6d9fe844/6.jpg"", ""/content/drive/MyDrive/olx_gamesentertainment_dataset/images/games_6b6d9fe844/7.jpg"", ""/content/drive/MyDrive/olx_gamesentertainment_dataset/images/games_6b6d9fe844/8.jpg"", ""/content/drive/MyDrive/olx_gamesentertainment_dataset/images/games_6b6d9fe844/9.jpg"", ""/content/drive/MyDrive/olx_gamesentertainment_dataset/images/games_6b6d9fe844/10.jpg"", ""/content/drive/MyDrive/olx_gamesentertainment_dataset/images/games_6b6d9fe844/11.jpg"", ""/content/drive/MyDrive/olx_gamesentertainment_dataset/images/games_6b6d9fe844/12.jpg"", ""/content/drive/MyDrive/olx_gamesentertainment_dataset/images/games_6b6d9fe844/13.jpg"", ""/content/drive/MyDrive/olx_gamesentertainment_dataset/images/games_6b6d9fe844/14.jpg""]",14,2025-12-08 06:25:03.446587
games_0f6808123f,https://www.olx.in/item/games-entertainment-c93-gaming-keyboard-with-mouse-in-shenoy-nagar-aminjikarai-chennai-iid-1828587158,Gaming keyboard with mouse,Gaming pc mouse urgently sale gaming keyboard mouse with usb hub - Games & Entertainment,1000,"[""/content/drive/MyDrive/olx_gamesentertainment_dataset/images/games_0f6808123f/1.jpg"", ""/content/drive/MyDrive/olx_gamesentertainment_dataset/images/games_0f6808123f/2.jpg"", ""/content/drive/MyDrive/olx_gamesentertainment_dataset/images/games_0f6808123f/3.jpg"", ""/content/drive/MyDrive/olx_gamesentertainment_dataset/images/games_0f6808123f/4.jpg"", ""/content/drive/MyDrive/olx_gamesentertainment_dataset/images/games_0f6808123f/5.jpg"", ""/content/drive/MyDrive/olx_gamesentertainment_dataset/images/games_0f6808123f/6.jpg"", ""/content/drive/MyDrive/olx_gamesentertainment_dataset/images/games_0f6808123f/7.jpg"", ""/content/drive/MyDrive/olx_gamesentertainment_dataset/images/games_0f6808123f/8.jpg"", ""/content/drive/MyDrive/olx_gamesentertainment_dataset/images/games_0f6808123f/9.jpg"", ""/content/drive/MyDrive/olx_gamesentertainment_dataset/images/games_0f6808123f/10.jpg"", ""/content/drive/MyDrive/olx_gamesentertainment_dataset/images/games_0f6808123f/11.jpg"", ""/content/drive/MyDrive/olx_gamesentertainment_dataset/images/games_0f6808123f/12.jpg"", ""/content/drive/MyDrive/olx_gamesentertainment_dataset/images/games_0f6808123f/13.jpg"", ""/content/drive/MyDrive/olx_gamesentertainment_dataset/images/games_0f6808123f/14.jpg""]",14,2025-12-08 06:25:13.846175
games_d7bc72bcea,https://www.olx.in/item/games-entertainment-c93-sony-ps4-fat-500gb-original-controller-in-baner-pune-iid-1827109454,Sony PS4 FAT 500GB / Original Controller,"PS4 FAT 500GB Console Original Sony DualShock 4 Controller HDMI Cable Power Cable USB Charging Cable About the Console: 500GB storage – good for multiple games Clean condition, fully checked Runs smoothly without any issues No repairs, no faults Warranty: 1 Month Testing Warranty by Prime Computers, Kharadi Why Buy This PS4: Genuine Sony controller included All cables provided Perfect for gaming, streaming, and movies Location: Prime Computers, Kharadi - Games & Entertainment",15000,"[""/content/drive/MyDrive/olx_gamesentertainment_dataset/images/games_d7bc72bcea/1.jpg"", ""/content/drive/MyDrive/olx_gamesentertainment_dataset/images/games_d7bc72bcea/2.jpg"", ""/content/drive/MyDrive/olx_gamesentertainment_dataset/images/games_d7bc72bcea/3.jpg"", ""/content/drive/MyDrive/olx_gamesentertainment_dataset/images/games_d7bc72bcea/4.jpg"", ""/content/drive/MyDrive/olx_gamesentertainment_dataset/images/games_d7bc72bcea/5.jpg"", ""/content/drive/MyDrive/olx_gamesentertainment_dataset/images/games_d7bc72bcea/6.jpg"", ""/content/drive/MyDrive/olx_gamesentertainment_dataset/images/games_d7bc72bcea/7.jpg"", ""/content/drive/MyDrive/olx_gamesentertainment_dataset/images/games_d7bc72bcea/8.jpg"", ""/content/drive/MyDrive/olx_gamesentertainment_dataset/images/games_d7bc72bcea/9.jpg"", ""/content/drive/MyDrive/olx_gamesentertainment_dataset/images/games_d7bc72bcea/10.jpg"", ""/content/drive/MyDrive/olx_gamesentertainment_dataset/images/games_d7bc72bcea/11.jpg"", ""/content/drive/MyDrive/olx_gamesentertainment_dataset/images/games_d7bc72bcea/12.jpg"", ""/content/drive/MyDrive/olx_gamesentertainment_dataset/images/games_d7bc72bcea/13.jpg"", ""/content/drive/MyDrive/olx_gamesentertainment_dataset/images/games_d7bc72bcea/14.jpg""]",14,2025-12-08 06:25:23.480868
games_e4189c86bd,https://www.olx.in/item/games-entertainment-c93-ps5-slim-edition-with-disc-inserter-3-months-old-in-nilaje-n-v-thane-iid-1827502819,PS5 slim edition with disc inserter 3 months old,PS5 slim edition with disc inserter warranty included - Games & Entertainment,45000,"[""/content/drive/MyDrive/olx_gamesentertainment_dataset/images/games_e4189c86bd/1.jpg"", ""/content/drive/MyDrive/olx_gamesentertainment_dataset/images/games_e4189c86bd/2.jpg"", ""/content/drive/MyDrive/olx_gamesentertainment_dataset/images/games_e4189c86bd/3.jpg"", ""/content/drive/MyDrive/olx_gamesentertainment_dataset/images/games_e4189c86bd/4.jpg"", ""/content/drive/MyDrive/olx_gamesentertainment_dataset/images/games_e4189c86bd/5.jpg"", ""/content/drive/MyDrive/olx_gamesentertainment_dataset/images/games_e4189c86bd/6.jpg"", ""/content/drive/MyDrive/olx_gamesentertainment_dataset/images/games_e4189c86bd/7.jpg"", ""/content/drive/MyDrive/olx_gamesentertainment_dataset/images/games_e4189c86bd/8.jpg"", ""/content/drive/MyDrive/olx_gamesentertainment_dataset/images/games_e4189c86bd/9.jpg"", ""/content/drive/MyDrive/olx_gamesentertainment_dataset/images/games_e4189c86bd/10.jpg"", ""/content/drive/MyDrive/olx_gamesentertainment_dataset/images/games_e4189c86bd/11.jpg"", ""/content/drive/MyDrive/olx_gamesentertainment_dataset/images/games_e4189c86bd/12.jpg"", ""/content/drive/MyDrive/olx_gamesentertainment_dataset/images/games_e4189c86bd/13.jpg"", ""/content/drive/MyDrive/olx_gamesentertainment_dataset/images/games_e4189c86bd/14.jpg""]",14,2025-12-08 06:25:34.743510
games_0619a92ea2,https://www.olx.in/item/games-entertainment-c93-meta-quest-3-meta-quest-3s-available-in-sector-35d-chandigarh-iid-1760197398,"Meta quest 3, meta quest 3s, available","Meta quest 3 ₹- 49990 sealed pack Meta quest 3 ₹-52990 Meta quest 3s ₹- 31990 meta quest 2 and other vr oculus available Nintendo switch, PlayStation, Xbox also available Ps5 , PS4, Xbox, dvds available Pc controller, Android remote, mobile gaming controller available Store address Chandigarh video games Booth no 160 sector 35 d Chandigarh - Games & Entertainment",31990,"[""/content/drive/MyDrive/olx_gamesentertainment_dataset/images/games_0619a92ea2/1.jpg"", ""/content/drive/MyDrive/olx_gamesentertainment_dataset/images/games_0619a92ea2/2.jpg"", ""/content/drive/MyDrive/olx_gamesentertainment_dataset/images/games_0619a92ea2/3.jpg"", ""/content/drive/MyDrive/olx_gamesentertainment_dataset/images/games_0619a92ea2/4.jpg"", ""/content/drive/MyDrive/olx_gamesentertainment_dataset/images/games_0619a92ea2/5.jpg"", ""/content/drive/MyDrive/olx_gamesentertainment_dataset/images/games_0619a92ea2/6.jpg"", ""/content/drive/MyDrive/olx_gamesentertainment_dataset/images/games_0619a92ea2/7.jpg"", ""/content/drive/MyDrive/olx_gamesentertainment_dataset/images/games_0619a92ea2/8.jpg"", ""/content/drive/MyDrive/olx_gamesentertainment_dataset/images/games_0619a92ea2/9.jpg"", ""/content/drive/MyDrive/olx_gamesentertainment_dataset/images/games_0619a92ea2/10.jpg"", ""/content/drive/MyDrive/olx_gamesentertainment_dataset/images/games_0619a92ea2/11.jpg"", ""/content/drive/MyDrive/olx_gamesentertainment_dataset/images/games_0619a92ea2/12.jpg"", ""/content/drive/MyDrive/olx_gamesentertainment_dataset/images/games_0619a92ea2/13.jpg"", ""/content/drive/MyDrive/olx_gamesentertainment_dataset/images/games_0619a92ea2/14.jpg""]",14,2025-12-08 06:25:44.592127
games_17727ddb46,https://www.olx.in/item/games-entertainment-c93-sell-for-fc-23-in-alli-nagar-kasaragod-iid-1828585553,Sell for fc 23,"Me don,t like football - Games & Entertainment",1900,"[""/content/drive/MyDrive/olx_gamesentertainment_dataset/images/games_17727ddb46/1.jpg"", ""/content/drive/MyDrive/olx_gamesentertainment_dataset/images/games_17727ddb46/2.jpg"", ""/content/drive/MyDrive/olx_gamesentertainment_dataset/images/games_17727ddb46/3.jpg"", ""/content/drive/MyDrive/olx_gamesentertainment_dataset/images/games_17727ddb46/4.jpg"", ""/content/drive/MyDrive/olx_gamesentertainment_dataset/images/games_17727ddb46/5.jpg"", ""/content/drive/MyDrive/olx_gamesentertainment_dataset/images/games_17727ddb46/6.jpg"", ""/content/drive/MyDrive/olx_gamesentertainment_dataset/images/games_17727ddb46/7.jpg"", ""/content/drive/MyDrive/olx_gamesentertainment_dataset/images/games_17727ddb46/8.jpg"", ""/content/drive/MyDrive/olx_gamesentertainment_dataset/images/games_17727ddb46/9.jpg"", ""/content/drive/MyDrive/olx_gamesentertainment_dataset/images/games_17727ddb46/10.jpg"", ""/content/drive/MyDrive/olx_gamesentertainment_dataset/images/games_17727ddb46/11.jpg"", ""/content/drive/MyDrive/olx_gamesentertainment_dataset/images/games_17727ddb46/12.jpg"", ""/content/drive/MyDrive/olx_gamesentertainment_dataset/images/games_17727ddb46/13.jpg"", ""/content/drive/MyDrive/olx_gamesentertainment_dataset/images/games_17727ddb46/14.jpg""]",14,2025-12-08 06:26:16.104914
games_78c7f43e23,https://www.olx.in/item/games-entertainment-c93-xbox-360-kinect-perfect-working-in-nihal-vihar-delhi-iid-1828585996,XBOX 360 KINECT Perfect Working,XBOX 360 KINECT Perfect Condition Works Verry Well In Playstation Xbox And Pc/ Laptop As a HD 360 Degree Webcam - Games & Entertainment,1250,"[""/content/drive/MyDrive/olx_gamesentertainment_dataset/images/games_78c7f43e23/1.jpg"", ""/content/drive/MyDrive/olx_gamesentertainment_dataset/images/games_78c7f43e23/2.jpg"", ""/content/drive/MyDrive/olx_gamesentertainment_dataset/images/games_78c7f43e23/3.jpg"", ""/content/drive/MyDrive/olx_gamesentertainment_dataset/images/games_78c7f43e23/4.jpg"", ""/content/drive/MyDrive/olx_gamesentertainment_dataset/images/games_78c7f43e23/5.jpg"", ""/content/drive/MyDrive/olx_gamesentertainment_dataset/images/games_78c7f43e23/6.jpg"", ""/content/drive/MyDrive/olx_gamesentertainment_dataset/images/games_78c7f43e23/7.jpg"", ""/content/drive/MyDrive/olx_gamesentertainment_dataset/images/games_78c7f43e23/8.jpg"", ""/content/drive/MyDrive/olx_gamesentertainment_dataset/images/games_78c7f43e23/9.jpg"", ""/content/drive/MyDrive/olx_gamesentertainment_dataset/images/games_78c7f43e23/10.jpg"", ""/content/drive/MyDrive/olx_gamesentertainment_dataset/images/games_78c7f43e23/11.jpg"", ""/content/drive/MyDrive/olx_gamesentertainment_dataset/images/games_78c7f43e23/12.jpg"", ""/content/drive/MyDrive/olx_gamesentertainment_dataset/images/games_78c7f43e23/13.jpg"", ""/content/drive/MyDrive/olx_gamesentertainment_dataset/images/games_78c7f43e23/14.jpg""]",14,2025-12-08 06:26:26.587323
games_a525f18afc,https://www.olx.in/item/games-entertainment-c93-logitech-g923-racing-wheel-pedal-and-gear-shifter-in-bondel-mangaluru-iid-1828590090,"Logitech G923 Racing Wheel, Pedal and Gear Shifter","Logitech G923 Racing Wheel and Pedals, TRUEFORCE Feedback, Responsive Driving Design, Dual Clutch Launch Control, Genuine Leather Steering Wheel Cover, for PS5, PS4, PC, Mac - Black Logitech G Driving Force Racing Wheels Shifter for G29, G920 & G923, 6 Speed, Push Down Reverse Gear, Steel and Leather Construction - Black New and barely used. Both items within Warranty. Purchased July 2025 (2 Years Logitech Warranty) - Games & Entertainment",50499,"[""/content/drive/MyDrive/olx_gamesentertainment_dataset/images/games_a525f18afc/1.jpg"", ""/content/drive/MyDrive/olx_gamesentertainment_dataset/images/games_a525f18afc/2.jpg"", ""/content/drive/MyDrive/olx_gamesentertainment_dataset/images/games_a525f18afc/3.jpg"", ""/content/drive/MyDrive/olx_gamesentertainment_dataset/images/games_a525f18afc/4.jpg"", ""/content/drive/MyDrive/olx_gamesentertainment_dataset/images/games_a525f18afc/5.jpg"", ""/content/drive/MyDrive/olx_gamesentertainment_dataset/images/games_a525f18afc/6.jpg"", ""/content/drive/MyDrive/olx_gamesentertainment_dataset/images/games_a525f18afc/7.jpg"", ""/content/drive/MyDrive/olx_gamesentertainment_dataset/images/games_a525f18afc/8.jpg"", ""/content/drive/MyDrive/olx_gamesentertainment_dataset/images/games_a525f18afc/9.jpg"", ""/content/drive/MyDrive/olx_gamesentertainment_dataset/images/games_a525f18afc/10.jpg"", ""/content/drive/MyDrive/olx_gamesentertainment_dataset/images/games_a525f18afc/11.jpg"", ""/content/drive/MyDrive/olx_gamesentertainment_dataset/images/games_a525f18afc/12.jpg"", ""/content/drive/MyDrive/olx_gamesentertainment_dataset/images/games_a525f18afc/13.jpg"", ""/content/drive/MyDrive/olx_gamesentertainment_dataset/images/games_a525f18afc/14.jpg""]",14,2025-12-08 06:26:36.728917
games_ec9bf790bc,https://www.olx.in/item/games-entertainment-c93-15-days-old-ps5-disk-edition-in-dispur-guwahati-iid-1826674951,15 days old PS5 Disk Edition,"Selling my Brand New PlayStation 5 Disc Edition which is only 15 days old and in absolutely mint, like-new condition. It has been barely played as I simply don't have the time to use it and already own a high-end gaming PC, so it's just sitting idle. The console comes complete with all original accessories and the original box, and is fully covered under the official Sony warranty until Nov 2026. - Games & Entertainment",50000,"[""/content/drive/MyDrive/olx_gamesentertainment_dataset/images/games_ec9bf790bc/1.jpg"", ""/content/drive/MyDrive/olx_gamesentertainment_dataset/images/games_ec9bf790bc/2.jpg"", ""/content/drive/MyDrive/olx_gamesentertainment_dataset/images/games_ec9bf790bc/3.jpg"", ""/content/drive/MyDrive/olx_gamesentertainment_dataset/images/games_ec9bf790bc/4.jpg"", ""/content/drive/MyDrive/olx_gamesentertainment_dataset/images/games_ec9bf790bc/5.jpg"", ""/content/drive/MyDrive/olx_gamesentertainment_dataset/images/games_ec9bf790bc/6.jpg"", ""/content/drive/MyDrive/olx_gamesentertainment_dataset/images/games_ec9bf790bc/7.jpg"", ""/content/drive/MyDrive/olx_gamesentertainment_dataset/images/games_ec9bf790bc/8.jpg"", ""/content/drive/MyDrive/olx_gamesentertainment_dataset/images/games_ec9bf790bc/9.jpg"", ""/content/drive/MyDrive/olx_gamesentertainment_dataset/images/games_ec9bf790bc/10.jpg"", ""/content/drive/MyDrive/olx_gamesentertainment_dataset/images/games_ec9bf790bc/11.jpg"", ""/content/drive/MyDrive/olx_gamesentertainment_dataset/images/games_ec9bf790bc/12.jpg"", ""/content/drive/MyDrive/olx_gamesentertainment_dataset/images/games_ec9bf790bc/13.jpg"", ""/content/drive/MyDrive/olx_gamesentertainment_dataset/images/games_ec9bf790bc/14.jpg""]",14,2025-12-08 06:26:46.539212
games_656417a38d,https://www.olx.in/item/games-entertainment-c93-ps4-ps5-xbox-and-pc-in-kovilambakkam-susila-nagar-chennai-iid-1821630580,PS4 PS5 Xbox and pc,All game available Pc Xbox Playstation - Games & Entertainment,299,"[""/content/drive/MyDrive/olx_gamesentertainment_dataset/images/games_656417a38d/1.jpg"", ""/content/drive/MyDrive/olx_gamesentertainment_dataset/images/games_656417a38d/2.jpg"", ""/content/drive/MyDrive/olx_gamesentertainment_dataset/images/games_656417a38d/3.jpg"", ""/content/drive/MyDrive/olx_gamesentertainment_dataset/images/games_656417a38d/4.jpg"", ""/content/drive/MyDrive/olx_gamesentertainment_dataset/images/games_656417a38d/5.jpg"", ""/content/drive/MyDrive/olx_gamesentertainment_dataset/images/games_656417a38d/6.jpg"", ""/content/drive/MyDrive/olx_gamesentertainment_dataset/images/games_656417a38d/7.jpg"", ""/content/drive/MyDrive/olx_gamesentertainment_dataset/images/games_656417a38d/8.jpg"", ""/content/drive/MyDrive/olx_gamesentertainment_dataset/images/games_656417a38d/9.jpg"", ""/content/drive/MyDrive/olx_gamesentertainment_dataset/images/games_656417a38d/10.jpg"", ""/content/drive/MyDrive/olx_gamesentertainment_dataset/images/games_656417a38d/11.jpg"", ""/content/drive/MyDrive/olx_gamesentertainment_dataset/images/games_656417a38d/12.jpg"", ""/content/drive/MyDrive/olx_gamesentertainment_dataset/images/games_656417a38d/13.jpg"", ""/content/drive/MyDrive/olx_gamesentertainment_dataset/images/games_656417a38d/14.jpg""]",14,2025-12-08 06:26:57.496774
games_b42585cad3,https://www.olx.in/item/games-entertainment-c93-playstation-3-in-airport-road-mohali-iid-1826700831,PlayStation 3,PlayStation 3 With 10games 2 Remote & 2CD - Games & Entertainment,10000,"[""/content/drive/MyDrive/olx_gamesentertainment_dataset/images/games_b42585cad3/1.jpg"", ""/content/drive/MyDrive/olx_gamesentertainment_dataset/images/games_b42585cad3/2.jpg"", ""/content/drive/MyDrive/olx_gamesentertainment_dataset/images/games_b42585cad3/3.jpg"", ""/content/drive/MyDrive/olx_gamesentertainment_dataset/images/games_b42585cad3/4.jpg"", ""/content/drive/MyDrive/olx_gamesentertainment_dataset/images/games_b42585cad3/5.jpg"", ""/content/drive/MyDrive/olx_gamesentertainment_dataset/images/games_b42585cad3/6.jpg"", ""/content/drive/MyDrive/olx_gamesentertainment_dataset/images/games_b42585cad3/7.jpg"", ""/content/drive/MyDrive/olx_gamesentertainment_dataset/images/games_b42585cad3/8.jpg"", ""/content/drive/MyDrive/olx_gamesentertainment_dataset/images/games_b42585cad3/9.jpg"", ""/content/drive/MyDrive/olx_gamesentertainment_dataset/images/games_b42585cad3/10.jpg"", ""/content/drive/MyDrive/olx_gamesentertainment_dataset/images/games_b42585cad3/11.jpg"", ""/content/drive/MyDrive/olx_gamesentertainment_dataset/images/games_b42585cad3/12.jpg"", ""/content/drive/MyDrive/olx_gamesentertainment_dataset/images/games_b42585cad3/13.jpg"", ""/content/drive/MyDrive/olx_gamesentertainment_dataset/images/games_b42585cad3/14.jpg""]",14,2025-12-08 06:27:08.715832
games_ed3923fec0,https://www.olx.in/item/games-entertainment-c93-sony-playstation-4-fat-500gb-storage-in-wagholi-pune-iid-1827108865,Sony PlayStation 4 FAT / 500GB Storage,"Sony PlayStation 4 FAT / 500GB Storage / Original DualShock Controller / All Cables Included Fully working PS4 FAT edition in great condition. Ideal for gaming, entertainment, and streaming. Ready to plug and play. Details: Sony PS4 FAT Model 500GB Internal Storage Original Sony DualShock 4 Wireless Controller All Original Cables Included (HDMI, Power Cable, USB Charger) Condition: Well-maintained and fully tested No issues, no repairs Smooth performance Warranty: 1 Month Testing Warranty backed by Prime Computers, Kharadi Highlights: Perfect for gaming and media Comes with original controller Clean and ready to use Location: Prime Computers, Kharadi - Games & Entertainment",15500,"[""/content/drive/MyDrive/olx_gamesentertainment_dataset/images/games_ed3923fec0/1.jpg"", ""/content/drive/MyDrive/olx_gamesentertainment_dataset/images/games_ed3923fec0/2.jpg"", ""/content/drive/MyDrive/olx_gamesentertainment_dataset/images/games_ed3923fec0/3.jpg"", ""/content/drive/MyDrive/olx_gamesentertainment_dataset/images/games_ed3923fec0/4.jpg"", ""/content/drive/MyDrive/olx_gamesentertainment_dataset/images/games_ed3923fec0/5.jpg"", ""/content/drive/MyDrive/olx_gamesentertainment_dataset/images/games_ed3923fec0/6.jpg"", ""/content/drive/MyDrive/olx_gamesentertainment_dataset/images/games_ed3923fec0/7.jpg"", ""/content/drive/MyDrive/olx_gamesentertainment_dataset/images/games_ed3923fec0/8.jpg"", ""/content/drive/MyDrive/olx_gamesentertainment_dataset/images/games_ed3923fec0/9.jpg"", ""/content/drive/MyDrive/olx_gamesentertainment_dataset/images/games_ed3923fec0/10.jpg"", ""/content/drive/MyDrive/olx_gamesentertainment_dataset/images/games_ed3923fec0/11.jpg"", ""/content/drive/MyDrive/olx_gamesentertainment_dataset/images/games_ed3923fec0/12.jpg"", ""/content/drive/MyDrive/olx_gamesentertainment_dataset/images/games_ed3923fec0/13.jpg"", ""/content/drive/MyDrive/olx_gamesentertainment_dataset/images/games_ed3923fec0/14.jpg""]",14,2025-12-08 06:27:26.781473
games_3b81fea33f,https://www.olx.in/item/games-entertainment-c93-ps5-30th-anniversary-edition-in-sector-11b-chandigarh-iid-1808953488,PS5 30th Anniversary edition,"Brand new and sealed PS5 30th Anniversary edition for sale. Limited units released by Sony, bill available - Games & Entertainment",70000,"[""/content/drive/MyDrive/olx_gamesentertainment_dataset/images/games_3b81fea33f/1.jpg"", ""/content/drive/MyDrive/olx_gamesentertainment_dataset/images/games_3b81fea33f/2.jpg"", ""/content/drive/MyDrive/olx_gamesentertainment_dataset/images/games_3b81fea33f/3.jpg"", ""/content/drive/MyDrive/olx_gamesentertainment_dataset/images/games_3b81fea33f/4.jpg"", ""/content/drive/MyDrive/olx_gamesentertainment_dataset/images/games_3b81fea33f/5.jpg"", ""/content/drive/MyDrive/olx_gamesentertainment_dataset/images/games_3b81fea33f/6.jpg"", ""/content/drive/MyDrive/olx_gamesentertainment_dataset/images/games_3b81fea33f/7.jpg"", ""/content/drive/MyDrive/olx_gamesentertainment_dataset/images/games_3b81fea33f/8.jpg"", ""/content/drive/MyDrive/olx_gamesentertainment_dataset/images/games_3b81fea33f/9.jpg"", ""/content/drive/MyDrive/olx_gamesentertainment_dataset/images/games_3b81fea33f/10.jpg"", ""/content/drive/MyDrive/olx_gamesentertainment_dataset/images/games_3b81fea33f/11.jpg"", ""/content/drive/MyDrive/olx_gamesentertainment_dataset/images/games_3b81fea33f/12.jpg"", ""/content/drive/MyDrive/olx_gamesentertainment_dataset/images/games_3b81fea33f/13.jpg"", ""/content/drive/MyDrive/olx_gamesentertainment_dataset/images/games_3b81fea33f/14.jpg""]",14,2025-12-08 06:27:36.555652
games_ee3465c8cc,https://www.olx.in/item/games-entertainment-c93-7months-used-ps5-in-hyderabad-telangana-iid-1828585233,7months used PS5,7 months used. - Games & Entertainment,40000,"[""/content/drive/MyDrive/olx_gamesentertainment_dataset/images/games_ee3465c8cc/1.jpg"", ""/content/drive/MyDrive/olx_gamesentertainment_dataset/images/games_ee3465c8cc/2.jpg"", ""/content/drive/MyDrive/olx_gamesentertainment_dataset/images/games_ee3465c8cc/3.jpg"", ""/content/drive/MyDrive/olx_gamesentertainment_dataset/images/games_ee3465c8cc/4.jpg"", ""/content/drive/MyDrive/olx_gamesentertainment_dataset/images/games_ee3465c8cc/5.jpg"", ""/content/drive/MyDrive/olx_gamesentertainment_dataset/images/games_ee3465c8cc/6.jpg"", ""/content/drive/MyDrive/olx_gamesentertainment_dataset/images/games_ee3465c8cc/7.jpg"", ""/content/drive/MyDrive/olx_gamesentertainment_dataset/images/games_ee3465c8cc/8.jpg"", ""/content/drive/MyDrive/olx_gamesentertainment_dataset/images/games_ee3465c8cc/9.jpg"", ""/content/drive/MyDrive/olx_gamesentertainment_dataset/images/games_ee3465c8cc/10.jpg"", ""/content/drive/MyDrive/olx_gamesentertainment_dataset/images/games_ee3465c8cc/11.jpg"", ""/content/drive/MyDrive/olx_gamesentertainment_dataset/images/games_ee3465c8cc/12.jpg"", ""/content/drive/MyDrive/olx_gamesentertainment_dataset/images/games_ee3465c8cc/13.jpg"", ""/content/drive/MyDrive/olx_gamesentertainment_dataset/images/games_ee3465c8cc/14.jpg""]",14,2025-12-08 06:28:03.341801
games_25f7770619,https://www.olx.in/item/games-entertainment-c93-portable-dvd-player-98-in-kachiguda-hyderabad-iid-1828588021,Portable DVD player 9.8,Portable DVD player Connect to TV Play Video Games. Games controller and DVD with games included Watch 3D movies. DVD with 4 movies included. TV antenna included Can use USB or memory cards - Games & Entertainment,2500,"[""/content/drive/MyDrive/olx_gamesentertainment_dataset/images/games_25f7770619/1.jpg"", ""/content/drive/MyDrive/olx_gamesentertainment_dataset/images/games_25f7770619/2.jpg"", ""/content/drive/MyDrive/olx_gamesentertainment_dataset/images/games_25f7770619/3.jpg"", ""/content/drive/MyDrive/olx_gamesentertainment_dataset/images/games_25f7770619/4.jpg"", ""/content/drive/MyDrive/olx_gamesentertainment_dataset/images/games_25f7770619/5.jpg"", ""/content/drive/MyDrive/olx_gamesentertainment_dataset/images/games_25f7770619/6.jpg"", ""/content/drive/MyDrive/olx_gamesentertainment_dataset/images/games_25f7770619/7.jpg"", ""/content/drive/MyDrive/olx_gamesentertainment_dataset/images/games_25f7770619/8.jpg"", ""/content/drive/MyDrive/olx_gamesentertainment_dataset/images/games_25f7770619/9.jpg"", ""/content/drive/MyDrive/olx_gamesentertainment_dataset/images/games_25f7770619/10.jpg"", ""/content/drive/MyDrive/olx_gamesentertainment_dataset/images/games_25f7770619/11.jpg"", ""/content/drive/MyDrive/olx_gamesentertainment_dataset/images/games_25f7770619/12.jpg"", ""/content/drive/MyDrive/olx_gamesentertainment_dataset/images/games_25f7770619/13.jpg"", ""/content/drive/MyDrive/olx_gamesentertainment_dataset/images/games_25f7770619/14.jpg""]",14,2025-12-08 06:28:14.884366
games_eb1fa15e92,https://www.olx.in/item/games-entertainment-c93-rog-ally-x-7-120hz-fhd-1080p-gaming-handheld-amd-ryzen-z1-24gb-in-mysore-university-layout-mysuru-iid-1828583747,ROG Ally X 7 120Hz FHD 1080p Gaming Handheld - AMD Ryzen Z1 - 24GB,ROG Ally X 7 120Hz FHD 1080p Gaming Handheld - AMD Ryzen Z1 - 24GB with 1TB SSD Platform windows Color Black Year Manufactured 2024 Item Length 11 in Item Depth 11 in Brand asus Type Handheld System Manufacturer Warranty 1 Year Model ROG Ally X 7 Connectivity USB-C Charger Included Yes Features Wi-Fi Capability Storage Capacity 1 TB Resolution 1080p (FHD) Category Video Games & Consoles > Video Game Consoles - Games & Entertainment,31500,"[""/content/drive/MyDrive/olx_gamesentertainment_dataset/images/games_eb1fa15e92/1.jpg"", ""/content/drive/MyDrive/olx_gamesentertainment_dataset/images/games_eb1fa15e92/2.jpg"", ""/content/drive/MyDrive/olx_gamesentertainment_dataset/images/games_eb1fa15e92/3.jpg"", ""/content/drive/MyDrive/olx_gamesentertainment_dataset/images/games_eb1fa15e92/4.jpg"", ""/content/drive/MyDrive/olx_gamesentertainment_dataset/images/games_eb1fa15e92/5.jpg"", ""/content/drive/MyDrive/olx_gamesentertainment_dataset/images/games_eb1fa15e92/6.jpg"", ""/content/drive/MyDrive/olx_gamesentertainment_dataset/images/games_eb1fa15e92/7.jpg"", ""/content/drive/MyDrive/olx_gamesentertainment_dataset/images/games_eb1fa15e92/8.jpg"", ""/content/drive/MyDrive/olx_gamesentertainment_dataset/images/games_eb1fa15e92/9.jpg"", ""/content/drive/MyDrive/olx_gamesentertainment_dataset/images/games_eb1fa15e92/10.jpg"", ""/content/drive/MyDrive/olx_gamesentertainment_dataset/images/games_eb1fa15e92/11.jpg"", ""/content/drive/MyDrive/olx_gamesentertainment_dataset/images/games_eb1fa15e92/12.jpg"", ""/content/drive/MyDrive/olx_gamesentertainment_dataset/images/games_eb1fa15e92/13.jpg"", ""/content/drive/MyDrive/olx_gamesentertainment_dataset/images/games_eb1fa15e92/14.jpg"", ""/content/drive/MyDrive/olx_gamesentertainment_dataset/images/games_eb1fa15e92/15.jpg"", ""/content/drive/MyDrive/olx_gamesentertainment_dataset/images/games_eb1fa15e92/16.jpg""]",16,2025-12-08 06:28:25.231988
games_24260cc167,https://www.olx.in/item/games-entertainment-c93-ps2-55game-160gb-harddisk-sony-playstation-ps-video-game-console-in-vijay-nagar-indore-iid-1825985718,PS2 55+Game 160GB Harddisk (Sony PlayStation PS Video Game Console),Sony PlayStation 2 Console 160GB Harddisk 55+Games 2 Remote Controllers 8MB MemoryCard Power Supply AV Cable Everything is original and in new like condition - Games & Entertainment,6000,"[""/content/drive/MyDrive/olx_gamesentertainment_dataset/images/games_24260cc167/1.jpg"", ""/content/drive/MyDrive/olx_gamesentertainment_dataset/images/games_24260cc167/2.jpg"", ""/content/drive/MyDrive/olx_gamesentertainment_dataset/images/games_24260cc167/3.jpg"", ""/content/drive/MyDrive/olx_gamesentertainment_dataset/images/games_24260cc167/4.jpg"", ""/content/drive/MyDrive/olx_gamesentertainment_dataset/images/games_24260cc167/5.jpg"", ""/content/drive/MyDrive/olx_gamesentertainment_dataset/images/games_24260cc167/6.jpg"", ""/content/drive/MyDrive/olx_gamesentertainment_dataset/images/games_24260cc167/7.jpg"", ""/content/drive/MyDrive/olx_gamesentertainment_dataset/images/games_24260cc167/8.jpg"", ""/content/drive/MyDrive/olx_gamesentertainment_dataset/images/games_24260cc167/9.jpg"", ""/content/drive/MyDrive/olx_gamesentertainment_dataset/images/games_24260cc167/10.jpg"", ""/content/drive/MyDrive/olx_gamesentertainment_dataset/images/games_24260cc167/11.jpg"", ""/content/drive/MyDrive/olx_gamesentertainment_dataset/images/games_24260cc167/12.jpg"", ""/content/drive/MyDrive/olx_gamesentertainment_dataset/images/games_24260cc167/13.jpg"", ""/content/drive/MyDrive/olx_gamesentertainment_dataset/images/games_24260cc167/14.jpg""]",14,2025-12-08 06:28:33.920364
games_fb3ca13045,https://www.olx.in/item/games-entertainment-c93-ps4-as-good-as-new-rarely-used-gaming-console-used-in-jp-nagar-bengaluru-iid-1745051842,Ps4 as good as new rarely used gaming console used,Used and new all types of Playstation 4 consoles available for sale and swap Used ps4 500gb console starts from 15000 - Games & Entertainment,15000,"[""/content/drive/MyDrive/olx_gamesentertainment_dataset/images/games_fb3ca13045/1.jpg"", ""/content/drive/MyDrive/olx_gamesentertainment_dataset/images/games_fb3ca13045/2.jpg"", ""/content/drive/MyDrive/olx_gamesentertainment_dataset/images/games_fb3ca13045/3.jpg"", ""/content/drive/MyDrive/olx_gamesentertainment_dataset/images/games_fb3ca13045/4.jpg"", ""/content/drive/MyDrive/olx_gamesentertainment_dataset/images/games_fb3ca13045/5.jpg"", ""/content/drive/MyDrive/olx_gamesentertainment_dataset/images/games_fb3ca13045/6.jpg"", ""/content/drive/MyDrive/olx_gamesentertainment_dataset/images/games_fb3ca13045/7.jpg"", ""/content/drive/MyDrive/olx_gamesentertainment_dataset/images/games_fb3ca13045/8.jpg"", ""/content/drive/MyDrive/olx_gamesentertainment_dataset/images/games_fb3ca13045/9.jpg"", ""/content/drive/MyDrive/olx_gamesentertainment_dataset/images/games_fb3ca13045/10.jpg"", ""/content/drive/MyDrive/olx_gamesentertainment_dataset/images/games_fb3ca13045/11.jpg"", ""/content/drive/MyDrive/olx_gamesentertainment_dataset/images/games_fb3ca13045/12.jpg"", ""/content/drive/MyDrive/olx_gamesentertainment_dataset/images/games_fb3ca13045/13.jpg"", ""/content/drive/MyDrive/olx_gamesentertainment_dataset/images/games_fb3ca13045/14.jpg""]",14,2025-12-08 06:28:45.861585
games_1a629fb836,https://www.olx.in/item/games-entertainment-c93-playstation-4-1tb-and-one-controller-with-all-cables-very-neat-conditi-in-chavani-hyderabad-iid-1828590027,Playstation 4 1TB and one controller with all Cables very neat conditi,PlayStation 4 1TB Very neat condition Less Used - Games & Entertainment,18500,"[""/content/drive/MyDrive/olx_gamesentertainment_dataset/images/games_1a629fb836/1.jpg"", ""/content/drive/MyDrive/olx_gamesentertainment_dataset/images/games_1a629fb836/2.jpg"", ""/content/drive/MyDrive/olx_gamesentertainment_dataset/images/games_1a629fb836/3.jpg"", ""/content/drive/MyDrive/olx_gamesentertainment_dataset/images/games_1a629fb836/4.jpg"", ""/content/drive/MyDrive/olx_gamesentertainment_dataset/images/games_1a629fb836/5.jpg"", ""/content/drive/MyDrive/olx_gamesentertainment_dataset/images/games_1a629fb836/6.jpg"", ""/content/drive/MyDrive/olx_gamesentertainment_dataset/images/games_1a629fb836/7.jpg"", ""/content/drive/MyDrive/olx_gamesentertainment_dataset/images/games_1a629fb836/8.jpg"", ""/content/drive/MyDrive/olx_gamesentertainment_dataset/images/games_1a629fb836/9.jpg"", ""/content/drive/MyDrive/olx_gamesentertainment_dataset/images/games_1a629fb836/10.jpg"", ""/content/drive/MyDrive/olx_gamesentertainment_dataset/images/games_1a629fb836/11.jpg"", ""/content/drive/MyDrive/olx_gamesentertainment_dataset/images/games_1a629fb836/12.jpg"", ""/content/drive/MyDrive/olx_gamesentertainment_dataset/images/games_1a629fb836/13.jpg"", ""/content/drive/MyDrive/olx_gamesentertainment_dataset/images/games_1a629fb836/14.jpg""]",14,2025-12-08 06:28:58.579118
games_48c1e13f22,https://www.olx.in/item/games-entertainment-c93-ps4-slim-1-tb-in-badri-narayangarh-iid-1828587574,Ps4 Slim 1 TB,Ps4 Slim 1TB With 10games - Games & Entertainment,27000,"[""/content/drive/MyDrive/olx_gamesentertainment_dataset/images/games_48c1e13f22/1.jpg"", ""/content/drive/MyDrive/olx_gamesentertainment_dataset/images/games_48c1e13f22/2.jpg"", ""/content/drive/MyDrive/olx_gamesentertainment_dataset/images/games_48c1e13f22/3.jpg"", ""/content/drive/MyDrive/olx_gamesentertainment_dataset/images/games_48c1e13f22/4.jpg"", ""/content/drive/MyDrive/olx_gamesentertainment_dataset/images/games_48c1e13f22/5.jpg"", ""/content/drive/MyDrive/olx_gamesentertainment_dataset/images/games_48c1e13f22/6.jpg"", ""/content/drive/MyDrive/olx_gamesentertainment_dataset/images/games_48c1e13f22/7.jpg"", ""/content/drive/MyDrive/olx_gamesentertainment_dataset/images/games_48c1e13f22/8.jpg"", ""/content/drive/MyDrive/olx_gamesentertainment_dataset/images/games_48c1e13f22/9.jpg"", ""/content/drive/MyDrive/olx_gamesentertainment_dataset/images/games_48c1e13f22/10.jpg"", ""/content/drive/MyDrive/olx_gamesentertainment_dataset/images/games_48c1e13f22/11.jpg"", ""/content/drive/MyDrive/olx_gamesentertainment_dataset/images/games_48c1e13f22/12.jpg"", ""/content/drive/MyDrive/olx_gamesentertainment_dataset/images/games_48c1e13f22/13.jpg"", ""/content/drive/MyDrive/olx_gamesentertainment_dataset/images/games_48c1e13f22/14.jpg""]",14,2025-12-08 06:29:09.680649
games_1e616f93f9,https://www.olx.in/item/games-entertainment-c93-psony-ps2-in-working-condition-with-40-games-in-kanakia-road-mumbai-iid-1828587381,PSony Ps2 in working condition with 40 games,Sony PS2 in working condition with 40 games along with 2 working controllers with wires. - Games & Entertainment,4499,"[""/content/drive/MyDrive/olx_gamesentertainment_dataset/images/games_1e616f93f9/1.jpg"", ""/content/drive/MyDrive/olx_gamesentertainment_dataset/images/games_1e616f93f9/2.jpg"", ""/content/drive/MyDrive/olx_gamesentertainment_dataset/images/games_1e616f93f9/3.jpg"", ""/content/drive/MyDrive/olx_gamesentertainment_dataset/images/games_1e616f93f9/4.jpg"", ""/content/drive/MyDrive/olx_gamesentertainment_dataset/images/games_1e616f93f9/5.jpg"", ""/content/drive/MyDrive/olx_gamesentertainment_dataset/images/games_1e616f93f9/6.jpg"", ""/content/drive/MyDrive/olx_gamesentertainment_dataset/images/games_1e616f93f9/7.jpg"", ""/content/drive/MyDrive/olx_gamesentertainment_dataset/images/games_1e616f93f9/8.jpg"", ""/content/drive/MyDrive/olx_gamesentertainment_dataset/images/games_1e616f93f9/9.jpg"", ""/content/drive/MyDrive/olx_gamesentertainment_dataset/images/games_1e616f93f9/10.jpg"", ""/content/drive/MyDrive/olx_gamesentertainment_dataset/images/games_1e616f93f9/11.jpg"", ""/content/drive/MyDrive/olx_gamesentertainment_dataset/images/games_1e616f93f9/12.jpg"", ""/content/drive/MyDrive/olx_gamesentertainment_dataset/images/games_1e616f93f9/13.jpg"", ""/content/drive/MyDrive/olx_gamesentertainment_dataset/images/games_1e616f93f9/14.jpg""]",14,2025-12-08 06:29:18.156201
games_4b248bc4c3,https://www.olx.in/item/games-entertainment-c93-ps4-game-disk-almost-new-in-pushpa-nagar-bhopal-iid-1827593892,Ps4 game disk almost new.,Different disk on different price - Games & Entertainment,1500,"[""/content/drive/MyDrive/olx_gamesentertainment_dataset/images/games_4b248bc4c3/1.jpg"", ""/content/drive/MyDrive/olx_gamesentertainment_dataset/images/games_4b248bc4c3/2.jpg"", ""/content/drive/MyDrive/olx_gamesentertainment_dataset/images/games_4b248bc4c3/3.jpg"", ""/content/drive/MyDrive/olx_gamesentertainment_dataset/images/games_4b248bc4c3/4.jpg"", ""/content/drive/MyDrive/olx_gamesentertainment_dataset/images/games_4b248bc4c3/5.jpg"", ""/content/drive/MyDrive/olx_gamesentertainment_dataset/images/games_4b248bc4c3/6.jpg"", ""/content/drive/MyDrive/olx_gamesentertainment_dataset/images/games_4b248bc4c3/7.jpg"", ""/content/drive/MyDrive/olx_gamesentertainment_dataset/images/games_4b248bc4c3/8.jpg"", ""/content/drive/MyDrive/olx_gamesentertainment_dataset/images/games_4b248bc4c3/9.jpg"", ""/content/drive/MyDrive/olx_gamesentertainment_dataset/images/games_4b248bc4c3/10.jpg"", ""/content/drive/MyDrive/olx_gamesentertainment_dataset/images/games_4b248bc4c3/11.jpg"", ""/content/drive/MyDrive/olx_gamesentertainment_dataset/images/games_4b248bc4c3/12.jpg"", ""/content/drive/MyDrive/olx_gamesentertainment_dataset/images/games_4b248bc4c3/13.jpg"", ""/content/drive/MyDrive/olx_gamesentertainment_dataset/images/games_4b248bc4c3/14.jpg""]",14,2025-12-08 06:29:28.693009
games_ee81b4c002,https://www.olx.in/item/games-entertainment-c93-hollyland-lark-m1-wireless-in-sahyadri-layout-bengaluru-iid-1827696955,Hollyland Lark M1 Wireless,"Hollyland Lark M1 Wireless Lavalier Microphone – Great for DSLR / Vlogging / Live-Streaming / Interviews Not used much but it’s new Product Overview: • Compact, lightweight wireless mic system — ideal for vloggers, YouTubers, live-streaming, interviews, content creation or mobile video shooting. ￼ • Provides reliable wireless transmission up to ~650 ft / 200 m (line-of-sight), giving freedom of movement without cables. ￼ • Built-in omnidirectional microphone captures clear, detailed voice/audio. ￼ • “HearClear” noise-cancellation feature helps filter ambient noise — useful for outdoor shooting or interviews in noisy environments. ￼ Battery & Charging: • ~8 hours continuous operation on a full charge (transmitter or receiver). ￼ • Each unit (TX & RX) uses USB-C and can be charged while in use — handy for long shoots or live sessions. ￼ • Compact charging/storage case allows for easy portability and keeps the system protected when not in use. ￼ Compatibility & Use Cases: Works with a wide variety of devices — DSLR or mirrorless cameras, smartphones (Android or iPhone), tablets, etc. Great for: vlogging, interviews, online classes/lectures, live-streaming, field recording, documentary-style shots, etc - Games & Entertainment",7500,"[""/content/drive/MyDrive/olx_gamesentertainment_dataset/images/games_ee81b4c002/1.jpg"", ""/content/drive/MyDrive/olx_gamesentertainment_dataset/images/games_ee81b4c002/2.jpg"", ""/content/drive/MyDrive/olx_gamesentertainment_dataset/images/games_ee81b4c002/3.jpg"", ""/content/drive/MyDrive/olx_gamesentertainment_dataset/images/games_ee81b4c002/4.jpg"", ""/content/drive/MyDrive/olx_gamesentertainment_dataset/images/games_ee81b4c002/5.jpg"", ""/content/drive/MyDrive/olx_gamesentertainment_dataset/images/games_ee81b4c002/6.jpg"", ""/content/drive/MyDrive/olx_gamesentertainment_dataset/images/games_ee81b4c002/7.jpg"", ""/content/drive/MyDrive/olx_gamesentertainment_dataset/images/games_ee81b4c002/8.jpg"", ""/content/drive/MyDrive/olx_gamesentertainment_dataset/images/games_ee81b4c002/9.jpg"", ""/content/drive/MyDrive/olx_gamesentertainment_dataset/images/games_ee81b4c002/10.jpg"", ""/content/drive/MyDrive/olx_gamesentertainment_dataset/images/games_ee81b4c002/11.jpg"", ""/content/drive/MyDrive/olx_gamesentertainment_dataset/images/games_ee81b4c002/12.jpg"", ""/content/drive/MyDrive/olx_gamesentertainment_dataset/images/games_ee81b4c002/13.jpg"", ""/content/drive/MyDrive/olx_gamesentertainment_dataset/images/games_ee81b4c002/14.jpg""]",14,2025-12-08 06:29:40.746164
games_3d61f95478,https://www.olx.in/item/games-entertainment-c93-nintendo-switch-lite-256-gb-mint-condition-og-charger-shell-grips-in-viraj-society-mumbai-iid-1828587686,"Nintendo Switch Lite 256 GB Mint Condition, OG Charger, Shell, Grips",Mint Condition Nintendo Switch with Accessories. Complete package is all what you need. Comes included with 1) Nintendo Switch 256 GB (Modded with Games of your choice) 2) Clear Transpareny Shell for Protection (New) 3) Tempered Glass on Screen (New) 4) Original Nintendo Charger with Box (New) 5) Thumb Grips (New) 6) Hard Carry Case (New) - Games & Entertainment,20000,"[""/content/drive/MyDrive/olx_gamesentertainment_dataset/images/games_3d61f95478/1.jpg"", ""/content/drive/MyDrive/olx_gamesentertainment_dataset/images/games_3d61f95478/2.jpg"", ""/content/drive/MyDrive/olx_gamesentertainment_dataset/images/games_3d61f95478/3.jpg"", ""/content/drive/MyDrive/olx_gamesentertainment_dataset/images/games_3d61f95478/4.jpg"", ""/content/drive/MyDrive/olx_gamesentertainment_dataset/images/games_3d61f95478/5.jpg"", ""/content/drive/MyDrive/olx_gamesentertainment_dataset/images/games_3d61f95478/6.jpg"", ""/content/drive/MyDrive/olx_gamesentertainment_dataset/images/games_3d61f95478/7.jpg"", ""/content/drive/MyDrive/olx_gamesentertainment_dataset/images/games_3d61f95478/8.jpg"", ""/content/drive/MyDrive/olx_gamesentertainment_dataset/images/games_3d61f95478/9.jpg"", ""/content/drive/MyDrive/olx_gamesentertainment_dataset/images/games_3d61f95478/10.jpg"", ""/content/drive/MyDrive/olx_gamesentertainment_dataset/images/games_3d61f95478/11.jpg"", ""/content/drive/MyDrive/olx_gamesentertainment_dataset/images/games_3d61f95478/12.jpg"", ""/content/drive/MyDrive/olx_gamesentertainment_dataset/images/games_3d61f95478/13.jpg"", ""/content/drive/MyDrive/olx_gamesentertainment_dataset/images/games_3d61f95478/14.jpg""]",14,2025-12-08 06:29:50.229652
games_03dc0c3c35,https://www.olx.in/item/games-entertainment-c93-ps4-game-gta5-in-sadar-bazaar-nagpur-iid-1828589111,Ps4 game gta5,Gta5 premium edition - Games & Entertainment,1400,"[""/content/drive/MyDrive/olx_gamesentertainment_dataset/images/games_03dc0c3c35/1.jpg"", ""/content/drive/MyDrive/olx_gamesentertainment_dataset/images/games_03dc0c3c35/2.jpg"", ""/content/drive/MyDrive/olx_gamesentertainment_dataset/images/games_03dc0c3c35/3.jpg"", ""/content/drive/MyDrive/olx_gamesentertainment_dataset/images/games_03dc0c3c35/4.jpg"", ""/content/drive/MyDrive/olx_gamesentertainment_dataset/images/games_03dc0c3c35/5.jpg"", ""/content/drive/MyDrive/olx_gamesentertainment_dataset/images/games_03dc0c3c35/6.jpg"", ""/content/drive/MyDrive/olx_gamesentertainment_dataset/images/games_03dc0c3c35/7.jpg"", ""/content/drive/MyDrive/olx_gamesentertainment_dataset/images/games_03dc0c3c35/8.jpg"", ""/content/drive/MyDrive/olx_gamesentertainment_dataset/images/games_03dc0c3c35/9.jpg"", ""/content/drive/MyDrive/olx_gamesentertainment_dataset/images/games_03dc0c3c35/10.jpg"", ""/content/drive/MyDrive/olx_gamesentertainment_dataset/images/games_03dc0c3c35/11.jpg"", ""/content/drive/MyDrive/olx_gamesentertainment_dataset/images/games_03dc0c3c35/12.jpg"", ""/content/drive/MyDrive/olx_gamesentertainment_dataset/images/games_03dc0c3c35/13.jpg"", ""/content/drive/MyDrive/olx_gamesentertainment_dataset/images/games_03dc0c3c35/14.jpg""]",14,2025-12-08 06:30:01.004607
games_e6cf21e9eb,https://www.olx.in/item/games-entertainment-c93-ps4-v2-controller-in-good-condition-in-sherpur-ludhiana-iid-1825932864,PS4 v2 controller in good condition,4 V2 PS4 remotes perfect working condition Original single price 2000 Sabka 6800/_ charge All India delivery - Games & Entertainment,1900,"[""/content/drive/MyDrive/olx_gamesentertainment_dataset/images/games_e6cf21e9eb/1.jpg"", ""/content/drive/MyDrive/olx_gamesentertainment_dataset/images/games_e6cf21e9eb/2.jpg"", ""/content/drive/MyDrive/olx_gamesentertainment_dataset/images/games_e6cf21e9eb/3.jpg"", ""/content/drive/MyDrive/olx_gamesentertainment_dataset/images/games_e6cf21e9eb/4.jpg"", ""/content/drive/MyDrive/olx_gamesentertainment_dataset/images/games_e6cf21e9eb/5.jpg"", ""/content/drive/MyDrive/olx_gamesentertainment_dataset/images/games_e6cf21e9eb/6.jpg"", ""/content/drive/MyDrive/olx_gamesentertainment_dataset/images/games_e6cf21e9eb/7.jpg"", ""/content/drive/MyDrive/olx_gamesentertainment_dataset/images/games_e6cf21e9eb/8.jpg"", ""/content/drive/MyDrive/olx_gamesentertainment_dataset/images/games_e6cf21e9eb/9.jpg"", ""/content/drive/MyDrive/olx_gamesentertainment_dataset/images/games_e6cf21e9eb/10.jpg"", ""/content/drive/MyDrive/olx_gamesentertainment_dataset/images/games_e6cf21e9eb/11.jpg"", ""/content/drive/MyDrive/olx_gamesentertainment_dataset/images/games_e6cf21e9eb/12.jpg"", ""/content/drive/MyDrive/olx_gamesentertainment_dataset/images/games_e6cf21e9eb/13.jpg"", ""/content/drive/MyDrive/olx_gamesentertainment_dataset/images/games_e6cf21e9eb/14.jpg""]",14,2025-12-08 06:30:32.295175
games_632ae63109,https://www.olx.in/item/games-entertainment-c93-blutooth-speaker-with-bottle-in-grant-road-area-mumbai-iid-1811700605,Blutooth speaker with bottle,Blutooth speaker with bottle - Games & Entertainment,1399,"[""/content/drive/MyDrive/olx_gamesentertainment_dataset/images/games_632ae63109/1.jpg"", ""/content/drive/MyDrive/olx_gamesentertainment_dataset/images/games_632ae63109/2.jpg"", ""/content/drive/MyDrive/olx_gamesentertainment_dataset/images/games_632ae63109/3.jpg"", ""/content/drive/MyDrive/olx_gamesentertainment_dataset/images/games_632ae63109/4.jpg"", ""/content/drive/MyDrive/olx_gamesentertainment_dataset/images/games_632ae63109/5.jpg"", ""/content/drive/MyDrive/olx_gamesentertainment_dataset/images/games_632ae63109/6.jpg"", ""/content/drive/MyDrive/olx_gamesentertainment_dataset/images/games_632ae63109/7.jpg"", ""/content/drive/MyDrive/olx_gamesentertainment_dataset/images/games_632ae63109/8.jpg"", ""/content/drive/MyDrive/olx_gamesentertainment_dataset/images/games_632ae63109/9.jpg"", ""/content/drive/MyDrive/olx_gamesentertainment_dataset/images/games_632ae63109/10.jpg"", ""/content/drive/MyDrive/olx_gamesentertainment_dataset/images/games_632ae63109/11.jpg"", ""/content/drive/MyDrive/olx_gamesentertainment_dataset/images/games_632ae63109/12.jpg"", ""/content/drive/MyDrive/olx_gamesentertainment_dataset/images/games_632ae63109/13.jpg"", ""/content/drive/MyDrive/olx_gamesentertainment_dataset/images/games_632ae63109/14.jpg""]",14,2025-12-08 06:30:40.461538
games_0c8d7a7e72,https://www.olx.in/item/games-entertainment-c93-xbox-series-s-512-gb-in-mayari-nagar-kukatpally-iid-1828386319,XBOX Series S - 512 GB,"Selling my Xbox Series S because I have purchased a PS5 recently. Purchased in 2023. Got all the wires, console is in good condition and I also have the box if you want it. Can share the proof of purchase if you are interested. - Games & Entertainment",25000,"[""/content/drive/MyDrive/olx_gamesentertainment_dataset/images/games_0c8d7a7e72/1.jpg"", ""/content/drive/MyDrive/olx_gamesentertainment_dataset/images/games_0c8d7a7e72/2.jpg"", ""/content/drive/MyDrive/olx_gamesentertainment_dataset/images/games_0c8d7a7e72/3.jpg"", ""/content/drive/MyDrive/olx_gamesentertainment_dataset/images/games_0c8d7a7e72/4.jpg"", ""/content/drive/MyDrive/olx_gamesentertainment_dataset/images/games_0c8d7a7e72/5.jpg"", ""/content/drive/MyDrive/olx_gamesentertainment_dataset/images/games_0c8d7a7e72/6.jpg"", ""/content/drive/MyDrive/olx_gamesentertainment_dataset/images/games_0c8d7a7e72/7.jpg"", ""/content/drive/MyDrive/olx_gamesentertainment_dataset/images/games_0c8d7a7e72/8.jpg"", ""/content/drive/MyDrive/olx_gamesentertainment_dataset/images/games_0c8d7a7e72/9.jpg"", ""/content/drive/MyDrive/olx_gamesentertainment_dataset/images/games_0c8d7a7e72/10.jpg"", ""/content/drive/MyDrive/olx_gamesentertainment_dataset/images/games_0c8d7a7e72/11.jpg"", ""/content/drive/MyDrive/olx_gamesentertainment_dataset/images/games_0c8d7a7e72/12.jpg"", ""/content/drive/MyDrive/olx_gamesentertainment_dataset/images/games_0c8d7a7e72/13.jpg"", ""/content/drive/MyDrive/olx_gamesentertainment_dataset/images/games_0c8d7a7e72/14.jpg""]",14,2025-12-08 06:30:49.938251
games_3c8e3f348e,https://www.olx.in/item/games-entertainment-c93-steller-gaming-controller-in-abul-fazal-enclave-part-1-delhi-iid-1828584114,Steller gaming controller,New condition gaming controller with 3 modes 3modes wired + wireless + bluetooth controller Compatible with windows and bluetooth device RGB LED light All in one 1000 Mah battery Upto 10m wireless range Dual vibration motors Magnetic triggers - Games & Entertainment,4200,"[""/content/drive/MyDrive/olx_gamesentertainment_dataset/images/games_3c8e3f348e/1.jpg"", ""/content/drive/MyDrive/olx_gamesentertainment_dataset/images/games_3c8e3f348e/2.jpg"", ""/content/drive/MyDrive/olx_gamesentertainment_dataset/images/games_3c8e3f348e/3.jpg"", ""/content/drive/MyDrive/olx_gamesentertainment_dataset/images/games_3c8e3f348e/4.jpg"", ""/content/drive/MyDrive/olx_gamesentertainment_dataset/images/games_3c8e3f348e/5.jpg"", ""/content/drive/MyDrive/olx_gamesentertainment_dataset/images/games_3c8e3f348e/6.jpg"", ""/content/drive/MyDrive/olx_gamesentertainment_dataset/images/games_3c8e3f348e/7.jpg"", ""/content/drive/MyDrive/olx_gamesentertainment_dataset/images/games_3c8e3f348e/8.jpg"", ""/content/drive/MyDrive/olx_gamesentertainment_dataset/images/games_3c8e3f348e/9.jpg"", ""/content/drive/MyDrive/olx_gamesentertainment_dataset/images/games_3c8e3f348e/10.jpg"", ""/content/drive/MyDrive/olx_gamesentertainment_dataset/images/games_3c8e3f348e/11.jpg"", ""/content/drive/MyDrive/olx_gamesentertainment_dataset/images/games_3c8e3f348e/12.jpg"", ""/content/drive/MyDrive/olx_gamesentertainment_dataset/images/games_3c8e3f348e/13.jpg"", ""/content/drive/MyDrive/olx_gamesentertainment_dataset/images/games_3c8e3f348e/14.jpg""]",14,2025-12-08 06:31:00.229386
games_66bcaa4ff6,https://www.olx.in/item/games-entertainment-c93-ps4-with-17-latest-games-in-sector-27c-chandigarh-iid-1828158353,Ps4 with 17 latest games,"Playstation 4 All wires one original controller with 17 latest games Cod black ops6, Fifa26 Cricket 24 Gow ragnarok Gta5 Uncharted Red dead redemption 2 Teken Nfs Spiderman And many more - Games & Entertainment",24999,"[""/content/drive/MyDrive/olx_gamesentertainment_dataset/images/games_66bcaa4ff6/1.jpg"", ""/content/drive/MyDrive/olx_gamesentertainment_dataset/images/games_66bcaa4ff6/2.jpg"", ""/content/drive/MyDrive/olx_gamesentertainment_dataset/images/games_66bcaa4ff6/3.jpg"", ""/content/drive/MyDrive/olx_gamesentertainment_dataset/images/games_66bcaa4ff6/4.jpg"", ""/content/drive/MyDrive/olx_gamesentertainment_dataset/images/games_66bcaa4ff6/5.jpg"", ""/content/drive/MyDrive/olx_gamesentertainment_dataset/images/games_66bcaa4ff6/6.jpg"", ""/content/drive/MyDrive/olx_gamesentertainment_dataset/images/games_66bcaa4ff6/7.jpg"", ""/content/drive/MyDrive/olx_gamesentertainment_dataset/images/games_66bcaa4ff6/8.jpg"", ""/content/drive/MyDrive/olx_gamesentertainment_dataset/images/games_66bcaa4ff6/9.jpg"", ""/content/drive/MyDrive/olx_gamesentertainment_dataset/images/games_66bcaa4ff6/10.jpg"", ""/content/drive/MyDrive/olx_gamesentertainment_dataset/images/games_66bcaa4ff6/11.jpg"", ""/content/drive/MyDrive/olx_gamesentertainment_dataset/images/games_66bcaa4ff6/12.jpg"", ""/content/drive/MyDrive/olx_gamesentertainment_dataset/images/games_66bcaa4ff6/13.jpg"", ""/content/drive/MyDrive/olx_gamesentertainment_dataset/images/games_66bcaa4ff6/14.jpg""]",14,2025-12-08 06:31:26.367212
games_ea0603344a,https://www.olx.in/item/games-entertainment-c93-home-mini-gym-in-shakti-enclave-zirakpur-iid-1828589754,Home mini gym,Excellent conditions - Games & Entertainment,12000,"[""/content/drive/MyDrive/olx_gamesentertainment_dataset/images/games_ea0603344a/1.jpg"", ""/content/drive/MyDrive/olx_gamesentertainment_dataset/images/games_ea0603344a/2.jpg"", ""/content/drive/MyDrive/olx_gamesentertainment_dataset/images/games_ea0603344a/3.jpg"", ""/content/drive/MyDrive/olx_gamesentertainment_dataset/images/games_ea0603344a/4.jpg"", ""/content/drive/MyDrive/olx_gamesentertainment_dataset/images/games_ea0603344a/5.jpg"", ""/content/drive/MyDrive/olx_gamesentertainment_dataset/images/games_ea0603344a/6.jpg"", ""/content/drive/MyDrive/olx_gamesentertainment_dataset/images/games_ea0603344a/7.jpg"", ""/content/drive/MyDrive/olx_gamesentertainment_dataset/images/games_ea0603344a/8.jpg"", ""/content/drive/MyDrive/olx_gamesentertainment_dataset/images/games_ea0603344a/9.jpg"", ""/content/drive/MyDrive/olx_gamesentertainment_dataset/images/games_ea0603344a/10.jpg"", ""/content/drive/MyDrive/olx_gamesentertainment_dataset/images/games_ea0603344a/11.jpg"", ""/content/drive/MyDrive/olx_gamesentertainment_dataset/images/games_ea0603344a/12.jpg"", ""/content/drive/MyDrive/olx_gamesentertainment_dataset/images/games_ea0603344a/13.jpg"", ""/content/drive/MyDrive/olx_gamesentertainment_dataset/images/games_ea0603344a/14.jpg""]",14,2025-12-08 06:31:36.037955
games_70404583b7,https://www.olx.in/item/games-entertainment-c93-uncharted-the-nathan-drake-collection-in-ramanthapur-hyderabad-iid-1828577267,Uncharted the Nathan drake collection,Ps4 games cd - Games & Entertainment,1000,"[""/content/drive/MyDrive/olx_gamesentertainment_dataset/images/games_70404583b7/1.jpg"", ""/content/drive/MyDrive/olx_gamesentertainment_dataset/images/games_70404583b7/2.jpg"", ""/content/drive/MyDrive/olx_gamesentertainment_dataset/images/games_70404583b7/3.jpg"", ""/content/drive/MyDrive/olx_gamesentertainment_dataset/images/games_70404583b7/4.jpg"", ""/content/drive/MyDrive/olx_gamesentertainment_dataset/images/games_70404583b7/5.jpg"", ""/content/drive/MyDrive/olx_gamesentertainment_dataset/images/games_70404583b7/6.jpg"", ""/content/drive/MyDrive/olx_gamesentertainment_dataset/images/games_70404583b7/7.jpg"", ""/content/drive/MyDrive/olx_gamesentertainment_dataset/images/games_70404583b7/8.jpg"", ""/content/drive/MyDrive/olx_gamesentertainment_dataset/images/games_70404583b7/9.jpg"", ""/content/drive/MyDrive/olx_gamesentertainment_dataset/images/games_70404583b7/10.jpg"", ""/content/drive/MyDrive/olx_gamesentertainment_dataset/images/games_70404583b7/11.jpg"", ""/content/drive/MyDrive/olx_gamesentertainment_dataset/images/games_70404583b7/12.jpg"", ""/content/drive/MyDrive/olx_gamesentertainment_dataset/images/games_70404583b7/13.jpg"", ""/content/drive/MyDrive/olx_gamesentertainment_dataset/images/games_70404583b7/14.jpg""]",14,2025-12-08 06:31:46.140890
games_8d86080cce,https://www.olx.in/item/games-entertainment-c93-ps5-digital-edition-slim-1-tb-in-lalita-park-delhi-iid-1826308121,Ps5 digital edition Slim 1 Tb,35000 is last price And it is non negotiable Box and bill is available Purchase in July 2025 All cable and single remote controller - Games & Entertainment,38000,"[""/content/drive/MyDrive/olx_gamesentertainment_dataset/images/games_8d86080cce/1.jpg"", ""/content/drive/MyDrive/olx_gamesentertainment_dataset/images/games_8d86080cce/2.jpg"", ""/content/drive/MyDrive/olx_gamesentertainment_dataset/images/games_8d86080cce/3.jpg"", ""/content/drive/MyDrive/olx_gamesentertainment_dataset/images/games_8d86080cce/4.jpg"", ""/content/drive/MyDrive/olx_gamesentertainment_dataset/images/games_8d86080cce/5.jpg"", ""/content/drive/MyDrive/olx_gamesentertainment_dataset/images/games_8d86080cce/6.jpg"", ""/content/drive/MyDrive/olx_gamesentertainment_dataset/images/games_8d86080cce/7.jpg"", ""/content/drive/MyDrive/olx_gamesentertainment_dataset/images/games_8d86080cce/8.jpg"", ""/content/drive/MyDrive/olx_gamesentertainment_dataset/images/games_8d86080cce/9.jpg"", ""/content/drive/MyDrive/olx_gamesentertainment_dataset/images/games_8d86080cce/10.jpg"", ""/content/drive/MyDrive/olx_gamesentertainment_dataset/images/games_8d86080cce/11.jpg"", ""/content/drive/MyDrive/olx_gamesentertainment_dataset/images/games_8d86080cce/12.jpg"", ""/content/drive/MyDrive/olx_gamesentertainment_dataset/images/games_8d86080cce/13.jpg"", ""/content/drive/MyDrive/olx_gamesentertainment_dataset/images/games_8d86080cce/14.jpg""]",14,2025-12-08 06:31:58.241992
games_bf18fcd6e2,https://www.olx.in/item/games-entertainment-c93-game-containing-gta-in-wadi-vadodara-iid-1828578620,Game containing gta,A wireless video game - Games & Entertainment,3500,"[""/content/drive/MyDrive/olx_gamesentertainment_dataset/images/games_bf18fcd6e2/1.jpg"", ""/content/drive/MyDrive/olx_gamesentertainment_dataset/images/games_bf18fcd6e2/2.jpg"", ""/content/drive/MyDrive/olx_gamesentertainment_dataset/images/games_bf18fcd6e2/3.jpg"", ""/content/drive/MyDrive/olx_gamesentertainment_dataset/images/games_bf18fcd6e2/4.jpg"", ""/content/drive/MyDrive/olx_gamesentertainment_dataset/images/games_bf18fcd6e2/5.jpg"", ""/content/drive/MyDrive/olx_gamesentertainment_dataset/images/games_bf18fcd6e2/6.jpg"", ""/content/drive/MyDrive/olx_gamesentertainment_dataset/images/games_bf18fcd6e2/7.jpg"", ""/content/drive/MyDrive/olx_gamesentertainment_dataset/images/games_bf18fcd6e2/8.jpg"", ""/content/drive/MyDrive/olx_gamesentertainment_dataset/images/games_bf18fcd6e2/9.jpg"", ""/content/drive/MyDrive/olx_gamesentertainment_dataset/images/games_bf18fcd6e2/10.jpg"", ""/content/drive/MyDrive/olx_gamesentertainment_dataset/images/games_bf18fcd6e2/11.jpg"", ""/content/drive/MyDrive/olx_gamesentertainment_dataset/images/games_bf18fcd6e2/12.jpg"", ""/content/drive/MyDrive/olx_gamesentertainment_dataset/images/games_bf18fcd6e2/13.jpg"", ""/content/drive/MyDrive/olx_gamesentertainment_dataset/images/games_bf18fcd6e2/14.jpg""]",14,2025-12-08 06:32:08.762091
games_5ee964d11e,https://www.olx.in/item/games-entertainment-c93-furniture-sofa-tables-and-chair-in-mahalaxmi-nagar-indore-iid-1826898090,"Furniture. Sofa, tables, and chair.",Lena ho toh lelo. - Games & Entertainment,17990,"[""/content/drive/MyDrive/olx_gamesentertainment_dataset/images/games_5ee964d11e/1.jpg"", ""/content/drive/MyDrive/olx_gamesentertainment_dataset/images/games_5ee964d11e/2.jpg"", ""/content/drive/MyDrive/olx_gamesentertainment_dataset/images/games_5ee964d11e/3.jpg"", ""/content/drive/MyDrive/olx_gamesentertainment_dataset/images/games_5ee964d11e/4.jpg"", ""/content/drive/MyDrive/olx_gamesentertainment_dataset/images/games_5ee964d11e/5.jpg"", ""/content/drive/MyDrive/olx_gamesentertainment_dataset/images/games_5ee964d11e/6.jpg"", ""/content/drive/MyDrive/olx_gamesentertainment_dataset/images/games_5ee964d11e/7.jpg"", ""/content/drive/MyDrive/olx_gamesentertainment_dataset/images/games_5ee964d11e/8.jpg"", ""/content/drive/MyDrive/olx_gamesentertainment_dataset/images/games_5ee964d11e/9.jpg"", ""/content/drive/MyDrive/olx_gamesentertainment_dataset/images/games_5ee964d11e/10.jpg"", ""/content/drive/MyDrive/olx_gamesentertainment_dataset/images/games_5ee964d11e/11.jpg"", ""/content/drive/MyDrive/olx_gamesentertainment_dataset/images/games_5ee964d11e/12.jpg"", ""/content/drive/MyDrive/olx_gamesentertainment_dataset/images/games_5ee964d11e/13.jpg"", ""/content/drive/MyDrive/olx_gamesentertainment_dataset/images/games_5ee964d11e/14.jpg""]",14,2025-12-08 06:32:18.735957
games_8355b13a11,https://www.olx.in/item/games-entertainment-c93-ps3-sell-it-is-very-good-condition-in-kathiala-fatehgarh-churian-iid-1828580370,Ps3 sell it is very good condition,I selling because purpose of money it good conditions - Games & Entertainment,8000,"[""/content/drive/MyDrive/olx_gamesentertainment_dataset/images/games_8355b13a11/1.jpg"", ""/content/drive/MyDrive/olx_gamesentertainment_dataset/images/games_8355b13a11/2.jpg"", ""/content/drive/MyDrive/olx_gamesentertainment_dataset/images/games_8355b13a11/3.jpg"", ""/content/drive/MyDrive/olx_gamesentertainment_dataset/images/games_8355b13a11/4.jpg"", ""/content/drive/MyDrive/olx_gamesentertainment_dataset/images/games_8355b13a11/5.jpg"", ""/content/drive/MyDrive/olx_gamesentertainment_dataset/images/games_8355b13a11/6.jpg"", ""/content/drive/MyDrive/olx_gamesentertainment_dataset/images/games_8355b13a11/7.jpg"", ""/content/drive/MyDrive/olx_gamesentertainment_dataset/images/games_8355b13a11/8.jpg"", ""/content/drive/MyDrive/olx_gamesentertainment_dataset/images/games_8355b13a11/9.jpg"", ""/content/drive/MyDrive/olx_gamesentertainment_dataset/images/games_8355b13a11/10.jpg"", ""/content/drive/MyDrive/olx_gamesentertainment_dataset/images/games_8355b13a11/11.jpg"", ""/content/drive/MyDrive/olx_gamesentertainment_dataset/images/games_8355b13a11/12.jpg"", ""/content/drive/MyDrive/olx_gamesentertainment_dataset/images/games_8355b13a11/13.jpg"", ""/content/drive/MyDrive/olx_gamesentertainment_dataset/images/games_8355b13a11/14.jpg""]",14,2025-12-08 06:32:28.003787
games_f9ab238583,https://www.olx.in/item/games-entertainment-c93-sony-playstation-5-disc-edition-in-excellent-condition-in-bhera-enclave-delhi-iid-1827942604,Sony PlayStation 5 Disc Edition in excellent condition,"Hey, I want to sell my Sony PlayStation 5 825 GB very less used and is in excellent condition and is updated to the latest version with dualsense controller is just as new with Horizon thumb stick and silicone cover from the 1st day and accessories were never opened like USB, HDMI, Power Cord and stand. I have uploaded the original pictures of everything. Price is fix and low ballers stay away and I will not reply for the bargaining. - Games & Entertainment",35000,"[""/content/drive/MyDrive/olx_gamesentertainment_dataset/images/games_f9ab238583/1.jpg"", ""/content/drive/MyDrive/olx_gamesentertainment_dataset/images/games_f9ab238583/2.jpg"", ""/content/drive/MyDrive/olx_gamesentertainment_dataset/images/games_f9ab238583/3.jpg"", ""/content/drive/MyDrive/olx_gamesentertainment_dataset/images/games_f9ab238583/4.jpg"", ""/content/drive/MyDrive/olx_gamesentertainment_dataset/images/games_f9ab238583/5.jpg"", ""/content/drive/MyDrive/olx_gamesentertainment_dataset/images/games_f9ab238583/6.jpg"", ""/content/drive/MyDrive/olx_gamesentertainment_dataset/images/games_f9ab238583/7.jpg"", ""/content/drive/MyDrive/olx_gamesentertainment_dataset/images/games_f9ab238583/8.jpg"", ""/content/drive/MyDrive/olx_gamesentertainment_dataset/images/games_f9ab238583/9.jpg"", ""/content/drive/MyDrive/olx_gamesentertainment_dataset/images/games_f9ab238583/10.jpg"", ""/content/drive/MyDrive/olx_gamesentertainment_dataset/images/games_f9ab238583/11.jpg"", ""/content/drive/MyDrive/olx_gamesentertainment_dataset/images/games_f9ab238583/12.jpg"", ""/content/drive/MyDrive/olx_gamesentertainment_dataset/images/games_f9ab238583/13.jpg"", ""/content/drive/MyDrive/olx_gamesentertainment_dataset/images/games_f9ab238583/14.jpg""]",14,2025-12-08 06:32:36.694729
games_58f948271a,https://www.olx.in/item/games-entertainment-c93-f1-25-for-ps5-in-vardhman-nagar-mumbai-iid-1828577057,F1 25 for ps5,F1 25 ps5 games - Games & Entertainment,6000,"[""/content/drive/MyDrive/olx_gamesentertainment_dataset/images/games_58f948271a/1.jpg"", ""/content/drive/MyDrive/olx_gamesentertainment_dataset/images/games_58f948271a/2.jpg"", ""/content/drive/MyDrive/olx_gamesentertainment_dataset/images/games_58f948271a/3.jpg"", ""/content/drive/MyDrive/olx_gamesentertainment_dataset/images/games_58f948271a/4.jpg"", ""/content/drive/MyDrive/olx_gamesentertainment_dataset/images/games_58f948271a/5.jpg"", ""/content/drive/MyDrive/olx_gamesentertainment_dataset/images/games_58f948271a/6.jpg"", ""/content/drive/MyDrive/olx_gamesentertainment_dataset/images/games_58f948271a/7.jpg"", ""/content/drive/MyDrive/olx_gamesentertainment_dataset/images/games_58f948271a/8.jpg"", ""/content/drive/MyDrive/olx_gamesentertainment_dataset/images/games_58f948271a/9.jpg"", ""/content/drive/MyDrive/olx_gamesentertainment_dataset/images/games_58f948271a/10.jpg"", ""/content/drive/MyDrive/olx_gamesentertainment_dataset/images/games_58f948271a/11.jpg"", ""/content/drive/MyDrive/olx_gamesentertainment_dataset/images/games_58f948271a/12.jpg"", ""/content/drive/MyDrive/olx_gamesentertainment_dataset/images/games_58f948271a/13.jpg"", ""/content/drive/MyDrive/olx_gamesentertainment_dataset/images/games_58f948271a/14.jpg""]",14,2025-12-08 06:32:46.850118
games_5869ac7aba,https://www.olx.in/item/games-entertainment-c93-asus-rog-ally-7-120hz-fhd-gaming-handheld-touch-amd-ryzen-z1-16gb-ram-in-christian-college-kozhikode-iid-1828582008,ASUS ROG Ally 7 120Hz FHD Gaming Handheld Touch AMD Ryzen Z1 16GB RAM,"ASUS ROG Ally 7 120Hz FHD Gaming Handheld Touch AMD Ryzen Z1 16GB RAM 2TB SSD Processor AMD Ryzen Z1 Platform Windows Year Manufactured 2023 MPN RC71L-ALLY.Z1_512 Item Length 4.37 Region Code Region Free Release Year 2024 Manufacturer Warranty 1 Year Item Height 0.83 Features Wi-Fi Capability, Internet Browsing Storage Capacity 2 TB Screen Size 7 RAM Size 16 GB Color White Item Depth 4.37 California Prop 65 Warning Cancer and Reproductive Harm Brand ASUS Type Handheld System Maximum Resolution 1920x1080 Model ASUS ROG Ally Connectivity USB-C Charger Included Yes Item Weight 1.88 lbs Country of Origin China Resolution 1080p (FHD) Category Video Games & Consoles > Video Game Consoles - Games & Entertainment",31500,"[""/content/drive/MyDrive/olx_gamesentertainment_dataset/images/games_5869ac7aba/1.jpg"", ""/content/drive/MyDrive/olx_gamesentertainment_dataset/images/games_5869ac7aba/2.jpg"", ""/content/drive/MyDrive/olx_gamesentertainment_dataset/images/games_5869ac7aba/3.jpg"", ""/content/drive/MyDrive/olx_gamesentertainment_dataset/images/games_5869ac7aba/4.jpg"", ""/content/drive/MyDrive/olx_gamesentertainment_dataset/images/games_5869ac7aba/5.jpg"", ""/content/drive/MyDrive/olx_gamesentertainment_dataset/images/games_5869ac7aba/6.jpg"", ""/content/drive/MyDrive/olx_gamesentertainment_dataset/images/games_5869ac7aba/7.jpg"", ""/content/drive/MyDrive/olx_gamesentertainment_dataset/images/games_5869ac7aba/8.jpg"", ""/content/drive/MyDrive/olx_gamesentertainment_dataset/images/games_5869ac7aba/9.jpg"", ""/content/drive/MyDrive/olx_gamesentertainment_dataset/images/games_5869ac7aba/10.jpg"", ""/content/drive/MyDrive/olx_gamesentertainment_dataset/images/games_5869ac7aba/11.jpg"", ""/content/drive/MyDrive/olx_gamesentertainment_dataset/images/games_5869ac7aba/12.jpg"", ""/content/drive/MyDrive/olx_gamesentertainment_dataset/images/games_5869ac7aba/13.jpg"", ""/content/drive/MyDrive/olx_gamesentertainment_dataset/images/games_5869ac7aba/14.jpg"", ""/content/drive/MyDrive/olx_gamesentertainment_dataset/images/games_5869ac7aba/15.jpg"", ""/content/drive/MyDrive/olx_gamesentertainment_dataset/images/games_5869ac7aba/16.jpg""]",16,2025-12-08 06:33:07.008325
games_81f5d6ba00,https://www.olx.in/item/games-entertainment-c93-exchange-ps4-games-cd-and-controller-sell-in-riico-industrial-area-jaipur-iid-1825978316,Exchange PS4 games cd and controller sell,"Sell PS4 Sony controller - 1700 GTA 5 - 1300 Uncharted the last legacy - 1000 Street fighter 5 - 1350 Injustice - 700 Tekken 7 - 1000 Friends mujhe last of Us 2, mortal Kombat 11, horizon forbidden west, day zone chahiye - Games & Entertainment",999,"[""/content/drive/MyDrive/olx_gamesentertainment_dataset/images/games_81f5d6ba00/1.jpg"", ""/content/drive/MyDrive/olx_gamesentertainment_dataset/images/games_81f5d6ba00/2.jpg"", ""/content/drive/MyDrive/olx_gamesentertainment_dataset/images/games_81f5d6ba00/3.jpg"", ""/content/drive/MyDrive/olx_gamesentertainment_dataset/images/games_81f5d6ba00/4.jpg"", ""/content/drive/MyDrive/olx_gamesentertainment_dataset/images/games_81f5d6ba00/5.jpg"", ""/content/drive/MyDrive/olx_gamesentertainment_dataset/images/games_81f5d6ba00/6.jpg"", ""/content/drive/MyDrive/olx_gamesentertainment_dataset/images/games_81f5d6ba00/7.jpg"", ""/content/drive/MyDrive/olx_gamesentertainment_dataset/images/games_81f5d6ba00/8.jpg"", ""/content/drive/MyDrive/olx_gamesentertainment_dataset/images/games_81f5d6ba00/9.jpg"", ""/content/drive/MyDrive/olx_gamesentertainment_dataset/images/games_81f5d6ba00/10.jpg"", ""/content/drive/MyDrive/olx_gamesentertainment_dataset/images/games_81f5d6ba00/11.jpg"", ""/content/drive/MyDrive/olx_gamesentertainment_dataset/images/games_81f5d6ba00/12.jpg"", ""/content/drive/MyDrive/olx_gamesentertainment_dataset/images/games_81f5d6ba00/13.jpg"", ""/content/drive/MyDrive/olx_gamesentertainment_dataset/images/games_81f5d6ba00/14.jpg""]",14,2025-12-08 06:33:19.357203
games_1bd660de19,https://www.olx.in/item/games-entertainment-c93-cosmic-byte-blitz-joystic-controller-in-vidyaranyapura-bengaluru-iid-1828579502,Cosmic Byte Blitz Joystic Controller,"New one got it this month, selling it for 1.2k, DM - Games & Entertainment",1200,"[""/content/drive/MyDrive/olx_gamesentertainment_dataset/images/games_1bd660de19/1.jpg"", ""/content/drive/MyDrive/olx_gamesentertainment_dataset/images/games_1bd660de19/2.jpg"", ""/content/drive/MyDrive/olx_gamesentertainment_dataset/images/games_1bd660de19/3.jpg"", ""/content/drive/MyDrive/olx_gamesentertainment_dataset/images/games_1bd660de19/4.jpg"", ""/content/drive/MyDrive/olx_gamesentertainment_dataset/images/games_1bd660de19/5.jpg"", ""/content/drive/MyDrive/olx_gamesentertainment_dataset/images/games_1bd660de19/6.jpg"", ""/content/drive/MyDrive/olx_gamesentertainment_dataset/images/games_1bd660de19/7.jpg"", ""/content/drive/MyDrive/olx_gamesentertainment_dataset/images/games_1bd660de19/8.jpg"", ""/content/drive/MyDrive/olx_gamesentertainment_dataset/images/games_1bd660de19/9.jpg"", ""/content/drive/MyDrive/olx_gamesentertainment_dataset/images/games_1bd660de19/10.jpg"", ""/content/drive/MyDrive/olx_gamesentertainment_dataset/images/games_1bd660de19/11.jpg"", ""/content/drive/MyDrive/olx_gamesentertainment_dataset/images/games_1bd660de19/12.jpg"", ""/content/drive/MyDrive/olx_gamesentertainment_dataset/images/games_1bd660de19/13.jpg"", ""/content/drive/MyDrive/olx_gamesentertainment_dataset/images/games_1bd660de19/14.jpg""]",14,2025-12-08 06:33:29.020031
games_9980738a83,https://www.olx.in/item/games-entertainment-c93-pa5-ssh-1tb-in-ashok-nagar-lucknow-iid-1827730334,Pa5 SSH 1TB,SanDisk SSD 1tb - Games & Entertainment,14500,"[""/content/drive/MyDrive/olx_gamesentertainment_dataset/images/games_9980738a83/1.jpg"", ""/content/drive/MyDrive/olx_gamesentertainment_dataset/images/games_9980738a83/2.jpg"", ""/content/drive/MyDrive/olx_gamesentertainment_dataset/images/games_9980738a83/3.jpg"", ""/content/drive/MyDrive/olx_gamesentertainment_dataset/images/games_9980738a83/4.jpg"", ""/content/drive/MyDrive/olx_gamesentertainment_dataset/images/games_9980738a83/5.jpg"", ""/content/drive/MyDrive/olx_gamesentertainment_dataset/images/games_9980738a83/6.jpg"", ""/content/drive/MyDrive/olx_gamesentertainment_dataset/images/games_9980738a83/7.jpg"", ""/content/drive/MyDrive/olx_gamesentertainment_dataset/images/games_9980738a83/8.jpg"", ""/content/drive/MyDrive/olx_gamesentertainment_dataset/images/games_9980738a83/9.jpg"", ""/content/drive/MyDrive/olx_gamesentertainment_dataset/images/games_9980738a83/10.jpg"", ""/content/drive/MyDrive/olx_gamesentertainment_dataset/images/games_9980738a83/11.jpg"", ""/content/drive/MyDrive/olx_gamesentertainment_dataset/images/games_9980738a83/12.jpg"", ""/content/drive/MyDrive/olx_gamesentertainment_dataset/images/games_9980738a83/13.jpg"", ""/content/drive/MyDrive/olx_gamesentertainment_dataset/images/games_9980738a83/14.jpg""]",14,2025-12-08 06:33:38.645909
games_0c42e8a4c8,https://www.olx.in/item/games-entertainment-c93-vr-headset-in-shree-nagar-thane-iid-1828580689,Vr headset,"IRUSU PLAYER V.R Headset 1)wider field of view 2) IPD adjustable 60-70mm 3)Fixed focal 37.5-46.5 mm 4)compatible with all smartphones(ios,android,windows) 5)Suitable to glasses wearing 6)ABS plastic - Games & Entertainment",2500,"[""/content/drive/MyDrive/olx_gamesentertainment_dataset/images/games_0c42e8a4c8/1.jpg"", ""/content/drive/MyDrive/olx_gamesentertainment_dataset/images/games_0c42e8a4c8/2.jpg"", ""/content/drive/MyDrive/olx_gamesentertainment_dataset/images/games_0c42e8a4c8/3.jpg"", ""/content/drive/MyDrive/olx_gamesentertainment_dataset/images/games_0c42e8a4c8/4.jpg"", ""/content/drive/MyDrive/olx_gamesentertainment_dataset/images/games_0c42e8a4c8/5.jpg"", ""/content/drive/MyDrive/olx_gamesentertainment_dataset/images/games_0c42e8a4c8/6.jpg"", ""/content/drive/MyDrive/olx_gamesentertainment_dataset/images/games_0c42e8a4c8/7.jpg"", ""/content/drive/MyDrive/olx_gamesentertainment_dataset/images/games_0c42e8a4c8/8.jpg"", ""/content/drive/MyDrive/olx_gamesentertainment_dataset/images/games_0c42e8a4c8/9.jpg"", ""/content/drive/MyDrive/olx_gamesentertainment_dataset/images/games_0c42e8a4c8/10.jpg"", ""/content/drive/MyDrive/olx_gamesentertainment_dataset/images/games_0c42e8a4c8/11.jpg"", ""/content/drive/MyDrive/olx_gamesentertainment_dataset/images/games_0c42e8a4c8/12.jpg"", ""/content/drive/MyDrive/olx_gamesentertainment_dataset/images/games_0c42e8a4c8/13.jpg"", ""/content/drive/MyDrive/olx_gamesentertainment_dataset/images/games_0c42e8a4c8/14.jpg""]",14,2025-12-08 06:33:50.636282
games_931bbf6a9a,https://www.olx.in/item/games-entertainment-c93-thread-mill-in-tulasi-nagar-hyderabad-iid-1827326377,Thread Mill,"Aerofit AF439 Motorized Thread Mill, very good condition, with built-in speakers, LCD display with blue black light, Air cushion effect for Knee and joint health protection, 8 preset programs, 3 user, 3 HRC and manual settings • Dimension : 74″(L) X 30″(W) X 56″(H). • Motor : DC Motor, 2.5 HP Continuous, 5.0 HP Peak, Digital Concepts PWM Control. • Speed : 1 To 16 Kmph. • Elevation : 0% To 15%, Automatic. • Running Surface : 56″ (L) X 19″ (W). • Max User Weight : 120 Kgs. - Games & Entertainment",30000,"[""/content/drive/MyDrive/olx_gamesentertainment_dataset/images/games_931bbf6a9a/1.jpg"", ""/content/drive/MyDrive/olx_gamesentertainment_dataset/images/games_931bbf6a9a/2.jpg"", ""/content/drive/MyDrive/olx_gamesentertainment_dataset/images/games_931bbf6a9a/3.jpg"", ""/content/drive/MyDrive/olx_gamesentertainment_dataset/images/games_931bbf6a9a/4.jpg"", ""/content/drive/MyDrive/olx_gamesentertainment_dataset/images/games_931bbf6a9a/5.jpg"", ""/content/drive/MyDrive/olx_gamesentertainment_dataset/images/games_931bbf6a9a/6.jpg"", ""/content/drive/MyDrive/olx_gamesentertainment_dataset/images/games_931bbf6a9a/7.jpg"", ""/content/drive/MyDrive/olx_gamesentertainment_dataset/images/games_931bbf6a9a/8.jpg"", ""/content/drive/MyDrive/olx_gamesentertainment_dataset/images/games_931bbf6a9a/9.jpg"", ""/content/drive/MyDrive/olx_gamesentertainment_dataset/images/games_931bbf6a9a/10.jpg"", ""/content/drive/MyDrive/olx_gamesentertainment_dataset/images/games_931bbf6a9a/11.jpg"", ""/content/drive/MyDrive/olx_gamesentertainment_dataset/images/games_931bbf6a9a/12.jpg"", ""/content/drive/MyDrive/olx_gamesentertainment_dataset/images/games_931bbf6a9a/13.jpg"", ""/content/drive/MyDrive/olx_gamesentertainment_dataset/images/games_931bbf6a9a/14.jpg""]",14,2025-12-08 06:33:59.587188
games_97996337ae,https://www.olx.in/item/games-entertainment-c93-xbox-series-s-in-koti-hyderabad-iid-1827861386,Xbox Series S,"XBOX Series S 512 GB Digital ED Lite used Includes- 1 Controller 1 HDMI Cable 1 Power cable AMBRIT GAMES in Koti, Hyderabad – your one-stop gaming destination! Location: 1st Floor, Entrance of Haridas Market, Bank Street, Koti, Hyderabad. We offer: Retail & wholesale of gaming consoles, DVDs, controllers, and accessories. Chip-level repairs for consoles and controllers. - Games & Entertainment",24000,"[""/content/drive/MyDrive/olx_gamesentertainment_dataset/images/games_97996337ae/1.jpg"", ""/content/drive/MyDrive/olx_gamesentertainment_dataset/images/games_97996337ae/2.jpg"", ""/content/drive/MyDrive/olx_gamesentertainment_dataset/images/games_97996337ae/3.jpg"", ""/content/drive/MyDrive/olx_gamesentertainment_dataset/images/games_97996337ae/4.jpg"", ""/content/drive/MyDrive/olx_gamesentertainment_dataset/images/games_97996337ae/5.jpg"", ""/content/drive/MyDrive/olx_gamesentertainment_dataset/images/games_97996337ae/6.jpg"", ""/content/drive/MyDrive/olx_gamesentertainment_dataset/images/games_97996337ae/7.jpg"", ""/content/drive/MyDrive/olx_gamesentertainment_dataset/images/games_97996337ae/8.jpg"", ""/content/drive/MyDrive/olx_gamesentertainment_dataset/images/games_97996337ae/9.jpg"", ""/content/drive/MyDrive/olx_gamesentertainment_dataset/images/games_97996337ae/10.jpg"", ""/content/drive/MyDrive/olx_gamesentertainment_dataset/images/games_97996337ae/11.jpg"", ""/content/drive/MyDrive/olx_gamesentertainment_dataset/images/games_97996337ae/12.jpg"", ""/content/drive/MyDrive/olx_gamesentertainment_dataset/images/games_97996337ae/13.jpg"", ""/content/drive/MyDrive/olx_gamesentertainment_dataset/images/games_97996337ae/14.jpg""]",14,2025-12-08 06:34:10.020247
games_09d3d4f049,https://www.olx.in/item/games-entertainment-c93-psp-3004-verry-good-condion-pis-16gb-card-23-game-lod-ke-sasth-in-baba-saheb-ambedkar-chowk-mumbai-iid-1821944847,Psp 3004 verry good condion pis 16gb card  23 game lod ke sasth,Psp30004 verry good condion pis 16 gb card 23 game lod kesath - Games & Entertainment,4500,"[""/content/drive/MyDrive/olx_gamesentertainment_dataset/images/games_09d3d4f049/1.jpg"", ""/content/drive/MyDrive/olx_gamesentertainment_dataset/images/games_09d3d4f049/2.jpg"", ""/content/drive/MyDrive/olx_gamesentertainment_dataset/images/games_09d3d4f049/3.jpg"", ""/content/drive/MyDrive/olx_gamesentertainment_dataset/images/games_09d3d4f049/4.jpg"", ""/content/drive/MyDrive/olx_gamesentertainment_dataset/images/games_09d3d4f049/5.jpg"", ""/content/drive/MyDrive/olx_gamesentertainment_dataset/images/games_09d3d4f049/6.jpg"", ""/content/drive/MyDrive/olx_gamesentertainment_dataset/images/games_09d3d4f049/7.jpg"", ""/content/drive/MyDrive/olx_gamesentertainment_dataset/images/games_09d3d4f049/8.jpg"", ""/content/drive/MyDrive/olx_gamesentertainment_dataset/images/games_09d3d4f049/9.jpg"", ""/content/drive/MyDrive/olx_gamesentertainment_dataset/images/games_09d3d4f049/10.jpg"", ""/content/drive/MyDrive/olx_gamesentertainment_dataset/images/games_09d3d4f049/11.jpg"", ""/content/drive/MyDrive/olx_gamesentertainment_dataset/images/games_09d3d4f049/12.jpg"", ""/content/drive/MyDrive/olx_gamesentertainment_dataset/images/games_09d3d4f049/13.jpg"", ""/content/drive/MyDrive/olx_gamesentertainment_dataset/images/games_09d3d4f049/14.jpg""]",14,2025-12-08 06:34:20.453842
games_9848063984,https://www.olx.in/item/games-entertainment-c93-playstation-5-digital-edition-11-controllers-in-majre-wadi-solapur-iid-1828579426,PlayStation 5 Digital Edition 1+1 Controllers,PlayStation 5 Digital Edition - Games & Entertainment,35000,"[""/content/drive/MyDrive/olx_gamesentertainment_dataset/images/games_9848063984/1.jpg"", ""/content/drive/MyDrive/olx_gamesentertainment_dataset/images/games_9848063984/2.jpg"", ""/content/drive/MyDrive/olx_gamesentertainment_dataset/images/games_9848063984/3.jpg"", ""/content/drive/MyDrive/olx_gamesentertainment_dataset/images/games_9848063984/4.jpg"", ""/content/drive/MyDrive/olx_gamesentertainment_dataset/images/games_9848063984/5.jpg"", ""/content/drive/MyDrive/olx_gamesentertainment_dataset/images/games_9848063984/6.jpg"", ""/content/drive/MyDrive/olx_gamesentertainment_dataset/images/games_9848063984/7.jpg"", ""/content/drive/MyDrive/olx_gamesentertainment_dataset/images/games_9848063984/8.jpg"", ""/content/drive/MyDrive/olx_gamesentertainment_dataset/images/games_9848063984/9.jpg"", ""/content/drive/MyDrive/olx_gamesentertainment_dataset/images/games_9848063984/10.jpg"", ""/content/drive/MyDrive/olx_gamesentertainment_dataset/images/games_9848063984/11.jpg"", ""/content/drive/MyDrive/olx_gamesentertainment_dataset/images/games_9848063984/12.jpg"", ""/content/drive/MyDrive/olx_gamesentertainment_dataset/images/games_9848063984/13.jpg"", ""/content/drive/MyDrive/olx_gamesentertainment_dataset/images/games_9848063984/14.jpg""]",14,2025-12-08 06:34:31.416019
games_5dd2d7d737,https://www.olx.in/item/games-entertainment-c93-gaming-cooler-in-balaji-nagar-ajmer-iid-1828580882,Gaming cooler,Good it's good for Android user - Games & Entertainment,800,"[""/content/drive/MyDrive/olx_gamesentertainment_dataset/images/games_5dd2d7d737/1.jpg"", ""/content/drive/MyDrive/olx_gamesentertainment_dataset/images/games_5dd2d7d737/2.jpg"", ""/content/drive/MyDrive/olx_gamesentertainment_dataset/images/games_5dd2d7d737/3.jpg"", ""/content/drive/MyDrive/olx_gamesentertainment_dataset/images/games_5dd2d7d737/4.jpg"", ""/content/drive/MyDrive/olx_gamesentertainment_dataset/images/games_5dd2d7d737/5.jpg"", ""/content/drive/MyDrive/olx_gamesentertainment_dataset/images/games_5dd2d7d737/6.jpg"", ""/content/drive/MyDrive/olx_gamesentertainment_dataset/images/games_5dd2d7d737/7.jpg"", ""/content/drive/MyDrive/olx_gamesentertainment_dataset/images/games_5dd2d7d737/8.jpg"", ""/content/drive/MyDrive/olx_gamesentertainment_dataset/images/games_5dd2d7d737/9.jpg"", ""/content/drive/MyDrive/olx_gamesentertainment_dataset/images/games_5dd2d7d737/10.jpg"", ""/content/drive/MyDrive/olx_gamesentertainment_dataset/images/games_5dd2d7d737/11.jpg"", ""/content/drive/MyDrive/olx_gamesentertainment_dataset/images/games_5dd2d7d737/12.jpg"", ""/content/drive/MyDrive/olx_gamesentertainment_dataset/images/games_5dd2d7d737/13.jpg"", ""/content/drive/MyDrive/olx_gamesentertainment_dataset/images/games_5dd2d7d737/14.jpg""]",14,2025-12-08 06:34:42.701201
games_a264f5e9f9,https://www.olx.in/item/games-entertainment-c93-ps-4-pro-1-tb-in-vaishali-sector-5-ghaziabad-iid-1828581018,Ps 4 pro 1 TB,"Purchased from us in 2016, never repaired or opened, original condition 1 ps remote few keys dont work 1 other remote fully functioning - Games & Entertainment",27000,"[""/content/drive/MyDrive/olx_gamesentertainment_dataset/images/games_a264f5e9f9/1.jpg"", ""/content/drive/MyDrive/olx_gamesentertainment_dataset/images/games_a264f5e9f9/2.jpg"", ""/content/drive/MyDrive/olx_gamesentertainment_dataset/images/games_a264f5e9f9/3.jpg"", ""/content/drive/MyDrive/olx_gamesentertainment_dataset/images/games_a264f5e9f9/4.jpg"", ""/content/drive/MyDrive/olx_gamesentertainment_dataset/images/games_a264f5e9f9/5.jpg"", ""/content/drive/MyDrive/olx_gamesentertainment_dataset/images/games_a264f5e9f9/6.jpg"", ""/content/drive/MyDrive/olx_gamesentertainment_dataset/images/games_a264f5e9f9/7.jpg"", ""/content/drive/MyDrive/olx_gamesentertainment_dataset/images/games_a264f5e9f9/8.jpg"", ""/content/drive/MyDrive/olx_gamesentertainment_dataset/images/games_a264f5e9f9/9.jpg"", ""/content/drive/MyDrive/olx_gamesentertainment_dataset/images/games_a264f5e9f9/10.jpg"", ""/content/drive/MyDrive/olx_gamesentertainment_dataset/images/games_a264f5e9f9/11.jpg"", ""/content/drive/MyDrive/olx_gamesentertainment_dataset/images/games_a264f5e9f9/12.jpg"", ""/content/drive/MyDrive/olx_gamesentertainment_dataset/images/games_a264f5e9f9/13.jpg"", ""/content/drive/MyDrive/olx_gamesentertainment_dataset/images/games_a264f5e9f9/14.jpg""]",14,2025-12-08 06:34:51.824081
games_fde71c263a,https://www.olx.in/item/games-entertainment-c93-ps5-1-tb-with-disk-version-in-sector-64-noida-iid-1828420556,"Ps5, 1 TB with disk version","1.5 years old PS5 with Disk version plus free Spiderman skin installed and 1 remote bill and box available with all cable, 1tb external hdd also available for upgrade storage from 1tb to 2 tb at additional cost of 8k on top of 38k - Games & Entertainment",38000,"[""/content/drive/MyDrive/olx_gamesentertainment_dataset/images/games_fde71c263a/1.jpg"", ""/content/drive/MyDrive/olx_gamesentertainment_dataset/images/games_fde71c263a/2.jpg"", ""/content/drive/MyDrive/olx_gamesentertainment_dataset/images/games_fde71c263a/3.jpg"", ""/content/drive/MyDrive/olx_gamesentertainment_dataset/images/games_fde71c263a/4.jpg"", ""/content/drive/MyDrive/olx_gamesentertainment_dataset/images/games_fde71c263a/5.jpg"", ""/content/drive/MyDrive/olx_gamesentertainment_dataset/images/games_fde71c263a/6.jpg"", ""/content/drive/MyDrive/olx_gamesentertainment_dataset/images/games_fde71c263a/7.jpg"", ""/content/drive/MyDrive/olx_gamesentertainment_dataset/images/games_fde71c263a/8.jpg"", ""/content/drive/MyDrive/olx_gamesentertainment_dataset/images/games_fde71c263a/9.jpg"", ""/content/drive/MyDrive/olx_gamesentertainment_dataset/images/games_fde71c263a/10.jpg"", ""/content/drive/MyDrive/olx_gamesentertainment_dataset/images/games_fde71c263a/11.jpg"", ""/content/drive/MyDrive/olx_gamesentertainment_dataset/images/games_fde71c263a/12.jpg"", ""/content/drive/MyDrive/olx_gamesentertainment_dataset/images/games_fde71c263a/13.jpg"", ""/content/drive/MyDrive/olx_gamesentertainment_dataset/images/games_fde71c263a/14.jpg""]",14,2025-12-08 06:35:01.500666
games_547b101564,https://www.olx.in/item/games-entertainment-c93-dji-flip-fly-more-combo-drone-in-upper-worli-mumbai-iid-1828579227,Dji flip fly more  combo drone,Dji flip drone . RC 2 controller with safety cover . Extra 3 batteries with single battery 31 minutes . Extra popular . With bill Condition mint no crash no damage rarely use come and check it you get satisfy then take don't do timepass - Games & Entertainment,75000,"[""/content/drive/MyDrive/olx_gamesentertainment_dataset/images/games_547b101564/1.jpg"", ""/content/drive/MyDrive/olx_gamesentertainment_dataset/images/games_547b101564/2.jpg"", ""/content/drive/MyDrive/olx_gamesentertainment_dataset/images/games_547b101564/3.jpg"", ""/content/drive/MyDrive/olx_gamesentertainment_dataset/images/games_547b101564/4.jpg"", ""/content/drive/MyDrive/olx_gamesentertainment_dataset/images/games_547b101564/5.jpg"", ""/content/drive/MyDrive/olx_gamesentertainment_dataset/images/games_547b101564/6.jpg"", ""/content/drive/MyDrive/olx_gamesentertainment_dataset/images/games_547b101564/7.jpg"", ""/content/drive/MyDrive/olx_gamesentertainment_dataset/images/games_547b101564/8.jpg"", ""/content/drive/MyDrive/olx_gamesentertainment_dataset/images/games_547b101564/9.jpg"", ""/content/drive/MyDrive/olx_gamesentertainment_dataset/images/games_547b101564/10.jpg"", ""/content/drive/MyDrive/olx_gamesentertainment_dataset/images/games_547b101564/11.jpg"", ""/content/drive/MyDrive/olx_gamesentertainment_dataset/images/games_547b101564/12.jpg"", ""/content/drive/MyDrive/olx_gamesentertainment_dataset/images/games_547b101564/13.jpg"", ""/content/drive/MyDrive/olx_gamesentertainment_dataset/images/games_547b101564/14.jpg""]",14,2025-12-08 06:35:13.013494
games_d568a2bb3b,https://www.olx.in/item/games-entertainment-c93-playstation-5-pro-2tb-in-sreekaryam-thiruvananthapuram-iid-1825106941,PLAYSTATION 5 PRO 2TB,PlayStation 5 PRO 2TB WITH 2 CONTROLLERS & DUAL WIRELESS CHARGER DOCK. ONLY 3 MONTHS USED. IN EXCELLENT CONDITION PS5 PRO IMPORTED (NO BILL) MARKET PRICE AROUND 88k - Games & Entertainment,75000,"[""/content/drive/MyDrive/olx_gamesentertainment_dataset/images/games_d568a2bb3b/1.jpg"", ""/content/drive/MyDrive/olx_gamesentertainment_dataset/images/games_d568a2bb3b/2.jpg"", ""/content/drive/MyDrive/olx_gamesentertainment_dataset/images/games_d568a2bb3b/3.jpg"", ""/content/drive/MyDrive/olx_gamesentertainment_dataset/images/games_d568a2bb3b/4.jpg"", ""/content/drive/MyDrive/olx_gamesentertainment_dataset/images/games_d568a2bb3b/5.jpg"", ""/content/drive/MyDrive/olx_gamesentertainment_dataset/images/games_d568a2bb3b/6.jpg"", ""/content/drive/MyDrive/olx_gamesentertainment_dataset/images/games_d568a2bb3b/7.jpg"", ""/content/drive/MyDrive/olx_gamesentertainment_dataset/images/games_d568a2bb3b/8.jpg"", ""/content/drive/MyDrive/olx_gamesentertainment_dataset/images/games_d568a2bb3b/9.jpg"", ""/content/drive/MyDrive/olx_gamesentertainment_dataset/images/games_d568a2bb3b/10.jpg"", ""/content/drive/MyDrive/olx_gamesentertainment_dataset/images/games_d568a2bb3b/11.jpg"", ""/content/drive/MyDrive/olx_gamesentertainment_dataset/images/games_d568a2bb3b/12.jpg"", ""/content/drive/MyDrive/olx_gamesentertainment_dataset/images/games_d568a2bb3b/13.jpg"", ""/content/drive/MyDrive/olx_gamesentertainment_dataset/images/games_d568a2bb3b/14.jpg""]",14,2025-12-08 06:35:22.300328
games_65f67b84ab,https://www.olx.in/item/games-entertainment-c93-ps3-game-running-condition-in-sector-84-faridabad-iid-1828581521,PS3 game running condition,"PS3 +1 controller+cable, having 20 to 25 game's running condition - Games & Entertainment",14000,"[""/content/drive/MyDrive/olx_gamesentertainment_dataset/images/games_65f67b84ab/1.jpg"", ""/content/drive/MyDrive/olx_gamesentertainment_dataset/images/games_65f67b84ab/2.jpg"", ""/content/drive/MyDrive/olx_gamesentertainment_dataset/images/games_65f67b84ab/3.jpg"", ""/content/drive/MyDrive/olx_gamesentertainment_dataset/images/games_65f67b84ab/4.jpg"", ""/content/drive/MyDrive/olx_gamesentertainment_dataset/images/games_65f67b84ab/5.jpg"", ""/content/drive/MyDrive/olx_gamesentertainment_dataset/images/games_65f67b84ab/6.jpg"", ""/content/drive/MyDrive/olx_gamesentertainment_dataset/images/games_65f67b84ab/7.jpg"", ""/content/drive/MyDrive/olx_gamesentertainment_dataset/images/games_65f67b84ab/8.jpg"", ""/content/drive/MyDrive/olx_gamesentertainment_dataset/images/games_65f67b84ab/9.jpg"", ""/content/drive/MyDrive/olx_gamesentertainment_dataset/images/games_65f67b84ab/10.jpg"", ""/content/drive/MyDrive/olx_gamesentertainment_dataset/images/games_65f67b84ab/11.jpg"", ""/content/drive/MyDrive/olx_gamesentertainment_dataset/images/games_65f67b84ab/12.jpg"", ""/content/drive/MyDrive/olx_gamesentertainment_dataset/images/games_65f67b84ab/13.jpg"", ""/content/drive/MyDrive/olx_gamesentertainment_dataset/images/games_65f67b84ab/14.jpg""]",14,2025-12-08 06:35:31.750357
games_26ebcbd586,https://www.olx.in/item/games-entertainment-c93-deal-new-box-pack-logitech-g29-steering-for-playstation-pc-in-rajouri-garden-delhi-iid-1747448238,Deal- New Box Pack Logitech G29 Steering For Playstation & Pc,"Deal Price,Fix Price - New Box Packed Logitech G29 Steering wheel for Playstation & Pc.. Indian Mrp Unit With Current Date Gst Invoice & Logitech Warranty from Your date of Purchase Pickup Location Near Model Town Delhi. NOTE- Price Mentioned In the ad is Final fix Price ,Please Dont ask for Final/Last Price - Games & Entertainment",23999,"[""/content/drive/MyDrive/olx_gamesentertainment_dataset/images/games_26ebcbd586/1.jpg"", ""/content/drive/MyDrive/olx_gamesentertainment_dataset/images/games_26ebcbd586/2.jpg"", ""/content/drive/MyDrive/olx_gamesentertainment_dataset/images/games_26ebcbd586/3.jpg"", ""/content/drive/MyDrive/olx_gamesentertainment_dataset/images/games_26ebcbd586/4.jpg"", ""/content/drive/MyDrive/olx_gamesentertainment_dataset/images/games_26ebcbd586/5.jpg"", ""/content/drive/MyDrive/olx_gamesentertainment_dataset/images/games_26ebcbd586/6.jpg"", ""/content/drive/MyDrive/olx_gamesentertainment_dataset/images/games_26ebcbd586/7.jpg"", ""/content/drive/MyDrive/olx_gamesentertainment_dataset/images/games_26ebcbd586/8.jpg"", ""/content/drive/MyDrive/olx_gamesentertainment_dataset/images/games_26ebcbd586/9.jpg"", ""/content/drive/MyDrive/olx_gamesentertainment_dataset/images/games_26ebcbd586/10.jpg"", ""/content/drive/MyDrive/olx_gamesentertainment_dataset/images/games_26ebcbd586/11.jpg"", ""/content/drive/MyDrive/olx_gamesentertainment_dataset/images/games_26ebcbd586/12.jpg"", ""/content/drive/MyDrive/olx_gamesentertainment_dataset/images/games_26ebcbd586/13.jpg"", ""/content/drive/MyDrive/olx_gamesentertainment_dataset/images/games_26ebcbd586/14.jpg"", ""/content/drive/MyDrive/olx_gamesentertainment_dataset/images/games_26ebcbd586/15.jpg"", ""/content/drive/MyDrive/olx_gamesentertainment_dataset/images/games_26ebcbd586/16.jpg""]",16,2025-12-08 06:35:48.633829
games_a17c97c62a,https://www.olx.in/item/games-entertainment-c93-ps4-game-cd-sealed-pack-of-3-tilte-for-4250-in-ghatkopar-east-mumbai-iid-1783611075,PS4 Game CD - Sealed - Pack of 3 tilte for 4250,I want to sell my untouched 3 PS4 games for 4250 only 1. GHOST OF TSUSHIMA - 2100 2. GOD OF WAR 3 REMASTERED - 900 3. BLOOD BORNE - 1250 No lecturing on price and time pass as it's seal pack games worth 6500 - Games & Entertainment,4250,"[""/content/drive/MyDrive/olx_gamesentertainment_dataset/images/games_a17c97c62a/1.jpg"", ""/content/drive/MyDrive/olx_gamesentertainment_dataset/images/games_a17c97c62a/2.jpg"", ""/content/drive/MyDrive/olx_gamesentertainment_dataset/images/games_a17c97c62a/3.jpg"", ""/content/drive/MyDrive/olx_gamesentertainment_dataset/images/games_a17c97c62a/4.jpg"", ""/content/drive/MyDrive/olx_gamesentertainment_dataset/images/games_a17c97c62a/5.jpg"", ""/content/drive/MyDrive/olx_gamesentertainment_dataset/images/games_a17c97c62a/6.jpg"", ""/content/drive/MyDrive/olx_gamesentertainment_dataset/images/games_a17c97c62a/7.jpg"", ""/content/drive/MyDrive/olx_gamesentertainment_dataset/images/games_a17c97c62a/8.jpg"", ""/content/drive/MyDrive/olx_gamesentertainment_dataset/images/games_a17c97c62a/9.jpg"", ""/content/drive/MyDrive/olx_gamesentertainment_dataset/images/games_a17c97c62a/10.jpg"", ""/content/drive/MyDrive/olx_gamesentertainment_dataset/images/games_a17c97c62a/11.jpg"", ""/content/drive/MyDrive/olx_gamesentertainment_dataset/images/games_a17c97c62a/12.jpg"", ""/content/drive/MyDrive/olx_gamesentertainment_dataset/images/games_a17c97c62a/13.jpg"", ""/content/drive/MyDrive/olx_gamesentertainment_dataset/images/games_a17c97c62a/14.jpg""]",14,2025-12-08 06:35:59.453725
games_97f77a26b4,https://www.olx.in/item/games-entertainment-c93-nec-projector-in-hsr-layout-sector-6-bengaluru-iid-1827820195,NEC Projector,Model: M230X SKU: 116INFPRMGQ XSIN: 116INFPRMGQ Good condition and nice screen with remote and hdmi cable - Games & Entertainment,10000,"[""/content/drive/MyDrive/olx_gamesentertainment_dataset/images/games_97f77a26b4/1.jpg"", ""/content/drive/MyDrive/olx_gamesentertainment_dataset/images/games_97f77a26b4/2.jpg"", ""/content/drive/MyDrive/olx_gamesentertainment_dataset/images/games_97f77a26b4/3.jpg"", ""/content/drive/MyDrive/olx_gamesentertainment_dataset/images/games_97f77a26b4/4.jpg"", ""/content/drive/MyDrive/olx_gamesentertainment_dataset/images/games_97f77a26b4/5.jpg"", ""/content/drive/MyDrive/olx_gamesentertainment_dataset/images/games_97f77a26b4/6.jpg"", ""/content/drive/MyDrive/olx_gamesentertainment_dataset/images/games_97f77a26b4/7.jpg"", ""/content/drive/MyDrive/olx_gamesentertainment_dataset/images/games_97f77a26b4/8.jpg"", ""/content/drive/MyDrive/olx_gamesentertainment_dataset/images/games_97f77a26b4/9.jpg"", ""/content/drive/MyDrive/olx_gamesentertainment_dataset/images/games_97f77a26b4/10.jpg"", ""/content/drive/MyDrive/olx_gamesentertainment_dataset/images/games_97f77a26b4/11.jpg"", ""/content/drive/MyDrive/olx_gamesentertainment_dataset/images/games_97f77a26b4/12.jpg"", ""/content/drive/MyDrive/olx_gamesentertainment_dataset/images/games_97f77a26b4/13.jpg"", ""/content/drive/MyDrive/olx_gamesentertainment_dataset/images/games_97f77a26b4/14.jpg""]",14,2025-12-08 06:36:09.017989
games_02a3ed04dd,https://www.olx.in/item/games-entertainment-c93-anbernic-rg40xxh-retro-gaming-handheld-in-shiv-nagar-delhi-iid-1828579344,Anbernic RG40XXH Retro Gaming Handheld,"The most awesome handheld from Anbernic Brand New MUOS Pre-installed Comes with 1000s of retro games Got this as a gift a few days ago and has been sitting in box since then Low Ballers pls stay away (video game, Nintendo, retro games, emulator, psp) - Games & Entertainment",7000,"[""/content/drive/MyDrive/olx_gamesentertainment_dataset/images/games_02a3ed04dd/1.jpg"", ""/content/drive/MyDrive/olx_gamesentertainment_dataset/images/games_02a3ed04dd/2.jpg"", ""/content/drive/MyDrive/olx_gamesentertainment_dataset/images/games_02a3ed04dd/3.jpg"", ""/content/drive/MyDrive/olx_gamesentertainment_dataset/images/games_02a3ed04dd/4.jpg"", ""/content/drive/MyDrive/olx_gamesentertainment_dataset/images/games_02a3ed04dd/5.jpg"", ""/content/drive/MyDrive/olx_gamesentertainment_dataset/images/games_02a3ed04dd/6.jpg"", ""/content/drive/MyDrive/olx_gamesentertainment_dataset/images/games_02a3ed04dd/7.jpg"", ""/content/drive/MyDrive/olx_gamesentertainment_dataset/images/games_02a3ed04dd/8.jpg"", ""/content/drive/MyDrive/olx_gamesentertainment_dataset/images/games_02a3ed04dd/9.jpg"", ""/content/drive/MyDrive/olx_gamesentertainment_dataset/images/games_02a3ed04dd/10.jpg"", ""/content/drive/MyDrive/olx_gamesentertainment_dataset/images/games_02a3ed04dd/11.jpg"", ""/content/drive/MyDrive/olx_gamesentertainment_dataset/images/games_02a3ed04dd/12.jpg"", ""/content/drive/MyDrive/olx_gamesentertainment_dataset/images/games_02a3ed04dd/13.jpg"", ""/content/drive/MyDrive/olx_gamesentertainment_dataset/images/games_02a3ed04dd/14.jpg""]",14,2025-12-08 06:36:17.174131
games_63ba0d79b0,https://www.olx.in/item/games-entertainment-c93-robotouch-leg-messager-excellent-working-in-brodipeta-guntur-iid-1828578094,Robotouch leg messager. Excellent working,Excellent working leg messager - Games & Entertainment,15000,"[""/content/drive/MyDrive/olx_gamesentertainment_dataset/images/games_63ba0d79b0/1.jpg"", ""/content/drive/MyDrive/olx_gamesentertainment_dataset/images/games_63ba0d79b0/2.jpg"", ""/content/drive/MyDrive/olx_gamesentertainment_dataset/images/games_63ba0d79b0/3.jpg"", ""/content/drive/MyDrive/olx_gamesentertainment_dataset/images/games_63ba0d79b0/4.jpg"", ""/content/drive/MyDrive/olx_gamesentertainment_dataset/images/games_63ba0d79b0/5.jpg"", ""/content/drive/MyDrive/olx_gamesentertainment_dataset/images/games_63ba0d79b0/6.jpg"", ""/content/drive/MyDrive/olx_gamesentertainment_dataset/images/games_63ba0d79b0/7.jpg"", ""/content/drive/MyDrive/olx_gamesentertainment_dataset/images/games_63ba0d79b0/8.jpg"", ""/content/drive/MyDrive/olx_gamesentertainment_dataset/images/games_63ba0d79b0/9.jpg"", ""/content/drive/MyDrive/olx_gamesentertainment_dataset/images/games_63ba0d79b0/10.jpg"", ""/content/drive/MyDrive/olx_gamesentertainment_dataset/images/games_63ba0d79b0/11.jpg"", ""/content/drive/MyDrive/olx_gamesentertainment_dataset/images/games_63ba0d79b0/12.jpg"", ""/content/drive/MyDrive/olx_gamesentertainment_dataset/images/games_63ba0d79b0/13.jpg"", ""/content/drive/MyDrive/olx_gamesentertainment_dataset/images/games_63ba0d79b0/14.jpg""]",14,2025-12-08 06:36:29.851526
games_3615bef33d,https://www.olx.in/item/games-entertainment-c93-asus-rog-ally-x-7-120hz-fhd-1080p-gaming-handheld-amd-ryzen-z1-in-mysore-university-layout-mysuru-iid-1828582387,ASUS - ROG Ally X 7 120Hz FHD 1080p Gaming Handheld - AMD Ryzen Z1,ASUS - ROG Ally X 7 120Hz FHD 1080p Gaming Handheld - AMD Ryzen Z1 Extreme 1TB Brand Asus Type Handheld Region Code NTSC-U/C (US/Canada) Manufacturer Warranty 1 Year Color Black Model Asus ROG Ally X Connectivity Headphone Jack Charger Included Yes Storage Capacity 1 TB Country of Origin China Resolution 1080p (FHD) Category Video Games & Consoles > Video Game Consoles - Games & Entertainment,25500,"[""/content/drive/MyDrive/olx_gamesentertainment_dataset/images/games_3615bef33d/1.jpg"", ""/content/drive/MyDrive/olx_gamesentertainment_dataset/images/games_3615bef33d/2.jpg"", ""/content/drive/MyDrive/olx_gamesentertainment_dataset/images/games_3615bef33d/3.jpg"", ""/content/drive/MyDrive/olx_gamesentertainment_dataset/images/games_3615bef33d/4.jpg"", ""/content/drive/MyDrive/olx_gamesentertainment_dataset/images/games_3615bef33d/5.jpg"", ""/content/drive/MyDrive/olx_gamesentertainment_dataset/images/games_3615bef33d/6.jpg"", ""/content/drive/MyDrive/olx_gamesentertainment_dataset/images/games_3615bef33d/7.jpg"", ""/content/drive/MyDrive/olx_gamesentertainment_dataset/images/games_3615bef33d/8.jpg"", ""/content/drive/MyDrive/olx_gamesentertainment_dataset/images/games_3615bef33d/9.jpg"", ""/content/drive/MyDrive/olx_gamesentertainment_dataset/images/games_3615bef33d/10.jpg"", ""/content/drive/MyDrive/olx_gamesentertainment_dataset/images/games_3615bef33d/11.jpg"", ""/content/drive/MyDrive/olx_gamesentertainment_dataset/images/games_3615bef33d/12.jpg"", ""/content/drive/MyDrive/olx_gamesentertainment_dataset/images/games_3615bef33d/13.jpg"", ""/content/drive/MyDrive/olx_gamesentertainment_dataset/images/games_3615bef33d/14.jpg"", ""/content/drive/MyDrive/olx_gamesentertainment_dataset/images/games_3615bef33d/15.jpg"", ""/content/drive/MyDrive/olx_gamesentertainment_dataset/images/games_3615bef33d/16.jpg""]",16,2025-12-08 06:36:44.657871
games_148d1e4942,https://www.olx.in/item/games-entertainment-c93-220v-to-110v-converter-good-for-any-eletronics-appliances-at-110v-in-basavanna-nagar-bengaluru-iid-1828582962,"220v to 110v converter, good for any eletronics appliances at 110v",Selling a 220v to 110v converter recently purchased from Amazon and working in perfect condition. Selling because our XBox adapter has a problem and not this converter. New one is selling for almost 5000 at Amazon. - Games & Entertainment,4000,"[""/content/drive/MyDrive/olx_gamesentertainment_dataset/images/games_148d1e4942/1.jpg"", ""/content/drive/MyDrive/olx_gamesentertainment_dataset/images/games_148d1e4942/2.jpg"", ""/content/drive/MyDrive/olx_gamesentertainment_dataset/images/games_148d1e4942/3.jpg"", ""/content/drive/MyDrive/olx_gamesentertainment_dataset/images/games_148d1e4942/4.jpg"", ""/content/drive/MyDrive/olx_gamesentertainment_dataset/images/games_148d1e4942/5.jpg"", ""/content/drive/MyDrive/olx_gamesentertainment_dataset/images/games_148d1e4942/6.jpg"", ""/content/drive/MyDrive/olx_gamesentertainment_dataset/images/games_148d1e4942/7.jpg"", ""/content/drive/MyDrive/olx_gamesentertainment_dataset/images/games_148d1e4942/8.jpg"", ""/content/drive/MyDrive/olx_gamesentertainment_dataset/images/games_148d1e4942/9.jpg"", ""/content/drive/MyDrive/olx_gamesentertainment_dataset/images/games_148d1e4942/10.jpg"", ""/content/drive/MyDrive/olx_gamesentertainment_dataset/images/games_148d1e4942/11.jpg"", ""/content/drive/MyDrive/olx_gamesentertainment_dataset/images/games_148d1e4942/12.jpg"", ""/content/drive/MyDrive/olx_gamesentertainment_dataset/images/games_148d1e4942/13.jpg"", ""/content/drive/MyDrive/olx_gamesentertainment_dataset/images/games_148d1e4942/14.jpg""]",14,2025-12-08 06:36:52.343846
games_b24c01a050,https://www.olx.in/item/games-entertainment-c93-ps5-controller-mint-condition-in-techzone-4-greater-noida-iid-1828577863,Ps5 controller mint condition,White ps5 original controller - Games & Entertainment,4200,"[""/content/drive/MyDrive/olx_gamesentertainment_dataset/images/games_b24c01a050/1.jpg"", ""/content/drive/MyDrive/olx_gamesentertainment_dataset/images/games_b24c01a050/2.jpg"", ""/content/drive/MyDrive/olx_gamesentertainment_dataset/images/games_b24c01a050/3.jpg"", ""/content/drive/MyDrive/olx_gamesentertainment_dataset/images/games_b24c01a050/4.jpg"", ""/content/drive/MyDrive/olx_gamesentertainment_dataset/images/games_b24c01a050/5.jpg"", ""/content/drive/MyDrive/olx_gamesentertainment_dataset/images/games_b24c01a050/6.jpg"", ""/content/drive/MyDrive/olx_gamesentertainment_dataset/images/games_b24c01a050/7.jpg"", ""/content/drive/MyDrive/olx_gamesentertainment_dataset/images/games_b24c01a050/8.jpg"", ""/content/drive/MyDrive/olx_gamesentertainment_dataset/images/games_b24c01a050/9.jpg"", ""/content/drive/MyDrive/olx_gamesentertainment_dataset/images/games_b24c01a050/10.jpg"", ""/content/drive/MyDrive/olx_gamesentertainment_dataset/images/games_b24c01a050/11.jpg"", ""/content/drive/MyDrive/olx_gamesentertainment_dataset/images/games_b24c01a050/12.jpg"", ""/content/drive/MyDrive/olx_gamesentertainment_dataset/images/games_b24c01a050/13.jpg"", ""/content/drive/MyDrive/olx_gamesentertainment_dataset/images/games_b24c01a050/14.jpg""]",14,2025-12-08 06:37:01.932522
games_502f9d2caa,https://www.olx.in/item/games-entertainment-c93-drone-with-camera-in-swami-samarth-nagar-nandurbar-iid-1812360499,Drone with camera,Drone with camera 2 2 battery - Games & Entertainment,1500,"[""/content/drive/MyDrive/olx_gamesentertainment_dataset/images/games_502f9d2caa/1.jpg"", ""/content/drive/MyDrive/olx_gamesentertainment_dataset/images/games_502f9d2caa/2.jpg"", ""/content/drive/MyDrive/olx_gamesentertainment_dataset/images/games_502f9d2caa/3.jpg"", ""/content/drive/MyDrive/olx_gamesentertainment_dataset/images/games_502f9d2caa/4.jpg"", ""/content/drive/MyDrive/olx_gamesentertainment_dataset/images/games_502f9d2caa/5.jpg"", ""/content/drive/MyDrive/olx_gamesentertainment_dataset/images/games_502f9d2caa/6.jpg"", ""/content/drive/MyDrive/olx_gamesentertainment_dataset/images/games_502f9d2caa/7.jpg"", ""/content/drive/MyDrive/olx_gamesentertainment_dataset/images/games_502f9d2caa/8.jpg"", ""/content/drive/MyDrive/olx_gamesentertainment_dataset/images/games_502f9d2caa/9.jpg"", ""/content/drive/MyDrive/olx_gamesentertainment_dataset/images/games_502f9d2caa/10.jpg"", ""/content/drive/MyDrive/olx_gamesentertainment_dataset/images/games_502f9d2caa/11.jpg"", ""/content/drive/MyDrive/olx_gamesentertainment_dataset/images/games_502f9d2caa/12.jpg"", ""/content/drive/MyDrive/olx_gamesentertainment_dataset/images/games_502f9d2caa/13.jpg"", ""/content/drive/MyDrive/olx_gamesentertainment_dataset/images/games_502f9d2caa/14.jpg""]",14,2025-12-08 06:37:11.752590
games_875283636b,https://www.olx.in/item/games-entertainment-c93-red-dead-redemption-2-ps5-ps4-game-in-saravanampatti-coimbatore-iid-1828215628,Red dead redemption 2 PS5 & PS4 game,Red dead redemption 2 PS5 & PS4 game - Games & Entertainment,500,"[""/content/drive/MyDrive/olx_gamesentertainment_dataset/images/games_875283636b/1.jpg"", ""/content/drive/MyDrive/olx_gamesentertainment_dataset/images/games_875283636b/2.jpg"", ""/content/drive/MyDrive/olx_gamesentertainment_dataset/images/games_875283636b/3.jpg"", ""/content/drive/MyDrive/olx_gamesentertainment_dataset/images/games_875283636b/4.jpg"", ""/content/drive/MyDrive/olx_gamesentertainment_dataset/images/games_875283636b/5.jpg"", ""/content/drive/MyDrive/olx_gamesentertainment_dataset/images/games_875283636b/6.jpg"", ""/content/drive/MyDrive/olx_gamesentertainment_dataset/images/games_875283636b/7.jpg"", ""/content/drive/MyDrive/olx_gamesentertainment_dataset/images/games_875283636b/8.jpg"", ""/content/drive/MyDrive/olx_gamesentertainment_dataset/images/games_875283636b/9.jpg"", ""/content/drive/MyDrive/olx_gamesentertainment_dataset/images/games_875283636b/10.jpg"", ""/content/drive/MyDrive/olx_gamesentertainment_dataset/images/games_875283636b/11.jpg"", ""/content/drive/MyDrive/olx_gamesentertainment_dataset/images/games_875283636b/12.jpg"", ""/content/drive/MyDrive/olx_gamesentertainment_dataset/images/games_875283636b/13.jpg"", ""/content/drive/MyDrive/olx_gamesentertainment_dataset/images/games_875283636b/14.jpg"", ""/content/drive/MyDrive/olx_gamesentertainment_dataset/images/games_875283636b/15.jpg"", ""/content/drive/MyDrive/olx_gamesentertainment_dataset/images/games_875283636b/16.jpg""]",16,2025-12-08 06:37:21.588106
games_01998d9da6,https://www.olx.in/item/games-entertainment-c93-1211nsc-bose-nager-diamond-street-porur-chennai-in-porur-nsc-bose-nagar-chennai-iid-1821295978,12/11NSC Bose nager diamond street porur chennai,Trealmill for good condition - Games & Entertainment,10000,"[""/content/drive/MyDrive/olx_gamesentertainment_dataset/images/games_01998d9da6/1.jpg"", ""/content/drive/MyDrive/olx_gamesentertainment_dataset/images/games_01998d9da6/2.jpg"", ""/content/drive/MyDrive/olx_gamesentertainment_dataset/images/games_01998d9da6/3.jpg"", ""/content/drive/MyDrive/olx_gamesentertainment_dataset/images/games_01998d9da6/4.jpg"", ""/content/drive/MyDrive/olx_gamesentertainment_dataset/images/games_01998d9da6/5.jpg"", ""/content/drive/MyDrive/olx_gamesentertainment_dataset/images/games_01998d9da6/6.jpg"", ""/content/drive/MyDrive/olx_gamesentertainment_dataset/images/games_01998d9da6/7.jpg"", ""/content/drive/MyDrive/olx_gamesentertainment_dataset/images/games_01998d9da6/8.jpg"", ""/content/drive/MyDrive/olx_gamesentertainment_dataset/images/games_01998d9da6/9.jpg"", ""/content/drive/MyDrive/olx_gamesentertainment_dataset/images/games_01998d9da6/10.jpg"", ""/content/drive/MyDrive/olx_gamesentertainment_dataset/images/games_01998d9da6/11.jpg"", ""/content/drive/MyDrive/olx_gamesentertainment_dataset/images/games_01998d9da6/12.jpg"", ""/content/drive/MyDrive/olx_gamesentertainment_dataset/images/games_01998d9da6/13.jpg"", ""/content/drive/MyDrive/olx_gamesentertainment_dataset/images/games_01998d9da6/14.jpg""]",14,2025-12-08 06:37:31.086972
games_285ddc6fb8,https://www.olx.in/item/games-entertainment-c93-play-station-2-in-municipal-colony-rajahmundry-iid-1828578987,Play Station 2,I would like to sell my Play station 2 Condition: Good Games: 9 in USB Memory Card: 32 MB One Joystick Gaming experience is really good. - Games & Entertainment,4500,"[""/content/drive/MyDrive/olx_gamesentertainment_dataset/images/games_285ddc6fb8/1.jpg"", ""/content/drive/MyDrive/olx_gamesentertainment_dataset/images/games_285ddc6fb8/2.jpg"", ""/content/drive/MyDrive/olx_gamesentertainment_dataset/images/games_285ddc6fb8/3.jpg"", ""/content/drive/MyDrive/olx_gamesentertainment_dataset/images/games_285ddc6fb8/4.jpg"", ""/content/drive/MyDrive/olx_gamesentertainment_dataset/images/games_285ddc6fb8/5.jpg"", ""/content/drive/MyDrive/olx_gamesentertainment_dataset/images/games_285ddc6fb8/6.jpg"", ""/content/drive/MyDrive/olx_gamesentertainment_dataset/images/games_285ddc6fb8/7.jpg"", ""/content/drive/MyDrive/olx_gamesentertainment_dataset/images/games_285ddc6fb8/8.jpg"", ""/content/drive/MyDrive/olx_gamesentertainment_dataset/images/games_285ddc6fb8/9.jpg"", ""/content/drive/MyDrive/olx_gamesentertainment_dataset/images/games_285ddc6fb8/10.jpg"", ""/content/drive/MyDrive/olx_gamesentertainment_dataset/images/games_285ddc6fb8/11.jpg"", ""/content/drive/MyDrive/olx_gamesentertainment_dataset/images/games_285ddc6fb8/12.jpg"", ""/content/drive/MyDrive/olx_gamesentertainment_dataset/images/games_285ddc6fb8/13.jpg"", ""/content/drive/MyDrive/olx_gamesentertainment_dataset/images/games_285ddc6fb8/14.jpg""]",14,2025-12-08 06:37:40.182117
games_5aeaf822d7,https://www.olx.in/item/games-entertainment-c93-ps5-for-sale-in-virgonagar-bengaluru-iid-1828582121,PS5 for sale,Good condition barely used for 3 months….Price can be negotiated little - Games & Entertainment,46000,"[""/content/drive/MyDrive/olx_gamesentertainment_dataset/images/games_5aeaf822d7/1.jpg"", ""/content/drive/MyDrive/olx_gamesentertainment_dataset/images/games_5aeaf822d7/2.jpg"", ""/content/drive/MyDrive/olx_gamesentertainment_dataset/images/games_5aeaf822d7/3.jpg"", ""/content/drive/MyDrive/olx_gamesentertainment_dataset/images/games_5aeaf822d7/4.jpg"", ""/content/drive/MyDrive/olx_gamesentertainment_dataset/images/games_5aeaf822d7/5.jpg"", ""/content/drive/MyDrive/olx_gamesentertainment_dataset/images/games_5aeaf822d7/6.jpg"", ""/content/drive/MyDrive/olx_gamesentertainment_dataset/images/games_5aeaf822d7/7.jpg"", ""/content/drive/MyDrive/olx_gamesentertainment_dataset/images/games_5aeaf822d7/8.jpg""]",8,2025-12-08 06:37:47.493632
games_8019302232,https://www.olx.in/item/games-entertainment-c93-rog-ally-in-warranty-in-ramdaspeth-nagpur-iid-1828576869,Rog ally in warranty,New condition rog ally with cover and charger - Games & Entertainment,33000,"[""/content/drive/MyDrive/olx_gamesentertainment_dataset/images/games_8019302232/1.jpg"", ""/content/drive/MyDrive/olx_gamesentertainment_dataset/images/games_8019302232/2.jpg"", ""/content/drive/MyDrive/olx_gamesentertainment_dataset/images/games_8019302232/3.jpg"", ""/content/drive/MyDrive/olx_gamesentertainment_dataset/images/games_8019302232/4.jpg"", ""/content/drive/MyDrive/olx_gamesentertainment_dataset/images/games_8019302232/5.jpg"", ""/content/drive/MyDrive/olx_gamesentertainment_dataset/images/games_8019302232/6.jpg"", ""/content/drive/MyDrive/olx_gamesentertainment_dataset/images/games_8019302232/7.jpg"", ""/content/drive/MyDrive/olx_gamesentertainment_dataset/images/games_8019302232/8.jpg""]",8,2025-12-08 06:37:52.005835
games_64583fbd51,https://www.olx.in/item/games-entertainment-c93-tekken-8-ps5-in-banarsi-tola-lucknow-iid-1828343602,Tekken 8  PS5,With box no scratch Tekken 8 2500 Spiderman 2 3000 - Games & Entertainment,2500,"[""/content/drive/MyDrive/olx_gamesentertainment_dataset/images/games_64583fbd51/1.jpg"", ""/content/drive/MyDrive/olx_gamesentertainment_dataset/images/games_64583fbd51/2.jpg"", ""/content/drive/MyDrive/olx_gamesentertainment_dataset/images/games_64583fbd51/3.jpg"", ""/content/drive/MyDrive/olx_gamesentertainment_dataset/images/games_64583fbd51/4.jpg"", ""/content/drive/MyDrive/olx_gamesentertainment_dataset/images/games_64583fbd51/5.jpg"", ""/content/drive/MyDrive/olx_gamesentertainment_dataset/images/games_64583fbd51/6.jpg"", ""/content/drive/MyDrive/olx_gamesentertainment_dataset/images/games_64583fbd51/7.jpg"", ""/content/drive/MyDrive/olx_gamesentertainment_dataset/images/games_64583fbd51/8.jpg""]",8,2025-12-08 06:40:07.121226
games_4db6ead925,https://www.olx.in/item/games-entertainment-c93-asus-rog-ally-z1-extreme-7-120hz-pc-gaming-handheld-white-2tb-ssd-in-christian-college-kozhikode-iid-1828583380,ASUS ROG Ally Z1 Extreme 7” 120Hz PC Gaming Handheld (White) 2TB SSD,"ASUS ROG Ally Z1 Extreme 7” 120Hz PC Gaming Handheld (White) 2TB SSD Color White MPN RC71LALLYZ1X512 Item Length 11 in Item Depth 11 in Brand ASUS Type Handheld System Item Height 0.8 in Model ASUS ROG Ally Connectivity USB-C Features Touchscreen, Widescreen Display Storage Capacity 2 TB Item Weight 1.13 lbs. Resolution 1080p (FHD) Category Video Games & Consoles > Video Game Consoles - Games & Entertainment",34500,"[""/content/drive/MyDrive/olx_gamesentertainment_dataset/images/games_4db6ead925/1.jpg"", ""/content/drive/MyDrive/olx_gamesentertainment_dataset/images/games_4db6ead925/2.jpg"", ""/content/drive/MyDrive/olx_gamesentertainment_dataset/images/games_4db6ead925/3.jpg"", ""/content/drive/MyDrive/olx_gamesentertainment_dataset/images/games_4db6ead925/4.jpg"", ""/content/drive/MyDrive/olx_gamesentertainment_dataset/images/games_4db6ead925/5.jpg"", ""/content/drive/MyDrive/olx_gamesentertainment_dataset/images/games_4db6ead925/6.jpg"", ""/content/drive/MyDrive/olx_gamesentertainment_dataset/images/games_4db6ead925/7.jpg"", ""/content/drive/MyDrive/olx_gamesentertainment_dataset/images/games_4db6ead925/8.jpg"", ""/content/drive/MyDrive/olx_gamesentertainment_dataset/images/games_4db6ead925/9.jpg"", ""/content/drive/MyDrive/olx_gamesentertainment_dataset/images/games_4db6ead925/10.jpg""]",10,2025-12-08 06:40:15.079316
games_dea5206ca8,https://www.olx.in/item/games-entertainment-c93-asus-rog-ally-z1-rc71l-512gb-preowned-please-read-the-description-in-lady-hill-society-mangaluru-iid-1828582789,Asus ROG Ally Z1 RC71L (512GB) – PreOwned! Please Read The Description,"Asus ROG Ally Z1 RC71L (512GB) – PreOwned! Please Read The Description First Platform Windows Color White Item Length 11 in Most Suitable For Gaming Item Depth 11 in Brand ASUS Type Handheld System Region Code Region Free Manufacturer Warranty 1 Year Item Height 0.8 in Model Asus ROG Ally Connectivity USB-C Charger Included Yes Features Wi-Fi Capability, On-Board Audio, Multi-GPU Support Storage Capacity 512 GB Resolution 1080p (FHD) Category Video Games & Consoles > Video Game Consoles - Games & Entertainment",31500,"[""/content/drive/MyDrive/olx_gamesentertainment_dataset/images/games_dea5206ca8/1.jpg"", ""/content/drive/MyDrive/olx_gamesentertainment_dataset/images/games_dea5206ca8/2.jpg"", ""/content/drive/MyDrive/olx_gamesentertainment_dataset/images/games_dea5206ca8/3.jpg"", ""/content/drive/MyDrive/olx_gamesentertainment_dataset/images/games_dea5206ca8/4.jpg"", ""/content/drive/MyDrive/olx_gamesentertainment_dataset/images/games_dea5206ca8/5.jpg"", ""/content/drive/MyDrive/olx_gamesentertainment_dataset/images/games_dea5206ca8/6.jpg"", ""/content/drive/MyDrive/olx_gamesentertainment_dataset/images/games_dea5206ca8/7.jpg"", ""/content/drive/MyDrive/olx_gamesentertainment_dataset/images/games_dea5206ca8/8.jpg"", ""/content/drive/MyDrive/olx_gamesentertainment_dataset/images/games_dea5206ca8/9.jpg"", ""/content/drive/MyDrive/olx_gamesentertainment_dataset/images/games_dea5206ca8/10.jpg""]",10,2025-12-08 06:43:22.470407
games_f95d596b35,https://www.olx.in/item/games-entertainment-c93-ps5-slim-disc-edition-3-days-old-in-keb-colony-bengaluru-iid-1828166729,PS5 slim disc edition 3 days Old,Not even used one time - Games & Entertainment,50000,"[""/content/drive/MyDrive/olx_gamesentertainment_dataset/images/games_f95d596b35/1.jpg"", ""/content/drive/MyDrive/olx_gamesentertainment_dataset/images/games_f95d596b35/2.jpg"", ""/content/drive/MyDrive/olx_gamesentertainment_dataset/images/games_f95d596b35/3.jpg"", ""/content/drive/MyDrive/olx_gamesentertainment_dataset/images/games_f95d596b35/4.jpg"", ""/content/drive/MyDrive/olx_gamesentertainment_dataset/images/games_f95d596b35/5.jpg"", ""/content/drive/MyDrive/olx_gamesentertainment_dataset/images/games_f95d596b35/6.jpg"", ""/content/drive/MyDrive/olx_gamesentertainment_dataset/images/games_f95d596b35/7.jpg"", ""/content/drive/MyDrive/olx_gamesentertainment_dataset/images/games_f95d596b35/8.jpg""]",8,2025-12-08 06:43:29.252360
games_5b2d689b8d,https://www.olx.in/item/games-entertainment-c93-call-of-duty-modern-warfare-1-ps4-game-disc-2019-in-madhavaram-milk-colony-shastri-nagar-chennai-iid-1828564175,Call of duty modern warfare 1 PS4 game disc (2019),The disc is UAE region and requires internet Price negotiable - Games & Entertainment,1200,"[""/content/drive/MyDrive/olx_gamesentertainment_dataset/images/games_5b2d689b8d/1.jpg"", ""/content/drive/MyDrive/olx_gamesentertainment_dataset/images/games_5b2d689b8d/2.jpg"", ""/content/drive/MyDrive/olx_gamesentertainment_dataset/images/games_5b2d689b8d/3.jpg"", ""/content/drive/MyDrive/olx_gamesentertainment_dataset/images/games_5b2d689b8d/4.jpg"", ""/content/drive/MyDrive/olx_gamesentertainment_dataset/images/games_5b2d689b8d/5.jpg"", ""/content/drive/MyDrive/olx_gamesentertainment_dataset/images/games_5b2d689b8d/6.jpg"", ""/content/drive/MyDrive/olx_gamesentertainment_dataset/images/games_5b2d689b8d/7.jpg"", ""/content/drive/MyDrive/olx_gamesentertainment_dataset/images/games_5b2d689b8d/8.jpg""]",8,2025-12-08 06:43:35.435154
games_c02a595860,https://www.olx.in/item/games-entertainment-c93-300-mbps-wife-range-extender-tp-link-in-sohbatiya-bagh-allahabad-iid-1828566833,300 Mbps Wife Range Extender TP Link,Wifi Range Extender Extend the Range of your Wi-Fi Network MRP. ₹2399 Selling Price :- ₹2199 New Product Not Used any time - Games & Entertainment,2299,"[""/content/drive/MyDrive/olx_gamesentertainment_dataset/images/games_c02a595860/1.jpg"", ""/content/drive/MyDrive/olx_gamesentertainment_dataset/images/games_c02a595860/2.jpg"", ""/content/drive/MyDrive/olx_gamesentertainment_dataset/images/games_c02a595860/3.jpg"", ""/content/drive/MyDrive/olx_gamesentertainment_dataset/images/games_c02a595860/4.jpg"", ""/content/drive/MyDrive/olx_gamesentertainment_dataset/images/games_c02a595860/5.jpg"", ""/content/drive/MyDrive/olx_gamesentertainment_dataset/images/games_c02a595860/6.jpg"", ""/content/drive/MyDrive/olx_gamesentertainment_dataset/images/games_c02a595860/7.jpg"", ""/content/drive/MyDrive/olx_gamesentertainment_dataset/images/games_c02a595860/8.jpg""]",8,2025-12-08 06:44:29.744489
games_c69ee0ec66,https://www.olx.in/item/games-entertainment-c93-vr-headset-in-kesaram-suryapet-iid-1828565584,Vr headset,VR headset just 1500 - Games & Entertainment,1500,"[""/content/drive/MyDrive/olx_gamesentertainment_dataset/images/games_c69ee0ec66/1.jpg"", ""/content/drive/MyDrive/olx_gamesentertainment_dataset/images/games_c69ee0ec66/2.jpg"", ""/content/drive/MyDrive/olx_gamesentertainment_dataset/images/games_c69ee0ec66/3.jpg"", ""/content/drive/MyDrive/olx_gamesentertainment_dataset/images/games_c69ee0ec66/4.jpg"", ""/content/drive/MyDrive/olx_gamesentertainment_dataset/images/games_c69ee0ec66/5.jpg"", ""/content/drive/MyDrive/olx_gamesentertainment_dataset/images/games_c69ee0ec66/6.jpg"", ""/content/drive/MyDrive/olx_gamesentertainment_dataset/images/games_c69ee0ec66/7.jpg"", ""/content/drive/MyDrive/olx_gamesentertainment_dataset/images/games_c69ee0ec66/8.jpg""]",8,2025-12-08 06:44:36.395913
games_186a1255dd,https://www.olx.in/item/games-entertainment-c93-izi-mini-x-nano-in-jayanagar-guwahati-iid-1822805627,IZI Mini x nano,Izi mini drone - Games & Entertainment,16500,"[""/content/drive/MyDrive/olx_gamesentertainment_dataset/images/games_186a1255dd/1.jpg"", ""/content/drive/MyDrive/olx_gamesentertainment_dataset/images/games_186a1255dd/2.jpg"", ""/content/drive/MyDrive/olx_gamesentertainment_dataset/images/games_186a1255dd/3.jpg"", ""/content/drive/MyDrive/olx_gamesentertainment_dataset/images/games_186a1255dd/4.jpg"", ""/content/drive/MyDrive/olx_gamesentertainment_dataset/images/games_186a1255dd/5.jpg"", ""/content/drive/MyDrive/olx_gamesentertainment_dataset/images/games_186a1255dd/6.jpg"", ""/content/drive/MyDrive/olx_gamesentertainment_dataset/images/games_186a1255dd/7.jpg"", ""/content/drive/MyDrive/olx_gamesentertainment_dataset/images/games_186a1255dd/8.jpg""]",8,2025-12-08 06:45:23.874201
games_e85fe2af72,https://www.olx.in/item/games-entertainment-c93-playstation-sony-ps-4-5-pulse-3d-gaming-in-reni-bazar-hyderabad-iid-1828139728,PlayStation Sony Ps 4 / 5 Pulse 3D Gaming,"New peace no bill no box I’m selling my head phone for ps4 / 5 PlayStation Sony Ps5 Pulse 3D Gaming Wireless Over Ear Headset With Dual Noise-Cancellation Mic, 3.5Mm Jack, Tempest 3D Audio, Usb Type-C Charging, 12H Battery (White) - Games & Entertainment",6000,"[""/content/drive/MyDrive/olx_gamesentertainment_dataset/images/games_e85fe2af72/1.jpg"", ""/content/drive/MyDrive/olx_gamesentertainment_dataset/images/games_e85fe2af72/2.jpg"", ""/content/drive/MyDrive/olx_gamesentertainment_dataset/images/games_e85fe2af72/3.jpg"", ""/content/drive/MyDrive/olx_gamesentertainment_dataset/images/games_e85fe2af72/4.jpg"", ""/content/drive/MyDrive/olx_gamesentertainment_dataset/images/games_e85fe2af72/5.jpg"", ""/content/drive/MyDrive/olx_gamesentertainment_dataset/images/games_e85fe2af72/6.jpg"", ""/content/drive/MyDrive/olx_gamesentertainment_dataset/images/games_e85fe2af72/7.jpg"", ""/content/drive/MyDrive/olx_gamesentertainment_dataset/images/games_e85fe2af72/8.jpg""]",8,2025-12-08 06:48:26.321535
games_d6d976fc77,https://www.olx.in/item/games-entertainment-c93-asus-rog-ally-z1-extreme-wzagg-shield-rog-65w-charger-whdmi-rog-in-lady-hill-society-mangaluru-iid-1828564099,ASUS ROG Ally Z1 Extreme w/ZAGG Shield; ROG 65W Charger w/HDMI; ROG,ASUS ROG Ally Z1 Extreme w/ZAGG Shield; ROG 65W Charger w/HDMI; ROG Travel Case Brand ASUS Type Handheld System Color White Model ASUS ROG Z1X_512 Connectivity HDMI Storage Capacity 512 GB Category Video Games & Consoles > Video Game Consoles - Games & Entertainment,34500,"[""/content/drive/MyDrive/olx_gamesentertainment_dataset/images/games_d6d976fc77/1.jpg"", ""/content/drive/MyDrive/olx_gamesentertainment_dataset/images/games_d6d976fc77/2.jpg"", ""/content/drive/MyDrive/olx_gamesentertainment_dataset/images/games_d6d976fc77/3.jpg"", ""/content/drive/MyDrive/olx_gamesentertainment_dataset/images/games_d6d976fc77/4.jpg"", ""/content/drive/MyDrive/olx_gamesentertainment_dataset/images/games_d6d976fc77/5.jpg"", ""/content/drive/MyDrive/olx_gamesentertainment_dataset/images/games_d6d976fc77/6.jpg"", ""/content/drive/MyDrive/olx_gamesentertainment_dataset/images/games_d6d976fc77/7.jpg"", ""/content/drive/MyDrive/olx_gamesentertainment_dataset/images/games_d6d976fc77/8.jpg"", ""/content/drive/MyDrive/olx_gamesentertainment_dataset/images/games_d6d976fc77/9.jpg"", ""/content/drive/MyDrive/olx_gamesentertainment_dataset/images/games_d6d976fc77/10.jpg""]",10,2025-12-08 06:49:58.229811
games_e907e3897f,https://www.olx.in/item/games-entertainment-c93-ps5-playstation-5-ps4-playstation-4-xbox-nintendo-switch-joycons-in-koti-hyderabad-iid-1825068243,"PS5 Playstation 5 , PS4 Playstation 4, Xbox , Nintendo Switch Joycons","PS5 Playstation 5 , PS4 Playstation 4, Xbox , Nintendo Switch Joycons. All Controller's All Joycons will Repair @Reasonable Price Visit AMBRIT GAMES in Koti, Hyderabad – your one-stop gaming destination! Location: 1st Floor, Entrance of Haridas Market, Bank Street, Koti, Hyderabad. We offer: Retail & wholesale of gaming consoles, DVDs, controllers, and accessories. Chip-level repairs for consoles and controllers. - Games & Entertainment",450,"[""/content/drive/MyDrive/olx_gamesentertainment_dataset/images/games_e907e3897f/1.jpg"", ""/content/drive/MyDrive/olx_gamesentertainment_dataset/images/games_e907e3897f/2.jpg"", ""/content/drive/MyDrive/olx_gamesentertainment_dataset/images/games_e907e3897f/3.jpg"", ""/content/drive/MyDrive/olx_gamesentertainment_dataset/images/games_e907e3897f/4.jpg"", ""/content/drive/MyDrive/olx_gamesentertainment_dataset/images/games_e907e3897f/5.jpg"", ""/content/drive/MyDrive/olx_gamesentertainment_dataset/images/games_e907e3897f/6.jpg"", ""/content/drive/MyDrive/olx_gamesentertainment_dataset/images/games_e907e3897f/7.jpg"", ""/content/drive/MyDrive/olx_gamesentertainment_dataset/images/games_e907e3897f/8.jpg"", ""/content/drive/MyDrive/olx_gamesentertainment_dataset/images/games_e907e3897f/9.jpg"", ""/content/drive/MyDrive/olx_gamesentertainment_dataset/images/games_e907e3897f/10.jpg"", ""/content/drive/MyDrive/olx_gamesentertainment_dataset/images/games_e907e3897f/11.jpg"", ""/content/drive/MyDrive/olx_gamesentertainment_dataset/images/games_e907e3897f/12.jpg"", ""/content/drive/MyDrive/olx_gamesentertainment_dataset/images/games_e907e3897f/13.jpg"", ""/content/drive/MyDrive/olx_gamesentertainment_dataset/images/games_e907e3897f/14.jpg""]",14,2025-12-08 06:50:48.114423
games_49f0965d90,https://www.olx.in/item/games-entertainment-c93-xbox-360-new-in-bhagirathpura-indore-iid-1828307941,Xbox 360 new,Xbox 360 (120GB) Ekdam new panni bhi nahi hati abhi tak *No scratches *No damage *Ek bar bhi repair nahi hua ***IMPORTANT THINGS *Fully New *New controller *Original Xbox Headset *Original HDMI Cable *Original Internet/Ethernet Cable *Original box available *Pre-Installed Games15 ***Games:- *FIFA Street 3 *Halo 3 *Resident Evil 6 *NFS 11 *Midnight Club *Rainbow Six Vegas 2 *PGR 4 *Pac-Man CE *Sensible World of Soccer *Hexic HD *Luminous Live *6–7 or games Please Time pass wale dur rahe - Games & Entertainment,10000,"[""/content/drive/MyDrive/olx_gamesentertainment_dataset/images/games_49f0965d90/1.jpg"", ""/content/drive/MyDrive/olx_gamesentertainment_dataset/images/games_49f0965d90/2.jpg"", ""/content/drive/MyDrive/olx_gamesentertainment_dataset/images/games_49f0965d90/3.jpg"", ""/content/drive/MyDrive/olx_gamesentertainment_dataset/images/games_49f0965d90/4.jpg"", ""/content/drive/MyDrive/olx_gamesentertainment_dataset/images/games_49f0965d90/5.jpg"", ""/content/drive/MyDrive/olx_gamesentertainment_dataset/images/games_49f0965d90/6.jpg"", ""/content/drive/MyDrive/olx_gamesentertainment_dataset/images/games_49f0965d90/7.jpg"", ""/content/drive/MyDrive/olx_gamesentertainment_dataset/images/games_49f0965d90/8.jpg""]",8,2025-12-08 06:51:35.145206
games_07a23950fb,https://www.olx.in/item/games-entertainment-c93-playstation-wallet-top-up-available-starting-from-1000-inr-in-koti-hyderabad-iid-1825375877,Playstation wallet top up available Starting from 1000 INR,"Playstation wallet top up available Starting from -1000 INR -2000 INR -3000 INR -4000 INR -5000 INR -6000 INR -ETC AMBRIT GAMES in Koti, Hyderabad – your one-stop gaming destination! Location: 1st Floor, Entrance of Haridas Market, Bank Street, Koti, Hyderabad. We offer: Retail & wholesale of gaming consoles, DVDs, controllers, and accessories. Chip-level repairs for consoles and controllers. - Games & Entertainment",1,"[""/content/drive/MyDrive/olx_gamesentertainment_dataset/images/games_07a23950fb/1.jpg"", ""/content/drive/MyDrive/olx_gamesentertainment_dataset/images/games_07a23950fb/2.jpg"", ""/content/drive/MyDrive/olx_gamesentertainment_dataset/images/games_07a23950fb/3.jpg"", ""/content/drive/MyDrive/olx_gamesentertainment_dataset/images/games_07a23950fb/4.jpg"", ""/content/drive/MyDrive/olx_gamesentertainment_dataset/images/games_07a23950fb/5.jpg"", ""/content/drive/MyDrive/olx_gamesentertainment_dataset/images/games_07a23950fb/6.jpg"", ""/content/drive/MyDrive/olx_gamesentertainment_dataset/images/games_07a23950fb/7.jpg"", ""/content/drive/MyDrive/olx_gamesentertainment_dataset/images/games_07a23950fb/8.jpg""]",8,2025-12-08 06:51:42.674098
games_9b804bd7dd,https://www.olx.in/item/games-entertainment-c93-doom-playstation-4-in-chittaranjan-park-delhi-iid-1828568152,DOOM PLAYSTATION 4,ACTION GAME - Games & Entertainment,700,"[""/content/drive/MyDrive/olx_gamesentertainment_dataset/images/games_9b804bd7dd/1.jpg"", ""/content/drive/MyDrive/olx_gamesentertainment_dataset/images/games_9b804bd7dd/2.jpg"", ""/content/drive/MyDrive/olx_gamesentertainment_dataset/images/games_9b804bd7dd/3.jpg"", ""/content/drive/MyDrive/olx_gamesentertainment_dataset/images/games_9b804bd7dd/4.jpg"", ""/content/drive/MyDrive/olx_gamesentertainment_dataset/images/games_9b804bd7dd/5.jpg"", ""/content/drive/MyDrive/olx_gamesentertainment_dataset/images/games_9b804bd7dd/6.jpg"", ""/content/drive/MyDrive/olx_gamesentertainment_dataset/images/games_9b804bd7dd/7.jpg"", ""/content/drive/MyDrive/olx_gamesentertainment_dataset/images/games_9b804bd7dd/8.jpg"", ""/content/drive/MyDrive/olx_gamesentertainment_dataset/images/games_9b804bd7dd/9.jpg"", ""/content/drive/MyDrive/olx_gamesentertainment_dataset/images/games_9b804bd7dd/10.jpg"", ""/content/drive/MyDrive/olx_gamesentertainment_dataset/images/games_9b804bd7dd/11.jpg"", ""/content/drive/MyDrive/olx_gamesentertainment_dataset/images/games_9b804bd7dd/12.jpg"", ""/content/drive/MyDrive/olx_gamesentertainment_dataset/images/games_9b804bd7dd/13.jpg"", ""/content/drive/MyDrive/olx_gamesentertainment_dataset/images/games_9b804bd7dd/14.jpg""]",14,2025-12-08 06:51:51.249411
games_8436ff7740,https://www.olx.in/item/games-entertainment-c93-xbox-360-with-3-controllers-with-kinect-censor-in-sector-25-panchkula-iid-1828567041,Xbox 360 with 3 controllers with kinect censor,Including many games like gta v red dead redemption mortal Kombat etc - Games & Entertainment,12999,"[""/content/drive/MyDrive/olx_gamesentertainment_dataset/images/games_8436ff7740/1.jpg"", ""/content/drive/MyDrive/olx_gamesentertainment_dataset/images/games_8436ff7740/2.jpg"", ""/content/drive/MyDrive/olx_gamesentertainment_dataset/images/games_8436ff7740/3.jpg"", ""/content/drive/MyDrive/olx_gamesentertainment_dataset/images/games_8436ff7740/4.jpg"", ""/content/drive/MyDrive/olx_gamesentertainment_dataset/images/games_8436ff7740/5.jpg"", ""/content/drive/MyDrive/olx_gamesentertainment_dataset/images/games_8436ff7740/6.jpg"", ""/content/drive/MyDrive/olx_gamesentertainment_dataset/images/games_8436ff7740/7.jpg"", ""/content/drive/MyDrive/olx_gamesentertainment_dataset/images/games_8436ff7740/8.jpg""]",8,2025-12-08 06:56:17.904107
games_6f605cfc88,https://www.olx.in/item/games-entertainment-c93-asus-rog-ally-z1-extreme-octacore-processor-16gb-ram-512gb-storage-in-bagh-mungaliya-bhopal-iid-1828566792,"ASUS ROG ALLY (Z1 EXTREME OCTACORE PROCESSOR) 16GB RAM, 512GB STORAGE","BOUGHT THIS AN YEAR AGO , in FLAWLESS condition and no scratches or any functional issue , fully updated to the latest software. Also will give a free neon glow case for the ally with silicone neon tips included . ONLY SERIOUS SELLERS CONTACT NO BS. - Games & Entertainment",37000,"[""/content/drive/MyDrive/olx_gamesentertainment_dataset/images/games_6f605cfc88/1.jpg"", ""/content/drive/MyDrive/olx_gamesentertainment_dataset/images/games_6f605cfc88/2.jpg"", ""/content/drive/MyDrive/olx_gamesentertainment_dataset/images/games_6f605cfc88/3.jpg"", ""/content/drive/MyDrive/olx_gamesentertainment_dataset/images/games_6f605cfc88/4.jpg"", ""/content/drive/MyDrive/olx_gamesentertainment_dataset/images/games_6f605cfc88/5.jpg"", ""/content/drive/MyDrive/olx_gamesentertainment_dataset/images/games_6f605cfc88/6.jpg"", ""/content/drive/MyDrive/olx_gamesentertainment_dataset/images/games_6f605cfc88/7.jpg"", ""/content/drive/MyDrive/olx_gamesentertainment_dataset/images/games_6f605cfc88/8.jpg""]",8,2025-12-08 06:56:24.197582
games_b50895f032,https://www.olx.in/item/games-entertainment-c93-professional-singing-mic-bundle-for-sale-in-pragati-nagar-dipka-iid-1828568291,"Professional Singing Mic Bundle for Sale,","Audio technica AT2020 mic, behringer umc2 audio interface, pop filter, mic holder, high quality XLR cable. A Ultra professional singing and content creation vocal recording kit for sale Device: computer and mobile. Condition : Top Notch - Games & Entertainment",13500,"[""/content/drive/MyDrive/olx_gamesentertainment_dataset/images/games_b50895f032/1.jpg"", ""/content/drive/MyDrive/olx_gamesentertainment_dataset/images/games_b50895f032/2.jpg"", ""/content/drive/MyDrive/olx_gamesentertainment_dataset/images/games_b50895f032/3.jpg"", ""/content/drive/MyDrive/olx_gamesentertainment_dataset/images/games_b50895f032/4.jpg"", ""/content/drive/MyDrive/olx_gamesentertainment_dataset/images/games_b50895f032/5.jpg"", ""/content/drive/MyDrive/olx_gamesentertainment_dataset/images/games_b50895f032/6.jpg"", ""/content/drive/MyDrive/olx_gamesentertainment_dataset/images/games_b50895f032/7.jpg"", ""/content/drive/MyDrive/olx_gamesentertainment_dataset/images/games_b50895f032/8.jpg""]",8,2025-12-08 06:56:29.609219
games_ba6b475290,https://www.olx.in/item/games-entertainment-c93-xbox-series-s-512-gb-digital-ed-lite-used-with-box-in-koti-hyderabad-iid-1825004224,XBOX Series S 512 GB Digital ED Lite used with box,"XBOX Series S 512 GB Digital ED used Includes- 1 Controller 1 HDMI Cable 1 Power cable AMBRIT GAMES in Koti, Hyderabad – your one-stop gaming destination! Location: 1st Floor, Entrance of Haridas Market, Bank Street, Koti, Hyderabad. We offer: Retail & wholesale of gaming consoles, DVDs, controllers, and accessories. Chip-level repairs for consoles and controllers. - Games & Entertainment",24000,"[""/content/drive/MyDrive/olx_gamesentertainment_dataset/images/games_ba6b475290/1.jpg"", ""/content/drive/MyDrive/olx_gamesentertainment_dataset/images/games_ba6b475290/2.jpg"", ""/content/drive/MyDrive/olx_gamesentertainment_dataset/images/games_ba6b475290/3.jpg"", ""/content/drive/MyDrive/olx_gamesentertainment_dataset/images/games_ba6b475290/4.jpg"", ""/content/drive/MyDrive/olx_gamesentertainment_dataset/images/games_ba6b475290/5.jpg"", ""/content/drive/MyDrive/olx_gamesentertainment_dataset/images/games_ba6b475290/6.jpg"", ""/content/drive/MyDrive/olx_gamesentertainment_dataset/images/games_ba6b475290/7.jpg"", ""/content/drive/MyDrive/olx_gamesentertainment_dataset/images/games_ba6b475290/8.jpg""]",8,2025-12-08 06:56:52.409935
games_a8da7dcd93,https://www.olx.in/item/games-entertainment-c93-eureka-forbes-robotic-vacuum-cleaner-in-anant-nagar-nagpur-iid-1824921892,Eureka forbes robotic vacuum cleaner,Rarely used Eureka forbes vacuum cleaner 2 months used with box additional mop and accessories 5 mth warranty. Price30000 with bill - Games & Entertainment,15000,"[""/content/drive/MyDrive/olx_gamesentertainment_dataset/images/games_a8da7dcd93/1.jpg"", ""/content/drive/MyDrive/olx_gamesentertainment_dataset/images/games_a8da7dcd93/2.jpg"", ""/content/drive/MyDrive/olx_gamesentertainment_dataset/images/games_a8da7dcd93/3.jpg"", ""/content/drive/MyDrive/olx_gamesentertainment_dataset/images/games_a8da7dcd93/4.jpg"", ""/content/drive/MyDrive/olx_gamesentertainment_dataset/images/games_a8da7dcd93/5.jpg"", ""/content/drive/MyDrive/olx_gamesentertainment_dataset/images/games_a8da7dcd93/6.jpg"", ""/content/drive/MyDrive/olx_gamesentertainment_dataset/images/games_a8da7dcd93/7.jpg"", ""/content/drive/MyDrive/olx_gamesentertainment_dataset/images/games_a8da7dcd93/8.jpg""]",8,2025-12-08 06:56:59.107633
games_900102eaee,https://www.olx.in/item/games-entertainment-c93-bvg-pxn-v3-pro-racing-game-steering-wheel-with-brake-pedal-5490-in-koti-hyderabad-iid-1825376921,BVG PXN – V3 Pro/ Racing Game Steering Wheel With Brake Pedal @5490/-,"BVG PXN – V3 Pro/ Racing Game Steering Wheel With Brake Pedal @5990/- Compatible with PC, PS3, PS4 and Xbox One, satisfies your different demands for playing games With 7 powerful suction cups, and a U-shape bracket, convenient to fix and play.180 degree steering wheel, easy to control Foldable game pedal with spring and brake control.Built-in dual vibration motors, give you more real game experience High-precision rotary potentiometer, automatically returns to the original position Intelligent cruise function, release your feet and enjoy the driving game.All-in-one shape appearance, fashionable and concise AMBRIT GAMES in Koti, Hyderabad – your one-stop gaming destination! Location: 1st Floor, Entrance of Haridas Market, Bank Street, Koti, Hyderabad. We offer: Retail & wholesale of gaming consoles, DVDs, controllers, and accessories. Chip-level repairs for consoles and controllers. - Games & Entertainment",5490,"[""/content/drive/MyDrive/olx_gamesentertainment_dataset/images/games_900102eaee/1.jpg"", ""/content/drive/MyDrive/olx_gamesentertainment_dataset/images/games_900102eaee/2.jpg"", ""/content/drive/MyDrive/olx_gamesentertainment_dataset/images/games_900102eaee/3.jpg"", ""/content/drive/MyDrive/olx_gamesentertainment_dataset/images/games_900102eaee/4.jpg"", ""/content/drive/MyDrive/olx_gamesentertainment_dataset/images/games_900102eaee/5.jpg"", ""/content/drive/MyDrive/olx_gamesentertainment_dataset/images/games_900102eaee/6.jpg"", ""/content/drive/MyDrive/olx_gamesentertainment_dataset/images/games_900102eaee/7.jpg"", ""/content/drive/MyDrive/olx_gamesentertainment_dataset/images/games_900102eaee/8.jpg""]",8,2025-12-08 06:57:47.698498
games_e5ae07d8c4,https://www.olx.in/item/games-entertainment-c93-logitech-g29-with-shifter-in-sarita-sangam-solan-iid-1828564848,Logitech g29 with shifter,4 month old. Used just for one week. Want to upgrade for moza - Games & Entertainment,29999,"[""/content/drive/MyDrive/olx_gamesentertainment_dataset/images/games_e5ae07d8c4/1.jpg"", ""/content/drive/MyDrive/olx_gamesentertainment_dataset/images/games_e5ae07d8c4/2.jpg"", ""/content/drive/MyDrive/olx_gamesentertainment_dataset/images/games_e5ae07d8c4/3.jpg"", ""/content/drive/MyDrive/olx_gamesentertainment_dataset/images/games_e5ae07d8c4/4.jpg"", ""/content/drive/MyDrive/olx_gamesentertainment_dataset/images/games_e5ae07d8c4/5.jpg"", ""/content/drive/MyDrive/olx_gamesentertainment_dataset/images/games_e5ae07d8c4/6.jpg"", ""/content/drive/MyDrive/olx_gamesentertainment_dataset/images/games_e5ae07d8c4/7.jpg"", ""/content/drive/MyDrive/olx_gamesentertainment_dataset/images/games_e5ae07d8c4/8.jpg""]",8,2025-12-08 06:57:53.240999
