id,url,title,description,price,images,image_count,scraped_at
mobile_1977031a0c,https://www.olx.in/item/mobile-phones-c1453-used-realme-in-bangare-nagar-dondaicha-warwade-iid-1831947669,Mujhe phone Sel karna hai,"Koi Lene wala hai kya - Mobile Phones in Bangare Nagar, Dondaicha Warwade",7500,"[""/content/drive/MyDrive/olx_mobile_dataset/images/mobile_1977031a0c/1.jpg"", ""/content/drive/MyDrive/olx_mobile_dataset/images/mobile_1977031a0c/2.jpg"", ""/content/drive/MyDrive/olx_mobile_dataset/images/mobile_1977031a0c/3.jpg"", ""/content/drive/MyDrive/olx_mobile_dataset/images/mobile_1977031a0c/4.jpg"", ""/content/drive/MyDrive/olx_mobile_dataset/images/mobile_1977031a0c/5.jpg"", ""/content/drive/MyDrive/olx_mobile_dataset/images/mobile_1977031a0c/6.jpg"", ""/content/drive/MyDrive/olx_mobile_dataset/images/mobile_1977031a0c/7.jpg"", ""/content/drive/MyDrive/olx_mobile_dataset/images/mobile_1977031a0c/8.jpg"", ""/content/drive/MyDrive/olx_mobile_dataset/images/mobile_1977031a0c/9.jpg"", ""/content/drive/MyDrive/olx_mobile_dataset/images/mobile_1977031a0c/10.jpg"", ""/content/drive/MyDrive/olx_mobile_dataset/images/mobile_1977031a0c/11.jpg"", ""/content/drive/MyDrive/olx_mobile_dataset/images/mobile_1977031a0c/12.jpg"", ""/content/drive/MyDrive/olx_mobile_dataset/images/mobile_1977031a0c/13.jpg"", ""/content/drive/MyDrive/olx_mobile_dataset/images/mobile_1977031a0c/14.jpg"", ""/content/drive/MyDrive/olx_mobile_dataset/images/mobile_1977031a0c/15.jpg"", ""/content/drive/MyDrive/olx_mobile_dataset/images/mobile_1977031a0c/16.jpg"", ""/content/drive/MyDrive/olx_mobile_dataset/images/mobile_1977031a0c/17.jpg"", ""/content/drive/MyDrive/olx_mobile_dataset/images/mobile_1977031a0c/18.jpg"", ""/content/drive/MyDrive/olx_mobile_dataset/images/mobile_1977031a0c/19.jpg"", ""/content/drive/MyDrive/olx_mobile_dataset/images/mobile_1977031a0c/20.jpg"", ""/content/drive/MyDrive/olx_mobile_dataset/images/mobile_1977031a0c/21.jpg"", ""/content/drive/MyDrive/olx_mobile_dataset/images/mobile_1977031a0c/22.jpg"", ""/content/drive/MyDrive/olx_mobile_dataset/images/mobile_1977031a0c/23.jpg"", ""/content/drive/MyDrive/olx_mobile_dataset/images/mobile_1977031a0c/24.jpg"", ""/content/drive/MyDrive/olx_mobile_dataset/images/mobile_1977031a0c/25.jpg"", ""/content/drive/MyDrive/olx_mobile_dataset/images/mobile_1977031a0c/26.jpg""]",26,2026-01-13 05:37:24.660100
mobile_22fd4e5723,https://www.olx.in/item/mobile-phones-c1453-used-realme-in-pakki-sarai-muzaffarpur-iid-1831947581,P1 5g best condition,"Realme P1 5g 6 month old - Mobile Phones in Pakki Sarai, Muzaffarpur",10000,"[""/content/drive/MyDrive/olx_mobile_dataset/images/mobile_22fd4e5723/1.jpg"", ""/content/drive/MyDrive/olx_mobile_dataset/images/mobile_22fd4e5723/2.jpg"", ""/content/drive/MyDrive/olx_mobile_dataset/images/mobile_22fd4e5723/3.jpg"", ""/content/drive/MyDrive/olx_mobile_dataset/images/mobile_22fd4e5723/4.jpg"", ""/content/drive/MyDrive/olx_mobile_dataset/images/mobile_22fd4e5723/5.jpg"", ""/content/drive/MyDrive/olx_mobile_dataset/images/mobile_22fd4e5723/6.jpg"", ""/content/drive/MyDrive/olx_mobile_dataset/images/mobile_22fd4e5723/7.jpg"", ""/content/drive/MyDrive/olx_mobile_dataset/images/mobile_22fd4e5723/8.jpg"", ""/content/drive/MyDrive/olx_mobile_dataset/images/mobile_22fd4e5723/9.jpg"", ""/content/drive/MyDrive/olx_mobile_dataset/images/mobile_22fd4e5723/10.jpg"", ""/content/drive/MyDrive/olx_mobile_dataset/images/mobile_22fd4e5723/11.jpg"", ""/content/drive/MyDrive/olx_mobile_dataset/images/mobile_22fd4e5723/12.jpg"", ""/content/drive/MyDrive/olx_mobile_dataset/images/mobile_22fd4e5723/13.jpg"", ""/content/drive/MyDrive/olx_mobile_dataset/images/mobile_22fd4e5723/14.jpg"", ""/content/drive/MyDrive/olx_mobile_dataset/images/mobile_22fd4e5723/15.jpg"", ""/content/drive/MyDrive/olx_mobile_dataset/images/mobile_22fd4e5723/16.jpg"", ""/content/drive/MyDrive/olx_mobile_dataset/images/mobile_22fd4e5723/17.jpg"", ""/content/drive/MyDrive/olx_mobile_dataset/images/mobile_22fd4e5723/18.jpg"", ""/content/drive/MyDrive/olx_mobile_dataset/images/mobile_22fd4e5723/19.jpg"", ""/content/drive/MyDrive/olx_mobile_dataset/images/mobile_22fd4e5723/20.jpg"", ""/content/drive/MyDrive/olx_mobile_dataset/images/mobile_22fd4e5723/21.jpg"", ""/content/drive/MyDrive/olx_mobile_dataset/images/mobile_22fd4e5723/22.jpg"", ""/content/drive/MyDrive/olx_mobile_dataset/images/mobile_22fd4e5723/23.jpg"", ""/content/drive/MyDrive/olx_mobile_dataset/images/mobile_22fd4e5723/24.jpg"", ""/content/drive/MyDrive/olx_mobile_dataset/images/mobile_22fd4e5723/25.jpg"", ""/content/drive/MyDrive/olx_mobile_dataset/images/mobile_22fd4e5723/26.jpg""]",26,2026-01-13 05:37:34.799215
mobile_166bbb4281,https://www.olx.in/item/mobile-phones-c1453-used-oppo-in-virar-west-thane-iid-1831761439,Oppo Reno 11 Pro,"My Mobile phone - Oppo Reno 11 Pro (Some Display issue black spot in top) - Mobile Phones in Virar West, Thane",11000,"[""/content/drive/MyDrive/olx_mobile_dataset/images/mobile_166bbb4281/1.jpg"", ""/content/drive/MyDrive/olx_mobile_dataset/images/mobile_166bbb4281/2.jpg"", ""/content/drive/MyDrive/olx_mobile_dataset/images/mobile_166bbb4281/3.jpg"", ""/content/drive/MyDrive/olx_mobile_dataset/images/mobile_166bbb4281/4.jpg"", ""/content/drive/MyDrive/olx_mobile_dataset/images/mobile_166bbb4281/5.jpg"", ""/content/drive/MyDrive/olx_mobile_dataset/images/mobile_166bbb4281/6.jpg"", ""/content/drive/MyDrive/olx_mobile_dataset/images/mobile_166bbb4281/7.jpg"", ""/content/drive/MyDrive/olx_mobile_dataset/images/mobile_166bbb4281/8.jpg"", ""/content/drive/MyDrive/olx_mobile_dataset/images/mobile_166bbb4281/9.jpg"", ""/content/drive/MyDrive/olx_mobile_dataset/images/mobile_166bbb4281/10.jpg"", ""/content/drive/MyDrive/olx_mobile_dataset/images/mobile_166bbb4281/11.jpg"", ""/content/drive/MyDrive/olx_mobile_dataset/images/mobile_166bbb4281/12.jpg"", ""/content/drive/MyDrive/olx_mobile_dataset/images/mobile_166bbb4281/13.jpg"", ""/content/drive/MyDrive/olx_mobile_dataset/images/mobile_166bbb4281/14.jpg"", ""/content/drive/MyDrive/olx_mobile_dataset/images/mobile_166bbb4281/15.jpg"", ""/content/drive/MyDrive/olx_mobile_dataset/images/mobile_166bbb4281/16.jpg"", ""/content/drive/MyDrive/olx_mobile_dataset/images/mobile_166bbb4281/17.jpg"", ""/content/drive/MyDrive/olx_mobile_dataset/images/mobile_166bbb4281/18.jpg"", ""/content/drive/MyDrive/olx_mobile_dataset/images/mobile_166bbb4281/19.jpg"", ""/content/drive/MyDrive/olx_mobile_dataset/images/mobile_166bbb4281/20.jpg"", ""/content/drive/MyDrive/olx_mobile_dataset/images/mobile_166bbb4281/21.jpg"", ""/content/drive/MyDrive/olx_mobile_dataset/images/mobile_166bbb4281/22.jpg"", ""/content/drive/MyDrive/olx_mobile_dataset/images/mobile_166bbb4281/23.jpg"", ""/content/drive/MyDrive/olx_mobile_dataset/images/mobile_166bbb4281/24.jpg"", ""/content/drive/MyDrive/olx_mobile_dataset/images/mobile_166bbb4281/25.jpg"", ""/content/drive/MyDrive/olx_mobile_dataset/images/mobile_166bbb4281/26.jpg""]",26,2026-01-13 05:37:45.960809
mobile_098895eb75,https://www.olx.in/item/mobile-phones-c1453-used-iphone-in-bedla-udaipur-iid-1831599770,Iphone 14 & iphone 12 pro max,"iPhone 14 128 gb 85% battery price 40000 iPhone 12 Pro Max 128gb 83% price 25000 - Mobile Phones in Bedla, Udaipur",40000,"[""/content/drive/MyDrive/olx_mobile_dataset/images/mobile_098895eb75/1.jpg"", ""/content/drive/MyDrive/olx_mobile_dataset/images/mobile_098895eb75/2.jpg"", ""/content/drive/MyDrive/olx_mobile_dataset/images/mobile_098895eb75/3.jpg"", ""/content/drive/MyDrive/olx_mobile_dataset/images/mobile_098895eb75/4.jpg"", ""/content/drive/MyDrive/olx_mobile_dataset/images/mobile_098895eb75/5.jpg"", ""/content/drive/MyDrive/olx_mobile_dataset/images/mobile_098895eb75/6.jpg"", ""/content/drive/MyDrive/olx_mobile_dataset/images/mobile_098895eb75/7.jpg"", ""/content/drive/MyDrive/olx_mobile_dataset/images/mobile_098895eb75/8.jpg"", ""/content/drive/MyDrive/olx_mobile_dataset/images/mobile_098895eb75/9.jpg"", ""/content/drive/MyDrive/olx_mobile_dataset/images/mobile_098895eb75/10.jpg"", ""/content/drive/MyDrive/olx_mobile_dataset/images/mobile_098895eb75/11.jpg"", ""/content/drive/MyDrive/olx_mobile_dataset/images/mobile_098895eb75/12.jpg"", ""/content/drive/MyDrive/olx_mobile_dataset/images/mobile_098895eb75/13.jpg"", ""/content/drive/MyDrive/olx_mobile_dataset/images/mobile_098895eb75/14.jpg"", ""/content/drive/MyDrive/olx_mobile_dataset/images/mobile_098895eb75/15.jpg"", ""/content/drive/MyDrive/olx_mobile_dataset/images/mobile_098895eb75/16.jpg"", ""/content/drive/MyDrive/olx_mobile_dataset/images/mobile_098895eb75/17.jpg"", ""/content/drive/MyDrive/olx_mobile_dataset/images/mobile_098895eb75/18.jpg"", ""/content/drive/MyDrive/olx_mobile_dataset/images/mobile_098895eb75/19.jpg"", ""/content/drive/MyDrive/olx_mobile_dataset/images/mobile_098895eb75/20.jpg"", ""/content/drive/MyDrive/olx_mobile_dataset/images/mobile_098895eb75/21.jpg"", ""/content/drive/MyDrive/olx_mobile_dataset/images/mobile_098895eb75/22.jpg"", ""/content/drive/MyDrive/olx_mobile_dataset/images/mobile_098895eb75/23.jpg"", ""/content/drive/MyDrive/olx_mobile_dataset/images/mobile_098895eb75/24.jpg"", ""/content/drive/MyDrive/olx_mobile_dataset/images/mobile_098895eb75/25.jpg"", ""/content/drive/MyDrive/olx_mobile_dataset/images/mobile_098895eb75/26.jpg""]",26,2026-01-13 05:37:56.170192
mobile_9242c0678b,https://www.olx.in/item/mobile-phones-c1453-used-iphone-in-bank-more-dhanbad-iid-1829202389,İPhone 13 pro max,"IPHONE 13PRO MAX STORAGE -256GB BATTERY-75% Bill BOX CABLE COVER SARA KUCH HAI PHONE SUPER CONDITION MAIN HAI NEW JASA SARA KUCH ORGINAL WORKING HAI - Mobile Phones in Bank More, Dhanbad",52500,"[""/content/drive/MyDrive/olx_mobile_dataset/images/mobile_9242c0678b/1.jpg"", ""/content/drive/MyDrive/olx_mobile_dataset/images/mobile_9242c0678b/2.jpg"", ""/content/drive/MyDrive/olx_mobile_dataset/images/mobile_9242c0678b/3.jpg"", ""/content/drive/MyDrive/olx_mobile_dataset/images/mobile_9242c0678b/4.jpg"", ""/content/drive/MyDrive/olx_mobile_dataset/images/mobile_9242c0678b/5.jpg"", ""/content/drive/MyDrive/olx_mobile_dataset/images/mobile_9242c0678b/6.jpg"", ""/content/drive/MyDrive/olx_mobile_dataset/images/mobile_9242c0678b/7.jpg"", ""/content/drive/MyDrive/olx_mobile_dataset/images/mobile_9242c0678b/8.jpg"", ""/content/drive/MyDrive/olx_mobile_dataset/images/mobile_9242c0678b/9.jpg"", ""/content/drive/MyDrive/olx_mobile_dataset/images/mobile_9242c0678b/10.jpg"", ""/content/drive/MyDrive/olx_mobile_dataset/images/mobile_9242c0678b/11.jpg"", ""/content/drive/MyDrive/olx_mobile_dataset/images/mobile_9242c0678b/12.jpg"", ""/content/drive/MyDrive/olx_mobile_dataset/images/mobile_9242c0678b/13.jpg"", ""/content/drive/MyDrive/olx_mobile_dataset/images/mobile_9242c0678b/14.jpg"", ""/content/drive/MyDrive/olx_mobile_dataset/images/mobile_9242c0678b/15.jpg"", ""/content/drive/MyDrive/olx_mobile_dataset/images/mobile_9242c0678b/16.jpg"", ""/content/drive/MyDrive/olx_mobile_dataset/images/mobile_9242c0678b/17.jpg"", ""/content/drive/MyDrive/olx_mobile_dataset/images/mobile_9242c0678b/18.jpg"", ""/content/drive/MyDrive/olx_mobile_dataset/images/mobile_9242c0678b/19.jpg"", ""/content/drive/MyDrive/olx_mobile_dataset/images/mobile_9242c0678b/20.jpg"", ""/content/drive/MyDrive/olx_mobile_dataset/images/mobile_9242c0678b/21.jpg"", ""/content/drive/MyDrive/olx_mobile_dataset/images/mobile_9242c0678b/22.jpg"", ""/content/drive/MyDrive/olx_mobile_dataset/images/mobile_9242c0678b/23.jpg"", ""/content/drive/MyDrive/olx_mobile_dataset/images/mobile_9242c0678b/24.jpg"", ""/content/drive/MyDrive/olx_mobile_dataset/images/mobile_9242c0678b/25.jpg"", ""/content/drive/MyDrive/olx_mobile_dataset/images/mobile_9242c0678b/26.jpg""]",26,2026-01-13 05:38:07.329176
mobile_9ba51301c9,https://www.olx.in/item/mobile-phones-c1453-used-oppo-in-mowancherry-iriveri-iid-1831947718,A11k Oppo മൊബൈല്‍ good,"good condition - Mobile Phones in Mowancherry, Iriveri",2800,"[""/content/drive/MyDrive/olx_mobile_dataset/images/mobile_9ba51301c9/1.jpg"", ""/content/drive/MyDrive/olx_mobile_dataset/images/mobile_9ba51301c9/2.jpg"", ""/content/drive/MyDrive/olx_mobile_dataset/images/mobile_9ba51301c9/3.jpg"", ""/content/drive/MyDrive/olx_mobile_dataset/images/mobile_9ba51301c9/4.jpg"", ""/content/drive/MyDrive/olx_mobile_dataset/images/mobile_9ba51301c9/5.jpg"", ""/content/drive/MyDrive/olx_mobile_dataset/images/mobile_9ba51301c9/6.jpg"", ""/content/drive/MyDrive/olx_mobile_dataset/images/mobile_9ba51301c9/7.jpg"", ""/content/drive/MyDrive/olx_mobile_dataset/images/mobile_9ba51301c9/8.jpg"", ""/content/drive/MyDrive/olx_mobile_dataset/images/mobile_9ba51301c9/9.jpg"", ""/content/drive/MyDrive/olx_mobile_dataset/images/mobile_9ba51301c9/10.jpg"", ""/content/drive/MyDrive/olx_mobile_dataset/images/mobile_9ba51301c9/11.jpg"", ""/content/drive/MyDrive/olx_mobile_dataset/images/mobile_9ba51301c9/12.jpg"", ""/content/drive/MyDrive/olx_mobile_dataset/images/mobile_9ba51301c9/13.jpg"", ""/content/drive/MyDrive/olx_mobile_dataset/images/mobile_9ba51301c9/14.jpg"", ""/content/drive/MyDrive/olx_mobile_dataset/images/mobile_9ba51301c9/15.jpg"", ""/content/drive/MyDrive/olx_mobile_dataset/images/mobile_9ba51301c9/16.jpg"", ""/content/drive/MyDrive/olx_mobile_dataset/images/mobile_9ba51301c9/17.jpg"", ""/content/drive/MyDrive/olx_mobile_dataset/images/mobile_9ba51301c9/18.jpg"", ""/content/drive/MyDrive/olx_mobile_dataset/images/mobile_9ba51301c9/19.jpg"", ""/content/drive/MyDrive/olx_mobile_dataset/images/mobile_9ba51301c9/20.jpg"", ""/content/drive/MyDrive/olx_mobile_dataset/images/mobile_9ba51301c9/21.jpg"", ""/content/drive/MyDrive/olx_mobile_dataset/images/mobile_9ba51301c9/22.jpg"", ""/content/drive/MyDrive/olx_mobile_dataset/images/mobile_9ba51301c9/23.jpg"", ""/content/drive/MyDrive/olx_mobile_dataset/images/mobile_9ba51301c9/24.jpg"", ""/content/drive/MyDrive/olx_mobile_dataset/images/mobile_9ba51301c9/25.jpg"", ""/content/drive/MyDrive/olx_mobile_dataset/images/mobile_9ba51301c9/26.jpg""]",26,2026-01-13 05:38:16.997792
mobile_10108bfddb,https://www.olx.in/item/mobile-phones-c1453-used-techno-in-sadar-bazar-bundi-iid-1831947607,Tecno camon 20 8 gb ram 256 storage,"combo change Fresh rate negotiatble - Mobile Phones in Sadar Bazar, Bundi",6000,"[""/content/drive/MyDrive/olx_mobile_dataset/images/mobile_10108bfddb/1.jpg"", ""/content/drive/MyDrive/olx_mobile_dataset/images/mobile_10108bfddb/2.jpg"", ""/content/drive/MyDrive/olx_mobile_dataset/images/mobile_10108bfddb/3.jpg"", ""/content/drive/MyDrive/olx_mobile_dataset/images/mobile_10108bfddb/4.jpg"", ""/content/drive/MyDrive/olx_mobile_dataset/images/mobile_10108bfddb/5.jpg"", ""/content/drive/MyDrive/olx_mobile_dataset/images/mobile_10108bfddb/6.jpg"", ""/content/drive/MyDrive/olx_mobile_dataset/images/mobile_10108bfddb/7.jpg"", ""/content/drive/MyDrive/olx_mobile_dataset/images/mobile_10108bfddb/8.jpg"", ""/content/drive/MyDrive/olx_mobile_dataset/images/mobile_10108bfddb/9.jpg"", ""/content/drive/MyDrive/olx_mobile_dataset/images/mobile_10108bfddb/10.jpg"", ""/content/drive/MyDrive/olx_mobile_dataset/images/mobile_10108bfddb/11.jpg"", ""/content/drive/MyDrive/olx_mobile_dataset/images/mobile_10108bfddb/12.jpg"", ""/content/drive/MyDrive/olx_mobile_dataset/images/mobile_10108bfddb/13.jpg"", ""/content/drive/MyDrive/olx_mobile_dataset/images/mobile_10108bfddb/14.jpg"", ""/content/drive/MyDrive/olx_mobile_dataset/images/mobile_10108bfddb/15.jpg"", ""/content/drive/MyDrive/olx_mobile_dataset/images/mobile_10108bfddb/16.jpg"", ""/content/drive/MyDrive/olx_mobile_dataset/images/mobile_10108bfddb/17.jpg"", ""/content/drive/MyDrive/olx_mobile_dataset/images/mobile_10108bfddb/18.jpg"", ""/content/drive/MyDrive/olx_mobile_dataset/images/mobile_10108bfddb/19.jpg"", ""/content/drive/MyDrive/olx_mobile_dataset/images/mobile_10108bfddb/20.jpg"", ""/content/drive/MyDrive/olx_mobile_dataset/images/mobile_10108bfddb/21.jpg"", ""/content/drive/MyDrive/olx_mobile_dataset/images/mobile_10108bfddb/22.jpg"", ""/content/drive/MyDrive/olx_mobile_dataset/images/mobile_10108bfddb/23.jpg"", ""/content/drive/MyDrive/olx_mobile_dataset/images/mobile_10108bfddb/24.jpg"", ""/content/drive/MyDrive/olx_mobile_dataset/images/mobile_10108bfddb/25.jpg"", ""/content/drive/MyDrive/olx_mobile_dataset/images/mobile_10108bfddb/26.jpg""]",26,2026-01-13 05:38:28.865828
mobile_686c4643ef,https://www.olx.in/item/mobile-phones-c1453-used-nokia-in-tirurangadi-town-tirurangadi-iid-1829990068,NOKIA E63 3 COLOUR PER PIECE 2500,"NOKIA E63 5 PIECES AVAILABLE 3 COLOUR AVAILABLE ALL GOOD CONDITION NO CHARGER INCLUDED CHARGER AVAILABLE EXTRA CHARGE LOCATION THIRURANGADI MALAPPURAM DISTRICT KERALA STATE ALL INDIA DELIVERY AVAILABLE PER PIECE RATE :-2500 FIX RATE NEGLIGIBLE INTRESTED PEOPLE ONLY MSG ME - Mobile Phones in Tirurangadi Town, Tirurangadi",2500,"[""/content/drive/MyDrive/olx_mobile_dataset/images/mobile_686c4643ef/1.jpg"", ""/content/drive/MyDrive/olx_mobile_dataset/images/mobile_686c4643ef/2.jpg"", ""/content/drive/MyDrive/olx_mobile_dataset/images/mobile_686c4643ef/3.jpg"", ""/content/drive/MyDrive/olx_mobile_dataset/images/mobile_686c4643ef/4.jpg"", ""/content/drive/MyDrive/olx_mobile_dataset/images/mobile_686c4643ef/5.jpg"", ""/content/drive/MyDrive/olx_mobile_dataset/images/mobile_686c4643ef/6.jpg"", ""/content/drive/MyDrive/olx_mobile_dataset/images/mobile_686c4643ef/7.jpg"", ""/content/drive/MyDrive/olx_mobile_dataset/images/mobile_686c4643ef/8.jpg"", ""/content/drive/MyDrive/olx_mobile_dataset/images/mobile_686c4643ef/9.jpg"", ""/content/drive/MyDrive/olx_mobile_dataset/images/mobile_686c4643ef/10.jpg"", ""/content/drive/MyDrive/olx_mobile_dataset/images/mobile_686c4643ef/11.jpg"", ""/content/drive/MyDrive/olx_mobile_dataset/images/mobile_686c4643ef/12.jpg"", ""/content/drive/MyDrive/olx_mobile_dataset/images/mobile_686c4643ef/13.jpg"", ""/content/drive/MyDrive/olx_mobile_dataset/images/mobile_686c4643ef/14.jpg"", ""/content/drive/MyDrive/olx_mobile_dataset/images/mobile_686c4643ef/15.jpg"", ""/content/drive/MyDrive/olx_mobile_dataset/images/mobile_686c4643ef/16.jpg"", ""/content/drive/MyDrive/olx_mobile_dataset/images/mobile_686c4643ef/17.jpg"", ""/content/drive/MyDrive/olx_mobile_dataset/images/mobile_686c4643ef/18.jpg"", ""/content/drive/MyDrive/olx_mobile_dataset/images/mobile_686c4643ef/19.jpg"", ""/content/drive/MyDrive/olx_mobile_dataset/images/mobile_686c4643ef/20.jpg"", ""/content/drive/MyDrive/olx_mobile_dataset/images/mobile_686c4643ef/21.jpg"", ""/content/drive/MyDrive/olx_mobile_dataset/images/mobile_686c4643ef/22.jpg"", ""/content/drive/MyDrive/olx_mobile_dataset/images/mobile_686c4643ef/23.jpg"", ""/content/drive/MyDrive/olx_mobile_dataset/images/mobile_686c4643ef/24.jpg"", ""/content/drive/MyDrive/olx_mobile_dataset/images/mobile_686c4643ef/25.jpg"", ""/content/drive/MyDrive/olx_mobile_dataset/images/mobile_686c4643ef/26.jpg""]",26,2026-01-13 05:38:40.402955
mobile_72d1ea2dce,https://www.olx.in/item/mobile-phones-c1453-used-motorola-in-gopalmath-durgapur-iid-1830880400,Motorola edge 50 pro 12/256 interested parsan dm me,"Motorola edge 50 pro 12/256 new model launch Full fresh mint condition only display white lining problem .. need Arjent sale money problem ..1 years phone And flipkart buy. Only for original bill new phone price 29999.00 - Mobile Phones in Gopalmath, Durgapur",15000,"[""/content/drive/MyDrive/olx_mobile_dataset/images/mobile_72d1ea2dce/1.jpg"", ""/content/drive/MyDrive/olx_mobile_dataset/images/mobile_72d1ea2dce/2.jpg"", ""/content/drive/MyDrive/olx_mobile_dataset/images/mobile_72d1ea2dce/3.jpg"", ""/content/drive/MyDrive/olx_mobile_dataset/images/mobile_72d1ea2dce/4.jpg"", ""/content/drive/MyDrive/olx_mobile_dataset/images/mobile_72d1ea2dce/5.jpg"", ""/content/drive/MyDrive/olx_mobile_dataset/images/mobile_72d1ea2dce/6.jpg"", ""/content/drive/MyDrive/olx_mobile_dataset/images/mobile_72d1ea2dce/7.jpg"", ""/content/drive/MyDrive/olx_mobile_dataset/images/mobile_72d1ea2dce/8.jpg"", ""/content/drive/MyDrive/olx_mobile_dataset/images/mobile_72d1ea2dce/9.jpg"", ""/content/drive/MyDrive/olx_mobile_dataset/images/mobile_72d1ea2dce/10.jpg"", ""/content/drive/MyDrive/olx_mobile_dataset/images/mobile_72d1ea2dce/11.jpg"", ""/content/drive/MyDrive/olx_mobile_dataset/images/mobile_72d1ea2dce/12.jpg"", ""/content/drive/MyDrive/olx_mobile_dataset/images/mobile_72d1ea2dce/13.jpg"", ""/content/drive/MyDrive/olx_mobile_dataset/images/mobile_72d1ea2dce/14.jpg"", ""/content/drive/MyDrive/olx_mobile_dataset/images/mobile_72d1ea2dce/15.jpg"", ""/content/drive/MyDrive/olx_mobile_dataset/images/mobile_72d1ea2dce/16.jpg"", ""/content/drive/MyDrive/olx_mobile_dataset/images/mobile_72d1ea2dce/17.jpg"", ""/content/drive/MyDrive/olx_mobile_dataset/images/mobile_72d1ea2dce/18.jpg"", ""/content/drive/MyDrive/olx_mobile_dataset/images/mobile_72d1ea2dce/19.jpg"", ""/content/drive/MyDrive/olx_mobile_dataset/images/mobile_72d1ea2dce/20.jpg"", ""/content/drive/MyDrive/olx_mobile_dataset/images/mobile_72d1ea2dce/21.jpg"", ""/content/drive/MyDrive/olx_mobile_dataset/images/mobile_72d1ea2dce/22.jpg"", ""/content/drive/MyDrive/olx_mobile_dataset/images/mobile_72d1ea2dce/23.jpg"", ""/content/drive/MyDrive/olx_mobile_dataset/images/mobile_72d1ea2dce/24.jpg"", ""/content/drive/MyDrive/olx_mobile_dataset/images/mobile_72d1ea2dce/25.jpg"", ""/content/drive/MyDrive/olx_mobile_dataset/images/mobile_72d1ea2dce/26.jpg""]",26,2026-01-13 05:38:51.710939
mobile_6b013c3e16,https://www.olx.in/item/mobile-phones-c1453-used-mi-in-sisamau-kanpur-iid-1831072458,Redmi Note 9,"Redmi Note 9 6/128 Rear Mounted Fingerprint 48 MP pixel quad camera Bestest Camera 13 mp front camera 5020 Mah Very long battery Bill Box charger not available Fast Charging Best condition mobile Arjent Sell !! Original Mobile aaj tak open nhi hua hai - Mobile Phones in Sisamau, Kanpur",6000,"[""/content/drive/MyDrive/olx_mobile_dataset/images/mobile_6b013c3e16/1.jpg"", ""/content/drive/MyDrive/olx_mobile_dataset/images/mobile_6b013c3e16/2.jpg"", ""/content/drive/MyDrive/olx_mobile_dataset/images/mobile_6b013c3e16/3.jpg"", ""/content/drive/MyDrive/olx_mobile_dataset/images/mobile_6b013c3e16/4.jpg"", ""/content/drive/MyDrive/olx_mobile_dataset/images/mobile_6b013c3e16/5.jpg"", ""/content/drive/MyDrive/olx_mobile_dataset/images/mobile_6b013c3e16/6.jpg"", ""/content/drive/MyDrive/olx_mobile_dataset/images/mobile_6b013c3e16/7.jpg"", ""/content/drive/MyDrive/olx_mobile_dataset/images/mobile_6b013c3e16/8.jpg"", ""/content/drive/MyDrive/olx_mobile_dataset/images/mobile_6b013c3e16/9.jpg"", ""/content/drive/MyDrive/olx_mobile_dataset/images/mobile_6b013c3e16/10.jpg"", ""/content/drive/MyDrive/olx_mobile_dataset/images/mobile_6b013c3e16/11.jpg"", ""/content/drive/MyDrive/olx_mobile_dataset/images/mobile_6b013c3e16/12.jpg"", ""/content/drive/MyDrive/olx_mobile_dataset/images/mobile_6b013c3e16/13.jpg"", ""/content/drive/MyDrive/olx_mobile_dataset/images/mobile_6b013c3e16/14.jpg"", ""/content/drive/MyDrive/olx_mobile_dataset/images/mobile_6b013c3e16/15.jpg"", ""/content/drive/MyDrive/olx_mobile_dataset/images/mobile_6b013c3e16/16.jpg"", ""/content/drive/MyDrive/olx_mobile_dataset/images/mobile_6b013c3e16/17.jpg"", ""/content/drive/MyDrive/olx_mobile_dataset/images/mobile_6b013c3e16/18.jpg"", ""/content/drive/MyDrive/olx_mobile_dataset/images/mobile_6b013c3e16/19.jpg"", ""/content/drive/MyDrive/olx_mobile_dataset/images/mobile_6b013c3e16/20.jpg"", ""/content/drive/MyDrive/olx_mobile_dataset/images/mobile_6b013c3e16/21.jpg"", ""/content/drive/MyDrive/olx_mobile_dataset/images/mobile_6b013c3e16/22.jpg"", ""/content/drive/MyDrive/olx_mobile_dataset/images/mobile_6b013c3e16/23.jpg"", ""/content/drive/MyDrive/olx_mobile_dataset/images/mobile_6b013c3e16/24.jpg"", ""/content/drive/MyDrive/olx_mobile_dataset/images/mobile_6b013c3e16/25.jpg"", ""/content/drive/MyDrive/olx_mobile_dataset/images/mobile_6b013c3e16/26.jpg""]",26,2026-01-13 05:39:02.659153
mobile_76d0042f68,https://www.olx.in/item/mobile-phones-c1453-used-iphone-in-shivpuri-ludhiana-iid-1831947600,I phone 13 128GB,"I phone 13 128gb All original Clean set Phone with cable only - Mobile Phones in Shivpuri, Ludhiana",28000,"[""/content/drive/MyDrive/olx_mobile_dataset/images/mobile_76d0042f68/1.jpg"", ""/content/drive/MyDrive/olx_mobile_dataset/images/mobile_76d0042f68/2.jpg"", ""/content/drive/MyDrive/olx_mobile_dataset/images/mobile_76d0042f68/3.jpg"", ""/content/drive/MyDrive/olx_mobile_dataset/images/mobile_76d0042f68/4.jpg"", ""/content/drive/MyDrive/olx_mobile_dataset/images/mobile_76d0042f68/5.jpg"", ""/content/drive/MyDrive/olx_mobile_dataset/images/mobile_76d0042f68/6.jpg"", ""/content/drive/MyDrive/olx_mobile_dataset/images/mobile_76d0042f68/7.jpg"", ""/content/drive/MyDrive/olx_mobile_dataset/images/mobile_76d0042f68/8.jpg"", ""/content/drive/MyDrive/olx_mobile_dataset/images/mobile_76d0042f68/9.jpg"", ""/content/drive/MyDrive/olx_mobile_dataset/images/mobile_76d0042f68/10.jpg"", ""/content/drive/MyDrive/olx_mobile_dataset/images/mobile_76d0042f68/11.jpg"", ""/content/drive/MyDrive/olx_mobile_dataset/images/mobile_76d0042f68/12.jpg"", ""/content/drive/MyDrive/olx_mobile_dataset/images/mobile_76d0042f68/13.jpg"", ""/content/drive/MyDrive/olx_mobile_dataset/images/mobile_76d0042f68/14.jpg"", ""/content/drive/MyDrive/olx_mobile_dataset/images/mobile_76d0042f68/15.jpg"", ""/content/drive/MyDrive/olx_mobile_dataset/images/mobile_76d0042f68/16.jpg"", ""/content/drive/MyDrive/olx_mobile_dataset/images/mobile_76d0042f68/17.jpg"", ""/content/drive/MyDrive/olx_mobile_dataset/images/mobile_76d0042f68/18.jpg"", ""/content/drive/MyDrive/olx_mobile_dataset/images/mobile_76d0042f68/19.jpg"", ""/content/drive/MyDrive/olx_mobile_dataset/images/mobile_76d0042f68/20.jpg"", ""/content/drive/MyDrive/olx_mobile_dataset/images/mobile_76d0042f68/21.jpg"", ""/content/drive/MyDrive/olx_mobile_dataset/images/mobile_76d0042f68/22.jpg"", ""/content/drive/MyDrive/olx_mobile_dataset/images/mobile_76d0042f68/23.jpg"", ""/content/drive/MyDrive/olx_mobile_dataset/images/mobile_76d0042f68/24.jpg"", ""/content/drive/MyDrive/olx_mobile_dataset/images/mobile_76d0042f68/25.jpg"", ""/content/drive/MyDrive/olx_mobile_dataset/images/mobile_76d0042f68/26.jpg""]",26,2026-01-13 05:39:14.567861
mobile_d4c0c4de9f,https://www.olx.in/item/mobile-phones-c1453-used-iphone-in-nashik-maharashtra-iid-1830434796,Iphone 7 plus,"Bill aur box sath may hai - Mobile Phones in Dhankar Lane, Nashik",12000,"[""/content/drive/MyDrive/olx_mobile_dataset/images/mobile_d4c0c4de9f/1.jpg"", ""/content/drive/MyDrive/olx_mobile_dataset/images/mobile_d4c0c4de9f/2.jpg"", ""/content/drive/MyDrive/olx_mobile_dataset/images/mobile_d4c0c4de9f/3.jpg"", ""/content/drive/MyDrive/olx_mobile_dataset/images/mobile_d4c0c4de9f/4.jpg"", ""/content/drive/MyDrive/olx_mobile_dataset/images/mobile_d4c0c4de9f/5.jpg"", ""/content/drive/MyDrive/olx_mobile_dataset/images/mobile_d4c0c4de9f/6.jpg"", ""/content/drive/MyDrive/olx_mobile_dataset/images/mobile_d4c0c4de9f/7.jpg"", ""/content/drive/MyDrive/olx_mobile_dataset/images/mobile_d4c0c4de9f/8.jpg"", ""/content/drive/MyDrive/olx_mobile_dataset/images/mobile_d4c0c4de9f/9.jpg"", ""/content/drive/MyDrive/olx_mobile_dataset/images/mobile_d4c0c4de9f/10.jpg"", ""/content/drive/MyDrive/olx_mobile_dataset/images/mobile_d4c0c4de9f/11.jpg"", ""/content/drive/MyDrive/olx_mobile_dataset/images/mobile_d4c0c4de9f/12.jpg"", ""/content/drive/MyDrive/olx_mobile_dataset/images/mobile_d4c0c4de9f/13.jpg"", ""/content/drive/MyDrive/olx_mobile_dataset/images/mobile_d4c0c4de9f/14.jpg"", ""/content/drive/MyDrive/olx_mobile_dataset/images/mobile_d4c0c4de9f/15.jpg"", ""/content/drive/MyDrive/olx_mobile_dataset/images/mobile_d4c0c4de9f/16.jpg"", ""/content/drive/MyDrive/olx_mobile_dataset/images/mobile_d4c0c4de9f/17.jpg"", ""/content/drive/MyDrive/olx_mobile_dataset/images/mobile_d4c0c4de9f/18.jpg"", ""/content/drive/MyDrive/olx_mobile_dataset/images/mobile_d4c0c4de9f/19.jpg"", ""/content/drive/MyDrive/olx_mobile_dataset/images/mobile_d4c0c4de9f/20.jpg"", ""/content/drive/MyDrive/olx_mobile_dataset/images/mobile_d4c0c4de9f/21.jpg"", ""/content/drive/MyDrive/olx_mobile_dataset/images/mobile_d4c0c4de9f/22.jpg"", ""/content/drive/MyDrive/olx_mobile_dataset/images/mobile_d4c0c4de9f/23.jpg"", ""/content/drive/MyDrive/olx_mobile_dataset/images/mobile_d4c0c4de9f/24.jpg"", ""/content/drive/MyDrive/olx_mobile_dataset/images/mobile_d4c0c4de9f/25.jpg"", ""/content/drive/MyDrive/olx_mobile_dataset/images/mobile_d4c0c4de9f/26.jpg""]",26,2026-01-13 05:39:26.760318
mobile_6be1483b83,https://www.olx.in/item/mobile-phones-c1453-used-samsung-in-nagireddipalle-andhra-pradesh-iid-1831947716,Samsung galaxy A14 5g.,"Urgent sall money need - Mobile Phones in Nandalur, Nagireddipalle",6000,"[""/content/drive/MyDrive/olx_mobile_dataset/images/mobile_6be1483b83/1.jpg"", ""/content/drive/MyDrive/olx_mobile_dataset/images/mobile_6be1483b83/2.jpg"", ""/content/drive/MyDrive/olx_mobile_dataset/images/mobile_6be1483b83/3.jpg"", ""/content/drive/MyDrive/olx_mobile_dataset/images/mobile_6be1483b83/4.jpg"", ""/content/drive/MyDrive/olx_mobile_dataset/images/mobile_6be1483b83/5.jpg"", ""/content/drive/MyDrive/olx_mobile_dataset/images/mobile_6be1483b83/6.jpg"", ""/content/drive/MyDrive/olx_mobile_dataset/images/mobile_6be1483b83/7.jpg"", ""/content/drive/MyDrive/olx_mobile_dataset/images/mobile_6be1483b83/8.jpg"", ""/content/drive/MyDrive/olx_mobile_dataset/images/mobile_6be1483b83/9.jpg"", ""/content/drive/MyDrive/olx_mobile_dataset/images/mobile_6be1483b83/10.jpg"", ""/content/drive/MyDrive/olx_mobile_dataset/images/mobile_6be1483b83/11.jpg"", ""/content/drive/MyDrive/olx_mobile_dataset/images/mobile_6be1483b83/12.jpg"", ""/content/drive/MyDrive/olx_mobile_dataset/images/mobile_6be1483b83/13.jpg"", ""/content/drive/MyDrive/olx_mobile_dataset/images/mobile_6be1483b83/14.jpg"", ""/content/drive/MyDrive/olx_mobile_dataset/images/mobile_6be1483b83/15.jpg"", ""/content/drive/MyDrive/olx_mobile_dataset/images/mobile_6be1483b83/16.jpg"", ""/content/drive/MyDrive/olx_mobile_dataset/images/mobile_6be1483b83/17.jpg"", ""/content/drive/MyDrive/olx_mobile_dataset/images/mobile_6be1483b83/18.jpg"", ""/content/drive/MyDrive/olx_mobile_dataset/images/mobile_6be1483b83/19.jpg"", ""/content/drive/MyDrive/olx_mobile_dataset/images/mobile_6be1483b83/20.jpg"", ""/content/drive/MyDrive/olx_mobile_dataset/images/mobile_6be1483b83/21.jpg"", ""/content/drive/MyDrive/olx_mobile_dataset/images/mobile_6be1483b83/22.jpg"", ""/content/drive/MyDrive/olx_mobile_dataset/images/mobile_6be1483b83/23.jpg"", ""/content/drive/MyDrive/olx_mobile_dataset/images/mobile_6be1483b83/24.jpg"", ""/content/drive/MyDrive/olx_mobile_dataset/images/mobile_6be1483b83/25.jpg"", ""/content/drive/MyDrive/olx_mobile_dataset/images/mobile_6be1483b83/26.jpg""]",26,2026-01-13 05:39:36.697634
mobile_797c2cbef0,https://www.olx.in/item/mobile-phones-c1453-used-vivo-in-sikandra-agra-iid-1831947634,Vivo t1 44w,"With box and charger and bill best condition - Mobile Phones in Sikandra, Agra",7999,"[""/content/drive/MyDrive/olx_mobile_dataset/images/mobile_797c2cbef0/1.jpg"", ""/content/drive/MyDrive/olx_mobile_dataset/images/mobile_797c2cbef0/2.jpg"", ""/content/drive/MyDrive/olx_mobile_dataset/images/mobile_797c2cbef0/3.jpg"", ""/content/drive/MyDrive/olx_mobile_dataset/images/mobile_797c2cbef0/4.jpg"", ""/content/drive/MyDrive/olx_mobile_dataset/images/mobile_797c2cbef0/5.jpg"", ""/content/drive/MyDrive/olx_mobile_dataset/images/mobile_797c2cbef0/6.jpg"", ""/content/drive/MyDrive/olx_mobile_dataset/images/mobile_797c2cbef0/7.jpg"", ""/content/drive/MyDrive/olx_mobile_dataset/images/mobile_797c2cbef0/8.jpg"", ""/content/drive/MyDrive/olx_mobile_dataset/images/mobile_797c2cbef0/9.jpg"", ""/content/drive/MyDrive/olx_mobile_dataset/images/mobile_797c2cbef0/10.jpg"", ""/content/drive/MyDrive/olx_mobile_dataset/images/mobile_797c2cbef0/11.jpg"", ""/content/drive/MyDrive/olx_mobile_dataset/images/mobile_797c2cbef0/12.jpg"", ""/content/drive/MyDrive/olx_mobile_dataset/images/mobile_797c2cbef0/13.jpg"", ""/content/drive/MyDrive/olx_mobile_dataset/images/mobile_797c2cbef0/14.jpg"", ""/content/drive/MyDrive/olx_mobile_dataset/images/mobile_797c2cbef0/15.jpg"", ""/content/drive/MyDrive/olx_mobile_dataset/images/mobile_797c2cbef0/16.jpg"", ""/content/drive/MyDrive/olx_mobile_dataset/images/mobile_797c2cbef0/17.jpg"", ""/content/drive/MyDrive/olx_mobile_dataset/images/mobile_797c2cbef0/18.jpg"", ""/content/drive/MyDrive/olx_mobile_dataset/images/mobile_797c2cbef0/19.jpg"", ""/content/drive/MyDrive/olx_mobile_dataset/images/mobile_797c2cbef0/20.jpg"", ""/content/drive/MyDrive/olx_mobile_dataset/images/mobile_797c2cbef0/21.jpg"", ""/content/drive/MyDrive/olx_mobile_dataset/images/mobile_797c2cbef0/22.jpg"", ""/content/drive/MyDrive/olx_mobile_dataset/images/mobile_797c2cbef0/23.jpg"", ""/content/drive/MyDrive/olx_mobile_dataset/images/mobile_797c2cbef0/24.jpg"", ""/content/drive/MyDrive/olx_mobile_dataset/images/mobile_797c2cbef0/25.jpg"", ""/content/drive/MyDrive/olx_mobile_dataset/images/mobile_797c2cbef0/26.jpg""]",26,2026-01-13 05:40:09.263893
mobile_f2a7448d29,https://www.olx.in/item/mobile-phones-c1453-used-samsung-in-uttam-nagar-delhi-iid-1827034686,Samsung Galaxy A50s Good Condition 128 GB,"Samsung Galaxy A50s Good Condition 128 GB Working Wonderful Bill Charger Available One Year Old - Mobile Phones in Uttam Nagar, Delhi",4700,"[""/content/drive/MyDrive/olx_mobile_dataset/images/mobile_f2a7448d29/1.jpg"", ""/content/drive/MyDrive/olx_mobile_dataset/images/mobile_f2a7448d29/2.jpg"", ""/content/drive/MyDrive/olx_mobile_dataset/images/mobile_f2a7448d29/3.jpg"", ""/content/drive/MyDrive/olx_mobile_dataset/images/mobile_f2a7448d29/4.jpg"", ""/content/drive/MyDrive/olx_mobile_dataset/images/mobile_f2a7448d29/5.jpg"", ""/content/drive/MyDrive/olx_mobile_dataset/images/mobile_f2a7448d29/6.jpg"", ""/content/drive/MyDrive/olx_mobile_dataset/images/mobile_f2a7448d29/7.jpg"", ""/content/drive/MyDrive/olx_mobile_dataset/images/mobile_f2a7448d29/8.jpg"", ""/content/drive/MyDrive/olx_mobile_dataset/images/mobile_f2a7448d29/9.jpg"", ""/content/drive/MyDrive/olx_mobile_dataset/images/mobile_f2a7448d29/10.jpg"", ""/content/drive/MyDrive/olx_mobile_dataset/images/mobile_f2a7448d29/11.jpg"", ""/content/drive/MyDrive/olx_mobile_dataset/images/mobile_f2a7448d29/12.jpg"", ""/content/drive/MyDrive/olx_mobile_dataset/images/mobile_f2a7448d29/13.jpg"", ""/content/drive/MyDrive/olx_mobile_dataset/images/mobile_f2a7448d29/14.jpg"", ""/content/drive/MyDrive/olx_mobile_dataset/images/mobile_f2a7448d29/15.jpg"", ""/content/drive/MyDrive/olx_mobile_dataset/images/mobile_f2a7448d29/16.jpg"", ""/content/drive/MyDrive/olx_mobile_dataset/images/mobile_f2a7448d29/17.jpg"", ""/content/drive/MyDrive/olx_mobile_dataset/images/mobile_f2a7448d29/18.jpg"", ""/content/drive/MyDrive/olx_mobile_dataset/images/mobile_f2a7448d29/19.jpg"", ""/content/drive/MyDrive/olx_mobile_dataset/images/mobile_f2a7448d29/20.jpg"", ""/content/drive/MyDrive/olx_mobile_dataset/images/mobile_f2a7448d29/21.jpg"", ""/content/drive/MyDrive/olx_mobile_dataset/images/mobile_f2a7448d29/22.jpg"", ""/content/drive/MyDrive/olx_mobile_dataset/images/mobile_f2a7448d29/23.jpg"", ""/content/drive/MyDrive/olx_mobile_dataset/images/mobile_f2a7448d29/24.jpg"", ""/content/drive/MyDrive/olx_mobile_dataset/images/mobile_f2a7448d29/25.jpg"", ""/content/drive/MyDrive/olx_mobile_dataset/images/mobile_f2a7448d29/26.jpg""]",26,2026-01-13 05:40:18.598820
mobile_cf96a86cf6,https://www.olx.in/item/mobile-phones-c1453-used-iphone-in-new-town-action-area-iic-kolkata-iid-1831947559,Iphone 15 pro max mint condition available at 75k,"iphone 15 pro max 256 gb blue color mint condition available at discounted price - Mobile Phones in New Town-Action Area IIC, Kolkata",75000,"[""/content/drive/MyDrive/olx_mobile_dataset/images/mobile_cf96a86cf6/1.jpg"", ""/content/drive/MyDrive/olx_mobile_dataset/images/mobile_cf96a86cf6/2.jpg"", ""/content/drive/MyDrive/olx_mobile_dataset/images/mobile_cf96a86cf6/3.jpg"", ""/content/drive/MyDrive/olx_mobile_dataset/images/mobile_cf96a86cf6/4.jpg"", ""/content/drive/MyDrive/olx_mobile_dataset/images/mobile_cf96a86cf6/5.jpg"", ""/content/drive/MyDrive/olx_mobile_dataset/images/mobile_cf96a86cf6/6.jpg"", ""/content/drive/MyDrive/olx_mobile_dataset/images/mobile_cf96a86cf6/7.jpg"", ""/content/drive/MyDrive/olx_mobile_dataset/images/mobile_cf96a86cf6/8.jpg"", ""/content/drive/MyDrive/olx_mobile_dataset/images/mobile_cf96a86cf6/9.jpg"", ""/content/drive/MyDrive/olx_mobile_dataset/images/mobile_cf96a86cf6/10.jpg"", ""/content/drive/MyDrive/olx_mobile_dataset/images/mobile_cf96a86cf6/11.jpg"", ""/content/drive/MyDrive/olx_mobile_dataset/images/mobile_cf96a86cf6/12.jpg"", ""/content/drive/MyDrive/olx_mobile_dataset/images/mobile_cf96a86cf6/13.jpg"", ""/content/drive/MyDrive/olx_mobile_dataset/images/mobile_cf96a86cf6/14.jpg"", ""/content/drive/MyDrive/olx_mobile_dataset/images/mobile_cf96a86cf6/15.jpg"", ""/content/drive/MyDrive/olx_mobile_dataset/images/mobile_cf96a86cf6/16.jpg"", ""/content/drive/MyDrive/olx_mobile_dataset/images/mobile_cf96a86cf6/17.jpg"", ""/content/drive/MyDrive/olx_mobile_dataset/images/mobile_cf96a86cf6/18.jpg"", ""/content/drive/MyDrive/olx_mobile_dataset/images/mobile_cf96a86cf6/19.jpg"", ""/content/drive/MyDrive/olx_mobile_dataset/images/mobile_cf96a86cf6/20.jpg"", ""/content/drive/MyDrive/olx_mobile_dataset/images/mobile_cf96a86cf6/21.jpg"", ""/content/drive/MyDrive/olx_mobile_dataset/images/mobile_cf96a86cf6/22.jpg"", ""/content/drive/MyDrive/olx_mobile_dataset/images/mobile_cf96a86cf6/23.jpg"", ""/content/drive/MyDrive/olx_mobile_dataset/images/mobile_cf96a86cf6/24.jpg"", ""/content/drive/MyDrive/olx_mobile_dataset/images/mobile_cf96a86cf6/25.jpg"", ""/content/drive/MyDrive/olx_mobile_dataset/images/mobile_cf96a86cf6/26.jpg""]",26,2026-01-13 05:40:29.721506
mobile_03bc5df2b3,https://www.olx.in/item/mobile-phones-c1453-used-iphone-in-ganeshganj-mirzapur-cum-vindhyachal-iid-1831947601,16 pro max 512gb gold best condition,"91 battery health bahut kam use hua hai new condition everything working - Mobile Phones in Ganeshganj, Mirzapur cum Vindhyachal",89500,"[""/content/drive/MyDrive/olx_mobile_dataset/images/mobile_03bc5df2b3/1.jpg"", ""/content/drive/MyDrive/olx_mobile_dataset/images/mobile_03bc5df2b3/2.jpg"", ""/content/drive/MyDrive/olx_mobile_dataset/images/mobile_03bc5df2b3/3.jpg"", ""/content/drive/MyDrive/olx_mobile_dataset/images/mobile_03bc5df2b3/4.jpg"", ""/content/drive/MyDrive/olx_mobile_dataset/images/mobile_03bc5df2b3/5.jpg"", ""/content/drive/MyDrive/olx_mobile_dataset/images/mobile_03bc5df2b3/6.jpg"", ""/content/drive/MyDrive/olx_mobile_dataset/images/mobile_03bc5df2b3/7.jpg"", ""/content/drive/MyDrive/olx_mobile_dataset/images/mobile_03bc5df2b3/8.jpg"", ""/content/drive/MyDrive/olx_mobile_dataset/images/mobile_03bc5df2b3/9.jpg"", ""/content/drive/MyDrive/olx_mobile_dataset/images/mobile_03bc5df2b3/10.jpg"", ""/content/drive/MyDrive/olx_mobile_dataset/images/mobile_03bc5df2b3/11.jpg"", ""/content/drive/MyDrive/olx_mobile_dataset/images/mobile_03bc5df2b3/12.jpg"", ""/content/drive/MyDrive/olx_mobile_dataset/images/mobile_03bc5df2b3/13.jpg"", ""/content/drive/MyDrive/olx_mobile_dataset/images/mobile_03bc5df2b3/14.jpg"", ""/content/drive/MyDrive/olx_mobile_dataset/images/mobile_03bc5df2b3/15.jpg"", ""/content/drive/MyDrive/olx_mobile_dataset/images/mobile_03bc5df2b3/16.jpg"", ""/content/drive/MyDrive/olx_mobile_dataset/images/mobile_03bc5df2b3/17.jpg"", ""/content/drive/MyDrive/olx_mobile_dataset/images/mobile_03bc5df2b3/18.jpg"", ""/content/drive/MyDrive/olx_mobile_dataset/images/mobile_03bc5df2b3/19.jpg"", ""/content/drive/MyDrive/olx_mobile_dataset/images/mobile_03bc5df2b3/20.jpg"", ""/content/drive/MyDrive/olx_mobile_dataset/images/mobile_03bc5df2b3/21.jpg"", ""/content/drive/MyDrive/olx_mobile_dataset/images/mobile_03bc5df2b3/22.jpg"", ""/content/drive/MyDrive/olx_mobile_dataset/images/mobile_03bc5df2b3/23.jpg"", ""/content/drive/MyDrive/olx_mobile_dataset/images/mobile_03bc5df2b3/24.jpg"", ""/content/drive/MyDrive/olx_mobile_dataset/images/mobile_03bc5df2b3/25.jpg"", ""/content/drive/MyDrive/olx_mobile_dataset/images/mobile_03bc5df2b3/26.jpg""]",26,2026-01-13 05:40:40.685024
mobile_3e7b03a349,https://www.olx.in/item/mobile-phones-c1453-used-iphone-in-east-fort-thiruvananthapuram-iid-1831947577,Iphone 17 ( 256Gb ) Bh 100% Just 2month  ( non used condition ),"Full box Brand new condition :- 10 days shop checking warranty :- Exchnge offer available :- Emi Facility available :- Emi & Loan edukkan agrahikkunnavar :- Shopil varuka check cheyuka :- Shopileakk varumpool kayil :- Adhar :- pan card :-Atm card enniva kayi karuthuka :- Debit and credit acceptable :- Home delivery :- All India courier service :-More details and enquiries :-7️⃣8️⃣7️⃣7️⃣2️⃣7️⃣7️⃣7️⃣1️⃣7️⃣ :-Shop located @ Thakaraparambu , Trivandrum Opposite Thakaraparambu vayalil hotel - Mobile Phones in East Fort, Thiruvananthapuram",73000,"[""/content/drive/MyDrive/olx_mobile_dataset/images/mobile_3e7b03a349/1.jpg"", ""/content/drive/MyDrive/olx_mobile_dataset/images/mobile_3e7b03a349/2.jpg"", ""/content/drive/MyDrive/olx_mobile_dataset/images/mobile_3e7b03a349/3.jpg"", ""/content/drive/MyDrive/olx_mobile_dataset/images/mobile_3e7b03a349/4.jpg"", ""/content/drive/MyDrive/olx_mobile_dataset/images/mobile_3e7b03a349/5.jpg"", ""/content/drive/MyDrive/olx_mobile_dataset/images/mobile_3e7b03a349/6.jpg"", ""/content/drive/MyDrive/olx_mobile_dataset/images/mobile_3e7b03a349/7.jpg"", ""/content/drive/MyDrive/olx_mobile_dataset/images/mobile_3e7b03a349/8.jpg"", ""/content/drive/MyDrive/olx_mobile_dataset/images/mobile_3e7b03a349/9.jpg"", ""/content/drive/MyDrive/olx_mobile_dataset/images/mobile_3e7b03a349/10.jpg"", ""/content/drive/MyDrive/olx_mobile_dataset/images/mobile_3e7b03a349/11.jpg"", ""/content/drive/MyDrive/olx_mobile_dataset/images/mobile_3e7b03a349/12.jpg"", ""/content/drive/MyDrive/olx_mobile_dataset/images/mobile_3e7b03a349/13.jpg"", ""/content/drive/MyDrive/olx_mobile_dataset/images/mobile_3e7b03a349/14.jpg"", ""/content/drive/MyDrive/olx_mobile_dataset/images/mobile_3e7b03a349/15.jpg"", ""/content/drive/MyDrive/olx_mobile_dataset/images/mobile_3e7b03a349/16.jpg"", ""/content/drive/MyDrive/olx_mobile_dataset/images/mobile_3e7b03a349/17.jpg"", ""/content/drive/MyDrive/olx_mobile_dataset/images/mobile_3e7b03a349/18.jpg"", ""/content/drive/MyDrive/olx_mobile_dataset/images/mobile_3e7b03a349/19.jpg"", ""/content/drive/MyDrive/olx_mobile_dataset/images/mobile_3e7b03a349/20.jpg"", ""/content/drive/MyDrive/olx_mobile_dataset/images/mobile_3e7b03a349/21.jpg"", ""/content/drive/MyDrive/olx_mobile_dataset/images/mobile_3e7b03a349/22.jpg"", ""/content/drive/MyDrive/olx_mobile_dataset/images/mobile_3e7b03a349/23.jpg"", ""/content/drive/MyDrive/olx_mobile_dataset/images/mobile_3e7b03a349/24.jpg"", ""/content/drive/MyDrive/olx_mobile_dataset/images/mobile_3e7b03a349/25.jpg"", ""/content/drive/MyDrive/olx_mobile_dataset/images/mobile_3e7b03a349/26.jpg""]",26,2026-01-13 05:40:51.334727
mobile_a027ef67e0,https://www.olx.in/item/mobile-phones-c1453-used-samsung-in-madupur-colony-pattukkottai-iid-1825992787,Z Fold 7 256 gb deep blue,"Brand new with box and back case - Mobile Phones in Madupur Colony, Pattukkottai",135000,"[""/content/drive/MyDrive/olx_mobile_dataset/images/mobile_a027ef67e0/1.jpg"", ""/content/drive/MyDrive/olx_mobile_dataset/images/mobile_a027ef67e0/2.jpg"", ""/content/drive/MyDrive/olx_mobile_dataset/images/mobile_a027ef67e0/3.jpg"", ""/content/drive/MyDrive/olx_mobile_dataset/images/mobile_a027ef67e0/4.jpg"", ""/content/drive/MyDrive/olx_mobile_dataset/images/mobile_a027ef67e0/5.jpg"", ""/content/drive/MyDrive/olx_mobile_dataset/images/mobile_a027ef67e0/6.jpg"", ""/content/drive/MyDrive/olx_mobile_dataset/images/mobile_a027ef67e0/7.jpg"", ""/content/drive/MyDrive/olx_mobile_dataset/images/mobile_a027ef67e0/8.jpg"", ""/content/drive/MyDrive/olx_mobile_dataset/images/mobile_a027ef67e0/9.jpg"", ""/content/drive/MyDrive/olx_mobile_dataset/images/mobile_a027ef67e0/10.jpg"", ""/content/drive/MyDrive/olx_mobile_dataset/images/mobile_a027ef67e0/11.jpg"", ""/content/drive/MyDrive/olx_mobile_dataset/images/mobile_a027ef67e0/12.jpg"", ""/content/drive/MyDrive/olx_mobile_dataset/images/mobile_a027ef67e0/13.jpg"", ""/content/drive/MyDrive/olx_mobile_dataset/images/mobile_a027ef67e0/14.jpg"", ""/content/drive/MyDrive/olx_mobile_dataset/images/mobile_a027ef67e0/15.jpg"", ""/content/drive/MyDrive/olx_mobile_dataset/images/mobile_a027ef67e0/16.jpg"", ""/content/drive/MyDrive/olx_mobile_dataset/images/mobile_a027ef67e0/17.jpg"", ""/content/drive/MyDrive/olx_mobile_dataset/images/mobile_a027ef67e0/18.jpg"", ""/content/drive/MyDrive/olx_mobile_dataset/images/mobile_a027ef67e0/19.jpg"", ""/content/drive/MyDrive/olx_mobile_dataset/images/mobile_a027ef67e0/20.jpg"", ""/content/drive/MyDrive/olx_mobile_dataset/images/mobile_a027ef67e0/21.jpg"", ""/content/drive/MyDrive/olx_mobile_dataset/images/mobile_a027ef67e0/22.jpg"", ""/content/drive/MyDrive/olx_mobile_dataset/images/mobile_a027ef67e0/23.jpg"", ""/content/drive/MyDrive/olx_mobile_dataset/images/mobile_a027ef67e0/24.jpg"", ""/content/drive/MyDrive/olx_mobile_dataset/images/mobile_a027ef67e0/25.jpg"", ""/content/drive/MyDrive/olx_mobile_dataset/images/mobile_a027ef67e0/26.jpg""]",26,2026-01-13 05:41:02.623823
mobile_dea5d0464e,https://www.olx.in/item/mobile-phones-c1453-used-one-plus-in-gudhiyari-raipur-iid-1831947642,Fresh condition mobile urgent sell,"The OnePlus 12R is a performance-focused smartphone offering flagship-level features at a more accessible price, boasting a Snapdragon 8 Gen 2 chip, a bright 120Hz ProXDR display with Aqua Touch, a large 5500mAh battery with 100W fast charging, and a capable 50MP main camera system, all wrapped in a durable design with Gorilla Glass Victus 2 and an IP64 rating. It's praised for smooth gaming, long battery life, and excellent display quality for its class.8 / 256 black colour box and charger 100 w 28 min full charge hojata hai - Mobile Phones in Gudhiyari, Raipur",21000,"[""/content/drive/MyDrive/olx_mobile_dataset/images/mobile_dea5d0464e/1.jpg"", ""/content/drive/MyDrive/olx_mobile_dataset/images/mobile_dea5d0464e/2.jpg"", ""/content/drive/MyDrive/olx_mobile_dataset/images/mobile_dea5d0464e/3.jpg"", ""/content/drive/MyDrive/olx_mobile_dataset/images/mobile_dea5d0464e/4.jpg"", ""/content/drive/MyDrive/olx_mobile_dataset/images/mobile_dea5d0464e/5.jpg"", ""/content/drive/MyDrive/olx_mobile_dataset/images/mobile_dea5d0464e/6.jpg"", ""/content/drive/MyDrive/olx_mobile_dataset/images/mobile_dea5d0464e/7.jpg"", ""/content/drive/MyDrive/olx_mobile_dataset/images/mobile_dea5d0464e/8.jpg"", ""/content/drive/MyDrive/olx_mobile_dataset/images/mobile_dea5d0464e/9.jpg"", ""/content/drive/MyDrive/olx_mobile_dataset/images/mobile_dea5d0464e/10.jpg"", ""/content/drive/MyDrive/olx_mobile_dataset/images/mobile_dea5d0464e/11.jpg"", ""/content/drive/MyDrive/olx_mobile_dataset/images/mobile_dea5d0464e/12.jpg"", ""/content/drive/MyDrive/olx_mobile_dataset/images/mobile_dea5d0464e/13.jpg"", ""/content/drive/MyDrive/olx_mobile_dataset/images/mobile_dea5d0464e/14.jpg"", ""/content/drive/MyDrive/olx_mobile_dataset/images/mobile_dea5d0464e/15.jpg"", ""/content/drive/MyDrive/olx_mobile_dataset/images/mobile_dea5d0464e/16.jpg"", ""/content/drive/MyDrive/olx_mobile_dataset/images/mobile_dea5d0464e/17.jpg"", ""/content/drive/MyDrive/olx_mobile_dataset/images/mobile_dea5d0464e/18.jpg"", ""/content/drive/MyDrive/olx_mobile_dataset/images/mobile_dea5d0464e/19.jpg"", ""/content/drive/MyDrive/olx_mobile_dataset/images/mobile_dea5d0464e/20.jpg"", ""/content/drive/MyDrive/olx_mobile_dataset/images/mobile_dea5d0464e/21.jpg"", ""/content/drive/MyDrive/olx_mobile_dataset/images/mobile_dea5d0464e/22.jpg"", ""/content/drive/MyDrive/olx_mobile_dataset/images/mobile_dea5d0464e/23.jpg"", ""/content/drive/MyDrive/olx_mobile_dataset/images/mobile_dea5d0464e/24.jpg"", ""/content/drive/MyDrive/olx_mobile_dataset/images/mobile_dea5d0464e/25.jpg"", ""/content/drive/MyDrive/olx_mobile_dataset/images/mobile_dea5d0464e/26.jpg""]",26,2026-01-13 05:41:14.106126
mobile_ea4b747bc8,https://www.olx.in/item/mobile-phones-c1453-used-google-pixel-in-kookra-muzaffarnagar-iid-1831090034,Google pixel 7 8.128 GB in warranty  5G,"Bilkul showroom condition hai phone ki Sath me bill box sab hai Camera aisa hai iphone ka bi nhi hai Lene wale baat karna Time paas wale door rehna Jo ulta sidha rate lagayega uska reply ni karna Or phone Lena aana hoga hum nhi aa sakte Phone me koi kami hui to hum phone free denge Halka sa bi scratch hai nhi phone par - Mobile Phones in Kookra, Muzaffarnagar",26500,"[""/content/drive/MyDrive/olx_mobile_dataset/images/mobile_ea4b747bc8/1.jpg"", ""/content/drive/MyDrive/olx_mobile_dataset/images/mobile_ea4b747bc8/2.jpg"", ""/content/drive/MyDrive/olx_mobile_dataset/images/mobile_ea4b747bc8/3.jpg"", ""/content/drive/MyDrive/olx_mobile_dataset/images/mobile_ea4b747bc8/4.jpg"", ""/content/drive/MyDrive/olx_mobile_dataset/images/mobile_ea4b747bc8/5.jpg"", ""/content/drive/MyDrive/olx_mobile_dataset/images/mobile_ea4b747bc8/6.jpg"", ""/content/drive/MyDrive/olx_mobile_dataset/images/mobile_ea4b747bc8/7.jpg"", ""/content/drive/MyDrive/olx_mobile_dataset/images/mobile_ea4b747bc8/8.jpg"", ""/content/drive/MyDrive/olx_mobile_dataset/images/mobile_ea4b747bc8/9.jpg"", ""/content/drive/MyDrive/olx_mobile_dataset/images/mobile_ea4b747bc8/10.jpg"", ""/content/drive/MyDrive/olx_mobile_dataset/images/mobile_ea4b747bc8/11.jpg"", ""/content/drive/MyDrive/olx_mobile_dataset/images/mobile_ea4b747bc8/12.jpg"", ""/content/drive/MyDrive/olx_mobile_dataset/images/mobile_ea4b747bc8/13.jpg"", ""/content/drive/MyDrive/olx_mobile_dataset/images/mobile_ea4b747bc8/14.jpg"", ""/content/drive/MyDrive/olx_mobile_dataset/images/mobile_ea4b747bc8/15.jpg"", ""/content/drive/MyDrive/olx_mobile_dataset/images/mobile_ea4b747bc8/16.jpg"", ""/content/drive/MyDrive/olx_mobile_dataset/images/mobile_ea4b747bc8/17.jpg"", ""/content/drive/MyDrive/olx_mobile_dataset/images/mobile_ea4b747bc8/18.jpg"", ""/content/drive/MyDrive/olx_mobile_dataset/images/mobile_ea4b747bc8/19.jpg"", ""/content/drive/MyDrive/olx_mobile_dataset/images/mobile_ea4b747bc8/20.jpg"", ""/content/drive/MyDrive/olx_mobile_dataset/images/mobile_ea4b747bc8/21.jpg"", ""/content/drive/MyDrive/olx_mobile_dataset/images/mobile_ea4b747bc8/22.jpg"", ""/content/drive/MyDrive/olx_mobile_dataset/images/mobile_ea4b747bc8/23.jpg"", ""/content/drive/MyDrive/olx_mobile_dataset/images/mobile_ea4b747bc8/24.jpg"", ""/content/drive/MyDrive/olx_mobile_dataset/images/mobile_ea4b747bc8/25.jpg"", ""/content/drive/MyDrive/olx_mobile_dataset/images/mobile_ea4b747bc8/26.jpg""]",26,2026-01-13 05:41:24.335278
mobile_1b07926a6b,https://www.olx.in/item/mobile-phones-c1453-used-iphone-in-sector-78-faridabad-iid-1831490351,I phn 11 never open fix price,"I phn 11 fix price Never open All working All original Battery health 73 Averything is working Only back glass crack Pura Phn original h Fix price h km price bale msg na kre km price balo ko reply nhi milega fix price 1 rupae bhi km nhi hoga - Mobile Phones in Sector 78, Faridabad",11800,"[""/content/drive/MyDrive/olx_mobile_dataset/images/mobile_1b07926a6b/1.jpg"", ""/content/drive/MyDrive/olx_mobile_dataset/images/mobile_1b07926a6b/2.jpg"", ""/content/drive/MyDrive/olx_mobile_dataset/images/mobile_1b07926a6b/3.jpg"", ""/content/drive/MyDrive/olx_mobile_dataset/images/mobile_1b07926a6b/4.jpg"", ""/content/drive/MyDrive/olx_mobile_dataset/images/mobile_1b07926a6b/5.jpg"", ""/content/drive/MyDrive/olx_mobile_dataset/images/mobile_1b07926a6b/6.jpg"", ""/content/drive/MyDrive/olx_mobile_dataset/images/mobile_1b07926a6b/7.jpg"", ""/content/drive/MyDrive/olx_mobile_dataset/images/mobile_1b07926a6b/8.jpg"", ""/content/drive/MyDrive/olx_mobile_dataset/images/mobile_1b07926a6b/9.jpg"", ""/content/drive/MyDrive/olx_mobile_dataset/images/mobile_1b07926a6b/10.jpg"", ""/content/drive/MyDrive/olx_mobile_dataset/images/mobile_1b07926a6b/11.jpg"", ""/content/drive/MyDrive/olx_mobile_dataset/images/mobile_1b07926a6b/12.jpg"", ""/content/drive/MyDrive/olx_mobile_dataset/images/mobile_1b07926a6b/13.jpg"", ""/content/drive/MyDrive/olx_mobile_dataset/images/mobile_1b07926a6b/14.jpg"", ""/content/drive/MyDrive/olx_mobile_dataset/images/mobile_1b07926a6b/15.jpg"", ""/content/drive/MyDrive/olx_mobile_dataset/images/mobile_1b07926a6b/16.jpg"", ""/content/drive/MyDrive/olx_mobile_dataset/images/mobile_1b07926a6b/17.jpg"", ""/content/drive/MyDrive/olx_mobile_dataset/images/mobile_1b07926a6b/18.jpg"", ""/content/drive/MyDrive/olx_mobile_dataset/images/mobile_1b07926a6b/19.jpg"", ""/content/drive/MyDrive/olx_mobile_dataset/images/mobile_1b07926a6b/20.jpg"", ""/content/drive/MyDrive/olx_mobile_dataset/images/mobile_1b07926a6b/21.jpg"", ""/content/drive/MyDrive/olx_mobile_dataset/images/mobile_1b07926a6b/22.jpg"", ""/content/drive/MyDrive/olx_mobile_dataset/images/mobile_1b07926a6b/23.jpg"", ""/content/drive/MyDrive/olx_mobile_dataset/images/mobile_1b07926a6b/24.jpg"", ""/content/drive/MyDrive/olx_mobile_dataset/images/mobile_1b07926a6b/25.jpg"", ""/content/drive/MyDrive/olx_mobile_dataset/images/mobile_1b07926a6b/26.jpg""]",26,2026-01-13 05:41:35.441987
mobile_e69a1ba806,https://www.olx.in/item/mobile-phones-c1453-used-iphone-in-kadamwadi-kolhapur-iid-1831108437,I phone 15,"Box Cable scratchless Mint condition Battery health 87% - Mobile Phones in Kadamwadi, Kolhapur",42300,"[""/content/drive/MyDrive/olx_mobile_dataset/images/mobile_e69a1ba806/1.jpg"", ""/content/drive/MyDrive/olx_mobile_dataset/images/mobile_e69a1ba806/2.jpg"", ""/content/drive/MyDrive/olx_mobile_dataset/images/mobile_e69a1ba806/3.jpg"", ""/content/drive/MyDrive/olx_mobile_dataset/images/mobile_e69a1ba806/4.jpg"", ""/content/drive/MyDrive/olx_mobile_dataset/images/mobile_e69a1ba806/5.jpg"", ""/content/drive/MyDrive/olx_mobile_dataset/images/mobile_e69a1ba806/6.jpg"", ""/content/drive/MyDrive/olx_mobile_dataset/images/mobile_e69a1ba806/7.jpg"", ""/content/drive/MyDrive/olx_mobile_dataset/images/mobile_e69a1ba806/8.jpg"", ""/content/drive/MyDrive/olx_mobile_dataset/images/mobile_e69a1ba806/9.jpg"", ""/content/drive/MyDrive/olx_mobile_dataset/images/mobile_e69a1ba806/10.jpg"", ""/content/drive/MyDrive/olx_mobile_dataset/images/mobile_e69a1ba806/11.jpg"", ""/content/drive/MyDrive/olx_mobile_dataset/images/mobile_e69a1ba806/12.jpg"", ""/content/drive/MyDrive/olx_mobile_dataset/images/mobile_e69a1ba806/13.jpg"", ""/content/drive/MyDrive/olx_mobile_dataset/images/mobile_e69a1ba806/14.jpg"", ""/content/drive/MyDrive/olx_mobile_dataset/images/mobile_e69a1ba806/15.jpg"", ""/content/drive/MyDrive/olx_mobile_dataset/images/mobile_e69a1ba806/16.jpg"", ""/content/drive/MyDrive/olx_mobile_dataset/images/mobile_e69a1ba806/17.jpg"", ""/content/drive/MyDrive/olx_mobile_dataset/images/mobile_e69a1ba806/18.jpg"", ""/content/drive/MyDrive/olx_mobile_dataset/images/mobile_e69a1ba806/19.jpg"", ""/content/drive/MyDrive/olx_mobile_dataset/images/mobile_e69a1ba806/20.jpg"", ""/content/drive/MyDrive/olx_mobile_dataset/images/mobile_e69a1ba806/21.jpg"", ""/content/drive/MyDrive/olx_mobile_dataset/images/mobile_e69a1ba806/22.jpg"", ""/content/drive/MyDrive/olx_mobile_dataset/images/mobile_e69a1ba806/23.jpg"", ""/content/drive/MyDrive/olx_mobile_dataset/images/mobile_e69a1ba806/24.jpg"", ""/content/drive/MyDrive/olx_mobile_dataset/images/mobile_e69a1ba806/25.jpg"", ""/content/drive/MyDrive/olx_mobile_dataset/images/mobile_e69a1ba806/26.jpg""]",26,2026-01-13 05:41:46.233012
mobile_c6f530e7f6,https://www.olx.in/item/mobile-phones-c1453-used-samsung-in-prem-vihar-delhi-iid-1831947596,Samsung galaxy s23 ultra 12/256gb,"Samsung galaxy s23 ultra 12/256gb display minor dot with minor line Indian working great 2years old with bill phone available only - Mobile Phones in Prem Vihar, Delhi",28500,"[""/content/drive/MyDrive/olx_mobile_dataset/images/mobile_c6f530e7f6/1.jpg"", ""/content/drive/MyDrive/olx_mobile_dataset/images/mobile_c6f530e7f6/2.jpg"", ""/content/drive/MyDrive/olx_mobile_dataset/images/mobile_c6f530e7f6/3.jpg"", ""/content/drive/MyDrive/olx_mobile_dataset/images/mobile_c6f530e7f6/4.jpg"", ""/content/drive/MyDrive/olx_mobile_dataset/images/mobile_c6f530e7f6/5.jpg"", ""/content/drive/MyDrive/olx_mobile_dataset/images/mobile_c6f530e7f6/6.jpg"", ""/content/drive/MyDrive/olx_mobile_dataset/images/mobile_c6f530e7f6/7.jpg"", ""/content/drive/MyDrive/olx_mobile_dataset/images/mobile_c6f530e7f6/8.jpg"", ""/content/drive/MyDrive/olx_mobile_dataset/images/mobile_c6f530e7f6/9.jpg"", ""/content/drive/MyDrive/olx_mobile_dataset/images/mobile_c6f530e7f6/10.jpg"", ""/content/drive/MyDrive/olx_mobile_dataset/images/mobile_c6f530e7f6/11.jpg"", ""/content/drive/MyDrive/olx_mobile_dataset/images/mobile_c6f530e7f6/12.jpg"", ""/content/drive/MyDrive/olx_mobile_dataset/images/mobile_c6f530e7f6/13.jpg"", ""/content/drive/MyDrive/olx_mobile_dataset/images/mobile_c6f530e7f6/14.jpg"", ""/content/drive/MyDrive/olx_mobile_dataset/images/mobile_c6f530e7f6/15.jpg"", ""/content/drive/MyDrive/olx_mobile_dataset/images/mobile_c6f530e7f6/16.jpg"", ""/content/drive/MyDrive/olx_mobile_dataset/images/mobile_c6f530e7f6/17.jpg"", ""/content/drive/MyDrive/olx_mobile_dataset/images/mobile_c6f530e7f6/18.jpg"", ""/content/drive/MyDrive/olx_mobile_dataset/images/mobile_c6f530e7f6/19.jpg"", ""/content/drive/MyDrive/olx_mobile_dataset/images/mobile_c6f530e7f6/20.jpg"", ""/content/drive/MyDrive/olx_mobile_dataset/images/mobile_c6f530e7f6/21.jpg"", ""/content/drive/MyDrive/olx_mobile_dataset/images/mobile_c6f530e7f6/22.jpg"", ""/content/drive/MyDrive/olx_mobile_dataset/images/mobile_c6f530e7f6/23.jpg"", ""/content/drive/MyDrive/olx_mobile_dataset/images/mobile_c6f530e7f6/24.jpg"", ""/content/drive/MyDrive/olx_mobile_dataset/images/mobile_c6f530e7f6/25.jpg"", ""/content/drive/MyDrive/olx_mobile_dataset/images/mobile_c6f530e7f6/26.jpg""]",26,2026-01-13 05:41:55.259823
mobile_c2acb5f85b,https://www.olx.in/item/mobile-phones-c1453-used-realme-in-boring-chauraha-patna-iid-1829819471,Realme 14Pro 5G Only Exchange IPhone,"ONLY EXCHANGE iPHONE 13,14,15 STORAGE 8/128 EXCELLENT CONDITION BILL BOX SB HAI - Mobile Phones in Boring Chauraha, Patna",500,"[""/content/drive/MyDrive/olx_mobile_dataset/images/mobile_c2acb5f85b/1.jpg"", ""/content/drive/MyDrive/olx_mobile_dataset/images/mobile_c2acb5f85b/2.jpg"", ""/content/drive/MyDrive/olx_mobile_dataset/images/mobile_c2acb5f85b/3.jpg"", ""/content/drive/MyDrive/olx_mobile_dataset/images/mobile_c2acb5f85b/4.jpg"", ""/content/drive/MyDrive/olx_mobile_dataset/images/mobile_c2acb5f85b/5.jpg"", ""/content/drive/MyDrive/olx_mobile_dataset/images/mobile_c2acb5f85b/6.jpg"", ""/content/drive/MyDrive/olx_mobile_dataset/images/mobile_c2acb5f85b/7.jpg"", ""/content/drive/MyDrive/olx_mobile_dataset/images/mobile_c2acb5f85b/8.jpg"", ""/content/drive/MyDrive/olx_mobile_dataset/images/mobile_c2acb5f85b/9.jpg"", ""/content/drive/MyDrive/olx_mobile_dataset/images/mobile_c2acb5f85b/10.jpg"", ""/content/drive/MyDrive/olx_mobile_dataset/images/mobile_c2acb5f85b/11.jpg"", ""/content/drive/MyDrive/olx_mobile_dataset/images/mobile_c2acb5f85b/12.jpg"", ""/content/drive/MyDrive/olx_mobile_dataset/images/mobile_c2acb5f85b/13.jpg"", ""/content/drive/MyDrive/olx_mobile_dataset/images/mobile_c2acb5f85b/14.jpg"", ""/content/drive/MyDrive/olx_mobile_dataset/images/mobile_c2acb5f85b/15.jpg"", ""/content/drive/MyDrive/olx_mobile_dataset/images/mobile_c2acb5f85b/16.jpg"", ""/content/drive/MyDrive/olx_mobile_dataset/images/mobile_c2acb5f85b/17.jpg"", ""/content/drive/MyDrive/olx_mobile_dataset/images/mobile_c2acb5f85b/18.jpg"", ""/content/drive/MyDrive/olx_mobile_dataset/images/mobile_c2acb5f85b/19.jpg"", ""/content/drive/MyDrive/olx_mobile_dataset/images/mobile_c2acb5f85b/20.jpg"", ""/content/drive/MyDrive/olx_mobile_dataset/images/mobile_c2acb5f85b/21.jpg"", ""/content/drive/MyDrive/olx_mobile_dataset/images/mobile_c2acb5f85b/22.jpg"", ""/content/drive/MyDrive/olx_mobile_dataset/images/mobile_c2acb5f85b/23.jpg"", ""/content/drive/MyDrive/olx_mobile_dataset/images/mobile_c2acb5f85b/24.jpg"", ""/content/drive/MyDrive/olx_mobile_dataset/images/mobile_c2acb5f85b/25.jpg"", ""/content/drive/MyDrive/olx_mobile_dataset/images/mobile_c2acb5f85b/26.jpg""]",26,2026-01-13 05:42:07.045218
mobile_4ff2a1cb72,https://www.olx.in/item/mobile-phones-c1453-used-vivo-in-uttam-nagar-delhi-iid-1830549297,Vivo Y31 [ 6gb 128gb ] 4g Mobile,"All original and never repaired [ dual sim 4g ] mobile in brand new and scratchless condition with original box one cover and new charger for only 5800 [ Price is fixed and not negotiable at all ] - Mobile Phones in Uttam Nagar, Delhi",5800,"[""/content/drive/MyDrive/olx_mobile_dataset/images/mobile_4ff2a1cb72/1.jpg"", ""/content/drive/MyDrive/olx_mobile_dataset/images/mobile_4ff2a1cb72/2.jpg"", ""/content/drive/MyDrive/olx_mobile_dataset/images/mobile_4ff2a1cb72/3.jpg"", ""/content/drive/MyDrive/olx_mobile_dataset/images/mobile_4ff2a1cb72/4.jpg"", ""/content/drive/MyDrive/olx_mobile_dataset/images/mobile_4ff2a1cb72/5.jpg"", ""/content/drive/MyDrive/olx_mobile_dataset/images/mobile_4ff2a1cb72/6.jpg"", ""/content/drive/MyDrive/olx_mobile_dataset/images/mobile_4ff2a1cb72/7.jpg"", ""/content/drive/MyDrive/olx_mobile_dataset/images/mobile_4ff2a1cb72/8.jpg"", ""/content/drive/MyDrive/olx_mobile_dataset/images/mobile_4ff2a1cb72/9.jpg"", ""/content/drive/MyDrive/olx_mobile_dataset/images/mobile_4ff2a1cb72/10.jpg"", ""/content/drive/MyDrive/olx_mobile_dataset/images/mobile_4ff2a1cb72/11.jpg"", ""/content/drive/MyDrive/olx_mobile_dataset/images/mobile_4ff2a1cb72/12.jpg"", ""/content/drive/MyDrive/olx_mobile_dataset/images/mobile_4ff2a1cb72/13.jpg"", ""/content/drive/MyDrive/olx_mobile_dataset/images/mobile_4ff2a1cb72/14.jpg"", ""/content/drive/MyDrive/olx_mobile_dataset/images/mobile_4ff2a1cb72/15.jpg"", ""/content/drive/MyDrive/olx_mobile_dataset/images/mobile_4ff2a1cb72/16.jpg"", ""/content/drive/MyDrive/olx_mobile_dataset/images/mobile_4ff2a1cb72/17.jpg"", ""/content/drive/MyDrive/olx_mobile_dataset/images/mobile_4ff2a1cb72/18.jpg"", ""/content/drive/MyDrive/olx_mobile_dataset/images/mobile_4ff2a1cb72/19.jpg"", ""/content/drive/MyDrive/olx_mobile_dataset/images/mobile_4ff2a1cb72/20.jpg"", ""/content/drive/MyDrive/olx_mobile_dataset/images/mobile_4ff2a1cb72/21.jpg"", ""/content/drive/MyDrive/olx_mobile_dataset/images/mobile_4ff2a1cb72/22.jpg"", ""/content/drive/MyDrive/olx_mobile_dataset/images/mobile_4ff2a1cb72/23.jpg"", ""/content/drive/MyDrive/olx_mobile_dataset/images/mobile_4ff2a1cb72/24.jpg"", ""/content/drive/MyDrive/olx_mobile_dataset/images/mobile_4ff2a1cb72/25.jpg"", ""/content/drive/MyDrive/olx_mobile_dataset/images/mobile_4ff2a1cb72/26.jpg""]",26,2026-01-13 05:42:16.436183
mobile_04316f5a16,https://www.olx.in/item/mobile-phones-c1453-used-vivo-in-saidapet-chennai-iid-1831947618,Vivo V29e  8/128gb  (full kit)..,"Good condition Exchange accepted... We Give Oneday Time for checking after your purchase Ping me whatsapp- will send the 'LOCATION ' WhatsApp catalogue all pictures and full details available SHOP TIMING 10 To 10 Rajiv nagar 1st st, Omr (ptc)thuraipakkam Chennai - Mobile Phones in Saidapet, Chennai",14400,"[""/content/drive/MyDrive/olx_mobile_dataset/images/mobile_04316f5a16/1.jpg"", ""/content/drive/MyDrive/olx_mobile_dataset/images/mobile_04316f5a16/2.jpg"", ""/content/drive/MyDrive/olx_mobile_dataset/images/mobile_04316f5a16/3.jpg"", ""/content/drive/MyDrive/olx_mobile_dataset/images/mobile_04316f5a16/4.jpg"", ""/content/drive/MyDrive/olx_mobile_dataset/images/mobile_04316f5a16/5.jpg"", ""/content/drive/MyDrive/olx_mobile_dataset/images/mobile_04316f5a16/6.jpg"", ""/content/drive/MyDrive/olx_mobile_dataset/images/mobile_04316f5a16/7.jpg"", ""/content/drive/MyDrive/olx_mobile_dataset/images/mobile_04316f5a16/8.jpg"", ""/content/drive/MyDrive/olx_mobile_dataset/images/mobile_04316f5a16/9.jpg"", ""/content/drive/MyDrive/olx_mobile_dataset/images/mobile_04316f5a16/10.jpg"", ""/content/drive/MyDrive/olx_mobile_dataset/images/mobile_04316f5a16/11.jpg"", ""/content/drive/MyDrive/olx_mobile_dataset/images/mobile_04316f5a16/12.jpg"", ""/content/drive/MyDrive/olx_mobile_dataset/images/mobile_04316f5a16/13.jpg"", ""/content/drive/MyDrive/olx_mobile_dataset/images/mobile_04316f5a16/14.jpg"", ""/content/drive/MyDrive/olx_mobile_dataset/images/mobile_04316f5a16/15.jpg"", ""/content/drive/MyDrive/olx_mobile_dataset/images/mobile_04316f5a16/16.jpg"", ""/content/drive/MyDrive/olx_mobile_dataset/images/mobile_04316f5a16/17.jpg"", ""/content/drive/MyDrive/olx_mobile_dataset/images/mobile_04316f5a16/18.jpg"", ""/content/drive/MyDrive/olx_mobile_dataset/images/mobile_04316f5a16/19.jpg"", ""/content/drive/MyDrive/olx_mobile_dataset/images/mobile_04316f5a16/20.jpg"", ""/content/drive/MyDrive/olx_mobile_dataset/images/mobile_04316f5a16/21.jpg"", ""/content/drive/MyDrive/olx_mobile_dataset/images/mobile_04316f5a16/22.jpg"", ""/content/drive/MyDrive/olx_mobile_dataset/images/mobile_04316f5a16/23.jpg"", ""/content/drive/MyDrive/olx_mobile_dataset/images/mobile_04316f5a16/24.jpg"", ""/content/drive/MyDrive/olx_mobile_dataset/images/mobile_04316f5a16/25.jpg"", ""/content/drive/MyDrive/olx_mobile_dataset/images/mobile_04316f5a16/26.jpg""]",26,2026-01-13 05:42:24.713009
mobile_f8f7c9d75b,https://www.olx.in/item/mobile-phones-c1453-used-motorola-in-sikander-pur-chowk-sikanderpur-ballia-district-iid-1831947500,Moto edge 50 pro 5g 8/256 Gb,"Urgent sell Motorola Edge 50 pro 5g. New condition - Mobile Phones in Sikander Pur Chowk, Sikanderpur Ballia District",15000,"[""/content/drive/MyDrive/olx_mobile_dataset/images/mobile_f8f7c9d75b/1.jpg"", ""/content/drive/MyDrive/olx_mobile_dataset/images/mobile_f8f7c9d75b/2.jpg"", ""/content/drive/MyDrive/olx_mobile_dataset/images/mobile_f8f7c9d75b/3.jpg"", ""/content/drive/MyDrive/olx_mobile_dataset/images/mobile_f8f7c9d75b/4.jpg"", ""/content/drive/MyDrive/olx_mobile_dataset/images/mobile_f8f7c9d75b/5.jpg"", ""/content/drive/MyDrive/olx_mobile_dataset/images/mobile_f8f7c9d75b/6.jpg"", ""/content/drive/MyDrive/olx_mobile_dataset/images/mobile_f8f7c9d75b/7.jpg"", ""/content/drive/MyDrive/olx_mobile_dataset/images/mobile_f8f7c9d75b/8.jpg"", ""/content/drive/MyDrive/olx_mobile_dataset/images/mobile_f8f7c9d75b/9.jpg"", ""/content/drive/MyDrive/olx_mobile_dataset/images/mobile_f8f7c9d75b/10.jpg"", ""/content/drive/MyDrive/olx_mobile_dataset/images/mobile_f8f7c9d75b/11.jpg"", ""/content/drive/MyDrive/olx_mobile_dataset/images/mobile_f8f7c9d75b/12.jpg"", ""/content/drive/MyDrive/olx_mobile_dataset/images/mobile_f8f7c9d75b/13.jpg"", ""/content/drive/MyDrive/olx_mobile_dataset/images/mobile_f8f7c9d75b/14.jpg"", ""/content/drive/MyDrive/olx_mobile_dataset/images/mobile_f8f7c9d75b/15.jpg"", ""/content/drive/MyDrive/olx_mobile_dataset/images/mobile_f8f7c9d75b/16.jpg"", ""/content/drive/MyDrive/olx_mobile_dataset/images/mobile_f8f7c9d75b/17.jpg"", ""/content/drive/MyDrive/olx_mobile_dataset/images/mobile_f8f7c9d75b/18.jpg"", ""/content/drive/MyDrive/olx_mobile_dataset/images/mobile_f8f7c9d75b/19.jpg"", ""/content/drive/MyDrive/olx_mobile_dataset/images/mobile_f8f7c9d75b/20.jpg"", ""/content/drive/MyDrive/olx_mobile_dataset/images/mobile_f8f7c9d75b/21.jpg"", ""/content/drive/MyDrive/olx_mobile_dataset/images/mobile_f8f7c9d75b/22.jpg"", ""/content/drive/MyDrive/olx_mobile_dataset/images/mobile_f8f7c9d75b/23.jpg"", ""/content/drive/MyDrive/olx_mobile_dataset/images/mobile_f8f7c9d75b/24.jpg"", ""/content/drive/MyDrive/olx_mobile_dataset/images/mobile_f8f7c9d75b/25.jpg"", ""/content/drive/MyDrive/olx_mobile_dataset/images/mobile_f8f7c9d75b/26.jpg""]",26,2026-01-13 05:42:35.085859
mobile_c19c7eaf14,https://www.olx.in/item/mobile-phones-c1453-used-iphone-in-khan-colony-tandur-iid-1831194311,Brand new iPhone 13,"iPhone 13 brand new condition Never opened, never repaired, neat and clean without any dent or scratches, seal piece Battery health 93% Purchased date: August 2024 Price can be negotiable No calls, message me only if you are interested to buy, check the phone and then take it with box - Mobile Phones in Khan Colony, Tandur",31999,"[""/content/drive/MyDrive/olx_mobile_dataset/images/mobile_c19c7eaf14/1.jpg"", ""/content/drive/MyDrive/olx_mobile_dataset/images/mobile_c19c7eaf14/2.jpg"", ""/content/drive/MyDrive/olx_mobile_dataset/images/mobile_c19c7eaf14/3.jpg"", ""/content/drive/MyDrive/olx_mobile_dataset/images/mobile_c19c7eaf14/4.jpg"", ""/content/drive/MyDrive/olx_mobile_dataset/images/mobile_c19c7eaf14/5.jpg"", ""/content/drive/MyDrive/olx_mobile_dataset/images/mobile_c19c7eaf14/6.jpg"", ""/content/drive/MyDrive/olx_mobile_dataset/images/mobile_c19c7eaf14/7.jpg"", ""/content/drive/MyDrive/olx_mobile_dataset/images/mobile_c19c7eaf14/8.jpg"", ""/content/drive/MyDrive/olx_mobile_dataset/images/mobile_c19c7eaf14/9.jpg"", ""/content/drive/MyDrive/olx_mobile_dataset/images/mobile_c19c7eaf14/10.jpg"", ""/content/drive/MyDrive/olx_mobile_dataset/images/mobile_c19c7eaf14/11.jpg"", ""/content/drive/MyDrive/olx_mobile_dataset/images/mobile_c19c7eaf14/12.jpg"", ""/content/drive/MyDrive/olx_mobile_dataset/images/mobile_c19c7eaf14/13.jpg"", ""/content/drive/MyDrive/olx_mobile_dataset/images/mobile_c19c7eaf14/14.jpg"", ""/content/drive/MyDrive/olx_mobile_dataset/images/mobile_c19c7eaf14/15.jpg"", ""/content/drive/MyDrive/olx_mobile_dataset/images/mobile_c19c7eaf14/16.jpg"", ""/content/drive/MyDrive/olx_mobile_dataset/images/mobile_c19c7eaf14/17.jpg"", ""/content/drive/MyDrive/olx_mobile_dataset/images/mobile_c19c7eaf14/18.jpg"", ""/content/drive/MyDrive/olx_mobile_dataset/images/mobile_c19c7eaf14/19.jpg"", ""/content/drive/MyDrive/olx_mobile_dataset/images/mobile_c19c7eaf14/20.jpg"", ""/content/drive/MyDrive/olx_mobile_dataset/images/mobile_c19c7eaf14/21.jpg"", ""/content/drive/MyDrive/olx_mobile_dataset/images/mobile_c19c7eaf14/22.jpg"", ""/content/drive/MyDrive/olx_mobile_dataset/images/mobile_c19c7eaf14/23.jpg"", ""/content/drive/MyDrive/olx_mobile_dataset/images/mobile_c19c7eaf14/24.jpg"", ""/content/drive/MyDrive/olx_mobile_dataset/images/mobile_c19c7eaf14/25.jpg"", ""/content/drive/MyDrive/olx_mobile_dataset/images/mobile_c19c7eaf14/26.jpg""]",26,2026-01-13 05:42:44.213764
mobile_596f50f091,https://www.olx.in/item/mobile-phones-c1453-used-google-pixel-in-nehru-nagar-roorkee-iid-1831947817,Google pixel 8 8gb ram 128gb storage,"Display me pink line With box cable Phone one year old hai Phone full original hai New condition h full lamination Phone no repair - Mobile Phones in Nehru Nagar, Roorkee",24999,"[""/content/drive/MyDrive/olx_mobile_dataset/images/mobile_596f50f091/1.jpg"", ""/content/drive/MyDrive/olx_mobile_dataset/images/mobile_596f50f091/2.jpg"", ""/content/drive/MyDrive/olx_mobile_dataset/images/mobile_596f50f091/3.jpg"", ""/content/drive/MyDrive/olx_mobile_dataset/images/mobile_596f50f091/4.jpg"", ""/content/drive/MyDrive/olx_mobile_dataset/images/mobile_596f50f091/5.jpg"", ""/content/drive/MyDrive/olx_mobile_dataset/images/mobile_596f50f091/6.jpg"", ""/content/drive/MyDrive/olx_mobile_dataset/images/mobile_596f50f091/7.jpg"", ""/content/drive/MyDrive/olx_mobile_dataset/images/mobile_596f50f091/8.jpg"", ""/content/drive/MyDrive/olx_mobile_dataset/images/mobile_596f50f091/9.jpg"", ""/content/drive/MyDrive/olx_mobile_dataset/images/mobile_596f50f091/10.jpg"", ""/content/drive/MyDrive/olx_mobile_dataset/images/mobile_596f50f091/11.jpg"", ""/content/drive/MyDrive/olx_mobile_dataset/images/mobile_596f50f091/12.jpg"", ""/content/drive/MyDrive/olx_mobile_dataset/images/mobile_596f50f091/13.jpg"", ""/content/drive/MyDrive/olx_mobile_dataset/images/mobile_596f50f091/14.jpg"", ""/content/drive/MyDrive/olx_mobile_dataset/images/mobile_596f50f091/15.jpg"", ""/content/drive/MyDrive/olx_mobile_dataset/images/mobile_596f50f091/16.jpg"", ""/content/drive/MyDrive/olx_mobile_dataset/images/mobile_596f50f091/17.jpg"", ""/content/drive/MyDrive/olx_mobile_dataset/images/mobile_596f50f091/18.jpg"", ""/content/drive/MyDrive/olx_mobile_dataset/images/mobile_596f50f091/19.jpg"", ""/content/drive/MyDrive/olx_mobile_dataset/images/mobile_596f50f091/20.jpg"", ""/content/drive/MyDrive/olx_mobile_dataset/images/mobile_596f50f091/21.jpg"", ""/content/drive/MyDrive/olx_mobile_dataset/images/mobile_596f50f091/22.jpg"", ""/content/drive/MyDrive/olx_mobile_dataset/images/mobile_596f50f091/23.jpg"", ""/content/drive/MyDrive/olx_mobile_dataset/images/mobile_596f50f091/24.jpg"", ""/content/drive/MyDrive/olx_mobile_dataset/images/mobile_596f50f091/25.jpg"", ""/content/drive/MyDrive/olx_mobile_dataset/images/mobile_596f50f091/26.jpg""]",26,2026-01-13 05:42:53.059219
mobile_5e23a1c5a7,https://www.olx.in/item/mobile-phones-c1453-used-iphone-in-indira-nagar-jhunjhunun-iid-1831947695,Iphone 14 128gb cleanest condition,"Indian varient Box cable available 86% battery - Mobile Phones in Indira Nagar, Jhunjhunun",34000,"[""/content/drive/MyDrive/olx_mobile_dataset/images/mobile_5e23a1c5a7/1.jpg"", ""/content/drive/MyDrive/olx_mobile_dataset/images/mobile_5e23a1c5a7/2.jpg"", ""/content/drive/MyDrive/olx_mobile_dataset/images/mobile_5e23a1c5a7/3.jpg"", ""/content/drive/MyDrive/olx_mobile_dataset/images/mobile_5e23a1c5a7/4.jpg"", ""/content/drive/MyDrive/olx_mobile_dataset/images/mobile_5e23a1c5a7/5.jpg"", ""/content/drive/MyDrive/olx_mobile_dataset/images/mobile_5e23a1c5a7/6.jpg"", ""/content/drive/MyDrive/olx_mobile_dataset/images/mobile_5e23a1c5a7/7.jpg"", ""/content/drive/MyDrive/olx_mobile_dataset/images/mobile_5e23a1c5a7/8.jpg"", ""/content/drive/MyDrive/olx_mobile_dataset/images/mobile_5e23a1c5a7/9.jpg"", ""/content/drive/MyDrive/olx_mobile_dataset/images/mobile_5e23a1c5a7/10.jpg"", ""/content/drive/MyDrive/olx_mobile_dataset/images/mobile_5e23a1c5a7/11.jpg"", ""/content/drive/MyDrive/olx_mobile_dataset/images/mobile_5e23a1c5a7/12.jpg"", ""/content/drive/MyDrive/olx_mobile_dataset/images/mobile_5e23a1c5a7/13.jpg"", ""/content/drive/MyDrive/olx_mobile_dataset/images/mobile_5e23a1c5a7/14.jpg"", ""/content/drive/MyDrive/olx_mobile_dataset/images/mobile_5e23a1c5a7/15.jpg"", ""/content/drive/MyDrive/olx_mobile_dataset/images/mobile_5e23a1c5a7/16.jpg"", ""/content/drive/MyDrive/olx_mobile_dataset/images/mobile_5e23a1c5a7/17.jpg"", ""/content/drive/MyDrive/olx_mobile_dataset/images/mobile_5e23a1c5a7/18.jpg"", ""/content/drive/MyDrive/olx_mobile_dataset/images/mobile_5e23a1c5a7/19.jpg"", ""/content/drive/MyDrive/olx_mobile_dataset/images/mobile_5e23a1c5a7/20.jpg"", ""/content/drive/MyDrive/olx_mobile_dataset/images/mobile_5e23a1c5a7/21.jpg"", ""/content/drive/MyDrive/olx_mobile_dataset/images/mobile_5e23a1c5a7/22.jpg"", ""/content/drive/MyDrive/olx_mobile_dataset/images/mobile_5e23a1c5a7/23.jpg"", ""/content/drive/MyDrive/olx_mobile_dataset/images/mobile_5e23a1c5a7/24.jpg"", ""/content/drive/MyDrive/olx_mobile_dataset/images/mobile_5e23a1c5a7/25.jpg"", ""/content/drive/MyDrive/olx_mobile_dataset/images/mobile_5e23a1c5a7/26.jpg""]",26,2026-01-13 05:43:02.685010
mobile_0dfb49c38d,https://www.olx.in/item/mobile-phones-c1453-used-oppo-in-venkateshapuram-bengaluru-iid-1828947308,Biggest offer this oppo a79 5g and samsung galaxy a52s 5g ..,"For 20,000 = oppo a79 5g and samsung galaxy a52s 5g Oppo A79 5g Samsung galaxy a52s 5g Genuine pic not even a single scratch Everythings Original i have box and warranty bill also this is the biggest del ever so grab it as soon as possible thank you ... I have samsung galaxy a52s 5g only mobile everything is original... Price is slightly negotiable not hevely negotiable okay thank you. - Mobile Phones in Venkateshapuram, Bengaluru",26000,"[""/content/drive/MyDrive/olx_mobile_dataset/images/mobile_0dfb49c38d/1.jpg"", ""/content/drive/MyDrive/olx_mobile_dataset/images/mobile_0dfb49c38d/2.jpg"", ""/content/drive/MyDrive/olx_mobile_dataset/images/mobile_0dfb49c38d/3.jpg"", ""/content/drive/MyDrive/olx_mobile_dataset/images/mobile_0dfb49c38d/4.jpg"", ""/content/drive/MyDrive/olx_mobile_dataset/images/mobile_0dfb49c38d/5.jpg"", ""/content/drive/MyDrive/olx_mobile_dataset/images/mobile_0dfb49c38d/6.jpg"", ""/content/drive/MyDrive/olx_mobile_dataset/images/mobile_0dfb49c38d/7.jpg"", ""/content/drive/MyDrive/olx_mobile_dataset/images/mobile_0dfb49c38d/8.jpg"", ""/content/drive/MyDrive/olx_mobile_dataset/images/mobile_0dfb49c38d/9.jpg"", ""/content/drive/MyDrive/olx_mobile_dataset/images/mobile_0dfb49c38d/10.jpg"", ""/content/drive/MyDrive/olx_mobile_dataset/images/mobile_0dfb49c38d/11.jpg"", ""/content/drive/MyDrive/olx_mobile_dataset/images/mobile_0dfb49c38d/12.jpg"", ""/content/drive/MyDrive/olx_mobile_dataset/images/mobile_0dfb49c38d/13.jpg"", ""/content/drive/MyDrive/olx_mobile_dataset/images/mobile_0dfb49c38d/14.jpg"", ""/content/drive/MyDrive/olx_mobile_dataset/images/mobile_0dfb49c38d/15.jpg"", ""/content/drive/MyDrive/olx_mobile_dataset/images/mobile_0dfb49c38d/16.jpg"", ""/content/drive/MyDrive/olx_mobile_dataset/images/mobile_0dfb49c38d/17.jpg"", ""/content/drive/MyDrive/olx_mobile_dataset/images/mobile_0dfb49c38d/18.jpg"", ""/content/drive/MyDrive/olx_mobile_dataset/images/mobile_0dfb49c38d/19.jpg"", ""/content/drive/MyDrive/olx_mobile_dataset/images/mobile_0dfb49c38d/20.jpg"", ""/content/drive/MyDrive/olx_mobile_dataset/images/mobile_0dfb49c38d/21.jpg"", ""/content/drive/MyDrive/olx_mobile_dataset/images/mobile_0dfb49c38d/22.jpg"", ""/content/drive/MyDrive/olx_mobile_dataset/images/mobile_0dfb49c38d/23.jpg"", ""/content/drive/MyDrive/olx_mobile_dataset/images/mobile_0dfb49c38d/24.jpg"", ""/content/drive/MyDrive/olx_mobile_dataset/images/mobile_0dfb49c38d/25.jpg"", ""/content/drive/MyDrive/olx_mobile_dataset/images/mobile_0dfb49c38d/26.jpg""]",26,2026-01-13 05:43:13.611195
mobile_a9c12d50d1,https://www.olx.in/item/mobile-phones-c1453-used-realme-in-muradabad-industrial-area-moradabad-iid-1831947688,Exchange mobile,"I exchange mobile 6/64 gb Ram & Storage No dent No damage Location --> Gopalpur nattha nagpa urf kokarpur Post Agwanpur city Moradabad Pin -> 244001 - Mobile Phones in Muradabad Industrial Area, Moradabad",9000,"[""/content/drive/MyDrive/olx_mobile_dataset/images/mobile_a9c12d50d1/1.jpg"", ""/content/drive/MyDrive/olx_mobile_dataset/images/mobile_a9c12d50d1/2.jpg"", ""/content/drive/MyDrive/olx_mobile_dataset/images/mobile_a9c12d50d1/3.jpg"", ""/content/drive/MyDrive/olx_mobile_dataset/images/mobile_a9c12d50d1/4.jpg"", ""/content/drive/MyDrive/olx_mobile_dataset/images/mobile_a9c12d50d1/5.jpg"", ""/content/drive/MyDrive/olx_mobile_dataset/images/mobile_a9c12d50d1/6.jpg"", ""/content/drive/MyDrive/olx_mobile_dataset/images/mobile_a9c12d50d1/7.jpg"", ""/content/drive/MyDrive/olx_mobile_dataset/images/mobile_a9c12d50d1/8.jpg"", ""/content/drive/MyDrive/olx_mobile_dataset/images/mobile_a9c12d50d1/9.jpg"", ""/content/drive/MyDrive/olx_mobile_dataset/images/mobile_a9c12d50d1/10.jpg"", ""/content/drive/MyDrive/olx_mobile_dataset/images/mobile_a9c12d50d1/11.jpg"", ""/content/drive/MyDrive/olx_mobile_dataset/images/mobile_a9c12d50d1/12.jpg"", ""/content/drive/MyDrive/olx_mobile_dataset/images/mobile_a9c12d50d1/13.jpg"", ""/content/drive/MyDrive/olx_mobile_dataset/images/mobile_a9c12d50d1/14.jpg"", ""/content/drive/MyDrive/olx_mobile_dataset/images/mobile_a9c12d50d1/15.jpg"", ""/content/drive/MyDrive/olx_mobile_dataset/images/mobile_a9c12d50d1/16.jpg"", ""/content/drive/MyDrive/olx_mobile_dataset/images/mobile_a9c12d50d1/17.jpg"", ""/content/drive/MyDrive/olx_mobile_dataset/images/mobile_a9c12d50d1/18.jpg"", ""/content/drive/MyDrive/olx_mobile_dataset/images/mobile_a9c12d50d1/19.jpg"", ""/content/drive/MyDrive/olx_mobile_dataset/images/mobile_a9c12d50d1/20.jpg"", ""/content/drive/MyDrive/olx_mobile_dataset/images/mobile_a9c12d50d1/21.jpg"", ""/content/drive/MyDrive/olx_mobile_dataset/images/mobile_a9c12d50d1/22.jpg"", ""/content/drive/MyDrive/olx_mobile_dataset/images/mobile_a9c12d50d1/23.jpg"", ""/content/drive/MyDrive/olx_mobile_dataset/images/mobile_a9c12d50d1/24.jpg"", ""/content/drive/MyDrive/olx_mobile_dataset/images/mobile_a9c12d50d1/25.jpg"", ""/content/drive/MyDrive/olx_mobile_dataset/images/mobile_a9c12d50d1/26.jpg""]",26,2026-01-13 05:43:22.170373
mobile_eb89367852,https://www.olx.in/item/mobile-phones-c1453-used-samsung-in-parvathipuram-nagercoil-iid-1823819209,Samsung s24 ultra titanium gray 12/512gb,"Samsung s24 ultra titanium gray 12/512gb variant with 3 premium cases and original samsung charger no dent or scratches in mobile it looks like brand new and in mint condition only issue power key and fingerprint doesn't work properly after upgrading mobile to android 16 For now double tap gesture sensor is being used in mobile for power on and off...power key ku 1200 and fingerprint sensor ku 1800 totally 3000agum for fixing both issues.samsung service centre doesn't service these kind of small issues they just want to scam people by changing entire motherboard and display by charging high amount lol.service centre like dream mobile they service these kind of issues very quickly and with budget friendly because they have many years of mobile service experience.timepassers stay away - Mobile Phones in Parvathipuram, Nagercoil",55000,"[""/content/drive/MyDrive/olx_mobile_dataset/images/mobile_eb89367852/1.jpg"", ""/content/drive/MyDrive/olx_mobile_dataset/images/mobile_eb89367852/2.jpg"", ""/content/drive/MyDrive/olx_mobile_dataset/images/mobile_eb89367852/3.jpg"", ""/content/drive/MyDrive/olx_mobile_dataset/images/mobile_eb89367852/4.jpg"", ""/content/drive/MyDrive/olx_mobile_dataset/images/mobile_eb89367852/5.jpg"", ""/content/drive/MyDrive/olx_mobile_dataset/images/mobile_eb89367852/6.jpg"", ""/content/drive/MyDrive/olx_mobile_dataset/images/mobile_eb89367852/7.jpg"", ""/content/drive/MyDrive/olx_mobile_dataset/images/mobile_eb89367852/8.jpg"", ""/content/drive/MyDrive/olx_mobile_dataset/images/mobile_eb89367852/9.jpg"", ""/content/drive/MyDrive/olx_mobile_dataset/images/mobile_eb89367852/10.jpg"", ""/content/drive/MyDrive/olx_mobile_dataset/images/mobile_eb89367852/11.jpg"", ""/content/drive/MyDrive/olx_mobile_dataset/images/mobile_eb89367852/12.jpg"", ""/content/drive/MyDrive/olx_mobile_dataset/images/mobile_eb89367852/13.jpg"", ""/content/drive/MyDrive/olx_mobile_dataset/images/mobile_eb89367852/14.jpg"", ""/content/drive/MyDrive/olx_mobile_dataset/images/mobile_eb89367852/15.jpg"", ""/content/drive/MyDrive/olx_mobile_dataset/images/mobile_eb89367852/16.jpg"", ""/content/drive/MyDrive/olx_mobile_dataset/images/mobile_eb89367852/17.jpg"", ""/content/drive/MyDrive/olx_mobile_dataset/images/mobile_eb89367852/18.jpg"", ""/content/drive/MyDrive/olx_mobile_dataset/images/mobile_eb89367852/19.jpg"", ""/content/drive/MyDrive/olx_mobile_dataset/images/mobile_eb89367852/20.jpg"", ""/content/drive/MyDrive/olx_mobile_dataset/images/mobile_eb89367852/21.jpg"", ""/content/drive/MyDrive/olx_mobile_dataset/images/mobile_eb89367852/22.jpg"", ""/content/drive/MyDrive/olx_mobile_dataset/images/mobile_eb89367852/23.jpg"", ""/content/drive/MyDrive/olx_mobile_dataset/images/mobile_eb89367852/24.jpg"", ""/content/drive/MyDrive/olx_mobile_dataset/images/mobile_eb89367852/25.jpg"", ""/content/drive/MyDrive/olx_mobile_dataset/images/mobile_eb89367852/26.jpg""]",26,2026-01-13 05:43:32.320356
mobile_eb066f65fe,https://www.olx.in/item/mobile-phones-c1453-used-iphone-in-kowdiar-thiruvananthapuram-iid-1831947713,Iphone 15 Pro Max ( 256GB ) Bh 89% Brand New Condition Full box,"Full box Brand new condition :- 10 days shop checking warranty :- Exchnge offer available :- Emi Facility available :- Emi & Loan edukkan agrahikkunnavar :- Shopil varuka check cheyuka :- Shopileakk varumpool kayil :- Adhar :- pan card :-Atm card enniva kayi karuthuka :- Debit and credit acceptable :- Home delivery :- All India courier service :-More details and enquiries :-7️⃣8️⃣7️⃣7️⃣2️⃣7️⃣7️⃣7️⃣1️⃣7️⃣ :-Shop located @ Thakaraparambu , Trivandrum Opposite Thakaraparambu vayalil hotel - Mobile Phones in Kowdiar, Thiruvananthapuram",73000,"[""/content/drive/MyDrive/olx_mobile_dataset/images/mobile_eb066f65fe/1.jpg"", ""/content/drive/MyDrive/olx_mobile_dataset/images/mobile_eb066f65fe/2.jpg"", ""/content/drive/MyDrive/olx_mobile_dataset/images/mobile_eb066f65fe/3.jpg"", ""/content/drive/MyDrive/olx_mobile_dataset/images/mobile_eb066f65fe/4.jpg"", ""/content/drive/MyDrive/olx_mobile_dataset/images/mobile_eb066f65fe/5.jpg"", ""/content/drive/MyDrive/olx_mobile_dataset/images/mobile_eb066f65fe/6.jpg"", ""/content/drive/MyDrive/olx_mobile_dataset/images/mobile_eb066f65fe/7.jpg"", ""/content/drive/MyDrive/olx_mobile_dataset/images/mobile_eb066f65fe/8.jpg"", ""/content/drive/MyDrive/olx_mobile_dataset/images/mobile_eb066f65fe/9.jpg"", ""/content/drive/MyDrive/olx_mobile_dataset/images/mobile_eb066f65fe/10.jpg"", ""/content/drive/MyDrive/olx_mobile_dataset/images/mobile_eb066f65fe/11.jpg"", ""/content/drive/MyDrive/olx_mobile_dataset/images/mobile_eb066f65fe/12.jpg"", ""/content/drive/MyDrive/olx_mobile_dataset/images/mobile_eb066f65fe/13.jpg"", ""/content/drive/MyDrive/olx_mobile_dataset/images/mobile_eb066f65fe/14.jpg"", ""/content/drive/MyDrive/olx_mobile_dataset/images/mobile_eb066f65fe/15.jpg"", ""/content/drive/MyDrive/olx_mobile_dataset/images/mobile_eb066f65fe/16.jpg"", ""/content/drive/MyDrive/olx_mobile_dataset/images/mobile_eb066f65fe/17.jpg"", ""/content/drive/MyDrive/olx_mobile_dataset/images/mobile_eb066f65fe/18.jpg"", ""/content/drive/MyDrive/olx_mobile_dataset/images/mobile_eb066f65fe/19.jpg"", ""/content/drive/MyDrive/olx_mobile_dataset/images/mobile_eb066f65fe/20.jpg"", ""/content/drive/MyDrive/olx_mobile_dataset/images/mobile_eb066f65fe/21.jpg"", ""/content/drive/MyDrive/olx_mobile_dataset/images/mobile_eb066f65fe/22.jpg"", ""/content/drive/MyDrive/olx_mobile_dataset/images/mobile_eb066f65fe/23.jpg"", ""/content/drive/MyDrive/olx_mobile_dataset/images/mobile_eb066f65fe/24.jpg"", ""/content/drive/MyDrive/olx_mobile_dataset/images/mobile_eb066f65fe/25.jpg"", ""/content/drive/MyDrive/olx_mobile_dataset/images/mobile_eb066f65fe/26.jpg""]",26,2026-01-13 05:43:58.478417
mobile_58b9a6392b,https://www.olx.in/item/mobile-phones-c1453-used-vivo-in-raghopur-jangalpur-saraon-iid-1831947631,iQOO z7s 1st owner 6+6 - 128 5g bilbox with charger 44w,"Money emergency - Mobile Phones in Raghopur Jangalpur, Saraon",9500,"[""/content/drive/MyDrive/olx_mobile_dataset/images/mobile_58b9a6392b/1.jpg"", ""/content/drive/MyDrive/olx_mobile_dataset/images/mobile_58b9a6392b/2.jpg"", ""/content/drive/MyDrive/olx_mobile_dataset/images/mobile_58b9a6392b/3.jpg"", ""/content/drive/MyDrive/olx_mobile_dataset/images/mobile_58b9a6392b/4.jpg"", ""/content/drive/MyDrive/olx_mobile_dataset/images/mobile_58b9a6392b/5.jpg"", ""/content/drive/MyDrive/olx_mobile_dataset/images/mobile_58b9a6392b/6.jpg"", ""/content/drive/MyDrive/olx_mobile_dataset/images/mobile_58b9a6392b/7.jpg"", ""/content/drive/MyDrive/olx_mobile_dataset/images/mobile_58b9a6392b/8.jpg"", ""/content/drive/MyDrive/olx_mobile_dataset/images/mobile_58b9a6392b/9.jpg"", ""/content/drive/MyDrive/olx_mobile_dataset/images/mobile_58b9a6392b/10.jpg"", ""/content/drive/MyDrive/olx_mobile_dataset/images/mobile_58b9a6392b/11.jpg"", ""/content/drive/MyDrive/olx_mobile_dataset/images/mobile_58b9a6392b/12.jpg"", ""/content/drive/MyDrive/olx_mobile_dataset/images/mobile_58b9a6392b/13.jpg"", ""/content/drive/MyDrive/olx_mobile_dataset/images/mobile_58b9a6392b/14.jpg"", ""/content/drive/MyDrive/olx_mobile_dataset/images/mobile_58b9a6392b/15.jpg"", ""/content/drive/MyDrive/olx_mobile_dataset/images/mobile_58b9a6392b/16.jpg"", ""/content/drive/MyDrive/olx_mobile_dataset/images/mobile_58b9a6392b/17.jpg"", ""/content/drive/MyDrive/olx_mobile_dataset/images/mobile_58b9a6392b/18.jpg"", ""/content/drive/MyDrive/olx_mobile_dataset/images/mobile_58b9a6392b/19.jpg"", ""/content/drive/MyDrive/olx_mobile_dataset/images/mobile_58b9a6392b/20.jpg"", ""/content/drive/MyDrive/olx_mobile_dataset/images/mobile_58b9a6392b/21.jpg"", ""/content/drive/MyDrive/olx_mobile_dataset/images/mobile_58b9a6392b/22.jpg"", ""/content/drive/MyDrive/olx_mobile_dataset/images/mobile_58b9a6392b/23.jpg"", ""/content/drive/MyDrive/olx_mobile_dataset/images/mobile_58b9a6392b/24.jpg"", ""/content/drive/MyDrive/olx_mobile_dataset/images/mobile_58b9a6392b/25.jpg"", ""/content/drive/MyDrive/olx_mobile_dataset/images/mobile_58b9a6392b/26.jpg""]",26,2026-01-13 05:44:09.462158
mobile_0a2eb0222f,https://www.olx.in/item/mobile-phones-c1453-used-realme-in-law-college-chowk-nagpur-iid-1831947661,7 pro 6GB + ixtra ram 5 GB internal 128 GB,"Best phone under budget - Mobile Phones in Law College Chowk, Nagpur",9299,"[""/content/drive/MyDrive/olx_mobile_dataset/images/mobile_0a2eb0222f/1.jpg"", ""/content/drive/MyDrive/olx_mobile_dataset/images/mobile_0a2eb0222f/2.jpg"", ""/content/drive/MyDrive/olx_mobile_dataset/images/mobile_0a2eb0222f/3.jpg"", ""/content/drive/MyDrive/olx_mobile_dataset/images/mobile_0a2eb0222f/4.jpg"", ""/content/drive/MyDrive/olx_mobile_dataset/images/mobile_0a2eb0222f/5.jpg"", ""/content/drive/MyDrive/olx_mobile_dataset/images/mobile_0a2eb0222f/6.jpg"", ""/content/drive/MyDrive/olx_mobile_dataset/images/mobile_0a2eb0222f/7.jpg"", ""/content/drive/MyDrive/olx_mobile_dataset/images/mobile_0a2eb0222f/8.jpg"", ""/content/drive/MyDrive/olx_mobile_dataset/images/mobile_0a2eb0222f/9.jpg"", ""/content/drive/MyDrive/olx_mobile_dataset/images/mobile_0a2eb0222f/10.jpg"", ""/content/drive/MyDrive/olx_mobile_dataset/images/mobile_0a2eb0222f/11.jpg"", ""/content/drive/MyDrive/olx_mobile_dataset/images/mobile_0a2eb0222f/12.jpg"", ""/content/drive/MyDrive/olx_mobile_dataset/images/mobile_0a2eb0222f/13.jpg"", ""/content/drive/MyDrive/olx_mobile_dataset/images/mobile_0a2eb0222f/14.jpg"", ""/content/drive/MyDrive/olx_mobile_dataset/images/mobile_0a2eb0222f/15.jpg"", ""/content/drive/MyDrive/olx_mobile_dataset/images/mobile_0a2eb0222f/16.jpg"", ""/content/drive/MyDrive/olx_mobile_dataset/images/mobile_0a2eb0222f/17.jpg"", ""/content/drive/MyDrive/olx_mobile_dataset/images/mobile_0a2eb0222f/18.jpg"", ""/content/drive/MyDrive/olx_mobile_dataset/images/mobile_0a2eb0222f/19.jpg"", ""/content/drive/MyDrive/olx_mobile_dataset/images/mobile_0a2eb0222f/20.jpg"", ""/content/drive/MyDrive/olx_mobile_dataset/images/mobile_0a2eb0222f/21.jpg"", ""/content/drive/MyDrive/olx_mobile_dataset/images/mobile_0a2eb0222f/22.jpg"", ""/content/drive/MyDrive/olx_mobile_dataset/images/mobile_0a2eb0222f/23.jpg"", ""/content/drive/MyDrive/olx_mobile_dataset/images/mobile_0a2eb0222f/24.jpg"", ""/content/drive/MyDrive/olx_mobile_dataset/images/mobile_0a2eb0222f/25.jpg"", ""/content/drive/MyDrive/olx_mobile_dataset/images/mobile_0a2eb0222f/26.jpg""]",26,2026-01-13 05:44:20.967076
mobile_9ac0f9c255,https://www.olx.in/item/mobile-phones-c1453-used-samsung-in-hydel-officers-colony-saharanpur-iid-1829745689,SAMSUNG Zfold3 5g,"Mobile in a good condition, 12/256 gb Black body ...open very smoothly... 3 yrs old bt looks like a 3 months - Mobile Phones in Hydel Officers Colony, Saharanpur",35000,"[""/content/drive/MyDrive/olx_mobile_dataset/images/mobile_9ac0f9c255/1.jpg"", ""/content/drive/MyDrive/olx_mobile_dataset/images/mobile_9ac0f9c255/2.jpg"", ""/content/drive/MyDrive/olx_mobile_dataset/images/mobile_9ac0f9c255/3.jpg"", ""/content/drive/MyDrive/olx_mobile_dataset/images/mobile_9ac0f9c255/4.jpg"", ""/content/drive/MyDrive/olx_mobile_dataset/images/mobile_9ac0f9c255/5.jpg"", ""/content/drive/MyDrive/olx_mobile_dataset/images/mobile_9ac0f9c255/6.jpg"", ""/content/drive/MyDrive/olx_mobile_dataset/images/mobile_9ac0f9c255/7.jpg"", ""/content/drive/MyDrive/olx_mobile_dataset/images/mobile_9ac0f9c255/8.jpg"", ""/content/drive/MyDrive/olx_mobile_dataset/images/mobile_9ac0f9c255/9.jpg"", ""/content/drive/MyDrive/olx_mobile_dataset/images/mobile_9ac0f9c255/10.jpg"", ""/content/drive/MyDrive/olx_mobile_dataset/images/mobile_9ac0f9c255/11.jpg"", ""/content/drive/MyDrive/olx_mobile_dataset/images/mobile_9ac0f9c255/12.jpg"", ""/content/drive/MyDrive/olx_mobile_dataset/images/mobile_9ac0f9c255/13.jpg"", ""/content/drive/MyDrive/olx_mobile_dataset/images/mobile_9ac0f9c255/14.jpg"", ""/content/drive/MyDrive/olx_mobile_dataset/images/mobile_9ac0f9c255/15.jpg"", ""/content/drive/MyDrive/olx_mobile_dataset/images/mobile_9ac0f9c255/16.jpg"", ""/content/drive/MyDrive/olx_mobile_dataset/images/mobile_9ac0f9c255/17.jpg"", ""/content/drive/MyDrive/olx_mobile_dataset/images/mobile_9ac0f9c255/18.jpg"", ""/content/drive/MyDrive/olx_mobile_dataset/images/mobile_9ac0f9c255/19.jpg"", ""/content/drive/MyDrive/olx_mobile_dataset/images/mobile_9ac0f9c255/20.jpg"", ""/content/drive/MyDrive/olx_mobile_dataset/images/mobile_9ac0f9c255/21.jpg"", ""/content/drive/MyDrive/olx_mobile_dataset/images/mobile_9ac0f9c255/22.jpg"", ""/content/drive/MyDrive/olx_mobile_dataset/images/mobile_9ac0f9c255/23.jpg"", ""/content/drive/MyDrive/olx_mobile_dataset/images/mobile_9ac0f9c255/24.jpg"", ""/content/drive/MyDrive/olx_mobile_dataset/images/mobile_9ac0f9c255/25.jpg"", ""/content/drive/MyDrive/olx_mobile_dataset/images/mobile_9ac0f9c255/26.jpg""]",26,2026-01-13 05:44:31.202814
mobile_7e423fedbd,https://www.olx.in/item/mobile-phones-c1453-used-nokia-in-shastripuram-etah-iid-1829366638,E90 Nokia E90,"E90 very good condition - Mobile Phones in Shastripuram, Etah",25000,"[""/content/drive/MyDrive/olx_mobile_dataset/images/mobile_7e423fedbd/1.jpg"", ""/content/drive/MyDrive/olx_mobile_dataset/images/mobile_7e423fedbd/2.jpg"", ""/content/drive/MyDrive/olx_mobile_dataset/images/mobile_7e423fedbd/3.jpg"", ""/content/drive/MyDrive/olx_mobile_dataset/images/mobile_7e423fedbd/4.jpg"", ""/content/drive/MyDrive/olx_mobile_dataset/images/mobile_7e423fedbd/5.jpg"", ""/content/drive/MyDrive/olx_mobile_dataset/images/mobile_7e423fedbd/6.jpg"", ""/content/drive/MyDrive/olx_mobile_dataset/images/mobile_7e423fedbd/7.jpg"", ""/content/drive/MyDrive/olx_mobile_dataset/images/mobile_7e423fedbd/8.jpg"", ""/content/drive/MyDrive/olx_mobile_dataset/images/mobile_7e423fedbd/9.jpg"", ""/content/drive/MyDrive/olx_mobile_dataset/images/mobile_7e423fedbd/10.jpg"", ""/content/drive/MyDrive/olx_mobile_dataset/images/mobile_7e423fedbd/11.jpg"", ""/content/drive/MyDrive/olx_mobile_dataset/images/mobile_7e423fedbd/12.jpg"", ""/content/drive/MyDrive/olx_mobile_dataset/images/mobile_7e423fedbd/13.jpg"", ""/content/drive/MyDrive/olx_mobile_dataset/images/mobile_7e423fedbd/14.jpg"", ""/content/drive/MyDrive/olx_mobile_dataset/images/mobile_7e423fedbd/15.jpg"", ""/content/drive/MyDrive/olx_mobile_dataset/images/mobile_7e423fedbd/16.jpg"", ""/content/drive/MyDrive/olx_mobile_dataset/images/mobile_7e423fedbd/17.jpg"", ""/content/drive/MyDrive/olx_mobile_dataset/images/mobile_7e423fedbd/18.jpg"", ""/content/drive/MyDrive/olx_mobile_dataset/images/mobile_7e423fedbd/19.jpg"", ""/content/drive/MyDrive/olx_mobile_dataset/images/mobile_7e423fedbd/20.jpg"", ""/content/drive/MyDrive/olx_mobile_dataset/images/mobile_7e423fedbd/21.jpg"", ""/content/drive/MyDrive/olx_mobile_dataset/images/mobile_7e423fedbd/22.jpg"", ""/content/drive/MyDrive/olx_mobile_dataset/images/mobile_7e423fedbd/23.jpg"", ""/content/drive/MyDrive/olx_mobile_dataset/images/mobile_7e423fedbd/24.jpg"", ""/content/drive/MyDrive/olx_mobile_dataset/images/mobile_7e423fedbd/25.jpg"", ""/content/drive/MyDrive/olx_mobile_dataset/images/mobile_7e423fedbd/26.jpg""]",26,2026-01-13 05:44:42.003075
mobile_9dc82843f4,https://www.olx.in/item/mobile-phones-c1453-used-iphone-in-bastora-guirim-iid-1831699058,iPhone 16 128 gb,"iPhone 16 128gb black Only phone and charger 91% battery health No warranty 1 year used Price slightly negotiable No cheap offers senders needed - Mobile Phones in Bastora, Guirim",47999,"[""/content/drive/MyDrive/olx_mobile_dataset/images/mobile_9dc82843f4/1.jpg"", ""/content/drive/MyDrive/olx_mobile_dataset/images/mobile_9dc82843f4/2.jpg"", ""/content/drive/MyDrive/olx_mobile_dataset/images/mobile_9dc82843f4/3.jpg"", ""/content/drive/MyDrive/olx_mobile_dataset/images/mobile_9dc82843f4/4.jpg"", ""/content/drive/MyDrive/olx_mobile_dataset/images/mobile_9dc82843f4/5.jpg"", ""/content/drive/MyDrive/olx_mobile_dataset/images/mobile_9dc82843f4/6.jpg"", ""/content/drive/MyDrive/olx_mobile_dataset/images/mobile_9dc82843f4/7.jpg"", ""/content/drive/MyDrive/olx_mobile_dataset/images/mobile_9dc82843f4/8.jpg"", ""/content/drive/MyDrive/olx_mobile_dataset/images/mobile_9dc82843f4/9.jpg"", ""/content/drive/MyDrive/olx_mobile_dataset/images/mobile_9dc82843f4/10.jpg"", ""/content/drive/MyDrive/olx_mobile_dataset/images/mobile_9dc82843f4/11.jpg"", ""/content/drive/MyDrive/olx_mobile_dataset/images/mobile_9dc82843f4/12.jpg"", ""/content/drive/MyDrive/olx_mobile_dataset/images/mobile_9dc82843f4/13.jpg"", ""/content/drive/MyDrive/olx_mobile_dataset/images/mobile_9dc82843f4/14.jpg"", ""/content/drive/MyDrive/olx_mobile_dataset/images/mobile_9dc82843f4/15.jpg"", ""/content/drive/MyDrive/olx_mobile_dataset/images/mobile_9dc82843f4/16.jpg"", ""/content/drive/MyDrive/olx_mobile_dataset/images/mobile_9dc82843f4/17.jpg"", ""/content/drive/MyDrive/olx_mobile_dataset/images/mobile_9dc82843f4/18.jpg"", ""/content/drive/MyDrive/olx_mobile_dataset/images/mobile_9dc82843f4/19.jpg"", ""/content/drive/MyDrive/olx_mobile_dataset/images/mobile_9dc82843f4/20.jpg"", ""/content/drive/MyDrive/olx_mobile_dataset/images/mobile_9dc82843f4/21.jpg"", ""/content/drive/MyDrive/olx_mobile_dataset/images/mobile_9dc82843f4/22.jpg"", ""/content/drive/MyDrive/olx_mobile_dataset/images/mobile_9dc82843f4/23.jpg"", ""/content/drive/MyDrive/olx_mobile_dataset/images/mobile_9dc82843f4/24.jpg"", ""/content/drive/MyDrive/olx_mobile_dataset/images/mobile_9dc82843f4/25.jpg"", ""/content/drive/MyDrive/olx_mobile_dataset/images/mobile_9dc82843f4/26.jpg""]",26,2026-01-13 05:44:53.016452
mobile_8234ba2ea3,https://www.olx.in/item/mobile-phones-c1453-used-iphone-in-azad-nagar-hisar-iid-1831054673,iphone xr 64gb,"79 percent battery Only phone without box and charger Sealed phone never opened Everything working best Best phone in 10k - Mobile Phones in Azad Nagar, Hisar",10000,"[""/content/drive/MyDrive/olx_mobile_dataset/images/mobile_8234ba2ea3/1.jpg"", ""/content/drive/MyDrive/olx_mobile_dataset/images/mobile_8234ba2ea3/2.jpg"", ""/content/drive/MyDrive/olx_mobile_dataset/images/mobile_8234ba2ea3/3.jpg"", ""/content/drive/MyDrive/olx_mobile_dataset/images/mobile_8234ba2ea3/4.jpg"", ""/content/drive/MyDrive/olx_mobile_dataset/images/mobile_8234ba2ea3/5.jpg"", ""/content/drive/MyDrive/olx_mobile_dataset/images/mobile_8234ba2ea3/6.jpg"", ""/content/drive/MyDrive/olx_mobile_dataset/images/mobile_8234ba2ea3/7.jpg"", ""/content/drive/MyDrive/olx_mobile_dataset/images/mobile_8234ba2ea3/8.jpg"", ""/content/drive/MyDrive/olx_mobile_dataset/images/mobile_8234ba2ea3/9.jpg"", ""/content/drive/MyDrive/olx_mobile_dataset/images/mobile_8234ba2ea3/10.jpg"", ""/content/drive/MyDrive/olx_mobile_dataset/images/mobile_8234ba2ea3/11.jpg"", ""/content/drive/MyDrive/olx_mobile_dataset/images/mobile_8234ba2ea3/12.jpg"", ""/content/drive/MyDrive/olx_mobile_dataset/images/mobile_8234ba2ea3/13.jpg"", ""/content/drive/MyDrive/olx_mobile_dataset/images/mobile_8234ba2ea3/14.jpg"", ""/content/drive/MyDrive/olx_mobile_dataset/images/mobile_8234ba2ea3/15.jpg"", ""/content/drive/MyDrive/olx_mobile_dataset/images/mobile_8234ba2ea3/16.jpg"", ""/content/drive/MyDrive/olx_mobile_dataset/images/mobile_8234ba2ea3/17.jpg"", ""/content/drive/MyDrive/olx_mobile_dataset/images/mobile_8234ba2ea3/18.jpg"", ""/content/drive/MyDrive/olx_mobile_dataset/images/mobile_8234ba2ea3/19.jpg"", ""/content/drive/MyDrive/olx_mobile_dataset/images/mobile_8234ba2ea3/20.jpg"", ""/content/drive/MyDrive/olx_mobile_dataset/images/mobile_8234ba2ea3/21.jpg"", ""/content/drive/MyDrive/olx_mobile_dataset/images/mobile_8234ba2ea3/22.jpg"", ""/content/drive/MyDrive/olx_mobile_dataset/images/mobile_8234ba2ea3/23.jpg"", ""/content/drive/MyDrive/olx_mobile_dataset/images/mobile_8234ba2ea3/24.jpg"", ""/content/drive/MyDrive/olx_mobile_dataset/images/mobile_8234ba2ea3/25.jpg"", ""/content/drive/MyDrive/olx_mobile_dataset/images/mobile_8234ba2ea3/26.jpg""]",26,2026-01-13 05:45:03.725057
mobile_6e8106430e,https://www.olx.in/item/mobile-phones-c1453-used-mi-in-netaji-nagar-siliguri-iid-1831740624,Poco m4 pro 6/128 till band little much,"Screen change - Mobile Phones in Netaji Nagar, Siliguri",3600,"[""/content/drive/MyDrive/olx_mobile_dataset/images/mobile_6e8106430e/1.jpg"", ""/content/drive/MyDrive/olx_mobile_dataset/images/mobile_6e8106430e/2.jpg"", ""/content/drive/MyDrive/olx_mobile_dataset/images/mobile_6e8106430e/3.jpg"", ""/content/drive/MyDrive/olx_mobile_dataset/images/mobile_6e8106430e/4.jpg"", ""/content/drive/MyDrive/olx_mobile_dataset/images/mobile_6e8106430e/5.jpg"", ""/content/drive/MyDrive/olx_mobile_dataset/images/mobile_6e8106430e/6.jpg"", ""/content/drive/MyDrive/olx_mobile_dataset/images/mobile_6e8106430e/7.jpg"", ""/content/drive/MyDrive/olx_mobile_dataset/images/mobile_6e8106430e/8.jpg"", ""/content/drive/MyDrive/olx_mobile_dataset/images/mobile_6e8106430e/9.jpg"", ""/content/drive/MyDrive/olx_mobile_dataset/images/mobile_6e8106430e/10.jpg"", ""/content/drive/MyDrive/olx_mobile_dataset/images/mobile_6e8106430e/11.jpg"", ""/content/drive/MyDrive/olx_mobile_dataset/images/mobile_6e8106430e/12.jpg"", ""/content/drive/MyDrive/olx_mobile_dataset/images/mobile_6e8106430e/13.jpg"", ""/content/drive/MyDrive/olx_mobile_dataset/images/mobile_6e8106430e/14.jpg"", ""/content/drive/MyDrive/olx_mobile_dataset/images/mobile_6e8106430e/15.jpg"", ""/content/drive/MyDrive/olx_mobile_dataset/images/mobile_6e8106430e/16.jpg"", ""/content/drive/MyDrive/olx_mobile_dataset/images/mobile_6e8106430e/17.jpg"", ""/content/drive/MyDrive/olx_mobile_dataset/images/mobile_6e8106430e/18.jpg"", ""/content/drive/MyDrive/olx_mobile_dataset/images/mobile_6e8106430e/19.jpg"", ""/content/drive/MyDrive/olx_mobile_dataset/images/mobile_6e8106430e/20.jpg"", ""/content/drive/MyDrive/olx_mobile_dataset/images/mobile_6e8106430e/21.jpg"", ""/content/drive/MyDrive/olx_mobile_dataset/images/mobile_6e8106430e/22.jpg"", ""/content/drive/MyDrive/olx_mobile_dataset/images/mobile_6e8106430e/23.jpg"", ""/content/drive/MyDrive/olx_mobile_dataset/images/mobile_6e8106430e/24.jpg"", ""/content/drive/MyDrive/olx_mobile_dataset/images/mobile_6e8106430e/25.jpg"", ""/content/drive/MyDrive/olx_mobile_dataset/images/mobile_6e8106430e/26.jpg""]",26,2026-01-13 05:45:14.811852
mobile_ef12234565,https://www.olx.in/item/mobile-phones-c1453-used-iphone-in-bhatta-bazar-purnia-iid-1831947479,iPhone SE 2nd Generation 128 GB,"I am selling my apple iPhone SE second generation. 128GB BILL BOX AVAILABLE. MINT CONDITION DISPLAY IS CHANGED. - Mobile Phones in Bhatta Bazar, Purnia",6899,"[""/content/drive/MyDrive/olx_mobile_dataset/images/mobile_ef12234565/1.jpg"", ""/content/drive/MyDrive/olx_mobile_dataset/images/mobile_ef12234565/2.jpg"", ""/content/drive/MyDrive/olx_mobile_dataset/images/mobile_ef12234565/3.jpg"", ""/content/drive/MyDrive/olx_mobile_dataset/images/mobile_ef12234565/4.jpg"", ""/content/drive/MyDrive/olx_mobile_dataset/images/mobile_ef12234565/5.jpg"", ""/content/drive/MyDrive/olx_mobile_dataset/images/mobile_ef12234565/6.jpg"", ""/content/drive/MyDrive/olx_mobile_dataset/images/mobile_ef12234565/7.jpg"", ""/content/drive/MyDrive/olx_mobile_dataset/images/mobile_ef12234565/8.jpg"", ""/content/drive/MyDrive/olx_mobile_dataset/images/mobile_ef12234565/9.jpg"", ""/content/drive/MyDrive/olx_mobile_dataset/images/mobile_ef12234565/10.jpg"", ""/content/drive/MyDrive/olx_mobile_dataset/images/mobile_ef12234565/11.jpg"", ""/content/drive/MyDrive/olx_mobile_dataset/images/mobile_ef12234565/12.jpg"", ""/content/drive/MyDrive/olx_mobile_dataset/images/mobile_ef12234565/13.jpg"", ""/content/drive/MyDrive/olx_mobile_dataset/images/mobile_ef12234565/14.jpg"", ""/content/drive/MyDrive/olx_mobile_dataset/images/mobile_ef12234565/15.jpg"", ""/content/drive/MyDrive/olx_mobile_dataset/images/mobile_ef12234565/16.jpg"", ""/content/drive/MyDrive/olx_mobile_dataset/images/mobile_ef12234565/17.jpg"", ""/content/drive/MyDrive/olx_mobile_dataset/images/mobile_ef12234565/18.jpg"", ""/content/drive/MyDrive/olx_mobile_dataset/images/mobile_ef12234565/19.jpg"", ""/content/drive/MyDrive/olx_mobile_dataset/images/mobile_ef12234565/20.jpg"", ""/content/drive/MyDrive/olx_mobile_dataset/images/mobile_ef12234565/21.jpg"", ""/content/drive/MyDrive/olx_mobile_dataset/images/mobile_ef12234565/22.jpg"", ""/content/drive/MyDrive/olx_mobile_dataset/images/mobile_ef12234565/23.jpg"", ""/content/drive/MyDrive/olx_mobile_dataset/images/mobile_ef12234565/24.jpg"", ""/content/drive/MyDrive/olx_mobile_dataset/images/mobile_ef12234565/25.jpg"", ""/content/drive/MyDrive/olx_mobile_dataset/images/mobile_ef12234565/26.jpg""]",26,2026-01-13 05:45:29.074049
mobile_d6cfcce56f,https://www.olx.in/item/mobile-phones-c1453-used-iphone-in-tata-nagar-ratlam-iid-1830394802,12 mini fresh phone  price 12000,"Back pannel crack Dot on display 128 gb Face id off - Mobile Phones in Tata Nagar, Ratlam",12000,"[""/content/drive/MyDrive/olx_mobile_dataset/images/mobile_d6cfcce56f/1.jpg"", ""/content/drive/MyDrive/olx_mobile_dataset/images/mobile_d6cfcce56f/2.jpg"", ""/content/drive/MyDrive/olx_mobile_dataset/images/mobile_d6cfcce56f/3.jpg"", ""/content/drive/MyDrive/olx_mobile_dataset/images/mobile_d6cfcce56f/4.jpg"", ""/content/drive/MyDrive/olx_mobile_dataset/images/mobile_d6cfcce56f/5.jpg"", ""/content/drive/MyDrive/olx_mobile_dataset/images/mobile_d6cfcce56f/6.jpg"", ""/content/drive/MyDrive/olx_mobile_dataset/images/mobile_d6cfcce56f/7.jpg"", ""/content/drive/MyDrive/olx_mobile_dataset/images/mobile_d6cfcce56f/8.jpg"", ""/content/drive/MyDrive/olx_mobile_dataset/images/mobile_d6cfcce56f/9.jpg"", ""/content/drive/MyDrive/olx_mobile_dataset/images/mobile_d6cfcce56f/10.jpg"", ""/content/drive/MyDrive/olx_mobile_dataset/images/mobile_d6cfcce56f/11.jpg"", ""/content/drive/MyDrive/olx_mobile_dataset/images/mobile_d6cfcce56f/12.jpg"", ""/content/drive/MyDrive/olx_mobile_dataset/images/mobile_d6cfcce56f/13.jpg"", ""/content/drive/MyDrive/olx_mobile_dataset/images/mobile_d6cfcce56f/14.jpg"", ""/content/drive/MyDrive/olx_mobile_dataset/images/mobile_d6cfcce56f/15.jpg"", ""/content/drive/MyDrive/olx_mobile_dataset/images/mobile_d6cfcce56f/16.jpg"", ""/content/drive/MyDrive/olx_mobile_dataset/images/mobile_d6cfcce56f/17.jpg"", ""/content/drive/MyDrive/olx_mobile_dataset/images/mobile_d6cfcce56f/18.jpg"", ""/content/drive/MyDrive/olx_mobile_dataset/images/mobile_d6cfcce56f/19.jpg"", ""/content/drive/MyDrive/olx_mobile_dataset/images/mobile_d6cfcce56f/20.jpg"", ""/content/drive/MyDrive/olx_mobile_dataset/images/mobile_d6cfcce56f/21.jpg"", ""/content/drive/MyDrive/olx_mobile_dataset/images/mobile_d6cfcce56f/22.jpg"", ""/content/drive/MyDrive/olx_mobile_dataset/images/mobile_d6cfcce56f/23.jpg"", ""/content/drive/MyDrive/olx_mobile_dataset/images/mobile_d6cfcce56f/24.jpg"", ""/content/drive/MyDrive/olx_mobile_dataset/images/mobile_d6cfcce56f/25.jpg"", ""/content/drive/MyDrive/olx_mobile_dataset/images/mobile_d6cfcce56f/26.jpg""]",26,2026-01-13 05:45:38.408054
mobile_36821393bd,https://www.olx.in/item/mobile-phones-c1453-used-samsung-in-chenchupet-tenali-iid-1831947526,SAMSUNG S24,"Samsung S24(8/256), neatly used, no box - Mobile Phones in Chenchupet, Tenali",30000,"[""/content/drive/MyDrive/olx_mobile_dataset/images/mobile_36821393bd/1.jpg"", ""/content/drive/MyDrive/olx_mobile_dataset/images/mobile_36821393bd/2.jpg"", ""/content/drive/MyDrive/olx_mobile_dataset/images/mobile_36821393bd/3.jpg"", ""/content/drive/MyDrive/olx_mobile_dataset/images/mobile_36821393bd/4.jpg"", ""/content/drive/MyDrive/olx_mobile_dataset/images/mobile_36821393bd/5.jpg"", ""/content/drive/MyDrive/olx_mobile_dataset/images/mobile_36821393bd/6.jpg"", ""/content/drive/MyDrive/olx_mobile_dataset/images/mobile_36821393bd/7.jpg"", ""/content/drive/MyDrive/olx_mobile_dataset/images/mobile_36821393bd/8.jpg"", ""/content/drive/MyDrive/olx_mobile_dataset/images/mobile_36821393bd/9.jpg"", ""/content/drive/MyDrive/olx_mobile_dataset/images/mobile_36821393bd/10.jpg"", ""/content/drive/MyDrive/olx_mobile_dataset/images/mobile_36821393bd/11.jpg"", ""/content/drive/MyDrive/olx_mobile_dataset/images/mobile_36821393bd/12.jpg"", ""/content/drive/MyDrive/olx_mobile_dataset/images/mobile_36821393bd/13.jpg"", ""/content/drive/MyDrive/olx_mobile_dataset/images/mobile_36821393bd/14.jpg"", ""/content/drive/MyDrive/olx_mobile_dataset/images/mobile_36821393bd/15.jpg"", ""/content/drive/MyDrive/olx_mobile_dataset/images/mobile_36821393bd/16.jpg"", ""/content/drive/MyDrive/olx_mobile_dataset/images/mobile_36821393bd/17.jpg"", ""/content/drive/MyDrive/olx_mobile_dataset/images/mobile_36821393bd/18.jpg"", ""/content/drive/MyDrive/olx_mobile_dataset/images/mobile_36821393bd/19.jpg"", ""/content/drive/MyDrive/olx_mobile_dataset/images/mobile_36821393bd/20.jpg"", ""/content/drive/MyDrive/olx_mobile_dataset/images/mobile_36821393bd/21.jpg"", ""/content/drive/MyDrive/olx_mobile_dataset/images/mobile_36821393bd/22.jpg"", ""/content/drive/MyDrive/olx_mobile_dataset/images/mobile_36821393bd/23.jpg"", ""/content/drive/MyDrive/olx_mobile_dataset/images/mobile_36821393bd/24.jpg"", ""/content/drive/MyDrive/olx_mobile_dataset/images/mobile_36821393bd/25.jpg"", ""/content/drive/MyDrive/olx_mobile_dataset/images/mobile_36821393bd/26.jpg""]",26,2026-01-13 05:45:48.059815
mobile_2360151322,https://www.olx.in/item/mobile-phones-c1453-used-xiaomi-in-jakho-jaithara-iid-1831947419,Redmi 12 5G,"Redmi 12 5G 6/128 - Mobile Phones in Jakho, Jaithara",9500,"[""/content/drive/MyDrive/olx_mobile_dataset/images/mobile_2360151322/1.jpg"", ""/content/drive/MyDrive/olx_mobile_dataset/images/mobile_2360151322/2.jpg"", ""/content/drive/MyDrive/olx_mobile_dataset/images/mobile_2360151322/3.jpg"", ""/content/drive/MyDrive/olx_mobile_dataset/images/mobile_2360151322/4.jpg"", ""/content/drive/MyDrive/olx_mobile_dataset/images/mobile_2360151322/5.jpg"", ""/content/drive/MyDrive/olx_mobile_dataset/images/mobile_2360151322/6.jpg"", ""/content/drive/MyDrive/olx_mobile_dataset/images/mobile_2360151322/7.jpg"", ""/content/drive/MyDrive/olx_mobile_dataset/images/mobile_2360151322/8.jpg"", ""/content/drive/MyDrive/olx_mobile_dataset/images/mobile_2360151322/9.jpg"", ""/content/drive/MyDrive/olx_mobile_dataset/images/mobile_2360151322/10.jpg"", ""/content/drive/MyDrive/olx_mobile_dataset/images/mobile_2360151322/11.jpg"", ""/content/drive/MyDrive/olx_mobile_dataset/images/mobile_2360151322/12.jpg"", ""/content/drive/MyDrive/olx_mobile_dataset/images/mobile_2360151322/13.jpg"", ""/content/drive/MyDrive/olx_mobile_dataset/images/mobile_2360151322/14.jpg"", ""/content/drive/MyDrive/olx_mobile_dataset/images/mobile_2360151322/15.jpg"", ""/content/drive/MyDrive/olx_mobile_dataset/images/mobile_2360151322/16.jpg"", ""/content/drive/MyDrive/olx_mobile_dataset/images/mobile_2360151322/17.jpg"", ""/content/drive/MyDrive/olx_mobile_dataset/images/mobile_2360151322/18.jpg"", ""/content/drive/MyDrive/olx_mobile_dataset/images/mobile_2360151322/19.jpg"", ""/content/drive/MyDrive/olx_mobile_dataset/images/mobile_2360151322/20.jpg"", ""/content/drive/MyDrive/olx_mobile_dataset/images/mobile_2360151322/21.jpg"", ""/content/drive/MyDrive/olx_mobile_dataset/images/mobile_2360151322/22.jpg"", ""/content/drive/MyDrive/olx_mobile_dataset/images/mobile_2360151322/23.jpg"", ""/content/drive/MyDrive/olx_mobile_dataset/images/mobile_2360151322/24.jpg"", ""/content/drive/MyDrive/olx_mobile_dataset/images/mobile_2360151322/25.jpg"", ""/content/drive/MyDrive/olx_mobile_dataset/images/mobile_2360151322/26.jpg""]",26,2026-01-13 05:45:58.360285
mobile_a7c8e68e9a,https://www.olx.in/item/mobile-phones-c1453-used-vivo-in-goregaon-gondiya-district-maharashtra-iid-1831947344,Vivo V40 Pro 12+12 512,"All conditions Done - Mobile Phones in undefined, Goregaon Gondiya District",30000,"[""/content/drive/MyDrive/olx_mobile_dataset/images/mobile_a7c8e68e9a/1.jpg"", ""/content/drive/MyDrive/olx_mobile_dataset/images/mobile_a7c8e68e9a/2.jpg"", ""/content/drive/MyDrive/olx_mobile_dataset/images/mobile_a7c8e68e9a/3.jpg"", ""/content/drive/MyDrive/olx_mobile_dataset/images/mobile_a7c8e68e9a/4.jpg"", ""/content/drive/MyDrive/olx_mobile_dataset/images/mobile_a7c8e68e9a/5.jpg"", ""/content/drive/MyDrive/olx_mobile_dataset/images/mobile_a7c8e68e9a/6.jpg"", ""/content/drive/MyDrive/olx_mobile_dataset/images/mobile_a7c8e68e9a/7.jpg"", ""/content/drive/MyDrive/olx_mobile_dataset/images/mobile_a7c8e68e9a/8.jpg"", ""/content/drive/MyDrive/olx_mobile_dataset/images/mobile_a7c8e68e9a/9.jpg"", ""/content/drive/MyDrive/olx_mobile_dataset/images/mobile_a7c8e68e9a/10.jpg"", ""/content/drive/MyDrive/olx_mobile_dataset/images/mobile_a7c8e68e9a/11.jpg"", ""/content/drive/MyDrive/olx_mobile_dataset/images/mobile_a7c8e68e9a/12.jpg"", ""/content/drive/MyDrive/olx_mobile_dataset/images/mobile_a7c8e68e9a/13.jpg"", ""/content/drive/MyDrive/olx_mobile_dataset/images/mobile_a7c8e68e9a/14.jpg"", ""/content/drive/MyDrive/olx_mobile_dataset/images/mobile_a7c8e68e9a/15.jpg"", ""/content/drive/MyDrive/olx_mobile_dataset/images/mobile_a7c8e68e9a/16.jpg"", ""/content/drive/MyDrive/olx_mobile_dataset/images/mobile_a7c8e68e9a/17.jpg"", ""/content/drive/MyDrive/olx_mobile_dataset/images/mobile_a7c8e68e9a/18.jpg"", ""/content/drive/MyDrive/olx_mobile_dataset/images/mobile_a7c8e68e9a/19.jpg"", ""/content/drive/MyDrive/olx_mobile_dataset/images/mobile_a7c8e68e9a/20.jpg"", ""/content/drive/MyDrive/olx_mobile_dataset/images/mobile_a7c8e68e9a/21.jpg"", ""/content/drive/MyDrive/olx_mobile_dataset/images/mobile_a7c8e68e9a/22.jpg"", ""/content/drive/MyDrive/olx_mobile_dataset/images/mobile_a7c8e68e9a/23.jpg"", ""/content/drive/MyDrive/olx_mobile_dataset/images/mobile_a7c8e68e9a/24.jpg"", ""/content/drive/MyDrive/olx_mobile_dataset/images/mobile_a7c8e68e9a/25.jpg"", ""/content/drive/MyDrive/olx_mobile_dataset/images/mobile_a7c8e68e9a/26.jpg""]",26,2026-01-13 05:46:08.956035
mobile_8377fde6ca,https://www.olx.in/item/mobile-phones-c1453-used-realme-in-yasinganj-lucknow-iid-1831947351,Realme gt master  edition 5g,"Bil hai or chazer phone me koi dikkat nhi hai 8/256 hai 5g phone hai - Mobile Phones in Yasinganj, Lucknow",9999,"[""/content/drive/MyDrive/olx_mobile_dataset/images/mobile_8377fde6ca/1.jpg"", ""/content/drive/MyDrive/olx_mobile_dataset/images/mobile_8377fde6ca/2.jpg"", ""/content/drive/MyDrive/olx_mobile_dataset/images/mobile_8377fde6ca/3.jpg"", ""/content/drive/MyDrive/olx_mobile_dataset/images/mobile_8377fde6ca/4.jpg"", ""/content/drive/MyDrive/olx_mobile_dataset/images/mobile_8377fde6ca/5.jpg"", ""/content/drive/MyDrive/olx_mobile_dataset/images/mobile_8377fde6ca/6.jpg"", ""/content/drive/MyDrive/olx_mobile_dataset/images/mobile_8377fde6ca/7.jpg"", ""/content/drive/MyDrive/olx_mobile_dataset/images/mobile_8377fde6ca/8.jpg"", ""/content/drive/MyDrive/olx_mobile_dataset/images/mobile_8377fde6ca/9.jpg"", ""/content/drive/MyDrive/olx_mobile_dataset/images/mobile_8377fde6ca/10.jpg"", ""/content/drive/MyDrive/olx_mobile_dataset/images/mobile_8377fde6ca/11.jpg"", ""/content/drive/MyDrive/olx_mobile_dataset/images/mobile_8377fde6ca/12.jpg"", ""/content/drive/MyDrive/olx_mobile_dataset/images/mobile_8377fde6ca/13.jpg"", ""/content/drive/MyDrive/olx_mobile_dataset/images/mobile_8377fde6ca/14.jpg"", ""/content/drive/MyDrive/olx_mobile_dataset/images/mobile_8377fde6ca/15.jpg"", ""/content/drive/MyDrive/olx_mobile_dataset/images/mobile_8377fde6ca/16.jpg"", ""/content/drive/MyDrive/olx_mobile_dataset/images/mobile_8377fde6ca/17.jpg"", ""/content/drive/MyDrive/olx_mobile_dataset/images/mobile_8377fde6ca/18.jpg"", ""/content/drive/MyDrive/olx_mobile_dataset/images/mobile_8377fde6ca/19.jpg"", ""/content/drive/MyDrive/olx_mobile_dataset/images/mobile_8377fde6ca/20.jpg"", ""/content/drive/MyDrive/olx_mobile_dataset/images/mobile_8377fde6ca/21.jpg"", ""/content/drive/MyDrive/olx_mobile_dataset/images/mobile_8377fde6ca/22.jpg"", ""/content/drive/MyDrive/olx_mobile_dataset/images/mobile_8377fde6ca/23.jpg"", ""/content/drive/MyDrive/olx_mobile_dataset/images/mobile_8377fde6ca/24.jpg"", ""/content/drive/MyDrive/olx_mobile_dataset/images/mobile_8377fde6ca/25.jpg"", ""/content/drive/MyDrive/olx_mobile_dataset/images/mobile_8377fde6ca/26.jpg""]",26,2026-01-13 05:46:20.905965
mobile_0335b83ea4,https://www.olx.in/item/mobile-phones-c1453-used-samsung-in-nit-kozhikode-iid-1830893050,Samsung s10E,"Samsung S-10E, no replacement .6/128-gb - Mobile Phones in Nit, Kozhikode",11200,"[""/content/drive/MyDrive/olx_mobile_dataset/images/mobile_0335b83ea4/1.jpg"", ""/content/drive/MyDrive/olx_mobile_dataset/images/mobile_0335b83ea4/2.jpg"", ""/content/drive/MyDrive/olx_mobile_dataset/images/mobile_0335b83ea4/3.jpg"", ""/content/drive/MyDrive/olx_mobile_dataset/images/mobile_0335b83ea4/4.jpg"", ""/content/drive/MyDrive/olx_mobile_dataset/images/mobile_0335b83ea4/5.jpg"", ""/content/drive/MyDrive/olx_mobile_dataset/images/mobile_0335b83ea4/6.jpg"", ""/content/drive/MyDrive/olx_mobile_dataset/images/mobile_0335b83ea4/7.jpg"", ""/content/drive/MyDrive/olx_mobile_dataset/images/mobile_0335b83ea4/8.jpg"", ""/content/drive/MyDrive/olx_mobile_dataset/images/mobile_0335b83ea4/9.jpg"", ""/content/drive/MyDrive/olx_mobile_dataset/images/mobile_0335b83ea4/10.jpg"", ""/content/drive/MyDrive/olx_mobile_dataset/images/mobile_0335b83ea4/11.jpg"", ""/content/drive/MyDrive/olx_mobile_dataset/images/mobile_0335b83ea4/12.jpg"", ""/content/drive/MyDrive/olx_mobile_dataset/images/mobile_0335b83ea4/13.jpg"", ""/content/drive/MyDrive/olx_mobile_dataset/images/mobile_0335b83ea4/14.jpg"", ""/content/drive/MyDrive/olx_mobile_dataset/images/mobile_0335b83ea4/15.jpg"", ""/content/drive/MyDrive/olx_mobile_dataset/images/mobile_0335b83ea4/16.jpg"", ""/content/drive/MyDrive/olx_mobile_dataset/images/mobile_0335b83ea4/17.jpg"", ""/content/drive/MyDrive/olx_mobile_dataset/images/mobile_0335b83ea4/18.jpg"", ""/content/drive/MyDrive/olx_mobile_dataset/images/mobile_0335b83ea4/19.jpg"", ""/content/drive/MyDrive/olx_mobile_dataset/images/mobile_0335b83ea4/20.jpg"", ""/content/drive/MyDrive/olx_mobile_dataset/images/mobile_0335b83ea4/21.jpg"", ""/content/drive/MyDrive/olx_mobile_dataset/images/mobile_0335b83ea4/22.jpg"", ""/content/drive/MyDrive/olx_mobile_dataset/images/mobile_0335b83ea4/23.jpg"", ""/content/drive/MyDrive/olx_mobile_dataset/images/mobile_0335b83ea4/24.jpg"", ""/content/drive/MyDrive/olx_mobile_dataset/images/mobile_0335b83ea4/25.jpg"", ""/content/drive/MyDrive/olx_mobile_dataset/images/mobile_0335b83ea4/26.jpg""]",26,2026-01-13 05:46:34.930929
mobile_c7e3d1dad3,https://www.olx.in/item/mobile-phones-c1453-used-one-plus-in-pedaganayada-visakhapatnam-iid-1831947342,Onepluse 9r full condition with box and. Charger,"Onepluse 9r full condition with box and. Charger - Mobile Phones in Pedaganayada, Visakhapatnam",15000,"[""/content/drive/MyDrive/olx_mobile_dataset/images/mobile_c7e3d1dad3/1.jpg"", ""/content/drive/MyDrive/olx_mobile_dataset/images/mobile_c7e3d1dad3/2.jpg"", ""/content/drive/MyDrive/olx_mobile_dataset/images/mobile_c7e3d1dad3/3.jpg"", ""/content/drive/MyDrive/olx_mobile_dataset/images/mobile_c7e3d1dad3/4.jpg"", ""/content/drive/MyDrive/olx_mobile_dataset/images/mobile_c7e3d1dad3/5.jpg"", ""/content/drive/MyDrive/olx_mobile_dataset/images/mobile_c7e3d1dad3/6.jpg"", ""/content/drive/MyDrive/olx_mobile_dataset/images/mobile_c7e3d1dad3/7.jpg"", ""/content/drive/MyDrive/olx_mobile_dataset/images/mobile_c7e3d1dad3/8.jpg"", ""/content/drive/MyDrive/olx_mobile_dataset/images/mobile_c7e3d1dad3/9.jpg"", ""/content/drive/MyDrive/olx_mobile_dataset/images/mobile_c7e3d1dad3/10.jpg"", ""/content/drive/MyDrive/olx_mobile_dataset/images/mobile_c7e3d1dad3/11.jpg"", ""/content/drive/MyDrive/olx_mobile_dataset/images/mobile_c7e3d1dad3/12.jpg"", ""/content/drive/MyDrive/olx_mobile_dataset/images/mobile_c7e3d1dad3/13.jpg"", ""/content/drive/MyDrive/olx_mobile_dataset/images/mobile_c7e3d1dad3/14.jpg"", ""/content/drive/MyDrive/olx_mobile_dataset/images/mobile_c7e3d1dad3/15.jpg"", ""/content/drive/MyDrive/olx_mobile_dataset/images/mobile_c7e3d1dad3/16.jpg"", ""/content/drive/MyDrive/olx_mobile_dataset/images/mobile_c7e3d1dad3/17.jpg"", ""/content/drive/MyDrive/olx_mobile_dataset/images/mobile_c7e3d1dad3/18.jpg"", ""/content/drive/MyDrive/olx_mobile_dataset/images/mobile_c7e3d1dad3/19.jpg"", ""/content/drive/MyDrive/olx_mobile_dataset/images/mobile_c7e3d1dad3/20.jpg"", ""/content/drive/MyDrive/olx_mobile_dataset/images/mobile_c7e3d1dad3/21.jpg"", ""/content/drive/MyDrive/olx_mobile_dataset/images/mobile_c7e3d1dad3/22.jpg"", ""/content/drive/MyDrive/olx_mobile_dataset/images/mobile_c7e3d1dad3/23.jpg"", ""/content/drive/MyDrive/olx_mobile_dataset/images/mobile_c7e3d1dad3/24.jpg"", ""/content/drive/MyDrive/olx_mobile_dataset/images/mobile_c7e3d1dad3/25.jpg"", ""/content/drive/MyDrive/olx_mobile_dataset/images/mobile_c7e3d1dad3/26.jpg""]",26,2026-01-13 05:46:43.948101
mobile_5866031587,https://www.olx.in/item/mobile-phones-c1453-used-other-mobiles-in-jay-nagar-pithampur-iid-1831418660,Poco brand,"Selling smartphone poco x6 5g 8gb 256 gb selling price - 10,000 - Mobile Phones in Jay Nagar, Pithampur",10000,"[""/content/drive/MyDrive/olx_mobile_dataset/images/mobile_5866031587/1.jpg"", ""/content/drive/MyDrive/olx_mobile_dataset/images/mobile_5866031587/2.jpg"", ""/content/drive/MyDrive/olx_mobile_dataset/images/mobile_5866031587/3.jpg"", ""/content/drive/MyDrive/olx_mobile_dataset/images/mobile_5866031587/4.jpg"", ""/content/drive/MyDrive/olx_mobile_dataset/images/mobile_5866031587/5.jpg"", ""/content/drive/MyDrive/olx_mobile_dataset/images/mobile_5866031587/6.jpg"", ""/content/drive/MyDrive/olx_mobile_dataset/images/mobile_5866031587/7.jpg"", ""/content/drive/MyDrive/olx_mobile_dataset/images/mobile_5866031587/8.jpg"", ""/content/drive/MyDrive/olx_mobile_dataset/images/mobile_5866031587/9.jpg"", ""/content/drive/MyDrive/olx_mobile_dataset/images/mobile_5866031587/10.jpg"", ""/content/drive/MyDrive/olx_mobile_dataset/images/mobile_5866031587/11.jpg"", ""/content/drive/MyDrive/olx_mobile_dataset/images/mobile_5866031587/12.jpg"", ""/content/drive/MyDrive/olx_mobile_dataset/images/mobile_5866031587/13.jpg"", ""/content/drive/MyDrive/olx_mobile_dataset/images/mobile_5866031587/14.jpg"", ""/content/drive/MyDrive/olx_mobile_dataset/images/mobile_5866031587/15.jpg"", ""/content/drive/MyDrive/olx_mobile_dataset/images/mobile_5866031587/16.jpg"", ""/content/drive/MyDrive/olx_mobile_dataset/images/mobile_5866031587/17.jpg"", ""/content/drive/MyDrive/olx_mobile_dataset/images/mobile_5866031587/18.jpg"", ""/content/drive/MyDrive/olx_mobile_dataset/images/mobile_5866031587/19.jpg"", ""/content/drive/MyDrive/olx_mobile_dataset/images/mobile_5866031587/20.jpg"", ""/content/drive/MyDrive/olx_mobile_dataset/images/mobile_5866031587/21.jpg"", ""/content/drive/MyDrive/olx_mobile_dataset/images/mobile_5866031587/22.jpg"", ""/content/drive/MyDrive/olx_mobile_dataset/images/mobile_5866031587/23.jpg"", ""/content/drive/MyDrive/olx_mobile_dataset/images/mobile_5866031587/24.jpg"", ""/content/drive/MyDrive/olx_mobile_dataset/images/mobile_5866031587/25.jpg"", ""/content/drive/MyDrive/olx_mobile_dataset/images/mobile_5866031587/26.jpg""]",26,2026-01-13 05:46:57.654399
mobile_f88c517175,https://www.olx.in/item/mobile-phones-c1453-used-iphone-in-km-tank-darbhanga-iid-1830186304,Iphone 14 pro 256gb,"14 pro 256gb mid model (gold) 100% battery health all working with original charger and bill - Mobile Phones in KM Tank, Darbhanga",48000,"[""/content/drive/MyDrive/olx_mobile_dataset/images/mobile_f88c517175/1.jpg"", ""/content/drive/MyDrive/olx_mobile_dataset/images/mobile_f88c517175/2.jpg"", ""/content/drive/MyDrive/olx_mobile_dataset/images/mobile_f88c517175/3.jpg"", ""/content/drive/MyDrive/olx_mobile_dataset/images/mobile_f88c517175/4.jpg"", ""/content/drive/MyDrive/olx_mobile_dataset/images/mobile_f88c517175/5.jpg"", ""/content/drive/MyDrive/olx_mobile_dataset/images/mobile_f88c517175/6.jpg"", ""/content/drive/MyDrive/olx_mobile_dataset/images/mobile_f88c517175/7.jpg"", ""/content/drive/MyDrive/olx_mobile_dataset/images/mobile_f88c517175/8.jpg"", ""/content/drive/MyDrive/olx_mobile_dataset/images/mobile_f88c517175/9.jpg"", ""/content/drive/MyDrive/olx_mobile_dataset/images/mobile_f88c517175/10.jpg"", ""/content/drive/MyDrive/olx_mobile_dataset/images/mobile_f88c517175/11.jpg"", ""/content/drive/MyDrive/olx_mobile_dataset/images/mobile_f88c517175/12.jpg"", ""/content/drive/MyDrive/olx_mobile_dataset/images/mobile_f88c517175/13.jpg"", ""/content/drive/MyDrive/olx_mobile_dataset/images/mobile_f88c517175/14.jpg"", ""/content/drive/MyDrive/olx_mobile_dataset/images/mobile_f88c517175/15.jpg"", ""/content/drive/MyDrive/olx_mobile_dataset/images/mobile_f88c517175/16.jpg"", ""/content/drive/MyDrive/olx_mobile_dataset/images/mobile_f88c517175/17.jpg"", ""/content/drive/MyDrive/olx_mobile_dataset/images/mobile_f88c517175/18.jpg"", ""/content/drive/MyDrive/olx_mobile_dataset/images/mobile_f88c517175/19.jpg"", ""/content/drive/MyDrive/olx_mobile_dataset/images/mobile_f88c517175/20.jpg"", ""/content/drive/MyDrive/olx_mobile_dataset/images/mobile_f88c517175/21.jpg"", ""/content/drive/MyDrive/olx_mobile_dataset/images/mobile_f88c517175/22.jpg"", ""/content/drive/MyDrive/olx_mobile_dataset/images/mobile_f88c517175/23.jpg"", ""/content/drive/MyDrive/olx_mobile_dataset/images/mobile_f88c517175/24.jpg"", ""/content/drive/MyDrive/olx_mobile_dataset/images/mobile_f88c517175/25.jpg"", ""/content/drive/MyDrive/olx_mobile_dataset/images/mobile_f88c517175/26.jpg""]",26,2026-01-13 05:47:10.236436
mobile_8e257bb684,https://www.olx.in/item/mobile-phones-c1453-used-oppo-in-sengadu-chennai-iid-1827164224,0ppo a76 mobile  for sale,"Redmi A76 6/128mobile for sale in good working condition Finger print only not working except All are working fine Mobile only - Mobile Phones in Sengadu, Chennai",3900,"[""/content/drive/MyDrive/olx_mobile_dataset/images/mobile_8e257bb684/1.jpg"", ""/content/drive/MyDrive/olx_mobile_dataset/images/mobile_8e257bb684/2.jpg"", ""/content/drive/MyDrive/olx_mobile_dataset/images/mobile_8e257bb684/3.jpg"", ""/content/drive/MyDrive/olx_mobile_dataset/images/mobile_8e257bb684/4.jpg"", ""/content/drive/MyDrive/olx_mobile_dataset/images/mobile_8e257bb684/5.jpg"", ""/content/drive/MyDrive/olx_mobile_dataset/images/mobile_8e257bb684/6.jpg"", ""/content/drive/MyDrive/olx_mobile_dataset/images/mobile_8e257bb684/7.jpg"", ""/content/drive/MyDrive/olx_mobile_dataset/images/mobile_8e257bb684/8.jpg"", ""/content/drive/MyDrive/olx_mobile_dataset/images/mobile_8e257bb684/9.jpg"", ""/content/drive/MyDrive/olx_mobile_dataset/images/mobile_8e257bb684/10.jpg"", ""/content/drive/MyDrive/olx_mobile_dataset/images/mobile_8e257bb684/11.jpg"", ""/content/drive/MyDrive/olx_mobile_dataset/images/mobile_8e257bb684/12.jpg"", ""/content/drive/MyDrive/olx_mobile_dataset/images/mobile_8e257bb684/13.jpg"", ""/content/drive/MyDrive/olx_mobile_dataset/images/mobile_8e257bb684/14.jpg"", ""/content/drive/MyDrive/olx_mobile_dataset/images/mobile_8e257bb684/15.jpg"", ""/content/drive/MyDrive/olx_mobile_dataset/images/mobile_8e257bb684/16.jpg"", ""/content/drive/MyDrive/olx_mobile_dataset/images/mobile_8e257bb684/17.jpg"", ""/content/drive/MyDrive/olx_mobile_dataset/images/mobile_8e257bb684/18.jpg"", ""/content/drive/MyDrive/olx_mobile_dataset/images/mobile_8e257bb684/19.jpg"", ""/content/drive/MyDrive/olx_mobile_dataset/images/mobile_8e257bb684/20.jpg"", ""/content/drive/MyDrive/olx_mobile_dataset/images/mobile_8e257bb684/21.jpg"", ""/content/drive/MyDrive/olx_mobile_dataset/images/mobile_8e257bb684/22.jpg"", ""/content/drive/MyDrive/olx_mobile_dataset/images/mobile_8e257bb684/23.jpg"", ""/content/drive/MyDrive/olx_mobile_dataset/images/mobile_8e257bb684/24.jpg"", ""/content/drive/MyDrive/olx_mobile_dataset/images/mobile_8e257bb684/25.jpg"", ""/content/drive/MyDrive/olx_mobile_dataset/images/mobile_8e257bb684/26.jpg""]",26,2026-01-13 05:47:20.707633
mobile_05c8799c1b,https://www.olx.in/item/mobile-phones-c1453-used-mi-in-kandi-srinagar-iid-1831947373,"Redmi 5A 3,32","Display little damage but full working. Argent sell - Mobile Phones in Kandi, Srinagar",3500,"[""/content/drive/MyDrive/olx_mobile_dataset/images/mobile_05c8799c1b/1.jpg"", ""/content/drive/MyDrive/olx_mobile_dataset/images/mobile_05c8799c1b/2.jpg"", ""/content/drive/MyDrive/olx_mobile_dataset/images/mobile_05c8799c1b/3.jpg"", ""/content/drive/MyDrive/olx_mobile_dataset/images/mobile_05c8799c1b/4.jpg"", ""/content/drive/MyDrive/olx_mobile_dataset/images/mobile_05c8799c1b/5.jpg"", ""/content/drive/MyDrive/olx_mobile_dataset/images/mobile_05c8799c1b/6.jpg"", ""/content/drive/MyDrive/olx_mobile_dataset/images/mobile_05c8799c1b/7.jpg"", ""/content/drive/MyDrive/olx_mobile_dataset/images/mobile_05c8799c1b/8.jpg"", ""/content/drive/MyDrive/olx_mobile_dataset/images/mobile_05c8799c1b/9.jpg"", ""/content/drive/MyDrive/olx_mobile_dataset/images/mobile_05c8799c1b/10.jpg"", ""/content/drive/MyDrive/olx_mobile_dataset/images/mobile_05c8799c1b/11.jpg"", ""/content/drive/MyDrive/olx_mobile_dataset/images/mobile_05c8799c1b/12.jpg"", ""/content/drive/MyDrive/olx_mobile_dataset/images/mobile_05c8799c1b/13.jpg"", ""/content/drive/MyDrive/olx_mobile_dataset/images/mobile_05c8799c1b/14.jpg"", ""/content/drive/MyDrive/olx_mobile_dataset/images/mobile_05c8799c1b/15.jpg"", ""/content/drive/MyDrive/olx_mobile_dataset/images/mobile_05c8799c1b/16.jpg"", ""/content/drive/MyDrive/olx_mobile_dataset/images/mobile_05c8799c1b/17.jpg"", ""/content/drive/MyDrive/olx_mobile_dataset/images/mobile_05c8799c1b/18.jpg"", ""/content/drive/MyDrive/olx_mobile_dataset/images/mobile_05c8799c1b/19.jpg"", ""/content/drive/MyDrive/olx_mobile_dataset/images/mobile_05c8799c1b/20.jpg"", ""/content/drive/MyDrive/olx_mobile_dataset/images/mobile_05c8799c1b/21.jpg"", ""/content/drive/MyDrive/olx_mobile_dataset/images/mobile_05c8799c1b/22.jpg"", ""/content/drive/MyDrive/olx_mobile_dataset/images/mobile_05c8799c1b/23.jpg"", ""/content/drive/MyDrive/olx_mobile_dataset/images/mobile_05c8799c1b/24.jpg"", ""/content/drive/MyDrive/olx_mobile_dataset/images/mobile_05c8799c1b/25.jpg"", ""/content/drive/MyDrive/olx_mobile_dataset/images/mobile_05c8799c1b/26.jpg""]",26,2026-01-13 05:47:30.224720
mobile_74421ee43a,https://www.olx.in/item/mobile-phones-c1453-used-samsung-in-kphb-hyderabad-iid-1831757308,"Samsung Galaxy Z Flip 6 (512 GB, Silver)like new scratchless condition","A year old device, Selling my Samsung Galaxy Z Flip 6 – 512GB (Silver color) in excellent, scratch-less condition. The phone looks almost brand new, has been used very carefully, and is fully functional with no issues at all. Details: • Model: Samsung Galaxy Z Flip 6 • Storage: 512 GB • Color: Silver • Condition: Like new / scratch-less • Performance: Smooth and flawless Price would be slightly negotiable. Original box and accessories included - Mobile Phones in KPHB, Hyderabad",45000,"[""/content/drive/MyDrive/olx_mobile_dataset/images/mobile_74421ee43a/1.jpg"", ""/content/drive/MyDrive/olx_mobile_dataset/images/mobile_74421ee43a/2.jpg"", ""/content/drive/MyDrive/olx_mobile_dataset/images/mobile_74421ee43a/3.jpg"", ""/content/drive/MyDrive/olx_mobile_dataset/images/mobile_74421ee43a/4.jpg"", ""/content/drive/MyDrive/olx_mobile_dataset/images/mobile_74421ee43a/5.jpg"", ""/content/drive/MyDrive/olx_mobile_dataset/images/mobile_74421ee43a/6.jpg"", ""/content/drive/MyDrive/olx_mobile_dataset/images/mobile_74421ee43a/7.jpg"", ""/content/drive/MyDrive/olx_mobile_dataset/images/mobile_74421ee43a/8.jpg"", ""/content/drive/MyDrive/olx_mobile_dataset/images/mobile_74421ee43a/9.jpg"", ""/content/drive/MyDrive/olx_mobile_dataset/images/mobile_74421ee43a/10.jpg"", ""/content/drive/MyDrive/olx_mobile_dataset/images/mobile_74421ee43a/11.jpg"", ""/content/drive/MyDrive/olx_mobile_dataset/images/mobile_74421ee43a/12.jpg"", ""/content/drive/MyDrive/olx_mobile_dataset/images/mobile_74421ee43a/13.jpg"", ""/content/drive/MyDrive/olx_mobile_dataset/images/mobile_74421ee43a/14.jpg"", ""/content/drive/MyDrive/olx_mobile_dataset/images/mobile_74421ee43a/15.jpg"", ""/content/drive/MyDrive/olx_mobile_dataset/images/mobile_74421ee43a/16.jpg"", ""/content/drive/MyDrive/olx_mobile_dataset/images/mobile_74421ee43a/17.jpg"", ""/content/drive/MyDrive/olx_mobile_dataset/images/mobile_74421ee43a/18.jpg"", ""/content/drive/MyDrive/olx_mobile_dataset/images/mobile_74421ee43a/19.jpg"", ""/content/drive/MyDrive/olx_mobile_dataset/images/mobile_74421ee43a/20.jpg"", ""/content/drive/MyDrive/olx_mobile_dataset/images/mobile_74421ee43a/21.jpg"", ""/content/drive/MyDrive/olx_mobile_dataset/images/mobile_74421ee43a/22.jpg"", ""/content/drive/MyDrive/olx_mobile_dataset/images/mobile_74421ee43a/23.jpg"", ""/content/drive/MyDrive/olx_mobile_dataset/images/mobile_74421ee43a/24.jpg"", ""/content/drive/MyDrive/olx_mobile_dataset/images/mobile_74421ee43a/25.jpg"", ""/content/drive/MyDrive/olx_mobile_dataset/images/mobile_74421ee43a/26.jpg""]",26,2026-01-13 05:47:40.535532
mobile_2df8794e96,https://www.olx.in/item/mobile-phones-c1453-used-iphone-in-jamal-pura-malerkotla-iid-1831947380,iPhone 11 64 battery 100 display change Gs Face ID working true on ha,"iPhone 11 64 Face ID working - Mobile Phones in Jamal Pura, Malerkotla",13000,"[""/content/drive/MyDrive/olx_mobile_dataset/images/mobile_2df8794e96/1.jpg"", ""/content/drive/MyDrive/olx_mobile_dataset/images/mobile_2df8794e96/2.jpg"", ""/content/drive/MyDrive/olx_mobile_dataset/images/mobile_2df8794e96/3.jpg"", ""/content/drive/MyDrive/olx_mobile_dataset/images/mobile_2df8794e96/4.jpg"", ""/content/drive/MyDrive/olx_mobile_dataset/images/mobile_2df8794e96/5.jpg"", ""/content/drive/MyDrive/olx_mobile_dataset/images/mobile_2df8794e96/6.jpg"", ""/content/drive/MyDrive/olx_mobile_dataset/images/mobile_2df8794e96/7.jpg"", ""/content/drive/MyDrive/olx_mobile_dataset/images/mobile_2df8794e96/8.jpg"", ""/content/drive/MyDrive/olx_mobile_dataset/images/mobile_2df8794e96/9.jpg"", ""/content/drive/MyDrive/olx_mobile_dataset/images/mobile_2df8794e96/10.jpg"", ""/content/drive/MyDrive/olx_mobile_dataset/images/mobile_2df8794e96/11.jpg"", ""/content/drive/MyDrive/olx_mobile_dataset/images/mobile_2df8794e96/12.jpg"", ""/content/drive/MyDrive/olx_mobile_dataset/images/mobile_2df8794e96/13.jpg"", ""/content/drive/MyDrive/olx_mobile_dataset/images/mobile_2df8794e96/14.jpg"", ""/content/drive/MyDrive/olx_mobile_dataset/images/mobile_2df8794e96/15.jpg"", ""/content/drive/MyDrive/olx_mobile_dataset/images/mobile_2df8794e96/16.jpg"", ""/content/drive/MyDrive/olx_mobile_dataset/images/mobile_2df8794e96/17.jpg"", ""/content/drive/MyDrive/olx_mobile_dataset/images/mobile_2df8794e96/18.jpg"", ""/content/drive/MyDrive/olx_mobile_dataset/images/mobile_2df8794e96/19.jpg"", ""/content/drive/MyDrive/olx_mobile_dataset/images/mobile_2df8794e96/20.jpg"", ""/content/drive/MyDrive/olx_mobile_dataset/images/mobile_2df8794e96/21.jpg"", ""/content/drive/MyDrive/olx_mobile_dataset/images/mobile_2df8794e96/22.jpg"", ""/content/drive/MyDrive/olx_mobile_dataset/images/mobile_2df8794e96/23.jpg"", ""/content/drive/MyDrive/olx_mobile_dataset/images/mobile_2df8794e96/24.jpg"", ""/content/drive/MyDrive/olx_mobile_dataset/images/mobile_2df8794e96/25.jpg"", ""/content/drive/MyDrive/olx_mobile_dataset/images/mobile_2df8794e96/26.jpg""]",26,2026-01-13 05:47:50.264198
mobile_868ae28b30,https://www.olx.in/item/mobile-phones-c1453-used-nothing-in-greater-noida-west-greater-noida-iid-1830756452,Only genuine buyer,"Selling nothing phone 3 3 month old only 12 gb ram and 256gb internal amount is negotiable - Mobile Phones in Greater Noida West, Greater Noida",43000,"[""/content/drive/MyDrive/olx_mobile_dataset/images/mobile_868ae28b30/1.jpg"", ""/content/drive/MyDrive/olx_mobile_dataset/images/mobile_868ae28b30/2.jpg"", ""/content/drive/MyDrive/olx_mobile_dataset/images/mobile_868ae28b30/3.jpg"", ""/content/drive/MyDrive/olx_mobile_dataset/images/mobile_868ae28b30/4.jpg"", ""/content/drive/MyDrive/olx_mobile_dataset/images/mobile_868ae28b30/5.jpg"", ""/content/drive/MyDrive/olx_mobile_dataset/images/mobile_868ae28b30/6.jpg"", ""/content/drive/MyDrive/olx_mobile_dataset/images/mobile_868ae28b30/7.jpg"", ""/content/drive/MyDrive/olx_mobile_dataset/images/mobile_868ae28b30/8.jpg"", ""/content/drive/MyDrive/olx_mobile_dataset/images/mobile_868ae28b30/9.jpg"", ""/content/drive/MyDrive/olx_mobile_dataset/images/mobile_868ae28b30/10.jpg"", ""/content/drive/MyDrive/olx_mobile_dataset/images/mobile_868ae28b30/11.jpg"", ""/content/drive/MyDrive/olx_mobile_dataset/images/mobile_868ae28b30/12.jpg"", ""/content/drive/MyDrive/olx_mobile_dataset/images/mobile_868ae28b30/13.jpg"", ""/content/drive/MyDrive/olx_mobile_dataset/images/mobile_868ae28b30/14.jpg"", ""/content/drive/MyDrive/olx_mobile_dataset/images/mobile_868ae28b30/15.jpg"", ""/content/drive/MyDrive/olx_mobile_dataset/images/mobile_868ae28b30/16.jpg"", ""/content/drive/MyDrive/olx_mobile_dataset/images/mobile_868ae28b30/17.jpg"", ""/content/drive/MyDrive/olx_mobile_dataset/images/mobile_868ae28b30/18.jpg"", ""/content/drive/MyDrive/olx_mobile_dataset/images/mobile_868ae28b30/19.jpg"", ""/content/drive/MyDrive/olx_mobile_dataset/images/mobile_868ae28b30/20.jpg"", ""/content/drive/MyDrive/olx_mobile_dataset/images/mobile_868ae28b30/21.jpg"", ""/content/drive/MyDrive/olx_mobile_dataset/images/mobile_868ae28b30/22.jpg"", ""/content/drive/MyDrive/olx_mobile_dataset/images/mobile_868ae28b30/23.jpg"", ""/content/drive/MyDrive/olx_mobile_dataset/images/mobile_868ae28b30/24.jpg"", ""/content/drive/MyDrive/olx_mobile_dataset/images/mobile_868ae28b30/25.jpg"", ""/content/drive/MyDrive/olx_mobile_dataset/images/mobile_868ae28b30/26.jpg""]",26,2026-01-13 05:48:19.091106
mobile_de28b28dd1,https://www.olx.in/item/mobile-phones-c1453-used-vivo-in-chimmapudi-khammam-iid-1823622292,Vivo y56 (5g) (8+8/128)gb,"1 year old good condition, combo changed - Mobile Phones in Chimmapudi, Khammam",7500,"[""/content/drive/MyDrive/olx_mobile_dataset/images/mobile_de28b28dd1/1.jpg"", ""/content/drive/MyDrive/olx_mobile_dataset/images/mobile_de28b28dd1/2.jpg"", ""/content/drive/MyDrive/olx_mobile_dataset/images/mobile_de28b28dd1/3.jpg"", ""/content/drive/MyDrive/olx_mobile_dataset/images/mobile_de28b28dd1/4.jpg"", ""/content/drive/MyDrive/olx_mobile_dataset/images/mobile_de28b28dd1/5.jpg"", ""/content/drive/MyDrive/olx_mobile_dataset/images/mobile_de28b28dd1/6.jpg"", ""/content/drive/MyDrive/olx_mobile_dataset/images/mobile_de28b28dd1/7.jpg"", ""/content/drive/MyDrive/olx_mobile_dataset/images/mobile_de28b28dd1/8.jpg"", ""/content/drive/MyDrive/olx_mobile_dataset/images/mobile_de28b28dd1/9.jpg"", ""/content/drive/MyDrive/olx_mobile_dataset/images/mobile_de28b28dd1/10.jpg"", ""/content/drive/MyDrive/olx_mobile_dataset/images/mobile_de28b28dd1/11.jpg"", ""/content/drive/MyDrive/olx_mobile_dataset/images/mobile_de28b28dd1/12.jpg"", ""/content/drive/MyDrive/olx_mobile_dataset/images/mobile_de28b28dd1/13.jpg"", ""/content/drive/MyDrive/olx_mobile_dataset/images/mobile_de28b28dd1/14.jpg"", ""/content/drive/MyDrive/olx_mobile_dataset/images/mobile_de28b28dd1/15.jpg"", ""/content/drive/MyDrive/olx_mobile_dataset/images/mobile_de28b28dd1/16.jpg"", ""/content/drive/MyDrive/olx_mobile_dataset/images/mobile_de28b28dd1/17.jpg"", ""/content/drive/MyDrive/olx_mobile_dataset/images/mobile_de28b28dd1/18.jpg"", ""/content/drive/MyDrive/olx_mobile_dataset/images/mobile_de28b28dd1/19.jpg"", ""/content/drive/MyDrive/olx_mobile_dataset/images/mobile_de28b28dd1/20.jpg"", ""/content/drive/MyDrive/olx_mobile_dataset/images/mobile_de28b28dd1/21.jpg"", ""/content/drive/MyDrive/olx_mobile_dataset/images/mobile_de28b28dd1/22.jpg"", ""/content/drive/MyDrive/olx_mobile_dataset/images/mobile_de28b28dd1/23.jpg"", ""/content/drive/MyDrive/olx_mobile_dataset/images/mobile_de28b28dd1/24.jpg"", ""/content/drive/MyDrive/olx_mobile_dataset/images/mobile_de28b28dd1/25.jpg"", ""/content/drive/MyDrive/olx_mobile_dataset/images/mobile_de28b28dd1/26.jpg""]",26,2026-01-13 05:48:28.168877
mobile_b54b158903,https://www.olx.in/item/mobile-phones-c1453-used-mi-in-makhmalabad-koliwada-nashik-iid-1831454846,Many problem arjent shel,"REDMI 12 4g 4 Ram 128 - Mobile Phones in Makhmalabad Koliwada, Nashik",7000,"[""/content/drive/MyDrive/olx_mobile_dataset/images/mobile_b54b158903/1.jpg"", ""/content/drive/MyDrive/olx_mobile_dataset/images/mobile_b54b158903/2.jpg"", ""/content/drive/MyDrive/olx_mobile_dataset/images/mobile_b54b158903/3.jpg"", ""/content/drive/MyDrive/olx_mobile_dataset/images/mobile_b54b158903/4.jpg"", ""/content/drive/MyDrive/olx_mobile_dataset/images/mobile_b54b158903/5.jpg"", ""/content/drive/MyDrive/olx_mobile_dataset/images/mobile_b54b158903/6.jpg"", ""/content/drive/MyDrive/olx_mobile_dataset/images/mobile_b54b158903/7.jpg"", ""/content/drive/MyDrive/olx_mobile_dataset/images/mobile_b54b158903/8.jpg"", ""/content/drive/MyDrive/olx_mobile_dataset/images/mobile_b54b158903/9.jpg"", ""/content/drive/MyDrive/olx_mobile_dataset/images/mobile_b54b158903/10.jpg"", ""/content/drive/MyDrive/olx_mobile_dataset/images/mobile_b54b158903/11.jpg"", ""/content/drive/MyDrive/olx_mobile_dataset/images/mobile_b54b158903/12.jpg"", ""/content/drive/MyDrive/olx_mobile_dataset/images/mobile_b54b158903/13.jpg"", ""/content/drive/MyDrive/olx_mobile_dataset/images/mobile_b54b158903/14.jpg"", ""/content/drive/MyDrive/olx_mobile_dataset/images/mobile_b54b158903/15.jpg"", ""/content/drive/MyDrive/olx_mobile_dataset/images/mobile_b54b158903/16.jpg"", ""/content/drive/MyDrive/olx_mobile_dataset/images/mobile_b54b158903/17.jpg"", ""/content/drive/MyDrive/olx_mobile_dataset/images/mobile_b54b158903/18.jpg"", ""/content/drive/MyDrive/olx_mobile_dataset/images/mobile_b54b158903/19.jpg"", ""/content/drive/MyDrive/olx_mobile_dataset/images/mobile_b54b158903/20.jpg"", ""/content/drive/MyDrive/olx_mobile_dataset/images/mobile_b54b158903/21.jpg"", ""/content/drive/MyDrive/olx_mobile_dataset/images/mobile_b54b158903/22.jpg"", ""/content/drive/MyDrive/olx_mobile_dataset/images/mobile_b54b158903/23.jpg"", ""/content/drive/MyDrive/olx_mobile_dataset/images/mobile_b54b158903/24.jpg"", ""/content/drive/MyDrive/olx_mobile_dataset/images/mobile_b54b158903/25.jpg"", ""/content/drive/MyDrive/olx_mobile_dataset/images/mobile_b54b158903/26.jpg""]",26,2026-01-13 05:48:44.939011
mobile_db1c45ce4e,https://www.olx.in/item/mobile-phones-c1453-used-one-plus-in-noida-extension-noida-iid-1830414774,One Plus 13 12/256 GB,"Condition – Zero Scratches Never Repaired Clear Camera Good Battery Included - Box, Charger, Cable, GST Bill, 1 Month Warranty Address – Zobox, E218C, E Block, Sector 63, Noida, Uttar Pradesh 201301 - Mobile Phones in Noida Extension, Noida",55000,"[""/content/drive/MyDrive/olx_mobile_dataset/images/mobile_db1c45ce4e/1.jpg"", ""/content/drive/MyDrive/olx_mobile_dataset/images/mobile_db1c45ce4e/2.jpg"", ""/content/drive/MyDrive/olx_mobile_dataset/images/mobile_db1c45ce4e/3.jpg"", ""/content/drive/MyDrive/olx_mobile_dataset/images/mobile_db1c45ce4e/4.jpg"", ""/content/drive/MyDrive/olx_mobile_dataset/images/mobile_db1c45ce4e/5.jpg"", ""/content/drive/MyDrive/olx_mobile_dataset/images/mobile_db1c45ce4e/6.jpg"", ""/content/drive/MyDrive/olx_mobile_dataset/images/mobile_db1c45ce4e/7.jpg"", ""/content/drive/MyDrive/olx_mobile_dataset/images/mobile_db1c45ce4e/8.jpg"", ""/content/drive/MyDrive/olx_mobile_dataset/images/mobile_db1c45ce4e/9.jpg"", ""/content/drive/MyDrive/olx_mobile_dataset/images/mobile_db1c45ce4e/10.jpg"", ""/content/drive/MyDrive/olx_mobile_dataset/images/mobile_db1c45ce4e/11.jpg"", ""/content/drive/MyDrive/olx_mobile_dataset/images/mobile_db1c45ce4e/12.jpg"", ""/content/drive/MyDrive/olx_mobile_dataset/images/mobile_db1c45ce4e/13.jpg"", ""/content/drive/MyDrive/olx_mobile_dataset/images/mobile_db1c45ce4e/14.jpg"", ""/content/drive/MyDrive/olx_mobile_dataset/images/mobile_db1c45ce4e/15.jpg"", ""/content/drive/MyDrive/olx_mobile_dataset/images/mobile_db1c45ce4e/16.jpg"", ""/content/drive/MyDrive/olx_mobile_dataset/images/mobile_db1c45ce4e/17.jpg"", ""/content/drive/MyDrive/olx_mobile_dataset/images/mobile_db1c45ce4e/18.jpg"", ""/content/drive/MyDrive/olx_mobile_dataset/images/mobile_db1c45ce4e/19.jpg"", ""/content/drive/MyDrive/olx_mobile_dataset/images/mobile_db1c45ce4e/20.jpg"", ""/content/drive/MyDrive/olx_mobile_dataset/images/mobile_db1c45ce4e/21.jpg"", ""/content/drive/MyDrive/olx_mobile_dataset/images/mobile_db1c45ce4e/22.jpg"", ""/content/drive/MyDrive/olx_mobile_dataset/images/mobile_db1c45ce4e/23.jpg"", ""/content/drive/MyDrive/olx_mobile_dataset/images/mobile_db1c45ce4e/24.jpg"", ""/content/drive/MyDrive/olx_mobile_dataset/images/mobile_db1c45ce4e/25.jpg"", ""/content/drive/MyDrive/olx_mobile_dataset/images/mobile_db1c45ce4e/26.jpg""]",26,2026-01-13 05:48:55.692508
mobile_2f8b331262,https://www.olx.in/item/mobile-phones-c1453-used-vivo-in-vivak-bihar-berhmapur-iid-1831947444,Vivo t3 pro,"Buy a new phone - Mobile Phones in Vivak Bihar, Berhmapur",17000,"[""/content/drive/MyDrive/olx_mobile_dataset/images/mobile_2f8b331262/1.jpg"", ""/content/drive/MyDrive/olx_mobile_dataset/images/mobile_2f8b331262/2.jpg"", ""/content/drive/MyDrive/olx_mobile_dataset/images/mobile_2f8b331262/3.jpg"", ""/content/drive/MyDrive/olx_mobile_dataset/images/mobile_2f8b331262/4.jpg"", ""/content/drive/MyDrive/olx_mobile_dataset/images/mobile_2f8b331262/5.jpg"", ""/content/drive/MyDrive/olx_mobile_dataset/images/mobile_2f8b331262/6.jpg"", ""/content/drive/MyDrive/olx_mobile_dataset/images/mobile_2f8b331262/7.jpg"", ""/content/drive/MyDrive/olx_mobile_dataset/images/mobile_2f8b331262/8.jpg"", ""/content/drive/MyDrive/olx_mobile_dataset/images/mobile_2f8b331262/9.jpg"", ""/content/drive/MyDrive/olx_mobile_dataset/images/mobile_2f8b331262/10.jpg"", ""/content/drive/MyDrive/olx_mobile_dataset/images/mobile_2f8b331262/11.jpg"", ""/content/drive/MyDrive/olx_mobile_dataset/images/mobile_2f8b331262/12.jpg"", ""/content/drive/MyDrive/olx_mobile_dataset/images/mobile_2f8b331262/13.jpg"", ""/content/drive/MyDrive/olx_mobile_dataset/images/mobile_2f8b331262/14.jpg"", ""/content/drive/MyDrive/olx_mobile_dataset/images/mobile_2f8b331262/15.jpg"", ""/content/drive/MyDrive/olx_mobile_dataset/images/mobile_2f8b331262/16.jpg"", ""/content/drive/MyDrive/olx_mobile_dataset/images/mobile_2f8b331262/17.jpg"", ""/content/drive/MyDrive/olx_mobile_dataset/images/mobile_2f8b331262/18.jpg"", ""/content/drive/MyDrive/olx_mobile_dataset/images/mobile_2f8b331262/19.jpg"", ""/content/drive/MyDrive/olx_mobile_dataset/images/mobile_2f8b331262/20.jpg"", ""/content/drive/MyDrive/olx_mobile_dataset/images/mobile_2f8b331262/21.jpg"", ""/content/drive/MyDrive/olx_mobile_dataset/images/mobile_2f8b331262/22.jpg"", ""/content/drive/MyDrive/olx_mobile_dataset/images/mobile_2f8b331262/23.jpg"", ""/content/drive/MyDrive/olx_mobile_dataset/images/mobile_2f8b331262/24.jpg"", ""/content/drive/MyDrive/olx_mobile_dataset/images/mobile_2f8b331262/25.jpg"", ""/content/drive/MyDrive/olx_mobile_dataset/images/mobile_2f8b331262/26.jpg""]",26,2026-01-13 05:49:05.913867
mobile_d226455982,https://www.olx.in/item/mobile-phones-c1453-used-vivo-in-pichari-azamgarh-iid-1831947361,Vivo v11 3GB Ram 32 internal,"Phone mein koi kharab hi nahin hai - Mobile Phones in Pichari, Azamgarh",2600,"[""/content/drive/MyDrive/olx_mobile_dataset/images/mobile_d226455982/1.jpg"", ""/content/drive/MyDrive/olx_mobile_dataset/images/mobile_d226455982/2.jpg"", ""/content/drive/MyDrive/olx_mobile_dataset/images/mobile_d226455982/3.jpg"", ""/content/drive/MyDrive/olx_mobile_dataset/images/mobile_d226455982/4.jpg"", ""/content/drive/MyDrive/olx_mobile_dataset/images/mobile_d226455982/5.jpg"", ""/content/drive/MyDrive/olx_mobile_dataset/images/mobile_d226455982/6.jpg"", ""/content/drive/MyDrive/olx_mobile_dataset/images/mobile_d226455982/7.jpg"", ""/content/drive/MyDrive/olx_mobile_dataset/images/mobile_d226455982/8.jpg"", ""/content/drive/MyDrive/olx_mobile_dataset/images/mobile_d226455982/9.jpg"", ""/content/drive/MyDrive/olx_mobile_dataset/images/mobile_d226455982/10.jpg"", ""/content/drive/MyDrive/olx_mobile_dataset/images/mobile_d226455982/11.jpg"", ""/content/drive/MyDrive/olx_mobile_dataset/images/mobile_d226455982/12.jpg"", ""/content/drive/MyDrive/olx_mobile_dataset/images/mobile_d226455982/13.jpg"", ""/content/drive/MyDrive/olx_mobile_dataset/images/mobile_d226455982/14.jpg"", ""/content/drive/MyDrive/olx_mobile_dataset/images/mobile_d226455982/15.jpg"", ""/content/drive/MyDrive/olx_mobile_dataset/images/mobile_d226455982/16.jpg"", ""/content/drive/MyDrive/olx_mobile_dataset/images/mobile_d226455982/17.jpg"", ""/content/drive/MyDrive/olx_mobile_dataset/images/mobile_d226455982/18.jpg"", ""/content/drive/MyDrive/olx_mobile_dataset/images/mobile_d226455982/19.jpg"", ""/content/drive/MyDrive/olx_mobile_dataset/images/mobile_d226455982/20.jpg"", ""/content/drive/MyDrive/olx_mobile_dataset/images/mobile_d226455982/21.jpg"", ""/content/drive/MyDrive/olx_mobile_dataset/images/mobile_d226455982/22.jpg"", ""/content/drive/MyDrive/olx_mobile_dataset/images/mobile_d226455982/23.jpg"", ""/content/drive/MyDrive/olx_mobile_dataset/images/mobile_d226455982/24.jpg"", ""/content/drive/MyDrive/olx_mobile_dataset/images/mobile_d226455982/25.jpg"", ""/content/drive/MyDrive/olx_mobile_dataset/images/mobile_d226455982/26.jpg""]",26,2026-01-13 05:49:18.555305
mobile_fcd20e95c4,https://www.olx.in/item/mobile-phones-c1453-used-iphone-in-vishnulok-dehradun-iid-1831947552,Iphone 12 pro max,"iPhone 12 pro max (128) Original Bill box cable Battery health 73 na Khula Hai na repair all original Don’t waste my time 26 .27 wale door rahe - Mobile Phones in Vishnulok, Dehradun",32999,"[""/content/drive/MyDrive/olx_mobile_dataset/images/mobile_fcd20e95c4/1.jpg"", ""/content/drive/MyDrive/olx_mobile_dataset/images/mobile_fcd20e95c4/2.jpg"", ""/content/drive/MyDrive/olx_mobile_dataset/images/mobile_fcd20e95c4/3.jpg"", ""/content/drive/MyDrive/olx_mobile_dataset/images/mobile_fcd20e95c4/4.jpg"", ""/content/drive/MyDrive/olx_mobile_dataset/images/mobile_fcd20e95c4/5.jpg"", ""/content/drive/MyDrive/olx_mobile_dataset/images/mobile_fcd20e95c4/6.jpg"", ""/content/drive/MyDrive/olx_mobile_dataset/images/mobile_fcd20e95c4/7.jpg"", ""/content/drive/MyDrive/olx_mobile_dataset/images/mobile_fcd20e95c4/8.jpg"", ""/content/drive/MyDrive/olx_mobile_dataset/images/mobile_fcd20e95c4/9.jpg"", ""/content/drive/MyDrive/olx_mobile_dataset/images/mobile_fcd20e95c4/10.jpg"", ""/content/drive/MyDrive/olx_mobile_dataset/images/mobile_fcd20e95c4/11.jpg"", ""/content/drive/MyDrive/olx_mobile_dataset/images/mobile_fcd20e95c4/12.jpg"", ""/content/drive/MyDrive/olx_mobile_dataset/images/mobile_fcd20e95c4/13.jpg"", ""/content/drive/MyDrive/olx_mobile_dataset/images/mobile_fcd20e95c4/14.jpg"", ""/content/drive/MyDrive/olx_mobile_dataset/images/mobile_fcd20e95c4/15.jpg"", ""/content/drive/MyDrive/olx_mobile_dataset/images/mobile_fcd20e95c4/16.jpg"", ""/content/drive/MyDrive/olx_mobile_dataset/images/mobile_fcd20e95c4/17.jpg"", ""/content/drive/MyDrive/olx_mobile_dataset/images/mobile_fcd20e95c4/18.jpg"", ""/content/drive/MyDrive/olx_mobile_dataset/images/mobile_fcd20e95c4/19.jpg"", ""/content/drive/MyDrive/olx_mobile_dataset/images/mobile_fcd20e95c4/20.jpg"", ""/content/drive/MyDrive/olx_mobile_dataset/images/mobile_fcd20e95c4/21.jpg"", ""/content/drive/MyDrive/olx_mobile_dataset/images/mobile_fcd20e95c4/22.jpg"", ""/content/drive/MyDrive/olx_mobile_dataset/images/mobile_fcd20e95c4/23.jpg"", ""/content/drive/MyDrive/olx_mobile_dataset/images/mobile_fcd20e95c4/24.jpg"", ""/content/drive/MyDrive/olx_mobile_dataset/images/mobile_fcd20e95c4/25.jpg"", ""/content/drive/MyDrive/olx_mobile_dataset/images/mobile_fcd20e95c4/26.jpg""]",26,2026-01-13 05:49:30.007818
mobile_b947f50242,https://www.olx.in/item/mobile-phones-c1453-used-vivo-in-kowdiar-thiruvananthapuram-iid-1831947449,Iqoo Neo 7 Pro ( 12/256Gb ) clean and neat condition full box,"Full box Brand new condition :- 10 days shop checking warranty :- Exchnge offer available :- Emi Facility available :- Emi & Loan edukkan agrahikkunnavar :- Shopil varuka check cheyuka :- Shopileakk varumpool kayil :- Adhar :- pan card :-Atm card enniva kayi karuthuka :- Debit and credit acceptable :- Home delivery :- All India courier service :-More details and enquiries :-7️⃣8️⃣7️⃣7️⃣2️⃣7️⃣7️⃣7️⃣1️⃣7️⃣ :-Shop located @ Thakaraparambu , Trivandrum Opposite Thakaraparambu vayalil hotel - Mobile Phones in Kowdiar, Thiruvananthapuram",16900,"[""/content/drive/MyDrive/olx_mobile_dataset/images/mobile_b947f50242/1.jpg"", ""/content/drive/MyDrive/olx_mobile_dataset/images/mobile_b947f50242/2.jpg"", ""/content/drive/MyDrive/olx_mobile_dataset/images/mobile_b947f50242/3.jpg"", ""/content/drive/MyDrive/olx_mobile_dataset/images/mobile_b947f50242/4.jpg"", ""/content/drive/MyDrive/olx_mobile_dataset/images/mobile_b947f50242/5.jpg"", ""/content/drive/MyDrive/olx_mobile_dataset/images/mobile_b947f50242/6.jpg"", ""/content/drive/MyDrive/olx_mobile_dataset/images/mobile_b947f50242/7.jpg"", ""/content/drive/MyDrive/olx_mobile_dataset/images/mobile_b947f50242/8.jpg"", ""/content/drive/MyDrive/olx_mobile_dataset/images/mobile_b947f50242/9.jpg"", ""/content/drive/MyDrive/olx_mobile_dataset/images/mobile_b947f50242/10.jpg"", ""/content/drive/MyDrive/olx_mobile_dataset/images/mobile_b947f50242/11.jpg"", ""/content/drive/MyDrive/olx_mobile_dataset/images/mobile_b947f50242/12.jpg"", ""/content/drive/MyDrive/olx_mobile_dataset/images/mobile_b947f50242/13.jpg"", ""/content/drive/MyDrive/olx_mobile_dataset/images/mobile_b947f50242/14.jpg"", ""/content/drive/MyDrive/olx_mobile_dataset/images/mobile_b947f50242/15.jpg"", ""/content/drive/MyDrive/olx_mobile_dataset/images/mobile_b947f50242/16.jpg"", ""/content/drive/MyDrive/olx_mobile_dataset/images/mobile_b947f50242/17.jpg"", ""/content/drive/MyDrive/olx_mobile_dataset/images/mobile_b947f50242/18.jpg"", ""/content/drive/MyDrive/olx_mobile_dataset/images/mobile_b947f50242/19.jpg"", ""/content/drive/MyDrive/olx_mobile_dataset/images/mobile_b947f50242/20.jpg"", ""/content/drive/MyDrive/olx_mobile_dataset/images/mobile_b947f50242/21.jpg"", ""/content/drive/MyDrive/olx_mobile_dataset/images/mobile_b947f50242/22.jpg"", ""/content/drive/MyDrive/olx_mobile_dataset/images/mobile_b947f50242/23.jpg"", ""/content/drive/MyDrive/olx_mobile_dataset/images/mobile_b947f50242/24.jpg"", ""/content/drive/MyDrive/olx_mobile_dataset/images/mobile_b947f50242/25.jpg"", ""/content/drive/MyDrive/olx_mobile_dataset/images/mobile_b947f50242/26.jpg""]",26,2026-01-13 05:49:47.173917
mobile_7433c0d696,https://www.olx.in/item/mobile-phones-c1453-used-iphone-in-sector-86-faridabad-iid-1831947393,Iphone 15 128gb,"Scratch less condition With bill charger Battery health 84% Not any single problem Only serious buyer contact - Mobile Phones in Sector 86, Faridabad",42000,"[""/content/drive/MyDrive/olx_mobile_dataset/images/mobile_7433c0d696/1.jpg"", ""/content/drive/MyDrive/olx_mobile_dataset/images/mobile_7433c0d696/2.jpg"", ""/content/drive/MyDrive/olx_mobile_dataset/images/mobile_7433c0d696/3.jpg"", ""/content/drive/MyDrive/olx_mobile_dataset/images/mobile_7433c0d696/4.jpg"", ""/content/drive/MyDrive/olx_mobile_dataset/images/mobile_7433c0d696/5.jpg"", ""/content/drive/MyDrive/olx_mobile_dataset/images/mobile_7433c0d696/6.jpg"", ""/content/drive/MyDrive/olx_mobile_dataset/images/mobile_7433c0d696/7.jpg"", ""/content/drive/MyDrive/olx_mobile_dataset/images/mobile_7433c0d696/8.jpg"", ""/content/drive/MyDrive/olx_mobile_dataset/images/mobile_7433c0d696/9.jpg"", ""/content/drive/MyDrive/olx_mobile_dataset/images/mobile_7433c0d696/10.jpg"", ""/content/drive/MyDrive/olx_mobile_dataset/images/mobile_7433c0d696/11.jpg"", ""/content/drive/MyDrive/olx_mobile_dataset/images/mobile_7433c0d696/12.jpg"", ""/content/drive/MyDrive/olx_mobile_dataset/images/mobile_7433c0d696/13.jpg"", ""/content/drive/MyDrive/olx_mobile_dataset/images/mobile_7433c0d696/14.jpg"", ""/content/drive/MyDrive/olx_mobile_dataset/images/mobile_7433c0d696/15.jpg"", ""/content/drive/MyDrive/olx_mobile_dataset/images/mobile_7433c0d696/16.jpg"", ""/content/drive/MyDrive/olx_mobile_dataset/images/mobile_7433c0d696/17.jpg"", ""/content/drive/MyDrive/olx_mobile_dataset/images/mobile_7433c0d696/18.jpg"", ""/content/drive/MyDrive/olx_mobile_dataset/images/mobile_7433c0d696/19.jpg"", ""/content/drive/MyDrive/olx_mobile_dataset/images/mobile_7433c0d696/20.jpg"", ""/content/drive/MyDrive/olx_mobile_dataset/images/mobile_7433c0d696/21.jpg"", ""/content/drive/MyDrive/olx_mobile_dataset/images/mobile_7433c0d696/22.jpg"", ""/content/drive/MyDrive/olx_mobile_dataset/images/mobile_7433c0d696/23.jpg"", ""/content/drive/MyDrive/olx_mobile_dataset/images/mobile_7433c0d696/24.jpg"", ""/content/drive/MyDrive/olx_mobile_dataset/images/mobile_7433c0d696/25.jpg"", ""/content/drive/MyDrive/olx_mobile_dataset/images/mobile_7433c0d696/26.jpg""]",26,2026-01-13 05:49:55.849026
mobile_e07399b485,https://www.olx.in/item/mobile-phones-c1453-used-nothing-in-shiv-park-noida-iid-1830242404,Phone 1 8/128/GB Brand New Canadian,"Only Phone & Back cover Deta cabal sell & Exchange - Mobile Phones in Shiv Park, Noida",17000,"[""/content/drive/MyDrive/olx_mobile_dataset/images/mobile_e07399b485/1.jpg"", ""/content/drive/MyDrive/olx_mobile_dataset/images/mobile_e07399b485/2.jpg"", ""/content/drive/MyDrive/olx_mobile_dataset/images/mobile_e07399b485/3.jpg"", ""/content/drive/MyDrive/olx_mobile_dataset/images/mobile_e07399b485/4.jpg"", ""/content/drive/MyDrive/olx_mobile_dataset/images/mobile_e07399b485/5.jpg"", ""/content/drive/MyDrive/olx_mobile_dataset/images/mobile_e07399b485/6.jpg"", ""/content/drive/MyDrive/olx_mobile_dataset/images/mobile_e07399b485/7.jpg"", ""/content/drive/MyDrive/olx_mobile_dataset/images/mobile_e07399b485/8.jpg"", ""/content/drive/MyDrive/olx_mobile_dataset/images/mobile_e07399b485/9.jpg"", ""/content/drive/MyDrive/olx_mobile_dataset/images/mobile_e07399b485/10.jpg"", ""/content/drive/MyDrive/olx_mobile_dataset/images/mobile_e07399b485/11.jpg"", ""/content/drive/MyDrive/olx_mobile_dataset/images/mobile_e07399b485/12.jpg"", ""/content/drive/MyDrive/olx_mobile_dataset/images/mobile_e07399b485/13.jpg"", ""/content/drive/MyDrive/olx_mobile_dataset/images/mobile_e07399b485/14.jpg"", ""/content/drive/MyDrive/olx_mobile_dataset/images/mobile_e07399b485/15.jpg"", ""/content/drive/MyDrive/olx_mobile_dataset/images/mobile_e07399b485/16.jpg"", ""/content/drive/MyDrive/olx_mobile_dataset/images/mobile_e07399b485/17.jpg"", ""/content/drive/MyDrive/olx_mobile_dataset/images/mobile_e07399b485/18.jpg"", ""/content/drive/MyDrive/olx_mobile_dataset/images/mobile_e07399b485/19.jpg"", ""/content/drive/MyDrive/olx_mobile_dataset/images/mobile_e07399b485/20.jpg"", ""/content/drive/MyDrive/olx_mobile_dataset/images/mobile_e07399b485/21.jpg"", ""/content/drive/MyDrive/olx_mobile_dataset/images/mobile_e07399b485/22.jpg"", ""/content/drive/MyDrive/olx_mobile_dataset/images/mobile_e07399b485/23.jpg"", ""/content/drive/MyDrive/olx_mobile_dataset/images/mobile_e07399b485/24.jpg"", ""/content/drive/MyDrive/olx_mobile_dataset/images/mobile_e07399b485/25.jpg"", ""/content/drive/MyDrive/olx_mobile_dataset/images/mobile_e07399b485/26.jpg""]",26,2026-01-13 05:50:05.720493
mobile_5b6d69409d,https://www.olx.in/item/mobile-phones-c1453-used-realme-in-sahadatpura-maunath-bhanjan-iid-1831947427,Realme 12x5g,"Nothing any reason - Mobile Phones in Sahadatpura, Maunath Bhanjan",12000,"[""/content/drive/MyDrive/olx_mobile_dataset/images/mobile_5b6d69409d/1.jpg"", ""/content/drive/MyDrive/olx_mobile_dataset/images/mobile_5b6d69409d/2.jpg"", ""/content/drive/MyDrive/olx_mobile_dataset/images/mobile_5b6d69409d/3.jpg"", ""/content/drive/MyDrive/olx_mobile_dataset/images/mobile_5b6d69409d/4.jpg"", ""/content/drive/MyDrive/olx_mobile_dataset/images/mobile_5b6d69409d/5.jpg"", ""/content/drive/MyDrive/olx_mobile_dataset/images/mobile_5b6d69409d/6.jpg"", ""/content/drive/MyDrive/olx_mobile_dataset/images/mobile_5b6d69409d/7.jpg"", ""/content/drive/MyDrive/olx_mobile_dataset/images/mobile_5b6d69409d/8.jpg"", ""/content/drive/MyDrive/olx_mobile_dataset/images/mobile_5b6d69409d/9.jpg"", ""/content/drive/MyDrive/olx_mobile_dataset/images/mobile_5b6d69409d/10.jpg"", ""/content/drive/MyDrive/olx_mobile_dataset/images/mobile_5b6d69409d/11.jpg"", ""/content/drive/MyDrive/olx_mobile_dataset/images/mobile_5b6d69409d/12.jpg"", ""/content/drive/MyDrive/olx_mobile_dataset/images/mobile_5b6d69409d/13.jpg"", ""/content/drive/MyDrive/olx_mobile_dataset/images/mobile_5b6d69409d/14.jpg"", ""/content/drive/MyDrive/olx_mobile_dataset/images/mobile_5b6d69409d/15.jpg"", ""/content/drive/MyDrive/olx_mobile_dataset/images/mobile_5b6d69409d/16.jpg"", ""/content/drive/MyDrive/olx_mobile_dataset/images/mobile_5b6d69409d/17.jpg"", ""/content/drive/MyDrive/olx_mobile_dataset/images/mobile_5b6d69409d/18.jpg"", ""/content/drive/MyDrive/olx_mobile_dataset/images/mobile_5b6d69409d/19.jpg"", ""/content/drive/MyDrive/olx_mobile_dataset/images/mobile_5b6d69409d/20.jpg"", ""/content/drive/MyDrive/olx_mobile_dataset/images/mobile_5b6d69409d/21.jpg"", ""/content/drive/MyDrive/olx_mobile_dataset/images/mobile_5b6d69409d/22.jpg"", ""/content/drive/MyDrive/olx_mobile_dataset/images/mobile_5b6d69409d/23.jpg"", ""/content/drive/MyDrive/olx_mobile_dataset/images/mobile_5b6d69409d/24.jpg"", ""/content/drive/MyDrive/olx_mobile_dataset/images/mobile_5b6d69409d/25.jpg"", ""/content/drive/MyDrive/olx_mobile_dataset/images/mobile_5b6d69409d/26.jpg""]",26,2026-01-13 05:50:16.677490
mobile_f27346b564,https://www.olx.in/item/mobile-phones-c1453-used-vivo-in-mandi-samiti-saharanpur-iid-1831263480,Vivo v40 best condition fix price,"Vivo v40 8+8 256 internal storage out of warranty lekin ek no. Condition hai phone ki titanium Grey color curv display bill box charger sb hai fix price - Mobile Phones in Mandi Samiti, Saharanpur",26500,"[""/content/drive/MyDrive/olx_mobile_dataset/images/mobile_f27346b564/1.jpg"", ""/content/drive/MyDrive/olx_mobile_dataset/images/mobile_f27346b564/2.jpg"", ""/content/drive/MyDrive/olx_mobile_dataset/images/mobile_f27346b564/3.jpg"", ""/content/drive/MyDrive/olx_mobile_dataset/images/mobile_f27346b564/4.jpg"", ""/content/drive/MyDrive/olx_mobile_dataset/images/mobile_f27346b564/5.jpg"", ""/content/drive/MyDrive/olx_mobile_dataset/images/mobile_f27346b564/6.jpg"", ""/content/drive/MyDrive/olx_mobile_dataset/images/mobile_f27346b564/7.jpg"", ""/content/drive/MyDrive/olx_mobile_dataset/images/mobile_f27346b564/8.jpg"", ""/content/drive/MyDrive/olx_mobile_dataset/images/mobile_f27346b564/9.jpg"", ""/content/drive/MyDrive/olx_mobile_dataset/images/mobile_f27346b564/10.jpg"", ""/content/drive/MyDrive/olx_mobile_dataset/images/mobile_f27346b564/11.jpg"", ""/content/drive/MyDrive/olx_mobile_dataset/images/mobile_f27346b564/12.jpg"", ""/content/drive/MyDrive/olx_mobile_dataset/images/mobile_f27346b564/13.jpg"", ""/content/drive/MyDrive/olx_mobile_dataset/images/mobile_f27346b564/14.jpg"", ""/content/drive/MyDrive/olx_mobile_dataset/images/mobile_f27346b564/15.jpg"", ""/content/drive/MyDrive/olx_mobile_dataset/images/mobile_f27346b564/16.jpg"", ""/content/drive/MyDrive/olx_mobile_dataset/images/mobile_f27346b564/17.jpg"", ""/content/drive/MyDrive/olx_mobile_dataset/images/mobile_f27346b564/18.jpg"", ""/content/drive/MyDrive/olx_mobile_dataset/images/mobile_f27346b564/19.jpg"", ""/content/drive/MyDrive/olx_mobile_dataset/images/mobile_f27346b564/20.jpg"", ""/content/drive/MyDrive/olx_mobile_dataset/images/mobile_f27346b564/21.jpg"", ""/content/drive/MyDrive/olx_mobile_dataset/images/mobile_f27346b564/22.jpg"", ""/content/drive/MyDrive/olx_mobile_dataset/images/mobile_f27346b564/23.jpg"", ""/content/drive/MyDrive/olx_mobile_dataset/images/mobile_f27346b564/24.jpg"", ""/content/drive/MyDrive/olx_mobile_dataset/images/mobile_f27346b564/25.jpg"", ""/content/drive/MyDrive/olx_mobile_dataset/images/mobile_f27346b564/26.jpg""]",26,2026-01-13 05:50:26.011441
mobile_a385b394bd,https://www.olx.in/item/mobile-phones-c1453-used-one-plus-in-dubagga-lucknow-iid-1831947525,One plus Nord ce5 5G 8/128 New condition.,"Urgent sell bill charger hai.phone me koi dikkat nahi hai. Paise ki jarurat hai. - Mobile Phones in Dubagga, Lucknow",11500,"[""/content/drive/MyDrive/olx_mobile_dataset/images/mobile_a385b394bd/1.jpg"", ""/content/drive/MyDrive/olx_mobile_dataset/images/mobile_a385b394bd/2.jpg"", ""/content/drive/MyDrive/olx_mobile_dataset/images/mobile_a385b394bd/3.jpg"", ""/content/drive/MyDrive/olx_mobile_dataset/images/mobile_a385b394bd/4.jpg"", ""/content/drive/MyDrive/olx_mobile_dataset/images/mobile_a385b394bd/5.jpg"", ""/content/drive/MyDrive/olx_mobile_dataset/images/mobile_a385b394bd/6.jpg"", ""/content/drive/MyDrive/olx_mobile_dataset/images/mobile_a385b394bd/7.jpg"", ""/content/drive/MyDrive/olx_mobile_dataset/images/mobile_a385b394bd/8.jpg"", ""/content/drive/MyDrive/olx_mobile_dataset/images/mobile_a385b394bd/9.jpg"", ""/content/drive/MyDrive/olx_mobile_dataset/images/mobile_a385b394bd/10.jpg"", ""/content/drive/MyDrive/olx_mobile_dataset/images/mobile_a385b394bd/11.jpg"", ""/content/drive/MyDrive/olx_mobile_dataset/images/mobile_a385b394bd/12.jpg"", ""/content/drive/MyDrive/olx_mobile_dataset/images/mobile_a385b394bd/13.jpg"", ""/content/drive/MyDrive/olx_mobile_dataset/images/mobile_a385b394bd/14.jpg"", ""/content/drive/MyDrive/olx_mobile_dataset/images/mobile_a385b394bd/15.jpg"", ""/content/drive/MyDrive/olx_mobile_dataset/images/mobile_a385b394bd/16.jpg"", ""/content/drive/MyDrive/olx_mobile_dataset/images/mobile_a385b394bd/17.jpg"", ""/content/drive/MyDrive/olx_mobile_dataset/images/mobile_a385b394bd/18.jpg"", ""/content/drive/MyDrive/olx_mobile_dataset/images/mobile_a385b394bd/19.jpg"", ""/content/drive/MyDrive/olx_mobile_dataset/images/mobile_a385b394bd/20.jpg"", ""/content/drive/MyDrive/olx_mobile_dataset/images/mobile_a385b394bd/21.jpg"", ""/content/drive/MyDrive/olx_mobile_dataset/images/mobile_a385b394bd/22.jpg"", ""/content/drive/MyDrive/olx_mobile_dataset/images/mobile_a385b394bd/23.jpg"", ""/content/drive/MyDrive/olx_mobile_dataset/images/mobile_a385b394bd/24.jpg"", ""/content/drive/MyDrive/olx_mobile_dataset/images/mobile_a385b394bd/25.jpg"", ""/content/drive/MyDrive/olx_mobile_dataset/images/mobile_a385b394bd/26.jpg""]",26,2026-01-13 05:50:37.357488
mobile_d257a61b09,https://www.olx.in/item/mobile-phones-c1453-used-iphone-in-pattom-thiruvananthapuram-iid-1831947517,iPhone 17 Pro Max  256GB [ TDRA ]  Available,"- iPhone 17 Pro Max 256GB - TDRA - Fullbox - Condition Like New - 2 Week Shop Checking Warranty - EMI Facilities are Available [ Bajaj, Home Credit, IDFC, DMI, Chola ] - Exchange Offers are Available - Card's are Accepted - Home Delivery Available - All India Courier Service Available For More Info contact us or visit our shop's @ Msquare Mobiles, Karamana @ Msquare Mobiles, Attakulangara [ Opp. Red Fort ] @ Msquare Mobiles, Neyyattinkara [ KSRTC Complex ] - Mobile Phones in Pattom, Thiruvananthapuram",129999,"[""/content/drive/MyDrive/olx_mobile_dataset/images/mobile_d257a61b09/1.jpg"", ""/content/drive/MyDrive/olx_mobile_dataset/images/mobile_d257a61b09/2.jpg"", ""/content/drive/MyDrive/olx_mobile_dataset/images/mobile_d257a61b09/3.jpg"", ""/content/drive/MyDrive/olx_mobile_dataset/images/mobile_d257a61b09/4.jpg"", ""/content/drive/MyDrive/olx_mobile_dataset/images/mobile_d257a61b09/5.jpg"", ""/content/drive/MyDrive/olx_mobile_dataset/images/mobile_d257a61b09/6.jpg"", ""/content/drive/MyDrive/olx_mobile_dataset/images/mobile_d257a61b09/7.jpg"", ""/content/drive/MyDrive/olx_mobile_dataset/images/mobile_d257a61b09/8.jpg"", ""/content/drive/MyDrive/olx_mobile_dataset/images/mobile_d257a61b09/9.jpg"", ""/content/drive/MyDrive/olx_mobile_dataset/images/mobile_d257a61b09/10.jpg"", ""/content/drive/MyDrive/olx_mobile_dataset/images/mobile_d257a61b09/11.jpg"", ""/content/drive/MyDrive/olx_mobile_dataset/images/mobile_d257a61b09/12.jpg"", ""/content/drive/MyDrive/olx_mobile_dataset/images/mobile_d257a61b09/13.jpg"", ""/content/drive/MyDrive/olx_mobile_dataset/images/mobile_d257a61b09/14.jpg"", ""/content/drive/MyDrive/olx_mobile_dataset/images/mobile_d257a61b09/15.jpg"", ""/content/drive/MyDrive/olx_mobile_dataset/images/mobile_d257a61b09/16.jpg"", ""/content/drive/MyDrive/olx_mobile_dataset/images/mobile_d257a61b09/17.jpg"", ""/content/drive/MyDrive/olx_mobile_dataset/images/mobile_d257a61b09/18.jpg"", ""/content/drive/MyDrive/olx_mobile_dataset/images/mobile_d257a61b09/19.jpg"", ""/content/drive/MyDrive/olx_mobile_dataset/images/mobile_d257a61b09/20.jpg"", ""/content/drive/MyDrive/olx_mobile_dataset/images/mobile_d257a61b09/21.jpg"", ""/content/drive/MyDrive/olx_mobile_dataset/images/mobile_d257a61b09/22.jpg"", ""/content/drive/MyDrive/olx_mobile_dataset/images/mobile_d257a61b09/23.jpg"", ""/content/drive/MyDrive/olx_mobile_dataset/images/mobile_d257a61b09/24.jpg"", ""/content/drive/MyDrive/olx_mobile_dataset/images/mobile_d257a61b09/25.jpg"", ""/content/drive/MyDrive/olx_mobile_dataset/images/mobile_d257a61b09/26.jpg""]",26,2026-01-13 05:50:47.395066
mobile_9ab2da8a3e,https://www.olx.in/item/mobile-phones-c1453-used-samsung-in-sector-1-pithampur-iid-1831947275,सैमसंग गैलेक्सी s23 अल्ट्रा बेस्ट कंडीशन मोबाइल,"सैमसंग गैलेक्सी s23 अल्ट्रा बेस्ट कंडीशन मोबाइल - Mobile Phones in Sector 1, Pithampur",47500,"[""/content/drive/MyDrive/olx_mobile_dataset/images/mobile_9ab2da8a3e/1.jpg"", ""/content/drive/MyDrive/olx_mobile_dataset/images/mobile_9ab2da8a3e/2.jpg"", ""/content/drive/MyDrive/olx_mobile_dataset/images/mobile_9ab2da8a3e/3.jpg"", ""/content/drive/MyDrive/olx_mobile_dataset/images/mobile_9ab2da8a3e/4.jpg"", ""/content/drive/MyDrive/olx_mobile_dataset/images/mobile_9ab2da8a3e/5.jpg"", ""/content/drive/MyDrive/olx_mobile_dataset/images/mobile_9ab2da8a3e/6.jpg"", ""/content/drive/MyDrive/olx_mobile_dataset/images/mobile_9ab2da8a3e/7.jpg"", ""/content/drive/MyDrive/olx_mobile_dataset/images/mobile_9ab2da8a3e/8.jpg"", ""/content/drive/MyDrive/olx_mobile_dataset/images/mobile_9ab2da8a3e/9.jpg"", ""/content/drive/MyDrive/olx_mobile_dataset/images/mobile_9ab2da8a3e/10.jpg"", ""/content/drive/MyDrive/olx_mobile_dataset/images/mobile_9ab2da8a3e/11.jpg"", ""/content/drive/MyDrive/olx_mobile_dataset/images/mobile_9ab2da8a3e/12.jpg"", ""/content/drive/MyDrive/olx_mobile_dataset/images/mobile_9ab2da8a3e/13.jpg"", ""/content/drive/MyDrive/olx_mobile_dataset/images/mobile_9ab2da8a3e/14.jpg"", ""/content/drive/MyDrive/olx_mobile_dataset/images/mobile_9ab2da8a3e/15.jpg"", ""/content/drive/MyDrive/olx_mobile_dataset/images/mobile_9ab2da8a3e/16.jpg"", ""/content/drive/MyDrive/olx_mobile_dataset/images/mobile_9ab2da8a3e/17.jpg"", ""/content/drive/MyDrive/olx_mobile_dataset/images/mobile_9ab2da8a3e/18.jpg"", ""/content/drive/MyDrive/olx_mobile_dataset/images/mobile_9ab2da8a3e/19.jpg"", ""/content/drive/MyDrive/olx_mobile_dataset/images/mobile_9ab2da8a3e/20.jpg"", ""/content/drive/MyDrive/olx_mobile_dataset/images/mobile_9ab2da8a3e/21.jpg"", ""/content/drive/MyDrive/olx_mobile_dataset/images/mobile_9ab2da8a3e/22.jpg"", ""/content/drive/MyDrive/olx_mobile_dataset/images/mobile_9ab2da8a3e/23.jpg"", ""/content/drive/MyDrive/olx_mobile_dataset/images/mobile_9ab2da8a3e/24.jpg"", ""/content/drive/MyDrive/olx_mobile_dataset/images/mobile_9ab2da8a3e/25.jpg"", ""/content/drive/MyDrive/olx_mobile_dataset/images/mobile_9ab2da8a3e/26.jpg""]",26,2026-01-13 05:50:57.362428
mobile_7dd5912ec3,https://www.olx.in/item/mobile-phones-c1453-used-mi-in-sunder-vihar-malerkotla-iid-1831947327,Samsung m14 5g 8/128  4500,"Samsung m14 5g 8/128 4500 - Mobile Phones in Sunder Vihar, Malerkotla",4500,"[""/content/drive/MyDrive/olx_mobile_dataset/images/mobile_7dd5912ec3/1.jpg"", ""/content/drive/MyDrive/olx_mobile_dataset/images/mobile_7dd5912ec3/2.jpg"", ""/content/drive/MyDrive/olx_mobile_dataset/images/mobile_7dd5912ec3/3.jpg"", ""/content/drive/MyDrive/olx_mobile_dataset/images/mobile_7dd5912ec3/4.jpg"", ""/content/drive/MyDrive/olx_mobile_dataset/images/mobile_7dd5912ec3/5.jpg"", ""/content/drive/MyDrive/olx_mobile_dataset/images/mobile_7dd5912ec3/6.jpg"", ""/content/drive/MyDrive/olx_mobile_dataset/images/mobile_7dd5912ec3/7.jpg"", ""/content/drive/MyDrive/olx_mobile_dataset/images/mobile_7dd5912ec3/8.jpg"", ""/content/drive/MyDrive/olx_mobile_dataset/images/mobile_7dd5912ec3/9.jpg"", ""/content/drive/MyDrive/olx_mobile_dataset/images/mobile_7dd5912ec3/10.jpg"", ""/content/drive/MyDrive/olx_mobile_dataset/images/mobile_7dd5912ec3/11.jpg"", ""/content/drive/MyDrive/olx_mobile_dataset/images/mobile_7dd5912ec3/12.jpg"", ""/content/drive/MyDrive/olx_mobile_dataset/images/mobile_7dd5912ec3/13.jpg"", ""/content/drive/MyDrive/olx_mobile_dataset/images/mobile_7dd5912ec3/14.jpg"", ""/content/drive/MyDrive/olx_mobile_dataset/images/mobile_7dd5912ec3/15.jpg"", ""/content/drive/MyDrive/olx_mobile_dataset/images/mobile_7dd5912ec3/16.jpg"", ""/content/drive/MyDrive/olx_mobile_dataset/images/mobile_7dd5912ec3/17.jpg"", ""/content/drive/MyDrive/olx_mobile_dataset/images/mobile_7dd5912ec3/18.jpg"", ""/content/drive/MyDrive/olx_mobile_dataset/images/mobile_7dd5912ec3/19.jpg"", ""/content/drive/MyDrive/olx_mobile_dataset/images/mobile_7dd5912ec3/20.jpg"", ""/content/drive/MyDrive/olx_mobile_dataset/images/mobile_7dd5912ec3/21.jpg"", ""/content/drive/MyDrive/olx_mobile_dataset/images/mobile_7dd5912ec3/22.jpg"", ""/content/drive/MyDrive/olx_mobile_dataset/images/mobile_7dd5912ec3/23.jpg"", ""/content/drive/MyDrive/olx_mobile_dataset/images/mobile_7dd5912ec3/24.jpg"", ""/content/drive/MyDrive/olx_mobile_dataset/images/mobile_7dd5912ec3/25.jpg"", ""/content/drive/MyDrive/olx_mobile_dataset/images/mobile_7dd5912ec3/26.jpg""]",26,2026-01-13 05:51:06.922035
mobile_5652aad1db,https://www.olx.in/item/mobile-phones-c1453-used-oppo-in-kasauliya-jaithara-iid-1830214028,Very good condition phone,"Only 1 year old phone just like a brand new condition phone am buy new phone - Mobile Phones in Kasauliya, Jaithara",11000,"[""/content/drive/MyDrive/olx_mobile_dataset/images/mobile_5652aad1db/1.jpg"", ""/content/drive/MyDrive/olx_mobile_dataset/images/mobile_5652aad1db/2.jpg"", ""/content/drive/MyDrive/olx_mobile_dataset/images/mobile_5652aad1db/3.jpg"", ""/content/drive/MyDrive/olx_mobile_dataset/images/mobile_5652aad1db/4.jpg"", ""/content/drive/MyDrive/olx_mobile_dataset/images/mobile_5652aad1db/5.jpg"", ""/content/drive/MyDrive/olx_mobile_dataset/images/mobile_5652aad1db/6.jpg"", ""/content/drive/MyDrive/olx_mobile_dataset/images/mobile_5652aad1db/7.jpg"", ""/content/drive/MyDrive/olx_mobile_dataset/images/mobile_5652aad1db/8.jpg"", ""/content/drive/MyDrive/olx_mobile_dataset/images/mobile_5652aad1db/9.jpg"", ""/content/drive/MyDrive/olx_mobile_dataset/images/mobile_5652aad1db/10.jpg"", ""/content/drive/MyDrive/olx_mobile_dataset/images/mobile_5652aad1db/11.jpg"", ""/content/drive/MyDrive/olx_mobile_dataset/images/mobile_5652aad1db/12.jpg"", ""/content/drive/MyDrive/olx_mobile_dataset/images/mobile_5652aad1db/13.jpg"", ""/content/drive/MyDrive/olx_mobile_dataset/images/mobile_5652aad1db/14.jpg"", ""/content/drive/MyDrive/olx_mobile_dataset/images/mobile_5652aad1db/15.jpg"", ""/content/drive/MyDrive/olx_mobile_dataset/images/mobile_5652aad1db/16.jpg"", ""/content/drive/MyDrive/olx_mobile_dataset/images/mobile_5652aad1db/17.jpg"", ""/content/drive/MyDrive/olx_mobile_dataset/images/mobile_5652aad1db/18.jpg"", ""/content/drive/MyDrive/olx_mobile_dataset/images/mobile_5652aad1db/19.jpg"", ""/content/drive/MyDrive/olx_mobile_dataset/images/mobile_5652aad1db/20.jpg"", ""/content/drive/MyDrive/olx_mobile_dataset/images/mobile_5652aad1db/21.jpg"", ""/content/drive/MyDrive/olx_mobile_dataset/images/mobile_5652aad1db/22.jpg"", ""/content/drive/MyDrive/olx_mobile_dataset/images/mobile_5652aad1db/23.jpg"", ""/content/drive/MyDrive/olx_mobile_dataset/images/mobile_5652aad1db/24.jpg"", ""/content/drive/MyDrive/olx_mobile_dataset/images/mobile_5652aad1db/25.jpg"", ""/content/drive/MyDrive/olx_mobile_dataset/images/mobile_5652aad1db/26.jpg""]",26,2026-01-13 05:51:18.910636
mobile_3b2bfef3cd,https://www.olx.in/item/mobile-phones-c1453-used-realme-in-uddham-singh-nagar-rudrapur-iid-1831947381,Realme 4 GB.  64 memory,"Rudrapur 23 model - Mobile Phones in Uddham Singh Nagar, Rudrapur",4000,"[""/content/drive/MyDrive/olx_mobile_dataset/images/mobile_3b2bfef3cd/1.jpg"", ""/content/drive/MyDrive/olx_mobile_dataset/images/mobile_3b2bfef3cd/2.jpg"", ""/content/drive/MyDrive/olx_mobile_dataset/images/mobile_3b2bfef3cd/3.jpg"", ""/content/drive/MyDrive/olx_mobile_dataset/images/mobile_3b2bfef3cd/4.jpg"", ""/content/drive/MyDrive/olx_mobile_dataset/images/mobile_3b2bfef3cd/5.jpg"", ""/content/drive/MyDrive/olx_mobile_dataset/images/mobile_3b2bfef3cd/6.jpg"", ""/content/drive/MyDrive/olx_mobile_dataset/images/mobile_3b2bfef3cd/7.jpg"", ""/content/drive/MyDrive/olx_mobile_dataset/images/mobile_3b2bfef3cd/8.jpg"", ""/content/drive/MyDrive/olx_mobile_dataset/images/mobile_3b2bfef3cd/9.jpg"", ""/content/drive/MyDrive/olx_mobile_dataset/images/mobile_3b2bfef3cd/10.jpg"", ""/content/drive/MyDrive/olx_mobile_dataset/images/mobile_3b2bfef3cd/11.jpg"", ""/content/drive/MyDrive/olx_mobile_dataset/images/mobile_3b2bfef3cd/12.jpg"", ""/content/drive/MyDrive/olx_mobile_dataset/images/mobile_3b2bfef3cd/13.jpg"", ""/content/drive/MyDrive/olx_mobile_dataset/images/mobile_3b2bfef3cd/14.jpg"", ""/content/drive/MyDrive/olx_mobile_dataset/images/mobile_3b2bfef3cd/15.jpg"", ""/content/drive/MyDrive/olx_mobile_dataset/images/mobile_3b2bfef3cd/16.jpg"", ""/content/drive/MyDrive/olx_mobile_dataset/images/mobile_3b2bfef3cd/17.jpg"", ""/content/drive/MyDrive/olx_mobile_dataset/images/mobile_3b2bfef3cd/18.jpg"", ""/content/drive/MyDrive/olx_mobile_dataset/images/mobile_3b2bfef3cd/19.jpg"", ""/content/drive/MyDrive/olx_mobile_dataset/images/mobile_3b2bfef3cd/20.jpg"", ""/content/drive/MyDrive/olx_mobile_dataset/images/mobile_3b2bfef3cd/21.jpg"", ""/content/drive/MyDrive/olx_mobile_dataset/images/mobile_3b2bfef3cd/22.jpg"", ""/content/drive/MyDrive/olx_mobile_dataset/images/mobile_3b2bfef3cd/23.jpg"", ""/content/drive/MyDrive/olx_mobile_dataset/images/mobile_3b2bfef3cd/24.jpg"", ""/content/drive/MyDrive/olx_mobile_dataset/images/mobile_3b2bfef3cd/25.jpg"", ""/content/drive/MyDrive/olx_mobile_dataset/images/mobile_3b2bfef3cd/26.jpg""]",26,2026-01-13 05:51:27.751297
mobile_36781adff8,https://www.olx.in/item/mobile-phones-c1453-used-other-mobiles-in-virugambakkam-chennai-iid-1827127623,IQOO 11 8/256gb,"Ram:8gb Rom:256gb Box And Mobile Only Brand New Condition Interesting Persons Call Mee… - Mobile Phones in Virugambakkam, Chennai",28000,"[""/content/drive/MyDrive/olx_mobile_dataset/images/mobile_36781adff8/1.jpg"", ""/content/drive/MyDrive/olx_mobile_dataset/images/mobile_36781adff8/2.jpg"", ""/content/drive/MyDrive/olx_mobile_dataset/images/mobile_36781adff8/3.jpg"", ""/content/drive/MyDrive/olx_mobile_dataset/images/mobile_36781adff8/4.jpg"", ""/content/drive/MyDrive/olx_mobile_dataset/images/mobile_36781adff8/5.jpg"", ""/content/drive/MyDrive/olx_mobile_dataset/images/mobile_36781adff8/6.jpg"", ""/content/drive/MyDrive/olx_mobile_dataset/images/mobile_36781adff8/7.jpg"", ""/content/drive/MyDrive/olx_mobile_dataset/images/mobile_36781adff8/8.jpg"", ""/content/drive/MyDrive/olx_mobile_dataset/images/mobile_36781adff8/9.jpg"", ""/content/drive/MyDrive/olx_mobile_dataset/images/mobile_36781adff8/10.jpg"", ""/content/drive/MyDrive/olx_mobile_dataset/images/mobile_36781adff8/11.jpg"", ""/content/drive/MyDrive/olx_mobile_dataset/images/mobile_36781adff8/12.jpg"", ""/content/drive/MyDrive/olx_mobile_dataset/images/mobile_36781adff8/13.jpg"", ""/content/drive/MyDrive/olx_mobile_dataset/images/mobile_36781adff8/14.jpg"", ""/content/drive/MyDrive/olx_mobile_dataset/images/mobile_36781adff8/15.jpg"", ""/content/drive/MyDrive/olx_mobile_dataset/images/mobile_36781adff8/16.jpg"", ""/content/drive/MyDrive/olx_mobile_dataset/images/mobile_36781adff8/17.jpg"", ""/content/drive/MyDrive/olx_mobile_dataset/images/mobile_36781adff8/18.jpg"", ""/content/drive/MyDrive/olx_mobile_dataset/images/mobile_36781adff8/19.jpg"", ""/content/drive/MyDrive/olx_mobile_dataset/images/mobile_36781adff8/20.jpg"", ""/content/drive/MyDrive/olx_mobile_dataset/images/mobile_36781adff8/21.jpg"", ""/content/drive/MyDrive/olx_mobile_dataset/images/mobile_36781adff8/22.jpg"", ""/content/drive/MyDrive/olx_mobile_dataset/images/mobile_36781adff8/23.jpg"", ""/content/drive/MyDrive/olx_mobile_dataset/images/mobile_36781adff8/24.jpg"", ""/content/drive/MyDrive/olx_mobile_dataset/images/mobile_36781adff8/25.jpg"", ""/content/drive/MyDrive/olx_mobile_dataset/images/mobile_36781adff8/26.jpg""]",26,2026-01-13 05:51:38.160509
mobile_858b529523,https://www.olx.in/item/mobile-phones-c1453-used-other-mobiles-in-jaferabad-kalaburagi-iid-1831947436,Poco m2 pro,"Bill box available - Mobile Phones in Jaferabad, Kalaburagi",3000,"[""/content/drive/MyDrive/olx_mobile_dataset/images/mobile_858b529523/1.jpg"", ""/content/drive/MyDrive/olx_mobile_dataset/images/mobile_858b529523/2.jpg"", ""/content/drive/MyDrive/olx_mobile_dataset/images/mobile_858b529523/3.jpg"", ""/content/drive/MyDrive/olx_mobile_dataset/images/mobile_858b529523/4.jpg"", ""/content/drive/MyDrive/olx_mobile_dataset/images/mobile_858b529523/5.jpg"", ""/content/drive/MyDrive/olx_mobile_dataset/images/mobile_858b529523/6.jpg"", ""/content/drive/MyDrive/olx_mobile_dataset/images/mobile_858b529523/7.jpg"", ""/content/drive/MyDrive/olx_mobile_dataset/images/mobile_858b529523/8.jpg"", ""/content/drive/MyDrive/olx_mobile_dataset/images/mobile_858b529523/9.jpg"", ""/content/drive/MyDrive/olx_mobile_dataset/images/mobile_858b529523/10.jpg"", ""/content/drive/MyDrive/olx_mobile_dataset/images/mobile_858b529523/11.jpg"", ""/content/drive/MyDrive/olx_mobile_dataset/images/mobile_858b529523/12.jpg"", ""/content/drive/MyDrive/olx_mobile_dataset/images/mobile_858b529523/13.jpg"", ""/content/drive/MyDrive/olx_mobile_dataset/images/mobile_858b529523/14.jpg"", ""/content/drive/MyDrive/olx_mobile_dataset/images/mobile_858b529523/15.jpg"", ""/content/drive/MyDrive/olx_mobile_dataset/images/mobile_858b529523/16.jpg"", ""/content/drive/MyDrive/olx_mobile_dataset/images/mobile_858b529523/17.jpg"", ""/content/drive/MyDrive/olx_mobile_dataset/images/mobile_858b529523/18.jpg"", ""/content/drive/MyDrive/olx_mobile_dataset/images/mobile_858b529523/19.jpg"", ""/content/drive/MyDrive/olx_mobile_dataset/images/mobile_858b529523/20.jpg"", ""/content/drive/MyDrive/olx_mobile_dataset/images/mobile_858b529523/21.jpg"", ""/content/drive/MyDrive/olx_mobile_dataset/images/mobile_858b529523/22.jpg"", ""/content/drive/MyDrive/olx_mobile_dataset/images/mobile_858b529523/23.jpg"", ""/content/drive/MyDrive/olx_mobile_dataset/images/mobile_858b529523/24.jpg"", ""/content/drive/MyDrive/olx_mobile_dataset/images/mobile_858b529523/25.jpg"", ""/content/drive/MyDrive/olx_mobile_dataset/images/mobile_858b529523/26.jpg""]",26,2026-01-13 05:51:52.917080
mobile_f4474876b6,https://www.olx.in/item/mobile-phones-c1453-used-iphone-in-akola-maharashtra-iid-1831246957,Iphone 14 128gb in mint condition,"Battery 85% With bill and box This is not a refurbished phone Timepass please stay away - Mobile Phones in Bhandaraj BK, Akola",34999,"[""/content/drive/MyDrive/olx_mobile_dataset/images/mobile_f4474876b6/1.jpg"", ""/content/drive/MyDrive/olx_mobile_dataset/images/mobile_f4474876b6/2.jpg"", ""/content/drive/MyDrive/olx_mobile_dataset/images/mobile_f4474876b6/3.jpg"", ""/content/drive/MyDrive/olx_mobile_dataset/images/mobile_f4474876b6/4.jpg"", ""/content/drive/MyDrive/olx_mobile_dataset/images/mobile_f4474876b6/5.jpg"", ""/content/drive/MyDrive/olx_mobile_dataset/images/mobile_f4474876b6/6.jpg"", ""/content/drive/MyDrive/olx_mobile_dataset/images/mobile_f4474876b6/7.jpg"", ""/content/drive/MyDrive/olx_mobile_dataset/images/mobile_f4474876b6/8.jpg"", ""/content/drive/MyDrive/olx_mobile_dataset/images/mobile_f4474876b6/9.jpg"", ""/content/drive/MyDrive/olx_mobile_dataset/images/mobile_f4474876b6/10.jpg"", ""/content/drive/MyDrive/olx_mobile_dataset/images/mobile_f4474876b6/11.jpg"", ""/content/drive/MyDrive/olx_mobile_dataset/images/mobile_f4474876b6/12.jpg"", ""/content/drive/MyDrive/olx_mobile_dataset/images/mobile_f4474876b6/13.jpg"", ""/content/drive/MyDrive/olx_mobile_dataset/images/mobile_f4474876b6/14.jpg"", ""/content/drive/MyDrive/olx_mobile_dataset/images/mobile_f4474876b6/15.jpg"", ""/content/drive/MyDrive/olx_mobile_dataset/images/mobile_f4474876b6/16.jpg"", ""/content/drive/MyDrive/olx_mobile_dataset/images/mobile_f4474876b6/17.jpg"", ""/content/drive/MyDrive/olx_mobile_dataset/images/mobile_f4474876b6/18.jpg"", ""/content/drive/MyDrive/olx_mobile_dataset/images/mobile_f4474876b6/19.jpg"", ""/content/drive/MyDrive/olx_mobile_dataset/images/mobile_f4474876b6/20.jpg"", ""/content/drive/MyDrive/olx_mobile_dataset/images/mobile_f4474876b6/21.jpg"", ""/content/drive/MyDrive/olx_mobile_dataset/images/mobile_f4474876b6/22.jpg"", ""/content/drive/MyDrive/olx_mobile_dataset/images/mobile_f4474876b6/23.jpg"", ""/content/drive/MyDrive/olx_mobile_dataset/images/mobile_f4474876b6/24.jpg"", ""/content/drive/MyDrive/olx_mobile_dataset/images/mobile_f4474876b6/25.jpg"", ""/content/drive/MyDrive/olx_mobile_dataset/images/mobile_f4474876b6/26.jpg""]",26,2026-01-13 05:52:04.826876
mobile_2527b54817,https://www.olx.in/item/mobile-phones-c1453-used-samsung-in-mg-road-pune-iid-1831250267,SAMSUNG GALAXY S20+ PLUS & GALAXY S20 8/128GB STORAGE  FLAWLESS DEVICE,"SAMSUNG GALAXY S20+ PLUS & GALAXY S20 8/128GB STORAGE - FLAWLESS CONDITION DEVICE WITH GENUINE BILL AND INVOICE. SAMSUNG GALAXY S20+ PLUS 8/128GB (GREY) :- 12,900/- SAMSUNG GALAXY S20+ PLUS 8/128GB (BLACK) :- 11,900/- SAMSUNG GALAXY S20 8/128GB :- 11,500/- Phone is in Excellent Condition, Absolutely Pristine. Untouched , Never Repaired Phone. Comes with Invoice. - Credit Cards Accepted - EMI Offers Available. - Attractive Exchange Offers Available. Please call us for more info or visit our store - Mobile Phones in MG Road, Pune",11500,"[""/content/drive/MyDrive/olx_mobile_dataset/images/mobile_2527b54817/1.jpg"", ""/content/drive/MyDrive/olx_mobile_dataset/images/mobile_2527b54817/2.jpg"", ""/content/drive/MyDrive/olx_mobile_dataset/images/mobile_2527b54817/3.jpg"", ""/content/drive/MyDrive/olx_mobile_dataset/images/mobile_2527b54817/4.jpg"", ""/content/drive/MyDrive/olx_mobile_dataset/images/mobile_2527b54817/5.jpg"", ""/content/drive/MyDrive/olx_mobile_dataset/images/mobile_2527b54817/6.jpg"", ""/content/drive/MyDrive/olx_mobile_dataset/images/mobile_2527b54817/7.jpg"", ""/content/drive/MyDrive/olx_mobile_dataset/images/mobile_2527b54817/8.jpg"", ""/content/drive/MyDrive/olx_mobile_dataset/images/mobile_2527b54817/9.jpg"", ""/content/drive/MyDrive/olx_mobile_dataset/images/mobile_2527b54817/10.jpg"", ""/content/drive/MyDrive/olx_mobile_dataset/images/mobile_2527b54817/11.jpg"", ""/content/drive/MyDrive/olx_mobile_dataset/images/mobile_2527b54817/12.jpg"", ""/content/drive/MyDrive/olx_mobile_dataset/images/mobile_2527b54817/13.jpg"", ""/content/drive/MyDrive/olx_mobile_dataset/images/mobile_2527b54817/14.jpg"", ""/content/drive/MyDrive/olx_mobile_dataset/images/mobile_2527b54817/15.jpg"", ""/content/drive/MyDrive/olx_mobile_dataset/images/mobile_2527b54817/16.jpg"", ""/content/drive/MyDrive/olx_mobile_dataset/images/mobile_2527b54817/17.jpg"", ""/content/drive/MyDrive/olx_mobile_dataset/images/mobile_2527b54817/18.jpg"", ""/content/drive/MyDrive/olx_mobile_dataset/images/mobile_2527b54817/19.jpg"", ""/content/drive/MyDrive/olx_mobile_dataset/images/mobile_2527b54817/20.jpg"", ""/content/drive/MyDrive/olx_mobile_dataset/images/mobile_2527b54817/21.jpg"", ""/content/drive/MyDrive/olx_mobile_dataset/images/mobile_2527b54817/22.jpg"", ""/content/drive/MyDrive/olx_mobile_dataset/images/mobile_2527b54817/23.jpg"", ""/content/drive/MyDrive/olx_mobile_dataset/images/mobile_2527b54817/24.jpg"", ""/content/drive/MyDrive/olx_mobile_dataset/images/mobile_2527b54817/25.jpg"", ""/content/drive/MyDrive/olx_mobile_dataset/images/mobile_2527b54817/26.jpg"", ""/content/drive/MyDrive/olx_mobile_dataset/images/mobile_2527b54817/27.jpg"", ""/content/drive/MyDrive/olx_mobile_dataset/images/mobile_2527b54817/28.jpg""]",28,2026-01-13 05:52:19.365242
mobile_19bfa1c2a0,https://www.olx.in/item/mobile-phones-c1453-used-iphone-in-rohini-sector-23-delhi-iid-1831947509,I phone 11  2023 model,"Folder change battery service screen damage - Mobile Phones in Rohini Sector 23, Delhi",15000,"[""/content/drive/MyDrive/olx_mobile_dataset/images/mobile_19bfa1c2a0/1.jpg"", ""/content/drive/MyDrive/olx_mobile_dataset/images/mobile_19bfa1c2a0/2.jpg"", ""/content/drive/MyDrive/olx_mobile_dataset/images/mobile_19bfa1c2a0/3.jpg"", ""/content/drive/MyDrive/olx_mobile_dataset/images/mobile_19bfa1c2a0/4.jpg"", ""/content/drive/MyDrive/olx_mobile_dataset/images/mobile_19bfa1c2a0/5.jpg"", ""/content/drive/MyDrive/olx_mobile_dataset/images/mobile_19bfa1c2a0/6.jpg"", ""/content/drive/MyDrive/olx_mobile_dataset/images/mobile_19bfa1c2a0/7.jpg"", ""/content/drive/MyDrive/olx_mobile_dataset/images/mobile_19bfa1c2a0/8.jpg"", ""/content/drive/MyDrive/olx_mobile_dataset/images/mobile_19bfa1c2a0/9.jpg"", ""/content/drive/MyDrive/olx_mobile_dataset/images/mobile_19bfa1c2a0/10.jpg"", ""/content/drive/MyDrive/olx_mobile_dataset/images/mobile_19bfa1c2a0/11.jpg"", ""/content/drive/MyDrive/olx_mobile_dataset/images/mobile_19bfa1c2a0/12.jpg"", ""/content/drive/MyDrive/olx_mobile_dataset/images/mobile_19bfa1c2a0/13.jpg"", ""/content/drive/MyDrive/olx_mobile_dataset/images/mobile_19bfa1c2a0/14.jpg"", ""/content/drive/MyDrive/olx_mobile_dataset/images/mobile_19bfa1c2a0/15.jpg"", ""/content/drive/MyDrive/olx_mobile_dataset/images/mobile_19bfa1c2a0/16.jpg"", ""/content/drive/MyDrive/olx_mobile_dataset/images/mobile_19bfa1c2a0/17.jpg"", ""/content/drive/MyDrive/olx_mobile_dataset/images/mobile_19bfa1c2a0/18.jpg"", ""/content/drive/MyDrive/olx_mobile_dataset/images/mobile_19bfa1c2a0/19.jpg"", ""/content/drive/MyDrive/olx_mobile_dataset/images/mobile_19bfa1c2a0/20.jpg"", ""/content/drive/MyDrive/olx_mobile_dataset/images/mobile_19bfa1c2a0/21.jpg"", ""/content/drive/MyDrive/olx_mobile_dataset/images/mobile_19bfa1c2a0/22.jpg"", ""/content/drive/MyDrive/olx_mobile_dataset/images/mobile_19bfa1c2a0/23.jpg"", ""/content/drive/MyDrive/olx_mobile_dataset/images/mobile_19bfa1c2a0/24.jpg"", ""/content/drive/MyDrive/olx_mobile_dataset/images/mobile_19bfa1c2a0/25.jpg"", ""/content/drive/MyDrive/olx_mobile_dataset/images/mobile_19bfa1c2a0/26.jpg""]",26,2026-01-13 05:52:29.852055
mobile_386cdb2d42,https://www.olx.in/item/mobile-phones-c1453-used-iphone-in-jahangirabad-uttar-pradesh-iid-1831947353,iphone 14 128gb,"Good condition bill box available - Mobile Phones in undefined, Jahangirabad",35000,"[""/content/drive/MyDrive/olx_mobile_dataset/images/mobile_386cdb2d42/1.jpg"", ""/content/drive/MyDrive/olx_mobile_dataset/images/mobile_386cdb2d42/2.jpg"", ""/content/drive/MyDrive/olx_mobile_dataset/images/mobile_386cdb2d42/3.jpg"", ""/content/drive/MyDrive/olx_mobile_dataset/images/mobile_386cdb2d42/4.jpg"", ""/content/drive/MyDrive/olx_mobile_dataset/images/mobile_386cdb2d42/5.jpg"", ""/content/drive/MyDrive/olx_mobile_dataset/images/mobile_386cdb2d42/6.jpg"", ""/content/drive/MyDrive/olx_mobile_dataset/images/mobile_386cdb2d42/7.jpg"", ""/content/drive/MyDrive/olx_mobile_dataset/images/mobile_386cdb2d42/8.jpg"", ""/content/drive/MyDrive/olx_mobile_dataset/images/mobile_386cdb2d42/9.jpg"", ""/content/drive/MyDrive/olx_mobile_dataset/images/mobile_386cdb2d42/10.jpg"", ""/content/drive/MyDrive/olx_mobile_dataset/images/mobile_386cdb2d42/11.jpg"", ""/content/drive/MyDrive/olx_mobile_dataset/images/mobile_386cdb2d42/12.jpg"", ""/content/drive/MyDrive/olx_mobile_dataset/images/mobile_386cdb2d42/13.jpg"", ""/content/drive/MyDrive/olx_mobile_dataset/images/mobile_386cdb2d42/14.jpg"", ""/content/drive/MyDrive/olx_mobile_dataset/images/mobile_386cdb2d42/15.jpg"", ""/content/drive/MyDrive/olx_mobile_dataset/images/mobile_386cdb2d42/16.jpg"", ""/content/drive/MyDrive/olx_mobile_dataset/images/mobile_386cdb2d42/17.jpg"", ""/content/drive/MyDrive/olx_mobile_dataset/images/mobile_386cdb2d42/18.jpg"", ""/content/drive/MyDrive/olx_mobile_dataset/images/mobile_386cdb2d42/19.jpg"", ""/content/drive/MyDrive/olx_mobile_dataset/images/mobile_386cdb2d42/20.jpg"", ""/content/drive/MyDrive/olx_mobile_dataset/images/mobile_386cdb2d42/21.jpg"", ""/content/drive/MyDrive/olx_mobile_dataset/images/mobile_386cdb2d42/22.jpg"", ""/content/drive/MyDrive/olx_mobile_dataset/images/mobile_386cdb2d42/23.jpg"", ""/content/drive/MyDrive/olx_mobile_dataset/images/mobile_386cdb2d42/24.jpg"", ""/content/drive/MyDrive/olx_mobile_dataset/images/mobile_386cdb2d42/25.jpg"", ""/content/drive/MyDrive/olx_mobile_dataset/images/mobile_386cdb2d42/26.jpg""]",26,2026-01-13 05:52:39.280924
mobile_97f11b595b,https://www.olx.in/item/mobile-phones-c1453-used-vivo-in-venkatasubaya-colony-tadepalligudem-iid-1831638942,Y30 4gb ram and 128gb rom,"condition Mobile and bill available - Mobile Phones in Venkatasubaya Colony, Tadepalligudem",4499,"[""/content/drive/MyDrive/olx_mobile_dataset/images/mobile_97f11b595b/1.jpg"", ""/content/drive/MyDrive/olx_mobile_dataset/images/mobile_97f11b595b/2.jpg"", ""/content/drive/MyDrive/olx_mobile_dataset/images/mobile_97f11b595b/3.jpg"", ""/content/drive/MyDrive/olx_mobile_dataset/images/mobile_97f11b595b/4.jpg"", ""/content/drive/MyDrive/olx_mobile_dataset/images/mobile_97f11b595b/5.jpg"", ""/content/drive/MyDrive/olx_mobile_dataset/images/mobile_97f11b595b/6.jpg"", ""/content/drive/MyDrive/olx_mobile_dataset/images/mobile_97f11b595b/7.jpg"", ""/content/drive/MyDrive/olx_mobile_dataset/images/mobile_97f11b595b/8.jpg"", ""/content/drive/MyDrive/olx_mobile_dataset/images/mobile_97f11b595b/9.jpg"", ""/content/drive/MyDrive/olx_mobile_dataset/images/mobile_97f11b595b/10.jpg"", ""/content/drive/MyDrive/olx_mobile_dataset/images/mobile_97f11b595b/11.jpg"", ""/content/drive/MyDrive/olx_mobile_dataset/images/mobile_97f11b595b/12.jpg"", ""/content/drive/MyDrive/olx_mobile_dataset/images/mobile_97f11b595b/13.jpg"", ""/content/drive/MyDrive/olx_mobile_dataset/images/mobile_97f11b595b/14.jpg"", ""/content/drive/MyDrive/olx_mobile_dataset/images/mobile_97f11b595b/15.jpg"", ""/content/drive/MyDrive/olx_mobile_dataset/images/mobile_97f11b595b/16.jpg"", ""/content/drive/MyDrive/olx_mobile_dataset/images/mobile_97f11b595b/17.jpg"", ""/content/drive/MyDrive/olx_mobile_dataset/images/mobile_97f11b595b/18.jpg"", ""/content/drive/MyDrive/olx_mobile_dataset/images/mobile_97f11b595b/19.jpg"", ""/content/drive/MyDrive/olx_mobile_dataset/images/mobile_97f11b595b/20.jpg"", ""/content/drive/MyDrive/olx_mobile_dataset/images/mobile_97f11b595b/21.jpg"", ""/content/drive/MyDrive/olx_mobile_dataset/images/mobile_97f11b595b/22.jpg"", ""/content/drive/MyDrive/olx_mobile_dataset/images/mobile_97f11b595b/23.jpg"", ""/content/drive/MyDrive/olx_mobile_dataset/images/mobile_97f11b595b/24.jpg"", ""/content/drive/MyDrive/olx_mobile_dataset/images/mobile_97f11b595b/25.jpg"", ""/content/drive/MyDrive/olx_mobile_dataset/images/mobile_97f11b595b/26.jpg""]",26,2026-01-13 05:52:50.562402
mobile_3fc1652707,https://www.olx.in/item/mobile-phones-c1453-used-infinix-in-kharagpur-wirless-block-kharagpur-iid-1820373477,Infinx note 40 pro 5g. 8/256 new conditions..,"Infinix note 40 pro 5g. Vintage green color. Ram:-8gb+ 8gb extended. Rom:-256 gb. 10 month old box bill all available.. - Mobile Phones in kharagpur Wirless Block, Kharagpur",16500,"[""/content/drive/MyDrive/olx_mobile_dataset/images/mobile_3fc1652707/1.jpg"", ""/content/drive/MyDrive/olx_mobile_dataset/images/mobile_3fc1652707/2.jpg"", ""/content/drive/MyDrive/olx_mobile_dataset/images/mobile_3fc1652707/3.jpg"", ""/content/drive/MyDrive/olx_mobile_dataset/images/mobile_3fc1652707/4.jpg"", ""/content/drive/MyDrive/olx_mobile_dataset/images/mobile_3fc1652707/5.jpg"", ""/content/drive/MyDrive/olx_mobile_dataset/images/mobile_3fc1652707/6.jpg"", ""/content/drive/MyDrive/olx_mobile_dataset/images/mobile_3fc1652707/7.jpg"", ""/content/drive/MyDrive/olx_mobile_dataset/images/mobile_3fc1652707/8.jpg"", ""/content/drive/MyDrive/olx_mobile_dataset/images/mobile_3fc1652707/9.jpg"", ""/content/drive/MyDrive/olx_mobile_dataset/images/mobile_3fc1652707/10.jpg"", ""/content/drive/MyDrive/olx_mobile_dataset/images/mobile_3fc1652707/11.jpg"", ""/content/drive/MyDrive/olx_mobile_dataset/images/mobile_3fc1652707/12.jpg"", ""/content/drive/MyDrive/olx_mobile_dataset/images/mobile_3fc1652707/13.jpg"", ""/content/drive/MyDrive/olx_mobile_dataset/images/mobile_3fc1652707/14.jpg"", ""/content/drive/MyDrive/olx_mobile_dataset/images/mobile_3fc1652707/15.jpg"", ""/content/drive/MyDrive/olx_mobile_dataset/images/mobile_3fc1652707/16.jpg"", ""/content/drive/MyDrive/olx_mobile_dataset/images/mobile_3fc1652707/17.jpg"", ""/content/drive/MyDrive/olx_mobile_dataset/images/mobile_3fc1652707/18.jpg"", ""/content/drive/MyDrive/olx_mobile_dataset/images/mobile_3fc1652707/19.jpg"", ""/content/drive/MyDrive/olx_mobile_dataset/images/mobile_3fc1652707/20.jpg"", ""/content/drive/MyDrive/olx_mobile_dataset/images/mobile_3fc1652707/21.jpg"", ""/content/drive/MyDrive/olx_mobile_dataset/images/mobile_3fc1652707/22.jpg"", ""/content/drive/MyDrive/olx_mobile_dataset/images/mobile_3fc1652707/23.jpg"", ""/content/drive/MyDrive/olx_mobile_dataset/images/mobile_3fc1652707/24.jpg"", ""/content/drive/MyDrive/olx_mobile_dataset/images/mobile_3fc1652707/25.jpg"", ""/content/drive/MyDrive/olx_mobile_dataset/images/mobile_3fc1652707/26.jpg""]",26,2026-01-13 05:53:01.975617
mobile_69611b1f21,https://www.olx.in/item/mobile-phones-c1453-used-vivo-in-matta-kishtwar-iid-1831947302,Vivo y12 64 gb front glass change hua h,"Vivo y12 64 gb dosra relame 6..64 gb bhi ha uski price 4500 ha - Mobile Phones in Matta, Kishtwar",3200,"[""/content/drive/MyDrive/olx_mobile_dataset/images/mobile_69611b1f21/1.jpg"", ""/content/drive/MyDrive/olx_mobile_dataset/images/mobile_69611b1f21/2.jpg"", ""/content/drive/MyDrive/olx_mobile_dataset/images/mobile_69611b1f21/3.jpg"", ""/content/drive/MyDrive/olx_mobile_dataset/images/mobile_69611b1f21/4.jpg"", ""/content/drive/MyDrive/olx_mobile_dataset/images/mobile_69611b1f21/5.jpg"", ""/content/drive/MyDrive/olx_mobile_dataset/images/mobile_69611b1f21/6.jpg"", ""/content/drive/MyDrive/olx_mobile_dataset/images/mobile_69611b1f21/7.jpg"", ""/content/drive/MyDrive/olx_mobile_dataset/images/mobile_69611b1f21/8.jpg"", ""/content/drive/MyDrive/olx_mobile_dataset/images/mobile_69611b1f21/9.jpg"", ""/content/drive/MyDrive/olx_mobile_dataset/images/mobile_69611b1f21/10.jpg"", ""/content/drive/MyDrive/olx_mobile_dataset/images/mobile_69611b1f21/11.jpg"", ""/content/drive/MyDrive/olx_mobile_dataset/images/mobile_69611b1f21/12.jpg"", ""/content/drive/MyDrive/olx_mobile_dataset/images/mobile_69611b1f21/13.jpg"", ""/content/drive/MyDrive/olx_mobile_dataset/images/mobile_69611b1f21/14.jpg"", ""/content/drive/MyDrive/olx_mobile_dataset/images/mobile_69611b1f21/15.jpg"", ""/content/drive/MyDrive/olx_mobile_dataset/images/mobile_69611b1f21/16.jpg"", ""/content/drive/MyDrive/olx_mobile_dataset/images/mobile_69611b1f21/17.jpg"", ""/content/drive/MyDrive/olx_mobile_dataset/images/mobile_69611b1f21/18.jpg"", ""/content/drive/MyDrive/olx_mobile_dataset/images/mobile_69611b1f21/19.jpg"", ""/content/drive/MyDrive/olx_mobile_dataset/images/mobile_69611b1f21/20.jpg"", ""/content/drive/MyDrive/olx_mobile_dataset/images/mobile_69611b1f21/21.jpg"", ""/content/drive/MyDrive/olx_mobile_dataset/images/mobile_69611b1f21/22.jpg"", ""/content/drive/MyDrive/olx_mobile_dataset/images/mobile_69611b1f21/23.jpg"", ""/content/drive/MyDrive/olx_mobile_dataset/images/mobile_69611b1f21/24.jpg"", ""/content/drive/MyDrive/olx_mobile_dataset/images/mobile_69611b1f21/25.jpg"", ""/content/drive/MyDrive/olx_mobile_dataset/images/mobile_69611b1f21/26.jpg""]",26,2026-01-13 05:53:13.212414
mobile_495679d228,https://www.olx.in/item/mobile-phones-c1453-used-iphone-in-thally-krishnagiri-iid-1831947139,I phone 15 128 gb,"Brand new no scratches - Mobile Phones in Thally, Krishnagiri",45000,"[""/content/drive/MyDrive/olx_mobile_dataset/images/mobile_495679d228/1.jpg"", ""/content/drive/MyDrive/olx_mobile_dataset/images/mobile_495679d228/2.jpg"", ""/content/drive/MyDrive/olx_mobile_dataset/images/mobile_495679d228/3.jpg"", ""/content/drive/MyDrive/olx_mobile_dataset/images/mobile_495679d228/4.jpg"", ""/content/drive/MyDrive/olx_mobile_dataset/images/mobile_495679d228/5.jpg"", ""/content/drive/MyDrive/olx_mobile_dataset/images/mobile_495679d228/6.jpg"", ""/content/drive/MyDrive/olx_mobile_dataset/images/mobile_495679d228/7.jpg"", ""/content/drive/MyDrive/olx_mobile_dataset/images/mobile_495679d228/8.jpg"", ""/content/drive/MyDrive/olx_mobile_dataset/images/mobile_495679d228/9.jpg"", ""/content/drive/MyDrive/olx_mobile_dataset/images/mobile_495679d228/10.jpg"", ""/content/drive/MyDrive/olx_mobile_dataset/images/mobile_495679d228/11.jpg"", ""/content/drive/MyDrive/olx_mobile_dataset/images/mobile_495679d228/12.jpg"", ""/content/drive/MyDrive/olx_mobile_dataset/images/mobile_495679d228/13.jpg"", ""/content/drive/MyDrive/olx_mobile_dataset/images/mobile_495679d228/14.jpg"", ""/content/drive/MyDrive/olx_mobile_dataset/images/mobile_495679d228/15.jpg"", ""/content/drive/MyDrive/olx_mobile_dataset/images/mobile_495679d228/16.jpg"", ""/content/drive/MyDrive/olx_mobile_dataset/images/mobile_495679d228/17.jpg"", ""/content/drive/MyDrive/olx_mobile_dataset/images/mobile_495679d228/18.jpg"", ""/content/drive/MyDrive/olx_mobile_dataset/images/mobile_495679d228/19.jpg"", ""/content/drive/MyDrive/olx_mobile_dataset/images/mobile_495679d228/20.jpg"", ""/content/drive/MyDrive/olx_mobile_dataset/images/mobile_495679d228/21.jpg"", ""/content/drive/MyDrive/olx_mobile_dataset/images/mobile_495679d228/22.jpg"", ""/content/drive/MyDrive/olx_mobile_dataset/images/mobile_495679d228/23.jpg"", ""/content/drive/MyDrive/olx_mobile_dataset/images/mobile_495679d228/24.jpg"", ""/content/drive/MyDrive/olx_mobile_dataset/images/mobile_495679d228/25.jpg"", ""/content/drive/MyDrive/olx_mobile_dataset/images/mobile_495679d228/26.jpg""]",26,2026-01-13 05:53:23.291225
mobile_5bdb6e2013,https://www.olx.in/item/mobile-phones-c1453-used-vivo-in-mudikkode-thrissur-iid-1831651078,Vivo y 100,"Vivo y 100 With orginal charger - Mobile Phones in Mudikkode, Thrissur",16000,"[""/content/drive/MyDrive/olx_mobile_dataset/images/mobile_5bdb6e2013/1.jpg"", ""/content/drive/MyDrive/olx_mobile_dataset/images/mobile_5bdb6e2013/2.jpg"", ""/content/drive/MyDrive/olx_mobile_dataset/images/mobile_5bdb6e2013/3.jpg"", ""/content/drive/MyDrive/olx_mobile_dataset/images/mobile_5bdb6e2013/4.jpg"", ""/content/drive/MyDrive/olx_mobile_dataset/images/mobile_5bdb6e2013/5.jpg"", ""/content/drive/MyDrive/olx_mobile_dataset/images/mobile_5bdb6e2013/6.jpg"", ""/content/drive/MyDrive/olx_mobile_dataset/images/mobile_5bdb6e2013/7.jpg"", ""/content/drive/MyDrive/olx_mobile_dataset/images/mobile_5bdb6e2013/8.jpg"", ""/content/drive/MyDrive/olx_mobile_dataset/images/mobile_5bdb6e2013/9.jpg"", ""/content/drive/MyDrive/olx_mobile_dataset/images/mobile_5bdb6e2013/10.jpg"", ""/content/drive/MyDrive/olx_mobile_dataset/images/mobile_5bdb6e2013/11.jpg"", ""/content/drive/MyDrive/olx_mobile_dataset/images/mobile_5bdb6e2013/12.jpg"", ""/content/drive/MyDrive/olx_mobile_dataset/images/mobile_5bdb6e2013/13.jpg"", ""/content/drive/MyDrive/olx_mobile_dataset/images/mobile_5bdb6e2013/14.jpg"", ""/content/drive/MyDrive/olx_mobile_dataset/images/mobile_5bdb6e2013/15.jpg"", ""/content/drive/MyDrive/olx_mobile_dataset/images/mobile_5bdb6e2013/16.jpg"", ""/content/drive/MyDrive/olx_mobile_dataset/images/mobile_5bdb6e2013/17.jpg"", ""/content/drive/MyDrive/olx_mobile_dataset/images/mobile_5bdb6e2013/18.jpg"", ""/content/drive/MyDrive/olx_mobile_dataset/images/mobile_5bdb6e2013/19.jpg"", ""/content/drive/MyDrive/olx_mobile_dataset/images/mobile_5bdb6e2013/20.jpg"", ""/content/drive/MyDrive/olx_mobile_dataset/images/mobile_5bdb6e2013/21.jpg"", ""/content/drive/MyDrive/olx_mobile_dataset/images/mobile_5bdb6e2013/22.jpg"", ""/content/drive/MyDrive/olx_mobile_dataset/images/mobile_5bdb6e2013/23.jpg"", ""/content/drive/MyDrive/olx_mobile_dataset/images/mobile_5bdb6e2013/24.jpg"", ""/content/drive/MyDrive/olx_mobile_dataset/images/mobile_5bdb6e2013/25.jpg"", ""/content/drive/MyDrive/olx_mobile_dataset/images/mobile_5bdb6e2013/26.jpg""]",26,2026-01-13 05:53:35.298866
mobile_c0d2dbe931,https://www.olx.in/item/mobile-phones-c1453-used-motorola-in-l-zone-sunabeda-iid-1831947198,Motorola g96 5g  8 moths warranty and changer and box available,"Arrget selling - Mobile Phones in L Zone, Sunabeda",17000,"[""/content/drive/MyDrive/olx_mobile_dataset/images/mobile_c0d2dbe931/1.jpg"", ""/content/drive/MyDrive/olx_mobile_dataset/images/mobile_c0d2dbe931/2.jpg"", ""/content/drive/MyDrive/olx_mobile_dataset/images/mobile_c0d2dbe931/3.jpg"", ""/content/drive/MyDrive/olx_mobile_dataset/images/mobile_c0d2dbe931/4.jpg"", ""/content/drive/MyDrive/olx_mobile_dataset/images/mobile_c0d2dbe931/5.jpg"", ""/content/drive/MyDrive/olx_mobile_dataset/images/mobile_c0d2dbe931/6.jpg"", ""/content/drive/MyDrive/olx_mobile_dataset/images/mobile_c0d2dbe931/7.jpg"", ""/content/drive/MyDrive/olx_mobile_dataset/images/mobile_c0d2dbe931/8.jpg"", ""/content/drive/MyDrive/olx_mobile_dataset/images/mobile_c0d2dbe931/9.jpg"", ""/content/drive/MyDrive/olx_mobile_dataset/images/mobile_c0d2dbe931/10.jpg"", ""/content/drive/MyDrive/olx_mobile_dataset/images/mobile_c0d2dbe931/11.jpg"", ""/content/drive/MyDrive/olx_mobile_dataset/images/mobile_c0d2dbe931/12.jpg"", ""/content/drive/MyDrive/olx_mobile_dataset/images/mobile_c0d2dbe931/13.jpg"", ""/content/drive/MyDrive/olx_mobile_dataset/images/mobile_c0d2dbe931/14.jpg"", ""/content/drive/MyDrive/olx_mobile_dataset/images/mobile_c0d2dbe931/15.jpg"", ""/content/drive/MyDrive/olx_mobile_dataset/images/mobile_c0d2dbe931/16.jpg"", ""/content/drive/MyDrive/olx_mobile_dataset/images/mobile_c0d2dbe931/17.jpg"", ""/content/drive/MyDrive/olx_mobile_dataset/images/mobile_c0d2dbe931/18.jpg"", ""/content/drive/MyDrive/olx_mobile_dataset/images/mobile_c0d2dbe931/19.jpg"", ""/content/drive/MyDrive/olx_mobile_dataset/images/mobile_c0d2dbe931/20.jpg"", ""/content/drive/MyDrive/olx_mobile_dataset/images/mobile_c0d2dbe931/21.jpg"", ""/content/drive/MyDrive/olx_mobile_dataset/images/mobile_c0d2dbe931/22.jpg"", ""/content/drive/MyDrive/olx_mobile_dataset/images/mobile_c0d2dbe931/23.jpg"", ""/content/drive/MyDrive/olx_mobile_dataset/images/mobile_c0d2dbe931/24.jpg"", ""/content/drive/MyDrive/olx_mobile_dataset/images/mobile_c0d2dbe931/25.jpg"", ""/content/drive/MyDrive/olx_mobile_dataset/images/mobile_c0d2dbe931/26.jpg""]",26,2026-01-13 05:53:46.357161
mobile_220dcb3336,https://www.olx.in/item/mobile-phones-c1453-used-oppo-in-kherwa-tola-nagod-iid-1831031032,ओप्पो प्रो 17,"मोबाइल में कुछ काम नहीं अच्छा मोबाइल है दूसरा लेना मुझे - Mobile Phones in Kherwa Tola, Nagod",4000,"[""/content/drive/MyDrive/olx_mobile_dataset/images/mobile_220dcb3336/1.jpg"", ""/content/drive/MyDrive/olx_mobile_dataset/images/mobile_220dcb3336/2.jpg"", ""/content/drive/MyDrive/olx_mobile_dataset/images/mobile_220dcb3336/3.jpg"", ""/content/drive/MyDrive/olx_mobile_dataset/images/mobile_220dcb3336/4.jpg"", ""/content/drive/MyDrive/olx_mobile_dataset/images/mobile_220dcb3336/5.jpg"", ""/content/drive/MyDrive/olx_mobile_dataset/images/mobile_220dcb3336/6.jpg"", ""/content/drive/MyDrive/olx_mobile_dataset/images/mobile_220dcb3336/7.jpg"", ""/content/drive/MyDrive/olx_mobile_dataset/images/mobile_220dcb3336/8.jpg"", ""/content/drive/MyDrive/olx_mobile_dataset/images/mobile_220dcb3336/9.jpg"", ""/content/drive/MyDrive/olx_mobile_dataset/images/mobile_220dcb3336/10.jpg"", ""/content/drive/MyDrive/olx_mobile_dataset/images/mobile_220dcb3336/11.jpg"", ""/content/drive/MyDrive/olx_mobile_dataset/images/mobile_220dcb3336/12.jpg"", ""/content/drive/MyDrive/olx_mobile_dataset/images/mobile_220dcb3336/13.jpg"", ""/content/drive/MyDrive/olx_mobile_dataset/images/mobile_220dcb3336/14.jpg"", ""/content/drive/MyDrive/olx_mobile_dataset/images/mobile_220dcb3336/15.jpg"", ""/content/drive/MyDrive/olx_mobile_dataset/images/mobile_220dcb3336/16.jpg"", ""/content/drive/MyDrive/olx_mobile_dataset/images/mobile_220dcb3336/17.jpg"", ""/content/drive/MyDrive/olx_mobile_dataset/images/mobile_220dcb3336/18.jpg"", ""/content/drive/MyDrive/olx_mobile_dataset/images/mobile_220dcb3336/19.jpg"", ""/content/drive/MyDrive/olx_mobile_dataset/images/mobile_220dcb3336/20.jpg"", ""/content/drive/MyDrive/olx_mobile_dataset/images/mobile_220dcb3336/21.jpg"", ""/content/drive/MyDrive/olx_mobile_dataset/images/mobile_220dcb3336/22.jpg"", ""/content/drive/MyDrive/olx_mobile_dataset/images/mobile_220dcb3336/23.jpg"", ""/content/drive/MyDrive/olx_mobile_dataset/images/mobile_220dcb3336/24.jpg"", ""/content/drive/MyDrive/olx_mobile_dataset/images/mobile_220dcb3336/25.jpg"", ""/content/drive/MyDrive/olx_mobile_dataset/images/mobile_220dcb3336/26.jpg""]",26,2026-01-13 05:53:57.385742
mobile_fc7eae52de,https://www.olx.in/item/mobile-phones-c1453-used-oppo-in-mi-road-jaipur-iid-1800400691,Sell Oppo Reno-6 (5g).. Superb Condition Phone..,"(Only Call.. No Msg.. Superb Condition Phone.. With Accessories,Bill.. Free Cover.. It's 5g Dual Sim Phone With In-Display Finger Print Sensor.. 8gb Ram+128gb Rom.. Amazing 64mp Rear.. & 32mp Front Camera Quality.. & Superb Battery Backup.. - Mobile Phones in MI Road, Jaipur",9999,"[""/content/drive/MyDrive/olx_mobile_dataset/images/mobile_fc7eae52de/1.jpg"", ""/content/drive/MyDrive/olx_mobile_dataset/images/mobile_fc7eae52de/2.jpg"", ""/content/drive/MyDrive/olx_mobile_dataset/images/mobile_fc7eae52de/3.jpg"", ""/content/drive/MyDrive/olx_mobile_dataset/images/mobile_fc7eae52de/4.jpg"", ""/content/drive/MyDrive/olx_mobile_dataset/images/mobile_fc7eae52de/5.jpg"", ""/content/drive/MyDrive/olx_mobile_dataset/images/mobile_fc7eae52de/6.jpg"", ""/content/drive/MyDrive/olx_mobile_dataset/images/mobile_fc7eae52de/7.jpg"", ""/content/drive/MyDrive/olx_mobile_dataset/images/mobile_fc7eae52de/8.jpg"", ""/content/drive/MyDrive/olx_mobile_dataset/images/mobile_fc7eae52de/9.jpg"", ""/content/drive/MyDrive/olx_mobile_dataset/images/mobile_fc7eae52de/10.jpg"", ""/content/drive/MyDrive/olx_mobile_dataset/images/mobile_fc7eae52de/11.jpg"", ""/content/drive/MyDrive/olx_mobile_dataset/images/mobile_fc7eae52de/12.jpg"", ""/content/drive/MyDrive/olx_mobile_dataset/images/mobile_fc7eae52de/13.jpg"", ""/content/drive/MyDrive/olx_mobile_dataset/images/mobile_fc7eae52de/14.jpg"", ""/content/drive/MyDrive/olx_mobile_dataset/images/mobile_fc7eae52de/15.jpg"", ""/content/drive/MyDrive/olx_mobile_dataset/images/mobile_fc7eae52de/16.jpg"", ""/content/drive/MyDrive/olx_mobile_dataset/images/mobile_fc7eae52de/17.jpg"", ""/content/drive/MyDrive/olx_mobile_dataset/images/mobile_fc7eae52de/18.jpg"", ""/content/drive/MyDrive/olx_mobile_dataset/images/mobile_fc7eae52de/19.jpg"", ""/content/drive/MyDrive/olx_mobile_dataset/images/mobile_fc7eae52de/20.jpg"", ""/content/drive/MyDrive/olx_mobile_dataset/images/mobile_fc7eae52de/21.jpg"", ""/content/drive/MyDrive/olx_mobile_dataset/images/mobile_fc7eae52de/22.jpg"", ""/content/drive/MyDrive/olx_mobile_dataset/images/mobile_fc7eae52de/23.jpg"", ""/content/drive/MyDrive/olx_mobile_dataset/images/mobile_fc7eae52de/24.jpg"", ""/content/drive/MyDrive/olx_mobile_dataset/images/mobile_fc7eae52de/25.jpg"", ""/content/drive/MyDrive/olx_mobile_dataset/images/mobile_fc7eae52de/26.jpg""]",26,2026-01-13 05:54:08.584959
mobile_06c180f7ac,https://www.olx.in/item/mobile-phones-c1453-used-vivo-in-krishana-murari-colony-budaun-iid-1831947220,Vivo y29 5g 8/256,"Brand new condition Aaj Talak phone khula nahin Hai bill box sab Kuch Hai charger bhi milega phone ekadam brand new hai - Mobile Phones in Krishana Murari Colony, Budaun",15000,"[""/content/drive/MyDrive/olx_mobile_dataset/images/mobile_06c180f7ac/1.jpg"", ""/content/drive/MyDrive/olx_mobile_dataset/images/mobile_06c180f7ac/2.jpg"", ""/content/drive/MyDrive/olx_mobile_dataset/images/mobile_06c180f7ac/3.jpg"", ""/content/drive/MyDrive/olx_mobile_dataset/images/mobile_06c180f7ac/4.jpg"", ""/content/drive/MyDrive/olx_mobile_dataset/images/mobile_06c180f7ac/5.jpg"", ""/content/drive/MyDrive/olx_mobile_dataset/images/mobile_06c180f7ac/6.jpg"", ""/content/drive/MyDrive/olx_mobile_dataset/images/mobile_06c180f7ac/7.jpg"", ""/content/drive/MyDrive/olx_mobile_dataset/images/mobile_06c180f7ac/8.jpg"", ""/content/drive/MyDrive/olx_mobile_dataset/images/mobile_06c180f7ac/9.jpg"", ""/content/drive/MyDrive/olx_mobile_dataset/images/mobile_06c180f7ac/10.jpg"", ""/content/drive/MyDrive/olx_mobile_dataset/images/mobile_06c180f7ac/11.jpg"", ""/content/drive/MyDrive/olx_mobile_dataset/images/mobile_06c180f7ac/12.jpg"", ""/content/drive/MyDrive/olx_mobile_dataset/images/mobile_06c180f7ac/13.jpg"", ""/content/drive/MyDrive/olx_mobile_dataset/images/mobile_06c180f7ac/14.jpg"", ""/content/drive/MyDrive/olx_mobile_dataset/images/mobile_06c180f7ac/15.jpg"", ""/content/drive/MyDrive/olx_mobile_dataset/images/mobile_06c180f7ac/16.jpg"", ""/content/drive/MyDrive/olx_mobile_dataset/images/mobile_06c180f7ac/17.jpg"", ""/content/drive/MyDrive/olx_mobile_dataset/images/mobile_06c180f7ac/18.jpg"", ""/content/drive/MyDrive/olx_mobile_dataset/images/mobile_06c180f7ac/19.jpg"", ""/content/drive/MyDrive/olx_mobile_dataset/images/mobile_06c180f7ac/20.jpg"", ""/content/drive/MyDrive/olx_mobile_dataset/images/mobile_06c180f7ac/21.jpg"", ""/content/drive/MyDrive/olx_mobile_dataset/images/mobile_06c180f7ac/22.jpg"", ""/content/drive/MyDrive/olx_mobile_dataset/images/mobile_06c180f7ac/23.jpg"", ""/content/drive/MyDrive/olx_mobile_dataset/images/mobile_06c180f7ac/24.jpg"", ""/content/drive/MyDrive/olx_mobile_dataset/images/mobile_06c180f7ac/25.jpg"", ""/content/drive/MyDrive/olx_mobile_dataset/images/mobile_06c180f7ac/26.jpg""]",26,2026-01-13 05:54:24.135511
mobile_28fea981ce,https://www.olx.in/item/mobile-phones-c1453-used-samsung-in-east-fort-thiruvananthapuram-iid-1831947288,Samsung Galaxy S25 Plus ( 12/256Gb ) 10months warranty remaining,"Full box Brand new condition :- 10 days shop checking warranty :- Exchnge offer available :- Emi Facility available :- Emi & Loan edukkan agrahikkunnavar :- Shopil varuka check cheyuka :- Shopileakk varumpool kayil :- Adhar :- pan card :-Atm card enniva kayi karuthuka :- Debit and credit acceptable :- Home delivery :- All India courier service :-More details and enquiries :-7️⃣8️⃣7️⃣7️⃣2️⃣7️⃣7️⃣7️⃣1️⃣7️⃣ :-Shop located @ Thakaraparambu , Trivandrum Opposite Thakaraparambu vayalil hotel - Mobile Phones in East Fort, Thiruvananthapuram",58000,"[""/content/drive/MyDrive/olx_mobile_dataset/images/mobile_28fea981ce/1.jpg"", ""/content/drive/MyDrive/olx_mobile_dataset/images/mobile_28fea981ce/2.jpg"", ""/content/drive/MyDrive/olx_mobile_dataset/images/mobile_28fea981ce/3.jpg"", ""/content/drive/MyDrive/olx_mobile_dataset/images/mobile_28fea981ce/4.jpg"", ""/content/drive/MyDrive/olx_mobile_dataset/images/mobile_28fea981ce/5.jpg"", ""/content/drive/MyDrive/olx_mobile_dataset/images/mobile_28fea981ce/6.jpg"", ""/content/drive/MyDrive/olx_mobile_dataset/images/mobile_28fea981ce/7.jpg"", ""/content/drive/MyDrive/olx_mobile_dataset/images/mobile_28fea981ce/8.jpg"", ""/content/drive/MyDrive/olx_mobile_dataset/images/mobile_28fea981ce/9.jpg"", ""/content/drive/MyDrive/olx_mobile_dataset/images/mobile_28fea981ce/10.jpg"", ""/content/drive/MyDrive/olx_mobile_dataset/images/mobile_28fea981ce/11.jpg"", ""/content/drive/MyDrive/olx_mobile_dataset/images/mobile_28fea981ce/12.jpg"", ""/content/drive/MyDrive/olx_mobile_dataset/images/mobile_28fea981ce/13.jpg"", ""/content/drive/MyDrive/olx_mobile_dataset/images/mobile_28fea981ce/14.jpg"", ""/content/drive/MyDrive/olx_mobile_dataset/images/mobile_28fea981ce/15.jpg"", ""/content/drive/MyDrive/olx_mobile_dataset/images/mobile_28fea981ce/16.jpg"", ""/content/drive/MyDrive/olx_mobile_dataset/images/mobile_28fea981ce/17.jpg"", ""/content/drive/MyDrive/olx_mobile_dataset/images/mobile_28fea981ce/18.jpg"", ""/content/drive/MyDrive/olx_mobile_dataset/images/mobile_28fea981ce/19.jpg"", ""/content/drive/MyDrive/olx_mobile_dataset/images/mobile_28fea981ce/20.jpg"", ""/content/drive/MyDrive/olx_mobile_dataset/images/mobile_28fea981ce/21.jpg"", ""/content/drive/MyDrive/olx_mobile_dataset/images/mobile_28fea981ce/22.jpg"", ""/content/drive/MyDrive/olx_mobile_dataset/images/mobile_28fea981ce/23.jpg"", ""/content/drive/MyDrive/olx_mobile_dataset/images/mobile_28fea981ce/24.jpg"", ""/content/drive/MyDrive/olx_mobile_dataset/images/mobile_28fea981ce/25.jpg"", ""/content/drive/MyDrive/olx_mobile_dataset/images/mobile_28fea981ce/26.jpg""]",26,2026-01-13 05:54:35.667851
mobile_230089b7a6,https://www.olx.in/item/mobile-phones-c1453-used-iphone-in-pattom-thiruvananthapuram-iid-1831947226,iPhone 16  128GB  Fresh Device  1 Year Warranty,"- iPhone 16 128GB - Fresh Device - 1 Year Warranty Remaining - Fullbox - Condition Like New - 2 Week Shop Checking Warranty - EMI Facilities are Available [ Bajaj, Home Credit, IDFC, DMI, Chola ] - Exchange Offers are Available - Card's are Accepted - Home Delivery Available - All India Courier Service Available For More Info contact us or visit our shop's @ Msquare Mobiles, Karamana @ Msquare Mobiles, Attakulangara [ Opp. Red Fort ] @ Msquare Mobiles, Neyyattinkara [ KSRTC Complex ] - Mobile Phones in Pattom, Thiruvananthapuram",57999,"[""/content/drive/MyDrive/olx_mobile_dataset/images/mobile_230089b7a6/1.jpg"", ""/content/drive/MyDrive/olx_mobile_dataset/images/mobile_230089b7a6/2.jpg"", ""/content/drive/MyDrive/olx_mobile_dataset/images/mobile_230089b7a6/3.jpg"", ""/content/drive/MyDrive/olx_mobile_dataset/images/mobile_230089b7a6/4.jpg"", ""/content/drive/MyDrive/olx_mobile_dataset/images/mobile_230089b7a6/5.jpg"", ""/content/drive/MyDrive/olx_mobile_dataset/images/mobile_230089b7a6/6.jpg"", ""/content/drive/MyDrive/olx_mobile_dataset/images/mobile_230089b7a6/7.jpg"", ""/content/drive/MyDrive/olx_mobile_dataset/images/mobile_230089b7a6/8.jpg"", ""/content/drive/MyDrive/olx_mobile_dataset/images/mobile_230089b7a6/9.jpg"", ""/content/drive/MyDrive/olx_mobile_dataset/images/mobile_230089b7a6/10.jpg"", ""/content/drive/MyDrive/olx_mobile_dataset/images/mobile_230089b7a6/11.jpg"", ""/content/drive/MyDrive/olx_mobile_dataset/images/mobile_230089b7a6/12.jpg"", ""/content/drive/MyDrive/olx_mobile_dataset/images/mobile_230089b7a6/13.jpg"", ""/content/drive/MyDrive/olx_mobile_dataset/images/mobile_230089b7a6/14.jpg"", ""/content/drive/MyDrive/olx_mobile_dataset/images/mobile_230089b7a6/15.jpg"", ""/content/drive/MyDrive/olx_mobile_dataset/images/mobile_230089b7a6/16.jpg"", ""/content/drive/MyDrive/olx_mobile_dataset/images/mobile_230089b7a6/17.jpg"", ""/content/drive/MyDrive/olx_mobile_dataset/images/mobile_230089b7a6/18.jpg"", ""/content/drive/MyDrive/olx_mobile_dataset/images/mobile_230089b7a6/19.jpg"", ""/content/drive/MyDrive/olx_mobile_dataset/images/mobile_230089b7a6/20.jpg"", ""/content/drive/MyDrive/olx_mobile_dataset/images/mobile_230089b7a6/21.jpg"", ""/content/drive/MyDrive/olx_mobile_dataset/images/mobile_230089b7a6/22.jpg"", ""/content/drive/MyDrive/olx_mobile_dataset/images/mobile_230089b7a6/23.jpg"", ""/content/drive/MyDrive/olx_mobile_dataset/images/mobile_230089b7a6/24.jpg"", ""/content/drive/MyDrive/olx_mobile_dataset/images/mobile_230089b7a6/25.jpg"", ""/content/drive/MyDrive/olx_mobile_dataset/images/mobile_230089b7a6/26.jpg""]",26,2026-01-13 05:54:46.734400
mobile_35a58ae6c1,https://www.olx.in/item/mobile-phones-c1453-used-samsung-in-kadavanthra-kochi-iid-1831672788,Samsung A55,"Samsung A55 One nd half year old mobile 12Gb 256gb Only mobile available Selling due to emergency - Mobile Phones in Kadavanthra, Kochi",18999,"[""/content/drive/MyDrive/olx_mobile_dataset/images/mobile_35a58ae6c1/1.jpg"", ""/content/drive/MyDrive/olx_mobile_dataset/images/mobile_35a58ae6c1/2.jpg"", ""/content/drive/MyDrive/olx_mobile_dataset/images/mobile_35a58ae6c1/3.jpg"", ""/content/drive/MyDrive/olx_mobile_dataset/images/mobile_35a58ae6c1/4.jpg"", ""/content/drive/MyDrive/olx_mobile_dataset/images/mobile_35a58ae6c1/5.jpg"", ""/content/drive/MyDrive/olx_mobile_dataset/images/mobile_35a58ae6c1/6.jpg"", ""/content/drive/MyDrive/olx_mobile_dataset/images/mobile_35a58ae6c1/7.jpg"", ""/content/drive/MyDrive/olx_mobile_dataset/images/mobile_35a58ae6c1/8.jpg"", ""/content/drive/MyDrive/olx_mobile_dataset/images/mobile_35a58ae6c1/9.jpg"", ""/content/drive/MyDrive/olx_mobile_dataset/images/mobile_35a58ae6c1/10.jpg"", ""/content/drive/MyDrive/olx_mobile_dataset/images/mobile_35a58ae6c1/11.jpg"", ""/content/drive/MyDrive/olx_mobile_dataset/images/mobile_35a58ae6c1/12.jpg"", ""/content/drive/MyDrive/olx_mobile_dataset/images/mobile_35a58ae6c1/13.jpg"", ""/content/drive/MyDrive/olx_mobile_dataset/images/mobile_35a58ae6c1/14.jpg"", ""/content/drive/MyDrive/olx_mobile_dataset/images/mobile_35a58ae6c1/15.jpg"", ""/content/drive/MyDrive/olx_mobile_dataset/images/mobile_35a58ae6c1/16.jpg"", ""/content/drive/MyDrive/olx_mobile_dataset/images/mobile_35a58ae6c1/17.jpg"", ""/content/drive/MyDrive/olx_mobile_dataset/images/mobile_35a58ae6c1/18.jpg"", ""/content/drive/MyDrive/olx_mobile_dataset/images/mobile_35a58ae6c1/19.jpg"", ""/content/drive/MyDrive/olx_mobile_dataset/images/mobile_35a58ae6c1/20.jpg"", ""/content/drive/MyDrive/olx_mobile_dataset/images/mobile_35a58ae6c1/21.jpg"", ""/content/drive/MyDrive/olx_mobile_dataset/images/mobile_35a58ae6c1/22.jpg"", ""/content/drive/MyDrive/olx_mobile_dataset/images/mobile_35a58ae6c1/23.jpg"", ""/content/drive/MyDrive/olx_mobile_dataset/images/mobile_35a58ae6c1/24.jpg"", ""/content/drive/MyDrive/olx_mobile_dataset/images/mobile_35a58ae6c1/25.jpg"", ""/content/drive/MyDrive/olx_mobile_dataset/images/mobile_35a58ae6c1/26.jpg""]",26,2026-01-13 05:54:57.168356
mobile_2fb6c2cd3b,https://www.olx.in/item/mobile-phones-c1453-used-vivo-in-aali-delhi-iid-1831947214,Vivo y28e 5g 4+4 8/128,"1 number phone h mast - Mobile Phones in Aali, Delhi",7500,"[""/content/drive/MyDrive/olx_mobile_dataset/images/mobile_2fb6c2cd3b/1.jpg"", ""/content/drive/MyDrive/olx_mobile_dataset/images/mobile_2fb6c2cd3b/2.jpg"", ""/content/drive/MyDrive/olx_mobile_dataset/images/mobile_2fb6c2cd3b/3.jpg"", ""/content/drive/MyDrive/olx_mobile_dataset/images/mobile_2fb6c2cd3b/4.jpg"", ""/content/drive/MyDrive/olx_mobile_dataset/images/mobile_2fb6c2cd3b/5.jpg"", ""/content/drive/MyDrive/olx_mobile_dataset/images/mobile_2fb6c2cd3b/6.jpg"", ""/content/drive/MyDrive/olx_mobile_dataset/images/mobile_2fb6c2cd3b/7.jpg"", ""/content/drive/MyDrive/olx_mobile_dataset/images/mobile_2fb6c2cd3b/8.jpg"", ""/content/drive/MyDrive/olx_mobile_dataset/images/mobile_2fb6c2cd3b/9.jpg"", ""/content/drive/MyDrive/olx_mobile_dataset/images/mobile_2fb6c2cd3b/10.jpg"", ""/content/drive/MyDrive/olx_mobile_dataset/images/mobile_2fb6c2cd3b/11.jpg"", ""/content/drive/MyDrive/olx_mobile_dataset/images/mobile_2fb6c2cd3b/12.jpg"", ""/content/drive/MyDrive/olx_mobile_dataset/images/mobile_2fb6c2cd3b/13.jpg"", ""/content/drive/MyDrive/olx_mobile_dataset/images/mobile_2fb6c2cd3b/14.jpg"", ""/content/drive/MyDrive/olx_mobile_dataset/images/mobile_2fb6c2cd3b/15.jpg"", ""/content/drive/MyDrive/olx_mobile_dataset/images/mobile_2fb6c2cd3b/16.jpg"", ""/content/drive/MyDrive/olx_mobile_dataset/images/mobile_2fb6c2cd3b/17.jpg"", ""/content/drive/MyDrive/olx_mobile_dataset/images/mobile_2fb6c2cd3b/18.jpg"", ""/content/drive/MyDrive/olx_mobile_dataset/images/mobile_2fb6c2cd3b/19.jpg"", ""/content/drive/MyDrive/olx_mobile_dataset/images/mobile_2fb6c2cd3b/20.jpg"", ""/content/drive/MyDrive/olx_mobile_dataset/images/mobile_2fb6c2cd3b/21.jpg"", ""/content/drive/MyDrive/olx_mobile_dataset/images/mobile_2fb6c2cd3b/22.jpg"", ""/content/drive/MyDrive/olx_mobile_dataset/images/mobile_2fb6c2cd3b/23.jpg"", ""/content/drive/MyDrive/olx_mobile_dataset/images/mobile_2fb6c2cd3b/24.jpg"", ""/content/drive/MyDrive/olx_mobile_dataset/images/mobile_2fb6c2cd3b/25.jpg"", ""/content/drive/MyDrive/olx_mobile_dataset/images/mobile_2fb6c2cd3b/26.jpg""]",26,2026-01-13 05:55:08.957180
mobile_0b0754dc75,https://www.olx.in/item/mobile-phones-c1453-used-vivo-in-vadhdhamna-nagpur-iid-1831667860,Vivo v27 (8_128),"Display pe black dag hai but touch Kam karta hai pura - Mobile Phones in Vadhdhamna, Nagpur",10000,"[""/content/drive/MyDrive/olx_mobile_dataset/images/mobile_0b0754dc75/1.jpg"", ""/content/drive/MyDrive/olx_mobile_dataset/images/mobile_0b0754dc75/2.jpg"", ""/content/drive/MyDrive/olx_mobile_dataset/images/mobile_0b0754dc75/3.jpg"", ""/content/drive/MyDrive/olx_mobile_dataset/images/mobile_0b0754dc75/4.jpg"", ""/content/drive/MyDrive/olx_mobile_dataset/images/mobile_0b0754dc75/5.jpg"", ""/content/drive/MyDrive/olx_mobile_dataset/images/mobile_0b0754dc75/6.jpg"", ""/content/drive/MyDrive/olx_mobile_dataset/images/mobile_0b0754dc75/7.jpg"", ""/content/drive/MyDrive/olx_mobile_dataset/images/mobile_0b0754dc75/8.jpg"", ""/content/drive/MyDrive/olx_mobile_dataset/images/mobile_0b0754dc75/9.jpg"", ""/content/drive/MyDrive/olx_mobile_dataset/images/mobile_0b0754dc75/10.jpg"", ""/content/drive/MyDrive/olx_mobile_dataset/images/mobile_0b0754dc75/11.jpg"", ""/content/drive/MyDrive/olx_mobile_dataset/images/mobile_0b0754dc75/12.jpg"", ""/content/drive/MyDrive/olx_mobile_dataset/images/mobile_0b0754dc75/13.jpg"", ""/content/drive/MyDrive/olx_mobile_dataset/images/mobile_0b0754dc75/14.jpg"", ""/content/drive/MyDrive/olx_mobile_dataset/images/mobile_0b0754dc75/15.jpg"", ""/content/drive/MyDrive/olx_mobile_dataset/images/mobile_0b0754dc75/16.jpg"", ""/content/drive/MyDrive/olx_mobile_dataset/images/mobile_0b0754dc75/17.jpg"", ""/content/drive/MyDrive/olx_mobile_dataset/images/mobile_0b0754dc75/18.jpg"", ""/content/drive/MyDrive/olx_mobile_dataset/images/mobile_0b0754dc75/19.jpg"", ""/content/drive/MyDrive/olx_mobile_dataset/images/mobile_0b0754dc75/20.jpg"", ""/content/drive/MyDrive/olx_mobile_dataset/images/mobile_0b0754dc75/21.jpg"", ""/content/drive/MyDrive/olx_mobile_dataset/images/mobile_0b0754dc75/22.jpg"", ""/content/drive/MyDrive/olx_mobile_dataset/images/mobile_0b0754dc75/23.jpg"", ""/content/drive/MyDrive/olx_mobile_dataset/images/mobile_0b0754dc75/24.jpg"", ""/content/drive/MyDrive/olx_mobile_dataset/images/mobile_0b0754dc75/25.jpg"", ""/content/drive/MyDrive/olx_mobile_dataset/images/mobile_0b0754dc75/26.jpg""]",26,2026-01-13 05:55:24.449284
mobile_07fb289b88,https://www.olx.in/item/mobile-phones-c1453-used-samsung-in-janakpuri-delhi-iid-1830134157,Samsung Galaxy F54 5G 8/256 New Condition,"Samsung Galaxy F54 5G 8/256 New Condition Bill Charger Available One Year Old - Mobile Phones in Janakpuri, Delhi",13000,"[""/content/drive/MyDrive/olx_mobile_dataset/images/mobile_07fb289b88/1.jpg"", ""/content/drive/MyDrive/olx_mobile_dataset/images/mobile_07fb289b88/2.jpg"", ""/content/drive/MyDrive/olx_mobile_dataset/images/mobile_07fb289b88/3.jpg"", ""/content/drive/MyDrive/olx_mobile_dataset/images/mobile_07fb289b88/4.jpg"", ""/content/drive/MyDrive/olx_mobile_dataset/images/mobile_07fb289b88/5.jpg"", ""/content/drive/MyDrive/olx_mobile_dataset/images/mobile_07fb289b88/6.jpg"", ""/content/drive/MyDrive/olx_mobile_dataset/images/mobile_07fb289b88/7.jpg"", ""/content/drive/MyDrive/olx_mobile_dataset/images/mobile_07fb289b88/8.jpg"", ""/content/drive/MyDrive/olx_mobile_dataset/images/mobile_07fb289b88/9.jpg"", ""/content/drive/MyDrive/olx_mobile_dataset/images/mobile_07fb289b88/10.jpg"", ""/content/drive/MyDrive/olx_mobile_dataset/images/mobile_07fb289b88/11.jpg"", ""/content/drive/MyDrive/olx_mobile_dataset/images/mobile_07fb289b88/12.jpg"", ""/content/drive/MyDrive/olx_mobile_dataset/images/mobile_07fb289b88/13.jpg"", ""/content/drive/MyDrive/olx_mobile_dataset/images/mobile_07fb289b88/14.jpg"", ""/content/drive/MyDrive/olx_mobile_dataset/images/mobile_07fb289b88/15.jpg"", ""/content/drive/MyDrive/olx_mobile_dataset/images/mobile_07fb289b88/16.jpg"", ""/content/drive/MyDrive/olx_mobile_dataset/images/mobile_07fb289b88/17.jpg"", ""/content/drive/MyDrive/olx_mobile_dataset/images/mobile_07fb289b88/18.jpg"", ""/content/drive/MyDrive/olx_mobile_dataset/images/mobile_07fb289b88/19.jpg"", ""/content/drive/MyDrive/olx_mobile_dataset/images/mobile_07fb289b88/20.jpg"", ""/content/drive/MyDrive/olx_mobile_dataset/images/mobile_07fb289b88/21.jpg"", ""/content/drive/MyDrive/olx_mobile_dataset/images/mobile_07fb289b88/22.jpg"", ""/content/drive/MyDrive/olx_mobile_dataset/images/mobile_07fb289b88/23.jpg"", ""/content/drive/MyDrive/olx_mobile_dataset/images/mobile_07fb289b88/24.jpg"", ""/content/drive/MyDrive/olx_mobile_dataset/images/mobile_07fb289b88/25.jpg"", ""/content/drive/MyDrive/olx_mobile_dataset/images/mobile_07fb289b88/26.jpg""]",26,2026-01-13 05:55:36.400818
mobile_ccc0c47d93,https://www.olx.in/item/mobile-phones-c1453-used-samsung-in-karamana-thiruvananthapuram-iid-1831947169,Samsung galaxy S25 12/256GB 8months warranty remaining full box,"Full box Brand new condition :- 10 days shop checking warranty :- Exchnge offer available :- Emi Facility available :- Emi & Loan edukkan agrahikkunnavar :- Shopil varuka check cheyuka :- Shopileakk varumpool kayil :- Adhar :- pan card :-Atm card enniva kayi karuthuka :- Debit and credit acceptable :- Home delivery :- All India courier service :-More details and enquiries :-7️⃣8️⃣7️⃣7️⃣2️⃣7️⃣7️⃣7️⃣1️⃣7️⃣ :-Shop located @ Thakaraparambu , Trivandrum Opposite Thakaraparambu vayalil hotel - Mobile Phones in Karamana, Thiruvananthapuram",47900,"[""/content/drive/MyDrive/olx_mobile_dataset/images/mobile_ccc0c47d93/1.jpg"", ""/content/drive/MyDrive/olx_mobile_dataset/images/mobile_ccc0c47d93/2.jpg"", ""/content/drive/MyDrive/olx_mobile_dataset/images/mobile_ccc0c47d93/3.jpg"", ""/content/drive/MyDrive/olx_mobile_dataset/images/mobile_ccc0c47d93/4.jpg"", ""/content/drive/MyDrive/olx_mobile_dataset/images/mobile_ccc0c47d93/5.jpg"", ""/content/drive/MyDrive/olx_mobile_dataset/images/mobile_ccc0c47d93/6.jpg"", ""/content/drive/MyDrive/olx_mobile_dataset/images/mobile_ccc0c47d93/7.jpg"", ""/content/drive/MyDrive/olx_mobile_dataset/images/mobile_ccc0c47d93/8.jpg"", ""/content/drive/MyDrive/olx_mobile_dataset/images/mobile_ccc0c47d93/9.jpg"", ""/content/drive/MyDrive/olx_mobile_dataset/images/mobile_ccc0c47d93/10.jpg"", ""/content/drive/MyDrive/olx_mobile_dataset/images/mobile_ccc0c47d93/11.jpg"", ""/content/drive/MyDrive/olx_mobile_dataset/images/mobile_ccc0c47d93/12.jpg"", ""/content/drive/MyDrive/olx_mobile_dataset/images/mobile_ccc0c47d93/13.jpg"", ""/content/drive/MyDrive/olx_mobile_dataset/images/mobile_ccc0c47d93/14.jpg"", ""/content/drive/MyDrive/olx_mobile_dataset/images/mobile_ccc0c47d93/15.jpg"", ""/content/drive/MyDrive/olx_mobile_dataset/images/mobile_ccc0c47d93/16.jpg"", ""/content/drive/MyDrive/olx_mobile_dataset/images/mobile_ccc0c47d93/17.jpg"", ""/content/drive/MyDrive/olx_mobile_dataset/images/mobile_ccc0c47d93/18.jpg"", ""/content/drive/MyDrive/olx_mobile_dataset/images/mobile_ccc0c47d93/19.jpg"", ""/content/drive/MyDrive/olx_mobile_dataset/images/mobile_ccc0c47d93/20.jpg"", ""/content/drive/MyDrive/olx_mobile_dataset/images/mobile_ccc0c47d93/21.jpg"", ""/content/drive/MyDrive/olx_mobile_dataset/images/mobile_ccc0c47d93/22.jpg"", ""/content/drive/MyDrive/olx_mobile_dataset/images/mobile_ccc0c47d93/23.jpg"", ""/content/drive/MyDrive/olx_mobile_dataset/images/mobile_ccc0c47d93/24.jpg"", ""/content/drive/MyDrive/olx_mobile_dataset/images/mobile_ccc0c47d93/25.jpg"", ""/content/drive/MyDrive/olx_mobile_dataset/images/mobile_ccc0c47d93/26.jpg""]",26,2026-01-13 05:55:47.224921
mobile_38e8fad38d,https://www.olx.in/item/mobile-phones-c1453-used-samsung-in-unit-5-bhubaneshwar-iid-1831947150,Samsung a50 s indisplay fingerprint super amolde display,"Good condition phone - Mobile Phones in Unit 5, Bhubaneshwar",5000,"[""/content/drive/MyDrive/olx_mobile_dataset/images/mobile_38e8fad38d/1.jpg"", ""/content/drive/MyDrive/olx_mobile_dataset/images/mobile_38e8fad38d/2.jpg"", ""/content/drive/MyDrive/olx_mobile_dataset/images/mobile_38e8fad38d/3.jpg"", ""/content/drive/MyDrive/olx_mobile_dataset/images/mobile_38e8fad38d/4.jpg"", ""/content/drive/MyDrive/olx_mobile_dataset/images/mobile_38e8fad38d/5.jpg"", ""/content/drive/MyDrive/olx_mobile_dataset/images/mobile_38e8fad38d/6.jpg"", ""/content/drive/MyDrive/olx_mobile_dataset/images/mobile_38e8fad38d/7.jpg"", ""/content/drive/MyDrive/olx_mobile_dataset/images/mobile_38e8fad38d/8.jpg"", ""/content/drive/MyDrive/olx_mobile_dataset/images/mobile_38e8fad38d/9.jpg"", ""/content/drive/MyDrive/olx_mobile_dataset/images/mobile_38e8fad38d/10.jpg"", ""/content/drive/MyDrive/olx_mobile_dataset/images/mobile_38e8fad38d/11.jpg"", ""/content/drive/MyDrive/olx_mobile_dataset/images/mobile_38e8fad38d/12.jpg"", ""/content/drive/MyDrive/olx_mobile_dataset/images/mobile_38e8fad38d/13.jpg"", ""/content/drive/MyDrive/olx_mobile_dataset/images/mobile_38e8fad38d/14.jpg"", ""/content/drive/MyDrive/olx_mobile_dataset/images/mobile_38e8fad38d/15.jpg"", ""/content/drive/MyDrive/olx_mobile_dataset/images/mobile_38e8fad38d/16.jpg"", ""/content/drive/MyDrive/olx_mobile_dataset/images/mobile_38e8fad38d/17.jpg"", ""/content/drive/MyDrive/olx_mobile_dataset/images/mobile_38e8fad38d/18.jpg"", ""/content/drive/MyDrive/olx_mobile_dataset/images/mobile_38e8fad38d/19.jpg"", ""/content/drive/MyDrive/olx_mobile_dataset/images/mobile_38e8fad38d/20.jpg"", ""/content/drive/MyDrive/olx_mobile_dataset/images/mobile_38e8fad38d/21.jpg"", ""/content/drive/MyDrive/olx_mobile_dataset/images/mobile_38e8fad38d/22.jpg"", ""/content/drive/MyDrive/olx_mobile_dataset/images/mobile_38e8fad38d/23.jpg"", ""/content/drive/MyDrive/olx_mobile_dataset/images/mobile_38e8fad38d/24.jpg"", ""/content/drive/MyDrive/olx_mobile_dataset/images/mobile_38e8fad38d/25.jpg"", ""/content/drive/MyDrive/olx_mobile_dataset/images/mobile_38e8fad38d/26.jpg""]",26,2026-01-13 05:55:57.631462
mobile_0da41357bc,https://www.olx.in/item/mobile-phones-c1453-used-iphone-in-nigave-dumala-kolhapur-iid-1831360097,iPhone 15 pro white color with all accessories finance available,"All models are there , with excellent condition - Mobile Phones in Nigave Dumala, Kolhapur",26000,"[""/content/drive/MyDrive/olx_mobile_dataset/images/mobile_0da41357bc/1.jpg"", ""/content/drive/MyDrive/olx_mobile_dataset/images/mobile_0da41357bc/2.jpg"", ""/content/drive/MyDrive/olx_mobile_dataset/images/mobile_0da41357bc/3.jpg"", ""/content/drive/MyDrive/olx_mobile_dataset/images/mobile_0da41357bc/4.jpg"", ""/content/drive/MyDrive/olx_mobile_dataset/images/mobile_0da41357bc/5.jpg"", ""/content/drive/MyDrive/olx_mobile_dataset/images/mobile_0da41357bc/6.jpg"", ""/content/drive/MyDrive/olx_mobile_dataset/images/mobile_0da41357bc/7.jpg"", ""/content/drive/MyDrive/olx_mobile_dataset/images/mobile_0da41357bc/8.jpg"", ""/content/drive/MyDrive/olx_mobile_dataset/images/mobile_0da41357bc/9.jpg"", ""/content/drive/MyDrive/olx_mobile_dataset/images/mobile_0da41357bc/10.jpg"", ""/content/drive/MyDrive/olx_mobile_dataset/images/mobile_0da41357bc/11.jpg"", ""/content/drive/MyDrive/olx_mobile_dataset/images/mobile_0da41357bc/12.jpg"", ""/content/drive/MyDrive/olx_mobile_dataset/images/mobile_0da41357bc/13.jpg"", ""/content/drive/MyDrive/olx_mobile_dataset/images/mobile_0da41357bc/14.jpg"", ""/content/drive/MyDrive/olx_mobile_dataset/images/mobile_0da41357bc/15.jpg"", ""/content/drive/MyDrive/olx_mobile_dataset/images/mobile_0da41357bc/16.jpg"", ""/content/drive/MyDrive/olx_mobile_dataset/images/mobile_0da41357bc/17.jpg"", ""/content/drive/MyDrive/olx_mobile_dataset/images/mobile_0da41357bc/18.jpg"", ""/content/drive/MyDrive/olx_mobile_dataset/images/mobile_0da41357bc/19.jpg"", ""/content/drive/MyDrive/olx_mobile_dataset/images/mobile_0da41357bc/20.jpg"", ""/content/drive/MyDrive/olx_mobile_dataset/images/mobile_0da41357bc/21.jpg"", ""/content/drive/MyDrive/olx_mobile_dataset/images/mobile_0da41357bc/22.jpg"", ""/content/drive/MyDrive/olx_mobile_dataset/images/mobile_0da41357bc/23.jpg"", ""/content/drive/MyDrive/olx_mobile_dataset/images/mobile_0da41357bc/24.jpg"", ""/content/drive/MyDrive/olx_mobile_dataset/images/mobile_0da41357bc/25.jpg"", ""/content/drive/MyDrive/olx_mobile_dataset/images/mobile_0da41357bc/26.jpg""]",26,2026-01-13 05:56:27.123299
mobile_27dfa3273e,https://www.olx.in/item/mobile-phones-c1453-used-iphone-in-uma-shri-gruh-nirman-society-sec-no-3-solapur-iid-1831360234,iPhone 15 pro white  color with all accessories finance available,"All models are there, used phones with excellent condition - Mobile Phones in Uma Shri Gruh Nirman Society Sec No 3, Solapur",25000,"[""/content/drive/MyDrive/olx_mobile_dataset/images/mobile_27dfa3273e/1.jpg"", ""/content/drive/MyDrive/olx_mobile_dataset/images/mobile_27dfa3273e/2.jpg"", ""/content/drive/MyDrive/olx_mobile_dataset/images/mobile_27dfa3273e/3.jpg"", ""/content/drive/MyDrive/olx_mobile_dataset/images/mobile_27dfa3273e/4.jpg"", ""/content/drive/MyDrive/olx_mobile_dataset/images/mobile_27dfa3273e/5.jpg"", ""/content/drive/MyDrive/olx_mobile_dataset/images/mobile_27dfa3273e/6.jpg"", ""/content/drive/MyDrive/olx_mobile_dataset/images/mobile_27dfa3273e/7.jpg"", ""/content/drive/MyDrive/olx_mobile_dataset/images/mobile_27dfa3273e/8.jpg"", ""/content/drive/MyDrive/olx_mobile_dataset/images/mobile_27dfa3273e/9.jpg"", ""/content/drive/MyDrive/olx_mobile_dataset/images/mobile_27dfa3273e/10.jpg"", ""/content/drive/MyDrive/olx_mobile_dataset/images/mobile_27dfa3273e/11.jpg"", ""/content/drive/MyDrive/olx_mobile_dataset/images/mobile_27dfa3273e/12.jpg"", ""/content/drive/MyDrive/olx_mobile_dataset/images/mobile_27dfa3273e/13.jpg"", ""/content/drive/MyDrive/olx_mobile_dataset/images/mobile_27dfa3273e/14.jpg"", ""/content/drive/MyDrive/olx_mobile_dataset/images/mobile_27dfa3273e/15.jpg"", ""/content/drive/MyDrive/olx_mobile_dataset/images/mobile_27dfa3273e/16.jpg"", ""/content/drive/MyDrive/olx_mobile_dataset/images/mobile_27dfa3273e/17.jpg"", ""/content/drive/MyDrive/olx_mobile_dataset/images/mobile_27dfa3273e/18.jpg"", ""/content/drive/MyDrive/olx_mobile_dataset/images/mobile_27dfa3273e/19.jpg"", ""/content/drive/MyDrive/olx_mobile_dataset/images/mobile_27dfa3273e/20.jpg"", ""/content/drive/MyDrive/olx_mobile_dataset/images/mobile_27dfa3273e/21.jpg"", ""/content/drive/MyDrive/olx_mobile_dataset/images/mobile_27dfa3273e/22.jpg"", ""/content/drive/MyDrive/olx_mobile_dataset/images/mobile_27dfa3273e/23.jpg"", ""/content/drive/MyDrive/olx_mobile_dataset/images/mobile_27dfa3273e/24.jpg"", ""/content/drive/MyDrive/olx_mobile_dataset/images/mobile_27dfa3273e/25.jpg"", ""/content/drive/MyDrive/olx_mobile_dataset/images/mobile_27dfa3273e/26.jpg""]",26,2026-01-13 05:56:36.154514
mobile_37a926e28e,https://www.olx.in/item/mobile-phones-c1453-used-vivo-in-williams-town-deoghar-iid-1831947287,X200 5G  12gb 256gb  1 year old,"Ye hai Vivo ka X200 5G jo ki full on condition me hai with all accessories like new condition, 1 saal hua hai, lekin phone me ek scratch bhi nhi h, Agar Kisiko chahiye ho to message karein. - Mobile Phones in Williams Town, Deoghar",45000,"[""/content/drive/MyDrive/olx_mobile_dataset/images/mobile_37a926e28e/1.jpg"", ""/content/drive/MyDrive/olx_mobile_dataset/images/mobile_37a926e28e/2.jpg"", ""/content/drive/MyDrive/olx_mobile_dataset/images/mobile_37a926e28e/3.jpg"", ""/content/drive/MyDrive/olx_mobile_dataset/images/mobile_37a926e28e/4.jpg"", ""/content/drive/MyDrive/olx_mobile_dataset/images/mobile_37a926e28e/5.jpg"", ""/content/drive/MyDrive/olx_mobile_dataset/images/mobile_37a926e28e/6.jpg"", ""/content/drive/MyDrive/olx_mobile_dataset/images/mobile_37a926e28e/7.jpg"", ""/content/drive/MyDrive/olx_mobile_dataset/images/mobile_37a926e28e/8.jpg"", ""/content/drive/MyDrive/olx_mobile_dataset/images/mobile_37a926e28e/9.jpg"", ""/content/drive/MyDrive/olx_mobile_dataset/images/mobile_37a926e28e/10.jpg"", ""/content/drive/MyDrive/olx_mobile_dataset/images/mobile_37a926e28e/11.jpg"", ""/content/drive/MyDrive/olx_mobile_dataset/images/mobile_37a926e28e/12.jpg"", ""/content/drive/MyDrive/olx_mobile_dataset/images/mobile_37a926e28e/13.jpg"", ""/content/drive/MyDrive/olx_mobile_dataset/images/mobile_37a926e28e/14.jpg"", ""/content/drive/MyDrive/olx_mobile_dataset/images/mobile_37a926e28e/15.jpg"", ""/content/drive/MyDrive/olx_mobile_dataset/images/mobile_37a926e28e/16.jpg"", ""/content/drive/MyDrive/olx_mobile_dataset/images/mobile_37a926e28e/17.jpg"", ""/content/drive/MyDrive/olx_mobile_dataset/images/mobile_37a926e28e/18.jpg"", ""/content/drive/MyDrive/olx_mobile_dataset/images/mobile_37a926e28e/19.jpg"", ""/content/drive/MyDrive/olx_mobile_dataset/images/mobile_37a926e28e/20.jpg"", ""/content/drive/MyDrive/olx_mobile_dataset/images/mobile_37a926e28e/21.jpg"", ""/content/drive/MyDrive/olx_mobile_dataset/images/mobile_37a926e28e/22.jpg"", ""/content/drive/MyDrive/olx_mobile_dataset/images/mobile_37a926e28e/23.jpg"", ""/content/drive/MyDrive/olx_mobile_dataset/images/mobile_37a926e28e/24.jpg"", ""/content/drive/MyDrive/olx_mobile_dataset/images/mobile_37a926e28e/25.jpg"", ""/content/drive/MyDrive/olx_mobile_dataset/images/mobile_37a926e28e/26.jpg""]",26,2026-01-13 05:56:48.038419
mobile_a1e803b5a9,https://www.olx.in/item/mobile-phones-c1453-used-other-mobiles-in-sirmour-sirmaur-iid-1831947177,Power bank 10000 mah,"Power bank 10000mah (look like new ) Fast charging 37watt - Mobile Phones in Sirmour, Sirmaur",800,"[""/content/drive/MyDrive/olx_mobile_dataset/images/mobile_a1e803b5a9/1.jpg"", ""/content/drive/MyDrive/olx_mobile_dataset/images/mobile_a1e803b5a9/2.jpg"", ""/content/drive/MyDrive/olx_mobile_dataset/images/mobile_a1e803b5a9/3.jpg"", ""/content/drive/MyDrive/olx_mobile_dataset/images/mobile_a1e803b5a9/4.jpg"", ""/content/drive/MyDrive/olx_mobile_dataset/images/mobile_a1e803b5a9/5.jpg"", ""/content/drive/MyDrive/olx_mobile_dataset/images/mobile_a1e803b5a9/6.jpg"", ""/content/drive/MyDrive/olx_mobile_dataset/images/mobile_a1e803b5a9/7.jpg"", ""/content/drive/MyDrive/olx_mobile_dataset/images/mobile_a1e803b5a9/8.jpg"", ""/content/drive/MyDrive/olx_mobile_dataset/images/mobile_a1e803b5a9/9.jpg"", ""/content/drive/MyDrive/olx_mobile_dataset/images/mobile_a1e803b5a9/10.jpg"", ""/content/drive/MyDrive/olx_mobile_dataset/images/mobile_a1e803b5a9/11.jpg"", ""/content/drive/MyDrive/olx_mobile_dataset/images/mobile_a1e803b5a9/12.jpg"", ""/content/drive/MyDrive/olx_mobile_dataset/images/mobile_a1e803b5a9/13.jpg"", ""/content/drive/MyDrive/olx_mobile_dataset/images/mobile_a1e803b5a9/14.jpg"", ""/content/drive/MyDrive/olx_mobile_dataset/images/mobile_a1e803b5a9/15.jpg"", ""/content/drive/MyDrive/olx_mobile_dataset/images/mobile_a1e803b5a9/16.jpg"", ""/content/drive/MyDrive/olx_mobile_dataset/images/mobile_a1e803b5a9/17.jpg"", ""/content/drive/MyDrive/olx_mobile_dataset/images/mobile_a1e803b5a9/18.jpg"", ""/content/drive/MyDrive/olx_mobile_dataset/images/mobile_a1e803b5a9/19.jpg"", ""/content/drive/MyDrive/olx_mobile_dataset/images/mobile_a1e803b5a9/20.jpg"", ""/content/drive/MyDrive/olx_mobile_dataset/images/mobile_a1e803b5a9/21.jpg"", ""/content/drive/MyDrive/olx_mobile_dataset/images/mobile_a1e803b5a9/22.jpg"", ""/content/drive/MyDrive/olx_mobile_dataset/images/mobile_a1e803b5a9/23.jpg"", ""/content/drive/MyDrive/olx_mobile_dataset/images/mobile_a1e803b5a9/24.jpg"", ""/content/drive/MyDrive/olx_mobile_dataset/images/mobile_a1e803b5a9/25.jpg"", ""/content/drive/MyDrive/olx_mobile_dataset/images/mobile_a1e803b5a9/26.jpg""]",26,2026-01-13 05:57:03.625551
mobile_808a7c9ef6,https://www.olx.in/item/mobile-phones-c1453-used-other-mobiles-in-burari-delhi-iid-1831947182,Pocco M7 5G,"Conditions is like new.. Use only 7 days - Mobile Phones in Burari, Delhi",9000,"[""/content/drive/MyDrive/olx_mobile_dataset/images/mobile_808a7c9ef6/1.jpg"", ""/content/drive/MyDrive/olx_mobile_dataset/images/mobile_808a7c9ef6/2.jpg"", ""/content/drive/MyDrive/olx_mobile_dataset/images/mobile_808a7c9ef6/3.jpg"", ""/content/drive/MyDrive/olx_mobile_dataset/images/mobile_808a7c9ef6/4.jpg"", ""/content/drive/MyDrive/olx_mobile_dataset/images/mobile_808a7c9ef6/5.jpg"", ""/content/drive/MyDrive/olx_mobile_dataset/images/mobile_808a7c9ef6/6.jpg"", ""/content/drive/MyDrive/olx_mobile_dataset/images/mobile_808a7c9ef6/7.jpg"", ""/content/drive/MyDrive/olx_mobile_dataset/images/mobile_808a7c9ef6/8.jpg"", ""/content/drive/MyDrive/olx_mobile_dataset/images/mobile_808a7c9ef6/9.jpg"", ""/content/drive/MyDrive/olx_mobile_dataset/images/mobile_808a7c9ef6/10.jpg"", ""/content/drive/MyDrive/olx_mobile_dataset/images/mobile_808a7c9ef6/11.jpg"", ""/content/drive/MyDrive/olx_mobile_dataset/images/mobile_808a7c9ef6/12.jpg"", ""/content/drive/MyDrive/olx_mobile_dataset/images/mobile_808a7c9ef6/13.jpg"", ""/content/drive/MyDrive/olx_mobile_dataset/images/mobile_808a7c9ef6/14.jpg"", ""/content/drive/MyDrive/olx_mobile_dataset/images/mobile_808a7c9ef6/15.jpg"", ""/content/drive/MyDrive/olx_mobile_dataset/images/mobile_808a7c9ef6/16.jpg"", ""/content/drive/MyDrive/olx_mobile_dataset/images/mobile_808a7c9ef6/17.jpg"", ""/content/drive/MyDrive/olx_mobile_dataset/images/mobile_808a7c9ef6/18.jpg"", ""/content/drive/MyDrive/olx_mobile_dataset/images/mobile_808a7c9ef6/19.jpg"", ""/content/drive/MyDrive/olx_mobile_dataset/images/mobile_808a7c9ef6/20.jpg"", ""/content/drive/MyDrive/olx_mobile_dataset/images/mobile_808a7c9ef6/21.jpg"", ""/content/drive/MyDrive/olx_mobile_dataset/images/mobile_808a7c9ef6/22.jpg"", ""/content/drive/MyDrive/olx_mobile_dataset/images/mobile_808a7c9ef6/23.jpg"", ""/content/drive/MyDrive/olx_mobile_dataset/images/mobile_808a7c9ef6/24.jpg"", ""/content/drive/MyDrive/olx_mobile_dataset/images/mobile_808a7c9ef6/25.jpg"", ""/content/drive/MyDrive/olx_mobile_dataset/images/mobile_808a7c9ef6/26.jpg""]",26,2026-01-13 05:57:12.251981
mobile_3b4e401921,https://www.olx.in/item/mobile-phones-c1453-used-vivo-in-brahmanapalle-pulivendula-iid-1830753732,Vivo Iqoo13,"7 month exlent condition no damages no scratches 16 +512 gb - Mobile Phones in Brahmanapalle, Pulivendula",45000,"[""/content/drive/MyDrive/olx_mobile_dataset/images/mobile_3b4e401921/1.jpg"", ""/content/drive/MyDrive/olx_mobile_dataset/images/mobile_3b4e401921/2.jpg"", ""/content/drive/MyDrive/olx_mobile_dataset/images/mobile_3b4e401921/3.jpg"", ""/content/drive/MyDrive/olx_mobile_dataset/images/mobile_3b4e401921/4.jpg"", ""/content/drive/MyDrive/olx_mobile_dataset/images/mobile_3b4e401921/5.jpg"", ""/content/drive/MyDrive/olx_mobile_dataset/images/mobile_3b4e401921/6.jpg"", ""/content/drive/MyDrive/olx_mobile_dataset/images/mobile_3b4e401921/7.jpg"", ""/content/drive/MyDrive/olx_mobile_dataset/images/mobile_3b4e401921/8.jpg"", ""/content/drive/MyDrive/olx_mobile_dataset/images/mobile_3b4e401921/9.jpg"", ""/content/drive/MyDrive/olx_mobile_dataset/images/mobile_3b4e401921/10.jpg"", ""/content/drive/MyDrive/olx_mobile_dataset/images/mobile_3b4e401921/11.jpg"", ""/content/drive/MyDrive/olx_mobile_dataset/images/mobile_3b4e401921/12.jpg"", ""/content/drive/MyDrive/olx_mobile_dataset/images/mobile_3b4e401921/13.jpg"", ""/content/drive/MyDrive/olx_mobile_dataset/images/mobile_3b4e401921/14.jpg"", ""/content/drive/MyDrive/olx_mobile_dataset/images/mobile_3b4e401921/15.jpg"", ""/content/drive/MyDrive/olx_mobile_dataset/images/mobile_3b4e401921/16.jpg"", ""/content/drive/MyDrive/olx_mobile_dataset/images/mobile_3b4e401921/17.jpg"", ""/content/drive/MyDrive/olx_mobile_dataset/images/mobile_3b4e401921/18.jpg"", ""/content/drive/MyDrive/olx_mobile_dataset/images/mobile_3b4e401921/19.jpg"", ""/content/drive/MyDrive/olx_mobile_dataset/images/mobile_3b4e401921/20.jpg"", ""/content/drive/MyDrive/olx_mobile_dataset/images/mobile_3b4e401921/21.jpg"", ""/content/drive/MyDrive/olx_mobile_dataset/images/mobile_3b4e401921/22.jpg"", ""/content/drive/MyDrive/olx_mobile_dataset/images/mobile_3b4e401921/23.jpg"", ""/content/drive/MyDrive/olx_mobile_dataset/images/mobile_3b4e401921/24.jpg"", ""/content/drive/MyDrive/olx_mobile_dataset/images/mobile_3b4e401921/25.jpg"", ""/content/drive/MyDrive/olx_mobile_dataset/images/mobile_3b4e401921/26.jpg""]",26,2026-01-13 05:57:22.704828
mobile_031d14df51,https://www.olx.in/item/mobile-phones-c1453-used-infinix-in-akdoni-kalan-akdoni-khurd-iid-1831947247,"Infinix gt 20 pro (8gb, 256gb)","Good condition - Mobile Phones in Akdoni Kalan, Akdoni Khurd",15000,"[""/content/drive/MyDrive/olx_mobile_dataset/images/mobile_031d14df51/1.jpg"", ""/content/drive/MyDrive/olx_mobile_dataset/images/mobile_031d14df51/2.jpg"", ""/content/drive/MyDrive/olx_mobile_dataset/images/mobile_031d14df51/3.jpg"", ""/content/drive/MyDrive/olx_mobile_dataset/images/mobile_031d14df51/4.jpg"", ""/content/drive/MyDrive/olx_mobile_dataset/images/mobile_031d14df51/5.jpg"", ""/content/drive/MyDrive/olx_mobile_dataset/images/mobile_031d14df51/6.jpg"", ""/content/drive/MyDrive/olx_mobile_dataset/images/mobile_031d14df51/7.jpg"", ""/content/drive/MyDrive/olx_mobile_dataset/images/mobile_031d14df51/8.jpg"", ""/content/drive/MyDrive/olx_mobile_dataset/images/mobile_031d14df51/9.jpg"", ""/content/drive/MyDrive/olx_mobile_dataset/images/mobile_031d14df51/10.jpg"", ""/content/drive/MyDrive/olx_mobile_dataset/images/mobile_031d14df51/11.jpg"", ""/content/drive/MyDrive/olx_mobile_dataset/images/mobile_031d14df51/12.jpg"", ""/content/drive/MyDrive/olx_mobile_dataset/images/mobile_031d14df51/13.jpg"", ""/content/drive/MyDrive/olx_mobile_dataset/images/mobile_031d14df51/14.jpg"", ""/content/drive/MyDrive/olx_mobile_dataset/images/mobile_031d14df51/15.jpg"", ""/content/drive/MyDrive/olx_mobile_dataset/images/mobile_031d14df51/16.jpg"", ""/content/drive/MyDrive/olx_mobile_dataset/images/mobile_031d14df51/17.jpg"", ""/content/drive/MyDrive/olx_mobile_dataset/images/mobile_031d14df51/18.jpg"", ""/content/drive/MyDrive/olx_mobile_dataset/images/mobile_031d14df51/19.jpg"", ""/content/drive/MyDrive/olx_mobile_dataset/images/mobile_031d14df51/20.jpg"", ""/content/drive/MyDrive/olx_mobile_dataset/images/mobile_031d14df51/21.jpg"", ""/content/drive/MyDrive/olx_mobile_dataset/images/mobile_031d14df51/22.jpg"", ""/content/drive/MyDrive/olx_mobile_dataset/images/mobile_031d14df51/23.jpg"", ""/content/drive/MyDrive/olx_mobile_dataset/images/mobile_031d14df51/24.jpg"", ""/content/drive/MyDrive/olx_mobile_dataset/images/mobile_031d14df51/25.jpg"", ""/content/drive/MyDrive/olx_mobile_dataset/images/mobile_031d14df51/26.jpg""]",26,2026-01-13 05:57:36.220860
mobile_752b89db9b,https://www.olx.in/item/mobile-phones-c1453-used-techno-in-sanjay-colony-sector-23a-faridabad-iid-1831947320,Tecno spark 6 ((2/ 32gb)),"Phone okk condition - Mobile Phones in Sanjay Colony Sector 23A, Faridabad",4300,"[""/content/drive/MyDrive/olx_mobile_dataset/images/mobile_752b89db9b/1.jpg"", ""/content/drive/MyDrive/olx_mobile_dataset/images/mobile_752b89db9b/2.jpg"", ""/content/drive/MyDrive/olx_mobile_dataset/images/mobile_752b89db9b/3.jpg"", ""/content/drive/MyDrive/olx_mobile_dataset/images/mobile_752b89db9b/4.jpg"", ""/content/drive/MyDrive/olx_mobile_dataset/images/mobile_752b89db9b/5.jpg"", ""/content/drive/MyDrive/olx_mobile_dataset/images/mobile_752b89db9b/6.jpg"", ""/content/drive/MyDrive/olx_mobile_dataset/images/mobile_752b89db9b/7.jpg"", ""/content/drive/MyDrive/olx_mobile_dataset/images/mobile_752b89db9b/8.jpg"", ""/content/drive/MyDrive/olx_mobile_dataset/images/mobile_752b89db9b/9.jpg"", ""/content/drive/MyDrive/olx_mobile_dataset/images/mobile_752b89db9b/10.jpg"", ""/content/drive/MyDrive/olx_mobile_dataset/images/mobile_752b89db9b/11.jpg"", ""/content/drive/MyDrive/olx_mobile_dataset/images/mobile_752b89db9b/12.jpg"", ""/content/drive/MyDrive/olx_mobile_dataset/images/mobile_752b89db9b/13.jpg"", ""/content/drive/MyDrive/olx_mobile_dataset/images/mobile_752b89db9b/14.jpg"", ""/content/drive/MyDrive/olx_mobile_dataset/images/mobile_752b89db9b/15.jpg"", ""/content/drive/MyDrive/olx_mobile_dataset/images/mobile_752b89db9b/16.jpg"", ""/content/drive/MyDrive/olx_mobile_dataset/images/mobile_752b89db9b/17.jpg"", ""/content/drive/MyDrive/olx_mobile_dataset/images/mobile_752b89db9b/18.jpg"", ""/content/drive/MyDrive/olx_mobile_dataset/images/mobile_752b89db9b/19.jpg"", ""/content/drive/MyDrive/olx_mobile_dataset/images/mobile_752b89db9b/20.jpg"", ""/content/drive/MyDrive/olx_mobile_dataset/images/mobile_752b89db9b/21.jpg"", ""/content/drive/MyDrive/olx_mobile_dataset/images/mobile_752b89db9b/22.jpg"", ""/content/drive/MyDrive/olx_mobile_dataset/images/mobile_752b89db9b/23.jpg"", ""/content/drive/MyDrive/olx_mobile_dataset/images/mobile_752b89db9b/24.jpg"", ""/content/drive/MyDrive/olx_mobile_dataset/images/mobile_752b89db9b/25.jpg"", ""/content/drive/MyDrive/olx_mobile_dataset/images/mobile_752b89db9b/26.jpg""]",26,2026-01-13 05:57:48.641969
mobile_d79a18a6d7,https://www.olx.in/item/mobile-phones-c1453-used-honor-in-vadapalani-chennai-iid-1831947208,Honor 50 (8gb /256gb) new box full kit with warranty best offer price,"Honor 50 (8gb /256gb) new box full kit with warranty best offer price imported stock . Mobile specification:- Honor 50 Android smartphone. Announced Jun 2021. Features 6.57″ display, Snapdragon 778G 5G chipset, 4300 mAh battery, 256 GB storage, 12 GB RAM. *All payment mode accepted credit card payment accepted *Shop location - vrgadgets Periyarpathai choolaimedu chennai -600094 . *Limited stock grab soon - Mobile Phones in Vadapalani, Chennai",17000,"[""/content/drive/MyDrive/olx_mobile_dataset/images/mobile_d79a18a6d7/1.jpg"", ""/content/drive/MyDrive/olx_mobile_dataset/images/mobile_d79a18a6d7/2.jpg"", ""/content/drive/MyDrive/olx_mobile_dataset/images/mobile_d79a18a6d7/3.jpg"", ""/content/drive/MyDrive/olx_mobile_dataset/images/mobile_d79a18a6d7/4.jpg"", ""/content/drive/MyDrive/olx_mobile_dataset/images/mobile_d79a18a6d7/5.jpg"", ""/content/drive/MyDrive/olx_mobile_dataset/images/mobile_d79a18a6d7/6.jpg"", ""/content/drive/MyDrive/olx_mobile_dataset/images/mobile_d79a18a6d7/7.jpg"", ""/content/drive/MyDrive/olx_mobile_dataset/images/mobile_d79a18a6d7/8.jpg"", ""/content/drive/MyDrive/olx_mobile_dataset/images/mobile_d79a18a6d7/9.jpg"", ""/content/drive/MyDrive/olx_mobile_dataset/images/mobile_d79a18a6d7/10.jpg"", ""/content/drive/MyDrive/olx_mobile_dataset/images/mobile_d79a18a6d7/11.jpg"", ""/content/drive/MyDrive/olx_mobile_dataset/images/mobile_d79a18a6d7/12.jpg"", ""/content/drive/MyDrive/olx_mobile_dataset/images/mobile_d79a18a6d7/13.jpg"", ""/content/drive/MyDrive/olx_mobile_dataset/images/mobile_d79a18a6d7/14.jpg"", ""/content/drive/MyDrive/olx_mobile_dataset/images/mobile_d79a18a6d7/15.jpg"", ""/content/drive/MyDrive/olx_mobile_dataset/images/mobile_d79a18a6d7/16.jpg"", ""/content/drive/MyDrive/olx_mobile_dataset/images/mobile_d79a18a6d7/17.jpg"", ""/content/drive/MyDrive/olx_mobile_dataset/images/mobile_d79a18a6d7/18.jpg"", ""/content/drive/MyDrive/olx_mobile_dataset/images/mobile_d79a18a6d7/19.jpg"", ""/content/drive/MyDrive/olx_mobile_dataset/images/mobile_d79a18a6d7/20.jpg"", ""/content/drive/MyDrive/olx_mobile_dataset/images/mobile_d79a18a6d7/21.jpg"", ""/content/drive/MyDrive/olx_mobile_dataset/images/mobile_d79a18a6d7/22.jpg"", ""/content/drive/MyDrive/olx_mobile_dataset/images/mobile_d79a18a6d7/23.jpg"", ""/content/drive/MyDrive/olx_mobile_dataset/images/mobile_d79a18a6d7/24.jpg"", ""/content/drive/MyDrive/olx_mobile_dataset/images/mobile_d79a18a6d7/25.jpg"", ""/content/drive/MyDrive/olx_mobile_dataset/images/mobile_d79a18a6d7/26.jpg"", ""/content/drive/MyDrive/olx_mobile_dataset/images/mobile_d79a18a6d7/27.jpg"", ""/content/drive/MyDrive/olx_mobile_dataset/images/mobile_d79a18a6d7/28.jpg""]",28,2026-01-13 05:58:00.971445
mobile_e1724d939c,https://www.olx.in/item/mobile-phones-c1453-used-iphone-in-budhbar-peth-satara-iid-1819109502,Iphone 12 pro,"Iphone 12 pro(128) 79% battery health All genuine mobile Good condition - Mobile Phones in Budhbar Peth, Satara",29500,"[""/content/drive/MyDrive/olx_mobile_dataset/images/mobile_e1724d939c/1.jpg"", ""/content/drive/MyDrive/olx_mobile_dataset/images/mobile_e1724d939c/2.jpg"", ""/content/drive/MyDrive/olx_mobile_dataset/images/mobile_e1724d939c/3.jpg"", ""/content/drive/MyDrive/olx_mobile_dataset/images/mobile_e1724d939c/4.jpg"", ""/content/drive/MyDrive/olx_mobile_dataset/images/mobile_e1724d939c/5.jpg"", ""/content/drive/MyDrive/olx_mobile_dataset/images/mobile_e1724d939c/6.jpg"", ""/content/drive/MyDrive/olx_mobile_dataset/images/mobile_e1724d939c/7.jpg"", ""/content/drive/MyDrive/olx_mobile_dataset/images/mobile_e1724d939c/8.jpg"", ""/content/drive/MyDrive/olx_mobile_dataset/images/mobile_e1724d939c/9.jpg"", ""/content/drive/MyDrive/olx_mobile_dataset/images/mobile_e1724d939c/10.jpg"", ""/content/drive/MyDrive/olx_mobile_dataset/images/mobile_e1724d939c/11.jpg"", ""/content/drive/MyDrive/olx_mobile_dataset/images/mobile_e1724d939c/12.jpg"", ""/content/drive/MyDrive/olx_mobile_dataset/images/mobile_e1724d939c/13.jpg"", ""/content/drive/MyDrive/olx_mobile_dataset/images/mobile_e1724d939c/14.jpg"", ""/content/drive/MyDrive/olx_mobile_dataset/images/mobile_e1724d939c/15.jpg"", ""/content/drive/MyDrive/olx_mobile_dataset/images/mobile_e1724d939c/16.jpg"", ""/content/drive/MyDrive/olx_mobile_dataset/images/mobile_e1724d939c/17.jpg"", ""/content/drive/MyDrive/olx_mobile_dataset/images/mobile_e1724d939c/18.jpg"", ""/content/drive/MyDrive/olx_mobile_dataset/images/mobile_e1724d939c/19.jpg"", ""/content/drive/MyDrive/olx_mobile_dataset/images/mobile_e1724d939c/20.jpg"", ""/content/drive/MyDrive/olx_mobile_dataset/images/mobile_e1724d939c/21.jpg"", ""/content/drive/MyDrive/olx_mobile_dataset/images/mobile_e1724d939c/22.jpg"", ""/content/drive/MyDrive/olx_mobile_dataset/images/mobile_e1724d939c/23.jpg"", ""/content/drive/MyDrive/olx_mobile_dataset/images/mobile_e1724d939c/24.jpg"", ""/content/drive/MyDrive/olx_mobile_dataset/images/mobile_e1724d939c/25.jpg"", ""/content/drive/MyDrive/olx_mobile_dataset/images/mobile_e1724d939c/26.jpg""]",26,2026-01-13 05:58:16.555032
mobile_e9c48df6d6,https://www.olx.in/item/mobile-phones-c1453-used-vivo-in-dhandra-ludhiana-iid-1831820017,1qz9 5g phone,"Iq z9 5g .. 8 RAM ..128 GB ROM GOOD CONDITION... - Mobile Phones in Dhandra, Ludhiana",15000,"[""/content/drive/MyDrive/olx_mobile_dataset/images/mobile_e9c48df6d6/1.jpg"", ""/content/drive/MyDrive/olx_mobile_dataset/images/mobile_e9c48df6d6/2.jpg"", ""/content/drive/MyDrive/olx_mobile_dataset/images/mobile_e9c48df6d6/3.jpg"", ""/content/drive/MyDrive/olx_mobile_dataset/images/mobile_e9c48df6d6/4.jpg"", ""/content/drive/MyDrive/olx_mobile_dataset/images/mobile_e9c48df6d6/5.jpg"", ""/content/drive/MyDrive/olx_mobile_dataset/images/mobile_e9c48df6d6/6.jpg"", ""/content/drive/MyDrive/olx_mobile_dataset/images/mobile_e9c48df6d6/7.jpg"", ""/content/drive/MyDrive/olx_mobile_dataset/images/mobile_e9c48df6d6/8.jpg"", ""/content/drive/MyDrive/olx_mobile_dataset/images/mobile_e9c48df6d6/9.jpg"", ""/content/drive/MyDrive/olx_mobile_dataset/images/mobile_e9c48df6d6/10.jpg"", ""/content/drive/MyDrive/olx_mobile_dataset/images/mobile_e9c48df6d6/11.jpg"", ""/content/drive/MyDrive/olx_mobile_dataset/images/mobile_e9c48df6d6/12.jpg"", ""/content/drive/MyDrive/olx_mobile_dataset/images/mobile_e9c48df6d6/13.jpg"", ""/content/drive/MyDrive/olx_mobile_dataset/images/mobile_e9c48df6d6/14.jpg"", ""/content/drive/MyDrive/olx_mobile_dataset/images/mobile_e9c48df6d6/15.jpg"", ""/content/drive/MyDrive/olx_mobile_dataset/images/mobile_e9c48df6d6/16.jpg"", ""/content/drive/MyDrive/olx_mobile_dataset/images/mobile_e9c48df6d6/17.jpg"", ""/content/drive/MyDrive/olx_mobile_dataset/images/mobile_e9c48df6d6/18.jpg"", ""/content/drive/MyDrive/olx_mobile_dataset/images/mobile_e9c48df6d6/19.jpg"", ""/content/drive/MyDrive/olx_mobile_dataset/images/mobile_e9c48df6d6/20.jpg"", ""/content/drive/MyDrive/olx_mobile_dataset/images/mobile_e9c48df6d6/21.jpg"", ""/content/drive/MyDrive/olx_mobile_dataset/images/mobile_e9c48df6d6/22.jpg"", ""/content/drive/MyDrive/olx_mobile_dataset/images/mobile_e9c48df6d6/23.jpg"", ""/content/drive/MyDrive/olx_mobile_dataset/images/mobile_e9c48df6d6/24.jpg"", ""/content/drive/MyDrive/olx_mobile_dataset/images/mobile_e9c48df6d6/25.jpg"", ""/content/drive/MyDrive/olx_mobile_dataset/images/mobile_e9c48df6d6/26.jpg""]",26,2026-01-13 05:58:31.805412
mobile_c12236fa95,https://www.olx.in/item/mobile-phones-c1453-used-iphone-in-madhavganj-gwalior-iid-1831359583,iPhone 15 pro white  color with all accessories finance available,"All models are there, used phones with excellent condition - Mobile Phones in Madhavganj, Gwalior",26000,"[""/content/drive/MyDrive/olx_mobile_dataset/images/mobile_c12236fa95/1.jpg"", ""/content/drive/MyDrive/olx_mobile_dataset/images/mobile_c12236fa95/2.jpg"", ""/content/drive/MyDrive/olx_mobile_dataset/images/mobile_c12236fa95/3.jpg"", ""/content/drive/MyDrive/olx_mobile_dataset/images/mobile_c12236fa95/4.jpg"", ""/content/drive/MyDrive/olx_mobile_dataset/images/mobile_c12236fa95/5.jpg"", ""/content/drive/MyDrive/olx_mobile_dataset/images/mobile_c12236fa95/6.jpg"", ""/content/drive/MyDrive/olx_mobile_dataset/images/mobile_c12236fa95/7.jpg"", ""/content/drive/MyDrive/olx_mobile_dataset/images/mobile_c12236fa95/8.jpg"", ""/content/drive/MyDrive/olx_mobile_dataset/images/mobile_c12236fa95/9.jpg"", ""/content/drive/MyDrive/olx_mobile_dataset/images/mobile_c12236fa95/10.jpg"", ""/content/drive/MyDrive/olx_mobile_dataset/images/mobile_c12236fa95/11.jpg"", ""/content/drive/MyDrive/olx_mobile_dataset/images/mobile_c12236fa95/12.jpg"", ""/content/drive/MyDrive/olx_mobile_dataset/images/mobile_c12236fa95/13.jpg"", ""/content/drive/MyDrive/olx_mobile_dataset/images/mobile_c12236fa95/14.jpg"", ""/content/drive/MyDrive/olx_mobile_dataset/images/mobile_c12236fa95/15.jpg"", ""/content/drive/MyDrive/olx_mobile_dataset/images/mobile_c12236fa95/16.jpg"", ""/content/drive/MyDrive/olx_mobile_dataset/images/mobile_c12236fa95/17.jpg"", ""/content/drive/MyDrive/olx_mobile_dataset/images/mobile_c12236fa95/18.jpg"", ""/content/drive/MyDrive/olx_mobile_dataset/images/mobile_c12236fa95/19.jpg"", ""/content/drive/MyDrive/olx_mobile_dataset/images/mobile_c12236fa95/20.jpg"", ""/content/drive/MyDrive/olx_mobile_dataset/images/mobile_c12236fa95/21.jpg"", ""/content/drive/MyDrive/olx_mobile_dataset/images/mobile_c12236fa95/22.jpg"", ""/content/drive/MyDrive/olx_mobile_dataset/images/mobile_c12236fa95/23.jpg"", ""/content/drive/MyDrive/olx_mobile_dataset/images/mobile_c12236fa95/24.jpg"", ""/content/drive/MyDrive/olx_mobile_dataset/images/mobile_c12236fa95/25.jpg"", ""/content/drive/MyDrive/olx_mobile_dataset/images/mobile_c12236fa95/26.jpg""]",26,2026-01-13 05:58:42.901985
mobile_8b1c616231,https://www.olx.in/item/mobile-phones-c1453-used-iphone-in-saidhari-lakhimpur-iid-1831947174,iPhone 11 128 gb storage all original all warking,"Argent sale - Mobile Phones in Saidhari, Lakhimpur",18500,"[""/content/drive/MyDrive/olx_mobile_dataset/images/mobile_8b1c616231/1.jpg"", ""/content/drive/MyDrive/olx_mobile_dataset/images/mobile_8b1c616231/2.jpg"", ""/content/drive/MyDrive/olx_mobile_dataset/images/mobile_8b1c616231/3.jpg"", ""/content/drive/MyDrive/olx_mobile_dataset/images/mobile_8b1c616231/4.jpg"", ""/content/drive/MyDrive/olx_mobile_dataset/images/mobile_8b1c616231/5.jpg"", ""/content/drive/MyDrive/olx_mobile_dataset/images/mobile_8b1c616231/6.jpg"", ""/content/drive/MyDrive/olx_mobile_dataset/images/mobile_8b1c616231/7.jpg"", ""/content/drive/MyDrive/olx_mobile_dataset/images/mobile_8b1c616231/8.jpg"", ""/content/drive/MyDrive/olx_mobile_dataset/images/mobile_8b1c616231/9.jpg"", ""/content/drive/MyDrive/olx_mobile_dataset/images/mobile_8b1c616231/10.jpg"", ""/content/drive/MyDrive/olx_mobile_dataset/images/mobile_8b1c616231/11.jpg"", ""/content/drive/MyDrive/olx_mobile_dataset/images/mobile_8b1c616231/12.jpg"", ""/content/drive/MyDrive/olx_mobile_dataset/images/mobile_8b1c616231/13.jpg"", ""/content/drive/MyDrive/olx_mobile_dataset/images/mobile_8b1c616231/14.jpg"", ""/content/drive/MyDrive/olx_mobile_dataset/images/mobile_8b1c616231/15.jpg"", ""/content/drive/MyDrive/olx_mobile_dataset/images/mobile_8b1c616231/16.jpg"", ""/content/drive/MyDrive/olx_mobile_dataset/images/mobile_8b1c616231/17.jpg"", ""/content/drive/MyDrive/olx_mobile_dataset/images/mobile_8b1c616231/18.jpg"", ""/content/drive/MyDrive/olx_mobile_dataset/images/mobile_8b1c616231/19.jpg"", ""/content/drive/MyDrive/olx_mobile_dataset/images/mobile_8b1c616231/20.jpg"", ""/content/drive/MyDrive/olx_mobile_dataset/images/mobile_8b1c616231/21.jpg"", ""/content/drive/MyDrive/olx_mobile_dataset/images/mobile_8b1c616231/22.jpg"", ""/content/drive/MyDrive/olx_mobile_dataset/images/mobile_8b1c616231/23.jpg"", ""/content/drive/MyDrive/olx_mobile_dataset/images/mobile_8b1c616231/24.jpg"", ""/content/drive/MyDrive/olx_mobile_dataset/images/mobile_8b1c616231/25.jpg"", ""/content/drive/MyDrive/olx_mobile_dataset/images/mobile_8b1c616231/26.jpg""]",26,2026-01-13 05:58:51.960752
mobile_24107d1ecf,https://www.olx.in/item/mobile-phones-c1453-used-motorola-in-macherla-andhra-pradesh-iid-1831947187,Moto g57 power,"20 days old phone.. money urgent...bill and box also available - Mobile Phones in Rdsnakishna, Macherla",11000,"[""/content/drive/MyDrive/olx_mobile_dataset/images/mobile_24107d1ecf/1.jpg"", ""/content/drive/MyDrive/olx_mobile_dataset/images/mobile_24107d1ecf/2.jpg"", ""/content/drive/MyDrive/olx_mobile_dataset/images/mobile_24107d1ecf/3.jpg"", ""/content/drive/MyDrive/olx_mobile_dataset/images/mobile_24107d1ecf/4.jpg"", ""/content/drive/MyDrive/olx_mobile_dataset/images/mobile_24107d1ecf/5.jpg"", ""/content/drive/MyDrive/olx_mobile_dataset/images/mobile_24107d1ecf/6.jpg"", ""/content/drive/MyDrive/olx_mobile_dataset/images/mobile_24107d1ecf/7.jpg"", ""/content/drive/MyDrive/olx_mobile_dataset/images/mobile_24107d1ecf/8.jpg"", ""/content/drive/MyDrive/olx_mobile_dataset/images/mobile_24107d1ecf/9.jpg"", ""/content/drive/MyDrive/olx_mobile_dataset/images/mobile_24107d1ecf/10.jpg"", ""/content/drive/MyDrive/olx_mobile_dataset/images/mobile_24107d1ecf/11.jpg"", ""/content/drive/MyDrive/olx_mobile_dataset/images/mobile_24107d1ecf/12.jpg"", ""/content/drive/MyDrive/olx_mobile_dataset/images/mobile_24107d1ecf/13.jpg"", ""/content/drive/MyDrive/olx_mobile_dataset/images/mobile_24107d1ecf/14.jpg"", ""/content/drive/MyDrive/olx_mobile_dataset/images/mobile_24107d1ecf/15.jpg"", ""/content/drive/MyDrive/olx_mobile_dataset/images/mobile_24107d1ecf/16.jpg"", ""/content/drive/MyDrive/olx_mobile_dataset/images/mobile_24107d1ecf/17.jpg"", ""/content/drive/MyDrive/olx_mobile_dataset/images/mobile_24107d1ecf/18.jpg"", ""/content/drive/MyDrive/olx_mobile_dataset/images/mobile_24107d1ecf/19.jpg"", ""/content/drive/MyDrive/olx_mobile_dataset/images/mobile_24107d1ecf/20.jpg"", ""/content/drive/MyDrive/olx_mobile_dataset/images/mobile_24107d1ecf/21.jpg"", ""/content/drive/MyDrive/olx_mobile_dataset/images/mobile_24107d1ecf/22.jpg"", ""/content/drive/MyDrive/olx_mobile_dataset/images/mobile_24107d1ecf/23.jpg"", ""/content/drive/MyDrive/olx_mobile_dataset/images/mobile_24107d1ecf/24.jpg"", ""/content/drive/MyDrive/olx_mobile_dataset/images/mobile_24107d1ecf/25.jpg"", ""/content/drive/MyDrive/olx_mobile_dataset/images/mobile_24107d1ecf/26.jpg""]",26,2026-01-13 05:59:04.412620
mobile_39aab0f5f9,https://www.olx.in/item/mobile-phones-c1453-used-motorola-in-raichur-fort-raichur-iid-1831745895,Edge 50 Jungle green 8 256gb neat  Condition with All Accessories,"45day old mobile Intresting people text me - Mobile Phones in Raichur Fort, Raichur",18000,"[""/content/drive/MyDrive/olx_mobile_dataset/images/mobile_39aab0f5f9/1.jpg"", ""/content/drive/MyDrive/olx_mobile_dataset/images/mobile_39aab0f5f9/2.jpg"", ""/content/drive/MyDrive/olx_mobile_dataset/images/mobile_39aab0f5f9/3.jpg"", ""/content/drive/MyDrive/olx_mobile_dataset/images/mobile_39aab0f5f9/4.jpg"", ""/content/drive/MyDrive/olx_mobile_dataset/images/mobile_39aab0f5f9/5.jpg"", ""/content/drive/MyDrive/olx_mobile_dataset/images/mobile_39aab0f5f9/6.jpg"", ""/content/drive/MyDrive/olx_mobile_dataset/images/mobile_39aab0f5f9/7.jpg"", ""/content/drive/MyDrive/olx_mobile_dataset/images/mobile_39aab0f5f9/8.jpg"", ""/content/drive/MyDrive/olx_mobile_dataset/images/mobile_39aab0f5f9/9.jpg"", ""/content/drive/MyDrive/olx_mobile_dataset/images/mobile_39aab0f5f9/10.jpg"", ""/content/drive/MyDrive/olx_mobile_dataset/images/mobile_39aab0f5f9/11.jpg"", ""/content/drive/MyDrive/olx_mobile_dataset/images/mobile_39aab0f5f9/12.jpg"", ""/content/drive/MyDrive/olx_mobile_dataset/images/mobile_39aab0f5f9/13.jpg"", ""/content/drive/MyDrive/olx_mobile_dataset/images/mobile_39aab0f5f9/14.jpg"", ""/content/drive/MyDrive/olx_mobile_dataset/images/mobile_39aab0f5f9/15.jpg"", ""/content/drive/MyDrive/olx_mobile_dataset/images/mobile_39aab0f5f9/16.jpg"", ""/content/drive/MyDrive/olx_mobile_dataset/images/mobile_39aab0f5f9/17.jpg"", ""/content/drive/MyDrive/olx_mobile_dataset/images/mobile_39aab0f5f9/18.jpg"", ""/content/drive/MyDrive/olx_mobile_dataset/images/mobile_39aab0f5f9/19.jpg"", ""/content/drive/MyDrive/olx_mobile_dataset/images/mobile_39aab0f5f9/20.jpg"", ""/content/drive/MyDrive/olx_mobile_dataset/images/mobile_39aab0f5f9/21.jpg"", ""/content/drive/MyDrive/olx_mobile_dataset/images/mobile_39aab0f5f9/22.jpg"", ""/content/drive/MyDrive/olx_mobile_dataset/images/mobile_39aab0f5f9/23.jpg"", ""/content/drive/MyDrive/olx_mobile_dataset/images/mobile_39aab0f5f9/24.jpg"", ""/content/drive/MyDrive/olx_mobile_dataset/images/mobile_39aab0f5f9/25.jpg"", ""/content/drive/MyDrive/olx_mobile_dataset/images/mobile_39aab0f5f9/26.jpg"", ""/content/drive/MyDrive/olx_mobile_dataset/images/mobile_39aab0f5f9/27.jpg"", ""/content/drive/MyDrive/olx_mobile_dataset/images/mobile_39aab0f5f9/28.jpg""]",28,2026-01-13 05:59:13.400049
mobile_6295ba2e88,https://www.olx.in/item/mobile-phones-c1453-used-vivo-in-puthanathani-malappuram-iid-1831947179,V40 Pro 5G,"ViVo V 40 Pro 5G, 512GB, 12+12 GB Ram, Good Condition, 2 Days Charge Back up. Good Camera. - Mobile Phones in Puthanathani, Malappuram",32500,"[""/content/drive/MyDrive/olx_mobile_dataset/images/mobile_6295ba2e88/1.jpg"", ""/content/drive/MyDrive/olx_mobile_dataset/images/mobile_6295ba2e88/2.jpg"", ""/content/drive/MyDrive/olx_mobile_dataset/images/mobile_6295ba2e88/3.jpg"", ""/content/drive/MyDrive/olx_mobile_dataset/images/mobile_6295ba2e88/4.jpg"", ""/content/drive/MyDrive/olx_mobile_dataset/images/mobile_6295ba2e88/5.jpg"", ""/content/drive/MyDrive/olx_mobile_dataset/images/mobile_6295ba2e88/6.jpg"", ""/content/drive/MyDrive/olx_mobile_dataset/images/mobile_6295ba2e88/7.jpg"", ""/content/drive/MyDrive/olx_mobile_dataset/images/mobile_6295ba2e88/8.jpg"", ""/content/drive/MyDrive/olx_mobile_dataset/images/mobile_6295ba2e88/9.jpg"", ""/content/drive/MyDrive/olx_mobile_dataset/images/mobile_6295ba2e88/10.jpg"", ""/content/drive/MyDrive/olx_mobile_dataset/images/mobile_6295ba2e88/11.jpg"", ""/content/drive/MyDrive/olx_mobile_dataset/images/mobile_6295ba2e88/12.jpg"", ""/content/drive/MyDrive/olx_mobile_dataset/images/mobile_6295ba2e88/13.jpg"", ""/content/drive/MyDrive/olx_mobile_dataset/images/mobile_6295ba2e88/14.jpg"", ""/content/drive/MyDrive/olx_mobile_dataset/images/mobile_6295ba2e88/15.jpg"", ""/content/drive/MyDrive/olx_mobile_dataset/images/mobile_6295ba2e88/16.jpg"", ""/content/drive/MyDrive/olx_mobile_dataset/images/mobile_6295ba2e88/17.jpg"", ""/content/drive/MyDrive/olx_mobile_dataset/images/mobile_6295ba2e88/18.jpg"", ""/content/drive/MyDrive/olx_mobile_dataset/images/mobile_6295ba2e88/19.jpg"", ""/content/drive/MyDrive/olx_mobile_dataset/images/mobile_6295ba2e88/20.jpg"", ""/content/drive/MyDrive/olx_mobile_dataset/images/mobile_6295ba2e88/21.jpg"", ""/content/drive/MyDrive/olx_mobile_dataset/images/mobile_6295ba2e88/22.jpg"", ""/content/drive/MyDrive/olx_mobile_dataset/images/mobile_6295ba2e88/23.jpg"", ""/content/drive/MyDrive/olx_mobile_dataset/images/mobile_6295ba2e88/24.jpg"", ""/content/drive/MyDrive/olx_mobile_dataset/images/mobile_6295ba2e88/25.jpg"", ""/content/drive/MyDrive/olx_mobile_dataset/images/mobile_6295ba2e88/26.jpg""]",26,2026-01-13 05:59:23.737147
mobile_958c9981d6,https://www.olx.in/item/mobile-phones-c1453-used-vivo-in-virugambakkam-ceebros-garden-chennai-iid-1831947133,Vivo y12 model mobile 4g with dual sim,"Vivi y12 model 4g mobile with dual sim and dedicated memory card slot. 3gb Ram and 64 GB memory. Working good condition - Mobile Phones in Virugambakkam Ceebros Garden, Chennai",3000,"[""/content/drive/MyDrive/olx_mobile_dataset/images/mobile_958c9981d6/1.jpg"", ""/content/drive/MyDrive/olx_mobile_dataset/images/mobile_958c9981d6/2.jpg"", ""/content/drive/MyDrive/olx_mobile_dataset/images/mobile_958c9981d6/3.jpg"", ""/content/drive/MyDrive/olx_mobile_dataset/images/mobile_958c9981d6/4.jpg"", ""/content/drive/MyDrive/olx_mobile_dataset/images/mobile_958c9981d6/5.jpg"", ""/content/drive/MyDrive/olx_mobile_dataset/images/mobile_958c9981d6/6.jpg"", ""/content/drive/MyDrive/olx_mobile_dataset/images/mobile_958c9981d6/7.jpg"", ""/content/drive/MyDrive/olx_mobile_dataset/images/mobile_958c9981d6/8.jpg"", ""/content/drive/MyDrive/olx_mobile_dataset/images/mobile_958c9981d6/9.jpg"", ""/content/drive/MyDrive/olx_mobile_dataset/images/mobile_958c9981d6/10.jpg"", ""/content/drive/MyDrive/olx_mobile_dataset/images/mobile_958c9981d6/11.jpg"", ""/content/drive/MyDrive/olx_mobile_dataset/images/mobile_958c9981d6/12.jpg"", ""/content/drive/MyDrive/olx_mobile_dataset/images/mobile_958c9981d6/13.jpg"", ""/content/drive/MyDrive/olx_mobile_dataset/images/mobile_958c9981d6/14.jpg"", ""/content/drive/MyDrive/olx_mobile_dataset/images/mobile_958c9981d6/15.jpg"", ""/content/drive/MyDrive/olx_mobile_dataset/images/mobile_958c9981d6/16.jpg"", ""/content/drive/MyDrive/olx_mobile_dataset/images/mobile_958c9981d6/17.jpg"", ""/content/drive/MyDrive/olx_mobile_dataset/images/mobile_958c9981d6/18.jpg"", ""/content/drive/MyDrive/olx_mobile_dataset/images/mobile_958c9981d6/19.jpg"", ""/content/drive/MyDrive/olx_mobile_dataset/images/mobile_958c9981d6/20.jpg"", ""/content/drive/MyDrive/olx_mobile_dataset/images/mobile_958c9981d6/21.jpg"", ""/content/drive/MyDrive/olx_mobile_dataset/images/mobile_958c9981d6/22.jpg"", ""/content/drive/MyDrive/olx_mobile_dataset/images/mobile_958c9981d6/23.jpg"", ""/content/drive/MyDrive/olx_mobile_dataset/images/mobile_958c9981d6/24.jpg"", ""/content/drive/MyDrive/olx_mobile_dataset/images/mobile_958c9981d6/25.jpg"", ""/content/drive/MyDrive/olx_mobile_dataset/images/mobile_958c9981d6/26.jpg""]",26,2026-01-13 05:59:35.468467
mobile_ea1a1d9585,https://www.olx.in/item/mobile-phones-c1453-used-oppo-in-tegumpur-aurad-iid-1830817809,Oppo Reno 7 5g bill box available5/256 display change,"Urgent money need - Mobile Phones in Tegumpur, Aurad",8000,"[""/content/drive/MyDrive/olx_mobile_dataset/images/mobile_ea1a1d9585/1.jpg"", ""/content/drive/MyDrive/olx_mobile_dataset/images/mobile_ea1a1d9585/2.jpg"", ""/content/drive/MyDrive/olx_mobile_dataset/images/mobile_ea1a1d9585/3.jpg"", ""/content/drive/MyDrive/olx_mobile_dataset/images/mobile_ea1a1d9585/4.jpg"", ""/content/drive/MyDrive/olx_mobile_dataset/images/mobile_ea1a1d9585/5.jpg"", ""/content/drive/MyDrive/olx_mobile_dataset/images/mobile_ea1a1d9585/6.jpg"", ""/content/drive/MyDrive/olx_mobile_dataset/images/mobile_ea1a1d9585/7.jpg"", ""/content/drive/MyDrive/olx_mobile_dataset/images/mobile_ea1a1d9585/8.jpg"", ""/content/drive/MyDrive/olx_mobile_dataset/images/mobile_ea1a1d9585/9.jpg"", ""/content/drive/MyDrive/olx_mobile_dataset/images/mobile_ea1a1d9585/10.jpg"", ""/content/drive/MyDrive/olx_mobile_dataset/images/mobile_ea1a1d9585/11.jpg"", ""/content/drive/MyDrive/olx_mobile_dataset/images/mobile_ea1a1d9585/12.jpg"", ""/content/drive/MyDrive/olx_mobile_dataset/images/mobile_ea1a1d9585/13.jpg"", ""/content/drive/MyDrive/olx_mobile_dataset/images/mobile_ea1a1d9585/14.jpg"", ""/content/drive/MyDrive/olx_mobile_dataset/images/mobile_ea1a1d9585/15.jpg"", ""/content/drive/MyDrive/olx_mobile_dataset/images/mobile_ea1a1d9585/16.jpg"", ""/content/drive/MyDrive/olx_mobile_dataset/images/mobile_ea1a1d9585/17.jpg"", ""/content/drive/MyDrive/olx_mobile_dataset/images/mobile_ea1a1d9585/18.jpg"", ""/content/drive/MyDrive/olx_mobile_dataset/images/mobile_ea1a1d9585/19.jpg"", ""/content/drive/MyDrive/olx_mobile_dataset/images/mobile_ea1a1d9585/20.jpg"", ""/content/drive/MyDrive/olx_mobile_dataset/images/mobile_ea1a1d9585/21.jpg"", ""/content/drive/MyDrive/olx_mobile_dataset/images/mobile_ea1a1d9585/22.jpg"", ""/content/drive/MyDrive/olx_mobile_dataset/images/mobile_ea1a1d9585/23.jpg"", ""/content/drive/MyDrive/olx_mobile_dataset/images/mobile_ea1a1d9585/24.jpg"", ""/content/drive/MyDrive/olx_mobile_dataset/images/mobile_ea1a1d9585/25.jpg"", ""/content/drive/MyDrive/olx_mobile_dataset/images/mobile_ea1a1d9585/26.jpg""]",26,2026-01-13 05:59:45.843823
mobile_97a2af2a4c,https://www.olx.in/item/mobile-phones-c1453-used-iphone-in-chikka-adugodi-bengaluru-iid-1831444912,iPhone 16 pro max,"iPhone 16 pro max Back glass broken Display small dot Available with box and cable - Mobile Phones in Chikka Adugodi, Bengaluru",85000,"[""/content/drive/MyDrive/olx_mobile_dataset/images/mobile_97a2af2a4c/1.jpg"", ""/content/drive/MyDrive/olx_mobile_dataset/images/mobile_97a2af2a4c/2.jpg"", ""/content/drive/MyDrive/olx_mobile_dataset/images/mobile_97a2af2a4c/3.jpg"", ""/content/drive/MyDrive/olx_mobile_dataset/images/mobile_97a2af2a4c/4.jpg"", ""/content/drive/MyDrive/olx_mobile_dataset/images/mobile_97a2af2a4c/5.jpg"", ""/content/drive/MyDrive/olx_mobile_dataset/images/mobile_97a2af2a4c/6.jpg"", ""/content/drive/MyDrive/olx_mobile_dataset/images/mobile_97a2af2a4c/7.jpg"", ""/content/drive/MyDrive/olx_mobile_dataset/images/mobile_97a2af2a4c/8.jpg"", ""/content/drive/MyDrive/olx_mobile_dataset/images/mobile_97a2af2a4c/9.jpg"", ""/content/drive/MyDrive/olx_mobile_dataset/images/mobile_97a2af2a4c/10.jpg"", ""/content/drive/MyDrive/olx_mobile_dataset/images/mobile_97a2af2a4c/11.jpg"", ""/content/drive/MyDrive/olx_mobile_dataset/images/mobile_97a2af2a4c/12.jpg"", ""/content/drive/MyDrive/olx_mobile_dataset/images/mobile_97a2af2a4c/13.jpg"", ""/content/drive/MyDrive/olx_mobile_dataset/images/mobile_97a2af2a4c/14.jpg"", ""/content/drive/MyDrive/olx_mobile_dataset/images/mobile_97a2af2a4c/15.jpg"", ""/content/drive/MyDrive/olx_mobile_dataset/images/mobile_97a2af2a4c/16.jpg"", ""/content/drive/MyDrive/olx_mobile_dataset/images/mobile_97a2af2a4c/17.jpg"", ""/content/drive/MyDrive/olx_mobile_dataset/images/mobile_97a2af2a4c/18.jpg"", ""/content/drive/MyDrive/olx_mobile_dataset/images/mobile_97a2af2a4c/19.jpg"", ""/content/drive/MyDrive/olx_mobile_dataset/images/mobile_97a2af2a4c/20.jpg"", ""/content/drive/MyDrive/olx_mobile_dataset/images/mobile_97a2af2a4c/21.jpg"", ""/content/drive/MyDrive/olx_mobile_dataset/images/mobile_97a2af2a4c/22.jpg"", ""/content/drive/MyDrive/olx_mobile_dataset/images/mobile_97a2af2a4c/23.jpg"", ""/content/drive/MyDrive/olx_mobile_dataset/images/mobile_97a2af2a4c/24.jpg"", ""/content/drive/MyDrive/olx_mobile_dataset/images/mobile_97a2af2a4c/25.jpg"", ""/content/drive/MyDrive/olx_mobile_dataset/images/mobile_97a2af2a4c/26.jpg""]",26,2026-01-13 05:59:56.960923
mobile_818972502d,https://www.olx.in/item/mobile-phones-c1453-used-other-mobiles-in-mg-road-pune-iid-1806375721,NUBIA REDMAGIC  8 PRO 16GB 512GB BRAND NEW CONDITION AT JUST  38900,"NUBIA REDMAGIC 8 PRO 16GB 512GB BRAND NEW CONDITION SNAPDRAGON 8 GEN 2 Instant Cash for ur used Gadgets Please click on SEE PROFILE to check other devices Exchange Available Credit card accepted PAVIT ENTERPRISES 17 MG ROAD OPP NIKE SHOWROOM NEAR KARACHI SWEETS AND WOODLAND STORE CAMP PUNE 411001 - Mobile Phones in MG Road, Pune",38900,"[""/content/drive/MyDrive/olx_mobile_dataset/images/mobile_818972502d/1.jpg"", ""/content/drive/MyDrive/olx_mobile_dataset/images/mobile_818972502d/2.jpg"", ""/content/drive/MyDrive/olx_mobile_dataset/images/mobile_818972502d/3.jpg"", ""/content/drive/MyDrive/olx_mobile_dataset/images/mobile_818972502d/4.jpg"", ""/content/drive/MyDrive/olx_mobile_dataset/images/mobile_818972502d/5.jpg"", ""/content/drive/MyDrive/olx_mobile_dataset/images/mobile_818972502d/6.jpg"", ""/content/drive/MyDrive/olx_mobile_dataset/images/mobile_818972502d/7.jpg"", ""/content/drive/MyDrive/olx_mobile_dataset/images/mobile_818972502d/8.jpg"", ""/content/drive/MyDrive/olx_mobile_dataset/images/mobile_818972502d/9.jpg"", ""/content/drive/MyDrive/olx_mobile_dataset/images/mobile_818972502d/10.jpg"", ""/content/drive/MyDrive/olx_mobile_dataset/images/mobile_818972502d/11.jpg"", ""/content/drive/MyDrive/olx_mobile_dataset/images/mobile_818972502d/12.jpg"", ""/content/drive/MyDrive/olx_mobile_dataset/images/mobile_818972502d/13.jpg"", ""/content/drive/MyDrive/olx_mobile_dataset/images/mobile_818972502d/14.jpg"", ""/content/drive/MyDrive/olx_mobile_dataset/images/mobile_818972502d/15.jpg"", ""/content/drive/MyDrive/olx_mobile_dataset/images/mobile_818972502d/16.jpg"", ""/content/drive/MyDrive/olx_mobile_dataset/images/mobile_818972502d/17.jpg"", ""/content/drive/MyDrive/olx_mobile_dataset/images/mobile_818972502d/18.jpg"", ""/content/drive/MyDrive/olx_mobile_dataset/images/mobile_818972502d/19.jpg"", ""/content/drive/MyDrive/olx_mobile_dataset/images/mobile_818972502d/20.jpg"", ""/content/drive/MyDrive/olx_mobile_dataset/images/mobile_818972502d/21.jpg"", ""/content/drive/MyDrive/olx_mobile_dataset/images/mobile_818972502d/22.jpg"", ""/content/drive/MyDrive/olx_mobile_dataset/images/mobile_818972502d/23.jpg"", ""/content/drive/MyDrive/olx_mobile_dataset/images/mobile_818972502d/24.jpg"", ""/content/drive/MyDrive/olx_mobile_dataset/images/mobile_818972502d/25.jpg"", ""/content/drive/MyDrive/olx_mobile_dataset/images/mobile_818972502d/26.jpg"", ""/content/drive/MyDrive/olx_mobile_dataset/images/mobile_818972502d/27.jpg"", ""/content/drive/MyDrive/olx_mobile_dataset/images/mobile_818972502d/28.jpg""]",28,2026-01-13 06:00:07.750018
mobile_e9087ed6e8,https://www.olx.in/item/mobile-phones-c1453-used-iphone-in-takipur-palwal-iid-1831947152,iPhone 13 mint condition,"iPhone 13 mint condition 86 battery health pura din chalti hai only phone available hai khula ni h phone abhi tak pura genuine hai jise lena hai vai contact kare - Mobile Phones in Takipur, Palwal",28000,"[""/content/drive/MyDrive/olx_mobile_dataset/images/mobile_e9087ed6e8/1.jpg"", ""/content/drive/MyDrive/olx_mobile_dataset/images/mobile_e9087ed6e8/2.jpg"", ""/content/drive/MyDrive/olx_mobile_dataset/images/mobile_e9087ed6e8/3.jpg"", ""/content/drive/MyDrive/olx_mobile_dataset/images/mobile_e9087ed6e8/4.jpg"", ""/content/drive/MyDrive/olx_mobile_dataset/images/mobile_e9087ed6e8/5.jpg"", ""/content/drive/MyDrive/olx_mobile_dataset/images/mobile_e9087ed6e8/6.jpg"", ""/content/drive/MyDrive/olx_mobile_dataset/images/mobile_e9087ed6e8/7.jpg"", ""/content/drive/MyDrive/olx_mobile_dataset/images/mobile_e9087ed6e8/8.jpg"", ""/content/drive/MyDrive/olx_mobile_dataset/images/mobile_e9087ed6e8/9.jpg"", ""/content/drive/MyDrive/olx_mobile_dataset/images/mobile_e9087ed6e8/10.jpg"", ""/content/drive/MyDrive/olx_mobile_dataset/images/mobile_e9087ed6e8/11.jpg"", ""/content/drive/MyDrive/olx_mobile_dataset/images/mobile_e9087ed6e8/12.jpg"", ""/content/drive/MyDrive/olx_mobile_dataset/images/mobile_e9087ed6e8/13.jpg"", ""/content/drive/MyDrive/olx_mobile_dataset/images/mobile_e9087ed6e8/14.jpg"", ""/content/drive/MyDrive/olx_mobile_dataset/images/mobile_e9087ed6e8/15.jpg"", ""/content/drive/MyDrive/olx_mobile_dataset/images/mobile_e9087ed6e8/16.jpg"", ""/content/drive/MyDrive/olx_mobile_dataset/images/mobile_e9087ed6e8/17.jpg"", ""/content/drive/MyDrive/olx_mobile_dataset/images/mobile_e9087ed6e8/18.jpg"", ""/content/drive/MyDrive/olx_mobile_dataset/images/mobile_e9087ed6e8/19.jpg"", ""/content/drive/MyDrive/olx_mobile_dataset/images/mobile_e9087ed6e8/20.jpg"", ""/content/drive/MyDrive/olx_mobile_dataset/images/mobile_e9087ed6e8/21.jpg"", ""/content/drive/MyDrive/olx_mobile_dataset/images/mobile_e9087ed6e8/22.jpg"", ""/content/drive/MyDrive/olx_mobile_dataset/images/mobile_e9087ed6e8/23.jpg"", ""/content/drive/MyDrive/olx_mobile_dataset/images/mobile_e9087ed6e8/24.jpg"", ""/content/drive/MyDrive/olx_mobile_dataset/images/mobile_e9087ed6e8/25.jpg"", ""/content/drive/MyDrive/olx_mobile_dataset/images/mobile_e9087ed6e8/26.jpg""]",26,2026-01-13 06:00:17.020257
mobile_6bfabc660d,https://www.olx.in/item/mobile-phones-c1453-used-vivo-in-lb-nagar-hyderabad-iid-1831147117,V60 Box original Bill under warranty,"Need money - Mobile Phones in LB Nagar, Hyderabad",30000,"[""/content/drive/MyDrive/olx_mobile_dataset/images/mobile_6bfabc660d/1.jpg"", ""/content/drive/MyDrive/olx_mobile_dataset/images/mobile_6bfabc660d/2.jpg"", ""/content/drive/MyDrive/olx_mobile_dataset/images/mobile_6bfabc660d/3.jpg"", ""/content/drive/MyDrive/olx_mobile_dataset/images/mobile_6bfabc660d/4.jpg"", ""/content/drive/MyDrive/olx_mobile_dataset/images/mobile_6bfabc660d/5.jpg"", ""/content/drive/MyDrive/olx_mobile_dataset/images/mobile_6bfabc660d/6.jpg"", ""/content/drive/MyDrive/olx_mobile_dataset/images/mobile_6bfabc660d/7.jpg"", ""/content/drive/MyDrive/olx_mobile_dataset/images/mobile_6bfabc660d/8.jpg"", ""/content/drive/MyDrive/olx_mobile_dataset/images/mobile_6bfabc660d/9.jpg"", ""/content/drive/MyDrive/olx_mobile_dataset/images/mobile_6bfabc660d/10.jpg"", ""/content/drive/MyDrive/olx_mobile_dataset/images/mobile_6bfabc660d/11.jpg"", ""/content/drive/MyDrive/olx_mobile_dataset/images/mobile_6bfabc660d/12.jpg"", ""/content/drive/MyDrive/olx_mobile_dataset/images/mobile_6bfabc660d/13.jpg"", ""/content/drive/MyDrive/olx_mobile_dataset/images/mobile_6bfabc660d/14.jpg"", ""/content/drive/MyDrive/olx_mobile_dataset/images/mobile_6bfabc660d/15.jpg"", ""/content/drive/MyDrive/olx_mobile_dataset/images/mobile_6bfabc660d/16.jpg"", ""/content/drive/MyDrive/olx_mobile_dataset/images/mobile_6bfabc660d/17.jpg"", ""/content/drive/MyDrive/olx_mobile_dataset/images/mobile_6bfabc660d/18.jpg"", ""/content/drive/MyDrive/olx_mobile_dataset/images/mobile_6bfabc660d/19.jpg"", ""/content/drive/MyDrive/olx_mobile_dataset/images/mobile_6bfabc660d/20.jpg"", ""/content/drive/MyDrive/olx_mobile_dataset/images/mobile_6bfabc660d/21.jpg"", ""/content/drive/MyDrive/olx_mobile_dataset/images/mobile_6bfabc660d/22.jpg"", ""/content/drive/MyDrive/olx_mobile_dataset/images/mobile_6bfabc660d/23.jpg"", ""/content/drive/MyDrive/olx_mobile_dataset/images/mobile_6bfabc660d/24.jpg"", ""/content/drive/MyDrive/olx_mobile_dataset/images/mobile_6bfabc660d/25.jpg"", ""/content/drive/MyDrive/olx_mobile_dataset/images/mobile_6bfabc660d/26.jpg""]",26,2026-01-13 06:00:27.445789
mobile_a7c2339675,https://www.olx.in/item/mobile-phones-c1453-used-samsung-in-shastri-nagar-meerut-iid-1831184882,Samsung galaxy S24 ultra titanium grey emi available,"12gb ram 256gb rom , all colours and models are there - Mobile Phones in Shastri Nagar, Meerut",26500,"[""/content/drive/MyDrive/olx_mobile_dataset/images/mobile_a7c2339675/1.jpg"", ""/content/drive/MyDrive/olx_mobile_dataset/images/mobile_a7c2339675/2.jpg"", ""/content/drive/MyDrive/olx_mobile_dataset/images/mobile_a7c2339675/3.jpg"", ""/content/drive/MyDrive/olx_mobile_dataset/images/mobile_a7c2339675/4.jpg"", ""/content/drive/MyDrive/olx_mobile_dataset/images/mobile_a7c2339675/5.jpg"", ""/content/drive/MyDrive/olx_mobile_dataset/images/mobile_a7c2339675/6.jpg"", ""/content/drive/MyDrive/olx_mobile_dataset/images/mobile_a7c2339675/7.jpg"", ""/content/drive/MyDrive/olx_mobile_dataset/images/mobile_a7c2339675/8.jpg"", ""/content/drive/MyDrive/olx_mobile_dataset/images/mobile_a7c2339675/9.jpg"", ""/content/drive/MyDrive/olx_mobile_dataset/images/mobile_a7c2339675/10.jpg"", ""/content/drive/MyDrive/olx_mobile_dataset/images/mobile_a7c2339675/11.jpg"", ""/content/drive/MyDrive/olx_mobile_dataset/images/mobile_a7c2339675/12.jpg"", ""/content/drive/MyDrive/olx_mobile_dataset/images/mobile_a7c2339675/13.jpg"", ""/content/drive/MyDrive/olx_mobile_dataset/images/mobile_a7c2339675/14.jpg"", ""/content/drive/MyDrive/olx_mobile_dataset/images/mobile_a7c2339675/15.jpg"", ""/content/drive/MyDrive/olx_mobile_dataset/images/mobile_a7c2339675/16.jpg"", ""/content/drive/MyDrive/olx_mobile_dataset/images/mobile_a7c2339675/17.jpg"", ""/content/drive/MyDrive/olx_mobile_dataset/images/mobile_a7c2339675/18.jpg"", ""/content/drive/MyDrive/olx_mobile_dataset/images/mobile_a7c2339675/19.jpg"", ""/content/drive/MyDrive/olx_mobile_dataset/images/mobile_a7c2339675/20.jpg"", ""/content/drive/MyDrive/olx_mobile_dataset/images/mobile_a7c2339675/21.jpg"", ""/content/drive/MyDrive/olx_mobile_dataset/images/mobile_a7c2339675/22.jpg"", ""/content/drive/MyDrive/olx_mobile_dataset/images/mobile_a7c2339675/23.jpg"", ""/content/drive/MyDrive/olx_mobile_dataset/images/mobile_a7c2339675/24.jpg"", ""/content/drive/MyDrive/olx_mobile_dataset/images/mobile_a7c2339675/25.jpg"", ""/content/drive/MyDrive/olx_mobile_dataset/images/mobile_a7c2339675/26.jpg""]",26,2026-01-13 06:00:39.993757
mobile_4b7d8f801b,https://www.olx.in/item/mobile-phones-c1453-used-iphone-in-mangalagiri-vijayawada-iid-1831359288,iPhone 15 pro Max golden color with all accessories finance available,"All models are there , second hand phone with excellent condition - Mobile Phones in Mangalagiri, Vijayawada",26000,"[""/content/drive/MyDrive/olx_mobile_dataset/images/mobile_4b7d8f801b/1.jpg"", ""/content/drive/MyDrive/olx_mobile_dataset/images/mobile_4b7d8f801b/2.jpg"", ""/content/drive/MyDrive/olx_mobile_dataset/images/mobile_4b7d8f801b/3.jpg"", ""/content/drive/MyDrive/olx_mobile_dataset/images/mobile_4b7d8f801b/4.jpg"", ""/content/drive/MyDrive/olx_mobile_dataset/images/mobile_4b7d8f801b/5.jpg"", ""/content/drive/MyDrive/olx_mobile_dataset/images/mobile_4b7d8f801b/6.jpg"", ""/content/drive/MyDrive/olx_mobile_dataset/images/mobile_4b7d8f801b/7.jpg"", ""/content/drive/MyDrive/olx_mobile_dataset/images/mobile_4b7d8f801b/8.jpg"", ""/content/drive/MyDrive/olx_mobile_dataset/images/mobile_4b7d8f801b/9.jpg"", ""/content/drive/MyDrive/olx_mobile_dataset/images/mobile_4b7d8f801b/10.jpg"", ""/content/drive/MyDrive/olx_mobile_dataset/images/mobile_4b7d8f801b/11.jpg"", ""/content/drive/MyDrive/olx_mobile_dataset/images/mobile_4b7d8f801b/12.jpg"", ""/content/drive/MyDrive/olx_mobile_dataset/images/mobile_4b7d8f801b/13.jpg"", ""/content/drive/MyDrive/olx_mobile_dataset/images/mobile_4b7d8f801b/14.jpg"", ""/content/drive/MyDrive/olx_mobile_dataset/images/mobile_4b7d8f801b/15.jpg"", ""/content/drive/MyDrive/olx_mobile_dataset/images/mobile_4b7d8f801b/16.jpg"", ""/content/drive/MyDrive/olx_mobile_dataset/images/mobile_4b7d8f801b/17.jpg"", ""/content/drive/MyDrive/olx_mobile_dataset/images/mobile_4b7d8f801b/18.jpg"", ""/content/drive/MyDrive/olx_mobile_dataset/images/mobile_4b7d8f801b/19.jpg"", ""/content/drive/MyDrive/olx_mobile_dataset/images/mobile_4b7d8f801b/20.jpg"", ""/content/drive/MyDrive/olx_mobile_dataset/images/mobile_4b7d8f801b/21.jpg"", ""/content/drive/MyDrive/olx_mobile_dataset/images/mobile_4b7d8f801b/22.jpg"", ""/content/drive/MyDrive/olx_mobile_dataset/images/mobile_4b7d8f801b/23.jpg"", ""/content/drive/MyDrive/olx_mobile_dataset/images/mobile_4b7d8f801b/24.jpg"", ""/content/drive/MyDrive/olx_mobile_dataset/images/mobile_4b7d8f801b/25.jpg"", ""/content/drive/MyDrive/olx_mobile_dataset/images/mobile_4b7d8f801b/26.jpg""]",26,2026-01-13 06:00:51.583617
mobile_909380c852,https://www.olx.in/item/mobile-phones-c1453-used-iphone-in-swastik-vihar-panchkula-iid-1831947046,iPhone 12 Purple,"iPhone 12 128GB purple colour excellent condition - Mobile Phones in Swastik Vihar, Panchkula",22000,"[""/content/drive/MyDrive/olx_mobile_dataset/images/mobile_909380c852/1.jpg"", ""/content/drive/MyDrive/olx_mobile_dataset/images/mobile_909380c852/2.jpg"", ""/content/drive/MyDrive/olx_mobile_dataset/images/mobile_909380c852/3.jpg"", ""/content/drive/MyDrive/olx_mobile_dataset/images/mobile_909380c852/4.jpg"", ""/content/drive/MyDrive/olx_mobile_dataset/images/mobile_909380c852/5.jpg"", ""/content/drive/MyDrive/olx_mobile_dataset/images/mobile_909380c852/6.jpg"", ""/content/drive/MyDrive/olx_mobile_dataset/images/mobile_909380c852/7.jpg"", ""/content/drive/MyDrive/olx_mobile_dataset/images/mobile_909380c852/8.jpg"", ""/content/drive/MyDrive/olx_mobile_dataset/images/mobile_909380c852/9.jpg"", ""/content/drive/MyDrive/olx_mobile_dataset/images/mobile_909380c852/10.jpg"", ""/content/drive/MyDrive/olx_mobile_dataset/images/mobile_909380c852/11.jpg"", ""/content/drive/MyDrive/olx_mobile_dataset/images/mobile_909380c852/12.jpg"", ""/content/drive/MyDrive/olx_mobile_dataset/images/mobile_909380c852/13.jpg"", ""/content/drive/MyDrive/olx_mobile_dataset/images/mobile_909380c852/14.jpg"", ""/content/drive/MyDrive/olx_mobile_dataset/images/mobile_909380c852/15.jpg"", ""/content/drive/MyDrive/olx_mobile_dataset/images/mobile_909380c852/16.jpg"", ""/content/drive/MyDrive/olx_mobile_dataset/images/mobile_909380c852/17.jpg"", ""/content/drive/MyDrive/olx_mobile_dataset/images/mobile_909380c852/18.jpg"", ""/content/drive/MyDrive/olx_mobile_dataset/images/mobile_909380c852/19.jpg"", ""/content/drive/MyDrive/olx_mobile_dataset/images/mobile_909380c852/20.jpg"", ""/content/drive/MyDrive/olx_mobile_dataset/images/mobile_909380c852/21.jpg"", ""/content/drive/MyDrive/olx_mobile_dataset/images/mobile_909380c852/22.jpg"", ""/content/drive/MyDrive/olx_mobile_dataset/images/mobile_909380c852/23.jpg"", ""/content/drive/MyDrive/olx_mobile_dataset/images/mobile_909380c852/24.jpg"", ""/content/drive/MyDrive/olx_mobile_dataset/images/mobile_909380c852/25.jpg"", ""/content/drive/MyDrive/olx_mobile_dataset/images/mobile_909380c852/26.jpg""]",26,2026-01-13 06:01:02.536058
mobile_6c0f391332,https://www.olx.in/item/mobile-phones-c1453-used-iphone-in-arpora-calangute-iid-1831327742,iPhone 13 pro Sierra Blue,"If you interested only text msg no call Good Condition Reason for selling only camera Zoom not focusing 1x all ok And the mobile is All over ok no other problem in the mobile With the same IMEI box available - Mobile Phones in Arpora, Calangute",30000,"[""/content/drive/MyDrive/olx_mobile_dataset/images/mobile_6c0f391332/1.jpg"", ""/content/drive/MyDrive/olx_mobile_dataset/images/mobile_6c0f391332/2.jpg"", ""/content/drive/MyDrive/olx_mobile_dataset/images/mobile_6c0f391332/3.jpg"", ""/content/drive/MyDrive/olx_mobile_dataset/images/mobile_6c0f391332/4.jpg"", ""/content/drive/MyDrive/olx_mobile_dataset/images/mobile_6c0f391332/5.jpg"", ""/content/drive/MyDrive/olx_mobile_dataset/images/mobile_6c0f391332/6.jpg"", ""/content/drive/MyDrive/olx_mobile_dataset/images/mobile_6c0f391332/7.jpg"", ""/content/drive/MyDrive/olx_mobile_dataset/images/mobile_6c0f391332/8.jpg"", ""/content/drive/MyDrive/olx_mobile_dataset/images/mobile_6c0f391332/9.jpg"", ""/content/drive/MyDrive/olx_mobile_dataset/images/mobile_6c0f391332/10.jpg"", ""/content/drive/MyDrive/olx_mobile_dataset/images/mobile_6c0f391332/11.jpg"", ""/content/drive/MyDrive/olx_mobile_dataset/images/mobile_6c0f391332/12.jpg"", ""/content/drive/MyDrive/olx_mobile_dataset/images/mobile_6c0f391332/13.jpg"", ""/content/drive/MyDrive/olx_mobile_dataset/images/mobile_6c0f391332/14.jpg"", ""/content/drive/MyDrive/olx_mobile_dataset/images/mobile_6c0f391332/15.jpg"", ""/content/drive/MyDrive/olx_mobile_dataset/images/mobile_6c0f391332/16.jpg"", ""/content/drive/MyDrive/olx_mobile_dataset/images/mobile_6c0f391332/17.jpg"", ""/content/drive/MyDrive/olx_mobile_dataset/images/mobile_6c0f391332/18.jpg"", ""/content/drive/MyDrive/olx_mobile_dataset/images/mobile_6c0f391332/19.jpg"", ""/content/drive/MyDrive/olx_mobile_dataset/images/mobile_6c0f391332/20.jpg"", ""/content/drive/MyDrive/olx_mobile_dataset/images/mobile_6c0f391332/21.jpg"", ""/content/drive/MyDrive/olx_mobile_dataset/images/mobile_6c0f391332/22.jpg"", ""/content/drive/MyDrive/olx_mobile_dataset/images/mobile_6c0f391332/23.jpg"", ""/content/drive/MyDrive/olx_mobile_dataset/images/mobile_6c0f391332/24.jpg"", ""/content/drive/MyDrive/olx_mobile_dataset/images/mobile_6c0f391332/25.jpg"", ""/content/drive/MyDrive/olx_mobile_dataset/images/mobile_6c0f391332/26.jpg""]",26,2026-01-13 06:01:14.033391
mobile_9f36f62f49,https://www.olx.in/item/mobile-phones-c1453-used-vivo-in-haralur-bengaluru-iid-1831947018,Vivo Y18 T,"Urgent money need no scratches both full new - Mobile Phones in Haralur, Bengaluru",4000,"[""/content/drive/MyDrive/olx_mobile_dataset/images/mobile_9f36f62f49/1.jpg"", ""/content/drive/MyDrive/olx_mobile_dataset/images/mobile_9f36f62f49/2.jpg"", ""/content/drive/MyDrive/olx_mobile_dataset/images/mobile_9f36f62f49/3.jpg"", ""/content/drive/MyDrive/olx_mobile_dataset/images/mobile_9f36f62f49/4.jpg"", ""/content/drive/MyDrive/olx_mobile_dataset/images/mobile_9f36f62f49/5.jpg"", ""/content/drive/MyDrive/olx_mobile_dataset/images/mobile_9f36f62f49/6.jpg"", ""/content/drive/MyDrive/olx_mobile_dataset/images/mobile_9f36f62f49/7.jpg"", ""/content/drive/MyDrive/olx_mobile_dataset/images/mobile_9f36f62f49/8.jpg"", ""/content/drive/MyDrive/olx_mobile_dataset/images/mobile_9f36f62f49/9.jpg"", ""/content/drive/MyDrive/olx_mobile_dataset/images/mobile_9f36f62f49/10.jpg"", ""/content/drive/MyDrive/olx_mobile_dataset/images/mobile_9f36f62f49/11.jpg"", ""/content/drive/MyDrive/olx_mobile_dataset/images/mobile_9f36f62f49/12.jpg"", ""/content/drive/MyDrive/olx_mobile_dataset/images/mobile_9f36f62f49/13.jpg"", ""/content/drive/MyDrive/olx_mobile_dataset/images/mobile_9f36f62f49/14.jpg"", ""/content/drive/MyDrive/olx_mobile_dataset/images/mobile_9f36f62f49/15.jpg"", ""/content/drive/MyDrive/olx_mobile_dataset/images/mobile_9f36f62f49/16.jpg"", ""/content/drive/MyDrive/olx_mobile_dataset/images/mobile_9f36f62f49/17.jpg"", ""/content/drive/MyDrive/olx_mobile_dataset/images/mobile_9f36f62f49/18.jpg"", ""/content/drive/MyDrive/olx_mobile_dataset/images/mobile_9f36f62f49/19.jpg"", ""/content/drive/MyDrive/olx_mobile_dataset/images/mobile_9f36f62f49/20.jpg"", ""/content/drive/MyDrive/olx_mobile_dataset/images/mobile_9f36f62f49/21.jpg"", ""/content/drive/MyDrive/olx_mobile_dataset/images/mobile_9f36f62f49/22.jpg"", ""/content/drive/MyDrive/olx_mobile_dataset/images/mobile_9f36f62f49/23.jpg"", ""/content/drive/MyDrive/olx_mobile_dataset/images/mobile_9f36f62f49/24.jpg"", ""/content/drive/MyDrive/olx_mobile_dataset/images/mobile_9f36f62f49/25.jpg"", ""/content/drive/MyDrive/olx_mobile_dataset/images/mobile_9f36f62f49/26.jpg""]",26,2026-01-13 06:01:28.431298
mobile_961b5ed146,https://www.olx.in/item/mobile-phones-c1453-used-techno-in-allahabad-uttar-pradesh-iid-1831947085,Phantom v fold ekdum new,"Bill box charger sab available hai only 14 month old ek bhi scratch nahi ekdum naya hai 256gb - Mobile Phones in Shahganj, Allahabad",38000,"[""/content/drive/MyDrive/olx_mobile_dataset/images/mobile_961b5ed146/1.jpg"", ""/content/drive/MyDrive/olx_mobile_dataset/images/mobile_961b5ed146/2.jpg"", ""/content/drive/MyDrive/olx_mobile_dataset/images/mobile_961b5ed146/3.jpg"", ""/content/drive/MyDrive/olx_mobile_dataset/images/mobile_961b5ed146/4.jpg"", ""/content/drive/MyDrive/olx_mobile_dataset/images/mobile_961b5ed146/5.jpg"", ""/content/drive/MyDrive/olx_mobile_dataset/images/mobile_961b5ed146/6.jpg"", ""/content/drive/MyDrive/olx_mobile_dataset/images/mobile_961b5ed146/7.jpg"", ""/content/drive/MyDrive/olx_mobile_dataset/images/mobile_961b5ed146/8.jpg"", ""/content/drive/MyDrive/olx_mobile_dataset/images/mobile_961b5ed146/9.jpg"", ""/content/drive/MyDrive/olx_mobile_dataset/images/mobile_961b5ed146/10.jpg"", ""/content/drive/MyDrive/olx_mobile_dataset/images/mobile_961b5ed146/11.jpg"", ""/content/drive/MyDrive/olx_mobile_dataset/images/mobile_961b5ed146/12.jpg"", ""/content/drive/MyDrive/olx_mobile_dataset/images/mobile_961b5ed146/13.jpg"", ""/content/drive/MyDrive/olx_mobile_dataset/images/mobile_961b5ed146/14.jpg"", ""/content/drive/MyDrive/olx_mobile_dataset/images/mobile_961b5ed146/15.jpg"", ""/content/drive/MyDrive/olx_mobile_dataset/images/mobile_961b5ed146/16.jpg"", ""/content/drive/MyDrive/olx_mobile_dataset/images/mobile_961b5ed146/17.jpg"", ""/content/drive/MyDrive/olx_mobile_dataset/images/mobile_961b5ed146/18.jpg"", ""/content/drive/MyDrive/olx_mobile_dataset/images/mobile_961b5ed146/19.jpg"", ""/content/drive/MyDrive/olx_mobile_dataset/images/mobile_961b5ed146/20.jpg"", ""/content/drive/MyDrive/olx_mobile_dataset/images/mobile_961b5ed146/21.jpg"", ""/content/drive/MyDrive/olx_mobile_dataset/images/mobile_961b5ed146/22.jpg"", ""/content/drive/MyDrive/olx_mobile_dataset/images/mobile_961b5ed146/23.jpg"", ""/content/drive/MyDrive/olx_mobile_dataset/images/mobile_961b5ed146/24.jpg"", ""/content/drive/MyDrive/olx_mobile_dataset/images/mobile_961b5ed146/25.jpg"", ""/content/drive/MyDrive/olx_mobile_dataset/images/mobile_961b5ed146/26.jpg""]",26,2026-01-13 06:01:39.509045
mobile_166182ab64,https://www.olx.in/item/mobile-phones-c1453-used-vivo-in-dandi-allahabad-iid-1830115130,Vivo v25 pro 5G 8+8 ram / 128 storage phone or charger available hai,"8500 last price hai fix hai esse kam wale msg na kren display fingerprint proper working Display par line hai or koi dikkat nahi hai front camera thoda ganda hai bas time pass wale door rahe - Mobile Phones in Dandi, Allahabad",10500,"[""/content/drive/MyDrive/olx_mobile_dataset/images/mobile_166182ab64/1.jpg"", ""/content/drive/MyDrive/olx_mobile_dataset/images/mobile_166182ab64/2.jpg"", ""/content/drive/MyDrive/olx_mobile_dataset/images/mobile_166182ab64/3.jpg"", ""/content/drive/MyDrive/olx_mobile_dataset/images/mobile_166182ab64/4.jpg"", ""/content/drive/MyDrive/olx_mobile_dataset/images/mobile_166182ab64/5.jpg"", ""/content/drive/MyDrive/olx_mobile_dataset/images/mobile_166182ab64/6.jpg"", ""/content/drive/MyDrive/olx_mobile_dataset/images/mobile_166182ab64/7.jpg"", ""/content/drive/MyDrive/olx_mobile_dataset/images/mobile_166182ab64/8.jpg"", ""/content/drive/MyDrive/olx_mobile_dataset/images/mobile_166182ab64/9.jpg"", ""/content/drive/MyDrive/olx_mobile_dataset/images/mobile_166182ab64/10.jpg"", ""/content/drive/MyDrive/olx_mobile_dataset/images/mobile_166182ab64/11.jpg"", ""/content/drive/MyDrive/olx_mobile_dataset/images/mobile_166182ab64/12.jpg"", ""/content/drive/MyDrive/olx_mobile_dataset/images/mobile_166182ab64/13.jpg"", ""/content/drive/MyDrive/olx_mobile_dataset/images/mobile_166182ab64/14.jpg"", ""/content/drive/MyDrive/olx_mobile_dataset/images/mobile_166182ab64/15.jpg"", ""/content/drive/MyDrive/olx_mobile_dataset/images/mobile_166182ab64/16.jpg"", ""/content/drive/MyDrive/olx_mobile_dataset/images/mobile_166182ab64/17.jpg"", ""/content/drive/MyDrive/olx_mobile_dataset/images/mobile_166182ab64/18.jpg"", ""/content/drive/MyDrive/olx_mobile_dataset/images/mobile_166182ab64/19.jpg"", ""/content/drive/MyDrive/olx_mobile_dataset/images/mobile_166182ab64/20.jpg"", ""/content/drive/MyDrive/olx_mobile_dataset/images/mobile_166182ab64/21.jpg"", ""/content/drive/MyDrive/olx_mobile_dataset/images/mobile_166182ab64/22.jpg"", ""/content/drive/MyDrive/olx_mobile_dataset/images/mobile_166182ab64/23.jpg"", ""/content/drive/MyDrive/olx_mobile_dataset/images/mobile_166182ab64/24.jpg"", ""/content/drive/MyDrive/olx_mobile_dataset/images/mobile_166182ab64/25.jpg"", ""/content/drive/MyDrive/olx_mobile_dataset/images/mobile_166182ab64/26.jpg""]",26,2026-01-13 06:01:49.363619
mobile_8a1e6a5ca8,https://www.olx.in/item/mobile-phones-c1453-used-iphone-in-kumaraswamy-layout-bengaluru-iid-1831947017,Iphone 15 128gb,"I'm selling my iphone 15 128gb which is of 1month old and is in mint condition everything is available - Mobile Phones in Kumaraswamy Layout, Bengaluru",50000,"[""/content/drive/MyDrive/olx_mobile_dataset/images/mobile_8a1e6a5ca8/1.jpg"", ""/content/drive/MyDrive/olx_mobile_dataset/images/mobile_8a1e6a5ca8/2.jpg"", ""/content/drive/MyDrive/olx_mobile_dataset/images/mobile_8a1e6a5ca8/3.jpg"", ""/content/drive/MyDrive/olx_mobile_dataset/images/mobile_8a1e6a5ca8/4.jpg"", ""/content/drive/MyDrive/olx_mobile_dataset/images/mobile_8a1e6a5ca8/5.jpg"", ""/content/drive/MyDrive/olx_mobile_dataset/images/mobile_8a1e6a5ca8/6.jpg"", ""/content/drive/MyDrive/olx_mobile_dataset/images/mobile_8a1e6a5ca8/7.jpg"", ""/content/drive/MyDrive/olx_mobile_dataset/images/mobile_8a1e6a5ca8/8.jpg"", ""/content/drive/MyDrive/olx_mobile_dataset/images/mobile_8a1e6a5ca8/9.jpg"", ""/content/drive/MyDrive/olx_mobile_dataset/images/mobile_8a1e6a5ca8/10.jpg"", ""/content/drive/MyDrive/olx_mobile_dataset/images/mobile_8a1e6a5ca8/11.jpg"", ""/content/drive/MyDrive/olx_mobile_dataset/images/mobile_8a1e6a5ca8/12.jpg"", ""/content/drive/MyDrive/olx_mobile_dataset/images/mobile_8a1e6a5ca8/13.jpg"", ""/content/drive/MyDrive/olx_mobile_dataset/images/mobile_8a1e6a5ca8/14.jpg"", ""/content/drive/MyDrive/olx_mobile_dataset/images/mobile_8a1e6a5ca8/15.jpg"", ""/content/drive/MyDrive/olx_mobile_dataset/images/mobile_8a1e6a5ca8/16.jpg"", ""/content/drive/MyDrive/olx_mobile_dataset/images/mobile_8a1e6a5ca8/17.jpg"", ""/content/drive/MyDrive/olx_mobile_dataset/images/mobile_8a1e6a5ca8/18.jpg"", ""/content/drive/MyDrive/olx_mobile_dataset/images/mobile_8a1e6a5ca8/19.jpg"", ""/content/drive/MyDrive/olx_mobile_dataset/images/mobile_8a1e6a5ca8/20.jpg"", ""/content/drive/MyDrive/olx_mobile_dataset/images/mobile_8a1e6a5ca8/21.jpg"", ""/content/drive/MyDrive/olx_mobile_dataset/images/mobile_8a1e6a5ca8/22.jpg"", ""/content/drive/MyDrive/olx_mobile_dataset/images/mobile_8a1e6a5ca8/23.jpg"", ""/content/drive/MyDrive/olx_mobile_dataset/images/mobile_8a1e6a5ca8/24.jpg"", ""/content/drive/MyDrive/olx_mobile_dataset/images/mobile_8a1e6a5ca8/25.jpg"", ""/content/drive/MyDrive/olx_mobile_dataset/images/mobile_8a1e6a5ca8/26.jpg""]",26,2026-01-13 06:01:59.908035
mobile_909b0eee00,https://www.olx.in/item/mobile-phones-c1453-used-iphone-in-barkas-hyderabad-iid-1829412567,17 Pro Max 256GB,"New Box Sealed Package With One Year Apple Warranty - Mobile Phones in Barkas, Hyderabad",138000,"[""/content/drive/MyDrive/olx_mobile_dataset/images/mobile_909b0eee00/1.jpg"", ""/content/drive/MyDrive/olx_mobile_dataset/images/mobile_909b0eee00/2.jpg"", ""/content/drive/MyDrive/olx_mobile_dataset/images/mobile_909b0eee00/3.jpg"", ""/content/drive/MyDrive/olx_mobile_dataset/images/mobile_909b0eee00/4.jpg"", ""/content/drive/MyDrive/olx_mobile_dataset/images/mobile_909b0eee00/5.jpg"", ""/content/drive/MyDrive/olx_mobile_dataset/images/mobile_909b0eee00/6.jpg"", ""/content/drive/MyDrive/olx_mobile_dataset/images/mobile_909b0eee00/7.jpg"", ""/content/drive/MyDrive/olx_mobile_dataset/images/mobile_909b0eee00/8.jpg"", ""/content/drive/MyDrive/olx_mobile_dataset/images/mobile_909b0eee00/9.jpg"", ""/content/drive/MyDrive/olx_mobile_dataset/images/mobile_909b0eee00/10.jpg"", ""/content/drive/MyDrive/olx_mobile_dataset/images/mobile_909b0eee00/11.jpg"", ""/content/drive/MyDrive/olx_mobile_dataset/images/mobile_909b0eee00/12.jpg"", ""/content/drive/MyDrive/olx_mobile_dataset/images/mobile_909b0eee00/13.jpg"", ""/content/drive/MyDrive/olx_mobile_dataset/images/mobile_909b0eee00/14.jpg"", ""/content/drive/MyDrive/olx_mobile_dataset/images/mobile_909b0eee00/15.jpg"", ""/content/drive/MyDrive/olx_mobile_dataset/images/mobile_909b0eee00/16.jpg"", ""/content/drive/MyDrive/olx_mobile_dataset/images/mobile_909b0eee00/17.jpg"", ""/content/drive/MyDrive/olx_mobile_dataset/images/mobile_909b0eee00/18.jpg"", ""/content/drive/MyDrive/olx_mobile_dataset/images/mobile_909b0eee00/19.jpg"", ""/content/drive/MyDrive/olx_mobile_dataset/images/mobile_909b0eee00/20.jpg"", ""/content/drive/MyDrive/olx_mobile_dataset/images/mobile_909b0eee00/21.jpg"", ""/content/drive/MyDrive/olx_mobile_dataset/images/mobile_909b0eee00/22.jpg"", ""/content/drive/MyDrive/olx_mobile_dataset/images/mobile_909b0eee00/23.jpg"", ""/content/drive/MyDrive/olx_mobile_dataset/images/mobile_909b0eee00/24.jpg"", ""/content/drive/MyDrive/olx_mobile_dataset/images/mobile_909b0eee00/25.jpg"", ""/content/drive/MyDrive/olx_mobile_dataset/images/mobile_909b0eee00/26.jpg""]",26,2026-01-13 06:02:11.602479
mobile_2605b4d965,https://www.olx.in/item/mobile-phones-c1453-used-iphone-in-banki-barabanki-iid-1831947067,Iphone12pro,"All working bil rasid sab kuch hai - Mobile Phones in Banki, Barabanki",28500,"[""/content/drive/MyDrive/olx_mobile_dataset/images/mobile_2605b4d965/1.jpg"", ""/content/drive/MyDrive/olx_mobile_dataset/images/mobile_2605b4d965/2.jpg"", ""/content/drive/MyDrive/olx_mobile_dataset/images/mobile_2605b4d965/3.jpg"", ""/content/drive/MyDrive/olx_mobile_dataset/images/mobile_2605b4d965/4.jpg"", ""/content/drive/MyDrive/olx_mobile_dataset/images/mobile_2605b4d965/5.jpg"", ""/content/drive/MyDrive/olx_mobile_dataset/images/mobile_2605b4d965/6.jpg"", ""/content/drive/MyDrive/olx_mobile_dataset/images/mobile_2605b4d965/7.jpg"", ""/content/drive/MyDrive/olx_mobile_dataset/images/mobile_2605b4d965/8.jpg"", ""/content/drive/MyDrive/olx_mobile_dataset/images/mobile_2605b4d965/9.jpg"", ""/content/drive/MyDrive/olx_mobile_dataset/images/mobile_2605b4d965/10.jpg"", ""/content/drive/MyDrive/olx_mobile_dataset/images/mobile_2605b4d965/11.jpg"", ""/content/drive/MyDrive/olx_mobile_dataset/images/mobile_2605b4d965/12.jpg"", ""/content/drive/MyDrive/olx_mobile_dataset/images/mobile_2605b4d965/13.jpg"", ""/content/drive/MyDrive/olx_mobile_dataset/images/mobile_2605b4d965/14.jpg"", ""/content/drive/MyDrive/olx_mobile_dataset/images/mobile_2605b4d965/15.jpg"", ""/content/drive/MyDrive/olx_mobile_dataset/images/mobile_2605b4d965/16.jpg"", ""/content/drive/MyDrive/olx_mobile_dataset/images/mobile_2605b4d965/17.jpg"", ""/content/drive/MyDrive/olx_mobile_dataset/images/mobile_2605b4d965/18.jpg"", ""/content/drive/MyDrive/olx_mobile_dataset/images/mobile_2605b4d965/19.jpg"", ""/content/drive/MyDrive/olx_mobile_dataset/images/mobile_2605b4d965/20.jpg"", ""/content/drive/MyDrive/olx_mobile_dataset/images/mobile_2605b4d965/21.jpg"", ""/content/drive/MyDrive/olx_mobile_dataset/images/mobile_2605b4d965/22.jpg"", ""/content/drive/MyDrive/olx_mobile_dataset/images/mobile_2605b4d965/23.jpg"", ""/content/drive/MyDrive/olx_mobile_dataset/images/mobile_2605b4d965/24.jpg"", ""/content/drive/MyDrive/olx_mobile_dataset/images/mobile_2605b4d965/25.jpg"", ""/content/drive/MyDrive/olx_mobile_dataset/images/mobile_2605b4d965/26.jpg""]",26,2026-01-13 06:02:20.432351
mobile_405545eb0d,https://www.olx.in/item/mobile-phones-c1453-used-vivo-in-karamana-thiruvananthapuram-iid-1831947060,Vivo X200 Pro 16/512GB ( 18months warranty remains) non used condition,"Full box Brand new condition :- 10 days shop checking warranty :- Exchnge offer available :- Emi Facility available :- Emi & Loan edukkan agrahikkunnavar :- Shopil varuka check cheyuka :- Shopileakk varumpool kayil :- Adhar :- pan card :-Atm card enniva kayi karuthuka :- Debit and credit acceptable :- Home delivery :- All India courier service :-More details and enquiries :-7️⃣8️⃣7️⃣7️⃣2️⃣7️⃣7️⃣7️⃣1️⃣7️⃣ :-Shop located @ Thakaraparambu , Trivandrum Opposite Thakaraparambu vayalil hotel - Mobile Phones in Karamana, Thiruvananthapuram",68000,"[""/content/drive/MyDrive/olx_mobile_dataset/images/mobile_405545eb0d/1.jpg"", ""/content/drive/MyDrive/olx_mobile_dataset/images/mobile_405545eb0d/2.jpg"", ""/content/drive/MyDrive/olx_mobile_dataset/images/mobile_405545eb0d/3.jpg"", ""/content/drive/MyDrive/olx_mobile_dataset/images/mobile_405545eb0d/4.jpg"", ""/content/drive/MyDrive/olx_mobile_dataset/images/mobile_405545eb0d/5.jpg"", ""/content/drive/MyDrive/olx_mobile_dataset/images/mobile_405545eb0d/6.jpg"", ""/content/drive/MyDrive/olx_mobile_dataset/images/mobile_405545eb0d/7.jpg"", ""/content/drive/MyDrive/olx_mobile_dataset/images/mobile_405545eb0d/8.jpg"", ""/content/drive/MyDrive/olx_mobile_dataset/images/mobile_405545eb0d/9.jpg"", ""/content/drive/MyDrive/olx_mobile_dataset/images/mobile_405545eb0d/10.jpg"", ""/content/drive/MyDrive/olx_mobile_dataset/images/mobile_405545eb0d/11.jpg"", ""/content/drive/MyDrive/olx_mobile_dataset/images/mobile_405545eb0d/12.jpg"", ""/content/drive/MyDrive/olx_mobile_dataset/images/mobile_405545eb0d/13.jpg"", ""/content/drive/MyDrive/olx_mobile_dataset/images/mobile_405545eb0d/14.jpg"", ""/content/drive/MyDrive/olx_mobile_dataset/images/mobile_405545eb0d/15.jpg"", ""/content/drive/MyDrive/olx_mobile_dataset/images/mobile_405545eb0d/16.jpg"", ""/content/drive/MyDrive/olx_mobile_dataset/images/mobile_405545eb0d/17.jpg"", ""/content/drive/MyDrive/olx_mobile_dataset/images/mobile_405545eb0d/18.jpg"", ""/content/drive/MyDrive/olx_mobile_dataset/images/mobile_405545eb0d/19.jpg"", ""/content/drive/MyDrive/olx_mobile_dataset/images/mobile_405545eb0d/20.jpg"", ""/content/drive/MyDrive/olx_mobile_dataset/images/mobile_405545eb0d/21.jpg"", ""/content/drive/MyDrive/olx_mobile_dataset/images/mobile_405545eb0d/22.jpg"", ""/content/drive/MyDrive/olx_mobile_dataset/images/mobile_405545eb0d/23.jpg"", ""/content/drive/MyDrive/olx_mobile_dataset/images/mobile_405545eb0d/24.jpg"", ""/content/drive/MyDrive/olx_mobile_dataset/images/mobile_405545eb0d/25.jpg"", ""/content/drive/MyDrive/olx_mobile_dataset/images/mobile_405545eb0d/26.jpg""]",26,2026-01-13 06:02:31.751953
mobile_14d3c31311,https://www.olx.in/item/mobile-phones-c1453-used-samsung-in-mayari-nagar-kukatpally-iid-1831364692,Samasung s24 8gb 256gb 5 months old brand new condition bill box acc,"Lady used device – just 5 months old. Very neatly maintained, almost like new. Model: Samsung Galaxy S24 RAM / Storage: 8GB / 256GB New billing price: ₹59,900 bill available Orginal Offer price: ₹36,900 only Usage: Only 5 months Warranty: 7 months still remaining Condition: Excellent Store quality-checked 100% proper working condition No functional issues Display, touch, camera & speakers perfect Battery performance excellent Clean IMEI, no lock issues Bill available Warranty support available (as per company / store policy) Physical store available – buy with confidence Full device checking allowed before purchase Best price compared to market Slight negotiation possible after checking Only serious buyers please Stay away vendors time pass persons - Mobile Phones in Mayari Nagar, Kukatpally",59900,"[""/content/drive/MyDrive/olx_mobile_dataset/images/mobile_14d3c31311/1.jpg"", ""/content/drive/MyDrive/olx_mobile_dataset/images/mobile_14d3c31311/2.jpg"", ""/content/drive/MyDrive/olx_mobile_dataset/images/mobile_14d3c31311/3.jpg"", ""/content/drive/MyDrive/olx_mobile_dataset/images/mobile_14d3c31311/4.jpg"", ""/content/drive/MyDrive/olx_mobile_dataset/images/mobile_14d3c31311/5.jpg"", ""/content/drive/MyDrive/olx_mobile_dataset/images/mobile_14d3c31311/6.jpg"", ""/content/drive/MyDrive/olx_mobile_dataset/images/mobile_14d3c31311/7.jpg"", ""/content/drive/MyDrive/olx_mobile_dataset/images/mobile_14d3c31311/8.jpg"", ""/content/drive/MyDrive/olx_mobile_dataset/images/mobile_14d3c31311/9.jpg"", ""/content/drive/MyDrive/olx_mobile_dataset/images/mobile_14d3c31311/10.jpg"", ""/content/drive/MyDrive/olx_mobile_dataset/images/mobile_14d3c31311/11.jpg"", ""/content/drive/MyDrive/olx_mobile_dataset/images/mobile_14d3c31311/12.jpg"", ""/content/drive/MyDrive/olx_mobile_dataset/images/mobile_14d3c31311/13.jpg"", ""/content/drive/MyDrive/olx_mobile_dataset/images/mobile_14d3c31311/14.jpg"", ""/content/drive/MyDrive/olx_mobile_dataset/images/mobile_14d3c31311/15.jpg"", ""/content/drive/MyDrive/olx_mobile_dataset/images/mobile_14d3c31311/16.jpg"", ""/content/drive/MyDrive/olx_mobile_dataset/images/mobile_14d3c31311/17.jpg"", ""/content/drive/MyDrive/olx_mobile_dataset/images/mobile_14d3c31311/18.jpg"", ""/content/drive/MyDrive/olx_mobile_dataset/images/mobile_14d3c31311/19.jpg"", ""/content/drive/MyDrive/olx_mobile_dataset/images/mobile_14d3c31311/20.jpg"", ""/content/drive/MyDrive/olx_mobile_dataset/images/mobile_14d3c31311/21.jpg"", ""/content/drive/MyDrive/olx_mobile_dataset/images/mobile_14d3c31311/22.jpg"", ""/content/drive/MyDrive/olx_mobile_dataset/images/mobile_14d3c31311/23.jpg"", ""/content/drive/MyDrive/olx_mobile_dataset/images/mobile_14d3c31311/24.jpg"", ""/content/drive/MyDrive/olx_mobile_dataset/images/mobile_14d3c31311/25.jpg"", ""/content/drive/MyDrive/olx_mobile_dataset/images/mobile_14d3c31311/26.jpg""]",26,2026-01-13 06:02:43.119810
mobile_1f7b526d45,https://www.olx.in/item/mobile-phones-c1453-used-iphone-in-gulmohar-nagar-khanna-iid-1831947083,"IPhone 15 , 128 gb,  Battery health 99.","IPhone 15 , 128 gb in new condition, less used only 6 month old, with all accessories original charger cable box. Also in 6 month damage insurance, 160 charging count. - Mobile Phones in Gulmohar Nagar, Khanna",46000,"[""/content/drive/MyDrive/olx_mobile_dataset/images/mobile_1f7b526d45/1.jpg"", ""/content/drive/MyDrive/olx_mobile_dataset/images/mobile_1f7b526d45/2.jpg"", ""/content/drive/MyDrive/olx_mobile_dataset/images/mobile_1f7b526d45/3.jpg"", ""/content/drive/MyDrive/olx_mobile_dataset/images/mobile_1f7b526d45/4.jpg"", ""/content/drive/MyDrive/olx_mobile_dataset/images/mobile_1f7b526d45/5.jpg"", ""/content/drive/MyDrive/olx_mobile_dataset/images/mobile_1f7b526d45/6.jpg"", ""/content/drive/MyDrive/olx_mobile_dataset/images/mobile_1f7b526d45/7.jpg"", ""/content/drive/MyDrive/olx_mobile_dataset/images/mobile_1f7b526d45/8.jpg"", ""/content/drive/MyDrive/olx_mobile_dataset/images/mobile_1f7b526d45/9.jpg"", ""/content/drive/MyDrive/olx_mobile_dataset/images/mobile_1f7b526d45/10.jpg"", ""/content/drive/MyDrive/olx_mobile_dataset/images/mobile_1f7b526d45/11.jpg"", ""/content/drive/MyDrive/olx_mobile_dataset/images/mobile_1f7b526d45/12.jpg"", ""/content/drive/MyDrive/olx_mobile_dataset/images/mobile_1f7b526d45/13.jpg"", ""/content/drive/MyDrive/olx_mobile_dataset/images/mobile_1f7b526d45/14.jpg"", ""/content/drive/MyDrive/olx_mobile_dataset/images/mobile_1f7b526d45/15.jpg"", ""/content/drive/MyDrive/olx_mobile_dataset/images/mobile_1f7b526d45/16.jpg"", ""/content/drive/MyDrive/olx_mobile_dataset/images/mobile_1f7b526d45/17.jpg"", ""/content/drive/MyDrive/olx_mobile_dataset/images/mobile_1f7b526d45/18.jpg"", ""/content/drive/MyDrive/olx_mobile_dataset/images/mobile_1f7b526d45/19.jpg"", ""/content/drive/MyDrive/olx_mobile_dataset/images/mobile_1f7b526d45/20.jpg"", ""/content/drive/MyDrive/olx_mobile_dataset/images/mobile_1f7b526d45/21.jpg"", ""/content/drive/MyDrive/olx_mobile_dataset/images/mobile_1f7b526d45/22.jpg"", ""/content/drive/MyDrive/olx_mobile_dataset/images/mobile_1f7b526d45/23.jpg"", ""/content/drive/MyDrive/olx_mobile_dataset/images/mobile_1f7b526d45/24.jpg"", ""/content/drive/MyDrive/olx_mobile_dataset/images/mobile_1f7b526d45/25.jpg"", ""/content/drive/MyDrive/olx_mobile_dataset/images/mobile_1f7b526d45/26.jpg""]",26,2026-01-13 06:02:52.879320
mobile_7937f8ff68,https://www.olx.in/item/mobile-phones-c1453-used-samsung-in-hafeezpet-hyderabad-iid-1831758700,Samsung Galaxy S25 ultra - 256 GB 12 GB RAM,"Colour - titanium jetblack available with S Pen Completely new phone in working very good condition 256 GB storage and 12 GB RAM. Excellent camera quality and in built AI - Mobile Phones in Hafeezpet, Hyderabad",100000,"[""/content/drive/MyDrive/olx_mobile_dataset/images/mobile_7937f8ff68/1.jpg"", ""/content/drive/MyDrive/olx_mobile_dataset/images/mobile_7937f8ff68/2.jpg"", ""/content/drive/MyDrive/olx_mobile_dataset/images/mobile_7937f8ff68/3.jpg"", ""/content/drive/MyDrive/olx_mobile_dataset/images/mobile_7937f8ff68/4.jpg"", ""/content/drive/MyDrive/olx_mobile_dataset/images/mobile_7937f8ff68/5.jpg"", ""/content/drive/MyDrive/olx_mobile_dataset/images/mobile_7937f8ff68/6.jpg"", ""/content/drive/MyDrive/olx_mobile_dataset/images/mobile_7937f8ff68/7.jpg"", ""/content/drive/MyDrive/olx_mobile_dataset/images/mobile_7937f8ff68/8.jpg"", ""/content/drive/MyDrive/olx_mobile_dataset/images/mobile_7937f8ff68/9.jpg"", ""/content/drive/MyDrive/olx_mobile_dataset/images/mobile_7937f8ff68/10.jpg"", ""/content/drive/MyDrive/olx_mobile_dataset/images/mobile_7937f8ff68/11.jpg"", ""/content/drive/MyDrive/olx_mobile_dataset/images/mobile_7937f8ff68/12.jpg"", ""/content/drive/MyDrive/olx_mobile_dataset/images/mobile_7937f8ff68/13.jpg"", ""/content/drive/MyDrive/olx_mobile_dataset/images/mobile_7937f8ff68/14.jpg"", ""/content/drive/MyDrive/olx_mobile_dataset/images/mobile_7937f8ff68/15.jpg"", ""/content/drive/MyDrive/olx_mobile_dataset/images/mobile_7937f8ff68/16.jpg"", ""/content/drive/MyDrive/olx_mobile_dataset/images/mobile_7937f8ff68/17.jpg"", ""/content/drive/MyDrive/olx_mobile_dataset/images/mobile_7937f8ff68/18.jpg"", ""/content/drive/MyDrive/olx_mobile_dataset/images/mobile_7937f8ff68/19.jpg"", ""/content/drive/MyDrive/olx_mobile_dataset/images/mobile_7937f8ff68/20.jpg"", ""/content/drive/MyDrive/olx_mobile_dataset/images/mobile_7937f8ff68/21.jpg"", ""/content/drive/MyDrive/olx_mobile_dataset/images/mobile_7937f8ff68/22.jpg"", ""/content/drive/MyDrive/olx_mobile_dataset/images/mobile_7937f8ff68/23.jpg"", ""/content/drive/MyDrive/olx_mobile_dataset/images/mobile_7937f8ff68/24.jpg"", ""/content/drive/MyDrive/olx_mobile_dataset/images/mobile_7937f8ff68/25.jpg"", ""/content/drive/MyDrive/olx_mobile_dataset/images/mobile_7937f8ff68/26.jpg""]",26,2026-01-13 06:03:02.741415
mobile_0b73717c86,https://www.olx.in/item/mobile-phones-c1453-used-vivo-in-bhagwanpur-namna-kalan-iid-1826972571,Vivo y16 3/64 bil box phone hai phone me koi problem ni hai,"Vivo y16 3/64 bil box phone charger hai phone me koi problem ni hai jisko bhi Lena hai msg kro - Mobile Phones in Bhagwanpur, Namna Kalan",5000,"[""/content/drive/MyDrive/olx_mobile_dataset/images/mobile_0b73717c86/1.jpg"", ""/content/drive/MyDrive/olx_mobile_dataset/images/mobile_0b73717c86/2.jpg"", ""/content/drive/MyDrive/olx_mobile_dataset/images/mobile_0b73717c86/3.jpg"", ""/content/drive/MyDrive/olx_mobile_dataset/images/mobile_0b73717c86/4.jpg"", ""/content/drive/MyDrive/olx_mobile_dataset/images/mobile_0b73717c86/5.jpg"", ""/content/drive/MyDrive/olx_mobile_dataset/images/mobile_0b73717c86/6.jpg"", ""/content/drive/MyDrive/olx_mobile_dataset/images/mobile_0b73717c86/7.jpg"", ""/content/drive/MyDrive/olx_mobile_dataset/images/mobile_0b73717c86/8.jpg"", ""/content/drive/MyDrive/olx_mobile_dataset/images/mobile_0b73717c86/9.jpg"", ""/content/drive/MyDrive/olx_mobile_dataset/images/mobile_0b73717c86/10.jpg"", ""/content/drive/MyDrive/olx_mobile_dataset/images/mobile_0b73717c86/11.jpg"", ""/content/drive/MyDrive/olx_mobile_dataset/images/mobile_0b73717c86/12.jpg"", ""/content/drive/MyDrive/olx_mobile_dataset/images/mobile_0b73717c86/13.jpg"", ""/content/drive/MyDrive/olx_mobile_dataset/images/mobile_0b73717c86/14.jpg"", ""/content/drive/MyDrive/olx_mobile_dataset/images/mobile_0b73717c86/15.jpg"", ""/content/drive/MyDrive/olx_mobile_dataset/images/mobile_0b73717c86/16.jpg"", ""/content/drive/MyDrive/olx_mobile_dataset/images/mobile_0b73717c86/17.jpg"", ""/content/drive/MyDrive/olx_mobile_dataset/images/mobile_0b73717c86/18.jpg"", ""/content/drive/MyDrive/olx_mobile_dataset/images/mobile_0b73717c86/19.jpg"", ""/content/drive/MyDrive/olx_mobile_dataset/images/mobile_0b73717c86/20.jpg"", ""/content/drive/MyDrive/olx_mobile_dataset/images/mobile_0b73717c86/21.jpg"", ""/content/drive/MyDrive/olx_mobile_dataset/images/mobile_0b73717c86/22.jpg"", ""/content/drive/MyDrive/olx_mobile_dataset/images/mobile_0b73717c86/23.jpg"", ""/content/drive/MyDrive/olx_mobile_dataset/images/mobile_0b73717c86/24.jpg"", ""/content/drive/MyDrive/olx_mobile_dataset/images/mobile_0b73717c86/25.jpg"", ""/content/drive/MyDrive/olx_mobile_dataset/images/mobile_0b73717c86/26.jpg""]",26,2026-01-13 06:03:13.964885
mobile_ca9c4ee18a,https://www.olx.in/item/mobile-phones-c1453-used-samsung-in-vasai-east-mumbai-iid-1831946995,Samsung s25 ultra,"Samsung s25 7 month old phone box and charger with mobile phone original Bill with 18 month. Warranty Bill hai mobile - Mobile Phones in Vasai East, Mumbai",99000,"[""/content/drive/MyDrive/olx_mobile_dataset/images/mobile_ca9c4ee18a/1.jpg"", ""/content/drive/MyDrive/olx_mobile_dataset/images/mobile_ca9c4ee18a/2.jpg"", ""/content/drive/MyDrive/olx_mobile_dataset/images/mobile_ca9c4ee18a/3.jpg"", ""/content/drive/MyDrive/olx_mobile_dataset/images/mobile_ca9c4ee18a/4.jpg"", ""/content/drive/MyDrive/olx_mobile_dataset/images/mobile_ca9c4ee18a/5.jpg"", ""/content/drive/MyDrive/olx_mobile_dataset/images/mobile_ca9c4ee18a/6.jpg"", ""/content/drive/MyDrive/olx_mobile_dataset/images/mobile_ca9c4ee18a/7.jpg"", ""/content/drive/MyDrive/olx_mobile_dataset/images/mobile_ca9c4ee18a/8.jpg"", ""/content/drive/MyDrive/olx_mobile_dataset/images/mobile_ca9c4ee18a/9.jpg"", ""/content/drive/MyDrive/olx_mobile_dataset/images/mobile_ca9c4ee18a/10.jpg"", ""/content/drive/MyDrive/olx_mobile_dataset/images/mobile_ca9c4ee18a/11.jpg"", ""/content/drive/MyDrive/olx_mobile_dataset/images/mobile_ca9c4ee18a/12.jpg"", ""/content/drive/MyDrive/olx_mobile_dataset/images/mobile_ca9c4ee18a/13.jpg"", ""/content/drive/MyDrive/olx_mobile_dataset/images/mobile_ca9c4ee18a/14.jpg"", ""/content/drive/MyDrive/olx_mobile_dataset/images/mobile_ca9c4ee18a/15.jpg"", ""/content/drive/MyDrive/olx_mobile_dataset/images/mobile_ca9c4ee18a/16.jpg"", ""/content/drive/MyDrive/olx_mobile_dataset/images/mobile_ca9c4ee18a/17.jpg"", ""/content/drive/MyDrive/olx_mobile_dataset/images/mobile_ca9c4ee18a/18.jpg"", ""/content/drive/MyDrive/olx_mobile_dataset/images/mobile_ca9c4ee18a/19.jpg"", ""/content/drive/MyDrive/olx_mobile_dataset/images/mobile_ca9c4ee18a/20.jpg"", ""/content/drive/MyDrive/olx_mobile_dataset/images/mobile_ca9c4ee18a/21.jpg"", ""/content/drive/MyDrive/olx_mobile_dataset/images/mobile_ca9c4ee18a/22.jpg"", ""/content/drive/MyDrive/olx_mobile_dataset/images/mobile_ca9c4ee18a/23.jpg"", ""/content/drive/MyDrive/olx_mobile_dataset/images/mobile_ca9c4ee18a/24.jpg"", ""/content/drive/MyDrive/olx_mobile_dataset/images/mobile_ca9c4ee18a/25.jpg"", ""/content/drive/MyDrive/olx_mobile_dataset/images/mobile_ca9c4ee18a/26.jpg""]",26,2026-01-13 06:03:24.496616
mobile_27792c2754,https://www.olx.in/item/mobile-phones-c1453-used-techno-in-sri-gandha-layout-davanagere-iid-1831947045,Tecno pova 7 pro 5g,"I want buy new phone so I need some money Phone used 1 month With bill box 8gb RAM 256 STORAGE - Mobile Phones in Sri Gandha Layout, Davanagere",18200,"[""/content/drive/MyDrive/olx_mobile_dataset/images/mobile_27792c2754/1.jpg"", ""/content/drive/MyDrive/olx_mobile_dataset/images/mobile_27792c2754/2.jpg"", ""/content/drive/MyDrive/olx_mobile_dataset/images/mobile_27792c2754/3.jpg"", ""/content/drive/MyDrive/olx_mobile_dataset/images/mobile_27792c2754/4.jpg"", ""/content/drive/MyDrive/olx_mobile_dataset/images/mobile_27792c2754/5.jpg"", ""/content/drive/MyDrive/olx_mobile_dataset/images/mobile_27792c2754/6.jpg"", ""/content/drive/MyDrive/olx_mobile_dataset/images/mobile_27792c2754/7.jpg"", ""/content/drive/MyDrive/olx_mobile_dataset/images/mobile_27792c2754/8.jpg"", ""/content/drive/MyDrive/olx_mobile_dataset/images/mobile_27792c2754/9.jpg"", ""/content/drive/MyDrive/olx_mobile_dataset/images/mobile_27792c2754/10.jpg"", ""/content/drive/MyDrive/olx_mobile_dataset/images/mobile_27792c2754/11.jpg"", ""/content/drive/MyDrive/olx_mobile_dataset/images/mobile_27792c2754/12.jpg"", ""/content/drive/MyDrive/olx_mobile_dataset/images/mobile_27792c2754/13.jpg"", ""/content/drive/MyDrive/olx_mobile_dataset/images/mobile_27792c2754/14.jpg"", ""/content/drive/MyDrive/olx_mobile_dataset/images/mobile_27792c2754/15.jpg"", ""/content/drive/MyDrive/olx_mobile_dataset/images/mobile_27792c2754/16.jpg"", ""/content/drive/MyDrive/olx_mobile_dataset/images/mobile_27792c2754/17.jpg"", ""/content/drive/MyDrive/olx_mobile_dataset/images/mobile_27792c2754/18.jpg"", ""/content/drive/MyDrive/olx_mobile_dataset/images/mobile_27792c2754/19.jpg"", ""/content/drive/MyDrive/olx_mobile_dataset/images/mobile_27792c2754/20.jpg"", ""/content/drive/MyDrive/olx_mobile_dataset/images/mobile_27792c2754/21.jpg"", ""/content/drive/MyDrive/olx_mobile_dataset/images/mobile_27792c2754/22.jpg"", ""/content/drive/MyDrive/olx_mobile_dataset/images/mobile_27792c2754/23.jpg"", ""/content/drive/MyDrive/olx_mobile_dataset/images/mobile_27792c2754/24.jpg"", ""/content/drive/MyDrive/olx_mobile_dataset/images/mobile_27792c2754/25.jpg"", ""/content/drive/MyDrive/olx_mobile_dataset/images/mobile_27792c2754/26.jpg""]",26,2026-01-13 06:03:37.391725
mobile_d70d27125d,https://www.olx.in/item/mobile-phones-c1453-used-infinix-in-khanyar-thonga-mohalla-srinagar-iid-1831946933,Infinix gt 30 pro,"8/256 warranty till 24-8-2026 With box charger and with 2 phone cover's Without any scratch or dent 1000% Condition Best phone for gaming - Mobile Phones in Khanyar Thonga Mohalla, Srinagar",23500,"[""/content/drive/MyDrive/olx_mobile_dataset/images/mobile_d70d27125d/1.jpg"", ""/content/drive/MyDrive/olx_mobile_dataset/images/mobile_d70d27125d/2.jpg"", ""/content/drive/MyDrive/olx_mobile_dataset/images/mobile_d70d27125d/3.jpg"", ""/content/drive/MyDrive/olx_mobile_dataset/images/mobile_d70d27125d/4.jpg"", ""/content/drive/MyDrive/olx_mobile_dataset/images/mobile_d70d27125d/5.jpg"", ""/content/drive/MyDrive/olx_mobile_dataset/images/mobile_d70d27125d/6.jpg"", ""/content/drive/MyDrive/olx_mobile_dataset/images/mobile_d70d27125d/7.jpg"", ""/content/drive/MyDrive/olx_mobile_dataset/images/mobile_d70d27125d/8.jpg"", ""/content/drive/MyDrive/olx_mobile_dataset/images/mobile_d70d27125d/9.jpg"", ""/content/drive/MyDrive/olx_mobile_dataset/images/mobile_d70d27125d/10.jpg"", ""/content/drive/MyDrive/olx_mobile_dataset/images/mobile_d70d27125d/11.jpg"", ""/content/drive/MyDrive/olx_mobile_dataset/images/mobile_d70d27125d/12.jpg"", ""/content/drive/MyDrive/olx_mobile_dataset/images/mobile_d70d27125d/13.jpg"", ""/content/drive/MyDrive/olx_mobile_dataset/images/mobile_d70d27125d/14.jpg"", ""/content/drive/MyDrive/olx_mobile_dataset/images/mobile_d70d27125d/15.jpg"", ""/content/drive/MyDrive/olx_mobile_dataset/images/mobile_d70d27125d/16.jpg"", ""/content/drive/MyDrive/olx_mobile_dataset/images/mobile_d70d27125d/17.jpg"", ""/content/drive/MyDrive/olx_mobile_dataset/images/mobile_d70d27125d/18.jpg"", ""/content/drive/MyDrive/olx_mobile_dataset/images/mobile_d70d27125d/19.jpg"", ""/content/drive/MyDrive/olx_mobile_dataset/images/mobile_d70d27125d/20.jpg"", ""/content/drive/MyDrive/olx_mobile_dataset/images/mobile_d70d27125d/21.jpg"", ""/content/drive/MyDrive/olx_mobile_dataset/images/mobile_d70d27125d/22.jpg"", ""/content/drive/MyDrive/olx_mobile_dataset/images/mobile_d70d27125d/23.jpg"", ""/content/drive/MyDrive/olx_mobile_dataset/images/mobile_d70d27125d/24.jpg"", ""/content/drive/MyDrive/olx_mobile_dataset/images/mobile_d70d27125d/25.jpg"", ""/content/drive/MyDrive/olx_mobile_dataset/images/mobile_d70d27125d/26.jpg""]",26,2026-01-13 06:03:46.719143
mobile_6047aff7bf,https://www.olx.in/item/mobile-phones-c1453-used-iphone-in-mamidalapadu-kurnool-iid-1831359195,iPhone 15 pro Max golden color with all accessories finance available,"All models are there , used phones with excellent condition - Mobile Phones in Mamidalapadu, Kurnool",26000,"[""/content/drive/MyDrive/olx_mobile_dataset/images/mobile_6047aff7bf/1.jpg"", ""/content/drive/MyDrive/olx_mobile_dataset/images/mobile_6047aff7bf/2.jpg"", ""/content/drive/MyDrive/olx_mobile_dataset/images/mobile_6047aff7bf/3.jpg"", ""/content/drive/MyDrive/olx_mobile_dataset/images/mobile_6047aff7bf/4.jpg"", ""/content/drive/MyDrive/olx_mobile_dataset/images/mobile_6047aff7bf/5.jpg"", ""/content/drive/MyDrive/olx_mobile_dataset/images/mobile_6047aff7bf/6.jpg"", ""/content/drive/MyDrive/olx_mobile_dataset/images/mobile_6047aff7bf/7.jpg"", ""/content/drive/MyDrive/olx_mobile_dataset/images/mobile_6047aff7bf/8.jpg"", ""/content/drive/MyDrive/olx_mobile_dataset/images/mobile_6047aff7bf/9.jpg"", ""/content/drive/MyDrive/olx_mobile_dataset/images/mobile_6047aff7bf/10.jpg"", ""/content/drive/MyDrive/olx_mobile_dataset/images/mobile_6047aff7bf/11.jpg"", ""/content/drive/MyDrive/olx_mobile_dataset/images/mobile_6047aff7bf/12.jpg"", ""/content/drive/MyDrive/olx_mobile_dataset/images/mobile_6047aff7bf/13.jpg"", ""/content/drive/MyDrive/olx_mobile_dataset/images/mobile_6047aff7bf/14.jpg"", ""/content/drive/MyDrive/olx_mobile_dataset/images/mobile_6047aff7bf/15.jpg"", ""/content/drive/MyDrive/olx_mobile_dataset/images/mobile_6047aff7bf/16.jpg"", ""/content/drive/MyDrive/olx_mobile_dataset/images/mobile_6047aff7bf/17.jpg"", ""/content/drive/MyDrive/olx_mobile_dataset/images/mobile_6047aff7bf/18.jpg"", ""/content/drive/MyDrive/olx_mobile_dataset/images/mobile_6047aff7bf/19.jpg"", ""/content/drive/MyDrive/olx_mobile_dataset/images/mobile_6047aff7bf/20.jpg"", ""/content/drive/MyDrive/olx_mobile_dataset/images/mobile_6047aff7bf/21.jpg"", ""/content/drive/MyDrive/olx_mobile_dataset/images/mobile_6047aff7bf/22.jpg"", ""/content/drive/MyDrive/olx_mobile_dataset/images/mobile_6047aff7bf/23.jpg"", ""/content/drive/MyDrive/olx_mobile_dataset/images/mobile_6047aff7bf/24.jpg"", ""/content/drive/MyDrive/olx_mobile_dataset/images/mobile_6047aff7bf/25.jpg"", ""/content/drive/MyDrive/olx_mobile_dataset/images/mobile_6047aff7bf/26.jpg""]",26,2026-01-13 06:03:57.626226
mobile_fbe6c11594,https://www.olx.in/item/mobile-phones-c1453-used-realme-in-kazhakoottam-thiruvananthapuram-iid-1831946904,Realme 16 Pro +  12 + 256GB  1 Year Warranty  Just Open,"- Realme 16 Pro + 12 + 256GB - 1 Year Warranty - Just Open - Fullbox - Condition Like New - 2 Week Shop Checking Warranty - EMI Facilities are Available [ Bajaj, Home Credit, IDFC, DMI, Chola ] - Exchange Offers are Available - Card's are Accepted - Home Delivery Available - All India Courier Service Available For More Info contact us or visit our shop's @ Msquare Mobiles, Karamana @ Msquare Mobiles, Attakulangara [ Opp. Red Fort ] @ Msquare Mobiles, Neyyattinkara [ KSRTC Complex ] - Mobile Phones in Kazhakoottam, Thiruvananthapuram",39999,"[""/content/drive/MyDrive/olx_mobile_dataset/images/mobile_fbe6c11594/1.jpg"", ""/content/drive/MyDrive/olx_mobile_dataset/images/mobile_fbe6c11594/2.jpg"", ""/content/drive/MyDrive/olx_mobile_dataset/images/mobile_fbe6c11594/3.jpg"", ""/content/drive/MyDrive/olx_mobile_dataset/images/mobile_fbe6c11594/4.jpg"", ""/content/drive/MyDrive/olx_mobile_dataset/images/mobile_fbe6c11594/5.jpg"", ""/content/drive/MyDrive/olx_mobile_dataset/images/mobile_fbe6c11594/6.jpg"", ""/content/drive/MyDrive/olx_mobile_dataset/images/mobile_fbe6c11594/7.jpg"", ""/content/drive/MyDrive/olx_mobile_dataset/images/mobile_fbe6c11594/8.jpg"", ""/content/drive/MyDrive/olx_mobile_dataset/images/mobile_fbe6c11594/9.jpg"", ""/content/drive/MyDrive/olx_mobile_dataset/images/mobile_fbe6c11594/10.jpg"", ""/content/drive/MyDrive/olx_mobile_dataset/images/mobile_fbe6c11594/11.jpg"", ""/content/drive/MyDrive/olx_mobile_dataset/images/mobile_fbe6c11594/12.jpg"", ""/content/drive/MyDrive/olx_mobile_dataset/images/mobile_fbe6c11594/13.jpg"", ""/content/drive/MyDrive/olx_mobile_dataset/images/mobile_fbe6c11594/14.jpg"", ""/content/drive/MyDrive/olx_mobile_dataset/images/mobile_fbe6c11594/15.jpg"", ""/content/drive/MyDrive/olx_mobile_dataset/images/mobile_fbe6c11594/16.jpg"", ""/content/drive/MyDrive/olx_mobile_dataset/images/mobile_fbe6c11594/17.jpg"", ""/content/drive/MyDrive/olx_mobile_dataset/images/mobile_fbe6c11594/18.jpg"", ""/content/drive/MyDrive/olx_mobile_dataset/images/mobile_fbe6c11594/19.jpg"", ""/content/drive/MyDrive/olx_mobile_dataset/images/mobile_fbe6c11594/20.jpg"", ""/content/drive/MyDrive/olx_mobile_dataset/images/mobile_fbe6c11594/21.jpg"", ""/content/drive/MyDrive/olx_mobile_dataset/images/mobile_fbe6c11594/22.jpg"", ""/content/drive/MyDrive/olx_mobile_dataset/images/mobile_fbe6c11594/23.jpg"", ""/content/drive/MyDrive/olx_mobile_dataset/images/mobile_fbe6c11594/24.jpg"", ""/content/drive/MyDrive/olx_mobile_dataset/images/mobile_fbe6c11594/25.jpg"", ""/content/drive/MyDrive/olx_mobile_dataset/images/mobile_fbe6c11594/26.jpg""]",26,2026-01-13 06:04:07.897965
mobile_ba77a5c881,https://www.olx.in/item/mobile-phones-c1453-used-iphone-in-balaji-nagar-nellore-iid-1830399727,I phone 13 pro 128 gb,"Battery life 83,No screen damage, no scratches, no dents,no replaced parts Perfect condition with good battery - Mobile Phones in Balaji Nagar, Nellore",40000,"[""/content/drive/MyDrive/olx_mobile_dataset/images/mobile_ba77a5c881/1.jpg"", ""/content/drive/MyDrive/olx_mobile_dataset/images/mobile_ba77a5c881/2.jpg"", ""/content/drive/MyDrive/olx_mobile_dataset/images/mobile_ba77a5c881/3.jpg"", ""/content/drive/MyDrive/olx_mobile_dataset/images/mobile_ba77a5c881/4.jpg"", ""/content/drive/MyDrive/olx_mobile_dataset/images/mobile_ba77a5c881/5.jpg"", ""/content/drive/MyDrive/olx_mobile_dataset/images/mobile_ba77a5c881/6.jpg"", ""/content/drive/MyDrive/olx_mobile_dataset/images/mobile_ba77a5c881/7.jpg"", ""/content/drive/MyDrive/olx_mobile_dataset/images/mobile_ba77a5c881/8.jpg"", ""/content/drive/MyDrive/olx_mobile_dataset/images/mobile_ba77a5c881/9.jpg"", ""/content/drive/MyDrive/olx_mobile_dataset/images/mobile_ba77a5c881/10.jpg"", ""/content/drive/MyDrive/olx_mobile_dataset/images/mobile_ba77a5c881/11.jpg"", ""/content/drive/MyDrive/olx_mobile_dataset/images/mobile_ba77a5c881/12.jpg"", ""/content/drive/MyDrive/olx_mobile_dataset/images/mobile_ba77a5c881/13.jpg"", ""/content/drive/MyDrive/olx_mobile_dataset/images/mobile_ba77a5c881/14.jpg"", ""/content/drive/MyDrive/olx_mobile_dataset/images/mobile_ba77a5c881/15.jpg"", ""/content/drive/MyDrive/olx_mobile_dataset/images/mobile_ba77a5c881/16.jpg"", ""/content/drive/MyDrive/olx_mobile_dataset/images/mobile_ba77a5c881/17.jpg"", ""/content/drive/MyDrive/olx_mobile_dataset/images/mobile_ba77a5c881/18.jpg"", ""/content/drive/MyDrive/olx_mobile_dataset/images/mobile_ba77a5c881/19.jpg"", ""/content/drive/MyDrive/olx_mobile_dataset/images/mobile_ba77a5c881/20.jpg"", ""/content/drive/MyDrive/olx_mobile_dataset/images/mobile_ba77a5c881/21.jpg"", ""/content/drive/MyDrive/olx_mobile_dataset/images/mobile_ba77a5c881/22.jpg"", ""/content/drive/MyDrive/olx_mobile_dataset/images/mobile_ba77a5c881/23.jpg"", ""/content/drive/MyDrive/olx_mobile_dataset/images/mobile_ba77a5c881/24.jpg"", ""/content/drive/MyDrive/olx_mobile_dataset/images/mobile_ba77a5c881/25.jpg"", ""/content/drive/MyDrive/olx_mobile_dataset/images/mobile_ba77a5c881/26.jpg""]",26,2026-01-13 06:04:18.815175
mobile_b6954b45d3,https://www.olx.in/item/mobile-phones-c1453-used-infinix-in-hamdard-nagar-delhi-iid-1831947112,Infinix gt 30 pro 8/256,"Selling my Infinix GT 30 Pro 5G (8GB RAM, 256GB Storage) in flawless condition. Only 2 days used, no scratches, no issues — looks and works like brand new. Condition: Absolutely mint Usage: Only 2 days Performance: Smooth gaming & multitasking Battery: Excellent backup Reason for selling: Personal reason Bill box charger available - Mobile Phones in Hamdard Nagar, Delhi",24000,"[""/content/drive/MyDrive/olx_mobile_dataset/images/mobile_b6954b45d3/1.jpg"", ""/content/drive/MyDrive/olx_mobile_dataset/images/mobile_b6954b45d3/2.jpg"", ""/content/drive/MyDrive/olx_mobile_dataset/images/mobile_b6954b45d3/3.jpg"", ""/content/drive/MyDrive/olx_mobile_dataset/images/mobile_b6954b45d3/4.jpg"", ""/content/drive/MyDrive/olx_mobile_dataset/images/mobile_b6954b45d3/5.jpg"", ""/content/drive/MyDrive/olx_mobile_dataset/images/mobile_b6954b45d3/6.jpg"", ""/content/drive/MyDrive/olx_mobile_dataset/images/mobile_b6954b45d3/7.jpg"", ""/content/drive/MyDrive/olx_mobile_dataset/images/mobile_b6954b45d3/8.jpg"", ""/content/drive/MyDrive/olx_mobile_dataset/images/mobile_b6954b45d3/9.jpg"", ""/content/drive/MyDrive/olx_mobile_dataset/images/mobile_b6954b45d3/10.jpg"", ""/content/drive/MyDrive/olx_mobile_dataset/images/mobile_b6954b45d3/11.jpg"", ""/content/drive/MyDrive/olx_mobile_dataset/images/mobile_b6954b45d3/12.jpg"", ""/content/drive/MyDrive/olx_mobile_dataset/images/mobile_b6954b45d3/13.jpg"", ""/content/drive/MyDrive/olx_mobile_dataset/images/mobile_b6954b45d3/14.jpg"", ""/content/drive/MyDrive/olx_mobile_dataset/images/mobile_b6954b45d3/15.jpg"", ""/content/drive/MyDrive/olx_mobile_dataset/images/mobile_b6954b45d3/16.jpg"", ""/content/drive/MyDrive/olx_mobile_dataset/images/mobile_b6954b45d3/17.jpg"", ""/content/drive/MyDrive/olx_mobile_dataset/images/mobile_b6954b45d3/18.jpg"", ""/content/drive/MyDrive/olx_mobile_dataset/images/mobile_b6954b45d3/19.jpg"", ""/content/drive/MyDrive/olx_mobile_dataset/images/mobile_b6954b45d3/20.jpg"", ""/content/drive/MyDrive/olx_mobile_dataset/images/mobile_b6954b45d3/21.jpg"", ""/content/drive/MyDrive/olx_mobile_dataset/images/mobile_b6954b45d3/22.jpg"", ""/content/drive/MyDrive/olx_mobile_dataset/images/mobile_b6954b45d3/23.jpg"", ""/content/drive/MyDrive/olx_mobile_dataset/images/mobile_b6954b45d3/24.jpg"", ""/content/drive/MyDrive/olx_mobile_dataset/images/mobile_b6954b45d3/25.jpg"", ""/content/drive/MyDrive/olx_mobile_dataset/images/mobile_b6954b45d3/26.jpg""]",26,2026-01-13 06:04:31.377506
mobile_d31f17b462,https://www.olx.in/item/mobile-phones-c1453-used-iphone-in-kachi-pura-nagpur-iid-1831360629,iPhone 15 pro white  color with all accessories finance available,"All models are there, used phones with excellent condition - Mobile Phones in Kachi Pura, Nagpur",25000,"[""/content/drive/MyDrive/olx_mobile_dataset/images/mobile_d31f17b462/1.jpg"", ""/content/drive/MyDrive/olx_mobile_dataset/images/mobile_d31f17b462/2.jpg"", ""/content/drive/MyDrive/olx_mobile_dataset/images/mobile_d31f17b462/3.jpg"", ""/content/drive/MyDrive/olx_mobile_dataset/images/mobile_d31f17b462/4.jpg"", ""/content/drive/MyDrive/olx_mobile_dataset/images/mobile_d31f17b462/5.jpg"", ""/content/drive/MyDrive/olx_mobile_dataset/images/mobile_d31f17b462/6.jpg"", ""/content/drive/MyDrive/olx_mobile_dataset/images/mobile_d31f17b462/7.jpg"", ""/content/drive/MyDrive/olx_mobile_dataset/images/mobile_d31f17b462/8.jpg"", ""/content/drive/MyDrive/olx_mobile_dataset/images/mobile_d31f17b462/9.jpg"", ""/content/drive/MyDrive/olx_mobile_dataset/images/mobile_d31f17b462/10.jpg"", ""/content/drive/MyDrive/olx_mobile_dataset/images/mobile_d31f17b462/11.jpg"", ""/content/drive/MyDrive/olx_mobile_dataset/images/mobile_d31f17b462/12.jpg"", ""/content/drive/MyDrive/olx_mobile_dataset/images/mobile_d31f17b462/13.jpg"", ""/content/drive/MyDrive/olx_mobile_dataset/images/mobile_d31f17b462/14.jpg"", ""/content/drive/MyDrive/olx_mobile_dataset/images/mobile_d31f17b462/15.jpg"", ""/content/drive/MyDrive/olx_mobile_dataset/images/mobile_d31f17b462/16.jpg"", ""/content/drive/MyDrive/olx_mobile_dataset/images/mobile_d31f17b462/17.jpg"", ""/content/drive/MyDrive/olx_mobile_dataset/images/mobile_d31f17b462/18.jpg"", ""/content/drive/MyDrive/olx_mobile_dataset/images/mobile_d31f17b462/19.jpg"", ""/content/drive/MyDrive/olx_mobile_dataset/images/mobile_d31f17b462/20.jpg"", ""/content/drive/MyDrive/olx_mobile_dataset/images/mobile_d31f17b462/21.jpg"", ""/content/drive/MyDrive/olx_mobile_dataset/images/mobile_d31f17b462/22.jpg"", ""/content/drive/MyDrive/olx_mobile_dataset/images/mobile_d31f17b462/23.jpg"", ""/content/drive/MyDrive/olx_mobile_dataset/images/mobile_d31f17b462/24.jpg"", ""/content/drive/MyDrive/olx_mobile_dataset/images/mobile_d31f17b462/25.jpg"", ""/content/drive/MyDrive/olx_mobile_dataset/images/mobile_d31f17b462/26.jpg""]",26,2026-01-13 06:04:41.146330
mobile_2fdddbdb14,https://www.olx.in/item/mobile-phones-c1453-used-iphone-in-turkayamjal-hyderabad-iid-1831947064,IPhone 16 box pies 256gb,"Charger battery 100 - Mobile Phones in Turkayamjal, Hyderabad",75000,"[""/content/drive/MyDrive/olx_mobile_dataset/images/mobile_2fdddbdb14/1.jpg"", ""/content/drive/MyDrive/olx_mobile_dataset/images/mobile_2fdddbdb14/2.jpg"", ""/content/drive/MyDrive/olx_mobile_dataset/images/mobile_2fdddbdb14/3.jpg"", ""/content/drive/MyDrive/olx_mobile_dataset/images/mobile_2fdddbdb14/4.jpg"", ""/content/drive/MyDrive/olx_mobile_dataset/images/mobile_2fdddbdb14/5.jpg"", ""/content/drive/MyDrive/olx_mobile_dataset/images/mobile_2fdddbdb14/6.jpg"", ""/content/drive/MyDrive/olx_mobile_dataset/images/mobile_2fdddbdb14/7.jpg"", ""/content/drive/MyDrive/olx_mobile_dataset/images/mobile_2fdddbdb14/8.jpg"", ""/content/drive/MyDrive/olx_mobile_dataset/images/mobile_2fdddbdb14/9.jpg"", ""/content/drive/MyDrive/olx_mobile_dataset/images/mobile_2fdddbdb14/10.jpg"", ""/content/drive/MyDrive/olx_mobile_dataset/images/mobile_2fdddbdb14/11.jpg"", ""/content/drive/MyDrive/olx_mobile_dataset/images/mobile_2fdddbdb14/12.jpg"", ""/content/drive/MyDrive/olx_mobile_dataset/images/mobile_2fdddbdb14/13.jpg"", ""/content/drive/MyDrive/olx_mobile_dataset/images/mobile_2fdddbdb14/14.jpg"", ""/content/drive/MyDrive/olx_mobile_dataset/images/mobile_2fdddbdb14/15.jpg"", ""/content/drive/MyDrive/olx_mobile_dataset/images/mobile_2fdddbdb14/16.jpg"", ""/content/drive/MyDrive/olx_mobile_dataset/images/mobile_2fdddbdb14/17.jpg"", ""/content/drive/MyDrive/olx_mobile_dataset/images/mobile_2fdddbdb14/18.jpg"", ""/content/drive/MyDrive/olx_mobile_dataset/images/mobile_2fdddbdb14/19.jpg"", ""/content/drive/MyDrive/olx_mobile_dataset/images/mobile_2fdddbdb14/20.jpg"", ""/content/drive/MyDrive/olx_mobile_dataset/images/mobile_2fdddbdb14/21.jpg"", ""/content/drive/MyDrive/olx_mobile_dataset/images/mobile_2fdddbdb14/22.jpg"", ""/content/drive/MyDrive/olx_mobile_dataset/images/mobile_2fdddbdb14/23.jpg"", ""/content/drive/MyDrive/olx_mobile_dataset/images/mobile_2fdddbdb14/24.jpg"", ""/content/drive/MyDrive/olx_mobile_dataset/images/mobile_2fdddbdb14/25.jpg"", ""/content/drive/MyDrive/olx_mobile_dataset/images/mobile_2fdddbdb14/26.jpg""]",26,2026-01-13 06:04:51.838808
mobile_cd2f58058b,https://www.olx.in/item/mobile-phones-c1453-used-iphone-in-vinobha-bhave-nagar-mumbai-iid-1829980307,Iphone 13 (Pink) 128GB,"No Bargaining last price 25k. Dm me only genuine Very good condition not even a single scratch Contains: Bill box Iphone 13 Battery health: 84% Brand new condition if any interested please dm - Mobile Phones in Vinobha Bhave Nagar, Mumbai",25000,"[""/content/drive/MyDrive/olx_mobile_dataset/images/mobile_cd2f58058b/1.jpg"", ""/content/drive/MyDrive/olx_mobile_dataset/images/mobile_cd2f58058b/2.jpg"", ""/content/drive/MyDrive/olx_mobile_dataset/images/mobile_cd2f58058b/3.jpg"", ""/content/drive/MyDrive/olx_mobile_dataset/images/mobile_cd2f58058b/4.jpg"", ""/content/drive/MyDrive/olx_mobile_dataset/images/mobile_cd2f58058b/5.jpg"", ""/content/drive/MyDrive/olx_mobile_dataset/images/mobile_cd2f58058b/6.jpg"", ""/content/drive/MyDrive/olx_mobile_dataset/images/mobile_cd2f58058b/7.jpg"", ""/content/drive/MyDrive/olx_mobile_dataset/images/mobile_cd2f58058b/8.jpg"", ""/content/drive/MyDrive/olx_mobile_dataset/images/mobile_cd2f58058b/9.jpg"", ""/content/drive/MyDrive/olx_mobile_dataset/images/mobile_cd2f58058b/10.jpg"", ""/content/drive/MyDrive/olx_mobile_dataset/images/mobile_cd2f58058b/11.jpg"", ""/content/drive/MyDrive/olx_mobile_dataset/images/mobile_cd2f58058b/12.jpg"", ""/content/drive/MyDrive/olx_mobile_dataset/images/mobile_cd2f58058b/13.jpg"", ""/content/drive/MyDrive/olx_mobile_dataset/images/mobile_cd2f58058b/14.jpg"", ""/content/drive/MyDrive/olx_mobile_dataset/images/mobile_cd2f58058b/15.jpg"", ""/content/drive/MyDrive/olx_mobile_dataset/images/mobile_cd2f58058b/16.jpg"", ""/content/drive/MyDrive/olx_mobile_dataset/images/mobile_cd2f58058b/17.jpg"", ""/content/drive/MyDrive/olx_mobile_dataset/images/mobile_cd2f58058b/18.jpg"", ""/content/drive/MyDrive/olx_mobile_dataset/images/mobile_cd2f58058b/19.jpg"", ""/content/drive/MyDrive/olx_mobile_dataset/images/mobile_cd2f58058b/20.jpg"", ""/content/drive/MyDrive/olx_mobile_dataset/images/mobile_cd2f58058b/21.jpg"", ""/content/drive/MyDrive/olx_mobile_dataset/images/mobile_cd2f58058b/22.jpg"", ""/content/drive/MyDrive/olx_mobile_dataset/images/mobile_cd2f58058b/23.jpg"", ""/content/drive/MyDrive/olx_mobile_dataset/images/mobile_cd2f58058b/24.jpg"", ""/content/drive/MyDrive/olx_mobile_dataset/images/mobile_cd2f58058b/25.jpg"", ""/content/drive/MyDrive/olx_mobile_dataset/images/mobile_cd2f58058b/26.jpg""]",26,2026-01-13 06:05:02.935199
mobile_12c18af8be,https://www.olx.in/item/mobile-phones-c1453-used-iphone-in-sukurhuttu-kanke-iid-1831946989,I phone 11,"I phone 11 good condition me hai - Mobile Phones in Sukurhuttu, Kanke",13000,"[""/content/drive/MyDrive/olx_mobile_dataset/images/mobile_12c18af8be/1.jpg"", ""/content/drive/MyDrive/olx_mobile_dataset/images/mobile_12c18af8be/2.jpg"", ""/content/drive/MyDrive/olx_mobile_dataset/images/mobile_12c18af8be/3.jpg"", ""/content/drive/MyDrive/olx_mobile_dataset/images/mobile_12c18af8be/4.jpg"", ""/content/drive/MyDrive/olx_mobile_dataset/images/mobile_12c18af8be/5.jpg"", ""/content/drive/MyDrive/olx_mobile_dataset/images/mobile_12c18af8be/6.jpg"", ""/content/drive/MyDrive/olx_mobile_dataset/images/mobile_12c18af8be/7.jpg"", ""/content/drive/MyDrive/olx_mobile_dataset/images/mobile_12c18af8be/8.jpg"", ""/content/drive/MyDrive/olx_mobile_dataset/images/mobile_12c18af8be/9.jpg"", ""/content/drive/MyDrive/olx_mobile_dataset/images/mobile_12c18af8be/10.jpg"", ""/content/drive/MyDrive/olx_mobile_dataset/images/mobile_12c18af8be/11.jpg"", ""/content/drive/MyDrive/olx_mobile_dataset/images/mobile_12c18af8be/12.jpg"", ""/content/drive/MyDrive/olx_mobile_dataset/images/mobile_12c18af8be/13.jpg"", ""/content/drive/MyDrive/olx_mobile_dataset/images/mobile_12c18af8be/14.jpg"", ""/content/drive/MyDrive/olx_mobile_dataset/images/mobile_12c18af8be/15.jpg"", ""/content/drive/MyDrive/olx_mobile_dataset/images/mobile_12c18af8be/16.jpg"", ""/content/drive/MyDrive/olx_mobile_dataset/images/mobile_12c18af8be/17.jpg"", ""/content/drive/MyDrive/olx_mobile_dataset/images/mobile_12c18af8be/18.jpg"", ""/content/drive/MyDrive/olx_mobile_dataset/images/mobile_12c18af8be/19.jpg"", ""/content/drive/MyDrive/olx_mobile_dataset/images/mobile_12c18af8be/20.jpg"", ""/content/drive/MyDrive/olx_mobile_dataset/images/mobile_12c18af8be/21.jpg"", ""/content/drive/MyDrive/olx_mobile_dataset/images/mobile_12c18af8be/22.jpg"", ""/content/drive/MyDrive/olx_mobile_dataset/images/mobile_12c18af8be/23.jpg"", ""/content/drive/MyDrive/olx_mobile_dataset/images/mobile_12c18af8be/24.jpg"", ""/content/drive/MyDrive/olx_mobile_dataset/images/mobile_12c18af8be/25.jpg"", ""/content/drive/MyDrive/olx_mobile_dataset/images/mobile_12c18af8be/26.jpg""]",26,2026-01-13 06:05:14.419795
mobile_c208cc0700,https://www.olx.in/item/mobile-phones-c1453-used-mi-in-madipakkam-chennai-iid-1821484664,Mi Note 11 pro+ 5G - mobile  for Sale,"Mobile excellent condition , Full HD with 120hz High refresh rate, 1300 nits brightness, All original,no any issues, Excellent quad camera quality , Good battery health 5000 mah Available mobile with original 67watt charger, - Mobile Phones in Madipakkam, Chennai",10000,"[""/content/drive/MyDrive/olx_mobile_dataset/images/mobile_c208cc0700/1.jpg"", ""/content/drive/MyDrive/olx_mobile_dataset/images/mobile_c208cc0700/2.jpg"", ""/content/drive/MyDrive/olx_mobile_dataset/images/mobile_c208cc0700/3.jpg"", ""/content/drive/MyDrive/olx_mobile_dataset/images/mobile_c208cc0700/4.jpg"", ""/content/drive/MyDrive/olx_mobile_dataset/images/mobile_c208cc0700/5.jpg"", ""/content/drive/MyDrive/olx_mobile_dataset/images/mobile_c208cc0700/6.jpg"", ""/content/drive/MyDrive/olx_mobile_dataset/images/mobile_c208cc0700/7.jpg"", ""/content/drive/MyDrive/olx_mobile_dataset/images/mobile_c208cc0700/8.jpg"", ""/content/drive/MyDrive/olx_mobile_dataset/images/mobile_c208cc0700/9.jpg"", ""/content/drive/MyDrive/olx_mobile_dataset/images/mobile_c208cc0700/10.jpg"", ""/content/drive/MyDrive/olx_mobile_dataset/images/mobile_c208cc0700/11.jpg"", ""/content/drive/MyDrive/olx_mobile_dataset/images/mobile_c208cc0700/12.jpg"", ""/content/drive/MyDrive/olx_mobile_dataset/images/mobile_c208cc0700/13.jpg"", ""/content/drive/MyDrive/olx_mobile_dataset/images/mobile_c208cc0700/14.jpg"", ""/content/drive/MyDrive/olx_mobile_dataset/images/mobile_c208cc0700/15.jpg"", ""/content/drive/MyDrive/olx_mobile_dataset/images/mobile_c208cc0700/16.jpg"", ""/content/drive/MyDrive/olx_mobile_dataset/images/mobile_c208cc0700/17.jpg"", ""/content/drive/MyDrive/olx_mobile_dataset/images/mobile_c208cc0700/18.jpg"", ""/content/drive/MyDrive/olx_mobile_dataset/images/mobile_c208cc0700/19.jpg"", ""/content/drive/MyDrive/olx_mobile_dataset/images/mobile_c208cc0700/20.jpg"", ""/content/drive/MyDrive/olx_mobile_dataset/images/mobile_c208cc0700/21.jpg"", ""/content/drive/MyDrive/olx_mobile_dataset/images/mobile_c208cc0700/22.jpg"", ""/content/drive/MyDrive/olx_mobile_dataset/images/mobile_c208cc0700/23.jpg"", ""/content/drive/MyDrive/olx_mobile_dataset/images/mobile_c208cc0700/24.jpg"", ""/content/drive/MyDrive/olx_mobile_dataset/images/mobile_c208cc0700/25.jpg"", ""/content/drive/MyDrive/olx_mobile_dataset/images/mobile_c208cc0700/26.jpg""]",26,2026-01-13 06:05:23.819075
mobile_c073a09fe9,https://www.olx.in/item/mobile-phones-c1453-used-iphone-in-chenchupet-tenali-iid-1831947082,16 128 GB(10 MONTHS WARRANTY),"Iphone 16, 128 GB, 10 MONTHS WARRANTY , 100% battery - Mobile Phones in Chenchupet, Tenali",45000,"[""/content/drive/MyDrive/olx_mobile_dataset/images/mobile_c073a09fe9/1.jpg"", ""/content/drive/MyDrive/olx_mobile_dataset/images/mobile_c073a09fe9/2.jpg"", ""/content/drive/MyDrive/olx_mobile_dataset/images/mobile_c073a09fe9/3.jpg"", ""/content/drive/MyDrive/olx_mobile_dataset/images/mobile_c073a09fe9/4.jpg"", ""/content/drive/MyDrive/olx_mobile_dataset/images/mobile_c073a09fe9/5.jpg"", ""/content/drive/MyDrive/olx_mobile_dataset/images/mobile_c073a09fe9/6.jpg"", ""/content/drive/MyDrive/olx_mobile_dataset/images/mobile_c073a09fe9/7.jpg"", ""/content/drive/MyDrive/olx_mobile_dataset/images/mobile_c073a09fe9/8.jpg"", ""/content/drive/MyDrive/olx_mobile_dataset/images/mobile_c073a09fe9/9.jpg"", ""/content/drive/MyDrive/olx_mobile_dataset/images/mobile_c073a09fe9/10.jpg"", ""/content/drive/MyDrive/olx_mobile_dataset/images/mobile_c073a09fe9/11.jpg"", ""/content/drive/MyDrive/olx_mobile_dataset/images/mobile_c073a09fe9/12.jpg"", ""/content/drive/MyDrive/olx_mobile_dataset/images/mobile_c073a09fe9/13.jpg"", ""/content/drive/MyDrive/olx_mobile_dataset/images/mobile_c073a09fe9/14.jpg"", ""/content/drive/MyDrive/olx_mobile_dataset/images/mobile_c073a09fe9/15.jpg"", ""/content/drive/MyDrive/olx_mobile_dataset/images/mobile_c073a09fe9/16.jpg"", ""/content/drive/MyDrive/olx_mobile_dataset/images/mobile_c073a09fe9/17.jpg"", ""/content/drive/MyDrive/olx_mobile_dataset/images/mobile_c073a09fe9/18.jpg"", ""/content/drive/MyDrive/olx_mobile_dataset/images/mobile_c073a09fe9/19.jpg"", ""/content/drive/MyDrive/olx_mobile_dataset/images/mobile_c073a09fe9/20.jpg"", ""/content/drive/MyDrive/olx_mobile_dataset/images/mobile_c073a09fe9/21.jpg"", ""/content/drive/MyDrive/olx_mobile_dataset/images/mobile_c073a09fe9/22.jpg"", ""/content/drive/MyDrive/olx_mobile_dataset/images/mobile_c073a09fe9/23.jpg"", ""/content/drive/MyDrive/olx_mobile_dataset/images/mobile_c073a09fe9/24.jpg"", ""/content/drive/MyDrive/olx_mobile_dataset/images/mobile_c073a09fe9/25.jpg"", ""/content/drive/MyDrive/olx_mobile_dataset/images/mobile_c073a09fe9/26.jpg""]",26,2026-01-13 06:05:36.386762
mobile_51a4d769b9,https://www.olx.in/item/mobile-phones-c1453-used-iphone-in-thiruvanmiyur-chennai-iid-1831314701,"iPhone 15 Pro Max 256GB – ₹42,000","iPhone 15 Pro Max 256GB storage Battery health 84% Display was replaced earlier (non-original). Currently has ghost touch. All other functions working perfectly – Face ID, cameras, speakers, battery. Local pickup only – Thiruvanmiyur Buyer can fully test before purchase. Selling as-is. Serious buyers only. - Mobile Phones in Thiruvanmiyur, Chennai",42000,"[""/content/drive/MyDrive/olx_mobile_dataset/images/mobile_51a4d769b9/1.jpg"", ""/content/drive/MyDrive/olx_mobile_dataset/images/mobile_51a4d769b9/2.jpg"", ""/content/drive/MyDrive/olx_mobile_dataset/images/mobile_51a4d769b9/3.jpg"", ""/content/drive/MyDrive/olx_mobile_dataset/images/mobile_51a4d769b9/4.jpg"", ""/content/drive/MyDrive/olx_mobile_dataset/images/mobile_51a4d769b9/5.jpg"", ""/content/drive/MyDrive/olx_mobile_dataset/images/mobile_51a4d769b9/6.jpg"", ""/content/drive/MyDrive/olx_mobile_dataset/images/mobile_51a4d769b9/7.jpg"", ""/content/drive/MyDrive/olx_mobile_dataset/images/mobile_51a4d769b9/8.jpg"", ""/content/drive/MyDrive/olx_mobile_dataset/images/mobile_51a4d769b9/9.jpg"", ""/content/drive/MyDrive/olx_mobile_dataset/images/mobile_51a4d769b9/10.jpg"", ""/content/drive/MyDrive/olx_mobile_dataset/images/mobile_51a4d769b9/11.jpg"", ""/content/drive/MyDrive/olx_mobile_dataset/images/mobile_51a4d769b9/12.jpg"", ""/content/drive/MyDrive/olx_mobile_dataset/images/mobile_51a4d769b9/13.jpg"", ""/content/drive/MyDrive/olx_mobile_dataset/images/mobile_51a4d769b9/14.jpg"", ""/content/drive/MyDrive/olx_mobile_dataset/images/mobile_51a4d769b9/15.jpg"", ""/content/drive/MyDrive/olx_mobile_dataset/images/mobile_51a4d769b9/16.jpg"", ""/content/drive/MyDrive/olx_mobile_dataset/images/mobile_51a4d769b9/17.jpg"", ""/content/drive/MyDrive/olx_mobile_dataset/images/mobile_51a4d769b9/18.jpg"", ""/content/drive/MyDrive/olx_mobile_dataset/images/mobile_51a4d769b9/19.jpg"", ""/content/drive/MyDrive/olx_mobile_dataset/images/mobile_51a4d769b9/20.jpg"", ""/content/drive/MyDrive/olx_mobile_dataset/images/mobile_51a4d769b9/21.jpg"", ""/content/drive/MyDrive/olx_mobile_dataset/images/mobile_51a4d769b9/22.jpg"", ""/content/drive/MyDrive/olx_mobile_dataset/images/mobile_51a4d769b9/23.jpg"", ""/content/drive/MyDrive/olx_mobile_dataset/images/mobile_51a4d769b9/24.jpg"", ""/content/drive/MyDrive/olx_mobile_dataset/images/mobile_51a4d769b9/25.jpg"", ""/content/drive/MyDrive/olx_mobile_dataset/images/mobile_51a4d769b9/26.jpg""]",26,2026-01-13 06:05:47.356825
mobile_03215df857,https://www.olx.in/item/mobile-phones-c1453-used-vivo-in-naya-para-jagdalpur-iid-1831946981,iQOO Neo 7 Pro (Orange edition),"Anyone interested genuinely then DM , fixed price ( 256 gb Rom) 12+8 Ram - Mobile Phones in Naya Para, Jagdalpur",25000,"[""/content/drive/MyDrive/olx_mobile_dataset/images/mobile_03215df857/1.jpg"", ""/content/drive/MyDrive/olx_mobile_dataset/images/mobile_03215df857/2.jpg"", ""/content/drive/MyDrive/olx_mobile_dataset/images/mobile_03215df857/3.jpg"", ""/content/drive/MyDrive/olx_mobile_dataset/images/mobile_03215df857/4.jpg"", ""/content/drive/MyDrive/olx_mobile_dataset/images/mobile_03215df857/5.jpg"", ""/content/drive/MyDrive/olx_mobile_dataset/images/mobile_03215df857/6.jpg"", ""/content/drive/MyDrive/olx_mobile_dataset/images/mobile_03215df857/7.jpg"", ""/content/drive/MyDrive/olx_mobile_dataset/images/mobile_03215df857/8.jpg"", ""/content/drive/MyDrive/olx_mobile_dataset/images/mobile_03215df857/9.jpg"", ""/content/drive/MyDrive/olx_mobile_dataset/images/mobile_03215df857/10.jpg"", ""/content/drive/MyDrive/olx_mobile_dataset/images/mobile_03215df857/11.jpg"", ""/content/drive/MyDrive/olx_mobile_dataset/images/mobile_03215df857/12.jpg"", ""/content/drive/MyDrive/olx_mobile_dataset/images/mobile_03215df857/13.jpg"", ""/content/drive/MyDrive/olx_mobile_dataset/images/mobile_03215df857/14.jpg"", ""/content/drive/MyDrive/olx_mobile_dataset/images/mobile_03215df857/15.jpg"", ""/content/drive/MyDrive/olx_mobile_dataset/images/mobile_03215df857/16.jpg"", ""/content/drive/MyDrive/olx_mobile_dataset/images/mobile_03215df857/17.jpg"", ""/content/drive/MyDrive/olx_mobile_dataset/images/mobile_03215df857/18.jpg"", ""/content/drive/MyDrive/olx_mobile_dataset/images/mobile_03215df857/19.jpg"", ""/content/drive/MyDrive/olx_mobile_dataset/images/mobile_03215df857/20.jpg"", ""/content/drive/MyDrive/olx_mobile_dataset/images/mobile_03215df857/21.jpg"", ""/content/drive/MyDrive/olx_mobile_dataset/images/mobile_03215df857/22.jpg"", ""/content/drive/MyDrive/olx_mobile_dataset/images/mobile_03215df857/23.jpg"", ""/content/drive/MyDrive/olx_mobile_dataset/images/mobile_03215df857/24.jpg"", ""/content/drive/MyDrive/olx_mobile_dataset/images/mobile_03215df857/25.jpg"", ""/content/drive/MyDrive/olx_mobile_dataset/images/mobile_03215df857/26.jpg""]",26,2026-01-13 06:05:59.530806
mobile_37cd36496a,https://www.olx.in/item/mobile-phones-c1453-used-realme-in-hafizpur-gola-gokarannath-iid-1831947063,Realme narzo 60x5g,"Emargency chel - Mobile Phones in Hafizpur, Gola Gokarannath",7000,"[""/content/drive/MyDrive/olx_mobile_dataset/images/mobile_37cd36496a/1.jpg"", ""/content/drive/MyDrive/olx_mobile_dataset/images/mobile_37cd36496a/2.jpg"", ""/content/drive/MyDrive/olx_mobile_dataset/images/mobile_37cd36496a/3.jpg"", ""/content/drive/MyDrive/olx_mobile_dataset/images/mobile_37cd36496a/4.jpg"", ""/content/drive/MyDrive/olx_mobile_dataset/images/mobile_37cd36496a/5.jpg"", ""/content/drive/MyDrive/olx_mobile_dataset/images/mobile_37cd36496a/6.jpg"", ""/content/drive/MyDrive/olx_mobile_dataset/images/mobile_37cd36496a/7.jpg"", ""/content/drive/MyDrive/olx_mobile_dataset/images/mobile_37cd36496a/8.jpg"", ""/content/drive/MyDrive/olx_mobile_dataset/images/mobile_37cd36496a/9.jpg"", ""/content/drive/MyDrive/olx_mobile_dataset/images/mobile_37cd36496a/10.jpg"", ""/content/drive/MyDrive/olx_mobile_dataset/images/mobile_37cd36496a/11.jpg"", ""/content/drive/MyDrive/olx_mobile_dataset/images/mobile_37cd36496a/12.jpg"", ""/content/drive/MyDrive/olx_mobile_dataset/images/mobile_37cd36496a/13.jpg"", ""/content/drive/MyDrive/olx_mobile_dataset/images/mobile_37cd36496a/14.jpg"", ""/content/drive/MyDrive/olx_mobile_dataset/images/mobile_37cd36496a/15.jpg"", ""/content/drive/MyDrive/olx_mobile_dataset/images/mobile_37cd36496a/16.jpg"", ""/content/drive/MyDrive/olx_mobile_dataset/images/mobile_37cd36496a/17.jpg"", ""/content/drive/MyDrive/olx_mobile_dataset/images/mobile_37cd36496a/18.jpg"", ""/content/drive/MyDrive/olx_mobile_dataset/images/mobile_37cd36496a/19.jpg"", ""/content/drive/MyDrive/olx_mobile_dataset/images/mobile_37cd36496a/20.jpg"", ""/content/drive/MyDrive/olx_mobile_dataset/images/mobile_37cd36496a/21.jpg"", ""/content/drive/MyDrive/olx_mobile_dataset/images/mobile_37cd36496a/22.jpg"", ""/content/drive/MyDrive/olx_mobile_dataset/images/mobile_37cd36496a/23.jpg"", ""/content/drive/MyDrive/olx_mobile_dataset/images/mobile_37cd36496a/24.jpg"", ""/content/drive/MyDrive/olx_mobile_dataset/images/mobile_37cd36496a/25.jpg"", ""/content/drive/MyDrive/olx_mobile_dataset/images/mobile_37cd36496a/26.jpg""]",26,2026-01-13 06:06:09.052088
mobile_b7f649ad62,https://www.olx.in/item/mobile-phones-c1453-used-iphone-in-naibasti-mathura-iid-1831358940,iPhone 15 pro Max golden color with all accessories finance available,"Nagotiable price is available - Mobile Phones in Naibasti, Mathura",25800,"[""/content/drive/MyDrive/olx_mobile_dataset/images/mobile_b7f649ad62/1.jpg"", ""/content/drive/MyDrive/olx_mobile_dataset/images/mobile_b7f649ad62/2.jpg"", ""/content/drive/MyDrive/olx_mobile_dataset/images/mobile_b7f649ad62/3.jpg"", ""/content/drive/MyDrive/olx_mobile_dataset/images/mobile_b7f649ad62/4.jpg"", ""/content/drive/MyDrive/olx_mobile_dataset/images/mobile_b7f649ad62/5.jpg"", ""/content/drive/MyDrive/olx_mobile_dataset/images/mobile_b7f649ad62/6.jpg"", ""/content/drive/MyDrive/olx_mobile_dataset/images/mobile_b7f649ad62/7.jpg"", ""/content/drive/MyDrive/olx_mobile_dataset/images/mobile_b7f649ad62/8.jpg"", ""/content/drive/MyDrive/olx_mobile_dataset/images/mobile_b7f649ad62/9.jpg"", ""/content/drive/MyDrive/olx_mobile_dataset/images/mobile_b7f649ad62/10.jpg"", ""/content/drive/MyDrive/olx_mobile_dataset/images/mobile_b7f649ad62/11.jpg"", ""/content/drive/MyDrive/olx_mobile_dataset/images/mobile_b7f649ad62/12.jpg"", ""/content/drive/MyDrive/olx_mobile_dataset/images/mobile_b7f649ad62/13.jpg"", ""/content/drive/MyDrive/olx_mobile_dataset/images/mobile_b7f649ad62/14.jpg"", ""/content/drive/MyDrive/olx_mobile_dataset/images/mobile_b7f649ad62/15.jpg"", ""/content/drive/MyDrive/olx_mobile_dataset/images/mobile_b7f649ad62/16.jpg"", ""/content/drive/MyDrive/olx_mobile_dataset/images/mobile_b7f649ad62/17.jpg"", ""/content/drive/MyDrive/olx_mobile_dataset/images/mobile_b7f649ad62/18.jpg"", ""/content/drive/MyDrive/olx_mobile_dataset/images/mobile_b7f649ad62/19.jpg"", ""/content/drive/MyDrive/olx_mobile_dataset/images/mobile_b7f649ad62/20.jpg"", ""/content/drive/MyDrive/olx_mobile_dataset/images/mobile_b7f649ad62/21.jpg"", ""/content/drive/MyDrive/olx_mobile_dataset/images/mobile_b7f649ad62/22.jpg"", ""/content/drive/MyDrive/olx_mobile_dataset/images/mobile_b7f649ad62/23.jpg"", ""/content/drive/MyDrive/olx_mobile_dataset/images/mobile_b7f649ad62/24.jpg"", ""/content/drive/MyDrive/olx_mobile_dataset/images/mobile_b7f649ad62/25.jpg"", ""/content/drive/MyDrive/olx_mobile_dataset/images/mobile_b7f649ad62/26.jpg""]",26,2026-01-13 06:06:20.268255
mobile_0d7e6b7b70,https://www.olx.in/item/mobile-phones-c1453-used-iphone-in-vaiuduwadi-nashik-iid-1831360710,iPhone 15 pro white  color with all accessories finance available,"All models are there, used phones with excellent condition - Mobile Phones in Vaiuduwadi, Nashik",25000,"[""/content/drive/MyDrive/olx_mobile_dataset/images/mobile_0d7e6b7b70/1.jpg"", ""/content/drive/MyDrive/olx_mobile_dataset/images/mobile_0d7e6b7b70/2.jpg"", ""/content/drive/MyDrive/olx_mobile_dataset/images/mobile_0d7e6b7b70/3.jpg"", ""/content/drive/MyDrive/olx_mobile_dataset/images/mobile_0d7e6b7b70/4.jpg"", ""/content/drive/MyDrive/olx_mobile_dataset/images/mobile_0d7e6b7b70/5.jpg"", ""/content/drive/MyDrive/olx_mobile_dataset/images/mobile_0d7e6b7b70/6.jpg"", ""/content/drive/MyDrive/olx_mobile_dataset/images/mobile_0d7e6b7b70/7.jpg"", ""/content/drive/MyDrive/olx_mobile_dataset/images/mobile_0d7e6b7b70/8.jpg"", ""/content/drive/MyDrive/olx_mobile_dataset/images/mobile_0d7e6b7b70/9.jpg"", ""/content/drive/MyDrive/olx_mobile_dataset/images/mobile_0d7e6b7b70/10.jpg"", ""/content/drive/MyDrive/olx_mobile_dataset/images/mobile_0d7e6b7b70/11.jpg"", ""/content/drive/MyDrive/olx_mobile_dataset/images/mobile_0d7e6b7b70/12.jpg"", ""/content/drive/MyDrive/olx_mobile_dataset/images/mobile_0d7e6b7b70/13.jpg"", ""/content/drive/MyDrive/olx_mobile_dataset/images/mobile_0d7e6b7b70/14.jpg"", ""/content/drive/MyDrive/olx_mobile_dataset/images/mobile_0d7e6b7b70/15.jpg"", ""/content/drive/MyDrive/olx_mobile_dataset/images/mobile_0d7e6b7b70/16.jpg"", ""/content/drive/MyDrive/olx_mobile_dataset/images/mobile_0d7e6b7b70/17.jpg"", ""/content/drive/MyDrive/olx_mobile_dataset/images/mobile_0d7e6b7b70/18.jpg"", ""/content/drive/MyDrive/olx_mobile_dataset/images/mobile_0d7e6b7b70/19.jpg"", ""/content/drive/MyDrive/olx_mobile_dataset/images/mobile_0d7e6b7b70/20.jpg"", ""/content/drive/MyDrive/olx_mobile_dataset/images/mobile_0d7e6b7b70/21.jpg"", ""/content/drive/MyDrive/olx_mobile_dataset/images/mobile_0d7e6b7b70/22.jpg"", ""/content/drive/MyDrive/olx_mobile_dataset/images/mobile_0d7e6b7b70/23.jpg"", ""/content/drive/MyDrive/olx_mobile_dataset/images/mobile_0d7e6b7b70/24.jpg"", ""/content/drive/MyDrive/olx_mobile_dataset/images/mobile_0d7e6b7b70/25.jpg"", ""/content/drive/MyDrive/olx_mobile_dataset/images/mobile_0d7e6b7b70/26.jpg""]",26,2026-01-13 06:06:29.398745
mobile_62cd1d5035,https://www.olx.in/item/mobile-phones-c1453-used-oppo-in-old-belgaum-belagavi-iid-1831353006,Urgent sell I need money,"Oppo Reno 13 Ram 8+6+4 Storage 256 5 months warranty Original charger Original bill Box avilable. Original bill amount 39k Full clear condition not a single scratch. - Mobile Phones in Old Belgaum, Belagavi",23999,"[""/content/drive/MyDrive/olx_mobile_dataset/images/mobile_62cd1d5035/1.jpg"", ""/content/drive/MyDrive/olx_mobile_dataset/images/mobile_62cd1d5035/2.jpg"", ""/content/drive/MyDrive/olx_mobile_dataset/images/mobile_62cd1d5035/3.jpg"", ""/content/drive/MyDrive/olx_mobile_dataset/images/mobile_62cd1d5035/4.jpg"", ""/content/drive/MyDrive/olx_mobile_dataset/images/mobile_62cd1d5035/5.jpg"", ""/content/drive/MyDrive/olx_mobile_dataset/images/mobile_62cd1d5035/6.jpg"", ""/content/drive/MyDrive/olx_mobile_dataset/images/mobile_62cd1d5035/7.jpg"", ""/content/drive/MyDrive/olx_mobile_dataset/images/mobile_62cd1d5035/8.jpg"", ""/content/drive/MyDrive/olx_mobile_dataset/images/mobile_62cd1d5035/9.jpg"", ""/content/drive/MyDrive/olx_mobile_dataset/images/mobile_62cd1d5035/10.jpg"", ""/content/drive/MyDrive/olx_mobile_dataset/images/mobile_62cd1d5035/11.jpg"", ""/content/drive/MyDrive/olx_mobile_dataset/images/mobile_62cd1d5035/12.jpg"", ""/content/drive/MyDrive/olx_mobile_dataset/images/mobile_62cd1d5035/13.jpg"", ""/content/drive/MyDrive/olx_mobile_dataset/images/mobile_62cd1d5035/14.jpg"", ""/content/drive/MyDrive/olx_mobile_dataset/images/mobile_62cd1d5035/15.jpg"", ""/content/drive/MyDrive/olx_mobile_dataset/images/mobile_62cd1d5035/16.jpg"", ""/content/drive/MyDrive/olx_mobile_dataset/images/mobile_62cd1d5035/17.jpg"", ""/content/drive/MyDrive/olx_mobile_dataset/images/mobile_62cd1d5035/18.jpg"", ""/content/drive/MyDrive/olx_mobile_dataset/images/mobile_62cd1d5035/19.jpg"", ""/content/drive/MyDrive/olx_mobile_dataset/images/mobile_62cd1d5035/20.jpg"", ""/content/drive/MyDrive/olx_mobile_dataset/images/mobile_62cd1d5035/21.jpg"", ""/content/drive/MyDrive/olx_mobile_dataset/images/mobile_62cd1d5035/22.jpg"", ""/content/drive/MyDrive/olx_mobile_dataset/images/mobile_62cd1d5035/23.jpg"", ""/content/drive/MyDrive/olx_mobile_dataset/images/mobile_62cd1d5035/24.jpg"", ""/content/drive/MyDrive/olx_mobile_dataset/images/mobile_62cd1d5035/25.jpg"", ""/content/drive/MyDrive/olx_mobile_dataset/images/mobile_62cd1d5035/26.jpg""]",26,2026-01-13 06:06:45.466877
mobile_b4dadcc946,https://www.olx.in/item/mobile-phones-c1453-used-one-plus-in-somnath-nagar-kalol-iid-1831947020,Nord ce2 lite,"Best phone - Mobile Phones in Somnath Nagar, Kalol",7000,"[""/content/drive/MyDrive/olx_mobile_dataset/images/mobile_b4dadcc946/1.jpg"", ""/content/drive/MyDrive/olx_mobile_dataset/images/mobile_b4dadcc946/2.jpg"", ""/content/drive/MyDrive/olx_mobile_dataset/images/mobile_b4dadcc946/3.jpg"", ""/content/drive/MyDrive/olx_mobile_dataset/images/mobile_b4dadcc946/4.jpg"", ""/content/drive/MyDrive/olx_mobile_dataset/images/mobile_b4dadcc946/5.jpg"", ""/content/drive/MyDrive/olx_mobile_dataset/images/mobile_b4dadcc946/6.jpg"", ""/content/drive/MyDrive/olx_mobile_dataset/images/mobile_b4dadcc946/7.jpg"", ""/content/drive/MyDrive/olx_mobile_dataset/images/mobile_b4dadcc946/8.jpg"", ""/content/drive/MyDrive/olx_mobile_dataset/images/mobile_b4dadcc946/9.jpg"", ""/content/drive/MyDrive/olx_mobile_dataset/images/mobile_b4dadcc946/10.jpg"", ""/content/drive/MyDrive/olx_mobile_dataset/images/mobile_b4dadcc946/11.jpg"", ""/content/drive/MyDrive/olx_mobile_dataset/images/mobile_b4dadcc946/12.jpg"", ""/content/drive/MyDrive/olx_mobile_dataset/images/mobile_b4dadcc946/13.jpg"", ""/content/drive/MyDrive/olx_mobile_dataset/images/mobile_b4dadcc946/14.jpg"", ""/content/drive/MyDrive/olx_mobile_dataset/images/mobile_b4dadcc946/15.jpg"", ""/content/drive/MyDrive/olx_mobile_dataset/images/mobile_b4dadcc946/16.jpg"", ""/content/drive/MyDrive/olx_mobile_dataset/images/mobile_b4dadcc946/17.jpg"", ""/content/drive/MyDrive/olx_mobile_dataset/images/mobile_b4dadcc946/18.jpg"", ""/content/drive/MyDrive/olx_mobile_dataset/images/mobile_b4dadcc946/19.jpg"", ""/content/drive/MyDrive/olx_mobile_dataset/images/mobile_b4dadcc946/20.jpg"", ""/content/drive/MyDrive/olx_mobile_dataset/images/mobile_b4dadcc946/21.jpg"", ""/content/drive/MyDrive/olx_mobile_dataset/images/mobile_b4dadcc946/22.jpg"", ""/content/drive/MyDrive/olx_mobile_dataset/images/mobile_b4dadcc946/23.jpg"", ""/content/drive/MyDrive/olx_mobile_dataset/images/mobile_b4dadcc946/24.jpg"", ""/content/drive/MyDrive/olx_mobile_dataset/images/mobile_b4dadcc946/25.jpg"", ""/content/drive/MyDrive/olx_mobile_dataset/images/mobile_b4dadcc946/26.jpg""]",26,2026-01-13 06:06:56.745413
mobile_4401b4ba0c,https://www.olx.in/item/mobile-phones-c1453-used-google-pixel-in-raj-nagar-ghaziabad-iid-1831947062,Google pixel 6a,"Good condition , no scratches, with proper bill and box - Mobile Phones in Raj Nagar, Ghaziabad",10500,"[""/content/drive/MyDrive/olx_mobile_dataset/images/mobile_4401b4ba0c/1.jpg"", ""/content/drive/MyDrive/olx_mobile_dataset/images/mobile_4401b4ba0c/2.jpg"", ""/content/drive/MyDrive/olx_mobile_dataset/images/mobile_4401b4ba0c/3.jpg"", ""/content/drive/MyDrive/olx_mobile_dataset/images/mobile_4401b4ba0c/4.jpg"", ""/content/drive/MyDrive/olx_mobile_dataset/images/mobile_4401b4ba0c/5.jpg"", ""/content/drive/MyDrive/olx_mobile_dataset/images/mobile_4401b4ba0c/6.jpg"", ""/content/drive/MyDrive/olx_mobile_dataset/images/mobile_4401b4ba0c/7.jpg"", ""/content/drive/MyDrive/olx_mobile_dataset/images/mobile_4401b4ba0c/8.jpg"", ""/content/drive/MyDrive/olx_mobile_dataset/images/mobile_4401b4ba0c/9.jpg"", ""/content/drive/MyDrive/olx_mobile_dataset/images/mobile_4401b4ba0c/10.jpg"", ""/content/drive/MyDrive/olx_mobile_dataset/images/mobile_4401b4ba0c/11.jpg"", ""/content/drive/MyDrive/olx_mobile_dataset/images/mobile_4401b4ba0c/12.jpg"", ""/content/drive/MyDrive/olx_mobile_dataset/images/mobile_4401b4ba0c/13.jpg"", ""/content/drive/MyDrive/olx_mobile_dataset/images/mobile_4401b4ba0c/14.jpg"", ""/content/drive/MyDrive/olx_mobile_dataset/images/mobile_4401b4ba0c/15.jpg"", ""/content/drive/MyDrive/olx_mobile_dataset/images/mobile_4401b4ba0c/16.jpg"", ""/content/drive/MyDrive/olx_mobile_dataset/images/mobile_4401b4ba0c/17.jpg"", ""/content/drive/MyDrive/olx_mobile_dataset/images/mobile_4401b4ba0c/18.jpg"", ""/content/drive/MyDrive/olx_mobile_dataset/images/mobile_4401b4ba0c/19.jpg"", ""/content/drive/MyDrive/olx_mobile_dataset/images/mobile_4401b4ba0c/20.jpg"", ""/content/drive/MyDrive/olx_mobile_dataset/images/mobile_4401b4ba0c/21.jpg"", ""/content/drive/MyDrive/olx_mobile_dataset/images/mobile_4401b4ba0c/22.jpg"", ""/content/drive/MyDrive/olx_mobile_dataset/images/mobile_4401b4ba0c/23.jpg"", ""/content/drive/MyDrive/olx_mobile_dataset/images/mobile_4401b4ba0c/24.jpg"", ""/content/drive/MyDrive/olx_mobile_dataset/images/mobile_4401b4ba0c/25.jpg"", ""/content/drive/MyDrive/olx_mobile_dataset/images/mobile_4401b4ba0c/26.jpg""]",26,2026-01-13 06:07:06.637625
mobile_ee0828ccc2,https://www.olx.in/item/mobile-phones-c1453-used-iphone-in-jodipur-varanasi-iid-1831359089,iPhone 15 pro Max golden color with all accessories finance available,"All models are there , we have second hand phones with excellent condition - Mobile Phones in Jodipur, Varanasi",26000,"[""/content/drive/MyDrive/olx_mobile_dataset/images/mobile_ee0828ccc2/1.jpg"", ""/content/drive/MyDrive/olx_mobile_dataset/images/mobile_ee0828ccc2/2.jpg"", ""/content/drive/MyDrive/olx_mobile_dataset/images/mobile_ee0828ccc2/3.jpg"", ""/content/drive/MyDrive/olx_mobile_dataset/images/mobile_ee0828ccc2/4.jpg"", ""/content/drive/MyDrive/olx_mobile_dataset/images/mobile_ee0828ccc2/5.jpg"", ""/content/drive/MyDrive/olx_mobile_dataset/images/mobile_ee0828ccc2/6.jpg"", ""/content/drive/MyDrive/olx_mobile_dataset/images/mobile_ee0828ccc2/7.jpg"", ""/content/drive/MyDrive/olx_mobile_dataset/images/mobile_ee0828ccc2/8.jpg"", ""/content/drive/MyDrive/olx_mobile_dataset/images/mobile_ee0828ccc2/9.jpg"", ""/content/drive/MyDrive/olx_mobile_dataset/images/mobile_ee0828ccc2/10.jpg"", ""/content/drive/MyDrive/olx_mobile_dataset/images/mobile_ee0828ccc2/11.jpg"", ""/content/drive/MyDrive/olx_mobile_dataset/images/mobile_ee0828ccc2/12.jpg"", ""/content/drive/MyDrive/olx_mobile_dataset/images/mobile_ee0828ccc2/13.jpg"", ""/content/drive/MyDrive/olx_mobile_dataset/images/mobile_ee0828ccc2/14.jpg"", ""/content/drive/MyDrive/olx_mobile_dataset/images/mobile_ee0828ccc2/15.jpg"", ""/content/drive/MyDrive/olx_mobile_dataset/images/mobile_ee0828ccc2/16.jpg"", ""/content/drive/MyDrive/olx_mobile_dataset/images/mobile_ee0828ccc2/17.jpg"", ""/content/drive/MyDrive/olx_mobile_dataset/images/mobile_ee0828ccc2/18.jpg"", ""/content/drive/MyDrive/olx_mobile_dataset/images/mobile_ee0828ccc2/19.jpg"", ""/content/drive/MyDrive/olx_mobile_dataset/images/mobile_ee0828ccc2/20.jpg"", ""/content/drive/MyDrive/olx_mobile_dataset/images/mobile_ee0828ccc2/21.jpg"", ""/content/drive/MyDrive/olx_mobile_dataset/images/mobile_ee0828ccc2/22.jpg"", ""/content/drive/MyDrive/olx_mobile_dataset/images/mobile_ee0828ccc2/23.jpg"", ""/content/drive/MyDrive/olx_mobile_dataset/images/mobile_ee0828ccc2/24.jpg"", ""/content/drive/MyDrive/olx_mobile_dataset/images/mobile_ee0828ccc2/25.jpg"", ""/content/drive/MyDrive/olx_mobile_dataset/images/mobile_ee0828ccc2/26.jpg""]",26,2026-01-13 06:07:20.877970
mobile_ceb997f87c,https://www.olx.in/item/mobile-phones-c1453-used-iphone-in-thotapalem-vizianagaram-iid-1831946886,Lucky mobiles,"Available stock: * Sam S25FE 8/512GB 65days 45k * Sam S24FE 8/128GB new 31k * Sam S24FE 8/128GB 50days 28k * Sam A56 12/256GB 20days used 29k * Sam A56 8/128GB 20days 25k * Sam A36 8/128GB seal open 24k * Sam A36 8/128GB 2 months 20k * Sam A26 8/128GB seal 20k * Sam A17 8/128gb 1month 15.5k * Samsung F55 8/256GB 12k * Sam F14 6/128GB 6k * Sam A12 4/64GB 4G 5k * Sam J8 4/64GB 3.3k * iPhone 17 256GB new with bajaj insurance 78k * iPhone 17 256GB new 74k * iPhone 14Pro 256GH bh 81% 40k * iPhone 15+ 128GB 36k * iPhone 14+ 128GB bh 86% 32k * iPhone 14+ 128GB bh 100%(BC) 32k * iPad 16GB 9.7 wifi 8k * Vivo X100Pro 16/512GB 42k * Vivo V60 16/512GB 38k * Vivo V60e 12/256GB seal 29k * Vivo V60e 12/256GB seal open 28.5k * Vivo Y400pro 8/256GB 24k * Vivo Y400pro 8/256GB 1month 22k * Vivo Y4008/128GB seal 19.5k * Vivo V50 8/128GB 7months 21k * Vivo V50e 8/128GB demo 21k * Vivo V30 8/256GB 16k * Vivo V30 8/128GB 16k * Vivo V29 8/128GB 13.5k (BGC) * OPPO Find X9 12/256GB 5days 56k * OPPO Reno 15 12/256GB new 41k * OPPO Reno 15 8/256GB new 38k * OPPO Reno 13 8/256GB 7months 23k * OPPO K13 Turbo Pro 8/256GB 2 months 28k(New) * Google pixel 7Pro 8/128GB 23k * Balmuda 6/128GB 10k(Japan) * Redmi note 15 8/128GB seal 19.5k Laptops : * Real me 8/256GB 22k * Lenovo 4GB Cerelon processor 10k * Lenovo 4/512GB 8k - Mobile Phones in Thotapalem, Vizianagaram",5000,"[""/content/drive/MyDrive/olx_mobile_dataset/images/mobile_ceb997f87c/1.jpg"", ""/content/drive/MyDrive/olx_mobile_dataset/images/mobile_ceb997f87c/2.jpg"", ""/content/drive/MyDrive/olx_mobile_dataset/images/mobile_ceb997f87c/3.jpg"", ""/content/drive/MyDrive/olx_mobile_dataset/images/mobile_ceb997f87c/4.jpg"", ""/content/drive/MyDrive/olx_mobile_dataset/images/mobile_ceb997f87c/5.jpg"", ""/content/drive/MyDrive/olx_mobile_dataset/images/mobile_ceb997f87c/6.jpg"", ""/content/drive/MyDrive/olx_mobile_dataset/images/mobile_ceb997f87c/7.jpg"", ""/content/drive/MyDrive/olx_mobile_dataset/images/mobile_ceb997f87c/8.jpg"", ""/content/drive/MyDrive/olx_mobile_dataset/images/mobile_ceb997f87c/9.jpg"", ""/content/drive/MyDrive/olx_mobile_dataset/images/mobile_ceb997f87c/10.jpg"", ""/content/drive/MyDrive/olx_mobile_dataset/images/mobile_ceb997f87c/11.jpg"", ""/content/drive/MyDrive/olx_mobile_dataset/images/mobile_ceb997f87c/12.jpg"", ""/content/drive/MyDrive/olx_mobile_dataset/images/mobile_ceb997f87c/13.jpg"", ""/content/drive/MyDrive/olx_mobile_dataset/images/mobile_ceb997f87c/14.jpg"", ""/content/drive/MyDrive/olx_mobile_dataset/images/mobile_ceb997f87c/15.jpg"", ""/content/drive/MyDrive/olx_mobile_dataset/images/mobile_ceb997f87c/16.jpg"", ""/content/drive/MyDrive/olx_mobile_dataset/images/mobile_ceb997f87c/17.jpg"", ""/content/drive/MyDrive/olx_mobile_dataset/images/mobile_ceb997f87c/18.jpg"", ""/content/drive/MyDrive/olx_mobile_dataset/images/mobile_ceb997f87c/19.jpg"", ""/content/drive/MyDrive/olx_mobile_dataset/images/mobile_ceb997f87c/20.jpg"", ""/content/drive/MyDrive/olx_mobile_dataset/images/mobile_ceb997f87c/21.jpg"", ""/content/drive/MyDrive/olx_mobile_dataset/images/mobile_ceb997f87c/22.jpg"", ""/content/drive/MyDrive/olx_mobile_dataset/images/mobile_ceb997f87c/23.jpg"", ""/content/drive/MyDrive/olx_mobile_dataset/images/mobile_ceb997f87c/24.jpg"", ""/content/drive/MyDrive/olx_mobile_dataset/images/mobile_ceb997f87c/25.jpg"", ""/content/drive/MyDrive/olx_mobile_dataset/images/mobile_ceb997f87c/26.jpg""]",26,2026-01-13 06:07:29.024356
mobile_bd9b8fdfda,https://www.olx.in/item/mobile-phones-c1453-used-motorola-in-edakkara-punnayur-iid-1830007152,12/256 moto edge 60 pro,"256/12gb fixed price Full box 9 month warranty New condition 3 month old - Mobile Phones in Edakkara, Punnayur",21500,"[""/content/drive/MyDrive/olx_mobile_dataset/images/mobile_bd9b8fdfda/1.jpg"", ""/content/drive/MyDrive/olx_mobile_dataset/images/mobile_bd9b8fdfda/2.jpg"", ""/content/drive/MyDrive/olx_mobile_dataset/images/mobile_bd9b8fdfda/3.jpg"", ""/content/drive/MyDrive/olx_mobile_dataset/images/mobile_bd9b8fdfda/4.jpg"", ""/content/drive/MyDrive/olx_mobile_dataset/images/mobile_bd9b8fdfda/5.jpg"", ""/content/drive/MyDrive/olx_mobile_dataset/images/mobile_bd9b8fdfda/6.jpg"", ""/content/drive/MyDrive/olx_mobile_dataset/images/mobile_bd9b8fdfda/7.jpg"", ""/content/drive/MyDrive/olx_mobile_dataset/images/mobile_bd9b8fdfda/8.jpg"", ""/content/drive/MyDrive/olx_mobile_dataset/images/mobile_bd9b8fdfda/9.jpg"", ""/content/drive/MyDrive/olx_mobile_dataset/images/mobile_bd9b8fdfda/10.jpg"", ""/content/drive/MyDrive/olx_mobile_dataset/images/mobile_bd9b8fdfda/11.jpg"", ""/content/drive/MyDrive/olx_mobile_dataset/images/mobile_bd9b8fdfda/12.jpg"", ""/content/drive/MyDrive/olx_mobile_dataset/images/mobile_bd9b8fdfda/13.jpg"", ""/content/drive/MyDrive/olx_mobile_dataset/images/mobile_bd9b8fdfda/14.jpg"", ""/content/drive/MyDrive/olx_mobile_dataset/images/mobile_bd9b8fdfda/15.jpg"", ""/content/drive/MyDrive/olx_mobile_dataset/images/mobile_bd9b8fdfda/16.jpg"", ""/content/drive/MyDrive/olx_mobile_dataset/images/mobile_bd9b8fdfda/17.jpg"", ""/content/drive/MyDrive/olx_mobile_dataset/images/mobile_bd9b8fdfda/18.jpg"", ""/content/drive/MyDrive/olx_mobile_dataset/images/mobile_bd9b8fdfda/19.jpg"", ""/content/drive/MyDrive/olx_mobile_dataset/images/mobile_bd9b8fdfda/20.jpg"", ""/content/drive/MyDrive/olx_mobile_dataset/images/mobile_bd9b8fdfda/21.jpg"", ""/content/drive/MyDrive/olx_mobile_dataset/images/mobile_bd9b8fdfda/22.jpg"", ""/content/drive/MyDrive/olx_mobile_dataset/images/mobile_bd9b8fdfda/23.jpg"", ""/content/drive/MyDrive/olx_mobile_dataset/images/mobile_bd9b8fdfda/24.jpg"", ""/content/drive/MyDrive/olx_mobile_dataset/images/mobile_bd9b8fdfda/25.jpg"", ""/content/drive/MyDrive/olx_mobile_dataset/images/mobile_bd9b8fdfda/26.jpg""]",26,2026-01-13 06:07:39.476595
mobile_88f98b720e,https://www.olx.in/item/mobile-phones-c1453-used-iphone-in-narayanapuram-tirupati-iid-1831359347,iPhone 15 pro Max golden color with all accessories finance available,"All models are there, used phones with excellent condition - Mobile Phones in Narayanapuram, Tirupati",26000,"[""/content/drive/MyDrive/olx_mobile_dataset/images/mobile_88f98b720e/1.jpg"", ""/content/drive/MyDrive/olx_mobile_dataset/images/mobile_88f98b720e/2.jpg"", ""/content/drive/MyDrive/olx_mobile_dataset/images/mobile_88f98b720e/3.jpg"", ""/content/drive/MyDrive/olx_mobile_dataset/images/mobile_88f98b720e/4.jpg"", ""/content/drive/MyDrive/olx_mobile_dataset/images/mobile_88f98b720e/5.jpg"", ""/content/drive/MyDrive/olx_mobile_dataset/images/mobile_88f98b720e/6.jpg"", ""/content/drive/MyDrive/olx_mobile_dataset/images/mobile_88f98b720e/7.jpg"", ""/content/drive/MyDrive/olx_mobile_dataset/images/mobile_88f98b720e/8.jpg"", ""/content/drive/MyDrive/olx_mobile_dataset/images/mobile_88f98b720e/9.jpg"", ""/content/drive/MyDrive/olx_mobile_dataset/images/mobile_88f98b720e/10.jpg"", ""/content/drive/MyDrive/olx_mobile_dataset/images/mobile_88f98b720e/11.jpg"", ""/content/drive/MyDrive/olx_mobile_dataset/images/mobile_88f98b720e/12.jpg"", ""/content/drive/MyDrive/olx_mobile_dataset/images/mobile_88f98b720e/13.jpg"", ""/content/drive/MyDrive/olx_mobile_dataset/images/mobile_88f98b720e/14.jpg"", ""/content/drive/MyDrive/olx_mobile_dataset/images/mobile_88f98b720e/15.jpg"", ""/content/drive/MyDrive/olx_mobile_dataset/images/mobile_88f98b720e/16.jpg"", ""/content/drive/MyDrive/olx_mobile_dataset/images/mobile_88f98b720e/17.jpg"", ""/content/drive/MyDrive/olx_mobile_dataset/images/mobile_88f98b720e/18.jpg"", ""/content/drive/MyDrive/olx_mobile_dataset/images/mobile_88f98b720e/19.jpg"", ""/content/drive/MyDrive/olx_mobile_dataset/images/mobile_88f98b720e/20.jpg"", ""/content/drive/MyDrive/olx_mobile_dataset/images/mobile_88f98b720e/21.jpg"", ""/content/drive/MyDrive/olx_mobile_dataset/images/mobile_88f98b720e/22.jpg"", ""/content/drive/MyDrive/olx_mobile_dataset/images/mobile_88f98b720e/23.jpg"", ""/content/drive/MyDrive/olx_mobile_dataset/images/mobile_88f98b720e/24.jpg"", ""/content/drive/MyDrive/olx_mobile_dataset/images/mobile_88f98b720e/25.jpg"", ""/content/drive/MyDrive/olx_mobile_dataset/images/mobile_88f98b720e/26.jpg""]",26,2026-01-13 06:07:52.072416
mobile_4aa4b7c62a,https://www.olx.in/item/mobile-phones-c1453-used-iphone-in-semra-lucknow-iid-1831041086,Iphone 13 pro 256gb,"Screen is outer part and everything is working no malfunction - Mobile Phones in Semra, Lucknow",35999,"[""/content/drive/MyDrive/olx_mobile_dataset/images/mobile_4aa4b7c62a/1.jpg"", ""/content/drive/MyDrive/olx_mobile_dataset/images/mobile_4aa4b7c62a/2.jpg"", ""/content/drive/MyDrive/olx_mobile_dataset/images/mobile_4aa4b7c62a/3.jpg"", ""/content/drive/MyDrive/olx_mobile_dataset/images/mobile_4aa4b7c62a/4.jpg"", ""/content/drive/MyDrive/olx_mobile_dataset/images/mobile_4aa4b7c62a/5.jpg"", ""/content/drive/MyDrive/olx_mobile_dataset/images/mobile_4aa4b7c62a/6.jpg"", ""/content/drive/MyDrive/olx_mobile_dataset/images/mobile_4aa4b7c62a/7.jpg"", ""/content/drive/MyDrive/olx_mobile_dataset/images/mobile_4aa4b7c62a/8.jpg"", ""/content/drive/MyDrive/olx_mobile_dataset/images/mobile_4aa4b7c62a/9.jpg"", ""/content/drive/MyDrive/olx_mobile_dataset/images/mobile_4aa4b7c62a/10.jpg"", ""/content/drive/MyDrive/olx_mobile_dataset/images/mobile_4aa4b7c62a/11.jpg"", ""/content/drive/MyDrive/olx_mobile_dataset/images/mobile_4aa4b7c62a/12.jpg"", ""/content/drive/MyDrive/olx_mobile_dataset/images/mobile_4aa4b7c62a/13.jpg"", ""/content/drive/MyDrive/olx_mobile_dataset/images/mobile_4aa4b7c62a/14.jpg"", ""/content/drive/MyDrive/olx_mobile_dataset/images/mobile_4aa4b7c62a/15.jpg"", ""/content/drive/MyDrive/olx_mobile_dataset/images/mobile_4aa4b7c62a/16.jpg"", ""/content/drive/MyDrive/olx_mobile_dataset/images/mobile_4aa4b7c62a/17.jpg"", ""/content/drive/MyDrive/olx_mobile_dataset/images/mobile_4aa4b7c62a/18.jpg"", ""/content/drive/MyDrive/olx_mobile_dataset/images/mobile_4aa4b7c62a/19.jpg"", ""/content/drive/MyDrive/olx_mobile_dataset/images/mobile_4aa4b7c62a/20.jpg"", ""/content/drive/MyDrive/olx_mobile_dataset/images/mobile_4aa4b7c62a/21.jpg"", ""/content/drive/MyDrive/olx_mobile_dataset/images/mobile_4aa4b7c62a/22.jpg"", ""/content/drive/MyDrive/olx_mobile_dataset/images/mobile_4aa4b7c62a/23.jpg"", ""/content/drive/MyDrive/olx_mobile_dataset/images/mobile_4aa4b7c62a/24.jpg"", ""/content/drive/MyDrive/olx_mobile_dataset/images/mobile_4aa4b7c62a/25.jpg"", ""/content/drive/MyDrive/olx_mobile_dataset/images/mobile_4aa4b7c62a/26.jpg""]",26,2026-01-13 06:08:02.415321
mobile_874ee509dd,https://www.olx.in/item/mobile-phones-c1453-used-iphone-in-teesta-barrage-colony-siliguri-iid-1828785957,I want to sell my old iPhone 14. Need urgent money,"I want to sell my old iphone 14 128gb urgently. Need money. Very less used phone,with cover case and screen guard. Original bill and box and bill is also available. Genuine buyers please. - Mobile Phones in Teesta Barrage Colony, Siliguri",25000,"[""/content/drive/MyDrive/olx_mobile_dataset/images/mobile_874ee509dd/1.jpg"", ""/content/drive/MyDrive/olx_mobile_dataset/images/mobile_874ee509dd/2.jpg"", ""/content/drive/MyDrive/olx_mobile_dataset/images/mobile_874ee509dd/3.jpg"", ""/content/drive/MyDrive/olx_mobile_dataset/images/mobile_874ee509dd/4.jpg"", ""/content/drive/MyDrive/olx_mobile_dataset/images/mobile_874ee509dd/5.jpg"", ""/content/drive/MyDrive/olx_mobile_dataset/images/mobile_874ee509dd/6.jpg"", ""/content/drive/MyDrive/olx_mobile_dataset/images/mobile_874ee509dd/7.jpg"", ""/content/drive/MyDrive/olx_mobile_dataset/images/mobile_874ee509dd/8.jpg"", ""/content/drive/MyDrive/olx_mobile_dataset/images/mobile_874ee509dd/9.jpg"", ""/content/drive/MyDrive/olx_mobile_dataset/images/mobile_874ee509dd/10.jpg"", ""/content/drive/MyDrive/olx_mobile_dataset/images/mobile_874ee509dd/11.jpg"", ""/content/drive/MyDrive/olx_mobile_dataset/images/mobile_874ee509dd/12.jpg"", ""/content/drive/MyDrive/olx_mobile_dataset/images/mobile_874ee509dd/13.jpg"", ""/content/drive/MyDrive/olx_mobile_dataset/images/mobile_874ee509dd/14.jpg"", ""/content/drive/MyDrive/olx_mobile_dataset/images/mobile_874ee509dd/15.jpg"", ""/content/drive/MyDrive/olx_mobile_dataset/images/mobile_874ee509dd/16.jpg"", ""/content/drive/MyDrive/olx_mobile_dataset/images/mobile_874ee509dd/17.jpg"", ""/content/drive/MyDrive/olx_mobile_dataset/images/mobile_874ee509dd/18.jpg"", ""/content/drive/MyDrive/olx_mobile_dataset/images/mobile_874ee509dd/19.jpg"", ""/content/drive/MyDrive/olx_mobile_dataset/images/mobile_874ee509dd/20.jpg"", ""/content/drive/MyDrive/olx_mobile_dataset/images/mobile_874ee509dd/21.jpg"", ""/content/drive/MyDrive/olx_mobile_dataset/images/mobile_874ee509dd/22.jpg"", ""/content/drive/MyDrive/olx_mobile_dataset/images/mobile_874ee509dd/23.jpg"", ""/content/drive/MyDrive/olx_mobile_dataset/images/mobile_874ee509dd/24.jpg"", ""/content/drive/MyDrive/olx_mobile_dataset/images/mobile_874ee509dd/25.jpg"", ""/content/drive/MyDrive/olx_mobile_dataset/images/mobile_874ee509dd/26.jpg""]",26,2026-01-13 06:08:13.512644
mobile_698be5439c,https://www.olx.in/item/mobile-phones-c1453-used-samsung-in-triplicane-chennai-iid-1830905620,Samsung galaxy a03s 4GB ram 64GB inbuilt mobile good working condition,"Samsung galaxy a03s 4GB ram 64GB inbuilt mobile good working condition sales - Mobile Phones in Triplicane, Chennai",3999,"[""/content/drive/MyDrive/olx_mobile_dataset/images/mobile_698be5439c/1.jpg"", ""/content/drive/MyDrive/olx_mobile_dataset/images/mobile_698be5439c/2.jpg"", ""/content/drive/MyDrive/olx_mobile_dataset/images/mobile_698be5439c/3.jpg"", ""/content/drive/MyDrive/olx_mobile_dataset/images/mobile_698be5439c/4.jpg"", ""/content/drive/MyDrive/olx_mobile_dataset/images/mobile_698be5439c/5.jpg"", ""/content/drive/MyDrive/olx_mobile_dataset/images/mobile_698be5439c/6.jpg"", ""/content/drive/MyDrive/olx_mobile_dataset/images/mobile_698be5439c/7.jpg"", ""/content/drive/MyDrive/olx_mobile_dataset/images/mobile_698be5439c/8.jpg"", ""/content/drive/MyDrive/olx_mobile_dataset/images/mobile_698be5439c/9.jpg"", ""/content/drive/MyDrive/olx_mobile_dataset/images/mobile_698be5439c/10.jpg"", ""/content/drive/MyDrive/olx_mobile_dataset/images/mobile_698be5439c/11.jpg"", ""/content/drive/MyDrive/olx_mobile_dataset/images/mobile_698be5439c/12.jpg"", ""/content/drive/MyDrive/olx_mobile_dataset/images/mobile_698be5439c/13.jpg"", ""/content/drive/MyDrive/olx_mobile_dataset/images/mobile_698be5439c/14.jpg"", ""/content/drive/MyDrive/olx_mobile_dataset/images/mobile_698be5439c/15.jpg"", ""/content/drive/MyDrive/olx_mobile_dataset/images/mobile_698be5439c/16.jpg"", ""/content/drive/MyDrive/olx_mobile_dataset/images/mobile_698be5439c/17.jpg"", ""/content/drive/MyDrive/olx_mobile_dataset/images/mobile_698be5439c/18.jpg"", ""/content/drive/MyDrive/olx_mobile_dataset/images/mobile_698be5439c/19.jpg"", ""/content/drive/MyDrive/olx_mobile_dataset/images/mobile_698be5439c/20.jpg"", ""/content/drive/MyDrive/olx_mobile_dataset/images/mobile_698be5439c/21.jpg"", ""/content/drive/MyDrive/olx_mobile_dataset/images/mobile_698be5439c/22.jpg"", ""/content/drive/MyDrive/olx_mobile_dataset/images/mobile_698be5439c/23.jpg"", ""/content/drive/MyDrive/olx_mobile_dataset/images/mobile_698be5439c/24.jpg"", ""/content/drive/MyDrive/olx_mobile_dataset/images/mobile_698be5439c/25.jpg"", ""/content/drive/MyDrive/olx_mobile_dataset/images/mobile_698be5439c/26.jpg""]",26,2026-01-13 06:08:26.567227
mobile_e0086a5758,https://www.olx.in/item/mobile-phones-c1453-used-iphone-in-east-fort-thiruvananthapuram-iid-1830585767,IPhone 16 Pro Max,"IPhone 16 Pro Max 256 GB STORAGE DESERT TAITANIUM TDRA 4 MONTHS WARRANTY REMAINING FULL BOX AND CLEAN SET BH : 98% BAJAJ AND CREDIT CARD EMI AVAILABLE ALL KERALA COURIER SERVICE AVAILABLE ANY OTHER ENQURIES CONTACT US : CELLULAR WORLD THAKARAPPARAMBU TRIVANDRUM - Mobile Phones in East Fort, Thiruvananthapuram",91000,"[""/content/drive/MyDrive/olx_mobile_dataset/images/mobile_e0086a5758/1.jpg"", ""/content/drive/MyDrive/olx_mobile_dataset/images/mobile_e0086a5758/2.jpg"", ""/content/drive/MyDrive/olx_mobile_dataset/images/mobile_e0086a5758/3.jpg"", ""/content/drive/MyDrive/olx_mobile_dataset/images/mobile_e0086a5758/4.jpg"", ""/content/drive/MyDrive/olx_mobile_dataset/images/mobile_e0086a5758/5.jpg"", ""/content/drive/MyDrive/olx_mobile_dataset/images/mobile_e0086a5758/6.jpg"", ""/content/drive/MyDrive/olx_mobile_dataset/images/mobile_e0086a5758/7.jpg"", ""/content/drive/MyDrive/olx_mobile_dataset/images/mobile_e0086a5758/8.jpg"", ""/content/drive/MyDrive/olx_mobile_dataset/images/mobile_e0086a5758/9.jpg"", ""/content/drive/MyDrive/olx_mobile_dataset/images/mobile_e0086a5758/10.jpg"", ""/content/drive/MyDrive/olx_mobile_dataset/images/mobile_e0086a5758/11.jpg"", ""/content/drive/MyDrive/olx_mobile_dataset/images/mobile_e0086a5758/12.jpg"", ""/content/drive/MyDrive/olx_mobile_dataset/images/mobile_e0086a5758/13.jpg"", ""/content/drive/MyDrive/olx_mobile_dataset/images/mobile_e0086a5758/14.jpg"", ""/content/drive/MyDrive/olx_mobile_dataset/images/mobile_e0086a5758/15.jpg"", ""/content/drive/MyDrive/olx_mobile_dataset/images/mobile_e0086a5758/16.jpg"", ""/content/drive/MyDrive/olx_mobile_dataset/images/mobile_e0086a5758/17.jpg"", ""/content/drive/MyDrive/olx_mobile_dataset/images/mobile_e0086a5758/18.jpg"", ""/content/drive/MyDrive/olx_mobile_dataset/images/mobile_e0086a5758/19.jpg"", ""/content/drive/MyDrive/olx_mobile_dataset/images/mobile_e0086a5758/20.jpg"", ""/content/drive/MyDrive/olx_mobile_dataset/images/mobile_e0086a5758/21.jpg"", ""/content/drive/MyDrive/olx_mobile_dataset/images/mobile_e0086a5758/22.jpg"", ""/content/drive/MyDrive/olx_mobile_dataset/images/mobile_e0086a5758/23.jpg"", ""/content/drive/MyDrive/olx_mobile_dataset/images/mobile_e0086a5758/24.jpg"", ""/content/drive/MyDrive/olx_mobile_dataset/images/mobile_e0086a5758/25.jpg"", ""/content/drive/MyDrive/olx_mobile_dataset/images/mobile_e0086a5758/26.jpg""]",26,2026-01-13 06:08:35.289029
mobile_8e010d0d6c,https://www.olx.in/item/mobile-phones-c1453-used-iphone-in-durga-nagar-colony-siliguri-iid-1831946926,iPhone 12 mini 64gb 5g.bill hoga box nahi ha allok,"Urgent money problem - Mobile Phones in Durga Nagar Colony, Siliguri",22500,"[""/content/drive/MyDrive/olx_mobile_dataset/images/mobile_8e010d0d6c/1.jpg"", ""/content/drive/MyDrive/olx_mobile_dataset/images/mobile_8e010d0d6c/2.jpg"", ""/content/drive/MyDrive/olx_mobile_dataset/images/mobile_8e010d0d6c/3.jpg"", ""/content/drive/MyDrive/olx_mobile_dataset/images/mobile_8e010d0d6c/4.jpg"", ""/content/drive/MyDrive/olx_mobile_dataset/images/mobile_8e010d0d6c/5.jpg"", ""/content/drive/MyDrive/olx_mobile_dataset/images/mobile_8e010d0d6c/6.jpg"", ""/content/drive/MyDrive/olx_mobile_dataset/images/mobile_8e010d0d6c/7.jpg"", ""/content/drive/MyDrive/olx_mobile_dataset/images/mobile_8e010d0d6c/8.jpg"", ""/content/drive/MyDrive/olx_mobile_dataset/images/mobile_8e010d0d6c/9.jpg"", ""/content/drive/MyDrive/olx_mobile_dataset/images/mobile_8e010d0d6c/10.jpg"", ""/content/drive/MyDrive/olx_mobile_dataset/images/mobile_8e010d0d6c/11.jpg"", ""/content/drive/MyDrive/olx_mobile_dataset/images/mobile_8e010d0d6c/12.jpg"", ""/content/drive/MyDrive/olx_mobile_dataset/images/mobile_8e010d0d6c/13.jpg"", ""/content/drive/MyDrive/olx_mobile_dataset/images/mobile_8e010d0d6c/14.jpg"", ""/content/drive/MyDrive/olx_mobile_dataset/images/mobile_8e010d0d6c/15.jpg"", ""/content/drive/MyDrive/olx_mobile_dataset/images/mobile_8e010d0d6c/16.jpg"", ""/content/drive/MyDrive/olx_mobile_dataset/images/mobile_8e010d0d6c/17.jpg"", ""/content/drive/MyDrive/olx_mobile_dataset/images/mobile_8e010d0d6c/18.jpg"", ""/content/drive/MyDrive/olx_mobile_dataset/images/mobile_8e010d0d6c/19.jpg"", ""/content/drive/MyDrive/olx_mobile_dataset/images/mobile_8e010d0d6c/20.jpg"", ""/content/drive/MyDrive/olx_mobile_dataset/images/mobile_8e010d0d6c/21.jpg"", ""/content/drive/MyDrive/olx_mobile_dataset/images/mobile_8e010d0d6c/22.jpg"", ""/content/drive/MyDrive/olx_mobile_dataset/images/mobile_8e010d0d6c/23.jpg"", ""/content/drive/MyDrive/olx_mobile_dataset/images/mobile_8e010d0d6c/24.jpg"", ""/content/drive/MyDrive/olx_mobile_dataset/images/mobile_8e010d0d6c/25.jpg"", ""/content/drive/MyDrive/olx_mobile_dataset/images/mobile_8e010d0d6c/26.jpg""]",26,2026-01-13 06:08:46.153845
mobile_153f59c588,https://www.olx.in/item/mobile-phones-c1453-used-mi-in-seethammadhara-visakhapatnam-iid-1831946878,Redmi note 13 pro,"8 + 128 gb , excellent condition, zero scratches - Mobile Phones in Seethammadhara, Visakhapatnam",15000,"[""/content/drive/MyDrive/olx_mobile_dataset/images/mobile_153f59c588/1.jpg"", ""/content/drive/MyDrive/olx_mobile_dataset/images/mobile_153f59c588/2.jpg"", ""/content/drive/MyDrive/olx_mobile_dataset/images/mobile_153f59c588/3.jpg"", ""/content/drive/MyDrive/olx_mobile_dataset/images/mobile_153f59c588/4.jpg"", ""/content/drive/MyDrive/olx_mobile_dataset/images/mobile_153f59c588/5.jpg"", ""/content/drive/MyDrive/olx_mobile_dataset/images/mobile_153f59c588/6.jpg"", ""/content/drive/MyDrive/olx_mobile_dataset/images/mobile_153f59c588/7.jpg"", ""/content/drive/MyDrive/olx_mobile_dataset/images/mobile_153f59c588/8.jpg"", ""/content/drive/MyDrive/olx_mobile_dataset/images/mobile_153f59c588/9.jpg"", ""/content/drive/MyDrive/olx_mobile_dataset/images/mobile_153f59c588/10.jpg"", ""/content/drive/MyDrive/olx_mobile_dataset/images/mobile_153f59c588/11.jpg"", ""/content/drive/MyDrive/olx_mobile_dataset/images/mobile_153f59c588/12.jpg"", ""/content/drive/MyDrive/olx_mobile_dataset/images/mobile_153f59c588/13.jpg"", ""/content/drive/MyDrive/olx_mobile_dataset/images/mobile_153f59c588/14.jpg"", ""/content/drive/MyDrive/olx_mobile_dataset/images/mobile_153f59c588/15.jpg"", ""/content/drive/MyDrive/olx_mobile_dataset/images/mobile_153f59c588/16.jpg"", ""/content/drive/MyDrive/olx_mobile_dataset/images/mobile_153f59c588/17.jpg"", ""/content/drive/MyDrive/olx_mobile_dataset/images/mobile_153f59c588/18.jpg"", ""/content/drive/MyDrive/olx_mobile_dataset/images/mobile_153f59c588/19.jpg"", ""/content/drive/MyDrive/olx_mobile_dataset/images/mobile_153f59c588/20.jpg"", ""/content/drive/MyDrive/olx_mobile_dataset/images/mobile_153f59c588/21.jpg"", ""/content/drive/MyDrive/olx_mobile_dataset/images/mobile_153f59c588/22.jpg"", ""/content/drive/MyDrive/olx_mobile_dataset/images/mobile_153f59c588/23.jpg"", ""/content/drive/MyDrive/olx_mobile_dataset/images/mobile_153f59c588/24.jpg"", ""/content/drive/MyDrive/olx_mobile_dataset/images/mobile_153f59c588/25.jpg"", ""/content/drive/MyDrive/olx_mobile_dataset/images/mobile_153f59c588/26.jpg""]",26,2026-01-13 06:08:56.064586
mobile_df25ecdbf2,https://www.olx.in/item/mobile-phones-c1453-used-iphone-in-sri-krishna-vihar-cuttack-iid-1831062707,I phone 12 5g.   128 storage battery health 86%,"Mint condition phone urgent need money - Mobile Phones in Sri Krishna Vihar, Cuttack",21000,"[""/content/drive/MyDrive/olx_mobile_dataset/images/mobile_df25ecdbf2/1.jpg"", ""/content/drive/MyDrive/olx_mobile_dataset/images/mobile_df25ecdbf2/2.jpg"", ""/content/drive/MyDrive/olx_mobile_dataset/images/mobile_df25ecdbf2/3.jpg"", ""/content/drive/MyDrive/olx_mobile_dataset/images/mobile_df25ecdbf2/4.jpg"", ""/content/drive/MyDrive/olx_mobile_dataset/images/mobile_df25ecdbf2/5.jpg"", ""/content/drive/MyDrive/olx_mobile_dataset/images/mobile_df25ecdbf2/6.jpg"", ""/content/drive/MyDrive/olx_mobile_dataset/images/mobile_df25ecdbf2/7.jpg"", ""/content/drive/MyDrive/olx_mobile_dataset/images/mobile_df25ecdbf2/8.jpg"", ""/content/drive/MyDrive/olx_mobile_dataset/images/mobile_df25ecdbf2/9.jpg"", ""/content/drive/MyDrive/olx_mobile_dataset/images/mobile_df25ecdbf2/10.jpg"", ""/content/drive/MyDrive/olx_mobile_dataset/images/mobile_df25ecdbf2/11.jpg"", ""/content/drive/MyDrive/olx_mobile_dataset/images/mobile_df25ecdbf2/12.jpg"", ""/content/drive/MyDrive/olx_mobile_dataset/images/mobile_df25ecdbf2/13.jpg"", ""/content/drive/MyDrive/olx_mobile_dataset/images/mobile_df25ecdbf2/14.jpg"", ""/content/drive/MyDrive/olx_mobile_dataset/images/mobile_df25ecdbf2/15.jpg"", ""/content/drive/MyDrive/olx_mobile_dataset/images/mobile_df25ecdbf2/16.jpg"", ""/content/drive/MyDrive/olx_mobile_dataset/images/mobile_df25ecdbf2/17.jpg"", ""/content/drive/MyDrive/olx_mobile_dataset/images/mobile_df25ecdbf2/18.jpg"", ""/content/drive/MyDrive/olx_mobile_dataset/images/mobile_df25ecdbf2/19.jpg"", ""/content/drive/MyDrive/olx_mobile_dataset/images/mobile_df25ecdbf2/20.jpg"", ""/content/drive/MyDrive/olx_mobile_dataset/images/mobile_df25ecdbf2/21.jpg"", ""/content/drive/MyDrive/olx_mobile_dataset/images/mobile_df25ecdbf2/22.jpg"", ""/content/drive/MyDrive/olx_mobile_dataset/images/mobile_df25ecdbf2/23.jpg"", ""/content/drive/MyDrive/olx_mobile_dataset/images/mobile_df25ecdbf2/24.jpg"", ""/content/drive/MyDrive/olx_mobile_dataset/images/mobile_df25ecdbf2/25.jpg"", ""/content/drive/MyDrive/olx_mobile_dataset/images/mobile_df25ecdbf2/26.jpg""]",26,2026-01-13 06:09:07.236771
mobile_59199afa04,https://www.olx.in/item/mobile-phones-c1453-used-samsung-in-gorkhabasti-agartala-iid-1831185341,Used Samsung galaxy S24 ultra titanium grey emi available,"12gb ram 256gb rom , all colours and models are there - Mobile Phones in Gorkhabasti, Agartala",26000,"[""/content/drive/MyDrive/olx_mobile_dataset/images/mobile_59199afa04/1.jpg"", ""/content/drive/MyDrive/olx_mobile_dataset/images/mobile_59199afa04/2.jpg"", ""/content/drive/MyDrive/olx_mobile_dataset/images/mobile_59199afa04/3.jpg"", ""/content/drive/MyDrive/olx_mobile_dataset/images/mobile_59199afa04/4.jpg"", ""/content/drive/MyDrive/olx_mobile_dataset/images/mobile_59199afa04/5.jpg"", ""/content/drive/MyDrive/olx_mobile_dataset/images/mobile_59199afa04/6.jpg"", ""/content/drive/MyDrive/olx_mobile_dataset/images/mobile_59199afa04/7.jpg"", ""/content/drive/MyDrive/olx_mobile_dataset/images/mobile_59199afa04/8.jpg"", ""/content/drive/MyDrive/olx_mobile_dataset/images/mobile_59199afa04/9.jpg"", ""/content/drive/MyDrive/olx_mobile_dataset/images/mobile_59199afa04/10.jpg"", ""/content/drive/MyDrive/olx_mobile_dataset/images/mobile_59199afa04/11.jpg"", ""/content/drive/MyDrive/olx_mobile_dataset/images/mobile_59199afa04/12.jpg"", ""/content/drive/MyDrive/olx_mobile_dataset/images/mobile_59199afa04/13.jpg"", ""/content/drive/MyDrive/olx_mobile_dataset/images/mobile_59199afa04/14.jpg"", ""/content/drive/MyDrive/olx_mobile_dataset/images/mobile_59199afa04/15.jpg"", ""/content/drive/MyDrive/olx_mobile_dataset/images/mobile_59199afa04/16.jpg"", ""/content/drive/MyDrive/olx_mobile_dataset/images/mobile_59199afa04/17.jpg"", ""/content/drive/MyDrive/olx_mobile_dataset/images/mobile_59199afa04/18.jpg"", ""/content/drive/MyDrive/olx_mobile_dataset/images/mobile_59199afa04/19.jpg"", ""/content/drive/MyDrive/olx_mobile_dataset/images/mobile_59199afa04/20.jpg"", ""/content/drive/MyDrive/olx_mobile_dataset/images/mobile_59199afa04/21.jpg"", ""/content/drive/MyDrive/olx_mobile_dataset/images/mobile_59199afa04/22.jpg"", ""/content/drive/MyDrive/olx_mobile_dataset/images/mobile_59199afa04/23.jpg"", ""/content/drive/MyDrive/olx_mobile_dataset/images/mobile_59199afa04/24.jpg"", ""/content/drive/MyDrive/olx_mobile_dataset/images/mobile_59199afa04/25.jpg"", ""/content/drive/MyDrive/olx_mobile_dataset/images/mobile_59199afa04/26.jpg""]",26,2026-01-13 06:09:20.883044
mobile_5a4fa31588,https://www.olx.in/item/mobile-phones-c1453-used-vivo-in-shastri-nagar-ahmedabad-iid-1830658852,Vivo v21 gb 256gb 5g  good condition Android 13 update,"Display change sell and exchange available - Mobile Phones in Shastri Nagar, Ahmedabad",7200,"[""/content/drive/MyDrive/olx_mobile_dataset/images/mobile_5a4fa31588/1.jpg"", ""/content/drive/MyDrive/olx_mobile_dataset/images/mobile_5a4fa31588/2.jpg"", ""/content/drive/MyDrive/olx_mobile_dataset/images/mobile_5a4fa31588/3.jpg"", ""/content/drive/MyDrive/olx_mobile_dataset/images/mobile_5a4fa31588/4.jpg"", ""/content/drive/MyDrive/olx_mobile_dataset/images/mobile_5a4fa31588/5.jpg"", ""/content/drive/MyDrive/olx_mobile_dataset/images/mobile_5a4fa31588/6.jpg"", ""/content/drive/MyDrive/olx_mobile_dataset/images/mobile_5a4fa31588/7.jpg"", ""/content/drive/MyDrive/olx_mobile_dataset/images/mobile_5a4fa31588/8.jpg"", ""/content/drive/MyDrive/olx_mobile_dataset/images/mobile_5a4fa31588/9.jpg"", ""/content/drive/MyDrive/olx_mobile_dataset/images/mobile_5a4fa31588/10.jpg"", ""/content/drive/MyDrive/olx_mobile_dataset/images/mobile_5a4fa31588/11.jpg"", ""/content/drive/MyDrive/olx_mobile_dataset/images/mobile_5a4fa31588/12.jpg"", ""/content/drive/MyDrive/olx_mobile_dataset/images/mobile_5a4fa31588/13.jpg"", ""/content/drive/MyDrive/olx_mobile_dataset/images/mobile_5a4fa31588/14.jpg"", ""/content/drive/MyDrive/olx_mobile_dataset/images/mobile_5a4fa31588/15.jpg"", ""/content/drive/MyDrive/olx_mobile_dataset/images/mobile_5a4fa31588/16.jpg"", ""/content/drive/MyDrive/olx_mobile_dataset/images/mobile_5a4fa31588/17.jpg"", ""/content/drive/MyDrive/olx_mobile_dataset/images/mobile_5a4fa31588/18.jpg"", ""/content/drive/MyDrive/olx_mobile_dataset/images/mobile_5a4fa31588/19.jpg"", ""/content/drive/MyDrive/olx_mobile_dataset/images/mobile_5a4fa31588/20.jpg"", ""/content/drive/MyDrive/olx_mobile_dataset/images/mobile_5a4fa31588/21.jpg"", ""/content/drive/MyDrive/olx_mobile_dataset/images/mobile_5a4fa31588/22.jpg"", ""/content/drive/MyDrive/olx_mobile_dataset/images/mobile_5a4fa31588/23.jpg"", ""/content/drive/MyDrive/olx_mobile_dataset/images/mobile_5a4fa31588/24.jpg"", ""/content/drive/MyDrive/olx_mobile_dataset/images/mobile_5a4fa31588/25.jpg"", ""/content/drive/MyDrive/olx_mobile_dataset/images/mobile_5a4fa31588/26.jpg""]",26,2026-01-13 06:09:30.319508
mobile_73c2dff677,https://www.olx.in/item/mobile-phones-c1453-used-vivo-in-uthalsar-thane-iid-1831946905,vivo x300 pro,"vivo x300 pro purchased on 31.12.2025. new phone no issues. selling because purchased 17 pro. - Mobile Phones in Uthalsar, Thane",89000,"[""/content/drive/MyDrive/olx_mobile_dataset/images/mobile_73c2dff677/1.jpg"", ""/content/drive/MyDrive/olx_mobile_dataset/images/mobile_73c2dff677/2.jpg"", ""/content/drive/MyDrive/olx_mobile_dataset/images/mobile_73c2dff677/3.jpg"", ""/content/drive/MyDrive/olx_mobile_dataset/images/mobile_73c2dff677/4.jpg"", ""/content/drive/MyDrive/olx_mobile_dataset/images/mobile_73c2dff677/5.jpg"", ""/content/drive/MyDrive/olx_mobile_dataset/images/mobile_73c2dff677/6.jpg"", ""/content/drive/MyDrive/olx_mobile_dataset/images/mobile_73c2dff677/7.jpg"", ""/content/drive/MyDrive/olx_mobile_dataset/images/mobile_73c2dff677/8.jpg"", ""/content/drive/MyDrive/olx_mobile_dataset/images/mobile_73c2dff677/9.jpg"", ""/content/drive/MyDrive/olx_mobile_dataset/images/mobile_73c2dff677/10.jpg"", ""/content/drive/MyDrive/olx_mobile_dataset/images/mobile_73c2dff677/11.jpg"", ""/content/drive/MyDrive/olx_mobile_dataset/images/mobile_73c2dff677/12.jpg"", ""/content/drive/MyDrive/olx_mobile_dataset/images/mobile_73c2dff677/13.jpg"", ""/content/drive/MyDrive/olx_mobile_dataset/images/mobile_73c2dff677/14.jpg"", ""/content/drive/MyDrive/olx_mobile_dataset/images/mobile_73c2dff677/15.jpg"", ""/content/drive/MyDrive/olx_mobile_dataset/images/mobile_73c2dff677/16.jpg"", ""/content/drive/MyDrive/olx_mobile_dataset/images/mobile_73c2dff677/17.jpg"", ""/content/drive/MyDrive/olx_mobile_dataset/images/mobile_73c2dff677/18.jpg"", ""/content/drive/MyDrive/olx_mobile_dataset/images/mobile_73c2dff677/19.jpg"", ""/content/drive/MyDrive/olx_mobile_dataset/images/mobile_73c2dff677/20.jpg"", ""/content/drive/MyDrive/olx_mobile_dataset/images/mobile_73c2dff677/21.jpg"", ""/content/drive/MyDrive/olx_mobile_dataset/images/mobile_73c2dff677/22.jpg"", ""/content/drive/MyDrive/olx_mobile_dataset/images/mobile_73c2dff677/23.jpg"", ""/content/drive/MyDrive/olx_mobile_dataset/images/mobile_73c2dff677/24.jpg"", ""/content/drive/MyDrive/olx_mobile_dataset/images/mobile_73c2dff677/25.jpg"", ""/content/drive/MyDrive/olx_mobile_dataset/images/mobile_73c2dff677/26.jpg""]",26,2026-01-13 06:09:38.966176
mobile_22868e7fcc,https://www.olx.in/item/mobile-phones-c1453-used-samsung-in-padam-nagar-khandwa-iid-1831946934,Samsung Galaxy A15,"मोबाइल बेचने हैं - Mobile Phones in Padam Nagar, Khandwa",9000,"[""/content/drive/MyDrive/olx_mobile_dataset/images/mobile_22868e7fcc/1.jpg"", ""/content/drive/MyDrive/olx_mobile_dataset/images/mobile_22868e7fcc/2.jpg"", ""/content/drive/MyDrive/olx_mobile_dataset/images/mobile_22868e7fcc/3.jpg"", ""/content/drive/MyDrive/olx_mobile_dataset/images/mobile_22868e7fcc/4.jpg"", ""/content/drive/MyDrive/olx_mobile_dataset/images/mobile_22868e7fcc/5.jpg"", ""/content/drive/MyDrive/olx_mobile_dataset/images/mobile_22868e7fcc/6.jpg"", ""/content/drive/MyDrive/olx_mobile_dataset/images/mobile_22868e7fcc/7.jpg"", ""/content/drive/MyDrive/olx_mobile_dataset/images/mobile_22868e7fcc/8.jpg"", ""/content/drive/MyDrive/olx_mobile_dataset/images/mobile_22868e7fcc/9.jpg"", ""/content/drive/MyDrive/olx_mobile_dataset/images/mobile_22868e7fcc/10.jpg"", ""/content/drive/MyDrive/olx_mobile_dataset/images/mobile_22868e7fcc/11.jpg"", ""/content/drive/MyDrive/olx_mobile_dataset/images/mobile_22868e7fcc/12.jpg"", ""/content/drive/MyDrive/olx_mobile_dataset/images/mobile_22868e7fcc/13.jpg"", ""/content/drive/MyDrive/olx_mobile_dataset/images/mobile_22868e7fcc/14.jpg"", ""/content/drive/MyDrive/olx_mobile_dataset/images/mobile_22868e7fcc/15.jpg"", ""/content/drive/MyDrive/olx_mobile_dataset/images/mobile_22868e7fcc/16.jpg"", ""/content/drive/MyDrive/olx_mobile_dataset/images/mobile_22868e7fcc/17.jpg"", ""/content/drive/MyDrive/olx_mobile_dataset/images/mobile_22868e7fcc/18.jpg"", ""/content/drive/MyDrive/olx_mobile_dataset/images/mobile_22868e7fcc/19.jpg"", ""/content/drive/MyDrive/olx_mobile_dataset/images/mobile_22868e7fcc/20.jpg"", ""/content/drive/MyDrive/olx_mobile_dataset/images/mobile_22868e7fcc/21.jpg"", ""/content/drive/MyDrive/olx_mobile_dataset/images/mobile_22868e7fcc/22.jpg"", ""/content/drive/MyDrive/olx_mobile_dataset/images/mobile_22868e7fcc/23.jpg"", ""/content/drive/MyDrive/olx_mobile_dataset/images/mobile_22868e7fcc/24.jpg"", ""/content/drive/MyDrive/olx_mobile_dataset/images/mobile_22868e7fcc/25.jpg"", ""/content/drive/MyDrive/olx_mobile_dataset/images/mobile_22868e7fcc/26.jpg""]",26,2026-01-13 06:09:49.176995
mobile_d04359bc1e,https://www.olx.in/item/mobile-phones-c1453-used-iphone-in-pwd-officers-colony-kanpur-iid-1831757922,iPhone 16 3 month old white,"iPhone 16 3 month old white New condition 100% battery health No bargaining Urgent sell - Mobile Phones in PWD Officers Colony, Kanpur",55000,"[""/content/drive/MyDrive/olx_mobile_dataset/images/mobile_d04359bc1e/1.jpg"", ""/content/drive/MyDrive/olx_mobile_dataset/images/mobile_d04359bc1e/2.jpg"", ""/content/drive/MyDrive/olx_mobile_dataset/images/mobile_d04359bc1e/3.jpg"", ""/content/drive/MyDrive/olx_mobile_dataset/images/mobile_d04359bc1e/4.jpg"", ""/content/drive/MyDrive/olx_mobile_dataset/images/mobile_d04359bc1e/5.jpg"", ""/content/drive/MyDrive/olx_mobile_dataset/images/mobile_d04359bc1e/6.jpg"", ""/content/drive/MyDrive/olx_mobile_dataset/images/mobile_d04359bc1e/7.jpg"", ""/content/drive/MyDrive/olx_mobile_dataset/images/mobile_d04359bc1e/8.jpg"", ""/content/drive/MyDrive/olx_mobile_dataset/images/mobile_d04359bc1e/9.jpg"", ""/content/drive/MyDrive/olx_mobile_dataset/images/mobile_d04359bc1e/10.jpg"", ""/content/drive/MyDrive/olx_mobile_dataset/images/mobile_d04359bc1e/11.jpg"", ""/content/drive/MyDrive/olx_mobile_dataset/images/mobile_d04359bc1e/12.jpg"", ""/content/drive/MyDrive/olx_mobile_dataset/images/mobile_d04359bc1e/13.jpg"", ""/content/drive/MyDrive/olx_mobile_dataset/images/mobile_d04359bc1e/14.jpg"", ""/content/drive/MyDrive/olx_mobile_dataset/images/mobile_d04359bc1e/15.jpg"", ""/content/drive/MyDrive/olx_mobile_dataset/images/mobile_d04359bc1e/16.jpg"", ""/content/drive/MyDrive/olx_mobile_dataset/images/mobile_d04359bc1e/17.jpg"", ""/content/drive/MyDrive/olx_mobile_dataset/images/mobile_d04359bc1e/18.jpg"", ""/content/drive/MyDrive/olx_mobile_dataset/images/mobile_d04359bc1e/19.jpg"", ""/content/drive/MyDrive/olx_mobile_dataset/images/mobile_d04359bc1e/20.jpg"", ""/content/drive/MyDrive/olx_mobile_dataset/images/mobile_d04359bc1e/21.jpg"", ""/content/drive/MyDrive/olx_mobile_dataset/images/mobile_d04359bc1e/22.jpg"", ""/content/drive/MyDrive/olx_mobile_dataset/images/mobile_d04359bc1e/23.jpg"", ""/content/drive/MyDrive/olx_mobile_dataset/images/mobile_d04359bc1e/24.jpg"", ""/content/drive/MyDrive/olx_mobile_dataset/images/mobile_d04359bc1e/25.jpg"", ""/content/drive/MyDrive/olx_mobile_dataset/images/mobile_d04359bc1e/26.jpg""]",26,2026-01-13 06:10:00.834980
mobile_0f215dcf7f,https://www.olx.in/item/mobile-phones-c1453-used-iphone-in-ramol-ahmedabad-iid-1831946811,I phone:-16,"Mobile box mobile charging good condition - Mobile Phones in Ramol, Ahmedabad",49999,"[""/content/drive/MyDrive/olx_mobile_dataset/images/mobile_0f215dcf7f/1.jpg"", ""/content/drive/MyDrive/olx_mobile_dataset/images/mobile_0f215dcf7f/2.jpg"", ""/content/drive/MyDrive/olx_mobile_dataset/images/mobile_0f215dcf7f/3.jpg"", ""/content/drive/MyDrive/olx_mobile_dataset/images/mobile_0f215dcf7f/4.jpg"", ""/content/drive/MyDrive/olx_mobile_dataset/images/mobile_0f215dcf7f/5.jpg"", ""/content/drive/MyDrive/olx_mobile_dataset/images/mobile_0f215dcf7f/6.jpg"", ""/content/drive/MyDrive/olx_mobile_dataset/images/mobile_0f215dcf7f/7.jpg"", ""/content/drive/MyDrive/olx_mobile_dataset/images/mobile_0f215dcf7f/8.jpg"", ""/content/drive/MyDrive/olx_mobile_dataset/images/mobile_0f215dcf7f/9.jpg"", ""/content/drive/MyDrive/olx_mobile_dataset/images/mobile_0f215dcf7f/10.jpg"", ""/content/drive/MyDrive/olx_mobile_dataset/images/mobile_0f215dcf7f/11.jpg"", ""/content/drive/MyDrive/olx_mobile_dataset/images/mobile_0f215dcf7f/12.jpg"", ""/content/drive/MyDrive/olx_mobile_dataset/images/mobile_0f215dcf7f/13.jpg"", ""/content/drive/MyDrive/olx_mobile_dataset/images/mobile_0f215dcf7f/14.jpg"", ""/content/drive/MyDrive/olx_mobile_dataset/images/mobile_0f215dcf7f/15.jpg"", ""/content/drive/MyDrive/olx_mobile_dataset/images/mobile_0f215dcf7f/16.jpg"", ""/content/drive/MyDrive/olx_mobile_dataset/images/mobile_0f215dcf7f/17.jpg"", ""/content/drive/MyDrive/olx_mobile_dataset/images/mobile_0f215dcf7f/18.jpg"", ""/content/drive/MyDrive/olx_mobile_dataset/images/mobile_0f215dcf7f/19.jpg"", ""/content/drive/MyDrive/olx_mobile_dataset/images/mobile_0f215dcf7f/20.jpg"", ""/content/drive/MyDrive/olx_mobile_dataset/images/mobile_0f215dcf7f/21.jpg"", ""/content/drive/MyDrive/olx_mobile_dataset/images/mobile_0f215dcf7f/22.jpg"", ""/content/drive/MyDrive/olx_mobile_dataset/images/mobile_0f215dcf7f/23.jpg"", ""/content/drive/MyDrive/olx_mobile_dataset/images/mobile_0f215dcf7f/24.jpg"", ""/content/drive/MyDrive/olx_mobile_dataset/images/mobile_0f215dcf7f/25.jpg"", ""/content/drive/MyDrive/olx_mobile_dataset/images/mobile_0f215dcf7f/26.jpg""]",26,2026-01-13 06:10:12.982867
mobile_c860488ffc,https://www.olx.in/item/mobile-phones-c1453-used-infinix-in-botanda-bhubaneshwar-iid-1831575611,HOT 20 5G very good condition,"Good mobile phone,I took another.Price 8000/ - Mobile Phones in Botanda, Bhubaneshwar",8000,"[""/content/drive/MyDrive/olx_mobile_dataset/images/mobile_c860488ffc/1.jpg"", ""/content/drive/MyDrive/olx_mobile_dataset/images/mobile_c860488ffc/2.jpg"", ""/content/drive/MyDrive/olx_mobile_dataset/images/mobile_c860488ffc/3.jpg"", ""/content/drive/MyDrive/olx_mobile_dataset/images/mobile_c860488ffc/4.jpg"", ""/content/drive/MyDrive/olx_mobile_dataset/images/mobile_c860488ffc/5.jpg"", ""/content/drive/MyDrive/olx_mobile_dataset/images/mobile_c860488ffc/6.jpg"", ""/content/drive/MyDrive/olx_mobile_dataset/images/mobile_c860488ffc/7.jpg"", ""/content/drive/MyDrive/olx_mobile_dataset/images/mobile_c860488ffc/8.jpg"", ""/content/drive/MyDrive/olx_mobile_dataset/images/mobile_c860488ffc/9.jpg"", ""/content/drive/MyDrive/olx_mobile_dataset/images/mobile_c860488ffc/10.jpg"", ""/content/drive/MyDrive/olx_mobile_dataset/images/mobile_c860488ffc/11.jpg"", ""/content/drive/MyDrive/olx_mobile_dataset/images/mobile_c860488ffc/12.jpg"", ""/content/drive/MyDrive/olx_mobile_dataset/images/mobile_c860488ffc/13.jpg"", ""/content/drive/MyDrive/olx_mobile_dataset/images/mobile_c860488ffc/14.jpg"", ""/content/drive/MyDrive/olx_mobile_dataset/images/mobile_c860488ffc/15.jpg"", ""/content/drive/MyDrive/olx_mobile_dataset/images/mobile_c860488ffc/16.jpg"", ""/content/drive/MyDrive/olx_mobile_dataset/images/mobile_c860488ffc/17.jpg"", ""/content/drive/MyDrive/olx_mobile_dataset/images/mobile_c860488ffc/18.jpg"", ""/content/drive/MyDrive/olx_mobile_dataset/images/mobile_c860488ffc/19.jpg"", ""/content/drive/MyDrive/olx_mobile_dataset/images/mobile_c860488ffc/20.jpg"", ""/content/drive/MyDrive/olx_mobile_dataset/images/mobile_c860488ffc/21.jpg"", ""/content/drive/MyDrive/olx_mobile_dataset/images/mobile_c860488ffc/22.jpg"", ""/content/drive/MyDrive/olx_mobile_dataset/images/mobile_c860488ffc/23.jpg"", ""/content/drive/MyDrive/olx_mobile_dataset/images/mobile_c860488ffc/24.jpg"", ""/content/drive/MyDrive/olx_mobile_dataset/images/mobile_c860488ffc/25.jpg"", ""/content/drive/MyDrive/olx_mobile_dataset/images/mobile_c860488ffc/26.jpg""]",26,2026-01-13 06:10:25.722176
mobile_7889dd7d7c,https://www.olx.in/item/mobile-phones-c1453-used-samsung-in-esplanade-kolkata-iid-1827988395,S25 Ultra 12/256 Jet Black Special Edition,"Warranty till 30 September 2026(Extra Accidental Warranty) Bill Date: 20/06/2025 Indian Variant, with Valid Bill Box and Accessories. Not a single scratch - Mobile Phones in Esplanade, Kolkata",87000,"[""/content/drive/MyDrive/olx_mobile_dataset/images/mobile_7889dd7d7c/1.jpg"", ""/content/drive/MyDrive/olx_mobile_dataset/images/mobile_7889dd7d7c/2.jpg"", ""/content/drive/MyDrive/olx_mobile_dataset/images/mobile_7889dd7d7c/3.jpg"", ""/content/drive/MyDrive/olx_mobile_dataset/images/mobile_7889dd7d7c/4.jpg"", ""/content/drive/MyDrive/olx_mobile_dataset/images/mobile_7889dd7d7c/5.jpg"", ""/content/drive/MyDrive/olx_mobile_dataset/images/mobile_7889dd7d7c/6.jpg"", ""/content/drive/MyDrive/olx_mobile_dataset/images/mobile_7889dd7d7c/7.jpg"", ""/content/drive/MyDrive/olx_mobile_dataset/images/mobile_7889dd7d7c/8.jpg"", ""/content/drive/MyDrive/olx_mobile_dataset/images/mobile_7889dd7d7c/9.jpg"", ""/content/drive/MyDrive/olx_mobile_dataset/images/mobile_7889dd7d7c/10.jpg"", ""/content/drive/MyDrive/olx_mobile_dataset/images/mobile_7889dd7d7c/11.jpg"", ""/content/drive/MyDrive/olx_mobile_dataset/images/mobile_7889dd7d7c/12.jpg"", ""/content/drive/MyDrive/olx_mobile_dataset/images/mobile_7889dd7d7c/13.jpg"", ""/content/drive/MyDrive/olx_mobile_dataset/images/mobile_7889dd7d7c/14.jpg"", ""/content/drive/MyDrive/olx_mobile_dataset/images/mobile_7889dd7d7c/15.jpg"", ""/content/drive/MyDrive/olx_mobile_dataset/images/mobile_7889dd7d7c/16.jpg"", ""/content/drive/MyDrive/olx_mobile_dataset/images/mobile_7889dd7d7c/17.jpg"", ""/content/drive/MyDrive/olx_mobile_dataset/images/mobile_7889dd7d7c/18.jpg"", ""/content/drive/MyDrive/olx_mobile_dataset/images/mobile_7889dd7d7c/19.jpg"", ""/content/drive/MyDrive/olx_mobile_dataset/images/mobile_7889dd7d7c/20.jpg"", ""/content/drive/MyDrive/olx_mobile_dataset/images/mobile_7889dd7d7c/21.jpg"", ""/content/drive/MyDrive/olx_mobile_dataset/images/mobile_7889dd7d7c/22.jpg"", ""/content/drive/MyDrive/olx_mobile_dataset/images/mobile_7889dd7d7c/23.jpg"", ""/content/drive/MyDrive/olx_mobile_dataset/images/mobile_7889dd7d7c/24.jpg"", ""/content/drive/MyDrive/olx_mobile_dataset/images/mobile_7889dd7d7c/25.jpg"", ""/content/drive/MyDrive/olx_mobile_dataset/images/mobile_7889dd7d7c/26.jpg""]",26,2026-01-13 06:10:35.765167
mobile_d46fcd5592,https://www.olx.in/item/mobile-phones-c1453-used-samsung-in-karamana-thiruvananthapuram-iid-1831946920,Samsung S25 Ultra ( 12/256GB ) 2 months old Brand new condition ( tdra,"Full box Brand new condition :- 10 days shop checking warranty :- Exchnge offer available :- Emi Facility available :- Emi & Loan edukkan agrahikkunnavar :- Shopil varuka check cheyuka :- Shopileakk varumpool kayil :- Adhar :- pan card :-Atm card enniva kayi karuthuka :- Debit and credit acceptable :- Home delivery :- All India courier service :-More details and enquiries :-7️⃣8️⃣7️⃣7️⃣2️⃣7️⃣7️⃣7️⃣1️⃣7️⃣ :-Shop located @ Thakaraparambu , Trivandrum Opposite Thakaraparambu vayalil hotel - Mobile Phones in Karamana, Thiruvananthapuram",71900,"[""/content/drive/MyDrive/olx_mobile_dataset/images/mobile_d46fcd5592/1.jpg"", ""/content/drive/MyDrive/olx_mobile_dataset/images/mobile_d46fcd5592/2.jpg"", ""/content/drive/MyDrive/olx_mobile_dataset/images/mobile_d46fcd5592/3.jpg"", ""/content/drive/MyDrive/olx_mobile_dataset/images/mobile_d46fcd5592/4.jpg"", ""/content/drive/MyDrive/olx_mobile_dataset/images/mobile_d46fcd5592/5.jpg"", ""/content/drive/MyDrive/olx_mobile_dataset/images/mobile_d46fcd5592/6.jpg"", ""/content/drive/MyDrive/olx_mobile_dataset/images/mobile_d46fcd5592/7.jpg"", ""/content/drive/MyDrive/olx_mobile_dataset/images/mobile_d46fcd5592/8.jpg"", ""/content/drive/MyDrive/olx_mobile_dataset/images/mobile_d46fcd5592/9.jpg"", ""/content/drive/MyDrive/olx_mobile_dataset/images/mobile_d46fcd5592/10.jpg"", ""/content/drive/MyDrive/olx_mobile_dataset/images/mobile_d46fcd5592/11.jpg"", ""/content/drive/MyDrive/olx_mobile_dataset/images/mobile_d46fcd5592/12.jpg"", ""/content/drive/MyDrive/olx_mobile_dataset/images/mobile_d46fcd5592/13.jpg"", ""/content/drive/MyDrive/olx_mobile_dataset/images/mobile_d46fcd5592/14.jpg"", ""/content/drive/MyDrive/olx_mobile_dataset/images/mobile_d46fcd5592/15.jpg"", ""/content/drive/MyDrive/olx_mobile_dataset/images/mobile_d46fcd5592/16.jpg"", ""/content/drive/MyDrive/olx_mobile_dataset/images/mobile_d46fcd5592/17.jpg"", ""/content/drive/MyDrive/olx_mobile_dataset/images/mobile_d46fcd5592/18.jpg"", ""/content/drive/MyDrive/olx_mobile_dataset/images/mobile_d46fcd5592/19.jpg"", ""/content/drive/MyDrive/olx_mobile_dataset/images/mobile_d46fcd5592/20.jpg"", ""/content/drive/MyDrive/olx_mobile_dataset/images/mobile_d46fcd5592/21.jpg"", ""/content/drive/MyDrive/olx_mobile_dataset/images/mobile_d46fcd5592/22.jpg"", ""/content/drive/MyDrive/olx_mobile_dataset/images/mobile_d46fcd5592/23.jpg"", ""/content/drive/MyDrive/olx_mobile_dataset/images/mobile_d46fcd5592/24.jpg"", ""/content/drive/MyDrive/olx_mobile_dataset/images/mobile_d46fcd5592/25.jpg"", ""/content/drive/MyDrive/olx_mobile_dataset/images/mobile_d46fcd5592/26.jpg""]",26,2026-01-13 06:10:46.330010
mobile_6a13ce7801,https://www.olx.in/item/mobile-phones-c1453-used-samsung-in-umlyngka-shillong-iid-1831185179,Used Samsung galaxy S24 ultra titanium grey emi available,"12gb ram 256gb rom , all colours and models are there - Mobile Phones in Umlyngka, Shillong",26000,"[""/content/drive/MyDrive/olx_mobile_dataset/images/mobile_6a13ce7801/1.jpg"", ""/content/drive/MyDrive/olx_mobile_dataset/images/mobile_6a13ce7801/2.jpg"", ""/content/drive/MyDrive/olx_mobile_dataset/images/mobile_6a13ce7801/3.jpg"", ""/content/drive/MyDrive/olx_mobile_dataset/images/mobile_6a13ce7801/4.jpg"", ""/content/drive/MyDrive/olx_mobile_dataset/images/mobile_6a13ce7801/5.jpg"", ""/content/drive/MyDrive/olx_mobile_dataset/images/mobile_6a13ce7801/6.jpg"", ""/content/drive/MyDrive/olx_mobile_dataset/images/mobile_6a13ce7801/7.jpg"", ""/content/drive/MyDrive/olx_mobile_dataset/images/mobile_6a13ce7801/8.jpg"", ""/content/drive/MyDrive/olx_mobile_dataset/images/mobile_6a13ce7801/9.jpg"", ""/content/drive/MyDrive/olx_mobile_dataset/images/mobile_6a13ce7801/10.jpg"", ""/content/drive/MyDrive/olx_mobile_dataset/images/mobile_6a13ce7801/11.jpg"", ""/content/drive/MyDrive/olx_mobile_dataset/images/mobile_6a13ce7801/12.jpg"", ""/content/drive/MyDrive/olx_mobile_dataset/images/mobile_6a13ce7801/13.jpg"", ""/content/drive/MyDrive/olx_mobile_dataset/images/mobile_6a13ce7801/14.jpg"", ""/content/drive/MyDrive/olx_mobile_dataset/images/mobile_6a13ce7801/15.jpg"", ""/content/drive/MyDrive/olx_mobile_dataset/images/mobile_6a13ce7801/16.jpg"", ""/content/drive/MyDrive/olx_mobile_dataset/images/mobile_6a13ce7801/17.jpg"", ""/content/drive/MyDrive/olx_mobile_dataset/images/mobile_6a13ce7801/18.jpg"", ""/content/drive/MyDrive/olx_mobile_dataset/images/mobile_6a13ce7801/19.jpg"", ""/content/drive/MyDrive/olx_mobile_dataset/images/mobile_6a13ce7801/20.jpg"", ""/content/drive/MyDrive/olx_mobile_dataset/images/mobile_6a13ce7801/21.jpg"", ""/content/drive/MyDrive/olx_mobile_dataset/images/mobile_6a13ce7801/22.jpg"", ""/content/drive/MyDrive/olx_mobile_dataset/images/mobile_6a13ce7801/23.jpg"", ""/content/drive/MyDrive/olx_mobile_dataset/images/mobile_6a13ce7801/24.jpg"", ""/content/drive/MyDrive/olx_mobile_dataset/images/mobile_6a13ce7801/25.jpg"", ""/content/drive/MyDrive/olx_mobile_dataset/images/mobile_6a13ce7801/26.jpg""]",26,2026-01-13 06:10:57.420428
mobile_c957e9d0b4,https://www.olx.in/item/mobile-phones-c1453-used-iphone-in-monujuli-gaon-dhekiajuli-iid-1831946784,iPhone 12 Good condition,"iPhone 12 Storage - 128gb Best condition Back glass cracked All good best condition If interested message me - Mobile Phones in Monujuli Gaon, Dhekiajuli",25000,"[""/content/drive/MyDrive/olx_mobile_dataset/images/mobile_c957e9d0b4/1.jpg"", ""/content/drive/MyDrive/olx_mobile_dataset/images/mobile_c957e9d0b4/2.jpg"", ""/content/drive/MyDrive/olx_mobile_dataset/images/mobile_c957e9d0b4/3.jpg"", ""/content/drive/MyDrive/olx_mobile_dataset/images/mobile_c957e9d0b4/4.jpg"", ""/content/drive/MyDrive/olx_mobile_dataset/images/mobile_c957e9d0b4/5.jpg"", ""/content/drive/MyDrive/olx_mobile_dataset/images/mobile_c957e9d0b4/6.jpg"", ""/content/drive/MyDrive/olx_mobile_dataset/images/mobile_c957e9d0b4/7.jpg"", ""/content/drive/MyDrive/olx_mobile_dataset/images/mobile_c957e9d0b4/8.jpg"", ""/content/drive/MyDrive/olx_mobile_dataset/images/mobile_c957e9d0b4/9.jpg"", ""/content/drive/MyDrive/olx_mobile_dataset/images/mobile_c957e9d0b4/10.jpg"", ""/content/drive/MyDrive/olx_mobile_dataset/images/mobile_c957e9d0b4/11.jpg"", ""/content/drive/MyDrive/olx_mobile_dataset/images/mobile_c957e9d0b4/12.jpg"", ""/content/drive/MyDrive/olx_mobile_dataset/images/mobile_c957e9d0b4/13.jpg"", ""/content/drive/MyDrive/olx_mobile_dataset/images/mobile_c957e9d0b4/14.jpg"", ""/content/drive/MyDrive/olx_mobile_dataset/images/mobile_c957e9d0b4/15.jpg"", ""/content/drive/MyDrive/olx_mobile_dataset/images/mobile_c957e9d0b4/16.jpg"", ""/content/drive/MyDrive/olx_mobile_dataset/images/mobile_c957e9d0b4/17.jpg"", ""/content/drive/MyDrive/olx_mobile_dataset/images/mobile_c957e9d0b4/18.jpg"", ""/content/drive/MyDrive/olx_mobile_dataset/images/mobile_c957e9d0b4/19.jpg"", ""/content/drive/MyDrive/olx_mobile_dataset/images/mobile_c957e9d0b4/20.jpg"", ""/content/drive/MyDrive/olx_mobile_dataset/images/mobile_c957e9d0b4/21.jpg"", ""/content/drive/MyDrive/olx_mobile_dataset/images/mobile_c957e9d0b4/22.jpg"", ""/content/drive/MyDrive/olx_mobile_dataset/images/mobile_c957e9d0b4/23.jpg"", ""/content/drive/MyDrive/olx_mobile_dataset/images/mobile_c957e9d0b4/24.jpg"", ""/content/drive/MyDrive/olx_mobile_dataset/images/mobile_c957e9d0b4/25.jpg"", ""/content/drive/MyDrive/olx_mobile_dataset/images/mobile_c957e9d0b4/26.jpg""]",26,2026-01-13 06:11:07.430110
mobile_680c67b727,https://www.olx.in/item/mobile-phones-c1453-used-samsung-in-mr-10-road-indore-iid-1831185203,Used Samsung galaxy S24 ultra titanium grey emi available,"12gb ram 256gb rom , all colours and models are there - Mobile Phones in Mr 10 Road, Indore",26000,"[""/content/drive/MyDrive/olx_mobile_dataset/images/mobile_680c67b727/1.jpg"", ""/content/drive/MyDrive/olx_mobile_dataset/images/mobile_680c67b727/2.jpg"", ""/content/drive/MyDrive/olx_mobile_dataset/images/mobile_680c67b727/3.jpg"", ""/content/drive/MyDrive/olx_mobile_dataset/images/mobile_680c67b727/4.jpg"", ""/content/drive/MyDrive/olx_mobile_dataset/images/mobile_680c67b727/5.jpg"", ""/content/drive/MyDrive/olx_mobile_dataset/images/mobile_680c67b727/6.jpg"", ""/content/drive/MyDrive/olx_mobile_dataset/images/mobile_680c67b727/7.jpg"", ""/content/drive/MyDrive/olx_mobile_dataset/images/mobile_680c67b727/8.jpg"", ""/content/drive/MyDrive/olx_mobile_dataset/images/mobile_680c67b727/9.jpg"", ""/content/drive/MyDrive/olx_mobile_dataset/images/mobile_680c67b727/10.jpg"", ""/content/drive/MyDrive/olx_mobile_dataset/images/mobile_680c67b727/11.jpg"", ""/content/drive/MyDrive/olx_mobile_dataset/images/mobile_680c67b727/12.jpg"", ""/content/drive/MyDrive/olx_mobile_dataset/images/mobile_680c67b727/13.jpg"", ""/content/drive/MyDrive/olx_mobile_dataset/images/mobile_680c67b727/14.jpg"", ""/content/drive/MyDrive/olx_mobile_dataset/images/mobile_680c67b727/15.jpg"", ""/content/drive/MyDrive/olx_mobile_dataset/images/mobile_680c67b727/16.jpg"", ""/content/drive/MyDrive/olx_mobile_dataset/images/mobile_680c67b727/17.jpg"", ""/content/drive/MyDrive/olx_mobile_dataset/images/mobile_680c67b727/18.jpg"", ""/content/drive/MyDrive/olx_mobile_dataset/images/mobile_680c67b727/19.jpg"", ""/content/drive/MyDrive/olx_mobile_dataset/images/mobile_680c67b727/20.jpg"", ""/content/drive/MyDrive/olx_mobile_dataset/images/mobile_680c67b727/21.jpg"", ""/content/drive/MyDrive/olx_mobile_dataset/images/mobile_680c67b727/22.jpg"", ""/content/drive/MyDrive/olx_mobile_dataset/images/mobile_680c67b727/23.jpg"", ""/content/drive/MyDrive/olx_mobile_dataset/images/mobile_680c67b727/24.jpg"", ""/content/drive/MyDrive/olx_mobile_dataset/images/mobile_680c67b727/25.jpg"", ""/content/drive/MyDrive/olx_mobile_dataset/images/mobile_680c67b727/26.jpg""]",26,2026-01-13 06:11:17.243951
mobile_6347df6361,https://www.olx.in/item/mobile-phones-c1453-used-other-mobiles-in-bhadeu-varanasi-iid-1831946888,Poco C55 new condition,"With bill box original charger 4/64 Less used in condition - Mobile Phones in Bhadeu, Varanasi",6399,"[""/content/drive/MyDrive/olx_mobile_dataset/images/mobile_6347df6361/1.jpg"", ""/content/drive/MyDrive/olx_mobile_dataset/images/mobile_6347df6361/2.jpg"", ""/content/drive/MyDrive/olx_mobile_dataset/images/mobile_6347df6361/3.jpg"", ""/content/drive/MyDrive/olx_mobile_dataset/images/mobile_6347df6361/4.jpg"", ""/content/drive/MyDrive/olx_mobile_dataset/images/mobile_6347df6361/5.jpg"", ""/content/drive/MyDrive/olx_mobile_dataset/images/mobile_6347df6361/6.jpg"", ""/content/drive/MyDrive/olx_mobile_dataset/images/mobile_6347df6361/7.jpg"", ""/content/drive/MyDrive/olx_mobile_dataset/images/mobile_6347df6361/8.jpg"", ""/content/drive/MyDrive/olx_mobile_dataset/images/mobile_6347df6361/9.jpg"", ""/content/drive/MyDrive/olx_mobile_dataset/images/mobile_6347df6361/10.jpg"", ""/content/drive/MyDrive/olx_mobile_dataset/images/mobile_6347df6361/11.jpg"", ""/content/drive/MyDrive/olx_mobile_dataset/images/mobile_6347df6361/12.jpg"", ""/content/drive/MyDrive/olx_mobile_dataset/images/mobile_6347df6361/13.jpg"", ""/content/drive/MyDrive/olx_mobile_dataset/images/mobile_6347df6361/14.jpg"", ""/content/drive/MyDrive/olx_mobile_dataset/images/mobile_6347df6361/15.jpg"", ""/content/drive/MyDrive/olx_mobile_dataset/images/mobile_6347df6361/16.jpg"", ""/content/drive/MyDrive/olx_mobile_dataset/images/mobile_6347df6361/17.jpg"", ""/content/drive/MyDrive/olx_mobile_dataset/images/mobile_6347df6361/18.jpg"", ""/content/drive/MyDrive/olx_mobile_dataset/images/mobile_6347df6361/19.jpg"", ""/content/drive/MyDrive/olx_mobile_dataset/images/mobile_6347df6361/20.jpg"", ""/content/drive/MyDrive/olx_mobile_dataset/images/mobile_6347df6361/21.jpg"", ""/content/drive/MyDrive/olx_mobile_dataset/images/mobile_6347df6361/22.jpg"", ""/content/drive/MyDrive/olx_mobile_dataset/images/mobile_6347df6361/23.jpg"", ""/content/drive/MyDrive/olx_mobile_dataset/images/mobile_6347df6361/24.jpg"", ""/content/drive/MyDrive/olx_mobile_dataset/images/mobile_6347df6361/25.jpg"", ""/content/drive/MyDrive/olx_mobile_dataset/images/mobile_6347df6361/26.jpg""]",26,2026-01-13 06:11:27.385981
mobile_e39e4aa152,https://www.olx.in/item/mobile-phones-c1453-used-samsung-in-kitsubozou-kohima-iid-1831185415,Used Samsung galaxy S24 ultra titanium grey emi available,"12gb ram 256gb rom , all colours and models are there - Mobile Phones in Kitsubozou, Kohima",25500,"[""/content/drive/MyDrive/olx_mobile_dataset/images/mobile_e39e4aa152/1.jpg"", ""/content/drive/MyDrive/olx_mobile_dataset/images/mobile_e39e4aa152/2.jpg"", ""/content/drive/MyDrive/olx_mobile_dataset/images/mobile_e39e4aa152/3.jpg"", ""/content/drive/MyDrive/olx_mobile_dataset/images/mobile_e39e4aa152/4.jpg"", ""/content/drive/MyDrive/olx_mobile_dataset/images/mobile_e39e4aa152/5.jpg"", ""/content/drive/MyDrive/olx_mobile_dataset/images/mobile_e39e4aa152/6.jpg"", ""/content/drive/MyDrive/olx_mobile_dataset/images/mobile_e39e4aa152/7.jpg"", ""/content/drive/MyDrive/olx_mobile_dataset/images/mobile_e39e4aa152/8.jpg"", ""/content/drive/MyDrive/olx_mobile_dataset/images/mobile_e39e4aa152/9.jpg"", ""/content/drive/MyDrive/olx_mobile_dataset/images/mobile_e39e4aa152/10.jpg"", ""/content/drive/MyDrive/olx_mobile_dataset/images/mobile_e39e4aa152/11.jpg"", ""/content/drive/MyDrive/olx_mobile_dataset/images/mobile_e39e4aa152/12.jpg"", ""/content/drive/MyDrive/olx_mobile_dataset/images/mobile_e39e4aa152/13.jpg"", ""/content/drive/MyDrive/olx_mobile_dataset/images/mobile_e39e4aa152/14.jpg"", ""/content/drive/MyDrive/olx_mobile_dataset/images/mobile_e39e4aa152/15.jpg"", ""/content/drive/MyDrive/olx_mobile_dataset/images/mobile_e39e4aa152/16.jpg"", ""/content/drive/MyDrive/olx_mobile_dataset/images/mobile_e39e4aa152/17.jpg"", ""/content/drive/MyDrive/olx_mobile_dataset/images/mobile_e39e4aa152/18.jpg"", ""/content/drive/MyDrive/olx_mobile_dataset/images/mobile_e39e4aa152/19.jpg"", ""/content/drive/MyDrive/olx_mobile_dataset/images/mobile_e39e4aa152/20.jpg"", ""/content/drive/MyDrive/olx_mobile_dataset/images/mobile_e39e4aa152/21.jpg"", ""/content/drive/MyDrive/olx_mobile_dataset/images/mobile_e39e4aa152/22.jpg"", ""/content/drive/MyDrive/olx_mobile_dataset/images/mobile_e39e4aa152/23.jpg"", ""/content/drive/MyDrive/olx_mobile_dataset/images/mobile_e39e4aa152/24.jpg"", ""/content/drive/MyDrive/olx_mobile_dataset/images/mobile_e39e4aa152/25.jpg"", ""/content/drive/MyDrive/olx_mobile_dataset/images/mobile_e39e4aa152/26.jpg""]",26,2026-01-13 06:11:38.338207
mobile_fb0cc1f0bc,https://www.olx.in/item/mobile-phones-c1453-used-mi-in-rashid-nagar-meerut-iid-1831946889,Mani problem,"Mani problem - Mobile Phones in Rashid Nagar, Meerut",6500,"[""/content/drive/MyDrive/olx_mobile_dataset/images/mobile_fb0cc1f0bc/1.jpg"", ""/content/drive/MyDrive/olx_mobile_dataset/images/mobile_fb0cc1f0bc/2.jpg"", ""/content/drive/MyDrive/olx_mobile_dataset/images/mobile_fb0cc1f0bc/3.jpg"", ""/content/drive/MyDrive/olx_mobile_dataset/images/mobile_fb0cc1f0bc/4.jpg"", ""/content/drive/MyDrive/olx_mobile_dataset/images/mobile_fb0cc1f0bc/5.jpg"", ""/content/drive/MyDrive/olx_mobile_dataset/images/mobile_fb0cc1f0bc/6.jpg"", ""/content/drive/MyDrive/olx_mobile_dataset/images/mobile_fb0cc1f0bc/7.jpg"", ""/content/drive/MyDrive/olx_mobile_dataset/images/mobile_fb0cc1f0bc/8.jpg"", ""/content/drive/MyDrive/olx_mobile_dataset/images/mobile_fb0cc1f0bc/9.jpg"", ""/content/drive/MyDrive/olx_mobile_dataset/images/mobile_fb0cc1f0bc/10.jpg"", ""/content/drive/MyDrive/olx_mobile_dataset/images/mobile_fb0cc1f0bc/11.jpg"", ""/content/drive/MyDrive/olx_mobile_dataset/images/mobile_fb0cc1f0bc/12.jpg"", ""/content/drive/MyDrive/olx_mobile_dataset/images/mobile_fb0cc1f0bc/13.jpg"", ""/content/drive/MyDrive/olx_mobile_dataset/images/mobile_fb0cc1f0bc/14.jpg"", ""/content/drive/MyDrive/olx_mobile_dataset/images/mobile_fb0cc1f0bc/15.jpg"", ""/content/drive/MyDrive/olx_mobile_dataset/images/mobile_fb0cc1f0bc/16.jpg"", ""/content/drive/MyDrive/olx_mobile_dataset/images/mobile_fb0cc1f0bc/17.jpg"", ""/content/drive/MyDrive/olx_mobile_dataset/images/mobile_fb0cc1f0bc/18.jpg"", ""/content/drive/MyDrive/olx_mobile_dataset/images/mobile_fb0cc1f0bc/19.jpg"", ""/content/drive/MyDrive/olx_mobile_dataset/images/mobile_fb0cc1f0bc/20.jpg"", ""/content/drive/MyDrive/olx_mobile_dataset/images/mobile_fb0cc1f0bc/21.jpg"", ""/content/drive/MyDrive/olx_mobile_dataset/images/mobile_fb0cc1f0bc/22.jpg"", ""/content/drive/MyDrive/olx_mobile_dataset/images/mobile_fb0cc1f0bc/23.jpg"", ""/content/drive/MyDrive/olx_mobile_dataset/images/mobile_fb0cc1f0bc/24.jpg"", ""/content/drive/MyDrive/olx_mobile_dataset/images/mobile_fb0cc1f0bc/25.jpg"", ""/content/drive/MyDrive/olx_mobile_dataset/images/mobile_fb0cc1f0bc/26.jpg""]",26,2026-01-13 06:11:48.136087
mobile_579e324b69,https://www.olx.in/item/mobile-phones-c1453-used-xiaomi-in-khora-noida-iid-1829694344,REDMI NOTE 13 5G 8/256 upto 6000 Photos store,"108MP high-quality camera 5G supported – fast internet AMOLED display Smooth performance, Strong battery back also 108mp Camera fingerprint sensor Android 16 update eligible Box, charger, bill – all original available Single hand used, no repair, no damage 108MP कैमरा 5G सपोर्ट AMOLED डिस्प्ले स्मूद परफॉर्मेंस अच्छा बैटरी बैकअप फिंगरप्रिंट Android 16 अपडेट मिलेगा बॉक्स, चार्जर, बिल – सब ओरिजिनल कोई रिपेयर नहीं, सिंगल हैंड यूज़ - Mobile Phones in Khora, Noida",11998,"[""/content/drive/MyDrive/olx_mobile_dataset/images/mobile_579e324b69/1.jpg"", ""/content/drive/MyDrive/olx_mobile_dataset/images/mobile_579e324b69/2.jpg"", ""/content/drive/MyDrive/olx_mobile_dataset/images/mobile_579e324b69/3.jpg"", ""/content/drive/MyDrive/olx_mobile_dataset/images/mobile_579e324b69/4.jpg"", ""/content/drive/MyDrive/olx_mobile_dataset/images/mobile_579e324b69/5.jpg"", ""/content/drive/MyDrive/olx_mobile_dataset/images/mobile_579e324b69/6.jpg"", ""/content/drive/MyDrive/olx_mobile_dataset/images/mobile_579e324b69/7.jpg"", ""/content/drive/MyDrive/olx_mobile_dataset/images/mobile_579e324b69/8.jpg"", ""/content/drive/MyDrive/olx_mobile_dataset/images/mobile_579e324b69/9.jpg"", ""/content/drive/MyDrive/olx_mobile_dataset/images/mobile_579e324b69/10.jpg"", ""/content/drive/MyDrive/olx_mobile_dataset/images/mobile_579e324b69/11.jpg"", ""/content/drive/MyDrive/olx_mobile_dataset/images/mobile_579e324b69/12.jpg"", ""/content/drive/MyDrive/olx_mobile_dataset/images/mobile_579e324b69/13.jpg"", ""/content/drive/MyDrive/olx_mobile_dataset/images/mobile_579e324b69/14.jpg"", ""/content/drive/MyDrive/olx_mobile_dataset/images/mobile_579e324b69/15.jpg"", ""/content/drive/MyDrive/olx_mobile_dataset/images/mobile_579e324b69/16.jpg"", ""/content/drive/MyDrive/olx_mobile_dataset/images/mobile_579e324b69/17.jpg"", ""/content/drive/MyDrive/olx_mobile_dataset/images/mobile_579e324b69/18.jpg"", ""/content/drive/MyDrive/olx_mobile_dataset/images/mobile_579e324b69/19.jpg"", ""/content/drive/MyDrive/olx_mobile_dataset/images/mobile_579e324b69/20.jpg"", ""/content/drive/MyDrive/olx_mobile_dataset/images/mobile_579e324b69/21.jpg"", ""/content/drive/MyDrive/olx_mobile_dataset/images/mobile_579e324b69/22.jpg"", ""/content/drive/MyDrive/olx_mobile_dataset/images/mobile_579e324b69/23.jpg"", ""/content/drive/MyDrive/olx_mobile_dataset/images/mobile_579e324b69/24.jpg"", ""/content/drive/MyDrive/olx_mobile_dataset/images/mobile_579e324b69/25.jpg"", ""/content/drive/MyDrive/olx_mobile_dataset/images/mobile_579e324b69/26.jpg""]",26,2026-01-13 06:11:58.511781
mobile_2a787b1c7a,https://www.olx.in/item/mobile-phones-c1453-used-iphone-in-katora-talab-colony-raipur-iid-1831946938,IPhone 15 pro 128 gb,"IPhone 15 pro 128 gb Original true tone display Battery health 87% Cycle count 528 Display me side me ek chota sa dot hai bus baki all ok hai Phone aaj tak ek baar bhi khula ya repair nahi hua hai Phone me ek bhi single dent scratch nahi hai All ok koi bhi dikkat nahi hai Phone and bill are available - Mobile Phones in Katora Talab Colony, Raipur",41500,"[""/content/drive/MyDrive/olx_mobile_dataset/images/mobile_2a787b1c7a/1.jpg"", ""/content/drive/MyDrive/olx_mobile_dataset/images/mobile_2a787b1c7a/2.jpg"", ""/content/drive/MyDrive/olx_mobile_dataset/images/mobile_2a787b1c7a/3.jpg"", ""/content/drive/MyDrive/olx_mobile_dataset/images/mobile_2a787b1c7a/4.jpg"", ""/content/drive/MyDrive/olx_mobile_dataset/images/mobile_2a787b1c7a/5.jpg"", ""/content/drive/MyDrive/olx_mobile_dataset/images/mobile_2a787b1c7a/6.jpg"", ""/content/drive/MyDrive/olx_mobile_dataset/images/mobile_2a787b1c7a/7.jpg"", ""/content/drive/MyDrive/olx_mobile_dataset/images/mobile_2a787b1c7a/8.jpg"", ""/content/drive/MyDrive/olx_mobile_dataset/images/mobile_2a787b1c7a/9.jpg"", ""/content/drive/MyDrive/olx_mobile_dataset/images/mobile_2a787b1c7a/10.jpg"", ""/content/drive/MyDrive/olx_mobile_dataset/images/mobile_2a787b1c7a/11.jpg"", ""/content/drive/MyDrive/olx_mobile_dataset/images/mobile_2a787b1c7a/12.jpg"", ""/content/drive/MyDrive/olx_mobile_dataset/images/mobile_2a787b1c7a/13.jpg"", ""/content/drive/MyDrive/olx_mobile_dataset/images/mobile_2a787b1c7a/14.jpg"", ""/content/drive/MyDrive/olx_mobile_dataset/images/mobile_2a787b1c7a/15.jpg"", ""/content/drive/MyDrive/olx_mobile_dataset/images/mobile_2a787b1c7a/16.jpg"", ""/content/drive/MyDrive/olx_mobile_dataset/images/mobile_2a787b1c7a/17.jpg"", ""/content/drive/MyDrive/olx_mobile_dataset/images/mobile_2a787b1c7a/18.jpg"", ""/content/drive/MyDrive/olx_mobile_dataset/images/mobile_2a787b1c7a/19.jpg"", ""/content/drive/MyDrive/olx_mobile_dataset/images/mobile_2a787b1c7a/20.jpg"", ""/content/drive/MyDrive/olx_mobile_dataset/images/mobile_2a787b1c7a/21.jpg"", ""/content/drive/MyDrive/olx_mobile_dataset/images/mobile_2a787b1c7a/22.jpg"", ""/content/drive/MyDrive/olx_mobile_dataset/images/mobile_2a787b1c7a/23.jpg"", ""/content/drive/MyDrive/olx_mobile_dataset/images/mobile_2a787b1c7a/24.jpg"", ""/content/drive/MyDrive/olx_mobile_dataset/images/mobile_2a787b1c7a/25.jpg"", ""/content/drive/MyDrive/olx_mobile_dataset/images/mobile_2a787b1c7a/26.jpg""]",26,2026-01-13 06:12:10.074433
mobile_a669326b86,https://www.olx.in/item/mobile-phones-c1453-used-iphone-in-devi-chowk-anaparthy-iid-1831651461,Iphone 13 promax,"128 gb Non-stretchable Look like brand-new Battery86 Bill box cable available - Mobile Phones in Devi Chowk, Anaparthy",46000,"[""/content/drive/MyDrive/olx_mobile_dataset/images/mobile_a669326b86/1.jpg"", ""/content/drive/MyDrive/olx_mobile_dataset/images/mobile_a669326b86/2.jpg"", ""/content/drive/MyDrive/olx_mobile_dataset/images/mobile_a669326b86/3.jpg"", ""/content/drive/MyDrive/olx_mobile_dataset/images/mobile_a669326b86/4.jpg"", ""/content/drive/MyDrive/olx_mobile_dataset/images/mobile_a669326b86/5.jpg"", ""/content/drive/MyDrive/olx_mobile_dataset/images/mobile_a669326b86/6.jpg"", ""/content/drive/MyDrive/olx_mobile_dataset/images/mobile_a669326b86/7.jpg"", ""/content/drive/MyDrive/olx_mobile_dataset/images/mobile_a669326b86/8.jpg"", ""/content/drive/MyDrive/olx_mobile_dataset/images/mobile_a669326b86/9.jpg"", ""/content/drive/MyDrive/olx_mobile_dataset/images/mobile_a669326b86/10.jpg"", ""/content/drive/MyDrive/olx_mobile_dataset/images/mobile_a669326b86/11.jpg"", ""/content/drive/MyDrive/olx_mobile_dataset/images/mobile_a669326b86/12.jpg"", ""/content/drive/MyDrive/olx_mobile_dataset/images/mobile_a669326b86/13.jpg"", ""/content/drive/MyDrive/olx_mobile_dataset/images/mobile_a669326b86/14.jpg"", ""/content/drive/MyDrive/olx_mobile_dataset/images/mobile_a669326b86/15.jpg"", ""/content/drive/MyDrive/olx_mobile_dataset/images/mobile_a669326b86/16.jpg"", ""/content/drive/MyDrive/olx_mobile_dataset/images/mobile_a669326b86/17.jpg"", ""/content/drive/MyDrive/olx_mobile_dataset/images/mobile_a669326b86/18.jpg"", ""/content/drive/MyDrive/olx_mobile_dataset/images/mobile_a669326b86/19.jpg"", ""/content/drive/MyDrive/olx_mobile_dataset/images/mobile_a669326b86/20.jpg"", ""/content/drive/MyDrive/olx_mobile_dataset/images/mobile_a669326b86/21.jpg"", ""/content/drive/MyDrive/olx_mobile_dataset/images/mobile_a669326b86/22.jpg"", ""/content/drive/MyDrive/olx_mobile_dataset/images/mobile_a669326b86/23.jpg"", ""/content/drive/MyDrive/olx_mobile_dataset/images/mobile_a669326b86/24.jpg"", ""/content/drive/MyDrive/olx_mobile_dataset/images/mobile_a669326b86/25.jpg"", ""/content/drive/MyDrive/olx_mobile_dataset/images/mobile_a669326b86/26.jpg""]",26,2026-01-13 06:12:20.631138
mobile_cffe37a9c0,https://www.olx.in/item/mobile-phones-c1453-used-samsung-in-ashok-vihar-gwalior-iid-1831946785,Samsung galaxy Z flip 3,"Zflip3 1 year old with 3 green lines on main screen - Mobile Phones in Ashok Vihar, Gwalior",15000,"[""/content/drive/MyDrive/olx_mobile_dataset/images/mobile_cffe37a9c0/1.jpg"", ""/content/drive/MyDrive/olx_mobile_dataset/images/mobile_cffe37a9c0/2.jpg"", ""/content/drive/MyDrive/olx_mobile_dataset/images/mobile_cffe37a9c0/3.jpg"", ""/content/drive/MyDrive/olx_mobile_dataset/images/mobile_cffe37a9c0/4.jpg"", ""/content/drive/MyDrive/olx_mobile_dataset/images/mobile_cffe37a9c0/5.jpg"", ""/content/drive/MyDrive/olx_mobile_dataset/images/mobile_cffe37a9c0/6.jpg"", ""/content/drive/MyDrive/olx_mobile_dataset/images/mobile_cffe37a9c0/7.jpg"", ""/content/drive/MyDrive/olx_mobile_dataset/images/mobile_cffe37a9c0/8.jpg"", ""/content/drive/MyDrive/olx_mobile_dataset/images/mobile_cffe37a9c0/9.jpg"", ""/content/drive/MyDrive/olx_mobile_dataset/images/mobile_cffe37a9c0/10.jpg"", ""/content/drive/MyDrive/olx_mobile_dataset/images/mobile_cffe37a9c0/11.jpg"", ""/content/drive/MyDrive/olx_mobile_dataset/images/mobile_cffe37a9c0/12.jpg"", ""/content/drive/MyDrive/olx_mobile_dataset/images/mobile_cffe37a9c0/13.jpg"", ""/content/drive/MyDrive/olx_mobile_dataset/images/mobile_cffe37a9c0/14.jpg"", ""/content/drive/MyDrive/olx_mobile_dataset/images/mobile_cffe37a9c0/15.jpg"", ""/content/drive/MyDrive/olx_mobile_dataset/images/mobile_cffe37a9c0/16.jpg"", ""/content/drive/MyDrive/olx_mobile_dataset/images/mobile_cffe37a9c0/17.jpg"", ""/content/drive/MyDrive/olx_mobile_dataset/images/mobile_cffe37a9c0/18.jpg"", ""/content/drive/MyDrive/olx_mobile_dataset/images/mobile_cffe37a9c0/19.jpg"", ""/content/drive/MyDrive/olx_mobile_dataset/images/mobile_cffe37a9c0/20.jpg"", ""/content/drive/MyDrive/olx_mobile_dataset/images/mobile_cffe37a9c0/21.jpg"", ""/content/drive/MyDrive/olx_mobile_dataset/images/mobile_cffe37a9c0/22.jpg"", ""/content/drive/MyDrive/olx_mobile_dataset/images/mobile_cffe37a9c0/23.jpg"", ""/content/drive/MyDrive/olx_mobile_dataset/images/mobile_cffe37a9c0/24.jpg"", ""/content/drive/MyDrive/olx_mobile_dataset/images/mobile_cffe37a9c0/25.jpg"", ""/content/drive/MyDrive/olx_mobile_dataset/images/mobile_cffe37a9c0/26.jpg""]",26,2026-01-13 06:12:33.068950
mobile_190096ab41,https://www.olx.in/item/mobile-phones-c1453-used-motorola-in-shastri-nagar-pune-iid-1829206962,Moto edge 60 fusion 12/256 open box at lowest price,"EXCELLENT CONDITION PHONES FULLY TESTED PHONES 100% ORIGINAL PHONES INSTANT CASH FOR UR USED GADGETS VISIT US TODAY OTHERWISE CALL US NOW FORE MORE DETAILS DEBIT & CREDIT CARD ACCEPTED EXCHANGE OFFER AVAILABLE BEST DEAL GUARANTEED!!! FONEWALE COMMUNICATION SHOP NO 1,AMRIT PARK, SHASTRINAGAR CHOWK,NAGAR ROAD,KALYANI NAGAR NEAR BORA CLASSES,LUCKY STAR SALLON. PUNE 411006... - Mobile Phones in Shastri Nagar, Pune",18999,"[""/content/drive/MyDrive/olx_mobile_dataset/images/mobile_190096ab41/1.jpg"", ""/content/drive/MyDrive/olx_mobile_dataset/images/mobile_190096ab41/2.jpg"", ""/content/drive/MyDrive/olx_mobile_dataset/images/mobile_190096ab41/3.jpg"", ""/content/drive/MyDrive/olx_mobile_dataset/images/mobile_190096ab41/4.jpg"", ""/content/drive/MyDrive/olx_mobile_dataset/images/mobile_190096ab41/5.jpg"", ""/content/drive/MyDrive/olx_mobile_dataset/images/mobile_190096ab41/6.jpg"", ""/content/drive/MyDrive/olx_mobile_dataset/images/mobile_190096ab41/7.jpg"", ""/content/drive/MyDrive/olx_mobile_dataset/images/mobile_190096ab41/8.jpg"", ""/content/drive/MyDrive/olx_mobile_dataset/images/mobile_190096ab41/9.jpg"", ""/content/drive/MyDrive/olx_mobile_dataset/images/mobile_190096ab41/10.jpg"", ""/content/drive/MyDrive/olx_mobile_dataset/images/mobile_190096ab41/11.jpg"", ""/content/drive/MyDrive/olx_mobile_dataset/images/mobile_190096ab41/12.jpg"", ""/content/drive/MyDrive/olx_mobile_dataset/images/mobile_190096ab41/13.jpg"", ""/content/drive/MyDrive/olx_mobile_dataset/images/mobile_190096ab41/14.jpg"", ""/content/drive/MyDrive/olx_mobile_dataset/images/mobile_190096ab41/15.jpg"", ""/content/drive/MyDrive/olx_mobile_dataset/images/mobile_190096ab41/16.jpg"", ""/content/drive/MyDrive/olx_mobile_dataset/images/mobile_190096ab41/17.jpg"", ""/content/drive/MyDrive/olx_mobile_dataset/images/mobile_190096ab41/18.jpg"", ""/content/drive/MyDrive/olx_mobile_dataset/images/mobile_190096ab41/19.jpg"", ""/content/drive/MyDrive/olx_mobile_dataset/images/mobile_190096ab41/20.jpg"", ""/content/drive/MyDrive/olx_mobile_dataset/images/mobile_190096ab41/21.jpg"", ""/content/drive/MyDrive/olx_mobile_dataset/images/mobile_190096ab41/22.jpg"", ""/content/drive/MyDrive/olx_mobile_dataset/images/mobile_190096ab41/23.jpg"", ""/content/drive/MyDrive/olx_mobile_dataset/images/mobile_190096ab41/24.jpg"", ""/content/drive/MyDrive/olx_mobile_dataset/images/mobile_190096ab41/25.jpg"", ""/content/drive/MyDrive/olx_mobile_dataset/images/mobile_190096ab41/26.jpg"", ""/content/drive/MyDrive/olx_mobile_dataset/images/mobile_190096ab41/27.jpg"", ""/content/drive/MyDrive/olx_mobile_dataset/images/mobile_190096ab41/28.jpg""]",28,2026-01-13 06:12:43.322620
mobile_1c252dfc32,https://www.olx.in/item/mobile-phones-c1453-used-mi-in-dhaunra-ki-bazar-dhaura-tanda-iid-1831946915,Good condition new phone,"Good conditions - Mobile Phones in Dhaunra Ki Bazar, Dhaura Tanda",7500,"[""/content/drive/MyDrive/olx_mobile_dataset/images/mobile_1c252dfc32/1.jpg"", ""/content/drive/MyDrive/olx_mobile_dataset/images/mobile_1c252dfc32/2.jpg"", ""/content/drive/MyDrive/olx_mobile_dataset/images/mobile_1c252dfc32/3.jpg"", ""/content/drive/MyDrive/olx_mobile_dataset/images/mobile_1c252dfc32/4.jpg"", ""/content/drive/MyDrive/olx_mobile_dataset/images/mobile_1c252dfc32/5.jpg"", ""/content/drive/MyDrive/olx_mobile_dataset/images/mobile_1c252dfc32/6.jpg"", ""/content/drive/MyDrive/olx_mobile_dataset/images/mobile_1c252dfc32/7.jpg"", ""/content/drive/MyDrive/olx_mobile_dataset/images/mobile_1c252dfc32/8.jpg"", ""/content/drive/MyDrive/olx_mobile_dataset/images/mobile_1c252dfc32/9.jpg"", ""/content/drive/MyDrive/olx_mobile_dataset/images/mobile_1c252dfc32/10.jpg"", ""/content/drive/MyDrive/olx_mobile_dataset/images/mobile_1c252dfc32/11.jpg"", ""/content/drive/MyDrive/olx_mobile_dataset/images/mobile_1c252dfc32/12.jpg"", ""/content/drive/MyDrive/olx_mobile_dataset/images/mobile_1c252dfc32/13.jpg"", ""/content/drive/MyDrive/olx_mobile_dataset/images/mobile_1c252dfc32/14.jpg"", ""/content/drive/MyDrive/olx_mobile_dataset/images/mobile_1c252dfc32/15.jpg"", ""/content/drive/MyDrive/olx_mobile_dataset/images/mobile_1c252dfc32/16.jpg"", ""/content/drive/MyDrive/olx_mobile_dataset/images/mobile_1c252dfc32/17.jpg"", ""/content/drive/MyDrive/olx_mobile_dataset/images/mobile_1c252dfc32/18.jpg"", ""/content/drive/MyDrive/olx_mobile_dataset/images/mobile_1c252dfc32/19.jpg"", ""/content/drive/MyDrive/olx_mobile_dataset/images/mobile_1c252dfc32/20.jpg"", ""/content/drive/MyDrive/olx_mobile_dataset/images/mobile_1c252dfc32/21.jpg"", ""/content/drive/MyDrive/olx_mobile_dataset/images/mobile_1c252dfc32/22.jpg"", ""/content/drive/MyDrive/olx_mobile_dataset/images/mobile_1c252dfc32/23.jpg"", ""/content/drive/MyDrive/olx_mobile_dataset/images/mobile_1c252dfc32/24.jpg"", ""/content/drive/MyDrive/olx_mobile_dataset/images/mobile_1c252dfc32/25.jpg"", ""/content/drive/MyDrive/olx_mobile_dataset/images/mobile_1c252dfc32/26.jpg""]",26,2026-01-13 06:12:55.584784
mobile_9fd22b265f,https://www.olx.in/item/mobile-phones-c1453-used-samsung-in-mumbra-thane-iid-1820394313,Samsung S23 Ultra Phantom Black 256GB 12GB,"Phantom Black 256GB 12GB - Under Warranty Bill & Box Will Be Provided - Mobile Phones in Mumbra, Thane",60000,"[""/content/drive/MyDrive/olx_mobile_dataset/images/mobile_9fd22b265f/1.jpg"", ""/content/drive/MyDrive/olx_mobile_dataset/images/mobile_9fd22b265f/2.jpg"", ""/content/drive/MyDrive/olx_mobile_dataset/images/mobile_9fd22b265f/3.jpg"", ""/content/drive/MyDrive/olx_mobile_dataset/images/mobile_9fd22b265f/4.jpg"", ""/content/drive/MyDrive/olx_mobile_dataset/images/mobile_9fd22b265f/5.jpg"", ""/content/drive/MyDrive/olx_mobile_dataset/images/mobile_9fd22b265f/6.jpg"", ""/content/drive/MyDrive/olx_mobile_dataset/images/mobile_9fd22b265f/7.jpg"", ""/content/drive/MyDrive/olx_mobile_dataset/images/mobile_9fd22b265f/8.jpg"", ""/content/drive/MyDrive/olx_mobile_dataset/images/mobile_9fd22b265f/9.jpg"", ""/content/drive/MyDrive/olx_mobile_dataset/images/mobile_9fd22b265f/10.jpg"", ""/content/drive/MyDrive/olx_mobile_dataset/images/mobile_9fd22b265f/11.jpg"", ""/content/drive/MyDrive/olx_mobile_dataset/images/mobile_9fd22b265f/12.jpg"", ""/content/drive/MyDrive/olx_mobile_dataset/images/mobile_9fd22b265f/13.jpg"", ""/content/drive/MyDrive/olx_mobile_dataset/images/mobile_9fd22b265f/14.jpg"", ""/content/drive/MyDrive/olx_mobile_dataset/images/mobile_9fd22b265f/15.jpg"", ""/content/drive/MyDrive/olx_mobile_dataset/images/mobile_9fd22b265f/16.jpg"", ""/content/drive/MyDrive/olx_mobile_dataset/images/mobile_9fd22b265f/17.jpg"", ""/content/drive/MyDrive/olx_mobile_dataset/images/mobile_9fd22b265f/18.jpg"", ""/content/drive/MyDrive/olx_mobile_dataset/images/mobile_9fd22b265f/19.jpg"", ""/content/drive/MyDrive/olx_mobile_dataset/images/mobile_9fd22b265f/20.jpg"", ""/content/drive/MyDrive/olx_mobile_dataset/images/mobile_9fd22b265f/21.jpg"", ""/content/drive/MyDrive/olx_mobile_dataset/images/mobile_9fd22b265f/22.jpg"", ""/content/drive/MyDrive/olx_mobile_dataset/images/mobile_9fd22b265f/23.jpg"", ""/content/drive/MyDrive/olx_mobile_dataset/images/mobile_9fd22b265f/24.jpg"", ""/content/drive/MyDrive/olx_mobile_dataset/images/mobile_9fd22b265f/25.jpg"", ""/content/drive/MyDrive/olx_mobile_dataset/images/mobile_9fd22b265f/26.jpg""]",26,2026-01-13 06:13:07.230409
mobile_ca6f9fd03f,https://www.olx.in/item/mobile-phones-c1453-used-mi-in-panayarakunnu-thiruvananthapuram-iid-1825416752,AI pulse + 8+256,"The NxtQuantum Ai+ smartphone 50MP rear camera, a 5MP front camera, a 6.745-inch HD+ 90Hz display, and a 5000mAh battery. It runs on Android 15 with the custom NxtQ OS, is powered by a Unisoc ultraT900 processor, and comes with options for 8gb or 4GB of RAM and 128GB of storage. Key features also include a side-mounted fingerprint sensor, face unlock, and emphasis on user privacy through its operating system. - Mobile Phones in Panayarakunnu, Thiruvananthapuram",6000,"[""/content/drive/MyDrive/olx_mobile_dataset/images/mobile_ca6f9fd03f/1.jpg"", ""/content/drive/MyDrive/olx_mobile_dataset/images/mobile_ca6f9fd03f/2.jpg"", ""/content/drive/MyDrive/olx_mobile_dataset/images/mobile_ca6f9fd03f/3.jpg"", ""/content/drive/MyDrive/olx_mobile_dataset/images/mobile_ca6f9fd03f/4.jpg"", ""/content/drive/MyDrive/olx_mobile_dataset/images/mobile_ca6f9fd03f/5.jpg"", ""/content/drive/MyDrive/olx_mobile_dataset/images/mobile_ca6f9fd03f/6.jpg"", ""/content/drive/MyDrive/olx_mobile_dataset/images/mobile_ca6f9fd03f/7.jpg"", ""/content/drive/MyDrive/olx_mobile_dataset/images/mobile_ca6f9fd03f/8.jpg"", ""/content/drive/MyDrive/olx_mobile_dataset/images/mobile_ca6f9fd03f/9.jpg"", ""/content/drive/MyDrive/olx_mobile_dataset/images/mobile_ca6f9fd03f/10.jpg"", ""/content/drive/MyDrive/olx_mobile_dataset/images/mobile_ca6f9fd03f/11.jpg"", ""/content/drive/MyDrive/olx_mobile_dataset/images/mobile_ca6f9fd03f/12.jpg"", ""/content/drive/MyDrive/olx_mobile_dataset/images/mobile_ca6f9fd03f/13.jpg"", ""/content/drive/MyDrive/olx_mobile_dataset/images/mobile_ca6f9fd03f/14.jpg"", ""/content/drive/MyDrive/olx_mobile_dataset/images/mobile_ca6f9fd03f/15.jpg"", ""/content/drive/MyDrive/olx_mobile_dataset/images/mobile_ca6f9fd03f/16.jpg"", ""/content/drive/MyDrive/olx_mobile_dataset/images/mobile_ca6f9fd03f/17.jpg"", ""/content/drive/MyDrive/olx_mobile_dataset/images/mobile_ca6f9fd03f/18.jpg"", ""/content/drive/MyDrive/olx_mobile_dataset/images/mobile_ca6f9fd03f/19.jpg"", ""/content/drive/MyDrive/olx_mobile_dataset/images/mobile_ca6f9fd03f/20.jpg"", ""/content/drive/MyDrive/olx_mobile_dataset/images/mobile_ca6f9fd03f/21.jpg"", ""/content/drive/MyDrive/olx_mobile_dataset/images/mobile_ca6f9fd03f/22.jpg"", ""/content/drive/MyDrive/olx_mobile_dataset/images/mobile_ca6f9fd03f/23.jpg"", ""/content/drive/MyDrive/olx_mobile_dataset/images/mobile_ca6f9fd03f/24.jpg"", ""/content/drive/MyDrive/olx_mobile_dataset/images/mobile_ca6f9fd03f/25.jpg"", ""/content/drive/MyDrive/olx_mobile_dataset/images/mobile_ca6f9fd03f/26.jpg""]",26,2026-01-13 06:13:23.692982
mobile_7c38b64ea5,https://www.olx.in/item/mobile-phones-c1453-used-iphone-in-sidraul-ray-iid-1831946865,iPhone 14 (256),"Money problem very urgent - Mobile Phones in Sidraul, Ray",35000,"[""/content/drive/MyDrive/olx_mobile_dataset/images/mobile_7c38b64ea5/1.jpg"", ""/content/drive/MyDrive/olx_mobile_dataset/images/mobile_7c38b64ea5/2.jpg"", ""/content/drive/MyDrive/olx_mobile_dataset/images/mobile_7c38b64ea5/3.jpg"", ""/content/drive/MyDrive/olx_mobile_dataset/images/mobile_7c38b64ea5/4.jpg"", ""/content/drive/MyDrive/olx_mobile_dataset/images/mobile_7c38b64ea5/5.jpg"", ""/content/drive/MyDrive/olx_mobile_dataset/images/mobile_7c38b64ea5/6.jpg"", ""/content/drive/MyDrive/olx_mobile_dataset/images/mobile_7c38b64ea5/7.jpg"", ""/content/drive/MyDrive/olx_mobile_dataset/images/mobile_7c38b64ea5/8.jpg"", ""/content/drive/MyDrive/olx_mobile_dataset/images/mobile_7c38b64ea5/9.jpg"", ""/content/drive/MyDrive/olx_mobile_dataset/images/mobile_7c38b64ea5/10.jpg"", ""/content/drive/MyDrive/olx_mobile_dataset/images/mobile_7c38b64ea5/11.jpg"", ""/content/drive/MyDrive/olx_mobile_dataset/images/mobile_7c38b64ea5/12.jpg"", ""/content/drive/MyDrive/olx_mobile_dataset/images/mobile_7c38b64ea5/13.jpg"", ""/content/drive/MyDrive/olx_mobile_dataset/images/mobile_7c38b64ea5/14.jpg"", ""/content/drive/MyDrive/olx_mobile_dataset/images/mobile_7c38b64ea5/15.jpg"", ""/content/drive/MyDrive/olx_mobile_dataset/images/mobile_7c38b64ea5/16.jpg"", ""/content/drive/MyDrive/olx_mobile_dataset/images/mobile_7c38b64ea5/17.jpg"", ""/content/drive/MyDrive/olx_mobile_dataset/images/mobile_7c38b64ea5/18.jpg"", ""/content/drive/MyDrive/olx_mobile_dataset/images/mobile_7c38b64ea5/19.jpg"", ""/content/drive/MyDrive/olx_mobile_dataset/images/mobile_7c38b64ea5/20.jpg"", ""/content/drive/MyDrive/olx_mobile_dataset/images/mobile_7c38b64ea5/21.jpg"", ""/content/drive/MyDrive/olx_mobile_dataset/images/mobile_7c38b64ea5/22.jpg"", ""/content/drive/MyDrive/olx_mobile_dataset/images/mobile_7c38b64ea5/23.jpg"", ""/content/drive/MyDrive/olx_mobile_dataset/images/mobile_7c38b64ea5/24.jpg"", ""/content/drive/MyDrive/olx_mobile_dataset/images/mobile_7c38b64ea5/25.jpg"", ""/content/drive/MyDrive/olx_mobile_dataset/images/mobile_7c38b64ea5/26.jpg""]",26,2026-01-13 06:13:36.089774
mobile_06ac005e94,https://www.olx.in/item/mobile-phones-c1453-used-samsung-in-dispur-guwahati-iid-1831185372,Used Samsung galaxy S24 ultra titanium grey emi available,"12gb ram 256gb rom , all colours and models are there - Mobile Phones in Dispur, Guwahati",26000,"[""/content/drive/MyDrive/olx_mobile_dataset/images/mobile_06ac005e94/1.jpg"", ""/content/drive/MyDrive/olx_mobile_dataset/images/mobile_06ac005e94/2.jpg"", ""/content/drive/MyDrive/olx_mobile_dataset/images/mobile_06ac005e94/3.jpg"", ""/content/drive/MyDrive/olx_mobile_dataset/images/mobile_06ac005e94/4.jpg"", ""/content/drive/MyDrive/olx_mobile_dataset/images/mobile_06ac005e94/5.jpg"", ""/content/drive/MyDrive/olx_mobile_dataset/images/mobile_06ac005e94/6.jpg"", ""/content/drive/MyDrive/olx_mobile_dataset/images/mobile_06ac005e94/7.jpg"", ""/content/drive/MyDrive/olx_mobile_dataset/images/mobile_06ac005e94/8.jpg"", ""/content/drive/MyDrive/olx_mobile_dataset/images/mobile_06ac005e94/9.jpg"", ""/content/drive/MyDrive/olx_mobile_dataset/images/mobile_06ac005e94/10.jpg"", ""/content/drive/MyDrive/olx_mobile_dataset/images/mobile_06ac005e94/11.jpg"", ""/content/drive/MyDrive/olx_mobile_dataset/images/mobile_06ac005e94/12.jpg"", ""/content/drive/MyDrive/olx_mobile_dataset/images/mobile_06ac005e94/13.jpg"", ""/content/drive/MyDrive/olx_mobile_dataset/images/mobile_06ac005e94/14.jpg"", ""/content/drive/MyDrive/olx_mobile_dataset/images/mobile_06ac005e94/15.jpg"", ""/content/drive/MyDrive/olx_mobile_dataset/images/mobile_06ac005e94/16.jpg"", ""/content/drive/MyDrive/olx_mobile_dataset/images/mobile_06ac005e94/17.jpg"", ""/content/drive/MyDrive/olx_mobile_dataset/images/mobile_06ac005e94/18.jpg"", ""/content/drive/MyDrive/olx_mobile_dataset/images/mobile_06ac005e94/19.jpg"", ""/content/drive/MyDrive/olx_mobile_dataset/images/mobile_06ac005e94/20.jpg"", ""/content/drive/MyDrive/olx_mobile_dataset/images/mobile_06ac005e94/21.jpg"", ""/content/drive/MyDrive/olx_mobile_dataset/images/mobile_06ac005e94/22.jpg"", ""/content/drive/MyDrive/olx_mobile_dataset/images/mobile_06ac005e94/23.jpg"", ""/content/drive/MyDrive/olx_mobile_dataset/images/mobile_06ac005e94/24.jpg"", ""/content/drive/MyDrive/olx_mobile_dataset/images/mobile_06ac005e94/25.jpg"", ""/content/drive/MyDrive/olx_mobile_dataset/images/mobile_06ac005e94/26.jpg""]",26,2026-01-13 06:13:46.866280
mobile_6dc5a4fd3f,https://www.olx.in/item/mobile-phones-c1453-used-vivo-in-east-fort-thiruvananthapuram-iid-1830586317,VIVO X200 Pro,"VIVO X200 Pro 16 GB RAM 512 GB STORAGE COSMOS BLACK 1 MONTH WARRANTY REMAINING FULL BOX WITH BILL BRAND NEW CONDITION BAJAJ AND CREDIT CARD EMI AVAILABLE ALL KERALA COURIER SERVICE AVAILABLE ANY OTHER ENQURIES CONTACT US : CELLULAR WORLD THAKARAPPARAMBU TRIVANDRUM - Mobile Phones in East Fort, Thiruvananthapuram",56000,"[""/content/drive/MyDrive/olx_mobile_dataset/images/mobile_6dc5a4fd3f/1.jpg"", ""/content/drive/MyDrive/olx_mobile_dataset/images/mobile_6dc5a4fd3f/2.jpg"", ""/content/drive/MyDrive/olx_mobile_dataset/images/mobile_6dc5a4fd3f/3.jpg"", ""/content/drive/MyDrive/olx_mobile_dataset/images/mobile_6dc5a4fd3f/4.jpg"", ""/content/drive/MyDrive/olx_mobile_dataset/images/mobile_6dc5a4fd3f/5.jpg"", ""/content/drive/MyDrive/olx_mobile_dataset/images/mobile_6dc5a4fd3f/6.jpg"", ""/content/drive/MyDrive/olx_mobile_dataset/images/mobile_6dc5a4fd3f/7.jpg"", ""/content/drive/MyDrive/olx_mobile_dataset/images/mobile_6dc5a4fd3f/8.jpg"", ""/content/drive/MyDrive/olx_mobile_dataset/images/mobile_6dc5a4fd3f/9.jpg"", ""/content/drive/MyDrive/olx_mobile_dataset/images/mobile_6dc5a4fd3f/10.jpg"", ""/content/drive/MyDrive/olx_mobile_dataset/images/mobile_6dc5a4fd3f/11.jpg"", ""/content/drive/MyDrive/olx_mobile_dataset/images/mobile_6dc5a4fd3f/12.jpg"", ""/content/drive/MyDrive/olx_mobile_dataset/images/mobile_6dc5a4fd3f/13.jpg"", ""/content/drive/MyDrive/olx_mobile_dataset/images/mobile_6dc5a4fd3f/14.jpg"", ""/content/drive/MyDrive/olx_mobile_dataset/images/mobile_6dc5a4fd3f/15.jpg"", ""/content/drive/MyDrive/olx_mobile_dataset/images/mobile_6dc5a4fd3f/16.jpg"", ""/content/drive/MyDrive/olx_mobile_dataset/images/mobile_6dc5a4fd3f/17.jpg"", ""/content/drive/MyDrive/olx_mobile_dataset/images/mobile_6dc5a4fd3f/18.jpg"", ""/content/drive/MyDrive/olx_mobile_dataset/images/mobile_6dc5a4fd3f/19.jpg"", ""/content/drive/MyDrive/olx_mobile_dataset/images/mobile_6dc5a4fd3f/20.jpg"", ""/content/drive/MyDrive/olx_mobile_dataset/images/mobile_6dc5a4fd3f/21.jpg"", ""/content/drive/MyDrive/olx_mobile_dataset/images/mobile_6dc5a4fd3f/22.jpg"", ""/content/drive/MyDrive/olx_mobile_dataset/images/mobile_6dc5a4fd3f/23.jpg"", ""/content/drive/MyDrive/olx_mobile_dataset/images/mobile_6dc5a4fd3f/24.jpg"", ""/content/drive/MyDrive/olx_mobile_dataset/images/mobile_6dc5a4fd3f/25.jpg"", ""/content/drive/MyDrive/olx_mobile_dataset/images/mobile_6dc5a4fd3f/26.jpg""]",26,2026-01-13 06:13:57.166026
mobile_9093a21c86,https://www.olx.in/item/mobile-phones-c1453-used-nothing-in-east-fort-thiruvananthapuram-iid-1830586855,NOTHING PHONE (3a),"NOTH PHONE (3a) 8 GB RAM 128 GB STORAGE BLACK 6 MONTHS WARRANTY REMAINING FULL BOX WITH BILL NEAT AND CLEAN SET BAJAJ AND CREDIT CARD EMI AVAILABLE ALL KERALA COURIER SERVICE AVAILABLE ANY OTHER ENQURIES CONTACT US : CELLULAR WORLD THAKARAPPARAMBU TRIVANDRUM - Mobile Phones in East Fort, Thiruvananthapuram",20000,"[""/content/drive/MyDrive/olx_mobile_dataset/images/mobile_9093a21c86/1.jpg"", ""/content/drive/MyDrive/olx_mobile_dataset/images/mobile_9093a21c86/2.jpg"", ""/content/drive/MyDrive/olx_mobile_dataset/images/mobile_9093a21c86/3.jpg"", ""/content/drive/MyDrive/olx_mobile_dataset/images/mobile_9093a21c86/4.jpg"", ""/content/drive/MyDrive/olx_mobile_dataset/images/mobile_9093a21c86/5.jpg"", ""/content/drive/MyDrive/olx_mobile_dataset/images/mobile_9093a21c86/6.jpg"", ""/content/drive/MyDrive/olx_mobile_dataset/images/mobile_9093a21c86/7.jpg"", ""/content/drive/MyDrive/olx_mobile_dataset/images/mobile_9093a21c86/8.jpg"", ""/content/drive/MyDrive/olx_mobile_dataset/images/mobile_9093a21c86/9.jpg"", ""/content/drive/MyDrive/olx_mobile_dataset/images/mobile_9093a21c86/10.jpg"", ""/content/drive/MyDrive/olx_mobile_dataset/images/mobile_9093a21c86/11.jpg"", ""/content/drive/MyDrive/olx_mobile_dataset/images/mobile_9093a21c86/12.jpg"", ""/content/drive/MyDrive/olx_mobile_dataset/images/mobile_9093a21c86/13.jpg"", ""/content/drive/MyDrive/olx_mobile_dataset/images/mobile_9093a21c86/14.jpg"", ""/content/drive/MyDrive/olx_mobile_dataset/images/mobile_9093a21c86/15.jpg"", ""/content/drive/MyDrive/olx_mobile_dataset/images/mobile_9093a21c86/16.jpg"", ""/content/drive/MyDrive/olx_mobile_dataset/images/mobile_9093a21c86/17.jpg"", ""/content/drive/MyDrive/olx_mobile_dataset/images/mobile_9093a21c86/18.jpg"", ""/content/drive/MyDrive/olx_mobile_dataset/images/mobile_9093a21c86/19.jpg"", ""/content/drive/MyDrive/olx_mobile_dataset/images/mobile_9093a21c86/20.jpg"", ""/content/drive/MyDrive/olx_mobile_dataset/images/mobile_9093a21c86/21.jpg"", ""/content/drive/MyDrive/olx_mobile_dataset/images/mobile_9093a21c86/22.jpg"", ""/content/drive/MyDrive/olx_mobile_dataset/images/mobile_9093a21c86/23.jpg"", ""/content/drive/MyDrive/olx_mobile_dataset/images/mobile_9093a21c86/24.jpg"", ""/content/drive/MyDrive/olx_mobile_dataset/images/mobile_9093a21c86/25.jpg"", ""/content/drive/MyDrive/olx_mobile_dataset/images/mobile_9093a21c86/26.jpg""]",26,2026-01-13 06:14:07.810881
mobile_e00cc701f7,https://www.olx.in/item/mobile-phones-c1453-used-samsung-in-harikunj-dehradun-iid-1831185452,Used Samsung galaxy S24 ultra titanium grey emi available,"12gb ram 256gb rom , all colours and models are there - Mobile Phones in Harikunj, Dehradun",26000,"[""/content/drive/MyDrive/olx_mobile_dataset/images/mobile_e00cc701f7/1.jpg"", ""/content/drive/MyDrive/olx_mobile_dataset/images/mobile_e00cc701f7/2.jpg"", ""/content/drive/MyDrive/olx_mobile_dataset/images/mobile_e00cc701f7/3.jpg"", ""/content/drive/MyDrive/olx_mobile_dataset/images/mobile_e00cc701f7/4.jpg"", ""/content/drive/MyDrive/olx_mobile_dataset/images/mobile_e00cc701f7/5.jpg"", ""/content/drive/MyDrive/olx_mobile_dataset/images/mobile_e00cc701f7/6.jpg"", ""/content/drive/MyDrive/olx_mobile_dataset/images/mobile_e00cc701f7/7.jpg"", ""/content/drive/MyDrive/olx_mobile_dataset/images/mobile_e00cc701f7/8.jpg"", ""/content/drive/MyDrive/olx_mobile_dataset/images/mobile_e00cc701f7/9.jpg"", ""/content/drive/MyDrive/olx_mobile_dataset/images/mobile_e00cc701f7/10.jpg"", ""/content/drive/MyDrive/olx_mobile_dataset/images/mobile_e00cc701f7/11.jpg"", ""/content/drive/MyDrive/olx_mobile_dataset/images/mobile_e00cc701f7/12.jpg"", ""/content/drive/MyDrive/olx_mobile_dataset/images/mobile_e00cc701f7/13.jpg"", ""/content/drive/MyDrive/olx_mobile_dataset/images/mobile_e00cc701f7/14.jpg"", ""/content/drive/MyDrive/olx_mobile_dataset/images/mobile_e00cc701f7/15.jpg"", ""/content/drive/MyDrive/olx_mobile_dataset/images/mobile_e00cc701f7/16.jpg"", ""/content/drive/MyDrive/olx_mobile_dataset/images/mobile_e00cc701f7/17.jpg"", ""/content/drive/MyDrive/olx_mobile_dataset/images/mobile_e00cc701f7/18.jpg"", ""/content/drive/MyDrive/olx_mobile_dataset/images/mobile_e00cc701f7/19.jpg"", ""/content/drive/MyDrive/olx_mobile_dataset/images/mobile_e00cc701f7/20.jpg"", ""/content/drive/MyDrive/olx_mobile_dataset/images/mobile_e00cc701f7/21.jpg"", ""/content/drive/MyDrive/olx_mobile_dataset/images/mobile_e00cc701f7/22.jpg"", ""/content/drive/MyDrive/olx_mobile_dataset/images/mobile_e00cc701f7/23.jpg"", ""/content/drive/MyDrive/olx_mobile_dataset/images/mobile_e00cc701f7/24.jpg"", ""/content/drive/MyDrive/olx_mobile_dataset/images/mobile_e00cc701f7/25.jpg"", ""/content/drive/MyDrive/olx_mobile_dataset/images/mobile_e00cc701f7/26.jpg""]",26,2026-01-13 06:14:27.655205
mobile_d49d6e02cd,https://www.olx.in/item/mobile-phones-c1453-used-iphone-in-hazaribagh-jharkhand-iid-1829656747,iphone 12 (blue color),"The phone is in mint condition Only for serious buyers - Mobile Phones in Nawabganj, Hazaribagh",19999,"[""/content/drive/MyDrive/olx_mobile_dataset/images/mobile_d49d6e02cd/1.jpg"", ""/content/drive/MyDrive/olx_mobile_dataset/images/mobile_d49d6e02cd/2.jpg"", ""/content/drive/MyDrive/olx_mobile_dataset/images/mobile_d49d6e02cd/3.jpg"", ""/content/drive/MyDrive/olx_mobile_dataset/images/mobile_d49d6e02cd/4.jpg"", ""/content/drive/MyDrive/olx_mobile_dataset/images/mobile_d49d6e02cd/5.jpg"", ""/content/drive/MyDrive/olx_mobile_dataset/images/mobile_d49d6e02cd/6.jpg"", ""/content/drive/MyDrive/olx_mobile_dataset/images/mobile_d49d6e02cd/7.jpg"", ""/content/drive/MyDrive/olx_mobile_dataset/images/mobile_d49d6e02cd/8.jpg"", ""/content/drive/MyDrive/olx_mobile_dataset/images/mobile_d49d6e02cd/9.jpg"", ""/content/drive/MyDrive/olx_mobile_dataset/images/mobile_d49d6e02cd/10.jpg"", ""/content/drive/MyDrive/olx_mobile_dataset/images/mobile_d49d6e02cd/11.jpg"", ""/content/drive/MyDrive/olx_mobile_dataset/images/mobile_d49d6e02cd/12.jpg"", ""/content/drive/MyDrive/olx_mobile_dataset/images/mobile_d49d6e02cd/13.jpg"", ""/content/drive/MyDrive/olx_mobile_dataset/images/mobile_d49d6e02cd/14.jpg"", ""/content/drive/MyDrive/olx_mobile_dataset/images/mobile_d49d6e02cd/15.jpg"", ""/content/drive/MyDrive/olx_mobile_dataset/images/mobile_d49d6e02cd/16.jpg"", ""/content/drive/MyDrive/olx_mobile_dataset/images/mobile_d49d6e02cd/17.jpg"", ""/content/drive/MyDrive/olx_mobile_dataset/images/mobile_d49d6e02cd/18.jpg"", ""/content/drive/MyDrive/olx_mobile_dataset/images/mobile_d49d6e02cd/19.jpg"", ""/content/drive/MyDrive/olx_mobile_dataset/images/mobile_d49d6e02cd/20.jpg"", ""/content/drive/MyDrive/olx_mobile_dataset/images/mobile_d49d6e02cd/21.jpg"", ""/content/drive/MyDrive/olx_mobile_dataset/images/mobile_d49d6e02cd/22.jpg"", ""/content/drive/MyDrive/olx_mobile_dataset/images/mobile_d49d6e02cd/23.jpg"", ""/content/drive/MyDrive/olx_mobile_dataset/images/mobile_d49d6e02cd/24.jpg"", ""/content/drive/MyDrive/olx_mobile_dataset/images/mobile_d49d6e02cd/25.jpg"", ""/content/drive/MyDrive/olx_mobile_dataset/images/mobile_d49d6e02cd/26.jpg""]",26,2026-01-13 06:14:40.178076
mobile_b9f352981d,https://www.olx.in/item/mobile-phones-c1453-used-mi-in-adikmet-hyderabad-iid-1831946899,Redmi a3x neat and exallent condition 4+128gb,"Redmi a3x neat and exallent condition 4+128gb only phn available 4g phone - Mobile Phones in Adikmet, Hyderabad",5800,"[""/content/drive/MyDrive/olx_mobile_dataset/images/mobile_b9f352981d/1.jpg"", ""/content/drive/MyDrive/olx_mobile_dataset/images/mobile_b9f352981d/2.jpg"", ""/content/drive/MyDrive/olx_mobile_dataset/images/mobile_b9f352981d/3.jpg"", ""/content/drive/MyDrive/olx_mobile_dataset/images/mobile_b9f352981d/4.jpg"", ""/content/drive/MyDrive/olx_mobile_dataset/images/mobile_b9f352981d/5.jpg"", ""/content/drive/MyDrive/olx_mobile_dataset/images/mobile_b9f352981d/6.jpg"", ""/content/drive/MyDrive/olx_mobile_dataset/images/mobile_b9f352981d/7.jpg"", ""/content/drive/MyDrive/olx_mobile_dataset/images/mobile_b9f352981d/8.jpg"", ""/content/drive/MyDrive/olx_mobile_dataset/images/mobile_b9f352981d/9.jpg"", ""/content/drive/MyDrive/olx_mobile_dataset/images/mobile_b9f352981d/10.jpg"", ""/content/drive/MyDrive/olx_mobile_dataset/images/mobile_b9f352981d/11.jpg"", ""/content/drive/MyDrive/olx_mobile_dataset/images/mobile_b9f352981d/12.jpg"", ""/content/drive/MyDrive/olx_mobile_dataset/images/mobile_b9f352981d/13.jpg"", ""/content/drive/MyDrive/olx_mobile_dataset/images/mobile_b9f352981d/14.jpg"", ""/content/drive/MyDrive/olx_mobile_dataset/images/mobile_b9f352981d/15.jpg"", ""/content/drive/MyDrive/olx_mobile_dataset/images/mobile_b9f352981d/16.jpg"", ""/content/drive/MyDrive/olx_mobile_dataset/images/mobile_b9f352981d/17.jpg"", ""/content/drive/MyDrive/olx_mobile_dataset/images/mobile_b9f352981d/18.jpg"", ""/content/drive/MyDrive/olx_mobile_dataset/images/mobile_b9f352981d/19.jpg"", ""/content/drive/MyDrive/olx_mobile_dataset/images/mobile_b9f352981d/20.jpg"", ""/content/drive/MyDrive/olx_mobile_dataset/images/mobile_b9f352981d/21.jpg"", ""/content/drive/MyDrive/olx_mobile_dataset/images/mobile_b9f352981d/22.jpg"", ""/content/drive/MyDrive/olx_mobile_dataset/images/mobile_b9f352981d/23.jpg"", ""/content/drive/MyDrive/olx_mobile_dataset/images/mobile_b9f352981d/24.jpg"", ""/content/drive/MyDrive/olx_mobile_dataset/images/mobile_b9f352981d/25.jpg"", ""/content/drive/MyDrive/olx_mobile_dataset/images/mobile_b9f352981d/26.jpg""]",26,2026-01-13 06:14:50.603432
mobile_1926e4108a,https://www.olx.in/item/mobile-phones-c1453-used-samsung-in-sector-27-gandhinagar-iid-1831185395,Used Samsung galaxy S24 ultra titanium grey emi available,"12gb ram 256gb rom , all colours and models are there - Mobile Phones in Sector 27, Gandhinagar",25500,"[""/content/drive/MyDrive/olx_mobile_dataset/images/mobile_1926e4108a/1.jpg"", ""/content/drive/MyDrive/olx_mobile_dataset/images/mobile_1926e4108a/2.jpg"", ""/content/drive/MyDrive/olx_mobile_dataset/images/mobile_1926e4108a/3.jpg"", ""/content/drive/MyDrive/olx_mobile_dataset/images/mobile_1926e4108a/4.jpg"", ""/content/drive/MyDrive/olx_mobile_dataset/images/mobile_1926e4108a/5.jpg"", ""/content/drive/MyDrive/olx_mobile_dataset/images/mobile_1926e4108a/6.jpg"", ""/content/drive/MyDrive/olx_mobile_dataset/images/mobile_1926e4108a/7.jpg"", ""/content/drive/MyDrive/olx_mobile_dataset/images/mobile_1926e4108a/8.jpg"", ""/content/drive/MyDrive/olx_mobile_dataset/images/mobile_1926e4108a/9.jpg"", ""/content/drive/MyDrive/olx_mobile_dataset/images/mobile_1926e4108a/10.jpg"", ""/content/drive/MyDrive/olx_mobile_dataset/images/mobile_1926e4108a/11.jpg"", ""/content/drive/MyDrive/olx_mobile_dataset/images/mobile_1926e4108a/12.jpg"", ""/content/drive/MyDrive/olx_mobile_dataset/images/mobile_1926e4108a/13.jpg"", ""/content/drive/MyDrive/olx_mobile_dataset/images/mobile_1926e4108a/14.jpg"", ""/content/drive/MyDrive/olx_mobile_dataset/images/mobile_1926e4108a/15.jpg"", ""/content/drive/MyDrive/olx_mobile_dataset/images/mobile_1926e4108a/16.jpg"", ""/content/drive/MyDrive/olx_mobile_dataset/images/mobile_1926e4108a/17.jpg"", ""/content/drive/MyDrive/olx_mobile_dataset/images/mobile_1926e4108a/18.jpg"", ""/content/drive/MyDrive/olx_mobile_dataset/images/mobile_1926e4108a/19.jpg"", ""/content/drive/MyDrive/olx_mobile_dataset/images/mobile_1926e4108a/20.jpg"", ""/content/drive/MyDrive/olx_mobile_dataset/images/mobile_1926e4108a/21.jpg"", ""/content/drive/MyDrive/olx_mobile_dataset/images/mobile_1926e4108a/22.jpg"", ""/content/drive/MyDrive/olx_mobile_dataset/images/mobile_1926e4108a/23.jpg"", ""/content/drive/MyDrive/olx_mobile_dataset/images/mobile_1926e4108a/24.jpg"", ""/content/drive/MyDrive/olx_mobile_dataset/images/mobile_1926e4108a/25.jpg"", ""/content/drive/MyDrive/olx_mobile_dataset/images/mobile_1926e4108a/26.jpg""]",26,2026-01-13 06:15:02.725002
mobile_07aec129c2,https://www.olx.in/item/mobile-phones-c1453-used-iphone-in-jajmau-industrial-area-kanpur-kanpur-iid-1831946873,15 pro max 256gb,"I am selling my new Iphone 15pro max 256gb,,just like new excellent condition,,battery health 84%,bill and cable available,, - Mobile Phones in Jajmau Industrial Area Kanpur, Kanpur",77000,"[""/content/drive/MyDrive/olx_mobile_dataset/images/mobile_07aec129c2/1.jpg"", ""/content/drive/MyDrive/olx_mobile_dataset/images/mobile_07aec129c2/2.jpg"", ""/content/drive/MyDrive/olx_mobile_dataset/images/mobile_07aec129c2/3.jpg"", ""/content/drive/MyDrive/olx_mobile_dataset/images/mobile_07aec129c2/4.jpg"", ""/content/drive/MyDrive/olx_mobile_dataset/images/mobile_07aec129c2/5.jpg"", ""/content/drive/MyDrive/olx_mobile_dataset/images/mobile_07aec129c2/6.jpg"", ""/content/drive/MyDrive/olx_mobile_dataset/images/mobile_07aec129c2/7.jpg"", ""/content/drive/MyDrive/olx_mobile_dataset/images/mobile_07aec129c2/8.jpg"", ""/content/drive/MyDrive/olx_mobile_dataset/images/mobile_07aec129c2/9.jpg"", ""/content/drive/MyDrive/olx_mobile_dataset/images/mobile_07aec129c2/10.jpg"", ""/content/drive/MyDrive/olx_mobile_dataset/images/mobile_07aec129c2/11.jpg"", ""/content/drive/MyDrive/olx_mobile_dataset/images/mobile_07aec129c2/12.jpg"", ""/content/drive/MyDrive/olx_mobile_dataset/images/mobile_07aec129c2/13.jpg"", ""/content/drive/MyDrive/olx_mobile_dataset/images/mobile_07aec129c2/14.jpg"", ""/content/drive/MyDrive/olx_mobile_dataset/images/mobile_07aec129c2/15.jpg"", ""/content/drive/MyDrive/olx_mobile_dataset/images/mobile_07aec129c2/16.jpg"", ""/content/drive/MyDrive/olx_mobile_dataset/images/mobile_07aec129c2/17.jpg"", ""/content/drive/MyDrive/olx_mobile_dataset/images/mobile_07aec129c2/18.jpg"", ""/content/drive/MyDrive/olx_mobile_dataset/images/mobile_07aec129c2/19.jpg"", ""/content/drive/MyDrive/olx_mobile_dataset/images/mobile_07aec129c2/20.jpg"", ""/content/drive/MyDrive/olx_mobile_dataset/images/mobile_07aec129c2/21.jpg"", ""/content/drive/MyDrive/olx_mobile_dataset/images/mobile_07aec129c2/22.jpg"", ""/content/drive/MyDrive/olx_mobile_dataset/images/mobile_07aec129c2/23.jpg"", ""/content/drive/MyDrive/olx_mobile_dataset/images/mobile_07aec129c2/24.jpg"", ""/content/drive/MyDrive/olx_mobile_dataset/images/mobile_07aec129c2/25.jpg"", ""/content/drive/MyDrive/olx_mobile_dataset/images/mobile_07aec129c2/26.jpg""]",26,2026-01-13 06:15:12.150522
mobile_a3b2348b2e,https://www.olx.in/item/mobile-phones-c1453-used-samsung-in-gadarwara-raghogarh-iid-1830405554,Samsung galasy note 20 ultra 5g,"Selll by phone - Mobile Phones in Gadarwara, Raghogarh",20500,"[""/content/drive/MyDrive/olx_mobile_dataset/images/mobile_a3b2348b2e/1.jpg"", ""/content/drive/MyDrive/olx_mobile_dataset/images/mobile_a3b2348b2e/2.jpg"", ""/content/drive/MyDrive/olx_mobile_dataset/images/mobile_a3b2348b2e/3.jpg"", ""/content/drive/MyDrive/olx_mobile_dataset/images/mobile_a3b2348b2e/4.jpg"", ""/content/drive/MyDrive/olx_mobile_dataset/images/mobile_a3b2348b2e/5.jpg"", ""/content/drive/MyDrive/olx_mobile_dataset/images/mobile_a3b2348b2e/6.jpg"", ""/content/drive/MyDrive/olx_mobile_dataset/images/mobile_a3b2348b2e/7.jpg"", ""/content/drive/MyDrive/olx_mobile_dataset/images/mobile_a3b2348b2e/8.jpg"", ""/content/drive/MyDrive/olx_mobile_dataset/images/mobile_a3b2348b2e/9.jpg"", ""/content/drive/MyDrive/olx_mobile_dataset/images/mobile_a3b2348b2e/10.jpg"", ""/content/drive/MyDrive/olx_mobile_dataset/images/mobile_a3b2348b2e/11.jpg"", ""/content/drive/MyDrive/olx_mobile_dataset/images/mobile_a3b2348b2e/12.jpg"", ""/content/drive/MyDrive/olx_mobile_dataset/images/mobile_a3b2348b2e/13.jpg"", ""/content/drive/MyDrive/olx_mobile_dataset/images/mobile_a3b2348b2e/14.jpg"", ""/content/drive/MyDrive/olx_mobile_dataset/images/mobile_a3b2348b2e/15.jpg"", ""/content/drive/MyDrive/olx_mobile_dataset/images/mobile_a3b2348b2e/16.jpg"", ""/content/drive/MyDrive/olx_mobile_dataset/images/mobile_a3b2348b2e/17.jpg"", ""/content/drive/MyDrive/olx_mobile_dataset/images/mobile_a3b2348b2e/18.jpg"", ""/content/drive/MyDrive/olx_mobile_dataset/images/mobile_a3b2348b2e/19.jpg"", ""/content/drive/MyDrive/olx_mobile_dataset/images/mobile_a3b2348b2e/20.jpg"", ""/content/drive/MyDrive/olx_mobile_dataset/images/mobile_a3b2348b2e/21.jpg"", ""/content/drive/MyDrive/olx_mobile_dataset/images/mobile_a3b2348b2e/22.jpg"", ""/content/drive/MyDrive/olx_mobile_dataset/images/mobile_a3b2348b2e/23.jpg"", ""/content/drive/MyDrive/olx_mobile_dataset/images/mobile_a3b2348b2e/24.jpg"", ""/content/drive/MyDrive/olx_mobile_dataset/images/mobile_a3b2348b2e/25.jpg"", ""/content/drive/MyDrive/olx_mobile_dataset/images/mobile_a3b2348b2e/26.jpg""]",26,2026-01-13 06:15:23.018532
mobile_34db752cad,https://www.olx.in/item/mobile-phones-c1453-used-iphone-in-bank-more-dhanbad-iid-1831946949,iPhone 15 pro,"iPhone 15 pro 88 battery health new condition bol box cable - Mobile Phones in Bank More, Dhanbad",75000,"[""/content/drive/MyDrive/olx_mobile_dataset/images/mobile_34db752cad/1.jpg"", ""/content/drive/MyDrive/olx_mobile_dataset/images/mobile_34db752cad/2.jpg"", ""/content/drive/MyDrive/olx_mobile_dataset/images/mobile_34db752cad/3.jpg"", ""/content/drive/MyDrive/olx_mobile_dataset/images/mobile_34db752cad/4.jpg"", ""/content/drive/MyDrive/olx_mobile_dataset/images/mobile_34db752cad/5.jpg"", ""/content/drive/MyDrive/olx_mobile_dataset/images/mobile_34db752cad/6.jpg"", ""/content/drive/MyDrive/olx_mobile_dataset/images/mobile_34db752cad/7.jpg"", ""/content/drive/MyDrive/olx_mobile_dataset/images/mobile_34db752cad/8.jpg"", ""/content/drive/MyDrive/olx_mobile_dataset/images/mobile_34db752cad/9.jpg"", ""/content/drive/MyDrive/olx_mobile_dataset/images/mobile_34db752cad/10.jpg"", ""/content/drive/MyDrive/olx_mobile_dataset/images/mobile_34db752cad/11.jpg"", ""/content/drive/MyDrive/olx_mobile_dataset/images/mobile_34db752cad/12.jpg"", ""/content/drive/MyDrive/olx_mobile_dataset/images/mobile_34db752cad/13.jpg"", ""/content/drive/MyDrive/olx_mobile_dataset/images/mobile_34db752cad/14.jpg"", ""/content/drive/MyDrive/olx_mobile_dataset/images/mobile_34db752cad/15.jpg"", ""/content/drive/MyDrive/olx_mobile_dataset/images/mobile_34db752cad/16.jpg"", ""/content/drive/MyDrive/olx_mobile_dataset/images/mobile_34db752cad/17.jpg"", ""/content/drive/MyDrive/olx_mobile_dataset/images/mobile_34db752cad/18.jpg"", ""/content/drive/MyDrive/olx_mobile_dataset/images/mobile_34db752cad/19.jpg"", ""/content/drive/MyDrive/olx_mobile_dataset/images/mobile_34db752cad/20.jpg"", ""/content/drive/MyDrive/olx_mobile_dataset/images/mobile_34db752cad/21.jpg"", ""/content/drive/MyDrive/olx_mobile_dataset/images/mobile_34db752cad/22.jpg"", ""/content/drive/MyDrive/olx_mobile_dataset/images/mobile_34db752cad/23.jpg"", ""/content/drive/MyDrive/olx_mobile_dataset/images/mobile_34db752cad/24.jpg"", ""/content/drive/MyDrive/olx_mobile_dataset/images/mobile_34db752cad/25.jpg"", ""/content/drive/MyDrive/olx_mobile_dataset/images/mobile_34db752cad/26.jpg""]",26,2026-01-13 06:15:34.100367
mobile_ab9506fccb,https://www.olx.in/item/mobile-phones-c1453-used-samsung-in-bidhannagar-kolkata-iid-1831185079,Used Samsung galaxy S24 ultra titanium grey emi available,"12gb ram 256gb rom , all colours and models are there - Mobile Phones in Bidhannagar, Kolkata",25500,"[""/content/drive/MyDrive/olx_mobile_dataset/images/mobile_ab9506fccb/1.jpg"", ""/content/drive/MyDrive/olx_mobile_dataset/images/mobile_ab9506fccb/2.jpg"", ""/content/drive/MyDrive/olx_mobile_dataset/images/mobile_ab9506fccb/3.jpg"", ""/content/drive/MyDrive/olx_mobile_dataset/images/mobile_ab9506fccb/4.jpg"", ""/content/drive/MyDrive/olx_mobile_dataset/images/mobile_ab9506fccb/5.jpg"", ""/content/drive/MyDrive/olx_mobile_dataset/images/mobile_ab9506fccb/6.jpg"", ""/content/drive/MyDrive/olx_mobile_dataset/images/mobile_ab9506fccb/7.jpg"", ""/content/drive/MyDrive/olx_mobile_dataset/images/mobile_ab9506fccb/8.jpg"", ""/content/drive/MyDrive/olx_mobile_dataset/images/mobile_ab9506fccb/9.jpg"", ""/content/drive/MyDrive/olx_mobile_dataset/images/mobile_ab9506fccb/10.jpg"", ""/content/drive/MyDrive/olx_mobile_dataset/images/mobile_ab9506fccb/11.jpg"", ""/content/drive/MyDrive/olx_mobile_dataset/images/mobile_ab9506fccb/12.jpg"", ""/content/drive/MyDrive/olx_mobile_dataset/images/mobile_ab9506fccb/13.jpg"", ""/content/drive/MyDrive/olx_mobile_dataset/images/mobile_ab9506fccb/14.jpg"", ""/content/drive/MyDrive/olx_mobile_dataset/images/mobile_ab9506fccb/15.jpg"", ""/content/drive/MyDrive/olx_mobile_dataset/images/mobile_ab9506fccb/16.jpg"", ""/content/drive/MyDrive/olx_mobile_dataset/images/mobile_ab9506fccb/17.jpg"", ""/content/drive/MyDrive/olx_mobile_dataset/images/mobile_ab9506fccb/18.jpg"", ""/content/drive/MyDrive/olx_mobile_dataset/images/mobile_ab9506fccb/19.jpg"", ""/content/drive/MyDrive/olx_mobile_dataset/images/mobile_ab9506fccb/20.jpg"", ""/content/drive/MyDrive/olx_mobile_dataset/images/mobile_ab9506fccb/21.jpg"", ""/content/drive/MyDrive/olx_mobile_dataset/images/mobile_ab9506fccb/22.jpg"", ""/content/drive/MyDrive/olx_mobile_dataset/images/mobile_ab9506fccb/23.jpg"", ""/content/drive/MyDrive/olx_mobile_dataset/images/mobile_ab9506fccb/24.jpg"", ""/content/drive/MyDrive/olx_mobile_dataset/images/mobile_ab9506fccb/25.jpg"", ""/content/drive/MyDrive/olx_mobile_dataset/images/mobile_ab9506fccb/26.jpg""]",26,2026-01-13 06:15:47.522428
mobile_dddf33077b,https://www.olx.in/item/mobile-phones-c1453-used-samsung-in-ashapure-colony-patna-iid-1830697642,Samsung Galaxy S24 ultra 2 month old,"Samsung Galaxy S24 ultra 256 GB - Mobile Phones in Ashapure Colony, Patna",80000,"[""/content/drive/MyDrive/olx_mobile_dataset/images/mobile_dddf33077b/1.jpg"", ""/content/drive/MyDrive/olx_mobile_dataset/images/mobile_dddf33077b/2.jpg"", ""/content/drive/MyDrive/olx_mobile_dataset/images/mobile_dddf33077b/3.jpg"", ""/content/drive/MyDrive/olx_mobile_dataset/images/mobile_dddf33077b/4.jpg"", ""/content/drive/MyDrive/olx_mobile_dataset/images/mobile_dddf33077b/5.jpg"", ""/content/drive/MyDrive/olx_mobile_dataset/images/mobile_dddf33077b/6.jpg"", ""/content/drive/MyDrive/olx_mobile_dataset/images/mobile_dddf33077b/7.jpg"", ""/content/drive/MyDrive/olx_mobile_dataset/images/mobile_dddf33077b/8.jpg"", ""/content/drive/MyDrive/olx_mobile_dataset/images/mobile_dddf33077b/9.jpg"", ""/content/drive/MyDrive/olx_mobile_dataset/images/mobile_dddf33077b/10.jpg"", ""/content/drive/MyDrive/olx_mobile_dataset/images/mobile_dddf33077b/11.jpg"", ""/content/drive/MyDrive/olx_mobile_dataset/images/mobile_dddf33077b/12.jpg"", ""/content/drive/MyDrive/olx_mobile_dataset/images/mobile_dddf33077b/13.jpg"", ""/content/drive/MyDrive/olx_mobile_dataset/images/mobile_dddf33077b/14.jpg"", ""/content/drive/MyDrive/olx_mobile_dataset/images/mobile_dddf33077b/15.jpg"", ""/content/drive/MyDrive/olx_mobile_dataset/images/mobile_dddf33077b/16.jpg"", ""/content/drive/MyDrive/olx_mobile_dataset/images/mobile_dddf33077b/17.jpg"", ""/content/drive/MyDrive/olx_mobile_dataset/images/mobile_dddf33077b/18.jpg"", ""/content/drive/MyDrive/olx_mobile_dataset/images/mobile_dddf33077b/19.jpg"", ""/content/drive/MyDrive/olx_mobile_dataset/images/mobile_dddf33077b/20.jpg"", ""/content/drive/MyDrive/olx_mobile_dataset/images/mobile_dddf33077b/21.jpg"", ""/content/drive/MyDrive/olx_mobile_dataset/images/mobile_dddf33077b/22.jpg"", ""/content/drive/MyDrive/olx_mobile_dataset/images/mobile_dddf33077b/23.jpg"", ""/content/drive/MyDrive/olx_mobile_dataset/images/mobile_dddf33077b/24.jpg"", ""/content/drive/MyDrive/olx_mobile_dataset/images/mobile_dddf33077b/25.jpg"", ""/content/drive/MyDrive/olx_mobile_dataset/images/mobile_dddf33077b/26.jpg""]",26,2026-01-13 06:15:57.548206
mobile_77a25a181b,https://www.olx.in/item/mobile-phones-c1453-used-realme-in-bhatta-bazar-purnia-iid-1831946664,Realme 12 Pro,"8Gb ram 256Gb Internal memory Best condition - Mobile Phones in Bhatta Bazar, Purnia",16999,"[""/content/drive/MyDrive/olx_mobile_dataset/images/mobile_77a25a181b/1.jpg"", ""/content/drive/MyDrive/olx_mobile_dataset/images/mobile_77a25a181b/2.jpg"", ""/content/drive/MyDrive/olx_mobile_dataset/images/mobile_77a25a181b/3.jpg"", ""/content/drive/MyDrive/olx_mobile_dataset/images/mobile_77a25a181b/4.jpg"", ""/content/drive/MyDrive/olx_mobile_dataset/images/mobile_77a25a181b/5.jpg"", ""/content/drive/MyDrive/olx_mobile_dataset/images/mobile_77a25a181b/6.jpg"", ""/content/drive/MyDrive/olx_mobile_dataset/images/mobile_77a25a181b/7.jpg"", ""/content/drive/MyDrive/olx_mobile_dataset/images/mobile_77a25a181b/8.jpg"", ""/content/drive/MyDrive/olx_mobile_dataset/images/mobile_77a25a181b/9.jpg"", ""/content/drive/MyDrive/olx_mobile_dataset/images/mobile_77a25a181b/10.jpg"", ""/content/drive/MyDrive/olx_mobile_dataset/images/mobile_77a25a181b/11.jpg"", ""/content/drive/MyDrive/olx_mobile_dataset/images/mobile_77a25a181b/12.jpg"", ""/content/drive/MyDrive/olx_mobile_dataset/images/mobile_77a25a181b/13.jpg"", ""/content/drive/MyDrive/olx_mobile_dataset/images/mobile_77a25a181b/14.jpg"", ""/content/drive/MyDrive/olx_mobile_dataset/images/mobile_77a25a181b/15.jpg"", ""/content/drive/MyDrive/olx_mobile_dataset/images/mobile_77a25a181b/16.jpg"", ""/content/drive/MyDrive/olx_mobile_dataset/images/mobile_77a25a181b/17.jpg"", ""/content/drive/MyDrive/olx_mobile_dataset/images/mobile_77a25a181b/18.jpg"", ""/content/drive/MyDrive/olx_mobile_dataset/images/mobile_77a25a181b/19.jpg"", ""/content/drive/MyDrive/olx_mobile_dataset/images/mobile_77a25a181b/20.jpg"", ""/content/drive/MyDrive/olx_mobile_dataset/images/mobile_77a25a181b/21.jpg"", ""/content/drive/MyDrive/olx_mobile_dataset/images/mobile_77a25a181b/22.jpg"", ""/content/drive/MyDrive/olx_mobile_dataset/images/mobile_77a25a181b/23.jpg"", ""/content/drive/MyDrive/olx_mobile_dataset/images/mobile_77a25a181b/24.jpg"", ""/content/drive/MyDrive/olx_mobile_dataset/images/mobile_77a25a181b/25.jpg"", ""/content/drive/MyDrive/olx_mobile_dataset/images/mobile_77a25a181b/26.jpg""]",26,2026-01-13 06:16:14.523618
mobile_875c7d1d46,https://www.olx.in/item/mobile-phones-c1453-used-iphone-in-uttam-nagar-delhi-iid-1830290403,Totally Unused iPad 11th Gen 128 Wifi May Warranty,"Bill Box Charger Availabile Unused Condition Same Like New May 2026 Warranty - Mobile Phones in Uttam Nagar, Delhi",26500,"[""/content/drive/MyDrive/olx_mobile_dataset/images/mobile_875c7d1d46/1.jpg"", ""/content/drive/MyDrive/olx_mobile_dataset/images/mobile_875c7d1d46/2.jpg"", ""/content/drive/MyDrive/olx_mobile_dataset/images/mobile_875c7d1d46/3.jpg"", ""/content/drive/MyDrive/olx_mobile_dataset/images/mobile_875c7d1d46/4.jpg"", ""/content/drive/MyDrive/olx_mobile_dataset/images/mobile_875c7d1d46/5.jpg"", ""/content/drive/MyDrive/olx_mobile_dataset/images/mobile_875c7d1d46/6.jpg"", ""/content/drive/MyDrive/olx_mobile_dataset/images/mobile_875c7d1d46/7.jpg"", ""/content/drive/MyDrive/olx_mobile_dataset/images/mobile_875c7d1d46/8.jpg"", ""/content/drive/MyDrive/olx_mobile_dataset/images/mobile_875c7d1d46/9.jpg"", ""/content/drive/MyDrive/olx_mobile_dataset/images/mobile_875c7d1d46/10.jpg"", ""/content/drive/MyDrive/olx_mobile_dataset/images/mobile_875c7d1d46/11.jpg"", ""/content/drive/MyDrive/olx_mobile_dataset/images/mobile_875c7d1d46/12.jpg"", ""/content/drive/MyDrive/olx_mobile_dataset/images/mobile_875c7d1d46/13.jpg"", ""/content/drive/MyDrive/olx_mobile_dataset/images/mobile_875c7d1d46/14.jpg"", ""/content/drive/MyDrive/olx_mobile_dataset/images/mobile_875c7d1d46/15.jpg"", ""/content/drive/MyDrive/olx_mobile_dataset/images/mobile_875c7d1d46/16.jpg"", ""/content/drive/MyDrive/olx_mobile_dataset/images/mobile_875c7d1d46/17.jpg"", ""/content/drive/MyDrive/olx_mobile_dataset/images/mobile_875c7d1d46/18.jpg"", ""/content/drive/MyDrive/olx_mobile_dataset/images/mobile_875c7d1d46/19.jpg"", ""/content/drive/MyDrive/olx_mobile_dataset/images/mobile_875c7d1d46/20.jpg"", ""/content/drive/MyDrive/olx_mobile_dataset/images/mobile_875c7d1d46/21.jpg"", ""/content/drive/MyDrive/olx_mobile_dataset/images/mobile_875c7d1d46/22.jpg"", ""/content/drive/MyDrive/olx_mobile_dataset/images/mobile_875c7d1d46/23.jpg"", ""/content/drive/MyDrive/olx_mobile_dataset/images/mobile_875c7d1d46/24.jpg"", ""/content/drive/MyDrive/olx_mobile_dataset/images/mobile_875c7d1d46/25.jpg"", ""/content/drive/MyDrive/olx_mobile_dataset/images/mobile_875c7d1d46/26.jpg""]",26,2026-01-13 06:16:26.536420
mobile_538f3ce71b,https://www.olx.in/item/mobile-phones-c1453-used-iphone-in-sarita-vihar-delhi-iid-1824867910,Iphone xr 128GB,"phone puraa ok hai laddy use phone hai display crack hogyi bas probably full working all okay all orginal red color exchange karlunga little back crack little back crack - Mobile Phones in Sarita Vihar, Delhi",15000,"[""/content/drive/MyDrive/olx_mobile_dataset/images/mobile_538f3ce71b/1.jpg"", ""/content/drive/MyDrive/olx_mobile_dataset/images/mobile_538f3ce71b/2.jpg"", ""/content/drive/MyDrive/olx_mobile_dataset/images/mobile_538f3ce71b/3.jpg"", ""/content/drive/MyDrive/olx_mobile_dataset/images/mobile_538f3ce71b/4.jpg"", ""/content/drive/MyDrive/olx_mobile_dataset/images/mobile_538f3ce71b/5.jpg"", ""/content/drive/MyDrive/olx_mobile_dataset/images/mobile_538f3ce71b/6.jpg"", ""/content/drive/MyDrive/olx_mobile_dataset/images/mobile_538f3ce71b/7.jpg"", ""/content/drive/MyDrive/olx_mobile_dataset/images/mobile_538f3ce71b/8.jpg"", ""/content/drive/MyDrive/olx_mobile_dataset/images/mobile_538f3ce71b/9.jpg"", ""/content/drive/MyDrive/olx_mobile_dataset/images/mobile_538f3ce71b/10.jpg"", ""/content/drive/MyDrive/olx_mobile_dataset/images/mobile_538f3ce71b/11.jpg"", ""/content/drive/MyDrive/olx_mobile_dataset/images/mobile_538f3ce71b/12.jpg"", ""/content/drive/MyDrive/olx_mobile_dataset/images/mobile_538f3ce71b/13.jpg"", ""/content/drive/MyDrive/olx_mobile_dataset/images/mobile_538f3ce71b/14.jpg"", ""/content/drive/MyDrive/olx_mobile_dataset/images/mobile_538f3ce71b/15.jpg"", ""/content/drive/MyDrive/olx_mobile_dataset/images/mobile_538f3ce71b/16.jpg"", ""/content/drive/MyDrive/olx_mobile_dataset/images/mobile_538f3ce71b/17.jpg"", ""/content/drive/MyDrive/olx_mobile_dataset/images/mobile_538f3ce71b/18.jpg"", ""/content/drive/MyDrive/olx_mobile_dataset/images/mobile_538f3ce71b/19.jpg"", ""/content/drive/MyDrive/olx_mobile_dataset/images/mobile_538f3ce71b/20.jpg"", ""/content/drive/MyDrive/olx_mobile_dataset/images/mobile_538f3ce71b/21.jpg"", ""/content/drive/MyDrive/olx_mobile_dataset/images/mobile_538f3ce71b/22.jpg"", ""/content/drive/MyDrive/olx_mobile_dataset/images/mobile_538f3ce71b/23.jpg"", ""/content/drive/MyDrive/olx_mobile_dataset/images/mobile_538f3ce71b/24.jpg"", ""/content/drive/MyDrive/olx_mobile_dataset/images/mobile_538f3ce71b/25.jpg"", ""/content/drive/MyDrive/olx_mobile_dataset/images/mobile_538f3ce71b/26.jpg""]",26,2026-01-13 06:16:36.278546
mobile_1ce12cb613,https://www.olx.in/item/mobile-phones-c1453-used-iphone-in-rajput-wada-warangal-iid-1831361383,Iphone 14 plus  with all accessories finance available,"All models are there used phones with excellent condition - Mobile Phones in Rajput Wada, Warangal",24000,"[""/content/drive/MyDrive/olx_mobile_dataset/images/mobile_1ce12cb613/1.jpg"", ""/content/drive/MyDrive/olx_mobile_dataset/images/mobile_1ce12cb613/2.jpg"", ""/content/drive/MyDrive/olx_mobile_dataset/images/mobile_1ce12cb613/3.jpg"", ""/content/drive/MyDrive/olx_mobile_dataset/images/mobile_1ce12cb613/4.jpg"", ""/content/drive/MyDrive/olx_mobile_dataset/images/mobile_1ce12cb613/5.jpg"", ""/content/drive/MyDrive/olx_mobile_dataset/images/mobile_1ce12cb613/6.jpg"", ""/content/drive/MyDrive/olx_mobile_dataset/images/mobile_1ce12cb613/7.jpg"", ""/content/drive/MyDrive/olx_mobile_dataset/images/mobile_1ce12cb613/8.jpg"", ""/content/drive/MyDrive/olx_mobile_dataset/images/mobile_1ce12cb613/9.jpg"", ""/content/drive/MyDrive/olx_mobile_dataset/images/mobile_1ce12cb613/10.jpg"", ""/content/drive/MyDrive/olx_mobile_dataset/images/mobile_1ce12cb613/11.jpg"", ""/content/drive/MyDrive/olx_mobile_dataset/images/mobile_1ce12cb613/12.jpg"", ""/content/drive/MyDrive/olx_mobile_dataset/images/mobile_1ce12cb613/13.jpg"", ""/content/drive/MyDrive/olx_mobile_dataset/images/mobile_1ce12cb613/14.jpg"", ""/content/drive/MyDrive/olx_mobile_dataset/images/mobile_1ce12cb613/15.jpg"", ""/content/drive/MyDrive/olx_mobile_dataset/images/mobile_1ce12cb613/16.jpg"", ""/content/drive/MyDrive/olx_mobile_dataset/images/mobile_1ce12cb613/17.jpg"", ""/content/drive/MyDrive/olx_mobile_dataset/images/mobile_1ce12cb613/18.jpg"", ""/content/drive/MyDrive/olx_mobile_dataset/images/mobile_1ce12cb613/19.jpg"", ""/content/drive/MyDrive/olx_mobile_dataset/images/mobile_1ce12cb613/20.jpg"", ""/content/drive/MyDrive/olx_mobile_dataset/images/mobile_1ce12cb613/21.jpg"", ""/content/drive/MyDrive/olx_mobile_dataset/images/mobile_1ce12cb613/22.jpg"", ""/content/drive/MyDrive/olx_mobile_dataset/images/mobile_1ce12cb613/23.jpg"", ""/content/drive/MyDrive/olx_mobile_dataset/images/mobile_1ce12cb613/24.jpg"", ""/content/drive/MyDrive/olx_mobile_dataset/images/mobile_1ce12cb613/25.jpg"", ""/content/drive/MyDrive/olx_mobile_dataset/images/mobile_1ce12cb613/26.jpg""]",26,2026-01-13 06:16:46.771861
mobile_a1f4af0c42,https://www.olx.in/item/mobile-phones-c1453-used-iphone-in-nikol-ahmedabad-iid-1830980122,iPhone Xs mobile,"Best mobile Battery Health 75% True Tone On Never Open Never repair With cover and charging cable - Mobile Phones in Nikol, Ahmedabad",15000,"[""/content/drive/MyDrive/olx_mobile_dataset/images/mobile_a1f4af0c42/1.jpg"", ""/content/drive/MyDrive/olx_mobile_dataset/images/mobile_a1f4af0c42/2.jpg"", ""/content/drive/MyDrive/olx_mobile_dataset/images/mobile_a1f4af0c42/3.jpg"", ""/content/drive/MyDrive/olx_mobile_dataset/images/mobile_a1f4af0c42/4.jpg"", ""/content/drive/MyDrive/olx_mobile_dataset/images/mobile_a1f4af0c42/5.jpg"", ""/content/drive/MyDrive/olx_mobile_dataset/images/mobile_a1f4af0c42/6.jpg"", ""/content/drive/MyDrive/olx_mobile_dataset/images/mobile_a1f4af0c42/7.jpg"", ""/content/drive/MyDrive/olx_mobile_dataset/images/mobile_a1f4af0c42/8.jpg"", ""/content/drive/MyDrive/olx_mobile_dataset/images/mobile_a1f4af0c42/9.jpg"", ""/content/drive/MyDrive/olx_mobile_dataset/images/mobile_a1f4af0c42/10.jpg"", ""/content/drive/MyDrive/olx_mobile_dataset/images/mobile_a1f4af0c42/11.jpg"", ""/content/drive/MyDrive/olx_mobile_dataset/images/mobile_a1f4af0c42/12.jpg"", ""/content/drive/MyDrive/olx_mobile_dataset/images/mobile_a1f4af0c42/13.jpg"", ""/content/drive/MyDrive/olx_mobile_dataset/images/mobile_a1f4af0c42/14.jpg"", ""/content/drive/MyDrive/olx_mobile_dataset/images/mobile_a1f4af0c42/15.jpg"", ""/content/drive/MyDrive/olx_mobile_dataset/images/mobile_a1f4af0c42/16.jpg"", ""/content/drive/MyDrive/olx_mobile_dataset/images/mobile_a1f4af0c42/17.jpg"", ""/content/drive/MyDrive/olx_mobile_dataset/images/mobile_a1f4af0c42/18.jpg"", ""/content/drive/MyDrive/olx_mobile_dataset/images/mobile_a1f4af0c42/19.jpg"", ""/content/drive/MyDrive/olx_mobile_dataset/images/mobile_a1f4af0c42/20.jpg"", ""/content/drive/MyDrive/olx_mobile_dataset/images/mobile_a1f4af0c42/21.jpg"", ""/content/drive/MyDrive/olx_mobile_dataset/images/mobile_a1f4af0c42/22.jpg"", ""/content/drive/MyDrive/olx_mobile_dataset/images/mobile_a1f4af0c42/23.jpg"", ""/content/drive/MyDrive/olx_mobile_dataset/images/mobile_a1f4af0c42/24.jpg"", ""/content/drive/MyDrive/olx_mobile_dataset/images/mobile_a1f4af0c42/25.jpg"", ""/content/drive/MyDrive/olx_mobile_dataset/images/mobile_a1f4af0c42/26.jpg""]",26,2026-01-13 06:16:57.451227
mobile_71ceebae86,https://www.olx.in/item/mobile-phones-c1453-used-iphone-in-sarankhada-bilaspur-iid-1831360962,Iphone 14 plus  with all accessories finance available,"All models are there, used phones with excellent condition - Mobile Phones in Sarankhada, Bilaspur",25000,"[""/content/drive/MyDrive/olx_mobile_dataset/images/mobile_71ceebae86/1.jpg"", ""/content/drive/MyDrive/olx_mobile_dataset/images/mobile_71ceebae86/2.jpg"", ""/content/drive/MyDrive/olx_mobile_dataset/images/mobile_71ceebae86/3.jpg"", ""/content/drive/MyDrive/olx_mobile_dataset/images/mobile_71ceebae86/4.jpg"", ""/content/drive/MyDrive/olx_mobile_dataset/images/mobile_71ceebae86/5.jpg"", ""/content/drive/MyDrive/olx_mobile_dataset/images/mobile_71ceebae86/6.jpg"", ""/content/drive/MyDrive/olx_mobile_dataset/images/mobile_71ceebae86/7.jpg"", ""/content/drive/MyDrive/olx_mobile_dataset/images/mobile_71ceebae86/8.jpg"", ""/content/drive/MyDrive/olx_mobile_dataset/images/mobile_71ceebae86/9.jpg"", ""/content/drive/MyDrive/olx_mobile_dataset/images/mobile_71ceebae86/10.jpg"", ""/content/drive/MyDrive/olx_mobile_dataset/images/mobile_71ceebae86/11.jpg"", ""/content/drive/MyDrive/olx_mobile_dataset/images/mobile_71ceebae86/12.jpg"", ""/content/drive/MyDrive/olx_mobile_dataset/images/mobile_71ceebae86/13.jpg"", ""/content/drive/MyDrive/olx_mobile_dataset/images/mobile_71ceebae86/14.jpg"", ""/content/drive/MyDrive/olx_mobile_dataset/images/mobile_71ceebae86/15.jpg"", ""/content/drive/MyDrive/olx_mobile_dataset/images/mobile_71ceebae86/16.jpg"", ""/content/drive/MyDrive/olx_mobile_dataset/images/mobile_71ceebae86/17.jpg"", ""/content/drive/MyDrive/olx_mobile_dataset/images/mobile_71ceebae86/18.jpg"", ""/content/drive/MyDrive/olx_mobile_dataset/images/mobile_71ceebae86/19.jpg"", ""/content/drive/MyDrive/olx_mobile_dataset/images/mobile_71ceebae86/20.jpg"", ""/content/drive/MyDrive/olx_mobile_dataset/images/mobile_71ceebae86/21.jpg"", ""/content/drive/MyDrive/olx_mobile_dataset/images/mobile_71ceebae86/22.jpg"", ""/content/drive/MyDrive/olx_mobile_dataset/images/mobile_71ceebae86/23.jpg"", ""/content/drive/MyDrive/olx_mobile_dataset/images/mobile_71ceebae86/24.jpg"", ""/content/drive/MyDrive/olx_mobile_dataset/images/mobile_71ceebae86/25.jpg"", ""/content/drive/MyDrive/olx_mobile_dataset/images/mobile_71ceebae86/26.jpg""]",26,2026-01-13 06:17:06.477658
mobile_c76bcaa038,https://www.olx.in/item/mobile-phones-c1453-used-samsung-in-tangamanl-nagar-madurai-iid-1831946640,Z flip 4(8/128),"Z flip 4 (8/128) Display out Mobile only Mobile on contidion - Mobile Phones in Tangamanl Nagar, Madurai",4999,"[""/content/drive/MyDrive/olx_mobile_dataset/images/mobile_c76bcaa038/1.jpg"", ""/content/drive/MyDrive/olx_mobile_dataset/images/mobile_c76bcaa038/2.jpg"", ""/content/drive/MyDrive/olx_mobile_dataset/images/mobile_c76bcaa038/3.jpg"", ""/content/drive/MyDrive/olx_mobile_dataset/images/mobile_c76bcaa038/4.jpg"", ""/content/drive/MyDrive/olx_mobile_dataset/images/mobile_c76bcaa038/5.jpg"", ""/content/drive/MyDrive/olx_mobile_dataset/images/mobile_c76bcaa038/6.jpg"", ""/content/drive/MyDrive/olx_mobile_dataset/images/mobile_c76bcaa038/7.jpg"", ""/content/drive/MyDrive/olx_mobile_dataset/images/mobile_c76bcaa038/8.jpg"", ""/content/drive/MyDrive/olx_mobile_dataset/images/mobile_c76bcaa038/9.jpg"", ""/content/drive/MyDrive/olx_mobile_dataset/images/mobile_c76bcaa038/10.jpg"", ""/content/drive/MyDrive/olx_mobile_dataset/images/mobile_c76bcaa038/11.jpg"", ""/content/drive/MyDrive/olx_mobile_dataset/images/mobile_c76bcaa038/12.jpg"", ""/content/drive/MyDrive/olx_mobile_dataset/images/mobile_c76bcaa038/13.jpg"", ""/content/drive/MyDrive/olx_mobile_dataset/images/mobile_c76bcaa038/14.jpg"", ""/content/drive/MyDrive/olx_mobile_dataset/images/mobile_c76bcaa038/15.jpg"", ""/content/drive/MyDrive/olx_mobile_dataset/images/mobile_c76bcaa038/16.jpg"", ""/content/drive/MyDrive/olx_mobile_dataset/images/mobile_c76bcaa038/17.jpg"", ""/content/drive/MyDrive/olx_mobile_dataset/images/mobile_c76bcaa038/18.jpg"", ""/content/drive/MyDrive/olx_mobile_dataset/images/mobile_c76bcaa038/19.jpg"", ""/content/drive/MyDrive/olx_mobile_dataset/images/mobile_c76bcaa038/20.jpg"", ""/content/drive/MyDrive/olx_mobile_dataset/images/mobile_c76bcaa038/21.jpg"", ""/content/drive/MyDrive/olx_mobile_dataset/images/mobile_c76bcaa038/22.jpg"", ""/content/drive/MyDrive/olx_mobile_dataset/images/mobile_c76bcaa038/23.jpg"", ""/content/drive/MyDrive/olx_mobile_dataset/images/mobile_c76bcaa038/24.jpg"", ""/content/drive/MyDrive/olx_mobile_dataset/images/mobile_c76bcaa038/25.jpg"", ""/content/drive/MyDrive/olx_mobile_dataset/images/mobile_c76bcaa038/26.jpg""]",26,2026-01-13 06:17:16.743530
mobile_2a61a6f9e0,https://www.olx.in/item/mobile-phones-c1453-used-vivo-in-gharoli-delhi-iid-1831946659,Vivo x70 8+8+ 256,"I have only mobile phone I need argent monay only offer today - Mobile Phones in Gharoli, Delhi",5500,"[""/content/drive/MyDrive/olx_mobile_dataset/images/mobile_2a61a6f9e0/1.jpg"", ""/content/drive/MyDrive/olx_mobile_dataset/images/mobile_2a61a6f9e0/2.jpg"", ""/content/drive/MyDrive/olx_mobile_dataset/images/mobile_2a61a6f9e0/3.jpg"", ""/content/drive/MyDrive/olx_mobile_dataset/images/mobile_2a61a6f9e0/4.jpg"", ""/content/drive/MyDrive/olx_mobile_dataset/images/mobile_2a61a6f9e0/5.jpg"", ""/content/drive/MyDrive/olx_mobile_dataset/images/mobile_2a61a6f9e0/6.jpg"", ""/content/drive/MyDrive/olx_mobile_dataset/images/mobile_2a61a6f9e0/7.jpg"", ""/content/drive/MyDrive/olx_mobile_dataset/images/mobile_2a61a6f9e0/8.jpg"", ""/content/drive/MyDrive/olx_mobile_dataset/images/mobile_2a61a6f9e0/9.jpg"", ""/content/drive/MyDrive/olx_mobile_dataset/images/mobile_2a61a6f9e0/10.jpg"", ""/content/drive/MyDrive/olx_mobile_dataset/images/mobile_2a61a6f9e0/11.jpg"", ""/content/drive/MyDrive/olx_mobile_dataset/images/mobile_2a61a6f9e0/12.jpg"", ""/content/drive/MyDrive/olx_mobile_dataset/images/mobile_2a61a6f9e0/13.jpg"", ""/content/drive/MyDrive/olx_mobile_dataset/images/mobile_2a61a6f9e0/14.jpg"", ""/content/drive/MyDrive/olx_mobile_dataset/images/mobile_2a61a6f9e0/15.jpg"", ""/content/drive/MyDrive/olx_mobile_dataset/images/mobile_2a61a6f9e0/16.jpg"", ""/content/drive/MyDrive/olx_mobile_dataset/images/mobile_2a61a6f9e0/17.jpg"", ""/content/drive/MyDrive/olx_mobile_dataset/images/mobile_2a61a6f9e0/18.jpg"", ""/content/drive/MyDrive/olx_mobile_dataset/images/mobile_2a61a6f9e0/19.jpg"", ""/content/drive/MyDrive/olx_mobile_dataset/images/mobile_2a61a6f9e0/20.jpg"", ""/content/drive/MyDrive/olx_mobile_dataset/images/mobile_2a61a6f9e0/21.jpg"", ""/content/drive/MyDrive/olx_mobile_dataset/images/mobile_2a61a6f9e0/22.jpg"", ""/content/drive/MyDrive/olx_mobile_dataset/images/mobile_2a61a6f9e0/23.jpg"", ""/content/drive/MyDrive/olx_mobile_dataset/images/mobile_2a61a6f9e0/24.jpg"", ""/content/drive/MyDrive/olx_mobile_dataset/images/mobile_2a61a6f9e0/25.jpg"", ""/content/drive/MyDrive/olx_mobile_dataset/images/mobile_2a61a6f9e0/26.jpg""]",26,2026-01-13 06:17:27.870166
mobile_1c9786301f,https://www.olx.in/item/mobile-phones-c1453-used-iphone-in-aashirwaad-chowk-delhi-iid-1830332155,iphone 14 pro max,"New year 2026 offer! Out of the box quality, imported from the USA, 256 GB. - Mobile Phones in Aashirwaad Chowk, Delhi",65000,"[""/content/drive/MyDrive/olx_mobile_dataset/images/mobile_1c9786301f/1.jpg"", ""/content/drive/MyDrive/olx_mobile_dataset/images/mobile_1c9786301f/2.jpg"", ""/content/drive/MyDrive/olx_mobile_dataset/images/mobile_1c9786301f/3.jpg"", ""/content/drive/MyDrive/olx_mobile_dataset/images/mobile_1c9786301f/4.jpg"", ""/content/drive/MyDrive/olx_mobile_dataset/images/mobile_1c9786301f/5.jpg"", ""/content/drive/MyDrive/olx_mobile_dataset/images/mobile_1c9786301f/6.jpg"", ""/content/drive/MyDrive/olx_mobile_dataset/images/mobile_1c9786301f/7.jpg"", ""/content/drive/MyDrive/olx_mobile_dataset/images/mobile_1c9786301f/8.jpg"", ""/content/drive/MyDrive/olx_mobile_dataset/images/mobile_1c9786301f/9.jpg"", ""/content/drive/MyDrive/olx_mobile_dataset/images/mobile_1c9786301f/10.jpg"", ""/content/drive/MyDrive/olx_mobile_dataset/images/mobile_1c9786301f/11.jpg"", ""/content/drive/MyDrive/olx_mobile_dataset/images/mobile_1c9786301f/12.jpg"", ""/content/drive/MyDrive/olx_mobile_dataset/images/mobile_1c9786301f/13.jpg"", ""/content/drive/MyDrive/olx_mobile_dataset/images/mobile_1c9786301f/14.jpg"", ""/content/drive/MyDrive/olx_mobile_dataset/images/mobile_1c9786301f/15.jpg"", ""/content/drive/MyDrive/olx_mobile_dataset/images/mobile_1c9786301f/16.jpg"", ""/content/drive/MyDrive/olx_mobile_dataset/images/mobile_1c9786301f/17.jpg"", ""/content/drive/MyDrive/olx_mobile_dataset/images/mobile_1c9786301f/18.jpg"", ""/content/drive/MyDrive/olx_mobile_dataset/images/mobile_1c9786301f/19.jpg"", ""/content/drive/MyDrive/olx_mobile_dataset/images/mobile_1c9786301f/20.jpg"", ""/content/drive/MyDrive/olx_mobile_dataset/images/mobile_1c9786301f/21.jpg"", ""/content/drive/MyDrive/olx_mobile_dataset/images/mobile_1c9786301f/22.jpg"", ""/content/drive/MyDrive/olx_mobile_dataset/images/mobile_1c9786301f/23.jpg"", ""/content/drive/MyDrive/olx_mobile_dataset/images/mobile_1c9786301f/24.jpg"", ""/content/drive/MyDrive/olx_mobile_dataset/images/mobile_1c9786301f/25.jpg"", ""/content/drive/MyDrive/olx_mobile_dataset/images/mobile_1c9786301f/26.jpg""]",26,2026-01-13 06:17:39.583790
mobile_b00426e5e2,https://www.olx.in/item/mobile-phones-c1453-used-vivo-in-labbaimankuppam-thuthipattu-iid-1831946613,VIVO V23E 5G,"Superb condition * Ladies used* All original Lite used mobile ( EXCHANGE ALSO AVAILABLE ) - Mobile Phones in Labbaimankuppam, Thuthipattu",15000,"[""/content/drive/MyDrive/olx_mobile_dataset/images/mobile_b00426e5e2/1.jpg"", ""/content/drive/MyDrive/olx_mobile_dataset/images/mobile_b00426e5e2/2.jpg"", ""/content/drive/MyDrive/olx_mobile_dataset/images/mobile_b00426e5e2/3.jpg"", ""/content/drive/MyDrive/olx_mobile_dataset/images/mobile_b00426e5e2/4.jpg"", ""/content/drive/MyDrive/olx_mobile_dataset/images/mobile_b00426e5e2/5.jpg"", ""/content/drive/MyDrive/olx_mobile_dataset/images/mobile_b00426e5e2/6.jpg"", ""/content/drive/MyDrive/olx_mobile_dataset/images/mobile_b00426e5e2/7.jpg"", ""/content/drive/MyDrive/olx_mobile_dataset/images/mobile_b00426e5e2/8.jpg"", ""/content/drive/MyDrive/olx_mobile_dataset/images/mobile_b00426e5e2/9.jpg"", ""/content/drive/MyDrive/olx_mobile_dataset/images/mobile_b00426e5e2/10.jpg"", ""/content/drive/MyDrive/olx_mobile_dataset/images/mobile_b00426e5e2/11.jpg"", ""/content/drive/MyDrive/olx_mobile_dataset/images/mobile_b00426e5e2/12.jpg"", ""/content/drive/MyDrive/olx_mobile_dataset/images/mobile_b00426e5e2/13.jpg"", ""/content/drive/MyDrive/olx_mobile_dataset/images/mobile_b00426e5e2/14.jpg"", ""/content/drive/MyDrive/olx_mobile_dataset/images/mobile_b00426e5e2/15.jpg"", ""/content/drive/MyDrive/olx_mobile_dataset/images/mobile_b00426e5e2/16.jpg"", ""/content/drive/MyDrive/olx_mobile_dataset/images/mobile_b00426e5e2/17.jpg"", ""/content/drive/MyDrive/olx_mobile_dataset/images/mobile_b00426e5e2/18.jpg"", ""/content/drive/MyDrive/olx_mobile_dataset/images/mobile_b00426e5e2/19.jpg"", ""/content/drive/MyDrive/olx_mobile_dataset/images/mobile_b00426e5e2/20.jpg"", ""/content/drive/MyDrive/olx_mobile_dataset/images/mobile_b00426e5e2/21.jpg"", ""/content/drive/MyDrive/olx_mobile_dataset/images/mobile_b00426e5e2/22.jpg"", ""/content/drive/MyDrive/olx_mobile_dataset/images/mobile_b00426e5e2/23.jpg"", ""/content/drive/MyDrive/olx_mobile_dataset/images/mobile_b00426e5e2/24.jpg"", ""/content/drive/MyDrive/olx_mobile_dataset/images/mobile_b00426e5e2/25.jpg"", ""/content/drive/MyDrive/olx_mobile_dataset/images/mobile_b00426e5e2/26.jpg""]",26,2026-01-13 06:17:51.346904
mobile_46441f8cc8,https://www.olx.in/item/mobile-phones-c1453-used-samsung-in-kengeri-bengaluru-iid-1831946697,Samsung A35 5G New,"Only mobile piece new A35 5G - Mobile Phones in Kengeri, Bengaluru",14000,"[""/content/drive/MyDrive/olx_mobile_dataset/images/mobile_46441f8cc8/1.jpg"", ""/content/drive/MyDrive/olx_mobile_dataset/images/mobile_46441f8cc8/2.jpg"", ""/content/drive/MyDrive/olx_mobile_dataset/images/mobile_46441f8cc8/3.jpg"", ""/content/drive/MyDrive/olx_mobile_dataset/images/mobile_46441f8cc8/4.jpg"", ""/content/drive/MyDrive/olx_mobile_dataset/images/mobile_46441f8cc8/5.jpg"", ""/content/drive/MyDrive/olx_mobile_dataset/images/mobile_46441f8cc8/6.jpg"", ""/content/drive/MyDrive/olx_mobile_dataset/images/mobile_46441f8cc8/7.jpg"", ""/content/drive/MyDrive/olx_mobile_dataset/images/mobile_46441f8cc8/8.jpg"", ""/content/drive/MyDrive/olx_mobile_dataset/images/mobile_46441f8cc8/9.jpg"", ""/content/drive/MyDrive/olx_mobile_dataset/images/mobile_46441f8cc8/10.jpg"", ""/content/drive/MyDrive/olx_mobile_dataset/images/mobile_46441f8cc8/11.jpg"", ""/content/drive/MyDrive/olx_mobile_dataset/images/mobile_46441f8cc8/12.jpg"", ""/content/drive/MyDrive/olx_mobile_dataset/images/mobile_46441f8cc8/13.jpg"", ""/content/drive/MyDrive/olx_mobile_dataset/images/mobile_46441f8cc8/14.jpg"", ""/content/drive/MyDrive/olx_mobile_dataset/images/mobile_46441f8cc8/15.jpg"", ""/content/drive/MyDrive/olx_mobile_dataset/images/mobile_46441f8cc8/16.jpg"", ""/content/drive/MyDrive/olx_mobile_dataset/images/mobile_46441f8cc8/17.jpg"", ""/content/drive/MyDrive/olx_mobile_dataset/images/mobile_46441f8cc8/18.jpg"", ""/content/drive/MyDrive/olx_mobile_dataset/images/mobile_46441f8cc8/19.jpg"", ""/content/drive/MyDrive/olx_mobile_dataset/images/mobile_46441f8cc8/20.jpg"", ""/content/drive/MyDrive/olx_mobile_dataset/images/mobile_46441f8cc8/21.jpg"", ""/content/drive/MyDrive/olx_mobile_dataset/images/mobile_46441f8cc8/22.jpg"", ""/content/drive/MyDrive/olx_mobile_dataset/images/mobile_46441f8cc8/23.jpg"", ""/content/drive/MyDrive/olx_mobile_dataset/images/mobile_46441f8cc8/24.jpg"", ""/content/drive/MyDrive/olx_mobile_dataset/images/mobile_46441f8cc8/25.jpg"", ""/content/drive/MyDrive/olx_mobile_dataset/images/mobile_46441f8cc8/26.jpg""]",26,2026-01-13 06:18:03.163053
mobile_42fe56ac93,https://www.olx.in/item/mobile-phones-c1453-used-samsung-in-pant-vihar-saharanpur-iid-1831321334,Samsung s 24,"Samsung s24 just one month old brand new condition with snapdragon processor - Mobile Phones in Pant Vihar, Saharanpur",36500,"[""/content/drive/MyDrive/olx_mobile_dataset/images/mobile_42fe56ac93/1.jpg"", ""/content/drive/MyDrive/olx_mobile_dataset/images/mobile_42fe56ac93/2.jpg"", ""/content/drive/MyDrive/olx_mobile_dataset/images/mobile_42fe56ac93/3.jpg"", ""/content/drive/MyDrive/olx_mobile_dataset/images/mobile_42fe56ac93/4.jpg"", ""/content/drive/MyDrive/olx_mobile_dataset/images/mobile_42fe56ac93/5.jpg"", ""/content/drive/MyDrive/olx_mobile_dataset/images/mobile_42fe56ac93/6.jpg"", ""/content/drive/MyDrive/olx_mobile_dataset/images/mobile_42fe56ac93/7.jpg"", ""/content/drive/MyDrive/olx_mobile_dataset/images/mobile_42fe56ac93/8.jpg"", ""/content/drive/MyDrive/olx_mobile_dataset/images/mobile_42fe56ac93/9.jpg"", ""/content/drive/MyDrive/olx_mobile_dataset/images/mobile_42fe56ac93/10.jpg"", ""/content/drive/MyDrive/olx_mobile_dataset/images/mobile_42fe56ac93/11.jpg"", ""/content/drive/MyDrive/olx_mobile_dataset/images/mobile_42fe56ac93/12.jpg"", ""/content/drive/MyDrive/olx_mobile_dataset/images/mobile_42fe56ac93/13.jpg"", ""/content/drive/MyDrive/olx_mobile_dataset/images/mobile_42fe56ac93/14.jpg"", ""/content/drive/MyDrive/olx_mobile_dataset/images/mobile_42fe56ac93/15.jpg"", ""/content/drive/MyDrive/olx_mobile_dataset/images/mobile_42fe56ac93/16.jpg"", ""/content/drive/MyDrive/olx_mobile_dataset/images/mobile_42fe56ac93/17.jpg"", ""/content/drive/MyDrive/olx_mobile_dataset/images/mobile_42fe56ac93/18.jpg"", ""/content/drive/MyDrive/olx_mobile_dataset/images/mobile_42fe56ac93/19.jpg"", ""/content/drive/MyDrive/olx_mobile_dataset/images/mobile_42fe56ac93/20.jpg"", ""/content/drive/MyDrive/olx_mobile_dataset/images/mobile_42fe56ac93/21.jpg"", ""/content/drive/MyDrive/olx_mobile_dataset/images/mobile_42fe56ac93/22.jpg"", ""/content/drive/MyDrive/olx_mobile_dataset/images/mobile_42fe56ac93/23.jpg"", ""/content/drive/MyDrive/olx_mobile_dataset/images/mobile_42fe56ac93/24.jpg"", ""/content/drive/MyDrive/olx_mobile_dataset/images/mobile_42fe56ac93/25.jpg"", ""/content/drive/MyDrive/olx_mobile_dataset/images/mobile_42fe56ac93/26.jpg""]",26,2026-01-13 06:18:14.809043
mobile_c070398de1,https://www.olx.in/item/mobile-phones-c1453-used-iphone-in-kosamnara-raigarh-iid-1831361274,Iphone 14 plus  with all accessories finance available,"All models are there, used phones with excellent condition - Mobile Phones in Kosamnara, Raigarh",24000,"[""/content/drive/MyDrive/olx_mobile_dataset/images/mobile_c070398de1/1.jpg"", ""/content/drive/MyDrive/olx_mobile_dataset/images/mobile_c070398de1/2.jpg"", ""/content/drive/MyDrive/olx_mobile_dataset/images/mobile_c070398de1/3.jpg"", ""/content/drive/MyDrive/olx_mobile_dataset/images/mobile_c070398de1/4.jpg"", ""/content/drive/MyDrive/olx_mobile_dataset/images/mobile_c070398de1/5.jpg"", ""/content/drive/MyDrive/olx_mobile_dataset/images/mobile_c070398de1/6.jpg"", ""/content/drive/MyDrive/olx_mobile_dataset/images/mobile_c070398de1/7.jpg"", ""/content/drive/MyDrive/olx_mobile_dataset/images/mobile_c070398de1/8.jpg"", ""/content/drive/MyDrive/olx_mobile_dataset/images/mobile_c070398de1/9.jpg"", ""/content/drive/MyDrive/olx_mobile_dataset/images/mobile_c070398de1/10.jpg"", ""/content/drive/MyDrive/olx_mobile_dataset/images/mobile_c070398de1/11.jpg"", ""/content/drive/MyDrive/olx_mobile_dataset/images/mobile_c070398de1/12.jpg"", ""/content/drive/MyDrive/olx_mobile_dataset/images/mobile_c070398de1/13.jpg"", ""/content/drive/MyDrive/olx_mobile_dataset/images/mobile_c070398de1/14.jpg"", ""/content/drive/MyDrive/olx_mobile_dataset/images/mobile_c070398de1/15.jpg"", ""/content/drive/MyDrive/olx_mobile_dataset/images/mobile_c070398de1/16.jpg"", ""/content/drive/MyDrive/olx_mobile_dataset/images/mobile_c070398de1/17.jpg"", ""/content/drive/MyDrive/olx_mobile_dataset/images/mobile_c070398de1/18.jpg"", ""/content/drive/MyDrive/olx_mobile_dataset/images/mobile_c070398de1/19.jpg"", ""/content/drive/MyDrive/olx_mobile_dataset/images/mobile_c070398de1/20.jpg"", ""/content/drive/MyDrive/olx_mobile_dataset/images/mobile_c070398de1/21.jpg"", ""/content/drive/MyDrive/olx_mobile_dataset/images/mobile_c070398de1/22.jpg"", ""/content/drive/MyDrive/olx_mobile_dataset/images/mobile_c070398de1/23.jpg"", ""/content/drive/MyDrive/olx_mobile_dataset/images/mobile_c070398de1/24.jpg"", ""/content/drive/MyDrive/olx_mobile_dataset/images/mobile_c070398de1/25.jpg"", ""/content/drive/MyDrive/olx_mobile_dataset/images/mobile_c070398de1/26.jpg""]",26,2026-01-13 06:18:26.250980
mobile_ceebec8795,https://www.olx.in/item/mobile-phones-c1453-used-realme-in-barhani-bazar-uttar-pradesh-iid-1831946644,Realmi p1.ek dam new condition koi problem nahi hai,"Realmi p1/ 5g Ram 8+8 Gb 128 internet brand new 4 month use koi problem nahi hai abhi khuli tak nahi hai charger bill box sab hai koi dikkat nahi hai es phone me. - Mobile Phones in Siddharth Nagar, Barhani Bazar",8500,"[""/content/drive/MyDrive/olx_mobile_dataset/images/mobile_ceebec8795/1.jpg"", ""/content/drive/MyDrive/olx_mobile_dataset/images/mobile_ceebec8795/2.jpg"", ""/content/drive/MyDrive/olx_mobile_dataset/images/mobile_ceebec8795/3.jpg"", ""/content/drive/MyDrive/olx_mobile_dataset/images/mobile_ceebec8795/4.jpg"", ""/content/drive/MyDrive/olx_mobile_dataset/images/mobile_ceebec8795/5.jpg"", ""/content/drive/MyDrive/olx_mobile_dataset/images/mobile_ceebec8795/6.jpg"", ""/content/drive/MyDrive/olx_mobile_dataset/images/mobile_ceebec8795/7.jpg"", ""/content/drive/MyDrive/olx_mobile_dataset/images/mobile_ceebec8795/8.jpg"", ""/content/drive/MyDrive/olx_mobile_dataset/images/mobile_ceebec8795/9.jpg"", ""/content/drive/MyDrive/olx_mobile_dataset/images/mobile_ceebec8795/10.jpg"", ""/content/drive/MyDrive/olx_mobile_dataset/images/mobile_ceebec8795/11.jpg"", ""/content/drive/MyDrive/olx_mobile_dataset/images/mobile_ceebec8795/12.jpg"", ""/content/drive/MyDrive/olx_mobile_dataset/images/mobile_ceebec8795/13.jpg"", ""/content/drive/MyDrive/olx_mobile_dataset/images/mobile_ceebec8795/14.jpg"", ""/content/drive/MyDrive/olx_mobile_dataset/images/mobile_ceebec8795/15.jpg"", ""/content/drive/MyDrive/olx_mobile_dataset/images/mobile_ceebec8795/16.jpg"", ""/content/drive/MyDrive/olx_mobile_dataset/images/mobile_ceebec8795/17.jpg"", ""/content/drive/MyDrive/olx_mobile_dataset/images/mobile_ceebec8795/18.jpg"", ""/content/drive/MyDrive/olx_mobile_dataset/images/mobile_ceebec8795/19.jpg"", ""/content/drive/MyDrive/olx_mobile_dataset/images/mobile_ceebec8795/20.jpg"", ""/content/drive/MyDrive/olx_mobile_dataset/images/mobile_ceebec8795/21.jpg"", ""/content/drive/MyDrive/olx_mobile_dataset/images/mobile_ceebec8795/22.jpg"", ""/content/drive/MyDrive/olx_mobile_dataset/images/mobile_ceebec8795/23.jpg"", ""/content/drive/MyDrive/olx_mobile_dataset/images/mobile_ceebec8795/24.jpg"", ""/content/drive/MyDrive/olx_mobile_dataset/images/mobile_ceebec8795/25.jpg"", ""/content/drive/MyDrive/olx_mobile_dataset/images/mobile_ceebec8795/26.jpg""]",26,2026-01-13 06:18:37.209479
mobile_8b1e7243f3,https://www.olx.in/item/mobile-phones-c1453-used-mi-in-pramathnagar-jamshedpur-iid-1831946651,Redmi 14c 5G,"Redmi 14c 5G 02 February 2025 Khairiyat hai - Mobile Phones in Pramathnagar, Jamshedpur",8000,"[""/content/drive/MyDrive/olx_mobile_dataset/images/mobile_8b1e7243f3/1.jpg"", ""/content/drive/MyDrive/olx_mobile_dataset/images/mobile_8b1e7243f3/2.jpg"", ""/content/drive/MyDrive/olx_mobile_dataset/images/mobile_8b1e7243f3/3.jpg"", ""/content/drive/MyDrive/olx_mobile_dataset/images/mobile_8b1e7243f3/4.jpg"", ""/content/drive/MyDrive/olx_mobile_dataset/images/mobile_8b1e7243f3/5.jpg"", ""/content/drive/MyDrive/olx_mobile_dataset/images/mobile_8b1e7243f3/6.jpg"", ""/content/drive/MyDrive/olx_mobile_dataset/images/mobile_8b1e7243f3/7.jpg"", ""/content/drive/MyDrive/olx_mobile_dataset/images/mobile_8b1e7243f3/8.jpg"", ""/content/drive/MyDrive/olx_mobile_dataset/images/mobile_8b1e7243f3/9.jpg"", ""/content/drive/MyDrive/olx_mobile_dataset/images/mobile_8b1e7243f3/10.jpg"", ""/content/drive/MyDrive/olx_mobile_dataset/images/mobile_8b1e7243f3/11.jpg"", ""/content/drive/MyDrive/olx_mobile_dataset/images/mobile_8b1e7243f3/12.jpg"", ""/content/drive/MyDrive/olx_mobile_dataset/images/mobile_8b1e7243f3/13.jpg"", ""/content/drive/MyDrive/olx_mobile_dataset/images/mobile_8b1e7243f3/14.jpg"", ""/content/drive/MyDrive/olx_mobile_dataset/images/mobile_8b1e7243f3/15.jpg"", ""/content/drive/MyDrive/olx_mobile_dataset/images/mobile_8b1e7243f3/16.jpg"", ""/content/drive/MyDrive/olx_mobile_dataset/images/mobile_8b1e7243f3/17.jpg"", ""/content/drive/MyDrive/olx_mobile_dataset/images/mobile_8b1e7243f3/18.jpg"", ""/content/drive/MyDrive/olx_mobile_dataset/images/mobile_8b1e7243f3/19.jpg"", ""/content/drive/MyDrive/olx_mobile_dataset/images/mobile_8b1e7243f3/20.jpg"", ""/content/drive/MyDrive/olx_mobile_dataset/images/mobile_8b1e7243f3/21.jpg"", ""/content/drive/MyDrive/olx_mobile_dataset/images/mobile_8b1e7243f3/22.jpg"", ""/content/drive/MyDrive/olx_mobile_dataset/images/mobile_8b1e7243f3/23.jpg"", ""/content/drive/MyDrive/olx_mobile_dataset/images/mobile_8b1e7243f3/24.jpg"", ""/content/drive/MyDrive/olx_mobile_dataset/images/mobile_8b1e7243f3/25.jpg"", ""/content/drive/MyDrive/olx_mobile_dataset/images/mobile_8b1e7243f3/26.jpg""]",26,2026-01-13 06:18:47.478747
mobile_b23ab0073d,https://www.olx.in/item/mobile-phones-c1453-used-mi-in-mangaldai-gaon-mangaldoi-iid-1830969893,Redmi note 8 pro,"6gb ram Original everything okay No problem at all - Mobile Phones in Mangaldai Gaon, Mangaldoi",4600,"[""/content/drive/MyDrive/olx_mobile_dataset/images/mobile_b23ab0073d/1.jpg"", ""/content/drive/MyDrive/olx_mobile_dataset/images/mobile_b23ab0073d/2.jpg"", ""/content/drive/MyDrive/olx_mobile_dataset/images/mobile_b23ab0073d/3.jpg"", ""/content/drive/MyDrive/olx_mobile_dataset/images/mobile_b23ab0073d/4.jpg"", ""/content/drive/MyDrive/olx_mobile_dataset/images/mobile_b23ab0073d/5.jpg"", ""/content/drive/MyDrive/olx_mobile_dataset/images/mobile_b23ab0073d/6.jpg"", ""/content/drive/MyDrive/olx_mobile_dataset/images/mobile_b23ab0073d/7.jpg"", ""/content/drive/MyDrive/olx_mobile_dataset/images/mobile_b23ab0073d/8.jpg"", ""/content/drive/MyDrive/olx_mobile_dataset/images/mobile_b23ab0073d/9.jpg"", ""/content/drive/MyDrive/olx_mobile_dataset/images/mobile_b23ab0073d/10.jpg"", ""/content/drive/MyDrive/olx_mobile_dataset/images/mobile_b23ab0073d/11.jpg"", ""/content/drive/MyDrive/olx_mobile_dataset/images/mobile_b23ab0073d/12.jpg"", ""/content/drive/MyDrive/olx_mobile_dataset/images/mobile_b23ab0073d/13.jpg"", ""/content/drive/MyDrive/olx_mobile_dataset/images/mobile_b23ab0073d/14.jpg"", ""/content/drive/MyDrive/olx_mobile_dataset/images/mobile_b23ab0073d/15.jpg"", ""/content/drive/MyDrive/olx_mobile_dataset/images/mobile_b23ab0073d/16.jpg"", ""/content/drive/MyDrive/olx_mobile_dataset/images/mobile_b23ab0073d/17.jpg"", ""/content/drive/MyDrive/olx_mobile_dataset/images/mobile_b23ab0073d/18.jpg"", ""/content/drive/MyDrive/olx_mobile_dataset/images/mobile_b23ab0073d/19.jpg"", ""/content/drive/MyDrive/olx_mobile_dataset/images/mobile_b23ab0073d/20.jpg"", ""/content/drive/MyDrive/olx_mobile_dataset/images/mobile_b23ab0073d/21.jpg"", ""/content/drive/MyDrive/olx_mobile_dataset/images/mobile_b23ab0073d/22.jpg"", ""/content/drive/MyDrive/olx_mobile_dataset/images/mobile_b23ab0073d/23.jpg"", ""/content/drive/MyDrive/olx_mobile_dataset/images/mobile_b23ab0073d/24.jpg"", ""/content/drive/MyDrive/olx_mobile_dataset/images/mobile_b23ab0073d/25.jpg"", ""/content/drive/MyDrive/olx_mobile_dataset/images/mobile_b23ab0073d/26.jpg""]",26,2026-01-13 06:18:58.492443
mobile_e9862d1c90,https://www.olx.in/item/mobile-phones-c1453-used-one-plus-in-velacheri-orandiamman-koil-avenue-chennai-iid-1831946684,exchange my one plus 8 display change fingerprint work goodcondition,"Hi exchange my one plus 8 display change fingerprint work goodcondition 8gb ram 128 - Mobile Phones in Velacheri Orandiamman Koil Avenue, Chennai",8500,"[""/content/drive/MyDrive/olx_mobile_dataset/images/mobile_e9862d1c90/1.jpg"", ""/content/drive/MyDrive/olx_mobile_dataset/images/mobile_e9862d1c90/2.jpg"", ""/content/drive/MyDrive/olx_mobile_dataset/images/mobile_e9862d1c90/3.jpg"", ""/content/drive/MyDrive/olx_mobile_dataset/images/mobile_e9862d1c90/4.jpg"", ""/content/drive/MyDrive/olx_mobile_dataset/images/mobile_e9862d1c90/5.jpg"", ""/content/drive/MyDrive/olx_mobile_dataset/images/mobile_e9862d1c90/6.jpg"", ""/content/drive/MyDrive/olx_mobile_dataset/images/mobile_e9862d1c90/7.jpg"", ""/content/drive/MyDrive/olx_mobile_dataset/images/mobile_e9862d1c90/8.jpg"", ""/content/drive/MyDrive/olx_mobile_dataset/images/mobile_e9862d1c90/9.jpg"", ""/content/drive/MyDrive/olx_mobile_dataset/images/mobile_e9862d1c90/10.jpg"", ""/content/drive/MyDrive/olx_mobile_dataset/images/mobile_e9862d1c90/11.jpg"", ""/content/drive/MyDrive/olx_mobile_dataset/images/mobile_e9862d1c90/12.jpg"", ""/content/drive/MyDrive/olx_mobile_dataset/images/mobile_e9862d1c90/13.jpg"", ""/content/drive/MyDrive/olx_mobile_dataset/images/mobile_e9862d1c90/14.jpg"", ""/content/drive/MyDrive/olx_mobile_dataset/images/mobile_e9862d1c90/15.jpg"", ""/content/drive/MyDrive/olx_mobile_dataset/images/mobile_e9862d1c90/16.jpg"", ""/content/drive/MyDrive/olx_mobile_dataset/images/mobile_e9862d1c90/17.jpg"", ""/content/drive/MyDrive/olx_mobile_dataset/images/mobile_e9862d1c90/18.jpg"", ""/content/drive/MyDrive/olx_mobile_dataset/images/mobile_e9862d1c90/19.jpg"", ""/content/drive/MyDrive/olx_mobile_dataset/images/mobile_e9862d1c90/20.jpg"", ""/content/drive/MyDrive/olx_mobile_dataset/images/mobile_e9862d1c90/21.jpg"", ""/content/drive/MyDrive/olx_mobile_dataset/images/mobile_e9862d1c90/22.jpg"", ""/content/drive/MyDrive/olx_mobile_dataset/images/mobile_e9862d1c90/23.jpg"", ""/content/drive/MyDrive/olx_mobile_dataset/images/mobile_e9862d1c90/24.jpg"", ""/content/drive/MyDrive/olx_mobile_dataset/images/mobile_e9862d1c90/25.jpg"", ""/content/drive/MyDrive/olx_mobile_dataset/images/mobile_e9862d1c90/26.jpg""]",26,2026-01-13 06:19:07.302272
mobile_20244ef7f0,https://www.olx.in/item/mobile-phones-c1453-used-iphone-in-south-extension-delhi-iid-1829935575,Iphone 12 pro max 128gb with box and. Charger only 28000 rupees.,"Iphone 12 pro max 128gb with box and 20w adapter and c to lightening cable . Display change GX super quality. Battery change BH-100%. Face ID working. True Tone working . Everything excellent working. Scratch less good condition fully laminated and flayer high quality tempered glass and 3 covers free. Calls and messages only genuine buyer price only 28000 rupees. - Mobile Phones in South Extension, Delhi",28000,"[""/content/drive/MyDrive/olx_mobile_dataset/images/mobile_20244ef7f0/1.jpg"", ""/content/drive/MyDrive/olx_mobile_dataset/images/mobile_20244ef7f0/2.jpg"", ""/content/drive/MyDrive/olx_mobile_dataset/images/mobile_20244ef7f0/3.jpg"", ""/content/drive/MyDrive/olx_mobile_dataset/images/mobile_20244ef7f0/4.jpg"", ""/content/drive/MyDrive/olx_mobile_dataset/images/mobile_20244ef7f0/5.jpg"", ""/content/drive/MyDrive/olx_mobile_dataset/images/mobile_20244ef7f0/6.jpg"", ""/content/drive/MyDrive/olx_mobile_dataset/images/mobile_20244ef7f0/7.jpg"", ""/content/drive/MyDrive/olx_mobile_dataset/images/mobile_20244ef7f0/8.jpg"", ""/content/drive/MyDrive/olx_mobile_dataset/images/mobile_20244ef7f0/9.jpg"", ""/content/drive/MyDrive/olx_mobile_dataset/images/mobile_20244ef7f0/10.jpg"", ""/content/drive/MyDrive/olx_mobile_dataset/images/mobile_20244ef7f0/11.jpg"", ""/content/drive/MyDrive/olx_mobile_dataset/images/mobile_20244ef7f0/12.jpg"", ""/content/drive/MyDrive/olx_mobile_dataset/images/mobile_20244ef7f0/13.jpg"", ""/content/drive/MyDrive/olx_mobile_dataset/images/mobile_20244ef7f0/14.jpg"", ""/content/drive/MyDrive/olx_mobile_dataset/images/mobile_20244ef7f0/15.jpg"", ""/content/drive/MyDrive/olx_mobile_dataset/images/mobile_20244ef7f0/16.jpg"", ""/content/drive/MyDrive/olx_mobile_dataset/images/mobile_20244ef7f0/17.jpg"", ""/content/drive/MyDrive/olx_mobile_dataset/images/mobile_20244ef7f0/18.jpg"", ""/content/drive/MyDrive/olx_mobile_dataset/images/mobile_20244ef7f0/19.jpg"", ""/content/drive/MyDrive/olx_mobile_dataset/images/mobile_20244ef7f0/20.jpg"", ""/content/drive/MyDrive/olx_mobile_dataset/images/mobile_20244ef7f0/21.jpg"", ""/content/drive/MyDrive/olx_mobile_dataset/images/mobile_20244ef7f0/22.jpg"", ""/content/drive/MyDrive/olx_mobile_dataset/images/mobile_20244ef7f0/23.jpg"", ""/content/drive/MyDrive/olx_mobile_dataset/images/mobile_20244ef7f0/24.jpg"", ""/content/drive/MyDrive/olx_mobile_dataset/images/mobile_20244ef7f0/25.jpg"", ""/content/drive/MyDrive/olx_mobile_dataset/images/mobile_20244ef7f0/26.jpg"", ""/content/drive/MyDrive/olx_mobile_dataset/images/mobile_20244ef7f0/27.jpg"", ""/content/drive/MyDrive/olx_mobile_dataset/images/mobile_20244ef7f0/28.jpg""]",28,2026-01-13 06:19:18.039897
mobile_6a88c6ee0f,https://www.olx.in/item/mobile-phones-c1453-used-iphone-in-meerut-uttar-pradesh-iid-1831946695,Good condition,"All original phone wattar proof hai phone bill dibba sab hai i phone 13 - Mobile Phones in Budhana Gate, Meerut",33500,"[""/content/drive/MyDrive/olx_mobile_dataset/images/mobile_6a88c6ee0f/1.jpg"", ""/content/drive/MyDrive/olx_mobile_dataset/images/mobile_6a88c6ee0f/2.jpg"", ""/content/drive/MyDrive/olx_mobile_dataset/images/mobile_6a88c6ee0f/3.jpg"", ""/content/drive/MyDrive/olx_mobile_dataset/images/mobile_6a88c6ee0f/4.jpg"", ""/content/drive/MyDrive/olx_mobile_dataset/images/mobile_6a88c6ee0f/5.jpg"", ""/content/drive/MyDrive/olx_mobile_dataset/images/mobile_6a88c6ee0f/6.jpg"", ""/content/drive/MyDrive/olx_mobile_dataset/images/mobile_6a88c6ee0f/7.jpg"", ""/content/drive/MyDrive/olx_mobile_dataset/images/mobile_6a88c6ee0f/8.jpg"", ""/content/drive/MyDrive/olx_mobile_dataset/images/mobile_6a88c6ee0f/9.jpg"", ""/content/drive/MyDrive/olx_mobile_dataset/images/mobile_6a88c6ee0f/10.jpg"", ""/content/drive/MyDrive/olx_mobile_dataset/images/mobile_6a88c6ee0f/11.jpg"", ""/content/drive/MyDrive/olx_mobile_dataset/images/mobile_6a88c6ee0f/12.jpg"", ""/content/drive/MyDrive/olx_mobile_dataset/images/mobile_6a88c6ee0f/13.jpg"", ""/content/drive/MyDrive/olx_mobile_dataset/images/mobile_6a88c6ee0f/14.jpg"", ""/content/drive/MyDrive/olx_mobile_dataset/images/mobile_6a88c6ee0f/15.jpg"", ""/content/drive/MyDrive/olx_mobile_dataset/images/mobile_6a88c6ee0f/16.jpg"", ""/content/drive/MyDrive/olx_mobile_dataset/images/mobile_6a88c6ee0f/17.jpg"", ""/content/drive/MyDrive/olx_mobile_dataset/images/mobile_6a88c6ee0f/18.jpg"", ""/content/drive/MyDrive/olx_mobile_dataset/images/mobile_6a88c6ee0f/19.jpg"", ""/content/drive/MyDrive/olx_mobile_dataset/images/mobile_6a88c6ee0f/20.jpg"", ""/content/drive/MyDrive/olx_mobile_dataset/images/mobile_6a88c6ee0f/21.jpg"", ""/content/drive/MyDrive/olx_mobile_dataset/images/mobile_6a88c6ee0f/22.jpg"", ""/content/drive/MyDrive/olx_mobile_dataset/images/mobile_6a88c6ee0f/23.jpg"", ""/content/drive/MyDrive/olx_mobile_dataset/images/mobile_6a88c6ee0f/24.jpg"", ""/content/drive/MyDrive/olx_mobile_dataset/images/mobile_6a88c6ee0f/25.jpg"", ""/content/drive/MyDrive/olx_mobile_dataset/images/mobile_6a88c6ee0f/26.jpg""]",26,2026-01-13 06:19:27.863035
mobile_4bc1a16f23,https://www.olx.in/item/mobile-phones-c1453-used-one-plus-in-andheri-west-mumbai-iid-1831946699,Model: One Plus 12R,"- 8+4 gb RAM - 256 gb ROM - Box available - Charger available - A+ Conditioned mobile - Mobile Phones in Andheri West, Mumbai",25000,"[""/content/drive/MyDrive/olx_mobile_dataset/images/mobile_4bc1a16f23/1.jpg"", ""/content/drive/MyDrive/olx_mobile_dataset/images/mobile_4bc1a16f23/2.jpg"", ""/content/drive/MyDrive/olx_mobile_dataset/images/mobile_4bc1a16f23/3.jpg"", ""/content/drive/MyDrive/olx_mobile_dataset/images/mobile_4bc1a16f23/4.jpg"", ""/content/drive/MyDrive/olx_mobile_dataset/images/mobile_4bc1a16f23/5.jpg"", ""/content/drive/MyDrive/olx_mobile_dataset/images/mobile_4bc1a16f23/6.jpg"", ""/content/drive/MyDrive/olx_mobile_dataset/images/mobile_4bc1a16f23/7.jpg"", ""/content/drive/MyDrive/olx_mobile_dataset/images/mobile_4bc1a16f23/8.jpg"", ""/content/drive/MyDrive/olx_mobile_dataset/images/mobile_4bc1a16f23/9.jpg"", ""/content/drive/MyDrive/olx_mobile_dataset/images/mobile_4bc1a16f23/10.jpg"", ""/content/drive/MyDrive/olx_mobile_dataset/images/mobile_4bc1a16f23/11.jpg"", ""/content/drive/MyDrive/olx_mobile_dataset/images/mobile_4bc1a16f23/12.jpg"", ""/content/drive/MyDrive/olx_mobile_dataset/images/mobile_4bc1a16f23/13.jpg"", ""/content/drive/MyDrive/olx_mobile_dataset/images/mobile_4bc1a16f23/14.jpg"", ""/content/drive/MyDrive/olx_mobile_dataset/images/mobile_4bc1a16f23/15.jpg"", ""/content/drive/MyDrive/olx_mobile_dataset/images/mobile_4bc1a16f23/16.jpg"", ""/content/drive/MyDrive/olx_mobile_dataset/images/mobile_4bc1a16f23/17.jpg"", ""/content/drive/MyDrive/olx_mobile_dataset/images/mobile_4bc1a16f23/18.jpg"", ""/content/drive/MyDrive/olx_mobile_dataset/images/mobile_4bc1a16f23/19.jpg"", ""/content/drive/MyDrive/olx_mobile_dataset/images/mobile_4bc1a16f23/20.jpg"", ""/content/drive/MyDrive/olx_mobile_dataset/images/mobile_4bc1a16f23/21.jpg"", ""/content/drive/MyDrive/olx_mobile_dataset/images/mobile_4bc1a16f23/22.jpg"", ""/content/drive/MyDrive/olx_mobile_dataset/images/mobile_4bc1a16f23/23.jpg"", ""/content/drive/MyDrive/olx_mobile_dataset/images/mobile_4bc1a16f23/24.jpg"", ""/content/drive/MyDrive/olx_mobile_dataset/images/mobile_4bc1a16f23/25.jpg"", ""/content/drive/MyDrive/olx_mobile_dataset/images/mobile_4bc1a16f23/26.jpg""]",26,2026-01-13 06:19:40.169403
mobile_4b5d00b56a,https://www.olx.in/item/mobile-phones-c1453-used-samsung-in-arthala-village-ghaziabad-iid-1831533713,Samsung galaxy S21 Fe 5g,"All okay No bill box Fresh condition 8/128 - Mobile Phones in Arthala Village, Ghaziabad",15000,"[""/content/drive/MyDrive/olx_mobile_dataset/images/mobile_4b5d00b56a/1.jpg"", ""/content/drive/MyDrive/olx_mobile_dataset/images/mobile_4b5d00b56a/2.jpg"", ""/content/drive/MyDrive/olx_mobile_dataset/images/mobile_4b5d00b56a/3.jpg"", ""/content/drive/MyDrive/olx_mobile_dataset/images/mobile_4b5d00b56a/4.jpg"", ""/content/drive/MyDrive/olx_mobile_dataset/images/mobile_4b5d00b56a/5.jpg"", ""/content/drive/MyDrive/olx_mobile_dataset/images/mobile_4b5d00b56a/6.jpg"", ""/content/drive/MyDrive/olx_mobile_dataset/images/mobile_4b5d00b56a/7.jpg"", ""/content/drive/MyDrive/olx_mobile_dataset/images/mobile_4b5d00b56a/8.jpg"", ""/content/drive/MyDrive/olx_mobile_dataset/images/mobile_4b5d00b56a/9.jpg"", ""/content/drive/MyDrive/olx_mobile_dataset/images/mobile_4b5d00b56a/10.jpg"", ""/content/drive/MyDrive/olx_mobile_dataset/images/mobile_4b5d00b56a/11.jpg"", ""/content/drive/MyDrive/olx_mobile_dataset/images/mobile_4b5d00b56a/12.jpg"", ""/content/drive/MyDrive/olx_mobile_dataset/images/mobile_4b5d00b56a/13.jpg"", ""/content/drive/MyDrive/olx_mobile_dataset/images/mobile_4b5d00b56a/14.jpg"", ""/content/drive/MyDrive/olx_mobile_dataset/images/mobile_4b5d00b56a/15.jpg"", ""/content/drive/MyDrive/olx_mobile_dataset/images/mobile_4b5d00b56a/16.jpg"", ""/content/drive/MyDrive/olx_mobile_dataset/images/mobile_4b5d00b56a/17.jpg"", ""/content/drive/MyDrive/olx_mobile_dataset/images/mobile_4b5d00b56a/18.jpg"", ""/content/drive/MyDrive/olx_mobile_dataset/images/mobile_4b5d00b56a/19.jpg"", ""/content/drive/MyDrive/olx_mobile_dataset/images/mobile_4b5d00b56a/20.jpg"", ""/content/drive/MyDrive/olx_mobile_dataset/images/mobile_4b5d00b56a/21.jpg"", ""/content/drive/MyDrive/olx_mobile_dataset/images/mobile_4b5d00b56a/22.jpg"", ""/content/drive/MyDrive/olx_mobile_dataset/images/mobile_4b5d00b56a/23.jpg"", ""/content/drive/MyDrive/olx_mobile_dataset/images/mobile_4b5d00b56a/24.jpg"", ""/content/drive/MyDrive/olx_mobile_dataset/images/mobile_4b5d00b56a/25.jpg"", ""/content/drive/MyDrive/olx_mobile_dataset/images/mobile_4b5d00b56a/26.jpg""]",26,2026-01-13 06:19:49.935573
mobile_06214db079,https://www.olx.in/item/mobile-phones-c1453-used-oppo-in-rajak-mohalla-shahpur-iid-1831946681,Oppo reno 8 pro,"Storage 12/256 2 years old Condition a1 No scratches Bill box available - Mobile Phones in Rajak Mohalla, Shahpur",23000,"[""/content/drive/MyDrive/olx_mobile_dataset/images/mobile_06214db079/1.jpg"", ""/content/drive/MyDrive/olx_mobile_dataset/images/mobile_06214db079/2.jpg"", ""/content/drive/MyDrive/olx_mobile_dataset/images/mobile_06214db079/3.jpg"", ""/content/drive/MyDrive/olx_mobile_dataset/images/mobile_06214db079/4.jpg"", ""/content/drive/MyDrive/olx_mobile_dataset/images/mobile_06214db079/5.jpg"", ""/content/drive/MyDrive/olx_mobile_dataset/images/mobile_06214db079/6.jpg"", ""/content/drive/MyDrive/olx_mobile_dataset/images/mobile_06214db079/7.jpg"", ""/content/drive/MyDrive/olx_mobile_dataset/images/mobile_06214db079/8.jpg"", ""/content/drive/MyDrive/olx_mobile_dataset/images/mobile_06214db079/9.jpg"", ""/content/drive/MyDrive/olx_mobile_dataset/images/mobile_06214db079/10.jpg"", ""/content/drive/MyDrive/olx_mobile_dataset/images/mobile_06214db079/11.jpg"", ""/content/drive/MyDrive/olx_mobile_dataset/images/mobile_06214db079/12.jpg"", ""/content/drive/MyDrive/olx_mobile_dataset/images/mobile_06214db079/13.jpg"", ""/content/drive/MyDrive/olx_mobile_dataset/images/mobile_06214db079/14.jpg"", ""/content/drive/MyDrive/olx_mobile_dataset/images/mobile_06214db079/15.jpg"", ""/content/drive/MyDrive/olx_mobile_dataset/images/mobile_06214db079/16.jpg"", ""/content/drive/MyDrive/olx_mobile_dataset/images/mobile_06214db079/17.jpg"", ""/content/drive/MyDrive/olx_mobile_dataset/images/mobile_06214db079/18.jpg"", ""/content/drive/MyDrive/olx_mobile_dataset/images/mobile_06214db079/19.jpg"", ""/content/drive/MyDrive/olx_mobile_dataset/images/mobile_06214db079/20.jpg"", ""/content/drive/MyDrive/olx_mobile_dataset/images/mobile_06214db079/21.jpg"", ""/content/drive/MyDrive/olx_mobile_dataset/images/mobile_06214db079/22.jpg"", ""/content/drive/MyDrive/olx_mobile_dataset/images/mobile_06214db079/23.jpg"", ""/content/drive/MyDrive/olx_mobile_dataset/images/mobile_06214db079/24.jpg"", ""/content/drive/MyDrive/olx_mobile_dataset/images/mobile_06214db079/25.jpg"", ""/content/drive/MyDrive/olx_mobile_dataset/images/mobile_06214db079/26.jpg""]",26,2026-01-13 06:20:14.364328
mobile_cbb86d1164,https://www.olx.in/item/mobile-phones-c1453-used-iphone-in-belabagan-deoghar-iid-1831452579,Iphone 16 Pro Max 256 GB Natural Titanium,"Mint condition out of warranty First use 15-12-2024 Cycle count 204 Battery health 100 % Bill Box & Cable Available Not any single dent or any sketches Full Fresh and Glossy - Mobile Phones in Belabagan, Deoghar",99999,"[""/content/drive/MyDrive/olx_mobile_dataset/images/mobile_cbb86d1164/1.jpg"", ""/content/drive/MyDrive/olx_mobile_dataset/images/mobile_cbb86d1164/2.jpg"", ""/content/drive/MyDrive/olx_mobile_dataset/images/mobile_cbb86d1164/3.jpg"", ""/content/drive/MyDrive/olx_mobile_dataset/images/mobile_cbb86d1164/4.jpg"", ""/content/drive/MyDrive/olx_mobile_dataset/images/mobile_cbb86d1164/5.jpg"", ""/content/drive/MyDrive/olx_mobile_dataset/images/mobile_cbb86d1164/6.jpg"", ""/content/drive/MyDrive/olx_mobile_dataset/images/mobile_cbb86d1164/7.jpg"", ""/content/drive/MyDrive/olx_mobile_dataset/images/mobile_cbb86d1164/8.jpg"", ""/content/drive/MyDrive/olx_mobile_dataset/images/mobile_cbb86d1164/9.jpg"", ""/content/drive/MyDrive/olx_mobile_dataset/images/mobile_cbb86d1164/10.jpg"", ""/content/drive/MyDrive/olx_mobile_dataset/images/mobile_cbb86d1164/11.jpg"", ""/content/drive/MyDrive/olx_mobile_dataset/images/mobile_cbb86d1164/12.jpg"", ""/content/drive/MyDrive/olx_mobile_dataset/images/mobile_cbb86d1164/13.jpg"", ""/content/drive/MyDrive/olx_mobile_dataset/images/mobile_cbb86d1164/14.jpg"", ""/content/drive/MyDrive/olx_mobile_dataset/images/mobile_cbb86d1164/15.jpg"", ""/content/drive/MyDrive/olx_mobile_dataset/images/mobile_cbb86d1164/16.jpg"", ""/content/drive/MyDrive/olx_mobile_dataset/images/mobile_cbb86d1164/17.jpg"", ""/content/drive/MyDrive/olx_mobile_dataset/images/mobile_cbb86d1164/18.jpg"", ""/content/drive/MyDrive/olx_mobile_dataset/images/mobile_cbb86d1164/19.jpg"", ""/content/drive/MyDrive/olx_mobile_dataset/images/mobile_cbb86d1164/20.jpg"", ""/content/drive/MyDrive/olx_mobile_dataset/images/mobile_cbb86d1164/21.jpg"", ""/content/drive/MyDrive/olx_mobile_dataset/images/mobile_cbb86d1164/22.jpg"", ""/content/drive/MyDrive/olx_mobile_dataset/images/mobile_cbb86d1164/23.jpg"", ""/content/drive/MyDrive/olx_mobile_dataset/images/mobile_cbb86d1164/24.jpg"", ""/content/drive/MyDrive/olx_mobile_dataset/images/mobile_cbb86d1164/25.jpg"", ""/content/drive/MyDrive/olx_mobile_dataset/images/mobile_cbb86d1164/26.jpg""]",26,2026-01-13 06:20:24.986345
mobile_21a03a3cc6,https://www.olx.in/item/mobile-phones-c1453-used-samsung-in-teachers-colony-bengaluru-iid-1827020654,Flip 4 brand new condition,"Samsung flip 4 with 8gb ram and 256 gb internal memory without dent or scratch for sale - Mobile Phones in Teachers Colony, Bengaluru",32000,"[""/content/drive/MyDrive/olx_mobile_dataset/images/mobile_21a03a3cc6/1.jpg"", ""/content/drive/MyDrive/olx_mobile_dataset/images/mobile_21a03a3cc6/2.jpg"", ""/content/drive/MyDrive/olx_mobile_dataset/images/mobile_21a03a3cc6/3.jpg"", ""/content/drive/MyDrive/olx_mobile_dataset/images/mobile_21a03a3cc6/4.jpg"", ""/content/drive/MyDrive/olx_mobile_dataset/images/mobile_21a03a3cc6/5.jpg"", ""/content/drive/MyDrive/olx_mobile_dataset/images/mobile_21a03a3cc6/6.jpg"", ""/content/drive/MyDrive/olx_mobile_dataset/images/mobile_21a03a3cc6/7.jpg"", ""/content/drive/MyDrive/olx_mobile_dataset/images/mobile_21a03a3cc6/8.jpg"", ""/content/drive/MyDrive/olx_mobile_dataset/images/mobile_21a03a3cc6/9.jpg"", ""/content/drive/MyDrive/olx_mobile_dataset/images/mobile_21a03a3cc6/10.jpg"", ""/content/drive/MyDrive/olx_mobile_dataset/images/mobile_21a03a3cc6/11.jpg"", ""/content/drive/MyDrive/olx_mobile_dataset/images/mobile_21a03a3cc6/12.jpg"", ""/content/drive/MyDrive/olx_mobile_dataset/images/mobile_21a03a3cc6/13.jpg"", ""/content/drive/MyDrive/olx_mobile_dataset/images/mobile_21a03a3cc6/14.jpg"", ""/content/drive/MyDrive/olx_mobile_dataset/images/mobile_21a03a3cc6/15.jpg"", ""/content/drive/MyDrive/olx_mobile_dataset/images/mobile_21a03a3cc6/16.jpg"", ""/content/drive/MyDrive/olx_mobile_dataset/images/mobile_21a03a3cc6/17.jpg"", ""/content/drive/MyDrive/olx_mobile_dataset/images/mobile_21a03a3cc6/18.jpg"", ""/content/drive/MyDrive/olx_mobile_dataset/images/mobile_21a03a3cc6/19.jpg"", ""/content/drive/MyDrive/olx_mobile_dataset/images/mobile_21a03a3cc6/20.jpg"", ""/content/drive/MyDrive/olx_mobile_dataset/images/mobile_21a03a3cc6/21.jpg"", ""/content/drive/MyDrive/olx_mobile_dataset/images/mobile_21a03a3cc6/22.jpg"", ""/content/drive/MyDrive/olx_mobile_dataset/images/mobile_21a03a3cc6/23.jpg"", ""/content/drive/MyDrive/olx_mobile_dataset/images/mobile_21a03a3cc6/24.jpg"", ""/content/drive/MyDrive/olx_mobile_dataset/images/mobile_21a03a3cc6/25.jpg"", ""/content/drive/MyDrive/olx_mobile_dataset/images/mobile_21a03a3cc6/26.jpg""]",26,2026-01-13 06:20:37.532603
mobile_accb73d90b,https://www.olx.in/item/mobile-phones-c1453-used-samsung-in-mehdipatnam-hyderabad-iid-1831177977,Samsung Galaxy S21 FE 8/256 URGENT SALE,"Selling my Galaxy S21 FE 8/256 Variant Box, cable and original adapter worth 2000/- available with high quality cases Almost new condition with few usage marks No bill Urgent sale no timepassers cheap offers ignored - Mobile Phones in Mehdipatnam, Hyderabad",20000,"[""/content/drive/MyDrive/olx_mobile_dataset/images/mobile_accb73d90b/1.jpg"", ""/content/drive/MyDrive/olx_mobile_dataset/images/mobile_accb73d90b/2.jpg"", ""/content/drive/MyDrive/olx_mobile_dataset/images/mobile_accb73d90b/3.jpg"", ""/content/drive/MyDrive/olx_mobile_dataset/images/mobile_accb73d90b/4.jpg"", ""/content/drive/MyDrive/olx_mobile_dataset/images/mobile_accb73d90b/5.jpg"", ""/content/drive/MyDrive/olx_mobile_dataset/images/mobile_accb73d90b/6.jpg"", ""/content/drive/MyDrive/olx_mobile_dataset/images/mobile_accb73d90b/7.jpg"", ""/content/drive/MyDrive/olx_mobile_dataset/images/mobile_accb73d90b/8.jpg"", ""/content/drive/MyDrive/olx_mobile_dataset/images/mobile_accb73d90b/9.jpg"", ""/content/drive/MyDrive/olx_mobile_dataset/images/mobile_accb73d90b/10.jpg"", ""/content/drive/MyDrive/olx_mobile_dataset/images/mobile_accb73d90b/11.jpg"", ""/content/drive/MyDrive/olx_mobile_dataset/images/mobile_accb73d90b/12.jpg"", ""/content/drive/MyDrive/olx_mobile_dataset/images/mobile_accb73d90b/13.jpg"", ""/content/drive/MyDrive/olx_mobile_dataset/images/mobile_accb73d90b/14.jpg"", ""/content/drive/MyDrive/olx_mobile_dataset/images/mobile_accb73d90b/15.jpg"", ""/content/drive/MyDrive/olx_mobile_dataset/images/mobile_accb73d90b/16.jpg"", ""/content/drive/MyDrive/olx_mobile_dataset/images/mobile_accb73d90b/17.jpg"", ""/content/drive/MyDrive/olx_mobile_dataset/images/mobile_accb73d90b/18.jpg"", ""/content/drive/MyDrive/olx_mobile_dataset/images/mobile_accb73d90b/19.jpg"", ""/content/drive/MyDrive/olx_mobile_dataset/images/mobile_accb73d90b/20.jpg"", ""/content/drive/MyDrive/olx_mobile_dataset/images/mobile_accb73d90b/21.jpg"", ""/content/drive/MyDrive/olx_mobile_dataset/images/mobile_accb73d90b/22.jpg"", ""/content/drive/MyDrive/olx_mobile_dataset/images/mobile_accb73d90b/23.jpg"", ""/content/drive/MyDrive/olx_mobile_dataset/images/mobile_accb73d90b/24.jpg"", ""/content/drive/MyDrive/olx_mobile_dataset/images/mobile_accb73d90b/25.jpg"", ""/content/drive/MyDrive/olx_mobile_dataset/images/mobile_accb73d90b/26.jpg""]",26,2026-01-13 06:20:48.134864
mobile_68ca4956d9,https://www.olx.in/item/mobile-phones-c1453-used-iphone-in-ghatpadmoor-jagdalpur-iid-1831361207,Iphone 14 plus  with all accessories finance available,"All models are there, used phone with excellent condition - Mobile Phones in Ghatpadmoor, Jagdalpur",25000,"[""/content/drive/MyDrive/olx_mobile_dataset/images/mobile_68ca4956d9/1.jpg"", ""/content/drive/MyDrive/olx_mobile_dataset/images/mobile_68ca4956d9/2.jpg"", ""/content/drive/MyDrive/olx_mobile_dataset/images/mobile_68ca4956d9/3.jpg"", ""/content/drive/MyDrive/olx_mobile_dataset/images/mobile_68ca4956d9/4.jpg"", ""/content/drive/MyDrive/olx_mobile_dataset/images/mobile_68ca4956d9/5.jpg"", ""/content/drive/MyDrive/olx_mobile_dataset/images/mobile_68ca4956d9/6.jpg"", ""/content/drive/MyDrive/olx_mobile_dataset/images/mobile_68ca4956d9/7.jpg"", ""/content/drive/MyDrive/olx_mobile_dataset/images/mobile_68ca4956d9/8.jpg"", ""/content/drive/MyDrive/olx_mobile_dataset/images/mobile_68ca4956d9/9.jpg"", ""/content/drive/MyDrive/olx_mobile_dataset/images/mobile_68ca4956d9/10.jpg"", ""/content/drive/MyDrive/olx_mobile_dataset/images/mobile_68ca4956d9/11.jpg"", ""/content/drive/MyDrive/olx_mobile_dataset/images/mobile_68ca4956d9/12.jpg"", ""/content/drive/MyDrive/olx_mobile_dataset/images/mobile_68ca4956d9/13.jpg"", ""/content/drive/MyDrive/olx_mobile_dataset/images/mobile_68ca4956d9/14.jpg"", ""/content/drive/MyDrive/olx_mobile_dataset/images/mobile_68ca4956d9/15.jpg"", ""/content/drive/MyDrive/olx_mobile_dataset/images/mobile_68ca4956d9/16.jpg"", ""/content/drive/MyDrive/olx_mobile_dataset/images/mobile_68ca4956d9/17.jpg"", ""/content/drive/MyDrive/olx_mobile_dataset/images/mobile_68ca4956d9/18.jpg"", ""/content/drive/MyDrive/olx_mobile_dataset/images/mobile_68ca4956d9/19.jpg"", ""/content/drive/MyDrive/olx_mobile_dataset/images/mobile_68ca4956d9/20.jpg"", ""/content/drive/MyDrive/olx_mobile_dataset/images/mobile_68ca4956d9/21.jpg"", ""/content/drive/MyDrive/olx_mobile_dataset/images/mobile_68ca4956d9/22.jpg"", ""/content/drive/MyDrive/olx_mobile_dataset/images/mobile_68ca4956d9/23.jpg"", ""/content/drive/MyDrive/olx_mobile_dataset/images/mobile_68ca4956d9/24.jpg"", ""/content/drive/MyDrive/olx_mobile_dataset/images/mobile_68ca4956d9/25.jpg"", ""/content/drive/MyDrive/olx_mobile_dataset/images/mobile_68ca4956d9/26.jpg""]",26,2026-01-13 06:20:57.845346
mobile_5dfaed32cd,https://www.olx.in/item/mobile-phones-c1453-used-one-plus-in-khabuthar-khana-hyderabad-iid-1831946620,One plus 9 pro 5g 8/128 gb only phone neat condition,"One plus 9 pro 8/128 orginal condition tym passers stay Away - Mobile Phones in Khabuthar Khana, Hyderabad",16000,"[""/content/drive/MyDrive/olx_mobile_dataset/images/mobile_5dfaed32cd/1.jpg"", ""/content/drive/MyDrive/olx_mobile_dataset/images/mobile_5dfaed32cd/2.jpg"", ""/content/drive/MyDrive/olx_mobile_dataset/images/mobile_5dfaed32cd/3.jpg"", ""/content/drive/MyDrive/olx_mobile_dataset/images/mobile_5dfaed32cd/4.jpg"", ""/content/drive/MyDrive/olx_mobile_dataset/images/mobile_5dfaed32cd/5.jpg"", ""/content/drive/MyDrive/olx_mobile_dataset/images/mobile_5dfaed32cd/6.jpg"", ""/content/drive/MyDrive/olx_mobile_dataset/images/mobile_5dfaed32cd/7.jpg"", ""/content/drive/MyDrive/olx_mobile_dataset/images/mobile_5dfaed32cd/8.jpg"", ""/content/drive/MyDrive/olx_mobile_dataset/images/mobile_5dfaed32cd/9.jpg"", ""/content/drive/MyDrive/olx_mobile_dataset/images/mobile_5dfaed32cd/10.jpg"", ""/content/drive/MyDrive/olx_mobile_dataset/images/mobile_5dfaed32cd/11.jpg"", ""/content/drive/MyDrive/olx_mobile_dataset/images/mobile_5dfaed32cd/12.jpg"", ""/content/drive/MyDrive/olx_mobile_dataset/images/mobile_5dfaed32cd/13.jpg"", ""/content/drive/MyDrive/olx_mobile_dataset/images/mobile_5dfaed32cd/14.jpg"", ""/content/drive/MyDrive/olx_mobile_dataset/images/mobile_5dfaed32cd/15.jpg"", ""/content/drive/MyDrive/olx_mobile_dataset/images/mobile_5dfaed32cd/16.jpg"", ""/content/drive/MyDrive/olx_mobile_dataset/images/mobile_5dfaed32cd/17.jpg"", ""/content/drive/MyDrive/olx_mobile_dataset/images/mobile_5dfaed32cd/18.jpg"", ""/content/drive/MyDrive/olx_mobile_dataset/images/mobile_5dfaed32cd/19.jpg"", ""/content/drive/MyDrive/olx_mobile_dataset/images/mobile_5dfaed32cd/20.jpg"", ""/content/drive/MyDrive/olx_mobile_dataset/images/mobile_5dfaed32cd/21.jpg"", ""/content/drive/MyDrive/olx_mobile_dataset/images/mobile_5dfaed32cd/22.jpg"", ""/content/drive/MyDrive/olx_mobile_dataset/images/mobile_5dfaed32cd/23.jpg"", ""/content/drive/MyDrive/olx_mobile_dataset/images/mobile_5dfaed32cd/24.jpg"", ""/content/drive/MyDrive/olx_mobile_dataset/images/mobile_5dfaed32cd/25.jpg"", ""/content/drive/MyDrive/olx_mobile_dataset/images/mobile_5dfaed32cd/26.jpg""]",26,2026-01-13 06:21:06.934375
mobile_5e0e3fec56,https://www.olx.in/item/mobile-phones-c1453-used-vivo-in-godadara-town-surat-iid-1831946604,Vivo Y200 5G 8/256 Full kit,"Note:- Back pannel normal crack - Mobile Phones in Godadara Town, Surat",10500,"[""/content/drive/MyDrive/olx_mobile_dataset/images/mobile_5e0e3fec56/1.jpg"", ""/content/drive/MyDrive/olx_mobile_dataset/images/mobile_5e0e3fec56/2.jpg"", ""/content/drive/MyDrive/olx_mobile_dataset/images/mobile_5e0e3fec56/3.jpg"", ""/content/drive/MyDrive/olx_mobile_dataset/images/mobile_5e0e3fec56/4.jpg"", ""/content/drive/MyDrive/olx_mobile_dataset/images/mobile_5e0e3fec56/5.jpg"", ""/content/drive/MyDrive/olx_mobile_dataset/images/mobile_5e0e3fec56/6.jpg"", ""/content/drive/MyDrive/olx_mobile_dataset/images/mobile_5e0e3fec56/7.jpg"", ""/content/drive/MyDrive/olx_mobile_dataset/images/mobile_5e0e3fec56/8.jpg"", ""/content/drive/MyDrive/olx_mobile_dataset/images/mobile_5e0e3fec56/9.jpg"", ""/content/drive/MyDrive/olx_mobile_dataset/images/mobile_5e0e3fec56/10.jpg"", ""/content/drive/MyDrive/olx_mobile_dataset/images/mobile_5e0e3fec56/11.jpg"", ""/content/drive/MyDrive/olx_mobile_dataset/images/mobile_5e0e3fec56/12.jpg"", ""/content/drive/MyDrive/olx_mobile_dataset/images/mobile_5e0e3fec56/13.jpg"", ""/content/drive/MyDrive/olx_mobile_dataset/images/mobile_5e0e3fec56/14.jpg"", ""/content/drive/MyDrive/olx_mobile_dataset/images/mobile_5e0e3fec56/15.jpg"", ""/content/drive/MyDrive/olx_mobile_dataset/images/mobile_5e0e3fec56/16.jpg"", ""/content/drive/MyDrive/olx_mobile_dataset/images/mobile_5e0e3fec56/17.jpg"", ""/content/drive/MyDrive/olx_mobile_dataset/images/mobile_5e0e3fec56/18.jpg"", ""/content/drive/MyDrive/olx_mobile_dataset/images/mobile_5e0e3fec56/19.jpg"", ""/content/drive/MyDrive/olx_mobile_dataset/images/mobile_5e0e3fec56/20.jpg"", ""/content/drive/MyDrive/olx_mobile_dataset/images/mobile_5e0e3fec56/21.jpg"", ""/content/drive/MyDrive/olx_mobile_dataset/images/mobile_5e0e3fec56/22.jpg"", ""/content/drive/MyDrive/olx_mobile_dataset/images/mobile_5e0e3fec56/23.jpg"", ""/content/drive/MyDrive/olx_mobile_dataset/images/mobile_5e0e3fec56/24.jpg"", ""/content/drive/MyDrive/olx_mobile_dataset/images/mobile_5e0e3fec56/25.jpg"", ""/content/drive/MyDrive/olx_mobile_dataset/images/mobile_5e0e3fec56/26.jpg""]",26,2026-01-13 06:21:17.485135
mobile_bab018c70b,https://www.olx.in/item/mobile-phones-c1453-used-nothing-in-unta-jehanabad-iid-1831714422,CMF Phone 1,"Only 1 year old Mobile and original Charger No Problem in device only money problem. - Mobile Phones in Unta, Jehanabad",12000,"[""/content/drive/MyDrive/olx_mobile_dataset/images/mobile_bab018c70b/1.jpg"", ""/content/drive/MyDrive/olx_mobile_dataset/images/mobile_bab018c70b/2.jpg"", ""/content/drive/MyDrive/olx_mobile_dataset/images/mobile_bab018c70b/3.jpg"", ""/content/drive/MyDrive/olx_mobile_dataset/images/mobile_bab018c70b/4.jpg"", ""/content/drive/MyDrive/olx_mobile_dataset/images/mobile_bab018c70b/5.jpg"", ""/content/drive/MyDrive/olx_mobile_dataset/images/mobile_bab018c70b/6.jpg"", ""/content/drive/MyDrive/olx_mobile_dataset/images/mobile_bab018c70b/7.jpg"", ""/content/drive/MyDrive/olx_mobile_dataset/images/mobile_bab018c70b/8.jpg"", ""/content/drive/MyDrive/olx_mobile_dataset/images/mobile_bab018c70b/9.jpg"", ""/content/drive/MyDrive/olx_mobile_dataset/images/mobile_bab018c70b/10.jpg"", ""/content/drive/MyDrive/olx_mobile_dataset/images/mobile_bab018c70b/11.jpg"", ""/content/drive/MyDrive/olx_mobile_dataset/images/mobile_bab018c70b/12.jpg"", ""/content/drive/MyDrive/olx_mobile_dataset/images/mobile_bab018c70b/13.jpg"", ""/content/drive/MyDrive/olx_mobile_dataset/images/mobile_bab018c70b/14.jpg"", ""/content/drive/MyDrive/olx_mobile_dataset/images/mobile_bab018c70b/15.jpg"", ""/content/drive/MyDrive/olx_mobile_dataset/images/mobile_bab018c70b/16.jpg"", ""/content/drive/MyDrive/olx_mobile_dataset/images/mobile_bab018c70b/17.jpg"", ""/content/drive/MyDrive/olx_mobile_dataset/images/mobile_bab018c70b/18.jpg"", ""/content/drive/MyDrive/olx_mobile_dataset/images/mobile_bab018c70b/19.jpg"", ""/content/drive/MyDrive/olx_mobile_dataset/images/mobile_bab018c70b/20.jpg"", ""/content/drive/MyDrive/olx_mobile_dataset/images/mobile_bab018c70b/21.jpg"", ""/content/drive/MyDrive/olx_mobile_dataset/images/mobile_bab018c70b/22.jpg"", ""/content/drive/MyDrive/olx_mobile_dataset/images/mobile_bab018c70b/23.jpg"", ""/content/drive/MyDrive/olx_mobile_dataset/images/mobile_bab018c70b/24.jpg"", ""/content/drive/MyDrive/olx_mobile_dataset/images/mobile_bab018c70b/25.jpg"", ""/content/drive/MyDrive/olx_mobile_dataset/images/mobile_bab018c70b/26.jpg""]",26,2026-01-13 06:21:28.536238
mobile_b9f5741154,https://www.olx.in/item/mobile-phones-c1453-used-samsung-in-chinnakada-kollam-iid-1831946661,Samsung s22 ultra urgent sale,"Display green line issue Vere oru issue illa Phone side battery pakka ah Camera pakka ah Full box and charrger available Price negotiable ah Don't come to cheap bargain - Mobile Phones in Chinnakada, Kollam",18500,"[""/content/drive/MyDrive/olx_mobile_dataset/images/mobile_b9f5741154/1.jpg"", ""/content/drive/MyDrive/olx_mobile_dataset/images/mobile_b9f5741154/2.jpg"", ""/content/drive/MyDrive/olx_mobile_dataset/images/mobile_b9f5741154/3.jpg"", ""/content/drive/MyDrive/olx_mobile_dataset/images/mobile_b9f5741154/4.jpg"", ""/content/drive/MyDrive/olx_mobile_dataset/images/mobile_b9f5741154/5.jpg"", ""/content/drive/MyDrive/olx_mobile_dataset/images/mobile_b9f5741154/6.jpg"", ""/content/drive/MyDrive/olx_mobile_dataset/images/mobile_b9f5741154/7.jpg"", ""/content/drive/MyDrive/olx_mobile_dataset/images/mobile_b9f5741154/8.jpg"", ""/content/drive/MyDrive/olx_mobile_dataset/images/mobile_b9f5741154/9.jpg"", ""/content/drive/MyDrive/olx_mobile_dataset/images/mobile_b9f5741154/10.jpg"", ""/content/drive/MyDrive/olx_mobile_dataset/images/mobile_b9f5741154/11.jpg"", ""/content/drive/MyDrive/olx_mobile_dataset/images/mobile_b9f5741154/12.jpg"", ""/content/drive/MyDrive/olx_mobile_dataset/images/mobile_b9f5741154/13.jpg"", ""/content/drive/MyDrive/olx_mobile_dataset/images/mobile_b9f5741154/14.jpg"", ""/content/drive/MyDrive/olx_mobile_dataset/images/mobile_b9f5741154/15.jpg"", ""/content/drive/MyDrive/olx_mobile_dataset/images/mobile_b9f5741154/16.jpg"", ""/content/drive/MyDrive/olx_mobile_dataset/images/mobile_b9f5741154/17.jpg"", ""/content/drive/MyDrive/olx_mobile_dataset/images/mobile_b9f5741154/18.jpg"", ""/content/drive/MyDrive/olx_mobile_dataset/images/mobile_b9f5741154/19.jpg"", ""/content/drive/MyDrive/olx_mobile_dataset/images/mobile_b9f5741154/20.jpg"", ""/content/drive/MyDrive/olx_mobile_dataset/images/mobile_b9f5741154/21.jpg"", ""/content/drive/MyDrive/olx_mobile_dataset/images/mobile_b9f5741154/22.jpg"", ""/content/drive/MyDrive/olx_mobile_dataset/images/mobile_b9f5741154/23.jpg"", ""/content/drive/MyDrive/olx_mobile_dataset/images/mobile_b9f5741154/24.jpg"", ""/content/drive/MyDrive/olx_mobile_dataset/images/mobile_b9f5741154/25.jpg"", ""/content/drive/MyDrive/olx_mobile_dataset/images/mobile_b9f5741154/26.jpg""]",26,2026-01-13 06:21:40.036057
mobile_6fb50276a7,https://www.olx.in/item/mobile-phones-c1453-used-samsung-in-gajuwaka-visakhapatnam-iid-1831185036,Used Samsung galaxy S24 ultra titanium grey emi available,"12gb ram 256gb rom , all colours and models are there - Mobile Phones in Gajuwaka, Visakhapatnam",26000,"[""/content/drive/MyDrive/olx_mobile_dataset/images/mobile_6fb50276a7/1.jpg"", ""/content/drive/MyDrive/olx_mobile_dataset/images/mobile_6fb50276a7/2.jpg"", ""/content/drive/MyDrive/olx_mobile_dataset/images/mobile_6fb50276a7/3.jpg"", ""/content/drive/MyDrive/olx_mobile_dataset/images/mobile_6fb50276a7/4.jpg"", ""/content/drive/MyDrive/olx_mobile_dataset/images/mobile_6fb50276a7/5.jpg"", ""/content/drive/MyDrive/olx_mobile_dataset/images/mobile_6fb50276a7/6.jpg"", ""/content/drive/MyDrive/olx_mobile_dataset/images/mobile_6fb50276a7/7.jpg"", ""/content/drive/MyDrive/olx_mobile_dataset/images/mobile_6fb50276a7/8.jpg"", ""/content/drive/MyDrive/olx_mobile_dataset/images/mobile_6fb50276a7/9.jpg"", ""/content/drive/MyDrive/olx_mobile_dataset/images/mobile_6fb50276a7/10.jpg"", ""/content/drive/MyDrive/olx_mobile_dataset/images/mobile_6fb50276a7/11.jpg"", ""/content/drive/MyDrive/olx_mobile_dataset/images/mobile_6fb50276a7/12.jpg"", ""/content/drive/MyDrive/olx_mobile_dataset/images/mobile_6fb50276a7/13.jpg"", ""/content/drive/MyDrive/olx_mobile_dataset/images/mobile_6fb50276a7/14.jpg"", ""/content/drive/MyDrive/olx_mobile_dataset/images/mobile_6fb50276a7/15.jpg"", ""/content/drive/MyDrive/olx_mobile_dataset/images/mobile_6fb50276a7/16.jpg"", ""/content/drive/MyDrive/olx_mobile_dataset/images/mobile_6fb50276a7/17.jpg"", ""/content/drive/MyDrive/olx_mobile_dataset/images/mobile_6fb50276a7/18.jpg"", ""/content/drive/MyDrive/olx_mobile_dataset/images/mobile_6fb50276a7/19.jpg"", ""/content/drive/MyDrive/olx_mobile_dataset/images/mobile_6fb50276a7/20.jpg"", ""/content/drive/MyDrive/olx_mobile_dataset/images/mobile_6fb50276a7/21.jpg"", ""/content/drive/MyDrive/olx_mobile_dataset/images/mobile_6fb50276a7/22.jpg"", ""/content/drive/MyDrive/olx_mobile_dataset/images/mobile_6fb50276a7/23.jpg"", ""/content/drive/MyDrive/olx_mobile_dataset/images/mobile_6fb50276a7/24.jpg"", ""/content/drive/MyDrive/olx_mobile_dataset/images/mobile_6fb50276a7/25.jpg"", ""/content/drive/MyDrive/olx_mobile_dataset/images/mobile_6fb50276a7/26.jpg""]",26,2026-01-13 06:21:48.709391
mobile_c81e644e2c,https://www.olx.in/item/mobile-phones-c1453-used-iphone-in-subhash-nagar-karimnagar-iid-1831361455,Iphone 14 plus  with all accessories finance available,"All models are there used phones with excellent condition - Mobile Phones in Subhash Nagar, Karimnagar",23800,"[""/content/drive/MyDrive/olx_mobile_dataset/images/mobile_c81e644e2c/1.jpg"", ""/content/drive/MyDrive/olx_mobile_dataset/images/mobile_c81e644e2c/2.jpg"", ""/content/drive/MyDrive/olx_mobile_dataset/images/mobile_c81e644e2c/3.jpg"", ""/content/drive/MyDrive/olx_mobile_dataset/images/mobile_c81e644e2c/4.jpg"", ""/content/drive/MyDrive/olx_mobile_dataset/images/mobile_c81e644e2c/5.jpg"", ""/content/drive/MyDrive/olx_mobile_dataset/images/mobile_c81e644e2c/6.jpg"", ""/content/drive/MyDrive/olx_mobile_dataset/images/mobile_c81e644e2c/7.jpg"", ""/content/drive/MyDrive/olx_mobile_dataset/images/mobile_c81e644e2c/8.jpg"", ""/content/drive/MyDrive/olx_mobile_dataset/images/mobile_c81e644e2c/9.jpg"", ""/content/drive/MyDrive/olx_mobile_dataset/images/mobile_c81e644e2c/10.jpg"", ""/content/drive/MyDrive/olx_mobile_dataset/images/mobile_c81e644e2c/11.jpg"", ""/content/drive/MyDrive/olx_mobile_dataset/images/mobile_c81e644e2c/12.jpg"", ""/content/drive/MyDrive/olx_mobile_dataset/images/mobile_c81e644e2c/13.jpg"", ""/content/drive/MyDrive/olx_mobile_dataset/images/mobile_c81e644e2c/14.jpg"", ""/content/drive/MyDrive/olx_mobile_dataset/images/mobile_c81e644e2c/15.jpg"", ""/content/drive/MyDrive/olx_mobile_dataset/images/mobile_c81e644e2c/16.jpg"", ""/content/drive/MyDrive/olx_mobile_dataset/images/mobile_c81e644e2c/17.jpg"", ""/content/drive/MyDrive/olx_mobile_dataset/images/mobile_c81e644e2c/18.jpg"", ""/content/drive/MyDrive/olx_mobile_dataset/images/mobile_c81e644e2c/19.jpg"", ""/content/drive/MyDrive/olx_mobile_dataset/images/mobile_c81e644e2c/20.jpg"", ""/content/drive/MyDrive/olx_mobile_dataset/images/mobile_c81e644e2c/21.jpg"", ""/content/drive/MyDrive/olx_mobile_dataset/images/mobile_c81e644e2c/22.jpg"", ""/content/drive/MyDrive/olx_mobile_dataset/images/mobile_c81e644e2c/23.jpg"", ""/content/drive/MyDrive/olx_mobile_dataset/images/mobile_c81e644e2c/24.jpg"", ""/content/drive/MyDrive/olx_mobile_dataset/images/mobile_c81e644e2c/25.jpg"", ""/content/drive/MyDrive/olx_mobile_dataset/images/mobile_c81e644e2c/26.jpg""]",26,2026-01-13 06:21:58.814533
mobile_a8404e0947,https://www.olx.in/item/mobile-phones-c1453-used-vivo-in-amlidih-raipur-iid-1831946603,Vivo IQ 13 12/256 in New Condition,"Vivo IQ 13 Ekdum New Condition Hai Ek Baar B Khula nahi Hai Bill Box Charger Sab Available hai Dent Scratch Kuch Nahi hai - Mobile Phones in Amlidih, Raipur",40999,"[""/content/drive/MyDrive/olx_mobile_dataset/images/mobile_a8404e0947/1.jpg"", ""/content/drive/MyDrive/olx_mobile_dataset/images/mobile_a8404e0947/2.jpg"", ""/content/drive/MyDrive/olx_mobile_dataset/images/mobile_a8404e0947/3.jpg"", ""/content/drive/MyDrive/olx_mobile_dataset/images/mobile_a8404e0947/4.jpg"", ""/content/drive/MyDrive/olx_mobile_dataset/images/mobile_a8404e0947/5.jpg"", ""/content/drive/MyDrive/olx_mobile_dataset/images/mobile_a8404e0947/6.jpg"", ""/content/drive/MyDrive/olx_mobile_dataset/images/mobile_a8404e0947/7.jpg"", ""/content/drive/MyDrive/olx_mobile_dataset/images/mobile_a8404e0947/8.jpg"", ""/content/drive/MyDrive/olx_mobile_dataset/images/mobile_a8404e0947/9.jpg"", ""/content/drive/MyDrive/olx_mobile_dataset/images/mobile_a8404e0947/10.jpg"", ""/content/drive/MyDrive/olx_mobile_dataset/images/mobile_a8404e0947/11.jpg"", ""/content/drive/MyDrive/olx_mobile_dataset/images/mobile_a8404e0947/12.jpg"", ""/content/drive/MyDrive/olx_mobile_dataset/images/mobile_a8404e0947/13.jpg"", ""/content/drive/MyDrive/olx_mobile_dataset/images/mobile_a8404e0947/14.jpg"", ""/content/drive/MyDrive/olx_mobile_dataset/images/mobile_a8404e0947/15.jpg"", ""/content/drive/MyDrive/olx_mobile_dataset/images/mobile_a8404e0947/16.jpg"", ""/content/drive/MyDrive/olx_mobile_dataset/images/mobile_a8404e0947/17.jpg"", ""/content/drive/MyDrive/olx_mobile_dataset/images/mobile_a8404e0947/18.jpg"", ""/content/drive/MyDrive/olx_mobile_dataset/images/mobile_a8404e0947/19.jpg"", ""/content/drive/MyDrive/olx_mobile_dataset/images/mobile_a8404e0947/20.jpg"", ""/content/drive/MyDrive/olx_mobile_dataset/images/mobile_a8404e0947/21.jpg"", ""/content/drive/MyDrive/olx_mobile_dataset/images/mobile_a8404e0947/22.jpg"", ""/content/drive/MyDrive/olx_mobile_dataset/images/mobile_a8404e0947/23.jpg"", ""/content/drive/MyDrive/olx_mobile_dataset/images/mobile_a8404e0947/24.jpg"", ""/content/drive/MyDrive/olx_mobile_dataset/images/mobile_a8404e0947/25.jpg"", ""/content/drive/MyDrive/olx_mobile_dataset/images/mobile_a8404e0947/26.jpg""]",26,2026-01-13 06:22:08.980235
mobile_8ed694cb59,https://www.olx.in/item/mobile-phones-c1453-used-samsung-in-vasundhara-sector-18-ghaziabad-iid-1831185150,Used Samsung galaxy S24 ultra titanium grey emi available,"12gb ram 256gb rom , all colours and models are there - Mobile Phones in Vasundhara Sector 18, Ghaziabad",25500,"[""/content/drive/MyDrive/olx_mobile_dataset/images/mobile_8ed694cb59/1.jpg"", ""/content/drive/MyDrive/olx_mobile_dataset/images/mobile_8ed694cb59/2.jpg"", ""/content/drive/MyDrive/olx_mobile_dataset/images/mobile_8ed694cb59/3.jpg"", ""/content/drive/MyDrive/olx_mobile_dataset/images/mobile_8ed694cb59/4.jpg"", ""/content/drive/MyDrive/olx_mobile_dataset/images/mobile_8ed694cb59/5.jpg"", ""/content/drive/MyDrive/olx_mobile_dataset/images/mobile_8ed694cb59/6.jpg"", ""/content/drive/MyDrive/olx_mobile_dataset/images/mobile_8ed694cb59/7.jpg"", ""/content/drive/MyDrive/olx_mobile_dataset/images/mobile_8ed694cb59/8.jpg"", ""/content/drive/MyDrive/olx_mobile_dataset/images/mobile_8ed694cb59/9.jpg"", ""/content/drive/MyDrive/olx_mobile_dataset/images/mobile_8ed694cb59/10.jpg"", ""/content/drive/MyDrive/olx_mobile_dataset/images/mobile_8ed694cb59/11.jpg"", ""/content/drive/MyDrive/olx_mobile_dataset/images/mobile_8ed694cb59/12.jpg"", ""/content/drive/MyDrive/olx_mobile_dataset/images/mobile_8ed694cb59/13.jpg"", ""/content/drive/MyDrive/olx_mobile_dataset/images/mobile_8ed694cb59/14.jpg"", ""/content/drive/MyDrive/olx_mobile_dataset/images/mobile_8ed694cb59/15.jpg"", ""/content/drive/MyDrive/olx_mobile_dataset/images/mobile_8ed694cb59/16.jpg"", ""/content/drive/MyDrive/olx_mobile_dataset/images/mobile_8ed694cb59/17.jpg"", ""/content/drive/MyDrive/olx_mobile_dataset/images/mobile_8ed694cb59/18.jpg"", ""/content/drive/MyDrive/olx_mobile_dataset/images/mobile_8ed694cb59/19.jpg"", ""/content/drive/MyDrive/olx_mobile_dataset/images/mobile_8ed694cb59/20.jpg"", ""/content/drive/MyDrive/olx_mobile_dataset/images/mobile_8ed694cb59/21.jpg"", ""/content/drive/MyDrive/olx_mobile_dataset/images/mobile_8ed694cb59/22.jpg"", ""/content/drive/MyDrive/olx_mobile_dataset/images/mobile_8ed694cb59/23.jpg"", ""/content/drive/MyDrive/olx_mobile_dataset/images/mobile_8ed694cb59/24.jpg"", ""/content/drive/MyDrive/olx_mobile_dataset/images/mobile_8ed694cb59/25.jpg"", ""/content/drive/MyDrive/olx_mobile_dataset/images/mobile_8ed694cb59/26.jpg""]",26,2026-01-13 06:22:20.784921
mobile_bb02c91598,https://www.olx.in/item/mobile-phones-c1453-used-samsung-in-gachibowli-hyderabad-iid-1825429422,Samsung A35 8GB/256GB for sale,"Samsung A35 8GB/256GB for sale!! BRAND NEW CONDITION!!! - Mobile Phones in Gachibowli, Hyderabad",19999,"[""/content/drive/MyDrive/olx_mobile_dataset/images/mobile_bb02c91598/1.jpg"", ""/content/drive/MyDrive/olx_mobile_dataset/images/mobile_bb02c91598/2.jpg"", ""/content/drive/MyDrive/olx_mobile_dataset/images/mobile_bb02c91598/3.jpg"", ""/content/drive/MyDrive/olx_mobile_dataset/images/mobile_bb02c91598/4.jpg"", ""/content/drive/MyDrive/olx_mobile_dataset/images/mobile_bb02c91598/5.jpg"", ""/content/drive/MyDrive/olx_mobile_dataset/images/mobile_bb02c91598/6.jpg"", ""/content/drive/MyDrive/olx_mobile_dataset/images/mobile_bb02c91598/7.jpg"", ""/content/drive/MyDrive/olx_mobile_dataset/images/mobile_bb02c91598/8.jpg"", ""/content/drive/MyDrive/olx_mobile_dataset/images/mobile_bb02c91598/9.jpg"", ""/content/drive/MyDrive/olx_mobile_dataset/images/mobile_bb02c91598/10.jpg"", ""/content/drive/MyDrive/olx_mobile_dataset/images/mobile_bb02c91598/11.jpg"", ""/content/drive/MyDrive/olx_mobile_dataset/images/mobile_bb02c91598/12.jpg"", ""/content/drive/MyDrive/olx_mobile_dataset/images/mobile_bb02c91598/13.jpg"", ""/content/drive/MyDrive/olx_mobile_dataset/images/mobile_bb02c91598/14.jpg"", ""/content/drive/MyDrive/olx_mobile_dataset/images/mobile_bb02c91598/15.jpg"", ""/content/drive/MyDrive/olx_mobile_dataset/images/mobile_bb02c91598/16.jpg"", ""/content/drive/MyDrive/olx_mobile_dataset/images/mobile_bb02c91598/17.jpg"", ""/content/drive/MyDrive/olx_mobile_dataset/images/mobile_bb02c91598/18.jpg"", ""/content/drive/MyDrive/olx_mobile_dataset/images/mobile_bb02c91598/19.jpg"", ""/content/drive/MyDrive/olx_mobile_dataset/images/mobile_bb02c91598/20.jpg"", ""/content/drive/MyDrive/olx_mobile_dataset/images/mobile_bb02c91598/21.jpg"", ""/content/drive/MyDrive/olx_mobile_dataset/images/mobile_bb02c91598/22.jpg"", ""/content/drive/MyDrive/olx_mobile_dataset/images/mobile_bb02c91598/23.jpg"", ""/content/drive/MyDrive/olx_mobile_dataset/images/mobile_bb02c91598/24.jpg"", ""/content/drive/MyDrive/olx_mobile_dataset/images/mobile_bb02c91598/25.jpg"", ""/content/drive/MyDrive/olx_mobile_dataset/images/mobile_bb02c91598/26.jpg""]",26,2026-01-13 06:22:32.316541
mobile_5ea34ebcca,https://www.olx.in/item/mobile-phones-c1453-used-iphone-in-balaganj-lucknow-iid-1829488128,Iphone 11 256gb with new 100% battery condition for 22k only. With box,"Mint condition of iPhone with box. Selling for 22k. IPhone 11 256gb. Serious buyers only. Balaganj lucknow. - Mobile Phones in Balaganj, Lucknow",20000,"[""/content/drive/MyDrive/olx_mobile_dataset/images/mobile_5ea34ebcca/1.jpg"", ""/content/drive/MyDrive/olx_mobile_dataset/images/mobile_5ea34ebcca/2.jpg"", ""/content/drive/MyDrive/olx_mobile_dataset/images/mobile_5ea34ebcca/3.jpg"", ""/content/drive/MyDrive/olx_mobile_dataset/images/mobile_5ea34ebcca/4.jpg"", ""/content/drive/MyDrive/olx_mobile_dataset/images/mobile_5ea34ebcca/5.jpg"", ""/content/drive/MyDrive/olx_mobile_dataset/images/mobile_5ea34ebcca/6.jpg"", ""/content/drive/MyDrive/olx_mobile_dataset/images/mobile_5ea34ebcca/7.jpg"", ""/content/drive/MyDrive/olx_mobile_dataset/images/mobile_5ea34ebcca/8.jpg"", ""/content/drive/MyDrive/olx_mobile_dataset/images/mobile_5ea34ebcca/9.jpg"", ""/content/drive/MyDrive/olx_mobile_dataset/images/mobile_5ea34ebcca/10.jpg"", ""/content/drive/MyDrive/olx_mobile_dataset/images/mobile_5ea34ebcca/11.jpg"", ""/content/drive/MyDrive/olx_mobile_dataset/images/mobile_5ea34ebcca/12.jpg"", ""/content/drive/MyDrive/olx_mobile_dataset/images/mobile_5ea34ebcca/13.jpg"", ""/content/drive/MyDrive/olx_mobile_dataset/images/mobile_5ea34ebcca/14.jpg"", ""/content/drive/MyDrive/olx_mobile_dataset/images/mobile_5ea34ebcca/15.jpg"", ""/content/drive/MyDrive/olx_mobile_dataset/images/mobile_5ea34ebcca/16.jpg"", ""/content/drive/MyDrive/olx_mobile_dataset/images/mobile_5ea34ebcca/17.jpg"", ""/content/drive/MyDrive/olx_mobile_dataset/images/mobile_5ea34ebcca/18.jpg"", ""/content/drive/MyDrive/olx_mobile_dataset/images/mobile_5ea34ebcca/19.jpg"", ""/content/drive/MyDrive/olx_mobile_dataset/images/mobile_5ea34ebcca/20.jpg"", ""/content/drive/MyDrive/olx_mobile_dataset/images/mobile_5ea34ebcca/21.jpg"", ""/content/drive/MyDrive/olx_mobile_dataset/images/mobile_5ea34ebcca/22.jpg"", ""/content/drive/MyDrive/olx_mobile_dataset/images/mobile_5ea34ebcca/23.jpg"", ""/content/drive/MyDrive/olx_mobile_dataset/images/mobile_5ea34ebcca/24.jpg"", ""/content/drive/MyDrive/olx_mobile_dataset/images/mobile_5ea34ebcca/25.jpg"", ""/content/drive/MyDrive/olx_mobile_dataset/images/mobile_5ea34ebcca/26.jpg""]",26,2026-01-13 06:22:41.784460
mobile_ff1e0ab4a7,https://www.olx.in/item/mobile-phones-c1453-used-samsung-in-shrinagar-ahmedabad-iid-1827998978,Brand New SAMSUNG unused - Imported from CANADA,"Brand new imported piece from Canada. Deep blue colour.Never used even once. Activated in september but phone is unused. Original Samsung product with box and accessories. Warranty available as per region. Price slightly negotiable.” 12GB/512GB - Mobile Phones in Shrinagar, Ahmedabad",110000,"[""/content/drive/MyDrive/olx_mobile_dataset/images/mobile_ff1e0ab4a7/1.jpg"", ""/content/drive/MyDrive/olx_mobile_dataset/images/mobile_ff1e0ab4a7/2.jpg"", ""/content/drive/MyDrive/olx_mobile_dataset/images/mobile_ff1e0ab4a7/3.jpg"", ""/content/drive/MyDrive/olx_mobile_dataset/images/mobile_ff1e0ab4a7/4.jpg"", ""/content/drive/MyDrive/olx_mobile_dataset/images/mobile_ff1e0ab4a7/5.jpg"", ""/content/drive/MyDrive/olx_mobile_dataset/images/mobile_ff1e0ab4a7/6.jpg"", ""/content/drive/MyDrive/olx_mobile_dataset/images/mobile_ff1e0ab4a7/7.jpg"", ""/content/drive/MyDrive/olx_mobile_dataset/images/mobile_ff1e0ab4a7/8.jpg"", ""/content/drive/MyDrive/olx_mobile_dataset/images/mobile_ff1e0ab4a7/9.jpg"", ""/content/drive/MyDrive/olx_mobile_dataset/images/mobile_ff1e0ab4a7/10.jpg"", ""/content/drive/MyDrive/olx_mobile_dataset/images/mobile_ff1e0ab4a7/11.jpg"", ""/content/drive/MyDrive/olx_mobile_dataset/images/mobile_ff1e0ab4a7/12.jpg"", ""/content/drive/MyDrive/olx_mobile_dataset/images/mobile_ff1e0ab4a7/13.jpg"", ""/content/drive/MyDrive/olx_mobile_dataset/images/mobile_ff1e0ab4a7/14.jpg"", ""/content/drive/MyDrive/olx_mobile_dataset/images/mobile_ff1e0ab4a7/15.jpg"", ""/content/drive/MyDrive/olx_mobile_dataset/images/mobile_ff1e0ab4a7/16.jpg"", ""/content/drive/MyDrive/olx_mobile_dataset/images/mobile_ff1e0ab4a7/17.jpg"", ""/content/drive/MyDrive/olx_mobile_dataset/images/mobile_ff1e0ab4a7/18.jpg"", ""/content/drive/MyDrive/olx_mobile_dataset/images/mobile_ff1e0ab4a7/19.jpg"", ""/content/drive/MyDrive/olx_mobile_dataset/images/mobile_ff1e0ab4a7/20.jpg"", ""/content/drive/MyDrive/olx_mobile_dataset/images/mobile_ff1e0ab4a7/21.jpg"", ""/content/drive/MyDrive/olx_mobile_dataset/images/mobile_ff1e0ab4a7/22.jpg"", ""/content/drive/MyDrive/olx_mobile_dataset/images/mobile_ff1e0ab4a7/23.jpg"", ""/content/drive/MyDrive/olx_mobile_dataset/images/mobile_ff1e0ab4a7/24.jpg"", ""/content/drive/MyDrive/olx_mobile_dataset/images/mobile_ff1e0ab4a7/25.jpg"", ""/content/drive/MyDrive/olx_mobile_dataset/images/mobile_ff1e0ab4a7/26.jpg""]",26,2026-01-13 06:22:52.738833
mobile_3f5be7e5df,https://www.olx.in/item/mobile-phones-c1453-used-iphone-in-dargopur-kiratpur-iid-1831946708,5G he all new he,"1 months old 100 battery helth he - Mobile Phones in Dargopur, Kiratpur",46000,"[""/content/drive/MyDrive/olx_mobile_dataset/images/mobile_3f5be7e5df/1.jpg"", ""/content/drive/MyDrive/olx_mobile_dataset/images/mobile_3f5be7e5df/2.jpg"", ""/content/drive/MyDrive/olx_mobile_dataset/images/mobile_3f5be7e5df/3.jpg"", ""/content/drive/MyDrive/olx_mobile_dataset/images/mobile_3f5be7e5df/4.jpg"", ""/content/drive/MyDrive/olx_mobile_dataset/images/mobile_3f5be7e5df/5.jpg"", ""/content/drive/MyDrive/olx_mobile_dataset/images/mobile_3f5be7e5df/6.jpg"", ""/content/drive/MyDrive/olx_mobile_dataset/images/mobile_3f5be7e5df/7.jpg"", ""/content/drive/MyDrive/olx_mobile_dataset/images/mobile_3f5be7e5df/8.jpg"", ""/content/drive/MyDrive/olx_mobile_dataset/images/mobile_3f5be7e5df/9.jpg"", ""/content/drive/MyDrive/olx_mobile_dataset/images/mobile_3f5be7e5df/10.jpg"", ""/content/drive/MyDrive/olx_mobile_dataset/images/mobile_3f5be7e5df/11.jpg"", ""/content/drive/MyDrive/olx_mobile_dataset/images/mobile_3f5be7e5df/12.jpg"", ""/content/drive/MyDrive/olx_mobile_dataset/images/mobile_3f5be7e5df/13.jpg"", ""/content/drive/MyDrive/olx_mobile_dataset/images/mobile_3f5be7e5df/14.jpg"", ""/content/drive/MyDrive/olx_mobile_dataset/images/mobile_3f5be7e5df/15.jpg"", ""/content/drive/MyDrive/olx_mobile_dataset/images/mobile_3f5be7e5df/16.jpg"", ""/content/drive/MyDrive/olx_mobile_dataset/images/mobile_3f5be7e5df/17.jpg"", ""/content/drive/MyDrive/olx_mobile_dataset/images/mobile_3f5be7e5df/18.jpg"", ""/content/drive/MyDrive/olx_mobile_dataset/images/mobile_3f5be7e5df/19.jpg"", ""/content/drive/MyDrive/olx_mobile_dataset/images/mobile_3f5be7e5df/20.jpg"", ""/content/drive/MyDrive/olx_mobile_dataset/images/mobile_3f5be7e5df/21.jpg"", ""/content/drive/MyDrive/olx_mobile_dataset/images/mobile_3f5be7e5df/22.jpg"", ""/content/drive/MyDrive/olx_mobile_dataset/images/mobile_3f5be7e5df/23.jpg"", ""/content/drive/MyDrive/olx_mobile_dataset/images/mobile_3f5be7e5df/24.jpg"", ""/content/drive/MyDrive/olx_mobile_dataset/images/mobile_3f5be7e5df/25.jpg"", ""/content/drive/MyDrive/olx_mobile_dataset/images/mobile_3f5be7e5df/26.jpg""]",26,2026-01-13 06:23:03.671654
mobile_5871d47fae,https://www.olx.in/item/mobile-phones-c1453-used-vivo-in-maddilapalem-visakhapatnam-iid-1831946560,"Vivo x300 pro just seal cut mobiles available, Gold and black","Vivo x300 pro just seal cut mobiles available, Gold and black, Best price... - Mobile Phones in Maddilapalem, Visakhapatnam",90000,"[""/content/drive/MyDrive/olx_mobile_dataset/images/mobile_5871d47fae/1.jpg"", ""/content/drive/MyDrive/olx_mobile_dataset/images/mobile_5871d47fae/2.jpg"", ""/content/drive/MyDrive/olx_mobile_dataset/images/mobile_5871d47fae/3.jpg"", ""/content/drive/MyDrive/olx_mobile_dataset/images/mobile_5871d47fae/4.jpg"", ""/content/drive/MyDrive/olx_mobile_dataset/images/mobile_5871d47fae/5.jpg"", ""/content/drive/MyDrive/olx_mobile_dataset/images/mobile_5871d47fae/6.jpg"", ""/content/drive/MyDrive/olx_mobile_dataset/images/mobile_5871d47fae/7.jpg"", ""/content/drive/MyDrive/olx_mobile_dataset/images/mobile_5871d47fae/8.jpg"", ""/content/drive/MyDrive/olx_mobile_dataset/images/mobile_5871d47fae/9.jpg"", ""/content/drive/MyDrive/olx_mobile_dataset/images/mobile_5871d47fae/10.jpg"", ""/content/drive/MyDrive/olx_mobile_dataset/images/mobile_5871d47fae/11.jpg"", ""/content/drive/MyDrive/olx_mobile_dataset/images/mobile_5871d47fae/12.jpg"", ""/content/drive/MyDrive/olx_mobile_dataset/images/mobile_5871d47fae/13.jpg"", ""/content/drive/MyDrive/olx_mobile_dataset/images/mobile_5871d47fae/14.jpg"", ""/content/drive/MyDrive/olx_mobile_dataset/images/mobile_5871d47fae/15.jpg"", ""/content/drive/MyDrive/olx_mobile_dataset/images/mobile_5871d47fae/16.jpg"", ""/content/drive/MyDrive/olx_mobile_dataset/images/mobile_5871d47fae/17.jpg"", ""/content/drive/MyDrive/olx_mobile_dataset/images/mobile_5871d47fae/18.jpg"", ""/content/drive/MyDrive/olx_mobile_dataset/images/mobile_5871d47fae/19.jpg"", ""/content/drive/MyDrive/olx_mobile_dataset/images/mobile_5871d47fae/20.jpg"", ""/content/drive/MyDrive/olx_mobile_dataset/images/mobile_5871d47fae/21.jpg"", ""/content/drive/MyDrive/olx_mobile_dataset/images/mobile_5871d47fae/22.jpg"", ""/content/drive/MyDrive/olx_mobile_dataset/images/mobile_5871d47fae/23.jpg"", ""/content/drive/MyDrive/olx_mobile_dataset/images/mobile_5871d47fae/24.jpg"", ""/content/drive/MyDrive/olx_mobile_dataset/images/mobile_5871d47fae/25.jpg"", ""/content/drive/MyDrive/olx_mobile_dataset/images/mobile_5871d47fae/26.jpg""]",26,2026-01-13 06:23:14.137034
mobile_905331da30,https://www.olx.in/item/mobile-phones-c1453-used-iphone-in-parel-mumbai-iid-1825001433,Iphone 15pro max 256 titanium with extended waranty n insu till 2027,"Titanium 15 pro max 256 with wanrranty n insurance till jan 2027 battry 87 good condition indian handset with box - Mobile Phones in Parel, Mumbai",77400,"[""/content/drive/MyDrive/olx_mobile_dataset/images/mobile_905331da30/1.jpg"", ""/content/drive/MyDrive/olx_mobile_dataset/images/mobile_905331da30/2.jpg"", ""/content/drive/MyDrive/olx_mobile_dataset/images/mobile_905331da30/3.jpg"", ""/content/drive/MyDrive/olx_mobile_dataset/images/mobile_905331da30/4.jpg"", ""/content/drive/MyDrive/olx_mobile_dataset/images/mobile_905331da30/5.jpg"", ""/content/drive/MyDrive/olx_mobile_dataset/images/mobile_905331da30/6.jpg"", ""/content/drive/MyDrive/olx_mobile_dataset/images/mobile_905331da30/7.jpg"", ""/content/drive/MyDrive/olx_mobile_dataset/images/mobile_905331da30/8.jpg"", ""/content/drive/MyDrive/olx_mobile_dataset/images/mobile_905331da30/9.jpg"", ""/content/drive/MyDrive/olx_mobile_dataset/images/mobile_905331da30/10.jpg"", ""/content/drive/MyDrive/olx_mobile_dataset/images/mobile_905331da30/11.jpg"", ""/content/drive/MyDrive/olx_mobile_dataset/images/mobile_905331da30/12.jpg"", ""/content/drive/MyDrive/olx_mobile_dataset/images/mobile_905331da30/13.jpg"", ""/content/drive/MyDrive/olx_mobile_dataset/images/mobile_905331da30/14.jpg"", ""/content/drive/MyDrive/olx_mobile_dataset/images/mobile_905331da30/15.jpg"", ""/content/drive/MyDrive/olx_mobile_dataset/images/mobile_905331da30/16.jpg"", ""/content/drive/MyDrive/olx_mobile_dataset/images/mobile_905331da30/17.jpg"", ""/content/drive/MyDrive/olx_mobile_dataset/images/mobile_905331da30/18.jpg"", ""/content/drive/MyDrive/olx_mobile_dataset/images/mobile_905331da30/19.jpg"", ""/content/drive/MyDrive/olx_mobile_dataset/images/mobile_905331da30/20.jpg"", ""/content/drive/MyDrive/olx_mobile_dataset/images/mobile_905331da30/21.jpg"", ""/content/drive/MyDrive/olx_mobile_dataset/images/mobile_905331da30/22.jpg"", ""/content/drive/MyDrive/olx_mobile_dataset/images/mobile_905331da30/23.jpg"", ""/content/drive/MyDrive/olx_mobile_dataset/images/mobile_905331da30/24.jpg"", ""/content/drive/MyDrive/olx_mobile_dataset/images/mobile_905331da30/25.jpg"", ""/content/drive/MyDrive/olx_mobile_dataset/images/mobile_905331da30/26.jpg""]",26,2026-01-13 06:23:31.930925
mobile_8e1e219527,https://www.olx.in/item/mobile-phones-c1453-used-iphone-in-saniya-ludhiana-iid-1831626428,Iphone 16 128 gb,"Iphone 16 128gb available box sealed at reasonable prices - Mobile Phones in Saniya, Ludhiana",60999,"[""/content/drive/MyDrive/olx_mobile_dataset/images/mobile_8e1e219527/1.jpg"", ""/content/drive/MyDrive/olx_mobile_dataset/images/mobile_8e1e219527/2.jpg"", ""/content/drive/MyDrive/olx_mobile_dataset/images/mobile_8e1e219527/3.jpg"", ""/content/drive/MyDrive/olx_mobile_dataset/images/mobile_8e1e219527/4.jpg"", ""/content/drive/MyDrive/olx_mobile_dataset/images/mobile_8e1e219527/5.jpg"", ""/content/drive/MyDrive/olx_mobile_dataset/images/mobile_8e1e219527/6.jpg"", ""/content/drive/MyDrive/olx_mobile_dataset/images/mobile_8e1e219527/7.jpg"", ""/content/drive/MyDrive/olx_mobile_dataset/images/mobile_8e1e219527/8.jpg"", ""/content/drive/MyDrive/olx_mobile_dataset/images/mobile_8e1e219527/9.jpg"", ""/content/drive/MyDrive/olx_mobile_dataset/images/mobile_8e1e219527/10.jpg"", ""/content/drive/MyDrive/olx_mobile_dataset/images/mobile_8e1e219527/11.jpg"", ""/content/drive/MyDrive/olx_mobile_dataset/images/mobile_8e1e219527/12.jpg"", ""/content/drive/MyDrive/olx_mobile_dataset/images/mobile_8e1e219527/13.jpg"", ""/content/drive/MyDrive/olx_mobile_dataset/images/mobile_8e1e219527/14.jpg"", ""/content/drive/MyDrive/olx_mobile_dataset/images/mobile_8e1e219527/15.jpg"", ""/content/drive/MyDrive/olx_mobile_dataset/images/mobile_8e1e219527/16.jpg"", ""/content/drive/MyDrive/olx_mobile_dataset/images/mobile_8e1e219527/17.jpg"", ""/content/drive/MyDrive/olx_mobile_dataset/images/mobile_8e1e219527/18.jpg"", ""/content/drive/MyDrive/olx_mobile_dataset/images/mobile_8e1e219527/19.jpg"", ""/content/drive/MyDrive/olx_mobile_dataset/images/mobile_8e1e219527/20.jpg"", ""/content/drive/MyDrive/olx_mobile_dataset/images/mobile_8e1e219527/21.jpg"", ""/content/drive/MyDrive/olx_mobile_dataset/images/mobile_8e1e219527/22.jpg"", ""/content/drive/MyDrive/olx_mobile_dataset/images/mobile_8e1e219527/23.jpg"", ""/content/drive/MyDrive/olx_mobile_dataset/images/mobile_8e1e219527/24.jpg"", ""/content/drive/MyDrive/olx_mobile_dataset/images/mobile_8e1e219527/25.jpg"", ""/content/drive/MyDrive/olx_mobile_dataset/images/mobile_8e1e219527/26.jpg""]",26,2026-01-13 06:23:42.308820
mobile_91a1712164,https://www.olx.in/item/mobile-phones-c1453-used-one-plus-in-hemchandra-mukherjee-road-kolkata-iid-1831946518,One Plus Nord CE 5G in super mint condition and cheep price,"One plus Nord CE 5G in Super Mint condition - Mobile Phones in Hemchandra Mukherjee Road, Kolkata",15000,"[""/content/drive/MyDrive/olx_mobile_dataset/images/mobile_91a1712164/1.jpg"", ""/content/drive/MyDrive/olx_mobile_dataset/images/mobile_91a1712164/2.jpg"", ""/content/drive/MyDrive/olx_mobile_dataset/images/mobile_91a1712164/3.jpg"", ""/content/drive/MyDrive/olx_mobile_dataset/images/mobile_91a1712164/4.jpg"", ""/content/drive/MyDrive/olx_mobile_dataset/images/mobile_91a1712164/5.jpg"", ""/content/drive/MyDrive/olx_mobile_dataset/images/mobile_91a1712164/6.jpg"", ""/content/drive/MyDrive/olx_mobile_dataset/images/mobile_91a1712164/7.jpg"", ""/content/drive/MyDrive/olx_mobile_dataset/images/mobile_91a1712164/8.jpg"", ""/content/drive/MyDrive/olx_mobile_dataset/images/mobile_91a1712164/9.jpg"", ""/content/drive/MyDrive/olx_mobile_dataset/images/mobile_91a1712164/10.jpg"", ""/content/drive/MyDrive/olx_mobile_dataset/images/mobile_91a1712164/11.jpg"", ""/content/drive/MyDrive/olx_mobile_dataset/images/mobile_91a1712164/12.jpg"", ""/content/drive/MyDrive/olx_mobile_dataset/images/mobile_91a1712164/13.jpg"", ""/content/drive/MyDrive/olx_mobile_dataset/images/mobile_91a1712164/14.jpg"", ""/content/drive/MyDrive/olx_mobile_dataset/images/mobile_91a1712164/15.jpg"", ""/content/drive/MyDrive/olx_mobile_dataset/images/mobile_91a1712164/16.jpg"", ""/content/drive/MyDrive/olx_mobile_dataset/images/mobile_91a1712164/17.jpg"", ""/content/drive/MyDrive/olx_mobile_dataset/images/mobile_91a1712164/18.jpg"", ""/content/drive/MyDrive/olx_mobile_dataset/images/mobile_91a1712164/19.jpg"", ""/content/drive/MyDrive/olx_mobile_dataset/images/mobile_91a1712164/20.jpg"", ""/content/drive/MyDrive/olx_mobile_dataset/images/mobile_91a1712164/21.jpg"", ""/content/drive/MyDrive/olx_mobile_dataset/images/mobile_91a1712164/22.jpg"", ""/content/drive/MyDrive/olx_mobile_dataset/images/mobile_91a1712164/23.jpg"", ""/content/drive/MyDrive/olx_mobile_dataset/images/mobile_91a1712164/24.jpg"", ""/content/drive/MyDrive/olx_mobile_dataset/images/mobile_91a1712164/25.jpg"", ""/content/drive/MyDrive/olx_mobile_dataset/images/mobile_91a1712164/26.jpg""]",26,2026-01-13 06:23:56.615107
mobile_3f938a9bcf,https://www.olx.in/item/mobile-phones-c1453-used-samsung-in-deshbandhupara-siliguri-iid-1825904916,Samsung S25plus 256GB,"Samsung S25plus 256GB 2.5 month old Brand New condition with bill box and charger is also available - Mobile Phones in DESHBANDHUPARA, Siliguri",65000,"[""/content/drive/MyDrive/olx_mobile_dataset/images/mobile_3f938a9bcf/1.jpg"", ""/content/drive/MyDrive/olx_mobile_dataset/images/mobile_3f938a9bcf/2.jpg"", ""/content/drive/MyDrive/olx_mobile_dataset/images/mobile_3f938a9bcf/3.jpg"", ""/content/drive/MyDrive/olx_mobile_dataset/images/mobile_3f938a9bcf/4.jpg"", ""/content/drive/MyDrive/olx_mobile_dataset/images/mobile_3f938a9bcf/5.jpg"", ""/content/drive/MyDrive/olx_mobile_dataset/images/mobile_3f938a9bcf/6.jpg"", ""/content/drive/MyDrive/olx_mobile_dataset/images/mobile_3f938a9bcf/7.jpg"", ""/content/drive/MyDrive/olx_mobile_dataset/images/mobile_3f938a9bcf/8.jpg"", ""/content/drive/MyDrive/olx_mobile_dataset/images/mobile_3f938a9bcf/9.jpg"", ""/content/drive/MyDrive/olx_mobile_dataset/images/mobile_3f938a9bcf/10.jpg"", ""/content/drive/MyDrive/olx_mobile_dataset/images/mobile_3f938a9bcf/11.jpg"", ""/content/drive/MyDrive/olx_mobile_dataset/images/mobile_3f938a9bcf/12.jpg"", ""/content/drive/MyDrive/olx_mobile_dataset/images/mobile_3f938a9bcf/13.jpg"", ""/content/drive/MyDrive/olx_mobile_dataset/images/mobile_3f938a9bcf/14.jpg"", ""/content/drive/MyDrive/olx_mobile_dataset/images/mobile_3f938a9bcf/15.jpg"", ""/content/drive/MyDrive/olx_mobile_dataset/images/mobile_3f938a9bcf/16.jpg"", ""/content/drive/MyDrive/olx_mobile_dataset/images/mobile_3f938a9bcf/17.jpg"", ""/content/drive/MyDrive/olx_mobile_dataset/images/mobile_3f938a9bcf/18.jpg"", ""/content/drive/MyDrive/olx_mobile_dataset/images/mobile_3f938a9bcf/19.jpg"", ""/content/drive/MyDrive/olx_mobile_dataset/images/mobile_3f938a9bcf/20.jpg"", ""/content/drive/MyDrive/olx_mobile_dataset/images/mobile_3f938a9bcf/21.jpg"", ""/content/drive/MyDrive/olx_mobile_dataset/images/mobile_3f938a9bcf/22.jpg"", ""/content/drive/MyDrive/olx_mobile_dataset/images/mobile_3f938a9bcf/23.jpg"", ""/content/drive/MyDrive/olx_mobile_dataset/images/mobile_3f938a9bcf/24.jpg"", ""/content/drive/MyDrive/olx_mobile_dataset/images/mobile_3f938a9bcf/25.jpg"", ""/content/drive/MyDrive/olx_mobile_dataset/images/mobile_3f938a9bcf/26.jpg""]",26,2026-01-13 06:24:11.070752
mobile_4353f59e3b,https://www.olx.in/item/mobile-phones-c1453-used-samsung-in-saket-delhi-iid-1831946541,Samsung a30s,"Without bill and charger - Mobile Phones in Saket, Delhi",9000,"[""/content/drive/MyDrive/olx_mobile_dataset/images/mobile_4353f59e3b/1.jpg"", ""/content/drive/MyDrive/olx_mobile_dataset/images/mobile_4353f59e3b/2.jpg"", ""/content/drive/MyDrive/olx_mobile_dataset/images/mobile_4353f59e3b/3.jpg"", ""/content/drive/MyDrive/olx_mobile_dataset/images/mobile_4353f59e3b/4.jpg"", ""/content/drive/MyDrive/olx_mobile_dataset/images/mobile_4353f59e3b/5.jpg"", ""/content/drive/MyDrive/olx_mobile_dataset/images/mobile_4353f59e3b/6.jpg"", ""/content/drive/MyDrive/olx_mobile_dataset/images/mobile_4353f59e3b/7.jpg"", ""/content/drive/MyDrive/olx_mobile_dataset/images/mobile_4353f59e3b/8.jpg"", ""/content/drive/MyDrive/olx_mobile_dataset/images/mobile_4353f59e3b/9.jpg"", ""/content/drive/MyDrive/olx_mobile_dataset/images/mobile_4353f59e3b/10.jpg"", ""/content/drive/MyDrive/olx_mobile_dataset/images/mobile_4353f59e3b/11.jpg"", ""/content/drive/MyDrive/olx_mobile_dataset/images/mobile_4353f59e3b/12.jpg"", ""/content/drive/MyDrive/olx_mobile_dataset/images/mobile_4353f59e3b/13.jpg"", ""/content/drive/MyDrive/olx_mobile_dataset/images/mobile_4353f59e3b/14.jpg"", ""/content/drive/MyDrive/olx_mobile_dataset/images/mobile_4353f59e3b/15.jpg"", ""/content/drive/MyDrive/olx_mobile_dataset/images/mobile_4353f59e3b/16.jpg"", ""/content/drive/MyDrive/olx_mobile_dataset/images/mobile_4353f59e3b/17.jpg"", ""/content/drive/MyDrive/olx_mobile_dataset/images/mobile_4353f59e3b/18.jpg"", ""/content/drive/MyDrive/olx_mobile_dataset/images/mobile_4353f59e3b/19.jpg"", ""/content/drive/MyDrive/olx_mobile_dataset/images/mobile_4353f59e3b/20.jpg"", ""/content/drive/MyDrive/olx_mobile_dataset/images/mobile_4353f59e3b/21.jpg"", ""/content/drive/MyDrive/olx_mobile_dataset/images/mobile_4353f59e3b/22.jpg"", ""/content/drive/MyDrive/olx_mobile_dataset/images/mobile_4353f59e3b/23.jpg"", ""/content/drive/MyDrive/olx_mobile_dataset/images/mobile_4353f59e3b/24.jpg"", ""/content/drive/MyDrive/olx_mobile_dataset/images/mobile_4353f59e3b/25.jpg"", ""/content/drive/MyDrive/olx_mobile_dataset/images/mobile_4353f59e3b/26.jpg""]",26,2026-01-13 06:24:22.500564
mobile_9d8c1397a5,https://www.olx.in/item/mobile-phones-c1453-used-google-pixel-in-adajan-surat-iid-1830608829,"Google pixel 10 Pro XL 5G 256 GB (Brand new, Sealed box)","Brand new, totally company sealed, Canadian piece, 256 GB 5G variant. - Mobile Phones in Adajan, Surat",90000,"[""/content/drive/MyDrive/olx_mobile_dataset/images/mobile_9d8c1397a5/1.jpg"", ""/content/drive/MyDrive/olx_mobile_dataset/images/mobile_9d8c1397a5/2.jpg"", ""/content/drive/MyDrive/olx_mobile_dataset/images/mobile_9d8c1397a5/3.jpg"", ""/content/drive/MyDrive/olx_mobile_dataset/images/mobile_9d8c1397a5/4.jpg"", ""/content/drive/MyDrive/olx_mobile_dataset/images/mobile_9d8c1397a5/5.jpg"", ""/content/drive/MyDrive/olx_mobile_dataset/images/mobile_9d8c1397a5/6.jpg"", ""/content/drive/MyDrive/olx_mobile_dataset/images/mobile_9d8c1397a5/7.jpg"", ""/content/drive/MyDrive/olx_mobile_dataset/images/mobile_9d8c1397a5/8.jpg"", ""/content/drive/MyDrive/olx_mobile_dataset/images/mobile_9d8c1397a5/9.jpg"", ""/content/drive/MyDrive/olx_mobile_dataset/images/mobile_9d8c1397a5/10.jpg"", ""/content/drive/MyDrive/olx_mobile_dataset/images/mobile_9d8c1397a5/11.jpg"", ""/content/drive/MyDrive/olx_mobile_dataset/images/mobile_9d8c1397a5/12.jpg"", ""/content/drive/MyDrive/olx_mobile_dataset/images/mobile_9d8c1397a5/13.jpg"", ""/content/drive/MyDrive/olx_mobile_dataset/images/mobile_9d8c1397a5/14.jpg"", ""/content/drive/MyDrive/olx_mobile_dataset/images/mobile_9d8c1397a5/15.jpg"", ""/content/drive/MyDrive/olx_mobile_dataset/images/mobile_9d8c1397a5/16.jpg"", ""/content/drive/MyDrive/olx_mobile_dataset/images/mobile_9d8c1397a5/17.jpg"", ""/content/drive/MyDrive/olx_mobile_dataset/images/mobile_9d8c1397a5/18.jpg"", ""/content/drive/MyDrive/olx_mobile_dataset/images/mobile_9d8c1397a5/19.jpg"", ""/content/drive/MyDrive/olx_mobile_dataset/images/mobile_9d8c1397a5/20.jpg"", ""/content/drive/MyDrive/olx_mobile_dataset/images/mobile_9d8c1397a5/21.jpg"", ""/content/drive/MyDrive/olx_mobile_dataset/images/mobile_9d8c1397a5/22.jpg"", ""/content/drive/MyDrive/olx_mobile_dataset/images/mobile_9d8c1397a5/23.jpg"", ""/content/drive/MyDrive/olx_mobile_dataset/images/mobile_9d8c1397a5/24.jpg"", ""/content/drive/MyDrive/olx_mobile_dataset/images/mobile_9d8c1397a5/25.jpg"", ""/content/drive/MyDrive/olx_mobile_dataset/images/mobile_9d8c1397a5/26.jpg""]",26,2026-01-13 06:24:31.485468
mobile_0fd23bb810,https://www.olx.in/item/mobile-phones-c1453-used-vivo-in-mytri-vanam-siddipet-iid-1831946469,Vivo y200e 5g,"Nice mobile just take and use and tach screen crack no problems good condition box and charger available - Mobile Phones in Mytri Vanam, Siddipet",13000,"[""/content/drive/MyDrive/olx_mobile_dataset/images/mobile_0fd23bb810/1.jpg"", ""/content/drive/MyDrive/olx_mobile_dataset/images/mobile_0fd23bb810/2.jpg"", ""/content/drive/MyDrive/olx_mobile_dataset/images/mobile_0fd23bb810/3.jpg"", ""/content/drive/MyDrive/olx_mobile_dataset/images/mobile_0fd23bb810/4.jpg"", ""/content/drive/MyDrive/olx_mobile_dataset/images/mobile_0fd23bb810/5.jpg"", ""/content/drive/MyDrive/olx_mobile_dataset/images/mobile_0fd23bb810/6.jpg"", ""/content/drive/MyDrive/olx_mobile_dataset/images/mobile_0fd23bb810/7.jpg"", ""/content/drive/MyDrive/olx_mobile_dataset/images/mobile_0fd23bb810/8.jpg"", ""/content/drive/MyDrive/olx_mobile_dataset/images/mobile_0fd23bb810/9.jpg"", ""/content/drive/MyDrive/olx_mobile_dataset/images/mobile_0fd23bb810/10.jpg"", ""/content/drive/MyDrive/olx_mobile_dataset/images/mobile_0fd23bb810/11.jpg"", ""/content/drive/MyDrive/olx_mobile_dataset/images/mobile_0fd23bb810/12.jpg"", ""/content/drive/MyDrive/olx_mobile_dataset/images/mobile_0fd23bb810/13.jpg"", ""/content/drive/MyDrive/olx_mobile_dataset/images/mobile_0fd23bb810/14.jpg"", ""/content/drive/MyDrive/olx_mobile_dataset/images/mobile_0fd23bb810/15.jpg"", ""/content/drive/MyDrive/olx_mobile_dataset/images/mobile_0fd23bb810/16.jpg"", ""/content/drive/MyDrive/olx_mobile_dataset/images/mobile_0fd23bb810/17.jpg"", ""/content/drive/MyDrive/olx_mobile_dataset/images/mobile_0fd23bb810/18.jpg"", ""/content/drive/MyDrive/olx_mobile_dataset/images/mobile_0fd23bb810/19.jpg"", ""/content/drive/MyDrive/olx_mobile_dataset/images/mobile_0fd23bb810/20.jpg"", ""/content/drive/MyDrive/olx_mobile_dataset/images/mobile_0fd23bb810/21.jpg"", ""/content/drive/MyDrive/olx_mobile_dataset/images/mobile_0fd23bb810/22.jpg"", ""/content/drive/MyDrive/olx_mobile_dataset/images/mobile_0fd23bb810/23.jpg"", ""/content/drive/MyDrive/olx_mobile_dataset/images/mobile_0fd23bb810/24.jpg"", ""/content/drive/MyDrive/olx_mobile_dataset/images/mobile_0fd23bb810/25.jpg"", ""/content/drive/MyDrive/olx_mobile_dataset/images/mobile_0fd23bb810/26.jpg""]",26,2026-01-13 06:24:42.313241
mobile_a10d15274f,https://www.olx.in/item/mobile-phones-c1453-used-mi-in-kadakkavoor-vakkom-iid-1831946430,REDMI NOTE 9 4gb ram 128 storage,"Front camera side a small black dot and back camera glass illa Full neat condition No hang Camera avarage Display lcd - Mobile Phones in Kadakkavoor, Vakkom",3500,"[""/content/drive/MyDrive/olx_mobile_dataset/images/mobile_a10d15274f/1.jpg"", ""/content/drive/MyDrive/olx_mobile_dataset/images/mobile_a10d15274f/2.jpg"", ""/content/drive/MyDrive/olx_mobile_dataset/images/mobile_a10d15274f/3.jpg"", ""/content/drive/MyDrive/olx_mobile_dataset/images/mobile_a10d15274f/4.jpg"", ""/content/drive/MyDrive/olx_mobile_dataset/images/mobile_a10d15274f/5.jpg"", ""/content/drive/MyDrive/olx_mobile_dataset/images/mobile_a10d15274f/6.jpg"", ""/content/drive/MyDrive/olx_mobile_dataset/images/mobile_a10d15274f/7.jpg"", ""/content/drive/MyDrive/olx_mobile_dataset/images/mobile_a10d15274f/8.jpg"", ""/content/drive/MyDrive/olx_mobile_dataset/images/mobile_a10d15274f/9.jpg"", ""/content/drive/MyDrive/olx_mobile_dataset/images/mobile_a10d15274f/10.jpg"", ""/content/drive/MyDrive/olx_mobile_dataset/images/mobile_a10d15274f/11.jpg"", ""/content/drive/MyDrive/olx_mobile_dataset/images/mobile_a10d15274f/12.jpg"", ""/content/drive/MyDrive/olx_mobile_dataset/images/mobile_a10d15274f/13.jpg"", ""/content/drive/MyDrive/olx_mobile_dataset/images/mobile_a10d15274f/14.jpg"", ""/content/drive/MyDrive/olx_mobile_dataset/images/mobile_a10d15274f/15.jpg"", ""/content/drive/MyDrive/olx_mobile_dataset/images/mobile_a10d15274f/16.jpg"", ""/content/drive/MyDrive/olx_mobile_dataset/images/mobile_a10d15274f/17.jpg"", ""/content/drive/MyDrive/olx_mobile_dataset/images/mobile_a10d15274f/18.jpg"", ""/content/drive/MyDrive/olx_mobile_dataset/images/mobile_a10d15274f/19.jpg"", ""/content/drive/MyDrive/olx_mobile_dataset/images/mobile_a10d15274f/20.jpg"", ""/content/drive/MyDrive/olx_mobile_dataset/images/mobile_a10d15274f/21.jpg"", ""/content/drive/MyDrive/olx_mobile_dataset/images/mobile_a10d15274f/22.jpg"", ""/content/drive/MyDrive/olx_mobile_dataset/images/mobile_a10d15274f/23.jpg"", ""/content/drive/MyDrive/olx_mobile_dataset/images/mobile_a10d15274f/24.jpg"", ""/content/drive/MyDrive/olx_mobile_dataset/images/mobile_a10d15274f/25.jpg"", ""/content/drive/MyDrive/olx_mobile_dataset/images/mobile_a10d15274f/26.jpg""]",26,2026-01-13 06:25:04.091448
mobile_364429f46d,https://www.olx.in/item/mobile-phones-c1453-used-samsung-in-nadakkapadam-changancherry-kottayam-iid-1831946472,Samsung galaxy a36 5g,"Only 3 month use only No complaints Urgent sale - Mobile Phones in Nadakkapadam-Changancherry, Kottayam",23000,"[""/content/drive/MyDrive/olx_mobile_dataset/images/mobile_364429f46d/1.jpg"", ""/content/drive/MyDrive/olx_mobile_dataset/images/mobile_364429f46d/2.jpg"", ""/content/drive/MyDrive/olx_mobile_dataset/images/mobile_364429f46d/3.jpg"", ""/content/drive/MyDrive/olx_mobile_dataset/images/mobile_364429f46d/4.jpg"", ""/content/drive/MyDrive/olx_mobile_dataset/images/mobile_364429f46d/5.jpg"", ""/content/drive/MyDrive/olx_mobile_dataset/images/mobile_364429f46d/6.jpg"", ""/content/drive/MyDrive/olx_mobile_dataset/images/mobile_364429f46d/7.jpg"", ""/content/drive/MyDrive/olx_mobile_dataset/images/mobile_364429f46d/8.jpg"", ""/content/drive/MyDrive/olx_mobile_dataset/images/mobile_364429f46d/9.jpg"", ""/content/drive/MyDrive/olx_mobile_dataset/images/mobile_364429f46d/10.jpg"", ""/content/drive/MyDrive/olx_mobile_dataset/images/mobile_364429f46d/11.jpg"", ""/content/drive/MyDrive/olx_mobile_dataset/images/mobile_364429f46d/12.jpg"", ""/content/drive/MyDrive/olx_mobile_dataset/images/mobile_364429f46d/13.jpg"", ""/content/drive/MyDrive/olx_mobile_dataset/images/mobile_364429f46d/14.jpg"", ""/content/drive/MyDrive/olx_mobile_dataset/images/mobile_364429f46d/15.jpg"", ""/content/drive/MyDrive/olx_mobile_dataset/images/mobile_364429f46d/16.jpg"", ""/content/drive/MyDrive/olx_mobile_dataset/images/mobile_364429f46d/17.jpg"", ""/content/drive/MyDrive/olx_mobile_dataset/images/mobile_364429f46d/18.jpg"", ""/content/drive/MyDrive/olx_mobile_dataset/images/mobile_364429f46d/19.jpg"", ""/content/drive/MyDrive/olx_mobile_dataset/images/mobile_364429f46d/20.jpg"", ""/content/drive/MyDrive/olx_mobile_dataset/images/mobile_364429f46d/21.jpg"", ""/content/drive/MyDrive/olx_mobile_dataset/images/mobile_364429f46d/22.jpg"", ""/content/drive/MyDrive/olx_mobile_dataset/images/mobile_364429f46d/23.jpg"", ""/content/drive/MyDrive/olx_mobile_dataset/images/mobile_364429f46d/24.jpg"", ""/content/drive/MyDrive/olx_mobile_dataset/images/mobile_364429f46d/25.jpg"", ""/content/drive/MyDrive/olx_mobile_dataset/images/mobile_364429f46d/26.jpg""]",26,2026-01-13 06:25:13.480828
mobile_5d45a49775,https://www.olx.in/item/mobile-phones-c1453-used-iphone-in-chenchu-guda-hyderabad-iid-1830062787,Iphone 16 128gb,"Iphone 16 128gb With warranty till march 2026 Battery health 97% No dent nothing Cable ,box nd bill available - Mobile Phones in Chenchu Guda, Hyderabad",60000,"[""/content/drive/MyDrive/olx_mobile_dataset/images/mobile_5d45a49775/1.jpg"", ""/content/drive/MyDrive/olx_mobile_dataset/images/mobile_5d45a49775/2.jpg"", ""/content/drive/MyDrive/olx_mobile_dataset/images/mobile_5d45a49775/3.jpg"", ""/content/drive/MyDrive/olx_mobile_dataset/images/mobile_5d45a49775/4.jpg"", ""/content/drive/MyDrive/olx_mobile_dataset/images/mobile_5d45a49775/5.jpg"", ""/content/drive/MyDrive/olx_mobile_dataset/images/mobile_5d45a49775/6.jpg"", ""/content/drive/MyDrive/olx_mobile_dataset/images/mobile_5d45a49775/7.jpg"", ""/content/drive/MyDrive/olx_mobile_dataset/images/mobile_5d45a49775/8.jpg"", ""/content/drive/MyDrive/olx_mobile_dataset/images/mobile_5d45a49775/9.jpg"", ""/content/drive/MyDrive/olx_mobile_dataset/images/mobile_5d45a49775/10.jpg"", ""/content/drive/MyDrive/olx_mobile_dataset/images/mobile_5d45a49775/11.jpg"", ""/content/drive/MyDrive/olx_mobile_dataset/images/mobile_5d45a49775/12.jpg"", ""/content/drive/MyDrive/olx_mobile_dataset/images/mobile_5d45a49775/13.jpg"", ""/content/drive/MyDrive/olx_mobile_dataset/images/mobile_5d45a49775/14.jpg"", ""/content/drive/MyDrive/olx_mobile_dataset/images/mobile_5d45a49775/15.jpg"", ""/content/drive/MyDrive/olx_mobile_dataset/images/mobile_5d45a49775/16.jpg"", ""/content/drive/MyDrive/olx_mobile_dataset/images/mobile_5d45a49775/17.jpg"", ""/content/drive/MyDrive/olx_mobile_dataset/images/mobile_5d45a49775/18.jpg"", ""/content/drive/MyDrive/olx_mobile_dataset/images/mobile_5d45a49775/19.jpg"", ""/content/drive/MyDrive/olx_mobile_dataset/images/mobile_5d45a49775/20.jpg"", ""/content/drive/MyDrive/olx_mobile_dataset/images/mobile_5d45a49775/21.jpg"", ""/content/drive/MyDrive/olx_mobile_dataset/images/mobile_5d45a49775/22.jpg"", ""/content/drive/MyDrive/olx_mobile_dataset/images/mobile_5d45a49775/23.jpg"", ""/content/drive/MyDrive/olx_mobile_dataset/images/mobile_5d45a49775/24.jpg"", ""/content/drive/MyDrive/olx_mobile_dataset/images/mobile_5d45a49775/25.jpg"", ""/content/drive/MyDrive/olx_mobile_dataset/images/mobile_5d45a49775/26.jpg""]",26,2026-01-13 06:25:24.684582
mobile_25a21023d9,https://www.olx.in/item/mobile-phones-c1453-used-iphone-in-dimapur-nagaland-iid-1831946437,Iphone 14 pro max 256Gb,"Available with box and cable Battery health 100% Small blue dot on the screen Slightly negotiable - Mobile Phones in Diphupar B, Dimapur",60000,"[""/content/drive/MyDrive/olx_mobile_dataset/images/mobile_25a21023d9/1.jpg"", ""/content/drive/MyDrive/olx_mobile_dataset/images/mobile_25a21023d9/2.jpg"", ""/content/drive/MyDrive/olx_mobile_dataset/images/mobile_25a21023d9/3.jpg"", ""/content/drive/MyDrive/olx_mobile_dataset/images/mobile_25a21023d9/4.jpg"", ""/content/drive/MyDrive/olx_mobile_dataset/images/mobile_25a21023d9/5.jpg"", ""/content/drive/MyDrive/olx_mobile_dataset/images/mobile_25a21023d9/6.jpg"", ""/content/drive/MyDrive/olx_mobile_dataset/images/mobile_25a21023d9/7.jpg"", ""/content/drive/MyDrive/olx_mobile_dataset/images/mobile_25a21023d9/8.jpg"", ""/content/drive/MyDrive/olx_mobile_dataset/images/mobile_25a21023d9/9.jpg"", ""/content/drive/MyDrive/olx_mobile_dataset/images/mobile_25a21023d9/10.jpg"", ""/content/drive/MyDrive/olx_mobile_dataset/images/mobile_25a21023d9/11.jpg"", ""/content/drive/MyDrive/olx_mobile_dataset/images/mobile_25a21023d9/12.jpg"", ""/content/drive/MyDrive/olx_mobile_dataset/images/mobile_25a21023d9/13.jpg"", ""/content/drive/MyDrive/olx_mobile_dataset/images/mobile_25a21023d9/14.jpg"", ""/content/drive/MyDrive/olx_mobile_dataset/images/mobile_25a21023d9/15.jpg"", ""/content/drive/MyDrive/olx_mobile_dataset/images/mobile_25a21023d9/16.jpg"", ""/content/drive/MyDrive/olx_mobile_dataset/images/mobile_25a21023d9/17.jpg"", ""/content/drive/MyDrive/olx_mobile_dataset/images/mobile_25a21023d9/18.jpg"", ""/content/drive/MyDrive/olx_mobile_dataset/images/mobile_25a21023d9/19.jpg"", ""/content/drive/MyDrive/olx_mobile_dataset/images/mobile_25a21023d9/20.jpg"", ""/content/drive/MyDrive/olx_mobile_dataset/images/mobile_25a21023d9/21.jpg"", ""/content/drive/MyDrive/olx_mobile_dataset/images/mobile_25a21023d9/22.jpg"", ""/content/drive/MyDrive/olx_mobile_dataset/images/mobile_25a21023d9/23.jpg"", ""/content/drive/MyDrive/olx_mobile_dataset/images/mobile_25a21023d9/24.jpg"", ""/content/drive/MyDrive/olx_mobile_dataset/images/mobile_25a21023d9/25.jpg"", ""/content/drive/MyDrive/olx_mobile_dataset/images/mobile_25a21023d9/26.jpg"", ""/content/drive/MyDrive/olx_mobile_dataset/images/mobile_25a21023d9/27.jpg"", ""/content/drive/MyDrive/olx_mobile_dataset/images/mobile_25a21023d9/28.jpg""]",28,2026-01-13 06:25:37.564633
mobile_3454029a96,https://www.olx.in/item/mobile-phones-c1453-used-google-pixel-in-kallur-vadakkummuri-koratty-iid-1831946478,pixel 9  urgent sale,"well condition with box and charger break the protection applied - Mobile Phones in Kallur Vadakkummuri, Koratty",48000,"[""/content/drive/MyDrive/olx_mobile_dataset/images/mobile_3454029a96/1.jpg"", ""/content/drive/MyDrive/olx_mobile_dataset/images/mobile_3454029a96/2.jpg"", ""/content/drive/MyDrive/olx_mobile_dataset/images/mobile_3454029a96/3.jpg"", ""/content/drive/MyDrive/olx_mobile_dataset/images/mobile_3454029a96/4.jpg"", ""/content/drive/MyDrive/olx_mobile_dataset/images/mobile_3454029a96/5.jpg"", ""/content/drive/MyDrive/olx_mobile_dataset/images/mobile_3454029a96/6.jpg"", ""/content/drive/MyDrive/olx_mobile_dataset/images/mobile_3454029a96/7.jpg"", ""/content/drive/MyDrive/olx_mobile_dataset/images/mobile_3454029a96/8.jpg"", ""/content/drive/MyDrive/olx_mobile_dataset/images/mobile_3454029a96/9.jpg"", ""/content/drive/MyDrive/olx_mobile_dataset/images/mobile_3454029a96/10.jpg"", ""/content/drive/MyDrive/olx_mobile_dataset/images/mobile_3454029a96/11.jpg"", ""/content/drive/MyDrive/olx_mobile_dataset/images/mobile_3454029a96/12.jpg"", ""/content/drive/MyDrive/olx_mobile_dataset/images/mobile_3454029a96/13.jpg"", ""/content/drive/MyDrive/olx_mobile_dataset/images/mobile_3454029a96/14.jpg"", ""/content/drive/MyDrive/olx_mobile_dataset/images/mobile_3454029a96/15.jpg"", ""/content/drive/MyDrive/olx_mobile_dataset/images/mobile_3454029a96/16.jpg"", ""/content/drive/MyDrive/olx_mobile_dataset/images/mobile_3454029a96/17.jpg"", ""/content/drive/MyDrive/olx_mobile_dataset/images/mobile_3454029a96/18.jpg"", ""/content/drive/MyDrive/olx_mobile_dataset/images/mobile_3454029a96/19.jpg"", ""/content/drive/MyDrive/olx_mobile_dataset/images/mobile_3454029a96/20.jpg"", ""/content/drive/MyDrive/olx_mobile_dataset/images/mobile_3454029a96/21.jpg"", ""/content/drive/MyDrive/olx_mobile_dataset/images/mobile_3454029a96/22.jpg"", ""/content/drive/MyDrive/olx_mobile_dataset/images/mobile_3454029a96/23.jpg"", ""/content/drive/MyDrive/olx_mobile_dataset/images/mobile_3454029a96/24.jpg"", ""/content/drive/MyDrive/olx_mobile_dataset/images/mobile_3454029a96/25.jpg"", ""/content/drive/MyDrive/olx_mobile_dataset/images/mobile_3454029a96/26.jpg""]",26,2026-01-13 06:25:51.443954
mobile_a8ccf22a8b,https://www.olx.in/item/mobile-phones-c1453-used-samsung-in-kajupada-mumbai-iid-1831946466,Urjunt dellwary,"Urjunt dellwary - Mobile Phones in Kajupada, Mumbai",6000,"[""/content/drive/MyDrive/olx_mobile_dataset/images/mobile_a8ccf22a8b/1.jpg"", ""/content/drive/MyDrive/olx_mobile_dataset/images/mobile_a8ccf22a8b/2.jpg"", ""/content/drive/MyDrive/olx_mobile_dataset/images/mobile_a8ccf22a8b/3.jpg"", ""/content/drive/MyDrive/olx_mobile_dataset/images/mobile_a8ccf22a8b/4.jpg"", ""/content/drive/MyDrive/olx_mobile_dataset/images/mobile_a8ccf22a8b/5.jpg"", ""/content/drive/MyDrive/olx_mobile_dataset/images/mobile_a8ccf22a8b/6.jpg"", ""/content/drive/MyDrive/olx_mobile_dataset/images/mobile_a8ccf22a8b/7.jpg"", ""/content/drive/MyDrive/olx_mobile_dataset/images/mobile_a8ccf22a8b/8.jpg"", ""/content/drive/MyDrive/olx_mobile_dataset/images/mobile_a8ccf22a8b/9.jpg"", ""/content/drive/MyDrive/olx_mobile_dataset/images/mobile_a8ccf22a8b/10.jpg"", ""/content/drive/MyDrive/olx_mobile_dataset/images/mobile_a8ccf22a8b/11.jpg"", ""/content/drive/MyDrive/olx_mobile_dataset/images/mobile_a8ccf22a8b/12.jpg"", ""/content/drive/MyDrive/olx_mobile_dataset/images/mobile_a8ccf22a8b/13.jpg"", ""/content/drive/MyDrive/olx_mobile_dataset/images/mobile_a8ccf22a8b/14.jpg"", ""/content/drive/MyDrive/olx_mobile_dataset/images/mobile_a8ccf22a8b/15.jpg"", ""/content/drive/MyDrive/olx_mobile_dataset/images/mobile_a8ccf22a8b/16.jpg"", ""/content/drive/MyDrive/olx_mobile_dataset/images/mobile_a8ccf22a8b/17.jpg"", ""/content/drive/MyDrive/olx_mobile_dataset/images/mobile_a8ccf22a8b/18.jpg"", ""/content/drive/MyDrive/olx_mobile_dataset/images/mobile_a8ccf22a8b/19.jpg"", ""/content/drive/MyDrive/olx_mobile_dataset/images/mobile_a8ccf22a8b/20.jpg"", ""/content/drive/MyDrive/olx_mobile_dataset/images/mobile_a8ccf22a8b/21.jpg"", ""/content/drive/MyDrive/olx_mobile_dataset/images/mobile_a8ccf22a8b/22.jpg"", ""/content/drive/MyDrive/olx_mobile_dataset/images/mobile_a8ccf22a8b/23.jpg"", ""/content/drive/MyDrive/olx_mobile_dataset/images/mobile_a8ccf22a8b/24.jpg"", ""/content/drive/MyDrive/olx_mobile_dataset/images/mobile_a8ccf22a8b/25.jpg"", ""/content/drive/MyDrive/olx_mobile_dataset/images/mobile_a8ccf22a8b/26.jpg""]",26,2026-01-13 06:26:02.154312
mobile_de93b29db3,https://www.olx.in/item/mobile-phones-c1453-used-samsung-in-brar-nagar-rudrapur-iid-1831946587,Samsung f23 5g 4+4/128,"Samsung f23 5g all original phone hai sath mai bill box cable hai - Mobile Phones in Brar Nagar, Rudrapur",9000,"[""/content/drive/MyDrive/olx_mobile_dataset/images/mobile_de93b29db3/1.jpg"", ""/content/drive/MyDrive/olx_mobile_dataset/images/mobile_de93b29db3/2.jpg"", ""/content/drive/MyDrive/olx_mobile_dataset/images/mobile_de93b29db3/3.jpg"", ""/content/drive/MyDrive/olx_mobile_dataset/images/mobile_de93b29db3/4.jpg"", ""/content/drive/MyDrive/olx_mobile_dataset/images/mobile_de93b29db3/5.jpg"", ""/content/drive/MyDrive/olx_mobile_dataset/images/mobile_de93b29db3/6.jpg"", ""/content/drive/MyDrive/olx_mobile_dataset/images/mobile_de93b29db3/7.jpg"", ""/content/drive/MyDrive/olx_mobile_dataset/images/mobile_de93b29db3/8.jpg"", ""/content/drive/MyDrive/olx_mobile_dataset/images/mobile_de93b29db3/9.jpg"", ""/content/drive/MyDrive/olx_mobile_dataset/images/mobile_de93b29db3/10.jpg"", ""/content/drive/MyDrive/olx_mobile_dataset/images/mobile_de93b29db3/11.jpg"", ""/content/drive/MyDrive/olx_mobile_dataset/images/mobile_de93b29db3/12.jpg"", ""/content/drive/MyDrive/olx_mobile_dataset/images/mobile_de93b29db3/13.jpg"", ""/content/drive/MyDrive/olx_mobile_dataset/images/mobile_de93b29db3/14.jpg"", ""/content/drive/MyDrive/olx_mobile_dataset/images/mobile_de93b29db3/15.jpg"", ""/content/drive/MyDrive/olx_mobile_dataset/images/mobile_de93b29db3/16.jpg"", ""/content/drive/MyDrive/olx_mobile_dataset/images/mobile_de93b29db3/17.jpg"", ""/content/drive/MyDrive/olx_mobile_dataset/images/mobile_de93b29db3/18.jpg"", ""/content/drive/MyDrive/olx_mobile_dataset/images/mobile_de93b29db3/19.jpg"", ""/content/drive/MyDrive/olx_mobile_dataset/images/mobile_de93b29db3/20.jpg"", ""/content/drive/MyDrive/olx_mobile_dataset/images/mobile_de93b29db3/21.jpg"", ""/content/drive/MyDrive/olx_mobile_dataset/images/mobile_de93b29db3/22.jpg"", ""/content/drive/MyDrive/olx_mobile_dataset/images/mobile_de93b29db3/23.jpg"", ""/content/drive/MyDrive/olx_mobile_dataset/images/mobile_de93b29db3/24.jpg"", ""/content/drive/MyDrive/olx_mobile_dataset/images/mobile_de93b29db3/25.jpg"", ""/content/drive/MyDrive/olx_mobile_dataset/images/mobile_de93b29db3/26.jpg""]",26,2026-01-13 06:26:12.844807
mobile_0ecbd12251,https://www.olx.in/item/mobile-phones-c1453-used-other-mobiles-in-kakadev-kanpur-iid-1831946549,Redmi 12c 6gb ram 128Gb rom,"Well condition 1.5 year old with charger - Mobile Phones in Kakadev, Kanpur",4000,"[""/content/drive/MyDrive/olx_mobile_dataset/images/mobile_0ecbd12251/1.jpg"", ""/content/drive/MyDrive/olx_mobile_dataset/images/mobile_0ecbd12251/2.jpg"", ""/content/drive/MyDrive/olx_mobile_dataset/images/mobile_0ecbd12251/3.jpg"", ""/content/drive/MyDrive/olx_mobile_dataset/images/mobile_0ecbd12251/4.jpg"", ""/content/drive/MyDrive/olx_mobile_dataset/images/mobile_0ecbd12251/5.jpg"", ""/content/drive/MyDrive/olx_mobile_dataset/images/mobile_0ecbd12251/6.jpg"", ""/content/drive/MyDrive/olx_mobile_dataset/images/mobile_0ecbd12251/7.jpg"", ""/content/drive/MyDrive/olx_mobile_dataset/images/mobile_0ecbd12251/8.jpg"", ""/content/drive/MyDrive/olx_mobile_dataset/images/mobile_0ecbd12251/9.jpg"", ""/content/drive/MyDrive/olx_mobile_dataset/images/mobile_0ecbd12251/10.jpg"", ""/content/drive/MyDrive/olx_mobile_dataset/images/mobile_0ecbd12251/11.jpg"", ""/content/drive/MyDrive/olx_mobile_dataset/images/mobile_0ecbd12251/12.jpg"", ""/content/drive/MyDrive/olx_mobile_dataset/images/mobile_0ecbd12251/13.jpg"", ""/content/drive/MyDrive/olx_mobile_dataset/images/mobile_0ecbd12251/14.jpg"", ""/content/drive/MyDrive/olx_mobile_dataset/images/mobile_0ecbd12251/15.jpg"", ""/content/drive/MyDrive/olx_mobile_dataset/images/mobile_0ecbd12251/16.jpg"", ""/content/drive/MyDrive/olx_mobile_dataset/images/mobile_0ecbd12251/17.jpg"", ""/content/drive/MyDrive/olx_mobile_dataset/images/mobile_0ecbd12251/18.jpg"", ""/content/drive/MyDrive/olx_mobile_dataset/images/mobile_0ecbd12251/19.jpg"", ""/content/drive/MyDrive/olx_mobile_dataset/images/mobile_0ecbd12251/20.jpg"", ""/content/drive/MyDrive/olx_mobile_dataset/images/mobile_0ecbd12251/21.jpg"", ""/content/drive/MyDrive/olx_mobile_dataset/images/mobile_0ecbd12251/22.jpg"", ""/content/drive/MyDrive/olx_mobile_dataset/images/mobile_0ecbd12251/23.jpg"", ""/content/drive/MyDrive/olx_mobile_dataset/images/mobile_0ecbd12251/24.jpg"", ""/content/drive/MyDrive/olx_mobile_dataset/images/mobile_0ecbd12251/25.jpg"", ""/content/drive/MyDrive/olx_mobile_dataset/images/mobile_0ecbd12251/26.jpg""]",26,2026-01-13 06:26:23.793298
mobile_e3e382b1ee,https://www.olx.in/item/mobile-phones-c1453-used-vivo-in-jamadar-tola-bettiah-iid-1831946456,Jarur pad jaane ke liye,"Bahut jaruri hai - Mobile Phones in Jamadar Tola, Bettiah",6500,"[""/content/drive/MyDrive/olx_mobile_dataset/images/mobile_e3e382b1ee/1.jpg"", ""/content/drive/MyDrive/olx_mobile_dataset/images/mobile_e3e382b1ee/2.jpg"", ""/content/drive/MyDrive/olx_mobile_dataset/images/mobile_e3e382b1ee/3.jpg"", ""/content/drive/MyDrive/olx_mobile_dataset/images/mobile_e3e382b1ee/4.jpg"", ""/content/drive/MyDrive/olx_mobile_dataset/images/mobile_e3e382b1ee/5.jpg"", ""/content/drive/MyDrive/olx_mobile_dataset/images/mobile_e3e382b1ee/6.jpg"", ""/content/drive/MyDrive/olx_mobile_dataset/images/mobile_e3e382b1ee/7.jpg"", ""/content/drive/MyDrive/olx_mobile_dataset/images/mobile_e3e382b1ee/8.jpg"", ""/content/drive/MyDrive/olx_mobile_dataset/images/mobile_e3e382b1ee/9.jpg"", ""/content/drive/MyDrive/olx_mobile_dataset/images/mobile_e3e382b1ee/10.jpg"", ""/content/drive/MyDrive/olx_mobile_dataset/images/mobile_e3e382b1ee/11.jpg"", ""/content/drive/MyDrive/olx_mobile_dataset/images/mobile_e3e382b1ee/12.jpg"", ""/content/drive/MyDrive/olx_mobile_dataset/images/mobile_e3e382b1ee/13.jpg"", ""/content/drive/MyDrive/olx_mobile_dataset/images/mobile_e3e382b1ee/14.jpg"", ""/content/drive/MyDrive/olx_mobile_dataset/images/mobile_e3e382b1ee/15.jpg"", ""/content/drive/MyDrive/olx_mobile_dataset/images/mobile_e3e382b1ee/16.jpg"", ""/content/drive/MyDrive/olx_mobile_dataset/images/mobile_e3e382b1ee/17.jpg"", ""/content/drive/MyDrive/olx_mobile_dataset/images/mobile_e3e382b1ee/18.jpg"", ""/content/drive/MyDrive/olx_mobile_dataset/images/mobile_e3e382b1ee/19.jpg"", ""/content/drive/MyDrive/olx_mobile_dataset/images/mobile_e3e382b1ee/20.jpg"", ""/content/drive/MyDrive/olx_mobile_dataset/images/mobile_e3e382b1ee/21.jpg"", ""/content/drive/MyDrive/olx_mobile_dataset/images/mobile_e3e382b1ee/22.jpg"", ""/content/drive/MyDrive/olx_mobile_dataset/images/mobile_e3e382b1ee/23.jpg"", ""/content/drive/MyDrive/olx_mobile_dataset/images/mobile_e3e382b1ee/24.jpg"", ""/content/drive/MyDrive/olx_mobile_dataset/images/mobile_e3e382b1ee/25.jpg"", ""/content/drive/MyDrive/olx_mobile_dataset/images/mobile_e3e382b1ee/26.jpg""]",26,2026-01-13 06:26:39.259577
mobile_6c4fd3321b,https://www.olx.in/item/mobile-phones-c1453-used-samsung-in-dhekiajuli-bagan-no-1-dhekiajuli-iid-1831946405,Money problem dispiay little crack,"Display little crack well condition - Mobile Phones in Dhekiajuli Bagan No 1, Dhekiajuli",7000,"[""/content/drive/MyDrive/olx_mobile_dataset/images/mobile_6c4fd3321b/1.jpg"", ""/content/drive/MyDrive/olx_mobile_dataset/images/mobile_6c4fd3321b/2.jpg"", ""/content/drive/MyDrive/olx_mobile_dataset/images/mobile_6c4fd3321b/3.jpg"", ""/content/drive/MyDrive/olx_mobile_dataset/images/mobile_6c4fd3321b/4.jpg"", ""/content/drive/MyDrive/olx_mobile_dataset/images/mobile_6c4fd3321b/5.jpg"", ""/content/drive/MyDrive/olx_mobile_dataset/images/mobile_6c4fd3321b/6.jpg"", ""/content/drive/MyDrive/olx_mobile_dataset/images/mobile_6c4fd3321b/7.jpg"", ""/content/drive/MyDrive/olx_mobile_dataset/images/mobile_6c4fd3321b/8.jpg"", ""/content/drive/MyDrive/olx_mobile_dataset/images/mobile_6c4fd3321b/9.jpg"", ""/content/drive/MyDrive/olx_mobile_dataset/images/mobile_6c4fd3321b/10.jpg"", ""/content/drive/MyDrive/olx_mobile_dataset/images/mobile_6c4fd3321b/11.jpg"", ""/content/drive/MyDrive/olx_mobile_dataset/images/mobile_6c4fd3321b/12.jpg"", ""/content/drive/MyDrive/olx_mobile_dataset/images/mobile_6c4fd3321b/13.jpg"", ""/content/drive/MyDrive/olx_mobile_dataset/images/mobile_6c4fd3321b/14.jpg"", ""/content/drive/MyDrive/olx_mobile_dataset/images/mobile_6c4fd3321b/15.jpg"", ""/content/drive/MyDrive/olx_mobile_dataset/images/mobile_6c4fd3321b/16.jpg"", ""/content/drive/MyDrive/olx_mobile_dataset/images/mobile_6c4fd3321b/17.jpg"", ""/content/drive/MyDrive/olx_mobile_dataset/images/mobile_6c4fd3321b/18.jpg"", ""/content/drive/MyDrive/olx_mobile_dataset/images/mobile_6c4fd3321b/19.jpg"", ""/content/drive/MyDrive/olx_mobile_dataset/images/mobile_6c4fd3321b/20.jpg"", ""/content/drive/MyDrive/olx_mobile_dataset/images/mobile_6c4fd3321b/21.jpg"", ""/content/drive/MyDrive/olx_mobile_dataset/images/mobile_6c4fd3321b/22.jpg"", ""/content/drive/MyDrive/olx_mobile_dataset/images/mobile_6c4fd3321b/23.jpg"", ""/content/drive/MyDrive/olx_mobile_dataset/images/mobile_6c4fd3321b/24.jpg"", ""/content/drive/MyDrive/olx_mobile_dataset/images/mobile_6c4fd3321b/25.jpg"", ""/content/drive/MyDrive/olx_mobile_dataset/images/mobile_6c4fd3321b/26.jpg""]",26,2026-01-13 06:26:50.594140
mobile_31276b91ea,https://www.olx.in/item/mobile-phones-c1453-used-lava-in-muchchandra-bengaluru-iid-1831946589,Lava blaze X 5g 8/128,"Very good condition.no damage and scratches. original display .. screen finger print working. Reason for selling is .I bought a new OnePlus 13..all original accessories avilable.box bill charger .and online invoice from Amazon. - Mobile Phones in Muchchandra, Bengaluru",10500,"[""/content/drive/MyDrive/olx_mobile_dataset/images/mobile_31276b91ea/1.jpg"", ""/content/drive/MyDrive/olx_mobile_dataset/images/mobile_31276b91ea/2.jpg"", ""/content/drive/MyDrive/olx_mobile_dataset/images/mobile_31276b91ea/3.jpg"", ""/content/drive/MyDrive/olx_mobile_dataset/images/mobile_31276b91ea/4.jpg"", ""/content/drive/MyDrive/olx_mobile_dataset/images/mobile_31276b91ea/5.jpg"", ""/content/drive/MyDrive/olx_mobile_dataset/images/mobile_31276b91ea/6.jpg"", ""/content/drive/MyDrive/olx_mobile_dataset/images/mobile_31276b91ea/7.jpg"", ""/content/drive/MyDrive/olx_mobile_dataset/images/mobile_31276b91ea/8.jpg"", ""/content/drive/MyDrive/olx_mobile_dataset/images/mobile_31276b91ea/9.jpg"", ""/content/drive/MyDrive/olx_mobile_dataset/images/mobile_31276b91ea/10.jpg"", ""/content/drive/MyDrive/olx_mobile_dataset/images/mobile_31276b91ea/11.jpg"", ""/content/drive/MyDrive/olx_mobile_dataset/images/mobile_31276b91ea/12.jpg"", ""/content/drive/MyDrive/olx_mobile_dataset/images/mobile_31276b91ea/13.jpg"", ""/content/drive/MyDrive/olx_mobile_dataset/images/mobile_31276b91ea/14.jpg"", ""/content/drive/MyDrive/olx_mobile_dataset/images/mobile_31276b91ea/15.jpg"", ""/content/drive/MyDrive/olx_mobile_dataset/images/mobile_31276b91ea/16.jpg"", ""/content/drive/MyDrive/olx_mobile_dataset/images/mobile_31276b91ea/17.jpg"", ""/content/drive/MyDrive/olx_mobile_dataset/images/mobile_31276b91ea/18.jpg"", ""/content/drive/MyDrive/olx_mobile_dataset/images/mobile_31276b91ea/19.jpg"", ""/content/drive/MyDrive/olx_mobile_dataset/images/mobile_31276b91ea/20.jpg"", ""/content/drive/MyDrive/olx_mobile_dataset/images/mobile_31276b91ea/21.jpg"", ""/content/drive/MyDrive/olx_mobile_dataset/images/mobile_31276b91ea/22.jpg"", ""/content/drive/MyDrive/olx_mobile_dataset/images/mobile_31276b91ea/23.jpg"", ""/content/drive/MyDrive/olx_mobile_dataset/images/mobile_31276b91ea/24.jpg"", ""/content/drive/MyDrive/olx_mobile_dataset/images/mobile_31276b91ea/25.jpg"", ""/content/drive/MyDrive/olx_mobile_dataset/images/mobile_31276b91ea/26.jpg""]",26,2026-01-13 06:27:09.338799
mobile_924333f7d4,https://www.olx.in/item/mobile-phones-c1453-used-vivo-in-mani-nagar-ahmedabad-iid-1831301989,Vivoy565g 8gb128gb ips  display fingerbandh bill box  charger,"Vivoy56 5g complete 8gb 128gb bill box charger - Mobile Phones in Mani Nagar, Ahmedabad",6900,"[""/content/drive/MyDrive/olx_mobile_dataset/images/mobile_924333f7d4/1.jpg"", ""/content/drive/MyDrive/olx_mobile_dataset/images/mobile_924333f7d4/2.jpg"", ""/content/drive/MyDrive/olx_mobile_dataset/images/mobile_924333f7d4/3.jpg"", ""/content/drive/MyDrive/olx_mobile_dataset/images/mobile_924333f7d4/4.jpg"", ""/content/drive/MyDrive/olx_mobile_dataset/images/mobile_924333f7d4/5.jpg"", ""/content/drive/MyDrive/olx_mobile_dataset/images/mobile_924333f7d4/6.jpg"", ""/content/drive/MyDrive/olx_mobile_dataset/images/mobile_924333f7d4/7.jpg"", ""/content/drive/MyDrive/olx_mobile_dataset/images/mobile_924333f7d4/8.jpg"", ""/content/drive/MyDrive/olx_mobile_dataset/images/mobile_924333f7d4/9.jpg"", ""/content/drive/MyDrive/olx_mobile_dataset/images/mobile_924333f7d4/10.jpg"", ""/content/drive/MyDrive/olx_mobile_dataset/images/mobile_924333f7d4/11.jpg"", ""/content/drive/MyDrive/olx_mobile_dataset/images/mobile_924333f7d4/12.jpg"", ""/content/drive/MyDrive/olx_mobile_dataset/images/mobile_924333f7d4/13.jpg"", ""/content/drive/MyDrive/olx_mobile_dataset/images/mobile_924333f7d4/14.jpg"", ""/content/drive/MyDrive/olx_mobile_dataset/images/mobile_924333f7d4/15.jpg"", ""/content/drive/MyDrive/olx_mobile_dataset/images/mobile_924333f7d4/16.jpg"", ""/content/drive/MyDrive/olx_mobile_dataset/images/mobile_924333f7d4/17.jpg"", ""/content/drive/MyDrive/olx_mobile_dataset/images/mobile_924333f7d4/18.jpg"", ""/content/drive/MyDrive/olx_mobile_dataset/images/mobile_924333f7d4/19.jpg"", ""/content/drive/MyDrive/olx_mobile_dataset/images/mobile_924333f7d4/20.jpg"", ""/content/drive/MyDrive/olx_mobile_dataset/images/mobile_924333f7d4/21.jpg"", ""/content/drive/MyDrive/olx_mobile_dataset/images/mobile_924333f7d4/22.jpg"", ""/content/drive/MyDrive/olx_mobile_dataset/images/mobile_924333f7d4/23.jpg"", ""/content/drive/MyDrive/olx_mobile_dataset/images/mobile_924333f7d4/24.jpg"", ""/content/drive/MyDrive/olx_mobile_dataset/images/mobile_924333f7d4/25.jpg"", ""/content/drive/MyDrive/olx_mobile_dataset/images/mobile_924333f7d4/26.jpg""]",26,2026-01-13 06:27:19.897853
mobile_aa30426a6d,https://www.olx.in/item/mobile-phones-c1453-used-vivo-in-kanchipuram-sriperumbudur-iid-1829272963,Vivo t4 5g,"New phone One month - Mobile Phones in Kanchipuram, Sriperumbudur",23000,"[""/content/drive/MyDrive/olx_mobile_dataset/images/mobile_aa30426a6d/1.jpg"", ""/content/drive/MyDrive/olx_mobile_dataset/images/mobile_aa30426a6d/2.jpg"", ""/content/drive/MyDrive/olx_mobile_dataset/images/mobile_aa30426a6d/3.jpg"", ""/content/drive/MyDrive/olx_mobile_dataset/images/mobile_aa30426a6d/4.jpg"", ""/content/drive/MyDrive/olx_mobile_dataset/images/mobile_aa30426a6d/5.jpg"", ""/content/drive/MyDrive/olx_mobile_dataset/images/mobile_aa30426a6d/6.jpg"", ""/content/drive/MyDrive/olx_mobile_dataset/images/mobile_aa30426a6d/7.jpg"", ""/content/drive/MyDrive/olx_mobile_dataset/images/mobile_aa30426a6d/8.jpg"", ""/content/drive/MyDrive/olx_mobile_dataset/images/mobile_aa30426a6d/9.jpg"", ""/content/drive/MyDrive/olx_mobile_dataset/images/mobile_aa30426a6d/10.jpg"", ""/content/drive/MyDrive/olx_mobile_dataset/images/mobile_aa30426a6d/11.jpg"", ""/content/drive/MyDrive/olx_mobile_dataset/images/mobile_aa30426a6d/12.jpg"", ""/content/drive/MyDrive/olx_mobile_dataset/images/mobile_aa30426a6d/13.jpg"", ""/content/drive/MyDrive/olx_mobile_dataset/images/mobile_aa30426a6d/14.jpg"", ""/content/drive/MyDrive/olx_mobile_dataset/images/mobile_aa30426a6d/15.jpg"", ""/content/drive/MyDrive/olx_mobile_dataset/images/mobile_aa30426a6d/16.jpg"", ""/content/drive/MyDrive/olx_mobile_dataset/images/mobile_aa30426a6d/17.jpg"", ""/content/drive/MyDrive/olx_mobile_dataset/images/mobile_aa30426a6d/18.jpg"", ""/content/drive/MyDrive/olx_mobile_dataset/images/mobile_aa30426a6d/19.jpg"", ""/content/drive/MyDrive/olx_mobile_dataset/images/mobile_aa30426a6d/20.jpg"", ""/content/drive/MyDrive/olx_mobile_dataset/images/mobile_aa30426a6d/21.jpg"", ""/content/drive/MyDrive/olx_mobile_dataset/images/mobile_aa30426a6d/22.jpg"", ""/content/drive/MyDrive/olx_mobile_dataset/images/mobile_aa30426a6d/23.jpg"", ""/content/drive/MyDrive/olx_mobile_dataset/images/mobile_aa30426a6d/24.jpg"", ""/content/drive/MyDrive/olx_mobile_dataset/images/mobile_aa30426a6d/25.jpg"", ""/content/drive/MyDrive/olx_mobile_dataset/images/mobile_aa30426a6d/26.jpg""]",26,2026-01-13 06:27:31.333467
mobile_d047757cb3,https://www.olx.in/item/mobile-phones-c1453-used-iphone-in-new-colony-srikakulam-iid-1831946551,Apple iPhone 14 128gb– Excellent Condition – Original Box,"iPhone 14 128Gb in excellent condition. Unfortunately back glass damage. All functions working perfectly. Used carefully. Comes with original box and bill. Battery health is good. Reason for selling: upgrading to a new phone. Serious buyers only. - Mobile Phones in New Colony, Srikakulam",38000,"[""/content/drive/MyDrive/olx_mobile_dataset/images/mobile_d047757cb3/1.jpg"", ""/content/drive/MyDrive/olx_mobile_dataset/images/mobile_d047757cb3/2.jpg"", ""/content/drive/MyDrive/olx_mobile_dataset/images/mobile_d047757cb3/3.jpg"", ""/content/drive/MyDrive/olx_mobile_dataset/images/mobile_d047757cb3/4.jpg"", ""/content/drive/MyDrive/olx_mobile_dataset/images/mobile_d047757cb3/5.jpg"", ""/content/drive/MyDrive/olx_mobile_dataset/images/mobile_d047757cb3/6.jpg"", ""/content/drive/MyDrive/olx_mobile_dataset/images/mobile_d047757cb3/7.jpg"", ""/content/drive/MyDrive/olx_mobile_dataset/images/mobile_d047757cb3/8.jpg"", ""/content/drive/MyDrive/olx_mobile_dataset/images/mobile_d047757cb3/9.jpg"", ""/content/drive/MyDrive/olx_mobile_dataset/images/mobile_d047757cb3/10.jpg"", ""/content/drive/MyDrive/olx_mobile_dataset/images/mobile_d047757cb3/11.jpg"", ""/content/drive/MyDrive/olx_mobile_dataset/images/mobile_d047757cb3/12.jpg"", ""/content/drive/MyDrive/olx_mobile_dataset/images/mobile_d047757cb3/13.jpg"", ""/content/drive/MyDrive/olx_mobile_dataset/images/mobile_d047757cb3/14.jpg"", ""/content/drive/MyDrive/olx_mobile_dataset/images/mobile_d047757cb3/15.jpg"", ""/content/drive/MyDrive/olx_mobile_dataset/images/mobile_d047757cb3/16.jpg"", ""/content/drive/MyDrive/olx_mobile_dataset/images/mobile_d047757cb3/17.jpg"", ""/content/drive/MyDrive/olx_mobile_dataset/images/mobile_d047757cb3/18.jpg"", ""/content/drive/MyDrive/olx_mobile_dataset/images/mobile_d047757cb3/19.jpg"", ""/content/drive/MyDrive/olx_mobile_dataset/images/mobile_d047757cb3/20.jpg"", ""/content/drive/MyDrive/olx_mobile_dataset/images/mobile_d047757cb3/21.jpg"", ""/content/drive/MyDrive/olx_mobile_dataset/images/mobile_d047757cb3/22.jpg"", ""/content/drive/MyDrive/olx_mobile_dataset/images/mobile_d047757cb3/23.jpg"", ""/content/drive/MyDrive/olx_mobile_dataset/images/mobile_d047757cb3/24.jpg"", ""/content/drive/MyDrive/olx_mobile_dataset/images/mobile_d047757cb3/25.jpg"", ""/content/drive/MyDrive/olx_mobile_dataset/images/mobile_d047757cb3/26.jpg""]",26,2026-01-13 06:27:41.255251
mobile_48ce1fc8ce,https://www.olx.in/item/mobile-phones-c1453-used-realme-in-chicha-pathar-bihpuria-iid-1814217598,Realme 9i  A1 condition,"Realme 9i 4+1GB 64GB - Mobile Phones in Chicha Pathar, Bihpuria",5000,"[""/content/drive/MyDrive/olx_mobile_dataset/images/mobile_48ce1fc8ce/1.jpg"", ""/content/drive/MyDrive/olx_mobile_dataset/images/mobile_48ce1fc8ce/2.jpg"", ""/content/drive/MyDrive/olx_mobile_dataset/images/mobile_48ce1fc8ce/3.jpg"", ""/content/drive/MyDrive/olx_mobile_dataset/images/mobile_48ce1fc8ce/4.jpg"", ""/content/drive/MyDrive/olx_mobile_dataset/images/mobile_48ce1fc8ce/5.jpg"", ""/content/drive/MyDrive/olx_mobile_dataset/images/mobile_48ce1fc8ce/6.jpg"", ""/content/drive/MyDrive/olx_mobile_dataset/images/mobile_48ce1fc8ce/7.jpg"", ""/content/drive/MyDrive/olx_mobile_dataset/images/mobile_48ce1fc8ce/8.jpg"", ""/content/drive/MyDrive/olx_mobile_dataset/images/mobile_48ce1fc8ce/9.jpg"", ""/content/drive/MyDrive/olx_mobile_dataset/images/mobile_48ce1fc8ce/10.jpg"", ""/content/drive/MyDrive/olx_mobile_dataset/images/mobile_48ce1fc8ce/11.jpg"", ""/content/drive/MyDrive/olx_mobile_dataset/images/mobile_48ce1fc8ce/12.jpg"", ""/content/drive/MyDrive/olx_mobile_dataset/images/mobile_48ce1fc8ce/13.jpg"", ""/content/drive/MyDrive/olx_mobile_dataset/images/mobile_48ce1fc8ce/14.jpg"", ""/content/drive/MyDrive/olx_mobile_dataset/images/mobile_48ce1fc8ce/15.jpg"", ""/content/drive/MyDrive/olx_mobile_dataset/images/mobile_48ce1fc8ce/16.jpg"", ""/content/drive/MyDrive/olx_mobile_dataset/images/mobile_48ce1fc8ce/17.jpg"", ""/content/drive/MyDrive/olx_mobile_dataset/images/mobile_48ce1fc8ce/18.jpg"", ""/content/drive/MyDrive/olx_mobile_dataset/images/mobile_48ce1fc8ce/19.jpg"", ""/content/drive/MyDrive/olx_mobile_dataset/images/mobile_48ce1fc8ce/20.jpg"", ""/content/drive/MyDrive/olx_mobile_dataset/images/mobile_48ce1fc8ce/21.jpg"", ""/content/drive/MyDrive/olx_mobile_dataset/images/mobile_48ce1fc8ce/22.jpg"", ""/content/drive/MyDrive/olx_mobile_dataset/images/mobile_48ce1fc8ce/23.jpg"", ""/content/drive/MyDrive/olx_mobile_dataset/images/mobile_48ce1fc8ce/24.jpg"", ""/content/drive/MyDrive/olx_mobile_dataset/images/mobile_48ce1fc8ce/25.jpg"", ""/content/drive/MyDrive/olx_mobile_dataset/images/mobile_48ce1fc8ce/26.jpg""]",26,2026-01-13 06:27:56.616463
mobile_7fe0819f4b,https://www.olx.in/item/mobile-phones-c1453-used-one-plus-in-gandhipuram-coimbatore-iid-1831851422,Oneplus 11 5g,"Oneplus 11 Ram - 16gb Internal Storage - 256gb Box and Charger Available Neat & Good condition Price Negotiable - Mobile Phones in Gandhipuram, Coimbatore",30000,"[""/content/drive/MyDrive/olx_mobile_dataset/images/mobile_7fe0819f4b/1.jpg"", ""/content/drive/MyDrive/olx_mobile_dataset/images/mobile_7fe0819f4b/2.jpg"", ""/content/drive/MyDrive/olx_mobile_dataset/images/mobile_7fe0819f4b/3.jpg"", ""/content/drive/MyDrive/olx_mobile_dataset/images/mobile_7fe0819f4b/4.jpg"", ""/content/drive/MyDrive/olx_mobile_dataset/images/mobile_7fe0819f4b/5.jpg"", ""/content/drive/MyDrive/olx_mobile_dataset/images/mobile_7fe0819f4b/6.jpg"", ""/content/drive/MyDrive/olx_mobile_dataset/images/mobile_7fe0819f4b/7.jpg"", ""/content/drive/MyDrive/olx_mobile_dataset/images/mobile_7fe0819f4b/8.jpg"", ""/content/drive/MyDrive/olx_mobile_dataset/images/mobile_7fe0819f4b/9.jpg"", ""/content/drive/MyDrive/olx_mobile_dataset/images/mobile_7fe0819f4b/10.jpg"", ""/content/drive/MyDrive/olx_mobile_dataset/images/mobile_7fe0819f4b/11.jpg"", ""/content/drive/MyDrive/olx_mobile_dataset/images/mobile_7fe0819f4b/12.jpg"", ""/content/drive/MyDrive/olx_mobile_dataset/images/mobile_7fe0819f4b/13.jpg"", ""/content/drive/MyDrive/olx_mobile_dataset/images/mobile_7fe0819f4b/14.jpg"", ""/content/drive/MyDrive/olx_mobile_dataset/images/mobile_7fe0819f4b/15.jpg"", ""/content/drive/MyDrive/olx_mobile_dataset/images/mobile_7fe0819f4b/16.jpg"", ""/content/drive/MyDrive/olx_mobile_dataset/images/mobile_7fe0819f4b/17.jpg"", ""/content/drive/MyDrive/olx_mobile_dataset/images/mobile_7fe0819f4b/18.jpg"", ""/content/drive/MyDrive/olx_mobile_dataset/images/mobile_7fe0819f4b/19.jpg"", ""/content/drive/MyDrive/olx_mobile_dataset/images/mobile_7fe0819f4b/20.jpg"", ""/content/drive/MyDrive/olx_mobile_dataset/images/mobile_7fe0819f4b/21.jpg"", ""/content/drive/MyDrive/olx_mobile_dataset/images/mobile_7fe0819f4b/22.jpg"", ""/content/drive/MyDrive/olx_mobile_dataset/images/mobile_7fe0819f4b/23.jpg"", ""/content/drive/MyDrive/olx_mobile_dataset/images/mobile_7fe0819f4b/24.jpg"", ""/content/drive/MyDrive/olx_mobile_dataset/images/mobile_7fe0819f4b/25.jpg"", ""/content/drive/MyDrive/olx_mobile_dataset/images/mobile_7fe0819f4b/26.jpg""]",26,2026-01-13 06:28:07.228529
mobile_7f8ad6168a,https://www.olx.in/item/mobile-phones-c1453-used-iphone-in-old-dalanwala-dehradun-iid-1831946579,16 pro good condition,"Not a phone add contact to get loan - Mobile Phones in Old Dalanwala, Dehradun",52000,"[""/content/drive/MyDrive/olx_mobile_dataset/images/mobile_7f8ad6168a/1.jpg"", ""/content/drive/MyDrive/olx_mobile_dataset/images/mobile_7f8ad6168a/2.jpg"", ""/content/drive/MyDrive/olx_mobile_dataset/images/mobile_7f8ad6168a/3.jpg"", ""/content/drive/MyDrive/olx_mobile_dataset/images/mobile_7f8ad6168a/4.jpg"", ""/content/drive/MyDrive/olx_mobile_dataset/images/mobile_7f8ad6168a/5.jpg"", ""/content/drive/MyDrive/olx_mobile_dataset/images/mobile_7f8ad6168a/6.jpg"", ""/content/drive/MyDrive/olx_mobile_dataset/images/mobile_7f8ad6168a/7.jpg"", ""/content/drive/MyDrive/olx_mobile_dataset/images/mobile_7f8ad6168a/8.jpg"", ""/content/drive/MyDrive/olx_mobile_dataset/images/mobile_7f8ad6168a/9.jpg"", ""/content/drive/MyDrive/olx_mobile_dataset/images/mobile_7f8ad6168a/10.jpg"", ""/content/drive/MyDrive/olx_mobile_dataset/images/mobile_7f8ad6168a/11.jpg"", ""/content/drive/MyDrive/olx_mobile_dataset/images/mobile_7f8ad6168a/12.jpg"", ""/content/drive/MyDrive/olx_mobile_dataset/images/mobile_7f8ad6168a/13.jpg"", ""/content/drive/MyDrive/olx_mobile_dataset/images/mobile_7f8ad6168a/14.jpg"", ""/content/drive/MyDrive/olx_mobile_dataset/images/mobile_7f8ad6168a/15.jpg"", ""/content/drive/MyDrive/olx_mobile_dataset/images/mobile_7f8ad6168a/16.jpg"", ""/content/drive/MyDrive/olx_mobile_dataset/images/mobile_7f8ad6168a/17.jpg"", ""/content/drive/MyDrive/olx_mobile_dataset/images/mobile_7f8ad6168a/18.jpg"", ""/content/drive/MyDrive/olx_mobile_dataset/images/mobile_7f8ad6168a/19.jpg"", ""/content/drive/MyDrive/olx_mobile_dataset/images/mobile_7f8ad6168a/20.jpg"", ""/content/drive/MyDrive/olx_mobile_dataset/images/mobile_7f8ad6168a/21.jpg"", ""/content/drive/MyDrive/olx_mobile_dataset/images/mobile_7f8ad6168a/22.jpg"", ""/content/drive/MyDrive/olx_mobile_dataset/images/mobile_7f8ad6168a/23.jpg"", ""/content/drive/MyDrive/olx_mobile_dataset/images/mobile_7f8ad6168a/24.jpg"", ""/content/drive/MyDrive/olx_mobile_dataset/images/mobile_7f8ad6168a/25.jpg"", ""/content/drive/MyDrive/olx_mobile_dataset/images/mobile_7f8ad6168a/26.jpg""]",26,2026-01-13 06:28:18.758399
mobile_5a9e931fd6,https://www.olx.in/item/mobile-phones-c1453-used-realme-in-rauza-ghazipur-iid-1831946412,Realme p2 pro 5g,"Ye mobile bikau hai - Mobile Phones in Rauza, Ghazipur",11500,"[""/content/drive/MyDrive/olx_mobile_dataset/images/mobile_5a9e931fd6/1.jpg"", ""/content/drive/MyDrive/olx_mobile_dataset/images/mobile_5a9e931fd6/2.jpg"", ""/content/drive/MyDrive/olx_mobile_dataset/images/mobile_5a9e931fd6/3.jpg"", ""/content/drive/MyDrive/olx_mobile_dataset/images/mobile_5a9e931fd6/4.jpg"", ""/content/drive/MyDrive/olx_mobile_dataset/images/mobile_5a9e931fd6/5.jpg"", ""/content/drive/MyDrive/olx_mobile_dataset/images/mobile_5a9e931fd6/6.jpg"", ""/content/drive/MyDrive/olx_mobile_dataset/images/mobile_5a9e931fd6/7.jpg"", ""/content/drive/MyDrive/olx_mobile_dataset/images/mobile_5a9e931fd6/8.jpg"", ""/content/drive/MyDrive/olx_mobile_dataset/images/mobile_5a9e931fd6/9.jpg"", ""/content/drive/MyDrive/olx_mobile_dataset/images/mobile_5a9e931fd6/10.jpg"", ""/content/drive/MyDrive/olx_mobile_dataset/images/mobile_5a9e931fd6/11.jpg"", ""/content/drive/MyDrive/olx_mobile_dataset/images/mobile_5a9e931fd6/12.jpg"", ""/content/drive/MyDrive/olx_mobile_dataset/images/mobile_5a9e931fd6/13.jpg"", ""/content/drive/MyDrive/olx_mobile_dataset/images/mobile_5a9e931fd6/14.jpg"", ""/content/drive/MyDrive/olx_mobile_dataset/images/mobile_5a9e931fd6/15.jpg"", ""/content/drive/MyDrive/olx_mobile_dataset/images/mobile_5a9e931fd6/16.jpg"", ""/content/drive/MyDrive/olx_mobile_dataset/images/mobile_5a9e931fd6/17.jpg"", ""/content/drive/MyDrive/olx_mobile_dataset/images/mobile_5a9e931fd6/18.jpg"", ""/content/drive/MyDrive/olx_mobile_dataset/images/mobile_5a9e931fd6/19.jpg"", ""/content/drive/MyDrive/olx_mobile_dataset/images/mobile_5a9e931fd6/20.jpg"", ""/content/drive/MyDrive/olx_mobile_dataset/images/mobile_5a9e931fd6/21.jpg"", ""/content/drive/MyDrive/olx_mobile_dataset/images/mobile_5a9e931fd6/22.jpg"", ""/content/drive/MyDrive/olx_mobile_dataset/images/mobile_5a9e931fd6/23.jpg"", ""/content/drive/MyDrive/olx_mobile_dataset/images/mobile_5a9e931fd6/24.jpg"", ""/content/drive/MyDrive/olx_mobile_dataset/images/mobile_5a9e931fd6/25.jpg"", ""/content/drive/MyDrive/olx_mobile_dataset/images/mobile_5a9e931fd6/26.jpg""]",26,2026-01-13 06:28:28.201258
mobile_d034162dc0,https://www.olx.in/item/mobile-phones-c1453-used-iphone-in-ekashila-nagar-warangal-iid-1831946459,Good condition,"I phone 14pro Battery 83% - Mobile Phones in Ekashila Nagar, Warangal",55000,"[""/content/drive/MyDrive/olx_mobile_dataset/images/mobile_d034162dc0/1.jpg"", ""/content/drive/MyDrive/olx_mobile_dataset/images/mobile_d034162dc0/2.jpg"", ""/content/drive/MyDrive/olx_mobile_dataset/images/mobile_d034162dc0/3.jpg"", ""/content/drive/MyDrive/olx_mobile_dataset/images/mobile_d034162dc0/4.jpg"", ""/content/drive/MyDrive/olx_mobile_dataset/images/mobile_d034162dc0/5.jpg"", ""/content/drive/MyDrive/olx_mobile_dataset/images/mobile_d034162dc0/6.jpg"", ""/content/drive/MyDrive/olx_mobile_dataset/images/mobile_d034162dc0/7.jpg"", ""/content/drive/MyDrive/olx_mobile_dataset/images/mobile_d034162dc0/8.jpg"", ""/content/drive/MyDrive/olx_mobile_dataset/images/mobile_d034162dc0/9.jpg"", ""/content/drive/MyDrive/olx_mobile_dataset/images/mobile_d034162dc0/10.jpg"", ""/content/drive/MyDrive/olx_mobile_dataset/images/mobile_d034162dc0/11.jpg"", ""/content/drive/MyDrive/olx_mobile_dataset/images/mobile_d034162dc0/12.jpg"", ""/content/drive/MyDrive/olx_mobile_dataset/images/mobile_d034162dc0/13.jpg"", ""/content/drive/MyDrive/olx_mobile_dataset/images/mobile_d034162dc0/14.jpg"", ""/content/drive/MyDrive/olx_mobile_dataset/images/mobile_d034162dc0/15.jpg"", ""/content/drive/MyDrive/olx_mobile_dataset/images/mobile_d034162dc0/16.jpg"", ""/content/drive/MyDrive/olx_mobile_dataset/images/mobile_d034162dc0/17.jpg"", ""/content/drive/MyDrive/olx_mobile_dataset/images/mobile_d034162dc0/18.jpg"", ""/content/drive/MyDrive/olx_mobile_dataset/images/mobile_d034162dc0/19.jpg"", ""/content/drive/MyDrive/olx_mobile_dataset/images/mobile_d034162dc0/20.jpg"", ""/content/drive/MyDrive/olx_mobile_dataset/images/mobile_d034162dc0/21.jpg"", ""/content/drive/MyDrive/olx_mobile_dataset/images/mobile_d034162dc0/22.jpg"", ""/content/drive/MyDrive/olx_mobile_dataset/images/mobile_d034162dc0/23.jpg"", ""/content/drive/MyDrive/olx_mobile_dataset/images/mobile_d034162dc0/24.jpg"", ""/content/drive/MyDrive/olx_mobile_dataset/images/mobile_d034162dc0/25.jpg"", ""/content/drive/MyDrive/olx_mobile_dataset/images/mobile_d034162dc0/26.jpg""]",26,2026-01-13 06:28:38.615946
mobile_34191707d6,https://www.olx.in/item/mobile-phones-c1453-used-realme-in-bahu-jammu-iid-1831946554,REALME 13 PRO 5G ( SELL OR EXCHANGE),"REALME 13 PRO 5G 8 / 256 BILL BOX CHRGER AVAILABLE - Mobile Phones in Bahu, Jammu",20000,"[""/content/drive/MyDrive/olx_mobile_dataset/images/mobile_34191707d6/1.jpg"", ""/content/drive/MyDrive/olx_mobile_dataset/images/mobile_34191707d6/2.jpg"", ""/content/drive/MyDrive/olx_mobile_dataset/images/mobile_34191707d6/3.jpg"", ""/content/drive/MyDrive/olx_mobile_dataset/images/mobile_34191707d6/4.jpg"", ""/content/drive/MyDrive/olx_mobile_dataset/images/mobile_34191707d6/5.jpg"", ""/content/drive/MyDrive/olx_mobile_dataset/images/mobile_34191707d6/6.jpg"", ""/content/drive/MyDrive/olx_mobile_dataset/images/mobile_34191707d6/7.jpg"", ""/content/drive/MyDrive/olx_mobile_dataset/images/mobile_34191707d6/8.jpg"", ""/content/drive/MyDrive/olx_mobile_dataset/images/mobile_34191707d6/9.jpg"", ""/content/drive/MyDrive/olx_mobile_dataset/images/mobile_34191707d6/10.jpg"", ""/content/drive/MyDrive/olx_mobile_dataset/images/mobile_34191707d6/11.jpg"", ""/content/drive/MyDrive/olx_mobile_dataset/images/mobile_34191707d6/12.jpg"", ""/content/drive/MyDrive/olx_mobile_dataset/images/mobile_34191707d6/13.jpg"", ""/content/drive/MyDrive/olx_mobile_dataset/images/mobile_34191707d6/14.jpg"", ""/content/drive/MyDrive/olx_mobile_dataset/images/mobile_34191707d6/15.jpg"", ""/content/drive/MyDrive/olx_mobile_dataset/images/mobile_34191707d6/16.jpg"", ""/content/drive/MyDrive/olx_mobile_dataset/images/mobile_34191707d6/17.jpg"", ""/content/drive/MyDrive/olx_mobile_dataset/images/mobile_34191707d6/18.jpg"", ""/content/drive/MyDrive/olx_mobile_dataset/images/mobile_34191707d6/19.jpg"", ""/content/drive/MyDrive/olx_mobile_dataset/images/mobile_34191707d6/20.jpg"", ""/content/drive/MyDrive/olx_mobile_dataset/images/mobile_34191707d6/21.jpg"", ""/content/drive/MyDrive/olx_mobile_dataset/images/mobile_34191707d6/22.jpg"", ""/content/drive/MyDrive/olx_mobile_dataset/images/mobile_34191707d6/23.jpg"", ""/content/drive/MyDrive/olx_mobile_dataset/images/mobile_34191707d6/24.jpg"", ""/content/drive/MyDrive/olx_mobile_dataset/images/mobile_34191707d6/25.jpg"", ""/content/drive/MyDrive/olx_mobile_dataset/images/mobile_34191707d6/26.jpg""]",26,2026-01-13 06:28:50.393119
mobile_0e4cd7fa70,https://www.olx.in/item/mobile-phones-c1453-used-iphone-in-dilsukh-nagar-hyderabad-iid-1831001502,Iphone 17 256GB green colour,"Just seal break open box - Mobile Phones in Dilsukh Nagar, Hyderabad",74999,"[""/content/drive/MyDrive/olx_mobile_dataset/images/mobile_0e4cd7fa70/1.jpg"", ""/content/drive/MyDrive/olx_mobile_dataset/images/mobile_0e4cd7fa70/2.jpg"", ""/content/drive/MyDrive/olx_mobile_dataset/images/mobile_0e4cd7fa70/3.jpg"", ""/content/drive/MyDrive/olx_mobile_dataset/images/mobile_0e4cd7fa70/4.jpg"", ""/content/drive/MyDrive/olx_mobile_dataset/images/mobile_0e4cd7fa70/5.jpg"", ""/content/drive/MyDrive/olx_mobile_dataset/images/mobile_0e4cd7fa70/6.jpg"", ""/content/drive/MyDrive/olx_mobile_dataset/images/mobile_0e4cd7fa70/7.jpg"", ""/content/drive/MyDrive/olx_mobile_dataset/images/mobile_0e4cd7fa70/8.jpg"", ""/content/drive/MyDrive/olx_mobile_dataset/images/mobile_0e4cd7fa70/9.jpg"", ""/content/drive/MyDrive/olx_mobile_dataset/images/mobile_0e4cd7fa70/10.jpg"", ""/content/drive/MyDrive/olx_mobile_dataset/images/mobile_0e4cd7fa70/11.jpg"", ""/content/drive/MyDrive/olx_mobile_dataset/images/mobile_0e4cd7fa70/12.jpg"", ""/content/drive/MyDrive/olx_mobile_dataset/images/mobile_0e4cd7fa70/13.jpg"", ""/content/drive/MyDrive/olx_mobile_dataset/images/mobile_0e4cd7fa70/14.jpg"", ""/content/drive/MyDrive/olx_mobile_dataset/images/mobile_0e4cd7fa70/15.jpg"", ""/content/drive/MyDrive/olx_mobile_dataset/images/mobile_0e4cd7fa70/16.jpg"", ""/content/drive/MyDrive/olx_mobile_dataset/images/mobile_0e4cd7fa70/17.jpg"", ""/content/drive/MyDrive/olx_mobile_dataset/images/mobile_0e4cd7fa70/18.jpg"", ""/content/drive/MyDrive/olx_mobile_dataset/images/mobile_0e4cd7fa70/19.jpg"", ""/content/drive/MyDrive/olx_mobile_dataset/images/mobile_0e4cd7fa70/20.jpg"", ""/content/drive/MyDrive/olx_mobile_dataset/images/mobile_0e4cd7fa70/21.jpg"", ""/content/drive/MyDrive/olx_mobile_dataset/images/mobile_0e4cd7fa70/22.jpg"", ""/content/drive/MyDrive/olx_mobile_dataset/images/mobile_0e4cd7fa70/23.jpg"", ""/content/drive/MyDrive/olx_mobile_dataset/images/mobile_0e4cd7fa70/24.jpg"", ""/content/drive/MyDrive/olx_mobile_dataset/images/mobile_0e4cd7fa70/25.jpg"", ""/content/drive/MyDrive/olx_mobile_dataset/images/mobile_0e4cd7fa70/26.jpg""]",26,2026-01-13 06:29:01.218918
mobile_50a93b5be5,https://www.olx.in/item/mobile-phones-c1453-used-vivo-in-ramkola-road-padrauna-iid-1831946363,Money problem Vivo t3 5g,"Money problem - Mobile Phones in Ramkola Road, Padrauna",18500,"[""/content/drive/MyDrive/olx_mobile_dataset/images/mobile_50a93b5be5/1.jpg"", ""/content/drive/MyDrive/olx_mobile_dataset/images/mobile_50a93b5be5/2.jpg"", ""/content/drive/MyDrive/olx_mobile_dataset/images/mobile_50a93b5be5/3.jpg"", ""/content/drive/MyDrive/olx_mobile_dataset/images/mobile_50a93b5be5/4.jpg"", ""/content/drive/MyDrive/olx_mobile_dataset/images/mobile_50a93b5be5/5.jpg"", ""/content/drive/MyDrive/olx_mobile_dataset/images/mobile_50a93b5be5/6.jpg"", ""/content/drive/MyDrive/olx_mobile_dataset/images/mobile_50a93b5be5/7.jpg"", ""/content/drive/MyDrive/olx_mobile_dataset/images/mobile_50a93b5be5/8.jpg"", ""/content/drive/MyDrive/olx_mobile_dataset/images/mobile_50a93b5be5/9.jpg"", ""/content/drive/MyDrive/olx_mobile_dataset/images/mobile_50a93b5be5/10.jpg"", ""/content/drive/MyDrive/olx_mobile_dataset/images/mobile_50a93b5be5/11.jpg"", ""/content/drive/MyDrive/olx_mobile_dataset/images/mobile_50a93b5be5/12.jpg"", ""/content/drive/MyDrive/olx_mobile_dataset/images/mobile_50a93b5be5/13.jpg"", ""/content/drive/MyDrive/olx_mobile_dataset/images/mobile_50a93b5be5/14.jpg"", ""/content/drive/MyDrive/olx_mobile_dataset/images/mobile_50a93b5be5/15.jpg"", ""/content/drive/MyDrive/olx_mobile_dataset/images/mobile_50a93b5be5/16.jpg"", ""/content/drive/MyDrive/olx_mobile_dataset/images/mobile_50a93b5be5/17.jpg"", ""/content/drive/MyDrive/olx_mobile_dataset/images/mobile_50a93b5be5/18.jpg"", ""/content/drive/MyDrive/olx_mobile_dataset/images/mobile_50a93b5be5/19.jpg"", ""/content/drive/MyDrive/olx_mobile_dataset/images/mobile_50a93b5be5/20.jpg"", ""/content/drive/MyDrive/olx_mobile_dataset/images/mobile_50a93b5be5/21.jpg"", ""/content/drive/MyDrive/olx_mobile_dataset/images/mobile_50a93b5be5/22.jpg"", ""/content/drive/MyDrive/olx_mobile_dataset/images/mobile_50a93b5be5/23.jpg"", ""/content/drive/MyDrive/olx_mobile_dataset/images/mobile_50a93b5be5/24.jpg"", ""/content/drive/MyDrive/olx_mobile_dataset/images/mobile_50a93b5be5/25.jpg"", ""/content/drive/MyDrive/olx_mobile_dataset/images/mobile_50a93b5be5/26.jpg""]",26,2026-01-13 06:29:09.896163
mobile_7bedc11557,https://www.olx.in/item/mobile-phones-c1453-used-motorola-in-banjara-colony-aurangabad-iid-1831946425,Moto edge 60 fusion 12/256 gb 2 month old,"Moto edge 60 fusion in superb condition 12/256 gb varient excellent condition 2 month old - Mobile Phones in Banjara Colony, Aurangabad",21000,"[""/content/drive/MyDrive/olx_mobile_dataset/images/mobile_7bedc11557/1.jpg"", ""/content/drive/MyDrive/olx_mobile_dataset/images/mobile_7bedc11557/2.jpg"", ""/content/drive/MyDrive/olx_mobile_dataset/images/mobile_7bedc11557/3.jpg"", ""/content/drive/MyDrive/olx_mobile_dataset/images/mobile_7bedc11557/4.jpg"", ""/content/drive/MyDrive/olx_mobile_dataset/images/mobile_7bedc11557/5.jpg"", ""/content/drive/MyDrive/olx_mobile_dataset/images/mobile_7bedc11557/6.jpg"", ""/content/drive/MyDrive/olx_mobile_dataset/images/mobile_7bedc11557/7.jpg"", ""/content/drive/MyDrive/olx_mobile_dataset/images/mobile_7bedc11557/8.jpg"", ""/content/drive/MyDrive/olx_mobile_dataset/images/mobile_7bedc11557/9.jpg"", ""/content/drive/MyDrive/olx_mobile_dataset/images/mobile_7bedc11557/10.jpg"", ""/content/drive/MyDrive/olx_mobile_dataset/images/mobile_7bedc11557/11.jpg"", ""/content/drive/MyDrive/olx_mobile_dataset/images/mobile_7bedc11557/12.jpg"", ""/content/drive/MyDrive/olx_mobile_dataset/images/mobile_7bedc11557/13.jpg"", ""/content/drive/MyDrive/olx_mobile_dataset/images/mobile_7bedc11557/14.jpg"", ""/content/drive/MyDrive/olx_mobile_dataset/images/mobile_7bedc11557/15.jpg"", ""/content/drive/MyDrive/olx_mobile_dataset/images/mobile_7bedc11557/16.jpg"", ""/content/drive/MyDrive/olx_mobile_dataset/images/mobile_7bedc11557/17.jpg"", ""/content/drive/MyDrive/olx_mobile_dataset/images/mobile_7bedc11557/18.jpg"", ""/content/drive/MyDrive/olx_mobile_dataset/images/mobile_7bedc11557/19.jpg"", ""/content/drive/MyDrive/olx_mobile_dataset/images/mobile_7bedc11557/20.jpg"", ""/content/drive/MyDrive/olx_mobile_dataset/images/mobile_7bedc11557/21.jpg"", ""/content/drive/MyDrive/olx_mobile_dataset/images/mobile_7bedc11557/22.jpg"", ""/content/drive/MyDrive/olx_mobile_dataset/images/mobile_7bedc11557/23.jpg"", ""/content/drive/MyDrive/olx_mobile_dataset/images/mobile_7bedc11557/24.jpg"", ""/content/drive/MyDrive/olx_mobile_dataset/images/mobile_7bedc11557/25.jpg"", ""/content/drive/MyDrive/olx_mobile_dataset/images/mobile_7bedc11557/26.jpg""]",26,2026-01-13 06:29:19.984450
mobile_ba92b8b61b,https://www.olx.in/item/mobile-phones-c1453-used-infinix-in-govindpuram-ghaziabad-iid-1816564245,Infinix gt 20 pro 8/256gb gaming phone in new conditions,"Mobile me kuch bhi dikkat nahi he bill/box/charger sab available hai gaming phone hai. bgmi 120 fps smoothly chalta hai. Phone sirf 2 mahine purana hai. Exchange bhi kar lunga iPhone 12 ya above se - Mobile Phones in Govindpuram, Ghaziabad",17500,"[""/content/drive/MyDrive/olx_mobile_dataset/images/mobile_ba92b8b61b/1.jpg"", ""/content/drive/MyDrive/olx_mobile_dataset/images/mobile_ba92b8b61b/2.jpg"", ""/content/drive/MyDrive/olx_mobile_dataset/images/mobile_ba92b8b61b/3.jpg"", ""/content/drive/MyDrive/olx_mobile_dataset/images/mobile_ba92b8b61b/4.jpg"", ""/content/drive/MyDrive/olx_mobile_dataset/images/mobile_ba92b8b61b/5.jpg"", ""/content/drive/MyDrive/olx_mobile_dataset/images/mobile_ba92b8b61b/6.jpg"", ""/content/drive/MyDrive/olx_mobile_dataset/images/mobile_ba92b8b61b/7.jpg"", ""/content/drive/MyDrive/olx_mobile_dataset/images/mobile_ba92b8b61b/8.jpg"", ""/content/drive/MyDrive/olx_mobile_dataset/images/mobile_ba92b8b61b/9.jpg"", ""/content/drive/MyDrive/olx_mobile_dataset/images/mobile_ba92b8b61b/10.jpg"", ""/content/drive/MyDrive/olx_mobile_dataset/images/mobile_ba92b8b61b/11.jpg"", ""/content/drive/MyDrive/olx_mobile_dataset/images/mobile_ba92b8b61b/12.jpg"", ""/content/drive/MyDrive/olx_mobile_dataset/images/mobile_ba92b8b61b/13.jpg"", ""/content/drive/MyDrive/olx_mobile_dataset/images/mobile_ba92b8b61b/14.jpg"", ""/content/drive/MyDrive/olx_mobile_dataset/images/mobile_ba92b8b61b/15.jpg"", ""/content/drive/MyDrive/olx_mobile_dataset/images/mobile_ba92b8b61b/16.jpg"", ""/content/drive/MyDrive/olx_mobile_dataset/images/mobile_ba92b8b61b/17.jpg"", ""/content/drive/MyDrive/olx_mobile_dataset/images/mobile_ba92b8b61b/18.jpg"", ""/content/drive/MyDrive/olx_mobile_dataset/images/mobile_ba92b8b61b/19.jpg"", ""/content/drive/MyDrive/olx_mobile_dataset/images/mobile_ba92b8b61b/20.jpg"", ""/content/drive/MyDrive/olx_mobile_dataset/images/mobile_ba92b8b61b/21.jpg"", ""/content/drive/MyDrive/olx_mobile_dataset/images/mobile_ba92b8b61b/22.jpg"", ""/content/drive/MyDrive/olx_mobile_dataset/images/mobile_ba92b8b61b/23.jpg"", ""/content/drive/MyDrive/olx_mobile_dataset/images/mobile_ba92b8b61b/24.jpg"", ""/content/drive/MyDrive/olx_mobile_dataset/images/mobile_ba92b8b61b/25.jpg"", ""/content/drive/MyDrive/olx_mobile_dataset/images/mobile_ba92b8b61b/26.jpg""]",26,2026-01-13 06:29:31.417104
mobile_02fc19edb5,https://www.olx.in/item/mobile-phones-c1453-used-iphone-in-tiruvottiyur-chennai-iid-1831946436,IPHONE 15 PRO 256GB DEMO STOCK 3 MONTHS WARRANTY,"TOP FEATURES: 256 GB ROM 15.49 cm (6.1 inch) Super Retina XDR Display 48MP + 12MP + 12MP 12MP Front Camera A17 Pro Chip, 6 Core Processor Processor iPhone 15 Pro, a titanium marvel, boasts an aerospace-grade build, making it the lightest Pro model ever. The A17 Pro Chip marks a historic leap in Apple GPUs, delivering unparalleled graphics performance and immersive gaming experiences. The camera system shines with a 48MP Main camera, offering remarkable detail and automatic portrait enhancements. Convenience is key with the Action button for quick tasks and Focus filters. Plus, it's USB 3 compatible, revolutionizing data transfer speeds. This iPhone even shares its charging cable with your Mac or iPad. Embrace innovation, cut cable clutter, and elevate your mobile experience with the iPhone 15 Pro. Forged in Titanium iPhone 15 Pro is the first iPhone to feature an aerospace‑grade titanium design, using the same alloy that spacecraft use for missions to Mars. Titanium has one of the best strength‑to‑weight ratios of any metal, making these our lightest Pro models ever. You’ll notice the difference the moment you pick one up A17 Pro Chip It’s here. The biggest redesign in the history of Apple GPUs. A17 Pro is an entirely new class of iPhone chips that delivers our best graphics performance by far. Mobile games will look and feel immersive, with incredibly detailed environments and more realistic characters. With industry-leading speed and efficiency, A17 Pro takes fast and runs with it. - Mobile Phones in Tiruvottiyur, Chennai",70000,"[""/content/drive/MyDrive/olx_mobile_dataset/images/mobile_02fc19edb5/1.jpg"", ""/content/drive/MyDrive/olx_mobile_dataset/images/mobile_02fc19edb5/2.jpg"", ""/content/drive/MyDrive/olx_mobile_dataset/images/mobile_02fc19edb5/3.jpg"", ""/content/drive/MyDrive/olx_mobile_dataset/images/mobile_02fc19edb5/4.jpg"", ""/content/drive/MyDrive/olx_mobile_dataset/images/mobile_02fc19edb5/5.jpg"", ""/content/drive/MyDrive/olx_mobile_dataset/images/mobile_02fc19edb5/6.jpg"", ""/content/drive/MyDrive/olx_mobile_dataset/images/mobile_02fc19edb5/7.jpg"", ""/content/drive/MyDrive/olx_mobile_dataset/images/mobile_02fc19edb5/8.jpg"", ""/content/drive/MyDrive/olx_mobile_dataset/images/mobile_02fc19edb5/9.jpg"", ""/content/drive/MyDrive/olx_mobile_dataset/images/mobile_02fc19edb5/10.jpg"", ""/content/drive/MyDrive/olx_mobile_dataset/images/mobile_02fc19edb5/11.jpg"", ""/content/drive/MyDrive/olx_mobile_dataset/images/mobile_02fc19edb5/12.jpg"", ""/content/drive/MyDrive/olx_mobile_dataset/images/mobile_02fc19edb5/13.jpg"", ""/content/drive/MyDrive/olx_mobile_dataset/images/mobile_02fc19edb5/14.jpg"", ""/content/drive/MyDrive/olx_mobile_dataset/images/mobile_02fc19edb5/15.jpg"", ""/content/drive/MyDrive/olx_mobile_dataset/images/mobile_02fc19edb5/16.jpg"", ""/content/drive/MyDrive/olx_mobile_dataset/images/mobile_02fc19edb5/17.jpg"", ""/content/drive/MyDrive/olx_mobile_dataset/images/mobile_02fc19edb5/18.jpg"", ""/content/drive/MyDrive/olx_mobile_dataset/images/mobile_02fc19edb5/19.jpg"", ""/content/drive/MyDrive/olx_mobile_dataset/images/mobile_02fc19edb5/20.jpg"", ""/content/drive/MyDrive/olx_mobile_dataset/images/mobile_02fc19edb5/21.jpg"", ""/content/drive/MyDrive/olx_mobile_dataset/images/mobile_02fc19edb5/22.jpg"", ""/content/drive/MyDrive/olx_mobile_dataset/images/mobile_02fc19edb5/23.jpg"", ""/content/drive/MyDrive/olx_mobile_dataset/images/mobile_02fc19edb5/24.jpg"", ""/content/drive/MyDrive/olx_mobile_dataset/images/mobile_02fc19edb5/25.jpg"", ""/content/drive/MyDrive/olx_mobile_dataset/images/mobile_02fc19edb5/26.jpg""]",26,2026-01-13 06:29:40.542366
mobile_b20b72eaee,https://www.olx.in/item/mobile-phones-c1453-used-lava-in-vaish-para-atrauli-iid-1831946463,Koi kmi nahi hai,"Ataruli college road - Mobile Phones in Vaish Para, Atrauli",5000,"[""/content/drive/MyDrive/olx_mobile_dataset/images/mobile_b20b72eaee/1.jpg"", ""/content/drive/MyDrive/olx_mobile_dataset/images/mobile_b20b72eaee/2.jpg"", ""/content/drive/MyDrive/olx_mobile_dataset/images/mobile_b20b72eaee/3.jpg"", ""/content/drive/MyDrive/olx_mobile_dataset/images/mobile_b20b72eaee/4.jpg"", ""/content/drive/MyDrive/olx_mobile_dataset/images/mobile_b20b72eaee/5.jpg"", ""/content/drive/MyDrive/olx_mobile_dataset/images/mobile_b20b72eaee/6.jpg"", ""/content/drive/MyDrive/olx_mobile_dataset/images/mobile_b20b72eaee/7.jpg"", ""/content/drive/MyDrive/olx_mobile_dataset/images/mobile_b20b72eaee/8.jpg"", ""/content/drive/MyDrive/olx_mobile_dataset/images/mobile_b20b72eaee/9.jpg"", ""/content/drive/MyDrive/olx_mobile_dataset/images/mobile_b20b72eaee/10.jpg"", ""/content/drive/MyDrive/olx_mobile_dataset/images/mobile_b20b72eaee/11.jpg"", ""/content/drive/MyDrive/olx_mobile_dataset/images/mobile_b20b72eaee/12.jpg"", ""/content/drive/MyDrive/olx_mobile_dataset/images/mobile_b20b72eaee/13.jpg"", ""/content/drive/MyDrive/olx_mobile_dataset/images/mobile_b20b72eaee/14.jpg"", ""/content/drive/MyDrive/olx_mobile_dataset/images/mobile_b20b72eaee/15.jpg"", ""/content/drive/MyDrive/olx_mobile_dataset/images/mobile_b20b72eaee/16.jpg"", ""/content/drive/MyDrive/olx_mobile_dataset/images/mobile_b20b72eaee/17.jpg"", ""/content/drive/MyDrive/olx_mobile_dataset/images/mobile_b20b72eaee/18.jpg"", ""/content/drive/MyDrive/olx_mobile_dataset/images/mobile_b20b72eaee/19.jpg"", ""/content/drive/MyDrive/olx_mobile_dataset/images/mobile_b20b72eaee/20.jpg"", ""/content/drive/MyDrive/olx_mobile_dataset/images/mobile_b20b72eaee/21.jpg"", ""/content/drive/MyDrive/olx_mobile_dataset/images/mobile_b20b72eaee/22.jpg"", ""/content/drive/MyDrive/olx_mobile_dataset/images/mobile_b20b72eaee/23.jpg"", ""/content/drive/MyDrive/olx_mobile_dataset/images/mobile_b20b72eaee/24.jpg"", ""/content/drive/MyDrive/olx_mobile_dataset/images/mobile_b20b72eaee/25.jpg"", ""/content/drive/MyDrive/olx_mobile_dataset/images/mobile_b20b72eaee/26.jpg""]",26,2026-01-13 06:29:52.943171
mobile_6c62df41b4,https://www.olx.in/item/mobile-phones-c1453-used-iphone-in-bangalore-airport-area-bengaluru-iid-1831859996,All Apple iPhone service available-like broken glass and other issue,"IPhone service - Description We are provide service like iPhone Display Motherboard, Battery, Camera, Speaker, Refurb, Face ID for your iPhone. We Provide all Kind of Service With Bill and Trusted Warranty We are providing sales and services from past 12 years so no need to worry about the quality of repair and services. Apple iPhone Display Motherboard Battery Service For more details Google Us cluster Technologies For instagram: cluster technologies Daily stock update u can visit our Office For Best deals We are Selling in Reasonable Price Apple iPhone We provide like iPhone Display,Battery. Motherboard, Camera. Face ID,Ear piece, We provide all kind of service with bill and trusted warranty, we are Providing sales and service from past 12 year so no need to worry about the quality of repair and service, we have experienced technicians and engineers team for service, Visit Our store All model and all apple devices service available (like iPhone,MacBook,Watch, all types service available) £ Battery Replacement § Speaker Replacement § Display Replacement fiCharging port Replacement § Camera Replacement § Face ID All types of service Available With Warranty Description *Apple iPhone 12 12mini 12 Pro 12 Pro MaX *Apple iPhone 13 13mini 13 Pro 13 Pro MaX *Apple iPhonel4 14 pro 14 Plus 14 Pro Max *Apple iPhone 15 15 plus 15pro i5pro max *All Models With Warranty *iPhone Has Thrice Camera it *Become More Attractive *Holdable Edges For High end Models *¡Phone Provides More Secure *Perfect Working *Phone has Estimated! *it's a Status Symbol #Availabio Used & NOVi *Visit Our Store Description Apple iPhone We provide like iPhone Display, Battery, Motherboard, Camera .Face ID,Ear piece, We provide all kind of service with bill and trusted warranty, we are Providing sales and service from past 12 year so no need to worry about the quality of repair and service, we have experienced technicians and engineers team for service, Visit Our store - Mobile Phones in Bangalore Airport Area, Bengaluru",2999,"[""/content/drive/MyDrive/olx_mobile_dataset/images/mobile_6c62df41b4/1.jpg"", ""/content/drive/MyDrive/olx_mobile_dataset/images/mobile_6c62df41b4/2.jpg"", ""/content/drive/MyDrive/olx_mobile_dataset/images/mobile_6c62df41b4/3.jpg"", ""/content/drive/MyDrive/olx_mobile_dataset/images/mobile_6c62df41b4/4.jpg"", ""/content/drive/MyDrive/olx_mobile_dataset/images/mobile_6c62df41b4/5.jpg"", ""/content/drive/MyDrive/olx_mobile_dataset/images/mobile_6c62df41b4/6.jpg"", ""/content/drive/MyDrive/olx_mobile_dataset/images/mobile_6c62df41b4/7.jpg"", ""/content/drive/MyDrive/olx_mobile_dataset/images/mobile_6c62df41b4/8.jpg"", ""/content/drive/MyDrive/olx_mobile_dataset/images/mobile_6c62df41b4/9.jpg"", ""/content/drive/MyDrive/olx_mobile_dataset/images/mobile_6c62df41b4/10.jpg"", ""/content/drive/MyDrive/olx_mobile_dataset/images/mobile_6c62df41b4/11.jpg"", ""/content/drive/MyDrive/olx_mobile_dataset/images/mobile_6c62df41b4/12.jpg"", ""/content/drive/MyDrive/olx_mobile_dataset/images/mobile_6c62df41b4/13.jpg"", ""/content/drive/MyDrive/olx_mobile_dataset/images/mobile_6c62df41b4/14.jpg"", ""/content/drive/MyDrive/olx_mobile_dataset/images/mobile_6c62df41b4/15.jpg"", ""/content/drive/MyDrive/olx_mobile_dataset/images/mobile_6c62df41b4/16.jpg"", ""/content/drive/MyDrive/olx_mobile_dataset/images/mobile_6c62df41b4/17.jpg"", ""/content/drive/MyDrive/olx_mobile_dataset/images/mobile_6c62df41b4/18.jpg"", ""/content/drive/MyDrive/olx_mobile_dataset/images/mobile_6c62df41b4/19.jpg"", ""/content/drive/MyDrive/olx_mobile_dataset/images/mobile_6c62df41b4/20.jpg"", ""/content/drive/MyDrive/olx_mobile_dataset/images/mobile_6c62df41b4/21.jpg"", ""/content/drive/MyDrive/olx_mobile_dataset/images/mobile_6c62df41b4/22.jpg"", ""/content/drive/MyDrive/olx_mobile_dataset/images/mobile_6c62df41b4/23.jpg"", ""/content/drive/MyDrive/olx_mobile_dataset/images/mobile_6c62df41b4/24.jpg"", ""/content/drive/MyDrive/olx_mobile_dataset/images/mobile_6c62df41b4/25.jpg"", ""/content/drive/MyDrive/olx_mobile_dataset/images/mobile_6c62df41b4/26.jpg""]",26,2026-01-13 06:30:04.527421
mobile_70b39f8ffb,https://www.olx.in/item/mobile-phones-c1453-used-one-plus-in-ameerpet-hyderabad-iid-1831184364,"OnePlus 11 Marble Odyssey 16GB/256GB – Like New, Excellent Condition","OnePlus 11 Marble Odyssey Special Edition – 16GB/256GB Excellent condition, looks and feels like brand new. No issues at all – device runs smooth and seamless even now. This phone was lightly used (girl used), so usage is very minimal. Premium Marble Odyssey special edition with powerful 16GB RAM and 256GB storage. In-hand feel is absolutely excellent and premium. Includes: Original charger Bonus: OnePlus protective case No bill or box available. First-hand mobile only. Only serious and individual buyers please ping me. Resellers and dealers kindly stay away - Mobile Phones in Ameerpet, Hyderabad",31500,"[""/content/drive/MyDrive/olx_mobile_dataset/images/mobile_70b39f8ffb/1.jpg"", ""/content/drive/MyDrive/olx_mobile_dataset/images/mobile_70b39f8ffb/2.jpg"", ""/content/drive/MyDrive/olx_mobile_dataset/images/mobile_70b39f8ffb/3.jpg"", ""/content/drive/MyDrive/olx_mobile_dataset/images/mobile_70b39f8ffb/4.jpg"", ""/content/drive/MyDrive/olx_mobile_dataset/images/mobile_70b39f8ffb/5.jpg"", ""/content/drive/MyDrive/olx_mobile_dataset/images/mobile_70b39f8ffb/6.jpg"", ""/content/drive/MyDrive/olx_mobile_dataset/images/mobile_70b39f8ffb/7.jpg"", ""/content/drive/MyDrive/olx_mobile_dataset/images/mobile_70b39f8ffb/8.jpg"", ""/content/drive/MyDrive/olx_mobile_dataset/images/mobile_70b39f8ffb/9.jpg"", ""/content/drive/MyDrive/olx_mobile_dataset/images/mobile_70b39f8ffb/10.jpg"", ""/content/drive/MyDrive/olx_mobile_dataset/images/mobile_70b39f8ffb/11.jpg"", ""/content/drive/MyDrive/olx_mobile_dataset/images/mobile_70b39f8ffb/12.jpg"", ""/content/drive/MyDrive/olx_mobile_dataset/images/mobile_70b39f8ffb/13.jpg"", ""/content/drive/MyDrive/olx_mobile_dataset/images/mobile_70b39f8ffb/14.jpg"", ""/content/drive/MyDrive/olx_mobile_dataset/images/mobile_70b39f8ffb/15.jpg"", ""/content/drive/MyDrive/olx_mobile_dataset/images/mobile_70b39f8ffb/16.jpg"", ""/content/drive/MyDrive/olx_mobile_dataset/images/mobile_70b39f8ffb/17.jpg"", ""/content/drive/MyDrive/olx_mobile_dataset/images/mobile_70b39f8ffb/18.jpg"", ""/content/drive/MyDrive/olx_mobile_dataset/images/mobile_70b39f8ffb/19.jpg"", ""/content/drive/MyDrive/olx_mobile_dataset/images/mobile_70b39f8ffb/20.jpg"", ""/content/drive/MyDrive/olx_mobile_dataset/images/mobile_70b39f8ffb/21.jpg"", ""/content/drive/MyDrive/olx_mobile_dataset/images/mobile_70b39f8ffb/22.jpg"", ""/content/drive/MyDrive/olx_mobile_dataset/images/mobile_70b39f8ffb/23.jpg"", ""/content/drive/MyDrive/olx_mobile_dataset/images/mobile_70b39f8ffb/24.jpg"", ""/content/drive/MyDrive/olx_mobile_dataset/images/mobile_70b39f8ffb/25.jpg"", ""/content/drive/MyDrive/olx_mobile_dataset/images/mobile_70b39f8ffb/26.jpg""]",26,2026-01-13 06:30:17.446866
mobile_6269626d7a,https://www.olx.in/item/mobile-phones-c1453-used-iphone-in-surbhi-society-surat-iid-1830664209,Iphone 17 pro 512 gb,"17 pro 512 gb Usa Dual esim September 2027 tak care plus warranty wala All 100 - Mobile Phones in Surbhi Society, Surat",127000,"[""/content/drive/MyDrive/olx_mobile_dataset/images/mobile_6269626d7a/1.jpg"", ""/content/drive/MyDrive/olx_mobile_dataset/images/mobile_6269626d7a/2.jpg"", ""/content/drive/MyDrive/olx_mobile_dataset/images/mobile_6269626d7a/3.jpg"", ""/content/drive/MyDrive/olx_mobile_dataset/images/mobile_6269626d7a/4.jpg"", ""/content/drive/MyDrive/olx_mobile_dataset/images/mobile_6269626d7a/5.jpg"", ""/content/drive/MyDrive/olx_mobile_dataset/images/mobile_6269626d7a/6.jpg"", ""/content/drive/MyDrive/olx_mobile_dataset/images/mobile_6269626d7a/7.jpg"", ""/content/drive/MyDrive/olx_mobile_dataset/images/mobile_6269626d7a/8.jpg"", ""/content/drive/MyDrive/olx_mobile_dataset/images/mobile_6269626d7a/9.jpg"", ""/content/drive/MyDrive/olx_mobile_dataset/images/mobile_6269626d7a/10.jpg"", ""/content/drive/MyDrive/olx_mobile_dataset/images/mobile_6269626d7a/11.jpg"", ""/content/drive/MyDrive/olx_mobile_dataset/images/mobile_6269626d7a/12.jpg"", ""/content/drive/MyDrive/olx_mobile_dataset/images/mobile_6269626d7a/13.jpg"", ""/content/drive/MyDrive/olx_mobile_dataset/images/mobile_6269626d7a/14.jpg"", ""/content/drive/MyDrive/olx_mobile_dataset/images/mobile_6269626d7a/15.jpg"", ""/content/drive/MyDrive/olx_mobile_dataset/images/mobile_6269626d7a/16.jpg"", ""/content/drive/MyDrive/olx_mobile_dataset/images/mobile_6269626d7a/17.jpg"", ""/content/drive/MyDrive/olx_mobile_dataset/images/mobile_6269626d7a/18.jpg"", ""/content/drive/MyDrive/olx_mobile_dataset/images/mobile_6269626d7a/19.jpg"", ""/content/drive/MyDrive/olx_mobile_dataset/images/mobile_6269626d7a/20.jpg"", ""/content/drive/MyDrive/olx_mobile_dataset/images/mobile_6269626d7a/21.jpg"", ""/content/drive/MyDrive/olx_mobile_dataset/images/mobile_6269626d7a/22.jpg"", ""/content/drive/MyDrive/olx_mobile_dataset/images/mobile_6269626d7a/23.jpg"", ""/content/drive/MyDrive/olx_mobile_dataset/images/mobile_6269626d7a/24.jpg"", ""/content/drive/MyDrive/olx_mobile_dataset/images/mobile_6269626d7a/25.jpg"", ""/content/drive/MyDrive/olx_mobile_dataset/images/mobile_6269626d7a/26.jpg""]",26,2026-01-13 06:30:28.947097
mobile_f4e9ded4a5,https://www.olx.in/item/mobile-phones-c1453-used-realme-in-kisha-nagar-ii-nellore-iid-1831946503,14x 128/6gb,"Rralme 14x 128/6 GB - Mobile Phones in Kisha Nagar II, Nellore",9000,"[""/content/drive/MyDrive/olx_mobile_dataset/images/mobile_f4e9ded4a5/1.jpg"", ""/content/drive/MyDrive/olx_mobile_dataset/images/mobile_f4e9ded4a5/2.jpg"", ""/content/drive/MyDrive/olx_mobile_dataset/images/mobile_f4e9ded4a5/3.jpg"", ""/content/drive/MyDrive/olx_mobile_dataset/images/mobile_f4e9ded4a5/4.jpg"", ""/content/drive/MyDrive/olx_mobile_dataset/images/mobile_f4e9ded4a5/5.jpg"", ""/content/drive/MyDrive/olx_mobile_dataset/images/mobile_f4e9ded4a5/6.jpg"", ""/content/drive/MyDrive/olx_mobile_dataset/images/mobile_f4e9ded4a5/7.jpg"", ""/content/drive/MyDrive/olx_mobile_dataset/images/mobile_f4e9ded4a5/8.jpg"", ""/content/drive/MyDrive/olx_mobile_dataset/images/mobile_f4e9ded4a5/9.jpg"", ""/content/drive/MyDrive/olx_mobile_dataset/images/mobile_f4e9ded4a5/10.jpg"", ""/content/drive/MyDrive/olx_mobile_dataset/images/mobile_f4e9ded4a5/11.jpg"", ""/content/drive/MyDrive/olx_mobile_dataset/images/mobile_f4e9ded4a5/12.jpg"", ""/content/drive/MyDrive/olx_mobile_dataset/images/mobile_f4e9ded4a5/13.jpg"", ""/content/drive/MyDrive/olx_mobile_dataset/images/mobile_f4e9ded4a5/14.jpg"", ""/content/drive/MyDrive/olx_mobile_dataset/images/mobile_f4e9ded4a5/15.jpg"", ""/content/drive/MyDrive/olx_mobile_dataset/images/mobile_f4e9ded4a5/16.jpg"", ""/content/drive/MyDrive/olx_mobile_dataset/images/mobile_f4e9ded4a5/17.jpg"", ""/content/drive/MyDrive/olx_mobile_dataset/images/mobile_f4e9ded4a5/18.jpg"", ""/content/drive/MyDrive/olx_mobile_dataset/images/mobile_f4e9ded4a5/19.jpg"", ""/content/drive/MyDrive/olx_mobile_dataset/images/mobile_f4e9ded4a5/20.jpg"", ""/content/drive/MyDrive/olx_mobile_dataset/images/mobile_f4e9ded4a5/21.jpg"", ""/content/drive/MyDrive/olx_mobile_dataset/images/mobile_f4e9ded4a5/22.jpg"", ""/content/drive/MyDrive/olx_mobile_dataset/images/mobile_f4e9ded4a5/23.jpg"", ""/content/drive/MyDrive/olx_mobile_dataset/images/mobile_f4e9ded4a5/24.jpg"", ""/content/drive/MyDrive/olx_mobile_dataset/images/mobile_f4e9ded4a5/25.jpg"", ""/content/drive/MyDrive/olx_mobile_dataset/images/mobile_f4e9ded4a5/26.jpg""]",26,2026-01-13 06:30:40.836148
mobile_2245b3000d,https://www.olx.in/item/mobile-phones-c1453-used-realme-in-kenuozou-hill-kohima-iid-1831946419,Realme 9 pro plus 5g,"Realme 9 pro plus 5g 6+6 ram 128 rom All original no defects with charger price negotiable - Mobile Phones in Kenuozou Hill, Kohima",11000,"[""/content/drive/MyDrive/olx_mobile_dataset/images/mobile_2245b3000d/1.jpg"", ""/content/drive/MyDrive/olx_mobile_dataset/images/mobile_2245b3000d/2.jpg"", ""/content/drive/MyDrive/olx_mobile_dataset/images/mobile_2245b3000d/3.jpg"", ""/content/drive/MyDrive/olx_mobile_dataset/images/mobile_2245b3000d/4.jpg"", ""/content/drive/MyDrive/olx_mobile_dataset/images/mobile_2245b3000d/5.jpg"", ""/content/drive/MyDrive/olx_mobile_dataset/images/mobile_2245b3000d/6.jpg"", ""/content/drive/MyDrive/olx_mobile_dataset/images/mobile_2245b3000d/7.jpg"", ""/content/drive/MyDrive/olx_mobile_dataset/images/mobile_2245b3000d/8.jpg"", ""/content/drive/MyDrive/olx_mobile_dataset/images/mobile_2245b3000d/9.jpg"", ""/content/drive/MyDrive/olx_mobile_dataset/images/mobile_2245b3000d/10.jpg"", ""/content/drive/MyDrive/olx_mobile_dataset/images/mobile_2245b3000d/11.jpg"", ""/content/drive/MyDrive/olx_mobile_dataset/images/mobile_2245b3000d/12.jpg"", ""/content/drive/MyDrive/olx_mobile_dataset/images/mobile_2245b3000d/13.jpg"", ""/content/drive/MyDrive/olx_mobile_dataset/images/mobile_2245b3000d/14.jpg"", ""/content/drive/MyDrive/olx_mobile_dataset/images/mobile_2245b3000d/15.jpg"", ""/content/drive/MyDrive/olx_mobile_dataset/images/mobile_2245b3000d/16.jpg"", ""/content/drive/MyDrive/olx_mobile_dataset/images/mobile_2245b3000d/17.jpg"", ""/content/drive/MyDrive/olx_mobile_dataset/images/mobile_2245b3000d/18.jpg"", ""/content/drive/MyDrive/olx_mobile_dataset/images/mobile_2245b3000d/19.jpg"", ""/content/drive/MyDrive/olx_mobile_dataset/images/mobile_2245b3000d/20.jpg"", ""/content/drive/MyDrive/olx_mobile_dataset/images/mobile_2245b3000d/21.jpg"", ""/content/drive/MyDrive/olx_mobile_dataset/images/mobile_2245b3000d/22.jpg"", ""/content/drive/MyDrive/olx_mobile_dataset/images/mobile_2245b3000d/23.jpg"", ""/content/drive/MyDrive/olx_mobile_dataset/images/mobile_2245b3000d/24.jpg"", ""/content/drive/MyDrive/olx_mobile_dataset/images/mobile_2245b3000d/25.jpg"", ""/content/drive/MyDrive/olx_mobile_dataset/images/mobile_2245b3000d/26.jpg""]",26,2026-01-13 06:30:50.994951
mobile_6844bbde8f,https://www.olx.in/item/mobile-phones-c1453-used-iphone-in-civil-line-jagdalpur-iid-1831946428,"iPhone 14, 128 gb","Urgent sell - Mobile Phones in Civil Line, Jagdalpur",35000,"[""/content/drive/MyDrive/olx_mobile_dataset/images/mobile_6844bbde8f/1.jpg"", ""/content/drive/MyDrive/olx_mobile_dataset/images/mobile_6844bbde8f/2.jpg"", ""/content/drive/MyDrive/olx_mobile_dataset/images/mobile_6844bbde8f/3.jpg"", ""/content/drive/MyDrive/olx_mobile_dataset/images/mobile_6844bbde8f/4.jpg"", ""/content/drive/MyDrive/olx_mobile_dataset/images/mobile_6844bbde8f/5.jpg"", ""/content/drive/MyDrive/olx_mobile_dataset/images/mobile_6844bbde8f/6.jpg"", ""/content/drive/MyDrive/olx_mobile_dataset/images/mobile_6844bbde8f/7.jpg"", ""/content/drive/MyDrive/olx_mobile_dataset/images/mobile_6844bbde8f/8.jpg"", ""/content/drive/MyDrive/olx_mobile_dataset/images/mobile_6844bbde8f/9.jpg"", ""/content/drive/MyDrive/olx_mobile_dataset/images/mobile_6844bbde8f/10.jpg"", ""/content/drive/MyDrive/olx_mobile_dataset/images/mobile_6844bbde8f/11.jpg"", ""/content/drive/MyDrive/olx_mobile_dataset/images/mobile_6844bbde8f/12.jpg"", ""/content/drive/MyDrive/olx_mobile_dataset/images/mobile_6844bbde8f/13.jpg"", ""/content/drive/MyDrive/olx_mobile_dataset/images/mobile_6844bbde8f/14.jpg"", ""/content/drive/MyDrive/olx_mobile_dataset/images/mobile_6844bbde8f/15.jpg"", ""/content/drive/MyDrive/olx_mobile_dataset/images/mobile_6844bbde8f/16.jpg"", ""/content/drive/MyDrive/olx_mobile_dataset/images/mobile_6844bbde8f/17.jpg"", ""/content/drive/MyDrive/olx_mobile_dataset/images/mobile_6844bbde8f/18.jpg"", ""/content/drive/MyDrive/olx_mobile_dataset/images/mobile_6844bbde8f/19.jpg"", ""/content/drive/MyDrive/olx_mobile_dataset/images/mobile_6844bbde8f/20.jpg"", ""/content/drive/MyDrive/olx_mobile_dataset/images/mobile_6844bbde8f/21.jpg"", ""/content/drive/MyDrive/olx_mobile_dataset/images/mobile_6844bbde8f/22.jpg"", ""/content/drive/MyDrive/olx_mobile_dataset/images/mobile_6844bbde8f/23.jpg"", ""/content/drive/MyDrive/olx_mobile_dataset/images/mobile_6844bbde8f/24.jpg"", ""/content/drive/MyDrive/olx_mobile_dataset/images/mobile_6844bbde8f/25.jpg"", ""/content/drive/MyDrive/olx_mobile_dataset/images/mobile_6844bbde8f/26.jpg""]",26,2026-01-13 06:31:00.506424
mobile_89fc12c6a7,https://www.olx.in/item/mobile-phones-c1453-used-samsung-in-bank-colony-ii-bahadurgarh-iid-1831946301,Samsung S22,"S22 h 8/128 m h scratch less condition me h halka sa minor back crack h - Mobile Phones in Bank Colony II, Bahadurgarh",22000,"[""/content/drive/MyDrive/olx_mobile_dataset/images/mobile_89fc12c6a7/1.jpg"", ""/content/drive/MyDrive/olx_mobile_dataset/images/mobile_89fc12c6a7/2.jpg"", ""/content/drive/MyDrive/olx_mobile_dataset/images/mobile_89fc12c6a7/3.jpg"", ""/content/drive/MyDrive/olx_mobile_dataset/images/mobile_89fc12c6a7/4.jpg"", ""/content/drive/MyDrive/olx_mobile_dataset/images/mobile_89fc12c6a7/5.jpg"", ""/content/drive/MyDrive/olx_mobile_dataset/images/mobile_89fc12c6a7/6.jpg"", ""/content/drive/MyDrive/olx_mobile_dataset/images/mobile_89fc12c6a7/7.jpg"", ""/content/drive/MyDrive/olx_mobile_dataset/images/mobile_89fc12c6a7/8.jpg"", ""/content/drive/MyDrive/olx_mobile_dataset/images/mobile_89fc12c6a7/9.jpg"", ""/content/drive/MyDrive/olx_mobile_dataset/images/mobile_89fc12c6a7/10.jpg"", ""/content/drive/MyDrive/olx_mobile_dataset/images/mobile_89fc12c6a7/11.jpg"", ""/content/drive/MyDrive/olx_mobile_dataset/images/mobile_89fc12c6a7/12.jpg"", ""/content/drive/MyDrive/olx_mobile_dataset/images/mobile_89fc12c6a7/13.jpg"", ""/content/drive/MyDrive/olx_mobile_dataset/images/mobile_89fc12c6a7/14.jpg"", ""/content/drive/MyDrive/olx_mobile_dataset/images/mobile_89fc12c6a7/15.jpg"", ""/content/drive/MyDrive/olx_mobile_dataset/images/mobile_89fc12c6a7/16.jpg"", ""/content/drive/MyDrive/olx_mobile_dataset/images/mobile_89fc12c6a7/17.jpg"", ""/content/drive/MyDrive/olx_mobile_dataset/images/mobile_89fc12c6a7/18.jpg"", ""/content/drive/MyDrive/olx_mobile_dataset/images/mobile_89fc12c6a7/19.jpg"", ""/content/drive/MyDrive/olx_mobile_dataset/images/mobile_89fc12c6a7/20.jpg"", ""/content/drive/MyDrive/olx_mobile_dataset/images/mobile_89fc12c6a7/21.jpg"", ""/content/drive/MyDrive/olx_mobile_dataset/images/mobile_89fc12c6a7/22.jpg"", ""/content/drive/MyDrive/olx_mobile_dataset/images/mobile_89fc12c6a7/23.jpg"", ""/content/drive/MyDrive/olx_mobile_dataset/images/mobile_89fc12c6a7/24.jpg"", ""/content/drive/MyDrive/olx_mobile_dataset/images/mobile_89fc12c6a7/25.jpg"", ""/content/drive/MyDrive/olx_mobile_dataset/images/mobile_89fc12c6a7/26.jpg""]",26,2026-01-13 06:31:12.606815
mobile_e7ca805cf6,https://www.olx.in/item/mobile-phones-c1453-used-iphone-in-amtala-west-bengal-iid-1831946182,iPhone 13 Pro 128GB – Good Condition,"iPhone 13 Pro, 128Gb,ভালো কন্ডিশন। ব্যাটারি হেলথ 88%। কোনো সমস্যা নেই। নতুন ফোন কেনার জন্য বিক্রি। - Mobile Phones in undefined, Amtala",40500,"[""/content/drive/MyDrive/olx_mobile_dataset/images/mobile_e7ca805cf6/1.jpg"", ""/content/drive/MyDrive/olx_mobile_dataset/images/mobile_e7ca805cf6/2.jpg"", ""/content/drive/MyDrive/olx_mobile_dataset/images/mobile_e7ca805cf6/3.jpg"", ""/content/drive/MyDrive/olx_mobile_dataset/images/mobile_e7ca805cf6/4.jpg"", ""/content/drive/MyDrive/olx_mobile_dataset/images/mobile_e7ca805cf6/5.jpg"", ""/content/drive/MyDrive/olx_mobile_dataset/images/mobile_e7ca805cf6/6.jpg"", ""/content/drive/MyDrive/olx_mobile_dataset/images/mobile_e7ca805cf6/7.jpg"", ""/content/drive/MyDrive/olx_mobile_dataset/images/mobile_e7ca805cf6/8.jpg"", ""/content/drive/MyDrive/olx_mobile_dataset/images/mobile_e7ca805cf6/9.jpg"", ""/content/drive/MyDrive/olx_mobile_dataset/images/mobile_e7ca805cf6/10.jpg"", ""/content/drive/MyDrive/olx_mobile_dataset/images/mobile_e7ca805cf6/11.jpg"", ""/content/drive/MyDrive/olx_mobile_dataset/images/mobile_e7ca805cf6/12.jpg"", ""/content/drive/MyDrive/olx_mobile_dataset/images/mobile_e7ca805cf6/13.jpg"", ""/content/drive/MyDrive/olx_mobile_dataset/images/mobile_e7ca805cf6/14.jpg"", ""/content/drive/MyDrive/olx_mobile_dataset/images/mobile_e7ca805cf6/15.jpg"", ""/content/drive/MyDrive/olx_mobile_dataset/images/mobile_e7ca805cf6/16.jpg"", ""/content/drive/MyDrive/olx_mobile_dataset/images/mobile_e7ca805cf6/17.jpg"", ""/content/drive/MyDrive/olx_mobile_dataset/images/mobile_e7ca805cf6/18.jpg"", ""/content/drive/MyDrive/olx_mobile_dataset/images/mobile_e7ca805cf6/19.jpg"", ""/content/drive/MyDrive/olx_mobile_dataset/images/mobile_e7ca805cf6/20.jpg"", ""/content/drive/MyDrive/olx_mobile_dataset/images/mobile_e7ca805cf6/21.jpg"", ""/content/drive/MyDrive/olx_mobile_dataset/images/mobile_e7ca805cf6/22.jpg"", ""/content/drive/MyDrive/olx_mobile_dataset/images/mobile_e7ca805cf6/23.jpg"", ""/content/drive/MyDrive/olx_mobile_dataset/images/mobile_e7ca805cf6/24.jpg"", ""/content/drive/MyDrive/olx_mobile_dataset/images/mobile_e7ca805cf6/25.jpg"", ""/content/drive/MyDrive/olx_mobile_dataset/images/mobile_e7ca805cf6/26.jpg""]",26,2026-01-13 06:31:22.327966
mobile_c7ccb2aee3,https://www.olx.in/item/mobile-phones-c1453-used-mi-in-rajmohmed-mohalla-udgir-iid-1831300434,Poco M7 plus 5g 6/128,"Under 3 month with original charger & online bill. With 2 back covers - Mobile Phones in Rajmohmed Mohalla, Udgir",11000,"[""/content/drive/MyDrive/olx_mobile_dataset/images/mobile_c7ccb2aee3/1.jpg"", ""/content/drive/MyDrive/olx_mobile_dataset/images/mobile_c7ccb2aee3/2.jpg"", ""/content/drive/MyDrive/olx_mobile_dataset/images/mobile_c7ccb2aee3/3.jpg"", ""/content/drive/MyDrive/olx_mobile_dataset/images/mobile_c7ccb2aee3/4.jpg"", ""/content/drive/MyDrive/olx_mobile_dataset/images/mobile_c7ccb2aee3/5.jpg"", ""/content/drive/MyDrive/olx_mobile_dataset/images/mobile_c7ccb2aee3/6.jpg"", ""/content/drive/MyDrive/olx_mobile_dataset/images/mobile_c7ccb2aee3/7.jpg"", ""/content/drive/MyDrive/olx_mobile_dataset/images/mobile_c7ccb2aee3/8.jpg"", ""/content/drive/MyDrive/olx_mobile_dataset/images/mobile_c7ccb2aee3/9.jpg"", ""/content/drive/MyDrive/olx_mobile_dataset/images/mobile_c7ccb2aee3/10.jpg"", ""/content/drive/MyDrive/olx_mobile_dataset/images/mobile_c7ccb2aee3/11.jpg"", ""/content/drive/MyDrive/olx_mobile_dataset/images/mobile_c7ccb2aee3/12.jpg"", ""/content/drive/MyDrive/olx_mobile_dataset/images/mobile_c7ccb2aee3/13.jpg"", ""/content/drive/MyDrive/olx_mobile_dataset/images/mobile_c7ccb2aee3/14.jpg"", ""/content/drive/MyDrive/olx_mobile_dataset/images/mobile_c7ccb2aee3/15.jpg"", ""/content/drive/MyDrive/olx_mobile_dataset/images/mobile_c7ccb2aee3/16.jpg"", ""/content/drive/MyDrive/olx_mobile_dataset/images/mobile_c7ccb2aee3/17.jpg"", ""/content/drive/MyDrive/olx_mobile_dataset/images/mobile_c7ccb2aee3/18.jpg"", ""/content/drive/MyDrive/olx_mobile_dataset/images/mobile_c7ccb2aee3/19.jpg"", ""/content/drive/MyDrive/olx_mobile_dataset/images/mobile_c7ccb2aee3/20.jpg"", ""/content/drive/MyDrive/olx_mobile_dataset/images/mobile_c7ccb2aee3/21.jpg"", ""/content/drive/MyDrive/olx_mobile_dataset/images/mobile_c7ccb2aee3/22.jpg"", ""/content/drive/MyDrive/olx_mobile_dataset/images/mobile_c7ccb2aee3/23.jpg"", ""/content/drive/MyDrive/olx_mobile_dataset/images/mobile_c7ccb2aee3/24.jpg"", ""/content/drive/MyDrive/olx_mobile_dataset/images/mobile_c7ccb2aee3/25.jpg"", ""/content/drive/MyDrive/olx_mobile_dataset/images/mobile_c7ccb2aee3/26.jpg""]",26,2026-01-13 06:31:32.071099
mobile_8462f48ad4,https://www.olx.in/item/mobile-phones-c1453-used-iphone-in-anarkali-colony-delhi-iid-1831946392,iPhone 17 Pro Max 256gb Orange  Indian battery 100%,"iPhone 17 Pro Max 256gb Orange Indian battery 100% with box or cable 1st October Activation - Mobile Phones in Anarkali Colony, Delhi",132000,"[""/content/drive/MyDrive/olx_mobile_dataset/images/mobile_8462f48ad4/1.jpg"", ""/content/drive/MyDrive/olx_mobile_dataset/images/mobile_8462f48ad4/2.jpg"", ""/content/drive/MyDrive/olx_mobile_dataset/images/mobile_8462f48ad4/3.jpg"", ""/content/drive/MyDrive/olx_mobile_dataset/images/mobile_8462f48ad4/4.jpg"", ""/content/drive/MyDrive/olx_mobile_dataset/images/mobile_8462f48ad4/5.jpg"", ""/content/drive/MyDrive/olx_mobile_dataset/images/mobile_8462f48ad4/6.jpg"", ""/content/drive/MyDrive/olx_mobile_dataset/images/mobile_8462f48ad4/7.jpg"", ""/content/drive/MyDrive/olx_mobile_dataset/images/mobile_8462f48ad4/8.jpg"", ""/content/drive/MyDrive/olx_mobile_dataset/images/mobile_8462f48ad4/9.jpg"", ""/content/drive/MyDrive/olx_mobile_dataset/images/mobile_8462f48ad4/10.jpg"", ""/content/drive/MyDrive/olx_mobile_dataset/images/mobile_8462f48ad4/11.jpg"", ""/content/drive/MyDrive/olx_mobile_dataset/images/mobile_8462f48ad4/12.jpg"", ""/content/drive/MyDrive/olx_mobile_dataset/images/mobile_8462f48ad4/13.jpg"", ""/content/drive/MyDrive/olx_mobile_dataset/images/mobile_8462f48ad4/14.jpg"", ""/content/drive/MyDrive/olx_mobile_dataset/images/mobile_8462f48ad4/15.jpg"", ""/content/drive/MyDrive/olx_mobile_dataset/images/mobile_8462f48ad4/16.jpg"", ""/content/drive/MyDrive/olx_mobile_dataset/images/mobile_8462f48ad4/17.jpg"", ""/content/drive/MyDrive/olx_mobile_dataset/images/mobile_8462f48ad4/18.jpg"", ""/content/drive/MyDrive/olx_mobile_dataset/images/mobile_8462f48ad4/19.jpg"", ""/content/drive/MyDrive/olx_mobile_dataset/images/mobile_8462f48ad4/20.jpg"", ""/content/drive/MyDrive/olx_mobile_dataset/images/mobile_8462f48ad4/21.jpg"", ""/content/drive/MyDrive/olx_mobile_dataset/images/mobile_8462f48ad4/22.jpg"", ""/content/drive/MyDrive/olx_mobile_dataset/images/mobile_8462f48ad4/23.jpg"", ""/content/drive/MyDrive/olx_mobile_dataset/images/mobile_8462f48ad4/24.jpg"", ""/content/drive/MyDrive/olx_mobile_dataset/images/mobile_8462f48ad4/25.jpg"", ""/content/drive/MyDrive/olx_mobile_dataset/images/mobile_8462f48ad4/26.jpg""]",26,2026-01-13 06:31:44.204371
mobile_da882afb27,https://www.olx.in/item/mobile-phones-c1453-used-lava-in-gugai-salem-iid-1831487262,Lava z3 fresh new look condition,"Very good condition mobile &box only - Mobile Phones in Gugai, Salem",3200,"[""/content/drive/MyDrive/olx_mobile_dataset/images/mobile_da882afb27/1.jpg"", ""/content/drive/MyDrive/olx_mobile_dataset/images/mobile_da882afb27/2.jpg"", ""/content/drive/MyDrive/olx_mobile_dataset/images/mobile_da882afb27/3.jpg"", ""/content/drive/MyDrive/olx_mobile_dataset/images/mobile_da882afb27/4.jpg"", ""/content/drive/MyDrive/olx_mobile_dataset/images/mobile_da882afb27/5.jpg"", ""/content/drive/MyDrive/olx_mobile_dataset/images/mobile_da882afb27/6.jpg"", ""/content/drive/MyDrive/olx_mobile_dataset/images/mobile_da882afb27/7.jpg"", ""/content/drive/MyDrive/olx_mobile_dataset/images/mobile_da882afb27/8.jpg"", ""/content/drive/MyDrive/olx_mobile_dataset/images/mobile_da882afb27/9.jpg"", ""/content/drive/MyDrive/olx_mobile_dataset/images/mobile_da882afb27/10.jpg"", ""/content/drive/MyDrive/olx_mobile_dataset/images/mobile_da882afb27/11.jpg"", ""/content/drive/MyDrive/olx_mobile_dataset/images/mobile_da882afb27/12.jpg"", ""/content/drive/MyDrive/olx_mobile_dataset/images/mobile_da882afb27/13.jpg"", ""/content/drive/MyDrive/olx_mobile_dataset/images/mobile_da882afb27/14.jpg"", ""/content/drive/MyDrive/olx_mobile_dataset/images/mobile_da882afb27/15.jpg"", ""/content/drive/MyDrive/olx_mobile_dataset/images/mobile_da882afb27/16.jpg"", ""/content/drive/MyDrive/olx_mobile_dataset/images/mobile_da882afb27/17.jpg"", ""/content/drive/MyDrive/olx_mobile_dataset/images/mobile_da882afb27/18.jpg"", ""/content/drive/MyDrive/olx_mobile_dataset/images/mobile_da882afb27/19.jpg"", ""/content/drive/MyDrive/olx_mobile_dataset/images/mobile_da882afb27/20.jpg"", ""/content/drive/MyDrive/olx_mobile_dataset/images/mobile_da882afb27/21.jpg"", ""/content/drive/MyDrive/olx_mobile_dataset/images/mobile_da882afb27/22.jpg"", ""/content/drive/MyDrive/olx_mobile_dataset/images/mobile_da882afb27/23.jpg"", ""/content/drive/MyDrive/olx_mobile_dataset/images/mobile_da882afb27/24.jpg"", ""/content/drive/MyDrive/olx_mobile_dataset/images/mobile_da882afb27/25.jpg"", ""/content/drive/MyDrive/olx_mobile_dataset/images/mobile_da882afb27/26.jpg""]",26,2026-01-13 06:31:56.268053
mobile_a110efddd8,https://www.olx.in/item/mobile-phones-c1453-used-vivo-in-nai-basti-sitapur-iid-1807746503,Vivo X70 pro,"128/ 16 GB ram expandable upto 22 gb Amoled Curved display( display curve hai ) 1400+ nits brightness 50 MP camera 32 MP front Agr kisi ko bhi budget me ek professional photography ka phone chahiye and behtarin specifications ke sath me , to sirf vhi contact kre . Koi bhi Kami ya fer prob nhi hai , uski guarantee hai . Urgent selling - Mobile Phones in Nai Basti, Sitapur",22000,"[""/content/drive/MyDrive/olx_mobile_dataset/images/mobile_a110efddd8/1.jpg"", ""/content/drive/MyDrive/olx_mobile_dataset/images/mobile_a110efddd8/2.jpg"", ""/content/drive/MyDrive/olx_mobile_dataset/images/mobile_a110efddd8/3.jpg"", ""/content/drive/MyDrive/olx_mobile_dataset/images/mobile_a110efddd8/4.jpg"", ""/content/drive/MyDrive/olx_mobile_dataset/images/mobile_a110efddd8/5.jpg"", ""/content/drive/MyDrive/olx_mobile_dataset/images/mobile_a110efddd8/6.jpg"", ""/content/drive/MyDrive/olx_mobile_dataset/images/mobile_a110efddd8/7.jpg"", ""/content/drive/MyDrive/olx_mobile_dataset/images/mobile_a110efddd8/8.jpg"", ""/content/drive/MyDrive/olx_mobile_dataset/images/mobile_a110efddd8/9.jpg"", ""/content/drive/MyDrive/olx_mobile_dataset/images/mobile_a110efddd8/10.jpg"", ""/content/drive/MyDrive/olx_mobile_dataset/images/mobile_a110efddd8/11.jpg"", ""/content/drive/MyDrive/olx_mobile_dataset/images/mobile_a110efddd8/12.jpg"", ""/content/drive/MyDrive/olx_mobile_dataset/images/mobile_a110efddd8/13.jpg"", ""/content/drive/MyDrive/olx_mobile_dataset/images/mobile_a110efddd8/14.jpg"", ""/content/drive/MyDrive/olx_mobile_dataset/images/mobile_a110efddd8/15.jpg"", ""/content/drive/MyDrive/olx_mobile_dataset/images/mobile_a110efddd8/16.jpg"", ""/content/drive/MyDrive/olx_mobile_dataset/images/mobile_a110efddd8/17.jpg"", ""/content/drive/MyDrive/olx_mobile_dataset/images/mobile_a110efddd8/18.jpg"", ""/content/drive/MyDrive/olx_mobile_dataset/images/mobile_a110efddd8/19.jpg"", ""/content/drive/MyDrive/olx_mobile_dataset/images/mobile_a110efddd8/20.jpg"", ""/content/drive/MyDrive/olx_mobile_dataset/images/mobile_a110efddd8/21.jpg"", ""/content/drive/MyDrive/olx_mobile_dataset/images/mobile_a110efddd8/22.jpg"", ""/content/drive/MyDrive/olx_mobile_dataset/images/mobile_a110efddd8/23.jpg"", ""/content/drive/MyDrive/olx_mobile_dataset/images/mobile_a110efddd8/24.jpg"", ""/content/drive/MyDrive/olx_mobile_dataset/images/mobile_a110efddd8/25.jpg"", ""/content/drive/MyDrive/olx_mobile_dataset/images/mobile_a110efddd8/26.jpg""]",26,2026-01-13 06:32:07.999712
mobile_c1269eeb74,https://www.olx.in/item/mobile-phones-c1453-used-vivo-in-deokaali-faizabad-iid-1831946251,Iqoo 9t legend BMW EDITION Sell & Exchange,"120 watt original charger with original data cable gaming phone Snapdragon 8gen1 v1+ processor Bill box available Best condition phone only Back panel crack hai but back me skin lagi hai Baki koi problem nhi hai - Mobile Phones in Deokaali, Faizabad",25000,"[""/content/drive/MyDrive/olx_mobile_dataset/images/mobile_c1269eeb74/1.jpg"", ""/content/drive/MyDrive/olx_mobile_dataset/images/mobile_c1269eeb74/2.jpg"", ""/content/drive/MyDrive/olx_mobile_dataset/images/mobile_c1269eeb74/3.jpg"", ""/content/drive/MyDrive/olx_mobile_dataset/images/mobile_c1269eeb74/4.jpg"", ""/content/drive/MyDrive/olx_mobile_dataset/images/mobile_c1269eeb74/5.jpg"", ""/content/drive/MyDrive/olx_mobile_dataset/images/mobile_c1269eeb74/6.jpg"", ""/content/drive/MyDrive/olx_mobile_dataset/images/mobile_c1269eeb74/7.jpg"", ""/content/drive/MyDrive/olx_mobile_dataset/images/mobile_c1269eeb74/8.jpg"", ""/content/drive/MyDrive/olx_mobile_dataset/images/mobile_c1269eeb74/9.jpg"", ""/content/drive/MyDrive/olx_mobile_dataset/images/mobile_c1269eeb74/10.jpg"", ""/content/drive/MyDrive/olx_mobile_dataset/images/mobile_c1269eeb74/11.jpg"", ""/content/drive/MyDrive/olx_mobile_dataset/images/mobile_c1269eeb74/12.jpg"", ""/content/drive/MyDrive/olx_mobile_dataset/images/mobile_c1269eeb74/13.jpg"", ""/content/drive/MyDrive/olx_mobile_dataset/images/mobile_c1269eeb74/14.jpg"", ""/content/drive/MyDrive/olx_mobile_dataset/images/mobile_c1269eeb74/15.jpg"", ""/content/drive/MyDrive/olx_mobile_dataset/images/mobile_c1269eeb74/16.jpg"", ""/content/drive/MyDrive/olx_mobile_dataset/images/mobile_c1269eeb74/17.jpg"", ""/content/drive/MyDrive/olx_mobile_dataset/images/mobile_c1269eeb74/18.jpg"", ""/content/drive/MyDrive/olx_mobile_dataset/images/mobile_c1269eeb74/19.jpg"", ""/content/drive/MyDrive/olx_mobile_dataset/images/mobile_c1269eeb74/20.jpg"", ""/content/drive/MyDrive/olx_mobile_dataset/images/mobile_c1269eeb74/21.jpg"", ""/content/drive/MyDrive/olx_mobile_dataset/images/mobile_c1269eeb74/22.jpg"", ""/content/drive/MyDrive/olx_mobile_dataset/images/mobile_c1269eeb74/23.jpg"", ""/content/drive/MyDrive/olx_mobile_dataset/images/mobile_c1269eeb74/24.jpg"", ""/content/drive/MyDrive/olx_mobile_dataset/images/mobile_c1269eeb74/25.jpg"", ""/content/drive/MyDrive/olx_mobile_dataset/images/mobile_c1269eeb74/26.jpg""]",26,2026-01-13 06:32:18.119827
mobile_c365262ea3,https://www.olx.in/item/mobile-phones-c1453-used-iphone-in-b-t-college-madhyamgram-kolkata-iid-1831946233,iPhone 13 pro Max 256gb,"iPhone 13 pro Max 256gb 78% battery health All accessories available - Mobile Phones in B T College Madhyamgram, Kolkata",48000,"[""/content/drive/MyDrive/olx_mobile_dataset/images/mobile_c365262ea3/1.jpg"", ""/content/drive/MyDrive/olx_mobile_dataset/images/mobile_c365262ea3/2.jpg"", ""/content/drive/MyDrive/olx_mobile_dataset/images/mobile_c365262ea3/3.jpg"", ""/content/drive/MyDrive/olx_mobile_dataset/images/mobile_c365262ea3/4.jpg"", ""/content/drive/MyDrive/olx_mobile_dataset/images/mobile_c365262ea3/5.jpg"", ""/content/drive/MyDrive/olx_mobile_dataset/images/mobile_c365262ea3/6.jpg"", ""/content/drive/MyDrive/olx_mobile_dataset/images/mobile_c365262ea3/7.jpg"", ""/content/drive/MyDrive/olx_mobile_dataset/images/mobile_c365262ea3/8.jpg"", ""/content/drive/MyDrive/olx_mobile_dataset/images/mobile_c365262ea3/9.jpg"", ""/content/drive/MyDrive/olx_mobile_dataset/images/mobile_c365262ea3/10.jpg"", ""/content/drive/MyDrive/olx_mobile_dataset/images/mobile_c365262ea3/11.jpg"", ""/content/drive/MyDrive/olx_mobile_dataset/images/mobile_c365262ea3/12.jpg"", ""/content/drive/MyDrive/olx_mobile_dataset/images/mobile_c365262ea3/13.jpg"", ""/content/drive/MyDrive/olx_mobile_dataset/images/mobile_c365262ea3/14.jpg"", ""/content/drive/MyDrive/olx_mobile_dataset/images/mobile_c365262ea3/15.jpg"", ""/content/drive/MyDrive/olx_mobile_dataset/images/mobile_c365262ea3/16.jpg"", ""/content/drive/MyDrive/olx_mobile_dataset/images/mobile_c365262ea3/17.jpg"", ""/content/drive/MyDrive/olx_mobile_dataset/images/mobile_c365262ea3/18.jpg"", ""/content/drive/MyDrive/olx_mobile_dataset/images/mobile_c365262ea3/19.jpg"", ""/content/drive/MyDrive/olx_mobile_dataset/images/mobile_c365262ea3/20.jpg"", ""/content/drive/MyDrive/olx_mobile_dataset/images/mobile_c365262ea3/21.jpg"", ""/content/drive/MyDrive/olx_mobile_dataset/images/mobile_c365262ea3/22.jpg"", ""/content/drive/MyDrive/olx_mobile_dataset/images/mobile_c365262ea3/23.jpg"", ""/content/drive/MyDrive/olx_mobile_dataset/images/mobile_c365262ea3/24.jpg"", ""/content/drive/MyDrive/olx_mobile_dataset/images/mobile_c365262ea3/25.jpg"", ""/content/drive/MyDrive/olx_mobile_dataset/images/mobile_c365262ea3/26.jpg""]",26,2026-01-13 06:32:30.769617
mobile_528114ad00,https://www.olx.in/item/mobile-phones-c1453-used-samsung-in-mira-road-east-mumbai-iid-1831748125,Samsung galaxy S25 PLUS,"Samsung galaxy s25 plus on of the best camera smart phone with the best amoled display powerful snapdragon 8 Elite and with the 256 GB huge storage. I'm a genuine seller no time pass please - Mobile Phones in Mira Road East, Mumbai",55999,"[""/content/drive/MyDrive/olx_mobile_dataset/images/mobile_528114ad00/1.jpg"", ""/content/drive/MyDrive/olx_mobile_dataset/images/mobile_528114ad00/2.jpg"", ""/content/drive/MyDrive/olx_mobile_dataset/images/mobile_528114ad00/3.jpg"", ""/content/drive/MyDrive/olx_mobile_dataset/images/mobile_528114ad00/4.jpg"", ""/content/drive/MyDrive/olx_mobile_dataset/images/mobile_528114ad00/5.jpg"", ""/content/drive/MyDrive/olx_mobile_dataset/images/mobile_528114ad00/6.jpg"", ""/content/drive/MyDrive/olx_mobile_dataset/images/mobile_528114ad00/7.jpg"", ""/content/drive/MyDrive/olx_mobile_dataset/images/mobile_528114ad00/8.jpg"", ""/content/drive/MyDrive/olx_mobile_dataset/images/mobile_528114ad00/9.jpg"", ""/content/drive/MyDrive/olx_mobile_dataset/images/mobile_528114ad00/10.jpg"", ""/content/drive/MyDrive/olx_mobile_dataset/images/mobile_528114ad00/11.jpg"", ""/content/drive/MyDrive/olx_mobile_dataset/images/mobile_528114ad00/12.jpg"", ""/content/drive/MyDrive/olx_mobile_dataset/images/mobile_528114ad00/13.jpg"", ""/content/drive/MyDrive/olx_mobile_dataset/images/mobile_528114ad00/14.jpg"", ""/content/drive/MyDrive/olx_mobile_dataset/images/mobile_528114ad00/15.jpg"", ""/content/drive/MyDrive/olx_mobile_dataset/images/mobile_528114ad00/16.jpg"", ""/content/drive/MyDrive/olx_mobile_dataset/images/mobile_528114ad00/17.jpg"", ""/content/drive/MyDrive/olx_mobile_dataset/images/mobile_528114ad00/18.jpg"", ""/content/drive/MyDrive/olx_mobile_dataset/images/mobile_528114ad00/19.jpg"", ""/content/drive/MyDrive/olx_mobile_dataset/images/mobile_528114ad00/20.jpg"", ""/content/drive/MyDrive/olx_mobile_dataset/images/mobile_528114ad00/21.jpg"", ""/content/drive/MyDrive/olx_mobile_dataset/images/mobile_528114ad00/22.jpg"", ""/content/drive/MyDrive/olx_mobile_dataset/images/mobile_528114ad00/23.jpg"", ""/content/drive/MyDrive/olx_mobile_dataset/images/mobile_528114ad00/24.jpg"", ""/content/drive/MyDrive/olx_mobile_dataset/images/mobile_528114ad00/25.jpg"", ""/content/drive/MyDrive/olx_mobile_dataset/images/mobile_528114ad00/26.jpg""]",26,2026-01-13 06:32:46.525284
mobile_bd8f7059b4,https://www.olx.in/item/mobile-phones-c1453-used-iphone-in-gandhi-chowk-bodh-gaya-iid-1831284765,Iphone 14 PRO MAX - 256GB,"Fantastic condition, no scratch 1year 2 month old , space grey - Mobile Phones in Gandhi Chowk, Bodh Gaya",61999,"[""/content/drive/MyDrive/olx_mobile_dataset/images/mobile_bd8f7059b4/1.jpg"", ""/content/drive/MyDrive/olx_mobile_dataset/images/mobile_bd8f7059b4/2.jpg"", ""/content/drive/MyDrive/olx_mobile_dataset/images/mobile_bd8f7059b4/3.jpg"", ""/content/drive/MyDrive/olx_mobile_dataset/images/mobile_bd8f7059b4/4.jpg"", ""/content/drive/MyDrive/olx_mobile_dataset/images/mobile_bd8f7059b4/5.jpg"", ""/content/drive/MyDrive/olx_mobile_dataset/images/mobile_bd8f7059b4/6.jpg"", ""/content/drive/MyDrive/olx_mobile_dataset/images/mobile_bd8f7059b4/7.jpg"", ""/content/drive/MyDrive/olx_mobile_dataset/images/mobile_bd8f7059b4/8.jpg"", ""/content/drive/MyDrive/olx_mobile_dataset/images/mobile_bd8f7059b4/9.jpg"", ""/content/drive/MyDrive/olx_mobile_dataset/images/mobile_bd8f7059b4/10.jpg"", ""/content/drive/MyDrive/olx_mobile_dataset/images/mobile_bd8f7059b4/11.jpg"", ""/content/drive/MyDrive/olx_mobile_dataset/images/mobile_bd8f7059b4/12.jpg"", ""/content/drive/MyDrive/olx_mobile_dataset/images/mobile_bd8f7059b4/13.jpg"", ""/content/drive/MyDrive/olx_mobile_dataset/images/mobile_bd8f7059b4/14.jpg"", ""/content/drive/MyDrive/olx_mobile_dataset/images/mobile_bd8f7059b4/15.jpg"", ""/content/drive/MyDrive/olx_mobile_dataset/images/mobile_bd8f7059b4/16.jpg"", ""/content/drive/MyDrive/olx_mobile_dataset/images/mobile_bd8f7059b4/17.jpg"", ""/content/drive/MyDrive/olx_mobile_dataset/images/mobile_bd8f7059b4/18.jpg"", ""/content/drive/MyDrive/olx_mobile_dataset/images/mobile_bd8f7059b4/19.jpg"", ""/content/drive/MyDrive/olx_mobile_dataset/images/mobile_bd8f7059b4/20.jpg"", ""/content/drive/MyDrive/olx_mobile_dataset/images/mobile_bd8f7059b4/21.jpg"", ""/content/drive/MyDrive/olx_mobile_dataset/images/mobile_bd8f7059b4/22.jpg"", ""/content/drive/MyDrive/olx_mobile_dataset/images/mobile_bd8f7059b4/23.jpg"", ""/content/drive/MyDrive/olx_mobile_dataset/images/mobile_bd8f7059b4/24.jpg"", ""/content/drive/MyDrive/olx_mobile_dataset/images/mobile_bd8f7059b4/25.jpg"", ""/content/drive/MyDrive/olx_mobile_dataset/images/mobile_bd8f7059b4/26.jpg""]",26,2026-01-13 06:32:57.682003
mobile_7f26a740ef,https://www.olx.in/item/mobile-phones-c1453-used-samsung-in-bhola-nath-nagar-delhi-iid-1831671892,Samsung S24 ultra brand new,"Samsung galaxy S24 ultra brand new condition 256GB 4 month old With charger available Bil box Available available Contact only serious buyer Altu faltu paise Bata Kar time West na Karen Mera bhi aur apna Bhi Ek 2000 kam honge bus phone ekadam brand new hai aur 60 se niche wali to baat na Karen bilkul bhi - Mobile Phones in Bhola Nath Nagar, Delhi",69999,"[""/content/drive/MyDrive/olx_mobile_dataset/images/mobile_7f26a740ef/1.jpg"", ""/content/drive/MyDrive/olx_mobile_dataset/images/mobile_7f26a740ef/2.jpg"", ""/content/drive/MyDrive/olx_mobile_dataset/images/mobile_7f26a740ef/3.jpg"", ""/content/drive/MyDrive/olx_mobile_dataset/images/mobile_7f26a740ef/4.jpg"", ""/content/drive/MyDrive/olx_mobile_dataset/images/mobile_7f26a740ef/5.jpg"", ""/content/drive/MyDrive/olx_mobile_dataset/images/mobile_7f26a740ef/6.jpg"", ""/content/drive/MyDrive/olx_mobile_dataset/images/mobile_7f26a740ef/7.jpg"", ""/content/drive/MyDrive/olx_mobile_dataset/images/mobile_7f26a740ef/8.jpg"", ""/content/drive/MyDrive/olx_mobile_dataset/images/mobile_7f26a740ef/9.jpg"", ""/content/drive/MyDrive/olx_mobile_dataset/images/mobile_7f26a740ef/10.jpg"", ""/content/drive/MyDrive/olx_mobile_dataset/images/mobile_7f26a740ef/11.jpg"", ""/content/drive/MyDrive/olx_mobile_dataset/images/mobile_7f26a740ef/12.jpg"", ""/content/drive/MyDrive/olx_mobile_dataset/images/mobile_7f26a740ef/13.jpg"", ""/content/drive/MyDrive/olx_mobile_dataset/images/mobile_7f26a740ef/14.jpg"", ""/content/drive/MyDrive/olx_mobile_dataset/images/mobile_7f26a740ef/15.jpg"", ""/content/drive/MyDrive/olx_mobile_dataset/images/mobile_7f26a740ef/16.jpg"", ""/content/drive/MyDrive/olx_mobile_dataset/images/mobile_7f26a740ef/17.jpg"", ""/content/drive/MyDrive/olx_mobile_dataset/images/mobile_7f26a740ef/18.jpg"", ""/content/drive/MyDrive/olx_mobile_dataset/images/mobile_7f26a740ef/19.jpg"", ""/content/drive/MyDrive/olx_mobile_dataset/images/mobile_7f26a740ef/20.jpg"", ""/content/drive/MyDrive/olx_mobile_dataset/images/mobile_7f26a740ef/21.jpg"", ""/content/drive/MyDrive/olx_mobile_dataset/images/mobile_7f26a740ef/22.jpg"", ""/content/drive/MyDrive/olx_mobile_dataset/images/mobile_7f26a740ef/23.jpg"", ""/content/drive/MyDrive/olx_mobile_dataset/images/mobile_7f26a740ef/24.jpg"", ""/content/drive/MyDrive/olx_mobile_dataset/images/mobile_7f26a740ef/25.jpg"", ""/content/drive/MyDrive/olx_mobile_dataset/images/mobile_7f26a740ef/26.jpg""]",26,2026-01-13 06:33:08.552729
mobile_bf7b03fbb1,https://www.olx.in/item/mobile-phones-c1453-used-realme-in-sarangapur-kalinga-nagar-industrial-area-iid-1827340404,Sarangarh Kothari,"Varun khure - Mobile Phones in Sarangapur, Kalinga Nagar Industrial Area",8500,"[""/content/drive/MyDrive/olx_mobile_dataset/images/mobile_bf7b03fbb1/1.jpg"", ""/content/drive/MyDrive/olx_mobile_dataset/images/mobile_bf7b03fbb1/2.jpg"", ""/content/drive/MyDrive/olx_mobile_dataset/images/mobile_bf7b03fbb1/3.jpg"", ""/content/drive/MyDrive/olx_mobile_dataset/images/mobile_bf7b03fbb1/4.jpg"", ""/content/drive/MyDrive/olx_mobile_dataset/images/mobile_bf7b03fbb1/5.jpg"", ""/content/drive/MyDrive/olx_mobile_dataset/images/mobile_bf7b03fbb1/6.jpg"", ""/content/drive/MyDrive/olx_mobile_dataset/images/mobile_bf7b03fbb1/7.jpg"", ""/content/drive/MyDrive/olx_mobile_dataset/images/mobile_bf7b03fbb1/8.jpg"", ""/content/drive/MyDrive/olx_mobile_dataset/images/mobile_bf7b03fbb1/9.jpg"", ""/content/drive/MyDrive/olx_mobile_dataset/images/mobile_bf7b03fbb1/10.jpg"", ""/content/drive/MyDrive/olx_mobile_dataset/images/mobile_bf7b03fbb1/11.jpg"", ""/content/drive/MyDrive/olx_mobile_dataset/images/mobile_bf7b03fbb1/12.jpg"", ""/content/drive/MyDrive/olx_mobile_dataset/images/mobile_bf7b03fbb1/13.jpg"", ""/content/drive/MyDrive/olx_mobile_dataset/images/mobile_bf7b03fbb1/14.jpg"", ""/content/drive/MyDrive/olx_mobile_dataset/images/mobile_bf7b03fbb1/15.jpg"", ""/content/drive/MyDrive/olx_mobile_dataset/images/mobile_bf7b03fbb1/16.jpg"", ""/content/drive/MyDrive/olx_mobile_dataset/images/mobile_bf7b03fbb1/17.jpg"", ""/content/drive/MyDrive/olx_mobile_dataset/images/mobile_bf7b03fbb1/18.jpg"", ""/content/drive/MyDrive/olx_mobile_dataset/images/mobile_bf7b03fbb1/19.jpg"", ""/content/drive/MyDrive/olx_mobile_dataset/images/mobile_bf7b03fbb1/20.jpg"", ""/content/drive/MyDrive/olx_mobile_dataset/images/mobile_bf7b03fbb1/21.jpg"", ""/content/drive/MyDrive/olx_mobile_dataset/images/mobile_bf7b03fbb1/22.jpg"", ""/content/drive/MyDrive/olx_mobile_dataset/images/mobile_bf7b03fbb1/23.jpg"", ""/content/drive/MyDrive/olx_mobile_dataset/images/mobile_bf7b03fbb1/24.jpg"", ""/content/drive/MyDrive/olx_mobile_dataset/images/mobile_bf7b03fbb1/25.jpg"", ""/content/drive/MyDrive/olx_mobile_dataset/images/mobile_bf7b03fbb1/26.jpg""]",26,2026-01-13 06:33:19.083449
mobile_1b43d6efe4,https://www.olx.in/item/mobile-phones-c1453-used-oppo-in-polondo-bavla-iid-1831946292,Oppo f31 5g,"20 din use keye huye - Mobile Phones in Polondo, Bavla",24000,"[""/content/drive/MyDrive/olx_mobile_dataset/images/mobile_1b43d6efe4/1.jpg"", ""/content/drive/MyDrive/olx_mobile_dataset/images/mobile_1b43d6efe4/2.jpg"", ""/content/drive/MyDrive/olx_mobile_dataset/images/mobile_1b43d6efe4/3.jpg"", ""/content/drive/MyDrive/olx_mobile_dataset/images/mobile_1b43d6efe4/4.jpg"", ""/content/drive/MyDrive/olx_mobile_dataset/images/mobile_1b43d6efe4/5.jpg"", ""/content/drive/MyDrive/olx_mobile_dataset/images/mobile_1b43d6efe4/6.jpg"", ""/content/drive/MyDrive/olx_mobile_dataset/images/mobile_1b43d6efe4/7.jpg"", ""/content/drive/MyDrive/olx_mobile_dataset/images/mobile_1b43d6efe4/8.jpg"", ""/content/drive/MyDrive/olx_mobile_dataset/images/mobile_1b43d6efe4/9.jpg"", ""/content/drive/MyDrive/olx_mobile_dataset/images/mobile_1b43d6efe4/10.jpg"", ""/content/drive/MyDrive/olx_mobile_dataset/images/mobile_1b43d6efe4/11.jpg"", ""/content/drive/MyDrive/olx_mobile_dataset/images/mobile_1b43d6efe4/12.jpg"", ""/content/drive/MyDrive/olx_mobile_dataset/images/mobile_1b43d6efe4/13.jpg"", ""/content/drive/MyDrive/olx_mobile_dataset/images/mobile_1b43d6efe4/14.jpg"", ""/content/drive/MyDrive/olx_mobile_dataset/images/mobile_1b43d6efe4/15.jpg"", ""/content/drive/MyDrive/olx_mobile_dataset/images/mobile_1b43d6efe4/16.jpg"", ""/content/drive/MyDrive/olx_mobile_dataset/images/mobile_1b43d6efe4/17.jpg"", ""/content/drive/MyDrive/olx_mobile_dataset/images/mobile_1b43d6efe4/18.jpg"", ""/content/drive/MyDrive/olx_mobile_dataset/images/mobile_1b43d6efe4/19.jpg"", ""/content/drive/MyDrive/olx_mobile_dataset/images/mobile_1b43d6efe4/20.jpg"", ""/content/drive/MyDrive/olx_mobile_dataset/images/mobile_1b43d6efe4/21.jpg"", ""/content/drive/MyDrive/olx_mobile_dataset/images/mobile_1b43d6efe4/22.jpg"", ""/content/drive/MyDrive/olx_mobile_dataset/images/mobile_1b43d6efe4/23.jpg"", ""/content/drive/MyDrive/olx_mobile_dataset/images/mobile_1b43d6efe4/24.jpg"", ""/content/drive/MyDrive/olx_mobile_dataset/images/mobile_1b43d6efe4/25.jpg"", ""/content/drive/MyDrive/olx_mobile_dataset/images/mobile_1b43d6efe4/26.jpg""]",26,2026-01-13 06:33:29.653839
mobile_e04687cdd5,https://www.olx.in/item/mobile-phones-c1453-used-one-plus-in-dehradoon-road-saharanpur-iid-1831946253,Oneplus 11r. 5g.  8/128gb box or chager,"Phone m koi problem nhai h jise len h wi hi msg kre or time pss wale dur rhe only back panel damage h bss - Mobile Phones in Dehradoon Road, Saharanpur",21000,"[""/content/drive/MyDrive/olx_mobile_dataset/images/mobile_e04687cdd5/1.jpg"", ""/content/drive/MyDrive/olx_mobile_dataset/images/mobile_e04687cdd5/2.jpg"", ""/content/drive/MyDrive/olx_mobile_dataset/images/mobile_e04687cdd5/3.jpg"", ""/content/drive/MyDrive/olx_mobile_dataset/images/mobile_e04687cdd5/4.jpg"", ""/content/drive/MyDrive/olx_mobile_dataset/images/mobile_e04687cdd5/5.jpg"", ""/content/drive/MyDrive/olx_mobile_dataset/images/mobile_e04687cdd5/6.jpg"", ""/content/drive/MyDrive/olx_mobile_dataset/images/mobile_e04687cdd5/7.jpg"", ""/content/drive/MyDrive/olx_mobile_dataset/images/mobile_e04687cdd5/8.jpg"", ""/content/drive/MyDrive/olx_mobile_dataset/images/mobile_e04687cdd5/9.jpg"", ""/content/drive/MyDrive/olx_mobile_dataset/images/mobile_e04687cdd5/10.jpg"", ""/content/drive/MyDrive/olx_mobile_dataset/images/mobile_e04687cdd5/11.jpg"", ""/content/drive/MyDrive/olx_mobile_dataset/images/mobile_e04687cdd5/12.jpg"", ""/content/drive/MyDrive/olx_mobile_dataset/images/mobile_e04687cdd5/13.jpg"", ""/content/drive/MyDrive/olx_mobile_dataset/images/mobile_e04687cdd5/14.jpg"", ""/content/drive/MyDrive/olx_mobile_dataset/images/mobile_e04687cdd5/15.jpg"", ""/content/drive/MyDrive/olx_mobile_dataset/images/mobile_e04687cdd5/16.jpg"", ""/content/drive/MyDrive/olx_mobile_dataset/images/mobile_e04687cdd5/17.jpg"", ""/content/drive/MyDrive/olx_mobile_dataset/images/mobile_e04687cdd5/18.jpg"", ""/content/drive/MyDrive/olx_mobile_dataset/images/mobile_e04687cdd5/19.jpg"", ""/content/drive/MyDrive/olx_mobile_dataset/images/mobile_e04687cdd5/20.jpg"", ""/content/drive/MyDrive/olx_mobile_dataset/images/mobile_e04687cdd5/21.jpg"", ""/content/drive/MyDrive/olx_mobile_dataset/images/mobile_e04687cdd5/22.jpg"", ""/content/drive/MyDrive/olx_mobile_dataset/images/mobile_e04687cdd5/23.jpg"", ""/content/drive/MyDrive/olx_mobile_dataset/images/mobile_e04687cdd5/24.jpg"", ""/content/drive/MyDrive/olx_mobile_dataset/images/mobile_e04687cdd5/25.jpg"", ""/content/drive/MyDrive/olx_mobile_dataset/images/mobile_e04687cdd5/26.jpg""]",26,2026-01-13 06:33:40.740485
mobile_2c97c91558,https://www.olx.in/item/mobile-phones-c1453-used-oppo-in-maruti-udyog-gurgaon-iid-1830448689,Oppo f23 5g 8/256gb,"Good condition,back pannel change only wo bhi bs glass crack ho gya tha,8/256 gb.with 1.5 year old.with bill charger.ek number condition hai,fixed price faltu msg nhh kre - Mobile Phones in Maruti Udyog, Gurgaon",9500,"[""/content/drive/MyDrive/olx_mobile_dataset/images/mobile_2c97c91558/1.jpg"", ""/content/drive/MyDrive/olx_mobile_dataset/images/mobile_2c97c91558/2.jpg"", ""/content/drive/MyDrive/olx_mobile_dataset/images/mobile_2c97c91558/3.jpg"", ""/content/drive/MyDrive/olx_mobile_dataset/images/mobile_2c97c91558/4.jpg"", ""/content/drive/MyDrive/olx_mobile_dataset/images/mobile_2c97c91558/5.jpg"", ""/content/drive/MyDrive/olx_mobile_dataset/images/mobile_2c97c91558/6.jpg"", ""/content/drive/MyDrive/olx_mobile_dataset/images/mobile_2c97c91558/7.jpg"", ""/content/drive/MyDrive/olx_mobile_dataset/images/mobile_2c97c91558/8.jpg"", ""/content/drive/MyDrive/olx_mobile_dataset/images/mobile_2c97c91558/9.jpg"", ""/content/drive/MyDrive/olx_mobile_dataset/images/mobile_2c97c91558/10.jpg"", ""/content/drive/MyDrive/olx_mobile_dataset/images/mobile_2c97c91558/11.jpg"", ""/content/drive/MyDrive/olx_mobile_dataset/images/mobile_2c97c91558/12.jpg"", ""/content/drive/MyDrive/olx_mobile_dataset/images/mobile_2c97c91558/13.jpg"", ""/content/drive/MyDrive/olx_mobile_dataset/images/mobile_2c97c91558/14.jpg"", ""/content/drive/MyDrive/olx_mobile_dataset/images/mobile_2c97c91558/15.jpg"", ""/content/drive/MyDrive/olx_mobile_dataset/images/mobile_2c97c91558/16.jpg"", ""/content/drive/MyDrive/olx_mobile_dataset/images/mobile_2c97c91558/17.jpg"", ""/content/drive/MyDrive/olx_mobile_dataset/images/mobile_2c97c91558/18.jpg"", ""/content/drive/MyDrive/olx_mobile_dataset/images/mobile_2c97c91558/19.jpg"", ""/content/drive/MyDrive/olx_mobile_dataset/images/mobile_2c97c91558/20.jpg"", ""/content/drive/MyDrive/olx_mobile_dataset/images/mobile_2c97c91558/21.jpg"", ""/content/drive/MyDrive/olx_mobile_dataset/images/mobile_2c97c91558/22.jpg"", ""/content/drive/MyDrive/olx_mobile_dataset/images/mobile_2c97c91558/23.jpg"", ""/content/drive/MyDrive/olx_mobile_dataset/images/mobile_2c97c91558/24.jpg"", ""/content/drive/MyDrive/olx_mobile_dataset/images/mobile_2c97c91558/25.jpg"", ""/content/drive/MyDrive/olx_mobile_dataset/images/mobile_2c97c91558/26.jpg""]",26,2026-01-13 06:33:51.098594
mobile_bdd0843170,https://www.olx.in/item/mobile-phones-c1453-used-other-mobiles-in-jammu-university-jammu-iid-1765515100,All Mobiles wholesale and retail Sale @ 3000 to 30000,"Sale sale sale All models below with charger... replacement warranty in case of fault Premium 5G mobiles.. Oppo Reno 8 5G One plus nord CE 5g Realme x50 pro 5g Vivo x50 5g All ok 4G models 2.Samsung M12 3.Redmi note 6 pro 4.Redmi note 5 pro 5.Realme 5 pro 6.redmi note 7 pro Redmi note 8 pro Redmi note 9 pro Note 10S Techno Infinix Vivo All original Many more Also low range mobiles in ok condition About 100 pcs available for choice For wholesale and Retail deals Kindly visit.. Mahadev Electronics Shop No.26..Shiv Market Near Railway station,Jammu J&K All days open shop 7am to 10pm - Mobile Phones in Jammu University, Jammu",3000,"[""/content/drive/MyDrive/olx_mobile_dataset/images/mobile_bdd0843170/1.jpg"", ""/content/drive/MyDrive/olx_mobile_dataset/images/mobile_bdd0843170/2.jpg"", ""/content/drive/MyDrive/olx_mobile_dataset/images/mobile_bdd0843170/3.jpg"", ""/content/drive/MyDrive/olx_mobile_dataset/images/mobile_bdd0843170/4.jpg"", ""/content/drive/MyDrive/olx_mobile_dataset/images/mobile_bdd0843170/5.jpg"", ""/content/drive/MyDrive/olx_mobile_dataset/images/mobile_bdd0843170/6.jpg"", ""/content/drive/MyDrive/olx_mobile_dataset/images/mobile_bdd0843170/7.jpg"", ""/content/drive/MyDrive/olx_mobile_dataset/images/mobile_bdd0843170/8.jpg"", ""/content/drive/MyDrive/olx_mobile_dataset/images/mobile_bdd0843170/9.jpg"", ""/content/drive/MyDrive/olx_mobile_dataset/images/mobile_bdd0843170/10.jpg"", ""/content/drive/MyDrive/olx_mobile_dataset/images/mobile_bdd0843170/11.jpg"", ""/content/drive/MyDrive/olx_mobile_dataset/images/mobile_bdd0843170/12.jpg"", ""/content/drive/MyDrive/olx_mobile_dataset/images/mobile_bdd0843170/13.jpg"", ""/content/drive/MyDrive/olx_mobile_dataset/images/mobile_bdd0843170/14.jpg"", ""/content/drive/MyDrive/olx_mobile_dataset/images/mobile_bdd0843170/15.jpg"", ""/content/drive/MyDrive/olx_mobile_dataset/images/mobile_bdd0843170/16.jpg"", ""/content/drive/MyDrive/olx_mobile_dataset/images/mobile_bdd0843170/17.jpg"", ""/content/drive/MyDrive/olx_mobile_dataset/images/mobile_bdd0843170/18.jpg"", ""/content/drive/MyDrive/olx_mobile_dataset/images/mobile_bdd0843170/19.jpg"", ""/content/drive/MyDrive/olx_mobile_dataset/images/mobile_bdd0843170/20.jpg"", ""/content/drive/MyDrive/olx_mobile_dataset/images/mobile_bdd0843170/21.jpg"", ""/content/drive/MyDrive/olx_mobile_dataset/images/mobile_bdd0843170/22.jpg"", ""/content/drive/MyDrive/olx_mobile_dataset/images/mobile_bdd0843170/23.jpg"", ""/content/drive/MyDrive/olx_mobile_dataset/images/mobile_bdd0843170/24.jpg"", ""/content/drive/MyDrive/olx_mobile_dataset/images/mobile_bdd0843170/25.jpg"", ""/content/drive/MyDrive/olx_mobile_dataset/images/mobile_bdd0843170/26.jpg""]",26,2026-01-13 06:34:03.344978
mobile_b70a693767,https://www.olx.in/item/mobile-phones-c1453-used-oppo-in-nagla-jogian-village-faridabad-iid-1831917738,OPPO Reno10 Pro+ 5g good Condition,"OPPO Reno 10 Pro+ 5 g bill box charger - Mobile Phones in Nagla Jogian Village, Faridabad",42000,"[""/content/drive/MyDrive/olx_mobile_dataset/images/mobile_b70a693767/1.jpg"", ""/content/drive/MyDrive/olx_mobile_dataset/images/mobile_b70a693767/2.jpg"", ""/content/drive/MyDrive/olx_mobile_dataset/images/mobile_b70a693767/3.jpg"", ""/content/drive/MyDrive/olx_mobile_dataset/images/mobile_b70a693767/4.jpg"", ""/content/drive/MyDrive/olx_mobile_dataset/images/mobile_b70a693767/5.jpg"", ""/content/drive/MyDrive/olx_mobile_dataset/images/mobile_b70a693767/6.jpg"", ""/content/drive/MyDrive/olx_mobile_dataset/images/mobile_b70a693767/7.jpg"", ""/content/drive/MyDrive/olx_mobile_dataset/images/mobile_b70a693767/8.jpg"", ""/content/drive/MyDrive/olx_mobile_dataset/images/mobile_b70a693767/9.jpg"", ""/content/drive/MyDrive/olx_mobile_dataset/images/mobile_b70a693767/10.jpg"", ""/content/drive/MyDrive/olx_mobile_dataset/images/mobile_b70a693767/11.jpg"", ""/content/drive/MyDrive/olx_mobile_dataset/images/mobile_b70a693767/12.jpg"", ""/content/drive/MyDrive/olx_mobile_dataset/images/mobile_b70a693767/13.jpg"", ""/content/drive/MyDrive/olx_mobile_dataset/images/mobile_b70a693767/14.jpg"", ""/content/drive/MyDrive/olx_mobile_dataset/images/mobile_b70a693767/15.jpg"", ""/content/drive/MyDrive/olx_mobile_dataset/images/mobile_b70a693767/16.jpg"", ""/content/drive/MyDrive/olx_mobile_dataset/images/mobile_b70a693767/17.jpg"", ""/content/drive/MyDrive/olx_mobile_dataset/images/mobile_b70a693767/18.jpg"", ""/content/drive/MyDrive/olx_mobile_dataset/images/mobile_b70a693767/19.jpg"", ""/content/drive/MyDrive/olx_mobile_dataset/images/mobile_b70a693767/20.jpg"", ""/content/drive/MyDrive/olx_mobile_dataset/images/mobile_b70a693767/21.jpg"", ""/content/drive/MyDrive/olx_mobile_dataset/images/mobile_b70a693767/22.jpg"", ""/content/drive/MyDrive/olx_mobile_dataset/images/mobile_b70a693767/23.jpg"", ""/content/drive/MyDrive/olx_mobile_dataset/images/mobile_b70a693767/24.jpg"", ""/content/drive/MyDrive/olx_mobile_dataset/images/mobile_b70a693767/25.jpg"", ""/content/drive/MyDrive/olx_mobile_dataset/images/mobile_b70a693767/26.jpg""]",26,2026-01-13 06:34:19.203214
mobile_6128378cbe,https://www.olx.in/item/mobile-phones-c1453-used-iphone-in-sindhu-nagar-anand-iid-1831307174,Apple iphone 15pro max 512 gb,"Apple iPhone 15pro max 512 gb for sale in a very great condition. White color, no scratches, available with free hard cover . - Mobile Phones in Sindhu Nagar, Anand",95000,"[""/content/drive/MyDrive/olx_mobile_dataset/images/mobile_6128378cbe/1.jpg"", ""/content/drive/MyDrive/olx_mobile_dataset/images/mobile_6128378cbe/2.jpg"", ""/content/drive/MyDrive/olx_mobile_dataset/images/mobile_6128378cbe/3.jpg"", ""/content/drive/MyDrive/olx_mobile_dataset/images/mobile_6128378cbe/4.jpg"", ""/content/drive/MyDrive/olx_mobile_dataset/images/mobile_6128378cbe/5.jpg"", ""/content/drive/MyDrive/olx_mobile_dataset/images/mobile_6128378cbe/6.jpg"", ""/content/drive/MyDrive/olx_mobile_dataset/images/mobile_6128378cbe/7.jpg"", ""/content/drive/MyDrive/olx_mobile_dataset/images/mobile_6128378cbe/8.jpg"", ""/content/drive/MyDrive/olx_mobile_dataset/images/mobile_6128378cbe/9.jpg"", ""/content/drive/MyDrive/olx_mobile_dataset/images/mobile_6128378cbe/10.jpg"", ""/content/drive/MyDrive/olx_mobile_dataset/images/mobile_6128378cbe/11.jpg"", ""/content/drive/MyDrive/olx_mobile_dataset/images/mobile_6128378cbe/12.jpg"", ""/content/drive/MyDrive/olx_mobile_dataset/images/mobile_6128378cbe/13.jpg"", ""/content/drive/MyDrive/olx_mobile_dataset/images/mobile_6128378cbe/14.jpg"", ""/content/drive/MyDrive/olx_mobile_dataset/images/mobile_6128378cbe/15.jpg"", ""/content/drive/MyDrive/olx_mobile_dataset/images/mobile_6128378cbe/16.jpg"", ""/content/drive/MyDrive/olx_mobile_dataset/images/mobile_6128378cbe/17.jpg"", ""/content/drive/MyDrive/olx_mobile_dataset/images/mobile_6128378cbe/18.jpg"", ""/content/drive/MyDrive/olx_mobile_dataset/images/mobile_6128378cbe/19.jpg"", ""/content/drive/MyDrive/olx_mobile_dataset/images/mobile_6128378cbe/20.jpg"", ""/content/drive/MyDrive/olx_mobile_dataset/images/mobile_6128378cbe/21.jpg"", ""/content/drive/MyDrive/olx_mobile_dataset/images/mobile_6128378cbe/22.jpg"", ""/content/drive/MyDrive/olx_mobile_dataset/images/mobile_6128378cbe/23.jpg"", ""/content/drive/MyDrive/olx_mobile_dataset/images/mobile_6128378cbe/24.jpg"", ""/content/drive/MyDrive/olx_mobile_dataset/images/mobile_6128378cbe/25.jpg"", ""/content/drive/MyDrive/olx_mobile_dataset/images/mobile_6128378cbe/26.jpg""]",26,2026-01-13 06:34:29.721618
mobile_d780bfc687,https://www.olx.in/item/mobile-phones-c1453-used-motorola-in-nakhas-ghazipur-iid-1831946309,Moto g64 5g hai koi problem nhi hai display original hai,"Urgent sell - Mobile Phones in Nakhas, Ghazipur",5800,"[""/content/drive/MyDrive/olx_mobile_dataset/images/mobile_d780bfc687/1.jpg"", ""/content/drive/MyDrive/olx_mobile_dataset/images/mobile_d780bfc687/2.jpg"", ""/content/drive/MyDrive/olx_mobile_dataset/images/mobile_d780bfc687/3.jpg"", ""/content/drive/MyDrive/olx_mobile_dataset/images/mobile_d780bfc687/4.jpg"", ""/content/drive/MyDrive/olx_mobile_dataset/images/mobile_d780bfc687/5.jpg"", ""/content/drive/MyDrive/olx_mobile_dataset/images/mobile_d780bfc687/6.jpg"", ""/content/drive/MyDrive/olx_mobile_dataset/images/mobile_d780bfc687/7.jpg"", ""/content/drive/MyDrive/olx_mobile_dataset/images/mobile_d780bfc687/8.jpg"", ""/content/drive/MyDrive/olx_mobile_dataset/images/mobile_d780bfc687/9.jpg"", ""/content/drive/MyDrive/olx_mobile_dataset/images/mobile_d780bfc687/10.jpg"", ""/content/drive/MyDrive/olx_mobile_dataset/images/mobile_d780bfc687/11.jpg"", ""/content/drive/MyDrive/olx_mobile_dataset/images/mobile_d780bfc687/12.jpg"", ""/content/drive/MyDrive/olx_mobile_dataset/images/mobile_d780bfc687/13.jpg"", ""/content/drive/MyDrive/olx_mobile_dataset/images/mobile_d780bfc687/14.jpg"", ""/content/drive/MyDrive/olx_mobile_dataset/images/mobile_d780bfc687/15.jpg"", ""/content/drive/MyDrive/olx_mobile_dataset/images/mobile_d780bfc687/16.jpg"", ""/content/drive/MyDrive/olx_mobile_dataset/images/mobile_d780bfc687/17.jpg"", ""/content/drive/MyDrive/olx_mobile_dataset/images/mobile_d780bfc687/18.jpg"", ""/content/drive/MyDrive/olx_mobile_dataset/images/mobile_d780bfc687/19.jpg"", ""/content/drive/MyDrive/olx_mobile_dataset/images/mobile_d780bfc687/20.jpg"", ""/content/drive/MyDrive/olx_mobile_dataset/images/mobile_d780bfc687/21.jpg"", ""/content/drive/MyDrive/olx_mobile_dataset/images/mobile_d780bfc687/22.jpg"", ""/content/drive/MyDrive/olx_mobile_dataset/images/mobile_d780bfc687/23.jpg"", ""/content/drive/MyDrive/olx_mobile_dataset/images/mobile_d780bfc687/24.jpg"", ""/content/drive/MyDrive/olx_mobile_dataset/images/mobile_d780bfc687/25.jpg"", ""/content/drive/MyDrive/olx_mobile_dataset/images/mobile_d780bfc687/26.jpg""]",26,2026-01-13 06:34:41.025463
mobile_d7d31a4c82,https://www.olx.in/item/mobile-phones-c1453-used-oppo-in-hadapsar-pune-iid-1831946312,Oppo F21 pro 8+8 gb ram 128 gb rom,"Oppo f21 pro in mint condition not a single scratch - Mobile Phones in Hadapsar, Pune",8000,"[""/content/drive/MyDrive/olx_mobile_dataset/images/mobile_d7d31a4c82/1.jpg"", ""/content/drive/MyDrive/olx_mobile_dataset/images/mobile_d7d31a4c82/2.jpg"", ""/content/drive/MyDrive/olx_mobile_dataset/images/mobile_d7d31a4c82/3.jpg"", ""/content/drive/MyDrive/olx_mobile_dataset/images/mobile_d7d31a4c82/4.jpg"", ""/content/drive/MyDrive/olx_mobile_dataset/images/mobile_d7d31a4c82/5.jpg"", ""/content/drive/MyDrive/olx_mobile_dataset/images/mobile_d7d31a4c82/6.jpg"", ""/content/drive/MyDrive/olx_mobile_dataset/images/mobile_d7d31a4c82/7.jpg"", ""/content/drive/MyDrive/olx_mobile_dataset/images/mobile_d7d31a4c82/8.jpg"", ""/content/drive/MyDrive/olx_mobile_dataset/images/mobile_d7d31a4c82/9.jpg"", ""/content/drive/MyDrive/olx_mobile_dataset/images/mobile_d7d31a4c82/10.jpg"", ""/content/drive/MyDrive/olx_mobile_dataset/images/mobile_d7d31a4c82/11.jpg"", ""/content/drive/MyDrive/olx_mobile_dataset/images/mobile_d7d31a4c82/12.jpg"", ""/content/drive/MyDrive/olx_mobile_dataset/images/mobile_d7d31a4c82/13.jpg"", ""/content/drive/MyDrive/olx_mobile_dataset/images/mobile_d7d31a4c82/14.jpg"", ""/content/drive/MyDrive/olx_mobile_dataset/images/mobile_d7d31a4c82/15.jpg"", ""/content/drive/MyDrive/olx_mobile_dataset/images/mobile_d7d31a4c82/16.jpg"", ""/content/drive/MyDrive/olx_mobile_dataset/images/mobile_d7d31a4c82/17.jpg"", ""/content/drive/MyDrive/olx_mobile_dataset/images/mobile_d7d31a4c82/18.jpg"", ""/content/drive/MyDrive/olx_mobile_dataset/images/mobile_d7d31a4c82/19.jpg"", ""/content/drive/MyDrive/olx_mobile_dataset/images/mobile_d7d31a4c82/20.jpg"", ""/content/drive/MyDrive/olx_mobile_dataset/images/mobile_d7d31a4c82/21.jpg"", ""/content/drive/MyDrive/olx_mobile_dataset/images/mobile_d7d31a4c82/22.jpg"", ""/content/drive/MyDrive/olx_mobile_dataset/images/mobile_d7d31a4c82/23.jpg"", ""/content/drive/MyDrive/olx_mobile_dataset/images/mobile_d7d31a4c82/24.jpg"", ""/content/drive/MyDrive/olx_mobile_dataset/images/mobile_d7d31a4c82/25.jpg"", ""/content/drive/MyDrive/olx_mobile_dataset/images/mobile_d7d31a4c82/26.jpg""]",26,2026-01-13 06:34:52.953643
mobile_107dc7f6b4,https://www.olx.in/item/mobile-phones-c1453-used-realme-in-amani-gunj-faizabad-iid-1831946184,Realme 8i 4500,"New phone leiya hai 6 128 gb phone cundision 90 % - Mobile Phones in Amani Gunj, Faizabad",4500,"[""/content/drive/MyDrive/olx_mobile_dataset/images/mobile_107dc7f6b4/1.jpg"", ""/content/drive/MyDrive/olx_mobile_dataset/images/mobile_107dc7f6b4/2.jpg"", ""/content/drive/MyDrive/olx_mobile_dataset/images/mobile_107dc7f6b4/3.jpg"", ""/content/drive/MyDrive/olx_mobile_dataset/images/mobile_107dc7f6b4/4.jpg"", ""/content/drive/MyDrive/olx_mobile_dataset/images/mobile_107dc7f6b4/5.jpg"", ""/content/drive/MyDrive/olx_mobile_dataset/images/mobile_107dc7f6b4/6.jpg"", ""/content/drive/MyDrive/olx_mobile_dataset/images/mobile_107dc7f6b4/7.jpg"", ""/content/drive/MyDrive/olx_mobile_dataset/images/mobile_107dc7f6b4/8.jpg"", ""/content/drive/MyDrive/olx_mobile_dataset/images/mobile_107dc7f6b4/9.jpg"", ""/content/drive/MyDrive/olx_mobile_dataset/images/mobile_107dc7f6b4/10.jpg"", ""/content/drive/MyDrive/olx_mobile_dataset/images/mobile_107dc7f6b4/11.jpg"", ""/content/drive/MyDrive/olx_mobile_dataset/images/mobile_107dc7f6b4/12.jpg"", ""/content/drive/MyDrive/olx_mobile_dataset/images/mobile_107dc7f6b4/13.jpg"", ""/content/drive/MyDrive/olx_mobile_dataset/images/mobile_107dc7f6b4/14.jpg"", ""/content/drive/MyDrive/olx_mobile_dataset/images/mobile_107dc7f6b4/15.jpg"", ""/content/drive/MyDrive/olx_mobile_dataset/images/mobile_107dc7f6b4/16.jpg"", ""/content/drive/MyDrive/olx_mobile_dataset/images/mobile_107dc7f6b4/17.jpg"", ""/content/drive/MyDrive/olx_mobile_dataset/images/mobile_107dc7f6b4/18.jpg"", ""/content/drive/MyDrive/olx_mobile_dataset/images/mobile_107dc7f6b4/19.jpg"", ""/content/drive/MyDrive/olx_mobile_dataset/images/mobile_107dc7f6b4/20.jpg"", ""/content/drive/MyDrive/olx_mobile_dataset/images/mobile_107dc7f6b4/21.jpg"", ""/content/drive/MyDrive/olx_mobile_dataset/images/mobile_107dc7f6b4/22.jpg"", ""/content/drive/MyDrive/olx_mobile_dataset/images/mobile_107dc7f6b4/23.jpg"", ""/content/drive/MyDrive/olx_mobile_dataset/images/mobile_107dc7f6b4/24.jpg"", ""/content/drive/MyDrive/olx_mobile_dataset/images/mobile_107dc7f6b4/25.jpg"", ""/content/drive/MyDrive/olx_mobile_dataset/images/mobile_107dc7f6b4/26.jpg""]",26,2026-01-13 06:35:03.311230
mobile_95f01dd66d,https://www.olx.in/item/mobile-phones-c1453-used-vivo-in-kazhakoottam-thiruvananthapuram-iid-1831946238,Vivo X200 fe 16/512GB Just Open ( Non used ) 1year warranty remaining,"Vivo X200 fe 16/512gb Full box Brand new condition :- 10 days shop checking warranty :- Exchnge offer available :- Emi Facility available :- Emi & Loan edukkan agrahikkunnavar :- Shopil varuka check cheyuka :- Shopileakk varumpool kayil :- Adhar :- pan card :-Atm card enniva kayi karuthuka :- Debit and credit acceptable :- Home delivery :- All India courier service :-More details and enquiries :-7️⃣8️⃣7️⃣7️⃣2️⃣7️⃣7️⃣7️⃣1️⃣7️⃣ :-Shop located @ Thakaraparambu , Trivandrum Opposite Thakaraparambu vayalil hotel - Mobile Phones in Kazhakoottam, Thiruvananthapuram",47900,"[""/content/drive/MyDrive/olx_mobile_dataset/images/mobile_95f01dd66d/1.jpg"", ""/content/drive/MyDrive/olx_mobile_dataset/images/mobile_95f01dd66d/2.jpg"", ""/content/drive/MyDrive/olx_mobile_dataset/images/mobile_95f01dd66d/3.jpg"", ""/content/drive/MyDrive/olx_mobile_dataset/images/mobile_95f01dd66d/4.jpg"", ""/content/drive/MyDrive/olx_mobile_dataset/images/mobile_95f01dd66d/5.jpg"", ""/content/drive/MyDrive/olx_mobile_dataset/images/mobile_95f01dd66d/6.jpg"", ""/content/drive/MyDrive/olx_mobile_dataset/images/mobile_95f01dd66d/7.jpg"", ""/content/drive/MyDrive/olx_mobile_dataset/images/mobile_95f01dd66d/8.jpg"", ""/content/drive/MyDrive/olx_mobile_dataset/images/mobile_95f01dd66d/9.jpg"", ""/content/drive/MyDrive/olx_mobile_dataset/images/mobile_95f01dd66d/10.jpg"", ""/content/drive/MyDrive/olx_mobile_dataset/images/mobile_95f01dd66d/11.jpg"", ""/content/drive/MyDrive/olx_mobile_dataset/images/mobile_95f01dd66d/12.jpg"", ""/content/drive/MyDrive/olx_mobile_dataset/images/mobile_95f01dd66d/13.jpg"", ""/content/drive/MyDrive/olx_mobile_dataset/images/mobile_95f01dd66d/14.jpg"", ""/content/drive/MyDrive/olx_mobile_dataset/images/mobile_95f01dd66d/15.jpg"", ""/content/drive/MyDrive/olx_mobile_dataset/images/mobile_95f01dd66d/16.jpg"", ""/content/drive/MyDrive/olx_mobile_dataset/images/mobile_95f01dd66d/17.jpg"", ""/content/drive/MyDrive/olx_mobile_dataset/images/mobile_95f01dd66d/18.jpg"", ""/content/drive/MyDrive/olx_mobile_dataset/images/mobile_95f01dd66d/19.jpg"", ""/content/drive/MyDrive/olx_mobile_dataset/images/mobile_95f01dd66d/20.jpg"", ""/content/drive/MyDrive/olx_mobile_dataset/images/mobile_95f01dd66d/21.jpg"", ""/content/drive/MyDrive/olx_mobile_dataset/images/mobile_95f01dd66d/22.jpg"", ""/content/drive/MyDrive/olx_mobile_dataset/images/mobile_95f01dd66d/23.jpg"", ""/content/drive/MyDrive/olx_mobile_dataset/images/mobile_95f01dd66d/24.jpg"", ""/content/drive/MyDrive/olx_mobile_dataset/images/mobile_95f01dd66d/25.jpg"", ""/content/drive/MyDrive/olx_mobile_dataset/images/mobile_95f01dd66d/26.jpg""]",26,2026-01-13 06:35:15.315777
mobile_94abc791ae,https://www.olx.in/item/mobile-phones-c1453-used-mi-in-kumharpura-near-bhainsakhedi-bhopal-iid-1831945823,Poco M7 5G 6/128,"2 Month Old - Mobile Phones in Kumharpura Near Bhainsakhedi, Bhopal",8500,"[""/content/drive/MyDrive/olx_mobile_dataset/images/mobile_94abc791ae/1.jpg"", ""/content/drive/MyDrive/olx_mobile_dataset/images/mobile_94abc791ae/2.jpg"", ""/content/drive/MyDrive/olx_mobile_dataset/images/mobile_94abc791ae/3.jpg"", ""/content/drive/MyDrive/olx_mobile_dataset/images/mobile_94abc791ae/4.jpg"", ""/content/drive/MyDrive/olx_mobile_dataset/images/mobile_94abc791ae/5.jpg"", ""/content/drive/MyDrive/olx_mobile_dataset/images/mobile_94abc791ae/6.jpg"", ""/content/drive/MyDrive/olx_mobile_dataset/images/mobile_94abc791ae/7.jpg"", ""/content/drive/MyDrive/olx_mobile_dataset/images/mobile_94abc791ae/8.jpg"", ""/content/drive/MyDrive/olx_mobile_dataset/images/mobile_94abc791ae/9.jpg"", ""/content/drive/MyDrive/olx_mobile_dataset/images/mobile_94abc791ae/10.jpg"", ""/content/drive/MyDrive/olx_mobile_dataset/images/mobile_94abc791ae/11.jpg"", ""/content/drive/MyDrive/olx_mobile_dataset/images/mobile_94abc791ae/12.jpg"", ""/content/drive/MyDrive/olx_mobile_dataset/images/mobile_94abc791ae/13.jpg"", ""/content/drive/MyDrive/olx_mobile_dataset/images/mobile_94abc791ae/14.jpg"", ""/content/drive/MyDrive/olx_mobile_dataset/images/mobile_94abc791ae/15.jpg"", ""/content/drive/MyDrive/olx_mobile_dataset/images/mobile_94abc791ae/16.jpg"", ""/content/drive/MyDrive/olx_mobile_dataset/images/mobile_94abc791ae/17.jpg"", ""/content/drive/MyDrive/olx_mobile_dataset/images/mobile_94abc791ae/18.jpg"", ""/content/drive/MyDrive/olx_mobile_dataset/images/mobile_94abc791ae/19.jpg"", ""/content/drive/MyDrive/olx_mobile_dataset/images/mobile_94abc791ae/20.jpg"", ""/content/drive/MyDrive/olx_mobile_dataset/images/mobile_94abc791ae/21.jpg"", ""/content/drive/MyDrive/olx_mobile_dataset/images/mobile_94abc791ae/22.jpg"", ""/content/drive/MyDrive/olx_mobile_dataset/images/mobile_94abc791ae/23.jpg"", ""/content/drive/MyDrive/olx_mobile_dataset/images/mobile_94abc791ae/24.jpg"", ""/content/drive/MyDrive/olx_mobile_dataset/images/mobile_94abc791ae/25.jpg"", ""/content/drive/MyDrive/olx_mobile_dataset/images/mobile_94abc791ae/26.jpg""]",26,2026-01-13 06:35:37.720007
mobile_f539bd18a5,https://www.olx.in/item/mobile-phones-c1453-used-iphone-in-karelibaugh-vadodara-iid-1830206617,IPHONE 13 MINI,"CONDITIONS 100% BATTRY 100% ALL WORKING ALL GENUINE PHONE NOTE : AFTER 26 UPDATES 3 LINE ON DISPLAY - Mobile Phones in Karelibaugh, Vadodara",19000,"[""/content/drive/MyDrive/olx_mobile_dataset/images/mobile_f539bd18a5/1.jpg"", ""/content/drive/MyDrive/olx_mobile_dataset/images/mobile_f539bd18a5/2.jpg"", ""/content/drive/MyDrive/olx_mobile_dataset/images/mobile_f539bd18a5/3.jpg"", ""/content/drive/MyDrive/olx_mobile_dataset/images/mobile_f539bd18a5/4.jpg"", ""/content/drive/MyDrive/olx_mobile_dataset/images/mobile_f539bd18a5/5.jpg"", ""/content/drive/MyDrive/olx_mobile_dataset/images/mobile_f539bd18a5/6.jpg"", ""/content/drive/MyDrive/olx_mobile_dataset/images/mobile_f539bd18a5/7.jpg"", ""/content/drive/MyDrive/olx_mobile_dataset/images/mobile_f539bd18a5/8.jpg"", ""/content/drive/MyDrive/olx_mobile_dataset/images/mobile_f539bd18a5/9.jpg"", ""/content/drive/MyDrive/olx_mobile_dataset/images/mobile_f539bd18a5/10.jpg"", ""/content/drive/MyDrive/olx_mobile_dataset/images/mobile_f539bd18a5/11.jpg"", ""/content/drive/MyDrive/olx_mobile_dataset/images/mobile_f539bd18a5/12.jpg"", ""/content/drive/MyDrive/olx_mobile_dataset/images/mobile_f539bd18a5/13.jpg"", ""/content/drive/MyDrive/olx_mobile_dataset/images/mobile_f539bd18a5/14.jpg"", ""/content/drive/MyDrive/olx_mobile_dataset/images/mobile_f539bd18a5/15.jpg"", ""/content/drive/MyDrive/olx_mobile_dataset/images/mobile_f539bd18a5/16.jpg"", ""/content/drive/MyDrive/olx_mobile_dataset/images/mobile_f539bd18a5/17.jpg"", ""/content/drive/MyDrive/olx_mobile_dataset/images/mobile_f539bd18a5/18.jpg"", ""/content/drive/MyDrive/olx_mobile_dataset/images/mobile_f539bd18a5/19.jpg"", ""/content/drive/MyDrive/olx_mobile_dataset/images/mobile_f539bd18a5/20.jpg"", ""/content/drive/MyDrive/olx_mobile_dataset/images/mobile_f539bd18a5/21.jpg"", ""/content/drive/MyDrive/olx_mobile_dataset/images/mobile_f539bd18a5/22.jpg"", ""/content/drive/MyDrive/olx_mobile_dataset/images/mobile_f539bd18a5/23.jpg"", ""/content/drive/MyDrive/olx_mobile_dataset/images/mobile_f539bd18a5/24.jpg"", ""/content/drive/MyDrive/olx_mobile_dataset/images/mobile_f539bd18a5/25.jpg"", ""/content/drive/MyDrive/olx_mobile_dataset/images/mobile_f539bd18a5/26.jpg""]",26,2026-01-13 06:35:48.120266
mobile_ad7df5eec2,https://www.olx.in/item/mobile-phones-c1453-used-iphone-in-purasawalkam-chennai-iid-1831946370,17Pro Max 256Gb,"eSIM + Esim Orange Silver Blue Sealed pack and apple warranty with bill available - Mobile Phones in Purasawalkam, Chennai",128500,"[""/content/drive/MyDrive/olx_mobile_dataset/images/mobile_ad7df5eec2/1.jpg"", ""/content/drive/MyDrive/olx_mobile_dataset/images/mobile_ad7df5eec2/2.jpg"", ""/content/drive/MyDrive/olx_mobile_dataset/images/mobile_ad7df5eec2/3.jpg"", ""/content/drive/MyDrive/olx_mobile_dataset/images/mobile_ad7df5eec2/4.jpg"", ""/content/drive/MyDrive/olx_mobile_dataset/images/mobile_ad7df5eec2/5.jpg"", ""/content/drive/MyDrive/olx_mobile_dataset/images/mobile_ad7df5eec2/6.jpg"", ""/content/drive/MyDrive/olx_mobile_dataset/images/mobile_ad7df5eec2/7.jpg"", ""/content/drive/MyDrive/olx_mobile_dataset/images/mobile_ad7df5eec2/8.jpg"", ""/content/drive/MyDrive/olx_mobile_dataset/images/mobile_ad7df5eec2/9.jpg"", ""/content/drive/MyDrive/olx_mobile_dataset/images/mobile_ad7df5eec2/10.jpg"", ""/content/drive/MyDrive/olx_mobile_dataset/images/mobile_ad7df5eec2/11.jpg"", ""/content/drive/MyDrive/olx_mobile_dataset/images/mobile_ad7df5eec2/12.jpg"", ""/content/drive/MyDrive/olx_mobile_dataset/images/mobile_ad7df5eec2/13.jpg"", ""/content/drive/MyDrive/olx_mobile_dataset/images/mobile_ad7df5eec2/14.jpg"", ""/content/drive/MyDrive/olx_mobile_dataset/images/mobile_ad7df5eec2/15.jpg"", ""/content/drive/MyDrive/olx_mobile_dataset/images/mobile_ad7df5eec2/16.jpg"", ""/content/drive/MyDrive/olx_mobile_dataset/images/mobile_ad7df5eec2/17.jpg"", ""/content/drive/MyDrive/olx_mobile_dataset/images/mobile_ad7df5eec2/18.jpg"", ""/content/drive/MyDrive/olx_mobile_dataset/images/mobile_ad7df5eec2/19.jpg"", ""/content/drive/MyDrive/olx_mobile_dataset/images/mobile_ad7df5eec2/20.jpg"", ""/content/drive/MyDrive/olx_mobile_dataset/images/mobile_ad7df5eec2/21.jpg"", ""/content/drive/MyDrive/olx_mobile_dataset/images/mobile_ad7df5eec2/22.jpg"", ""/content/drive/MyDrive/olx_mobile_dataset/images/mobile_ad7df5eec2/23.jpg"", ""/content/drive/MyDrive/olx_mobile_dataset/images/mobile_ad7df5eec2/24.jpg"", ""/content/drive/MyDrive/olx_mobile_dataset/images/mobile_ad7df5eec2/25.jpg"", ""/content/drive/MyDrive/olx_mobile_dataset/images/mobile_ad7df5eec2/26.jpg"", ""/content/drive/MyDrive/olx_mobile_dataset/images/mobile_ad7df5eec2/27.jpg"", ""/content/drive/MyDrive/olx_mobile_dataset/images/mobile_ad7df5eec2/28.jpg""]",28,2026-01-13 06:36:00.375715
mobile_3e5021c7ec,https://www.olx.in/item/mobile-phones-c1453-used-vivo-in-elakkaiampatti-dharmapuri-iid-1831946318,Vivo y400pro 5g 8+256 one month old,"Vivo y400pro 5g 8+256 one month old exchange - Mobile Phones in Elakkaiampatti, Dharmapuri",24500,"[""/content/drive/MyDrive/olx_mobile_dataset/images/mobile_3e5021c7ec/1.jpg"", ""/content/drive/MyDrive/olx_mobile_dataset/images/mobile_3e5021c7ec/2.jpg"", ""/content/drive/MyDrive/olx_mobile_dataset/images/mobile_3e5021c7ec/3.jpg"", ""/content/drive/MyDrive/olx_mobile_dataset/images/mobile_3e5021c7ec/4.jpg"", ""/content/drive/MyDrive/olx_mobile_dataset/images/mobile_3e5021c7ec/5.jpg"", ""/content/drive/MyDrive/olx_mobile_dataset/images/mobile_3e5021c7ec/6.jpg"", ""/content/drive/MyDrive/olx_mobile_dataset/images/mobile_3e5021c7ec/7.jpg"", ""/content/drive/MyDrive/olx_mobile_dataset/images/mobile_3e5021c7ec/8.jpg"", ""/content/drive/MyDrive/olx_mobile_dataset/images/mobile_3e5021c7ec/9.jpg"", ""/content/drive/MyDrive/olx_mobile_dataset/images/mobile_3e5021c7ec/10.jpg"", ""/content/drive/MyDrive/olx_mobile_dataset/images/mobile_3e5021c7ec/11.jpg"", ""/content/drive/MyDrive/olx_mobile_dataset/images/mobile_3e5021c7ec/12.jpg"", ""/content/drive/MyDrive/olx_mobile_dataset/images/mobile_3e5021c7ec/13.jpg"", ""/content/drive/MyDrive/olx_mobile_dataset/images/mobile_3e5021c7ec/14.jpg"", ""/content/drive/MyDrive/olx_mobile_dataset/images/mobile_3e5021c7ec/15.jpg"", ""/content/drive/MyDrive/olx_mobile_dataset/images/mobile_3e5021c7ec/16.jpg"", ""/content/drive/MyDrive/olx_mobile_dataset/images/mobile_3e5021c7ec/17.jpg"", ""/content/drive/MyDrive/olx_mobile_dataset/images/mobile_3e5021c7ec/18.jpg"", ""/content/drive/MyDrive/olx_mobile_dataset/images/mobile_3e5021c7ec/19.jpg"", ""/content/drive/MyDrive/olx_mobile_dataset/images/mobile_3e5021c7ec/20.jpg"", ""/content/drive/MyDrive/olx_mobile_dataset/images/mobile_3e5021c7ec/21.jpg"", ""/content/drive/MyDrive/olx_mobile_dataset/images/mobile_3e5021c7ec/22.jpg"", ""/content/drive/MyDrive/olx_mobile_dataset/images/mobile_3e5021c7ec/23.jpg"", ""/content/drive/MyDrive/olx_mobile_dataset/images/mobile_3e5021c7ec/24.jpg"", ""/content/drive/MyDrive/olx_mobile_dataset/images/mobile_3e5021c7ec/25.jpg"", ""/content/drive/MyDrive/olx_mobile_dataset/images/mobile_3e5021c7ec/26.jpg""]",26,2026-01-13 06:36:18.015108
mobile_ac33218140,https://www.olx.in/item/mobile-phones-c1453-used-oppo-in-kanchrapara-kolkata-iid-1831946232,RENO 14 SERIES 8/256GB,"Just 5 months old phone urgent sale need some cash.All accessories are available - Mobile Phones in Kanchrapara, Kolkata",30999,"[""/content/drive/MyDrive/olx_mobile_dataset/images/mobile_ac33218140/1.jpg"", ""/content/drive/MyDrive/olx_mobile_dataset/images/mobile_ac33218140/2.jpg"", ""/content/drive/MyDrive/olx_mobile_dataset/images/mobile_ac33218140/3.jpg"", ""/content/drive/MyDrive/olx_mobile_dataset/images/mobile_ac33218140/4.jpg"", ""/content/drive/MyDrive/olx_mobile_dataset/images/mobile_ac33218140/5.jpg"", ""/content/drive/MyDrive/olx_mobile_dataset/images/mobile_ac33218140/6.jpg"", ""/content/drive/MyDrive/olx_mobile_dataset/images/mobile_ac33218140/7.jpg"", ""/content/drive/MyDrive/olx_mobile_dataset/images/mobile_ac33218140/8.jpg"", ""/content/drive/MyDrive/olx_mobile_dataset/images/mobile_ac33218140/9.jpg"", ""/content/drive/MyDrive/olx_mobile_dataset/images/mobile_ac33218140/10.jpg"", ""/content/drive/MyDrive/olx_mobile_dataset/images/mobile_ac33218140/11.jpg"", ""/content/drive/MyDrive/olx_mobile_dataset/images/mobile_ac33218140/12.jpg"", ""/content/drive/MyDrive/olx_mobile_dataset/images/mobile_ac33218140/13.jpg"", ""/content/drive/MyDrive/olx_mobile_dataset/images/mobile_ac33218140/14.jpg"", ""/content/drive/MyDrive/olx_mobile_dataset/images/mobile_ac33218140/15.jpg"", ""/content/drive/MyDrive/olx_mobile_dataset/images/mobile_ac33218140/16.jpg"", ""/content/drive/MyDrive/olx_mobile_dataset/images/mobile_ac33218140/17.jpg"", ""/content/drive/MyDrive/olx_mobile_dataset/images/mobile_ac33218140/18.jpg"", ""/content/drive/MyDrive/olx_mobile_dataset/images/mobile_ac33218140/19.jpg"", ""/content/drive/MyDrive/olx_mobile_dataset/images/mobile_ac33218140/20.jpg"", ""/content/drive/MyDrive/olx_mobile_dataset/images/mobile_ac33218140/21.jpg"", ""/content/drive/MyDrive/olx_mobile_dataset/images/mobile_ac33218140/22.jpg"", ""/content/drive/MyDrive/olx_mobile_dataset/images/mobile_ac33218140/23.jpg"", ""/content/drive/MyDrive/olx_mobile_dataset/images/mobile_ac33218140/24.jpg"", ""/content/drive/MyDrive/olx_mobile_dataset/images/mobile_ac33218140/25.jpg"", ""/content/drive/MyDrive/olx_mobile_dataset/images/mobile_ac33218140/26.jpg""]",26,2026-01-13 06:36:33.063933
mobile_4206b0823e,https://www.olx.in/item/mobile-phones-c1453-used-iphone-in-samta-nagar-colony-bikaner-iid-1829066988,I phone 15pro Marxh 2024 purchase,"2024 March purchase in perfect condition with bill and box Desert silver colour Indian phone Battery health 88% 256 GB storage - Mobile Phones in Samta Nagar Colony, Bikaner",81000,"[""/content/drive/MyDrive/olx_mobile_dataset/images/mobile_4206b0823e/1.jpg"", ""/content/drive/MyDrive/olx_mobile_dataset/images/mobile_4206b0823e/2.jpg"", ""/content/drive/MyDrive/olx_mobile_dataset/images/mobile_4206b0823e/3.jpg"", ""/content/drive/MyDrive/olx_mobile_dataset/images/mobile_4206b0823e/4.jpg"", ""/content/drive/MyDrive/olx_mobile_dataset/images/mobile_4206b0823e/5.jpg"", ""/content/drive/MyDrive/olx_mobile_dataset/images/mobile_4206b0823e/6.jpg"", ""/content/drive/MyDrive/olx_mobile_dataset/images/mobile_4206b0823e/7.jpg"", ""/content/drive/MyDrive/olx_mobile_dataset/images/mobile_4206b0823e/8.jpg"", ""/content/drive/MyDrive/olx_mobile_dataset/images/mobile_4206b0823e/9.jpg"", ""/content/drive/MyDrive/olx_mobile_dataset/images/mobile_4206b0823e/10.jpg"", ""/content/drive/MyDrive/olx_mobile_dataset/images/mobile_4206b0823e/11.jpg"", ""/content/drive/MyDrive/olx_mobile_dataset/images/mobile_4206b0823e/12.jpg"", ""/content/drive/MyDrive/olx_mobile_dataset/images/mobile_4206b0823e/13.jpg"", ""/content/drive/MyDrive/olx_mobile_dataset/images/mobile_4206b0823e/14.jpg"", ""/content/drive/MyDrive/olx_mobile_dataset/images/mobile_4206b0823e/15.jpg"", ""/content/drive/MyDrive/olx_mobile_dataset/images/mobile_4206b0823e/16.jpg"", ""/content/drive/MyDrive/olx_mobile_dataset/images/mobile_4206b0823e/17.jpg"", ""/content/drive/MyDrive/olx_mobile_dataset/images/mobile_4206b0823e/18.jpg"", ""/content/drive/MyDrive/olx_mobile_dataset/images/mobile_4206b0823e/19.jpg"", ""/content/drive/MyDrive/olx_mobile_dataset/images/mobile_4206b0823e/20.jpg"", ""/content/drive/MyDrive/olx_mobile_dataset/images/mobile_4206b0823e/21.jpg"", ""/content/drive/MyDrive/olx_mobile_dataset/images/mobile_4206b0823e/22.jpg"", ""/content/drive/MyDrive/olx_mobile_dataset/images/mobile_4206b0823e/23.jpg"", ""/content/drive/MyDrive/olx_mobile_dataset/images/mobile_4206b0823e/24.jpg"", ""/content/drive/MyDrive/olx_mobile_dataset/images/mobile_4206b0823e/25.jpg"", ""/content/drive/MyDrive/olx_mobile_dataset/images/mobile_4206b0823e/26.jpg""]",26,2026-01-13 06:36:43.379129
mobile_fd20dc7951,https://www.olx.in/item/mobile-phones-c1453-used-vivo-in-markat-nagar-sector-11-cuttack-iid-1831946240,"Y56 5g, 1 year","My cell phone - Mobile Phones in Markat Nagar Sector 11, Cuttack",14000,"[""/content/drive/MyDrive/olx_mobile_dataset/images/mobile_fd20dc7951/1.jpg"", ""/content/drive/MyDrive/olx_mobile_dataset/images/mobile_fd20dc7951/2.jpg"", ""/content/drive/MyDrive/olx_mobile_dataset/images/mobile_fd20dc7951/3.jpg"", ""/content/drive/MyDrive/olx_mobile_dataset/images/mobile_fd20dc7951/4.jpg"", ""/content/drive/MyDrive/olx_mobile_dataset/images/mobile_fd20dc7951/5.jpg"", ""/content/drive/MyDrive/olx_mobile_dataset/images/mobile_fd20dc7951/6.jpg"", ""/content/drive/MyDrive/olx_mobile_dataset/images/mobile_fd20dc7951/7.jpg"", ""/content/drive/MyDrive/olx_mobile_dataset/images/mobile_fd20dc7951/8.jpg"", ""/content/drive/MyDrive/olx_mobile_dataset/images/mobile_fd20dc7951/9.jpg"", ""/content/drive/MyDrive/olx_mobile_dataset/images/mobile_fd20dc7951/10.jpg"", ""/content/drive/MyDrive/olx_mobile_dataset/images/mobile_fd20dc7951/11.jpg"", ""/content/drive/MyDrive/olx_mobile_dataset/images/mobile_fd20dc7951/12.jpg"", ""/content/drive/MyDrive/olx_mobile_dataset/images/mobile_fd20dc7951/13.jpg"", ""/content/drive/MyDrive/olx_mobile_dataset/images/mobile_fd20dc7951/14.jpg"", ""/content/drive/MyDrive/olx_mobile_dataset/images/mobile_fd20dc7951/15.jpg"", ""/content/drive/MyDrive/olx_mobile_dataset/images/mobile_fd20dc7951/16.jpg"", ""/content/drive/MyDrive/olx_mobile_dataset/images/mobile_fd20dc7951/17.jpg"", ""/content/drive/MyDrive/olx_mobile_dataset/images/mobile_fd20dc7951/18.jpg"", ""/content/drive/MyDrive/olx_mobile_dataset/images/mobile_fd20dc7951/19.jpg"", ""/content/drive/MyDrive/olx_mobile_dataset/images/mobile_fd20dc7951/20.jpg"", ""/content/drive/MyDrive/olx_mobile_dataset/images/mobile_fd20dc7951/21.jpg"", ""/content/drive/MyDrive/olx_mobile_dataset/images/mobile_fd20dc7951/22.jpg"", ""/content/drive/MyDrive/olx_mobile_dataset/images/mobile_fd20dc7951/23.jpg"", ""/content/drive/MyDrive/olx_mobile_dataset/images/mobile_fd20dc7951/24.jpg"", ""/content/drive/MyDrive/olx_mobile_dataset/images/mobile_fd20dc7951/25.jpg"", ""/content/drive/MyDrive/olx_mobile_dataset/images/mobile_fd20dc7951/26.jpg""]",26,2026-01-13 06:36:53.561873
mobile_93802c4556,https://www.olx.in/item/mobile-phones-c1453-used-iphone-in-dilshad-garden-delhi-iid-1831946299,Apple iphone 13,"Title: iPhone 13 – Original Condition Never Opened ₹25,000 Fixed Description: I am selling my iPhone 13 in excellent and completely original condition. • Phone has never been opened or repaired • Original Apple display (no replacement) • Battery health: 81% • Works perfectly, no issues at all • You are free to check the phone at any mobile shop or Apple Store for full verification This is a genuine sale. Price is fixed at ₹25,000 — no negotiation, please. Only serious buyers may contact. Thank you. ⸻ - Mobile Phones in Dilshad Garden, Delhi",25000,"[""/content/drive/MyDrive/olx_mobile_dataset/images/mobile_93802c4556/1.jpg"", ""/content/drive/MyDrive/olx_mobile_dataset/images/mobile_93802c4556/2.jpg"", ""/content/drive/MyDrive/olx_mobile_dataset/images/mobile_93802c4556/3.jpg"", ""/content/drive/MyDrive/olx_mobile_dataset/images/mobile_93802c4556/4.jpg"", ""/content/drive/MyDrive/olx_mobile_dataset/images/mobile_93802c4556/5.jpg"", ""/content/drive/MyDrive/olx_mobile_dataset/images/mobile_93802c4556/6.jpg"", ""/content/drive/MyDrive/olx_mobile_dataset/images/mobile_93802c4556/7.jpg"", ""/content/drive/MyDrive/olx_mobile_dataset/images/mobile_93802c4556/8.jpg"", ""/content/drive/MyDrive/olx_mobile_dataset/images/mobile_93802c4556/9.jpg"", ""/content/drive/MyDrive/olx_mobile_dataset/images/mobile_93802c4556/10.jpg"", ""/content/drive/MyDrive/olx_mobile_dataset/images/mobile_93802c4556/11.jpg"", ""/content/drive/MyDrive/olx_mobile_dataset/images/mobile_93802c4556/12.jpg"", ""/content/drive/MyDrive/olx_mobile_dataset/images/mobile_93802c4556/13.jpg"", ""/content/drive/MyDrive/olx_mobile_dataset/images/mobile_93802c4556/14.jpg"", ""/content/drive/MyDrive/olx_mobile_dataset/images/mobile_93802c4556/15.jpg"", ""/content/drive/MyDrive/olx_mobile_dataset/images/mobile_93802c4556/16.jpg"", ""/content/drive/MyDrive/olx_mobile_dataset/images/mobile_93802c4556/17.jpg"", ""/content/drive/MyDrive/olx_mobile_dataset/images/mobile_93802c4556/18.jpg"", ""/content/drive/MyDrive/olx_mobile_dataset/images/mobile_93802c4556/19.jpg"", ""/content/drive/MyDrive/olx_mobile_dataset/images/mobile_93802c4556/20.jpg"", ""/content/drive/MyDrive/olx_mobile_dataset/images/mobile_93802c4556/21.jpg"", ""/content/drive/MyDrive/olx_mobile_dataset/images/mobile_93802c4556/22.jpg"", ""/content/drive/MyDrive/olx_mobile_dataset/images/mobile_93802c4556/23.jpg"", ""/content/drive/MyDrive/olx_mobile_dataset/images/mobile_93802c4556/24.jpg"", ""/content/drive/MyDrive/olx_mobile_dataset/images/mobile_93802c4556/25.jpg"", ""/content/drive/MyDrive/olx_mobile_dataset/images/mobile_93802c4556/26.jpg""]",26,2026-01-13 06:37:01.647184
mobile_380ebf8634,https://www.olx.in/item/mobile-phones-c1453-used-iphone-in-sattuvachari-vellore-iid-1831946308,Iphone 11 -64 GB (Black),"Iphone 11-64GB Color - Black Battery - 78 percent - Mobile Phones in Sattuvachari, Vellore",20000,"[""/content/drive/MyDrive/olx_mobile_dataset/images/mobile_380ebf8634/1.jpg"", ""/content/drive/MyDrive/olx_mobile_dataset/images/mobile_380ebf8634/2.jpg"", ""/content/drive/MyDrive/olx_mobile_dataset/images/mobile_380ebf8634/3.jpg"", ""/content/drive/MyDrive/olx_mobile_dataset/images/mobile_380ebf8634/4.jpg"", ""/content/drive/MyDrive/olx_mobile_dataset/images/mobile_380ebf8634/5.jpg"", ""/content/drive/MyDrive/olx_mobile_dataset/images/mobile_380ebf8634/6.jpg"", ""/content/drive/MyDrive/olx_mobile_dataset/images/mobile_380ebf8634/7.jpg"", ""/content/drive/MyDrive/olx_mobile_dataset/images/mobile_380ebf8634/8.jpg"", ""/content/drive/MyDrive/olx_mobile_dataset/images/mobile_380ebf8634/9.jpg"", ""/content/drive/MyDrive/olx_mobile_dataset/images/mobile_380ebf8634/10.jpg"", ""/content/drive/MyDrive/olx_mobile_dataset/images/mobile_380ebf8634/11.jpg"", ""/content/drive/MyDrive/olx_mobile_dataset/images/mobile_380ebf8634/12.jpg"", ""/content/drive/MyDrive/olx_mobile_dataset/images/mobile_380ebf8634/13.jpg"", ""/content/drive/MyDrive/olx_mobile_dataset/images/mobile_380ebf8634/14.jpg"", ""/content/drive/MyDrive/olx_mobile_dataset/images/mobile_380ebf8634/15.jpg"", ""/content/drive/MyDrive/olx_mobile_dataset/images/mobile_380ebf8634/16.jpg"", ""/content/drive/MyDrive/olx_mobile_dataset/images/mobile_380ebf8634/17.jpg"", ""/content/drive/MyDrive/olx_mobile_dataset/images/mobile_380ebf8634/18.jpg"", ""/content/drive/MyDrive/olx_mobile_dataset/images/mobile_380ebf8634/19.jpg"", ""/content/drive/MyDrive/olx_mobile_dataset/images/mobile_380ebf8634/20.jpg"", ""/content/drive/MyDrive/olx_mobile_dataset/images/mobile_380ebf8634/21.jpg"", ""/content/drive/MyDrive/olx_mobile_dataset/images/mobile_380ebf8634/22.jpg"", ""/content/drive/MyDrive/olx_mobile_dataset/images/mobile_380ebf8634/23.jpg"", ""/content/drive/MyDrive/olx_mobile_dataset/images/mobile_380ebf8634/24.jpg"", ""/content/drive/MyDrive/olx_mobile_dataset/images/mobile_380ebf8634/25.jpg"", ""/content/drive/MyDrive/olx_mobile_dataset/images/mobile_380ebf8634/26.jpg""]",26,2026-01-13 06:37:11.164841
mobile_9de6138a1e,https://www.olx.in/item/mobile-phones-c1453-used-one-plus-in-jalalapur-nai-bazar-iid-1831946223,One plus 10 r 5g only display parts available on nhi hai,"One plus 10 r 5g mother board khrab hai on nhi hai jisko display aur aur parts chahiye vo massage kre - Mobile Phones in Jalalapur, Nai Bazar",7500,"[""/content/drive/MyDrive/olx_mobile_dataset/images/mobile_9de6138a1e/1.jpg"", ""/content/drive/MyDrive/olx_mobile_dataset/images/mobile_9de6138a1e/2.jpg"", ""/content/drive/MyDrive/olx_mobile_dataset/images/mobile_9de6138a1e/3.jpg"", ""/content/drive/MyDrive/olx_mobile_dataset/images/mobile_9de6138a1e/4.jpg"", ""/content/drive/MyDrive/olx_mobile_dataset/images/mobile_9de6138a1e/5.jpg"", ""/content/drive/MyDrive/olx_mobile_dataset/images/mobile_9de6138a1e/6.jpg"", ""/content/drive/MyDrive/olx_mobile_dataset/images/mobile_9de6138a1e/7.jpg"", ""/content/drive/MyDrive/olx_mobile_dataset/images/mobile_9de6138a1e/8.jpg"", ""/content/drive/MyDrive/olx_mobile_dataset/images/mobile_9de6138a1e/9.jpg"", ""/content/drive/MyDrive/olx_mobile_dataset/images/mobile_9de6138a1e/10.jpg"", ""/content/drive/MyDrive/olx_mobile_dataset/images/mobile_9de6138a1e/11.jpg"", ""/content/drive/MyDrive/olx_mobile_dataset/images/mobile_9de6138a1e/12.jpg"", ""/content/drive/MyDrive/olx_mobile_dataset/images/mobile_9de6138a1e/13.jpg"", ""/content/drive/MyDrive/olx_mobile_dataset/images/mobile_9de6138a1e/14.jpg"", ""/content/drive/MyDrive/olx_mobile_dataset/images/mobile_9de6138a1e/15.jpg"", ""/content/drive/MyDrive/olx_mobile_dataset/images/mobile_9de6138a1e/16.jpg"", ""/content/drive/MyDrive/olx_mobile_dataset/images/mobile_9de6138a1e/17.jpg"", ""/content/drive/MyDrive/olx_mobile_dataset/images/mobile_9de6138a1e/18.jpg"", ""/content/drive/MyDrive/olx_mobile_dataset/images/mobile_9de6138a1e/19.jpg"", ""/content/drive/MyDrive/olx_mobile_dataset/images/mobile_9de6138a1e/20.jpg"", ""/content/drive/MyDrive/olx_mobile_dataset/images/mobile_9de6138a1e/21.jpg"", ""/content/drive/MyDrive/olx_mobile_dataset/images/mobile_9de6138a1e/22.jpg"", ""/content/drive/MyDrive/olx_mobile_dataset/images/mobile_9de6138a1e/23.jpg"", ""/content/drive/MyDrive/olx_mobile_dataset/images/mobile_9de6138a1e/24.jpg"", ""/content/drive/MyDrive/olx_mobile_dataset/images/mobile_9de6138a1e/25.jpg"", ""/content/drive/MyDrive/olx_mobile_dataset/images/mobile_9de6138a1e/26.jpg""]",26,2026-01-13 06:37:22.657448
mobile_dbd07aac16,https://www.olx.in/item/mobile-phones-c1453-used-samsung-in-gokulgarh-village-rewari-iid-1831946203,Samsung A16 5g,"4 month old mobile 5g charger .box sb de du ga - Mobile Phones in Gokulgarh Village, Rewari",15000,"[""/content/drive/MyDrive/olx_mobile_dataset/images/mobile_dbd07aac16/1.jpg"", ""/content/drive/MyDrive/olx_mobile_dataset/images/mobile_dbd07aac16/2.jpg"", ""/content/drive/MyDrive/olx_mobile_dataset/images/mobile_dbd07aac16/3.jpg"", ""/content/drive/MyDrive/olx_mobile_dataset/images/mobile_dbd07aac16/4.jpg"", ""/content/drive/MyDrive/olx_mobile_dataset/images/mobile_dbd07aac16/5.jpg"", ""/content/drive/MyDrive/olx_mobile_dataset/images/mobile_dbd07aac16/6.jpg"", ""/content/drive/MyDrive/olx_mobile_dataset/images/mobile_dbd07aac16/7.jpg"", ""/content/drive/MyDrive/olx_mobile_dataset/images/mobile_dbd07aac16/8.jpg"", ""/content/drive/MyDrive/olx_mobile_dataset/images/mobile_dbd07aac16/9.jpg"", ""/content/drive/MyDrive/olx_mobile_dataset/images/mobile_dbd07aac16/10.jpg"", ""/content/drive/MyDrive/olx_mobile_dataset/images/mobile_dbd07aac16/11.jpg"", ""/content/drive/MyDrive/olx_mobile_dataset/images/mobile_dbd07aac16/12.jpg"", ""/content/drive/MyDrive/olx_mobile_dataset/images/mobile_dbd07aac16/13.jpg"", ""/content/drive/MyDrive/olx_mobile_dataset/images/mobile_dbd07aac16/14.jpg"", ""/content/drive/MyDrive/olx_mobile_dataset/images/mobile_dbd07aac16/15.jpg"", ""/content/drive/MyDrive/olx_mobile_dataset/images/mobile_dbd07aac16/16.jpg"", ""/content/drive/MyDrive/olx_mobile_dataset/images/mobile_dbd07aac16/17.jpg"", ""/content/drive/MyDrive/olx_mobile_dataset/images/mobile_dbd07aac16/18.jpg"", ""/content/drive/MyDrive/olx_mobile_dataset/images/mobile_dbd07aac16/19.jpg"", ""/content/drive/MyDrive/olx_mobile_dataset/images/mobile_dbd07aac16/20.jpg"", ""/content/drive/MyDrive/olx_mobile_dataset/images/mobile_dbd07aac16/21.jpg"", ""/content/drive/MyDrive/olx_mobile_dataset/images/mobile_dbd07aac16/22.jpg"", ""/content/drive/MyDrive/olx_mobile_dataset/images/mobile_dbd07aac16/23.jpg"", ""/content/drive/MyDrive/olx_mobile_dataset/images/mobile_dbd07aac16/24.jpg"", ""/content/drive/MyDrive/olx_mobile_dataset/images/mobile_dbd07aac16/25.jpg"", ""/content/drive/MyDrive/olx_mobile_dataset/images/mobile_dbd07aac16/26.jpg""]",26,2026-01-13 06:37:31.301073
mobile_ef23c4074e,https://www.olx.in/item/mobile-phones-c1453-used-iphone-in-rosewood-city-gurgaon-iid-1831946201,Iphone 14 128,"Iphone 14 Never open Battery 83 Box available Exchange 13 pr , 14 pro - Mobile Phones in Rosewood City, Gurgaon",42000,"[""/content/drive/MyDrive/olx_mobile_dataset/images/mobile_ef23c4074e/1.jpg"", ""/content/drive/MyDrive/olx_mobile_dataset/images/mobile_ef23c4074e/2.jpg"", ""/content/drive/MyDrive/olx_mobile_dataset/images/mobile_ef23c4074e/3.jpg"", ""/content/drive/MyDrive/olx_mobile_dataset/images/mobile_ef23c4074e/4.jpg"", ""/content/drive/MyDrive/olx_mobile_dataset/images/mobile_ef23c4074e/5.jpg"", ""/content/drive/MyDrive/olx_mobile_dataset/images/mobile_ef23c4074e/6.jpg"", ""/content/drive/MyDrive/olx_mobile_dataset/images/mobile_ef23c4074e/7.jpg"", ""/content/drive/MyDrive/olx_mobile_dataset/images/mobile_ef23c4074e/8.jpg"", ""/content/drive/MyDrive/olx_mobile_dataset/images/mobile_ef23c4074e/9.jpg"", ""/content/drive/MyDrive/olx_mobile_dataset/images/mobile_ef23c4074e/10.jpg"", ""/content/drive/MyDrive/olx_mobile_dataset/images/mobile_ef23c4074e/11.jpg"", ""/content/drive/MyDrive/olx_mobile_dataset/images/mobile_ef23c4074e/12.jpg"", ""/content/drive/MyDrive/olx_mobile_dataset/images/mobile_ef23c4074e/13.jpg"", ""/content/drive/MyDrive/olx_mobile_dataset/images/mobile_ef23c4074e/14.jpg"", ""/content/drive/MyDrive/olx_mobile_dataset/images/mobile_ef23c4074e/15.jpg"", ""/content/drive/MyDrive/olx_mobile_dataset/images/mobile_ef23c4074e/16.jpg"", ""/content/drive/MyDrive/olx_mobile_dataset/images/mobile_ef23c4074e/17.jpg"", ""/content/drive/MyDrive/olx_mobile_dataset/images/mobile_ef23c4074e/18.jpg"", ""/content/drive/MyDrive/olx_mobile_dataset/images/mobile_ef23c4074e/19.jpg"", ""/content/drive/MyDrive/olx_mobile_dataset/images/mobile_ef23c4074e/20.jpg"", ""/content/drive/MyDrive/olx_mobile_dataset/images/mobile_ef23c4074e/21.jpg"", ""/content/drive/MyDrive/olx_mobile_dataset/images/mobile_ef23c4074e/22.jpg"", ""/content/drive/MyDrive/olx_mobile_dataset/images/mobile_ef23c4074e/23.jpg"", ""/content/drive/MyDrive/olx_mobile_dataset/images/mobile_ef23c4074e/24.jpg"", ""/content/drive/MyDrive/olx_mobile_dataset/images/mobile_ef23c4074e/25.jpg"", ""/content/drive/MyDrive/olx_mobile_dataset/images/mobile_ef23c4074e/26.jpg""]",26,2026-01-13 06:37:41.835000
mobile_20c173293a,https://www.olx.in/item/mobile-phones-c1453-used-vivo-in-nakari-north-lakhimpur-iid-1831914334,Vivo X 200 FE,"Purchase Date 26th July 2025. At Price 50k. - Mobile Phones in Nakari, North Lakhimpur",35000,"[""/content/drive/MyDrive/olx_mobile_dataset/images/mobile_20c173293a/1.jpg"", ""/content/drive/MyDrive/olx_mobile_dataset/images/mobile_20c173293a/2.jpg"", ""/content/drive/MyDrive/olx_mobile_dataset/images/mobile_20c173293a/3.jpg"", ""/content/drive/MyDrive/olx_mobile_dataset/images/mobile_20c173293a/4.jpg"", ""/content/drive/MyDrive/olx_mobile_dataset/images/mobile_20c173293a/5.jpg"", ""/content/drive/MyDrive/olx_mobile_dataset/images/mobile_20c173293a/6.jpg"", ""/content/drive/MyDrive/olx_mobile_dataset/images/mobile_20c173293a/7.jpg"", ""/content/drive/MyDrive/olx_mobile_dataset/images/mobile_20c173293a/8.jpg"", ""/content/drive/MyDrive/olx_mobile_dataset/images/mobile_20c173293a/9.jpg"", ""/content/drive/MyDrive/olx_mobile_dataset/images/mobile_20c173293a/10.jpg"", ""/content/drive/MyDrive/olx_mobile_dataset/images/mobile_20c173293a/11.jpg"", ""/content/drive/MyDrive/olx_mobile_dataset/images/mobile_20c173293a/12.jpg"", ""/content/drive/MyDrive/olx_mobile_dataset/images/mobile_20c173293a/13.jpg"", ""/content/drive/MyDrive/olx_mobile_dataset/images/mobile_20c173293a/14.jpg"", ""/content/drive/MyDrive/olx_mobile_dataset/images/mobile_20c173293a/15.jpg"", ""/content/drive/MyDrive/olx_mobile_dataset/images/mobile_20c173293a/16.jpg"", ""/content/drive/MyDrive/olx_mobile_dataset/images/mobile_20c173293a/17.jpg"", ""/content/drive/MyDrive/olx_mobile_dataset/images/mobile_20c173293a/18.jpg"", ""/content/drive/MyDrive/olx_mobile_dataset/images/mobile_20c173293a/19.jpg"", ""/content/drive/MyDrive/olx_mobile_dataset/images/mobile_20c173293a/20.jpg"", ""/content/drive/MyDrive/olx_mobile_dataset/images/mobile_20c173293a/21.jpg"", ""/content/drive/MyDrive/olx_mobile_dataset/images/mobile_20c173293a/22.jpg"", ""/content/drive/MyDrive/olx_mobile_dataset/images/mobile_20c173293a/23.jpg"", ""/content/drive/MyDrive/olx_mobile_dataset/images/mobile_20c173293a/24.jpg"", ""/content/drive/MyDrive/olx_mobile_dataset/images/mobile_20c173293a/25.jpg"", ""/content/drive/MyDrive/olx_mobile_dataset/images/mobile_20c173293a/26.jpg""]",26,2026-01-13 06:37:53.218781
mobile_316c6df3a3,https://www.olx.in/item/mobile-phones-c1453-used-iphone-in-tanr-balidih-jena-iid-1831946219,iPhone 13 blue 1 month v nhi hua h,"Money problem - Mobile Phones in Tanr Balidih, Jena",42000,"[""/content/drive/MyDrive/olx_mobile_dataset/images/mobile_316c6df3a3/1.jpg"", ""/content/drive/MyDrive/olx_mobile_dataset/images/mobile_316c6df3a3/2.jpg"", ""/content/drive/MyDrive/olx_mobile_dataset/images/mobile_316c6df3a3/3.jpg"", ""/content/drive/MyDrive/olx_mobile_dataset/images/mobile_316c6df3a3/4.jpg"", ""/content/drive/MyDrive/olx_mobile_dataset/images/mobile_316c6df3a3/5.jpg"", ""/content/drive/MyDrive/olx_mobile_dataset/images/mobile_316c6df3a3/6.jpg"", ""/content/drive/MyDrive/olx_mobile_dataset/images/mobile_316c6df3a3/7.jpg"", ""/content/drive/MyDrive/olx_mobile_dataset/images/mobile_316c6df3a3/8.jpg"", ""/content/drive/MyDrive/olx_mobile_dataset/images/mobile_316c6df3a3/9.jpg"", ""/content/drive/MyDrive/olx_mobile_dataset/images/mobile_316c6df3a3/10.jpg"", ""/content/drive/MyDrive/olx_mobile_dataset/images/mobile_316c6df3a3/11.jpg"", ""/content/drive/MyDrive/olx_mobile_dataset/images/mobile_316c6df3a3/12.jpg"", ""/content/drive/MyDrive/olx_mobile_dataset/images/mobile_316c6df3a3/13.jpg"", ""/content/drive/MyDrive/olx_mobile_dataset/images/mobile_316c6df3a3/14.jpg"", ""/content/drive/MyDrive/olx_mobile_dataset/images/mobile_316c6df3a3/15.jpg"", ""/content/drive/MyDrive/olx_mobile_dataset/images/mobile_316c6df3a3/16.jpg"", ""/content/drive/MyDrive/olx_mobile_dataset/images/mobile_316c6df3a3/17.jpg"", ""/content/drive/MyDrive/olx_mobile_dataset/images/mobile_316c6df3a3/18.jpg"", ""/content/drive/MyDrive/olx_mobile_dataset/images/mobile_316c6df3a3/19.jpg"", ""/content/drive/MyDrive/olx_mobile_dataset/images/mobile_316c6df3a3/20.jpg"", ""/content/drive/MyDrive/olx_mobile_dataset/images/mobile_316c6df3a3/21.jpg"", ""/content/drive/MyDrive/olx_mobile_dataset/images/mobile_316c6df3a3/22.jpg"", ""/content/drive/MyDrive/olx_mobile_dataset/images/mobile_316c6df3a3/23.jpg"", ""/content/drive/MyDrive/olx_mobile_dataset/images/mobile_316c6df3a3/24.jpg"", ""/content/drive/MyDrive/olx_mobile_dataset/images/mobile_316c6df3a3/25.jpg"", ""/content/drive/MyDrive/olx_mobile_dataset/images/mobile_316c6df3a3/26.jpg""]",26,2026-01-13 06:38:03.230874
mobile_60978bbf01,https://www.olx.in/item/mobile-phones-c1453-used-oppo-in-bommidi-b-mallapuram-iid-1831188595,Oppo f21s pro 5g 8/128 exchange also,"Good condition all origanal condition full kita available - Mobile Phones in Bommidi, B Mallapuram",11000,"[""/content/drive/MyDrive/olx_mobile_dataset/images/mobile_60978bbf01/1.jpg"", ""/content/drive/MyDrive/olx_mobile_dataset/images/mobile_60978bbf01/2.jpg"", ""/content/drive/MyDrive/olx_mobile_dataset/images/mobile_60978bbf01/3.jpg"", ""/content/drive/MyDrive/olx_mobile_dataset/images/mobile_60978bbf01/4.jpg"", ""/content/drive/MyDrive/olx_mobile_dataset/images/mobile_60978bbf01/5.jpg"", ""/content/drive/MyDrive/olx_mobile_dataset/images/mobile_60978bbf01/6.jpg"", ""/content/drive/MyDrive/olx_mobile_dataset/images/mobile_60978bbf01/7.jpg"", ""/content/drive/MyDrive/olx_mobile_dataset/images/mobile_60978bbf01/8.jpg"", ""/content/drive/MyDrive/olx_mobile_dataset/images/mobile_60978bbf01/9.jpg"", ""/content/drive/MyDrive/olx_mobile_dataset/images/mobile_60978bbf01/10.jpg"", ""/content/drive/MyDrive/olx_mobile_dataset/images/mobile_60978bbf01/11.jpg"", ""/content/drive/MyDrive/olx_mobile_dataset/images/mobile_60978bbf01/12.jpg"", ""/content/drive/MyDrive/olx_mobile_dataset/images/mobile_60978bbf01/13.jpg"", ""/content/drive/MyDrive/olx_mobile_dataset/images/mobile_60978bbf01/14.jpg"", ""/content/drive/MyDrive/olx_mobile_dataset/images/mobile_60978bbf01/15.jpg"", ""/content/drive/MyDrive/olx_mobile_dataset/images/mobile_60978bbf01/16.jpg"", ""/content/drive/MyDrive/olx_mobile_dataset/images/mobile_60978bbf01/17.jpg"", ""/content/drive/MyDrive/olx_mobile_dataset/images/mobile_60978bbf01/18.jpg"", ""/content/drive/MyDrive/olx_mobile_dataset/images/mobile_60978bbf01/19.jpg"", ""/content/drive/MyDrive/olx_mobile_dataset/images/mobile_60978bbf01/20.jpg"", ""/content/drive/MyDrive/olx_mobile_dataset/images/mobile_60978bbf01/21.jpg"", ""/content/drive/MyDrive/olx_mobile_dataset/images/mobile_60978bbf01/22.jpg"", ""/content/drive/MyDrive/olx_mobile_dataset/images/mobile_60978bbf01/23.jpg"", ""/content/drive/MyDrive/olx_mobile_dataset/images/mobile_60978bbf01/24.jpg"", ""/content/drive/MyDrive/olx_mobile_dataset/images/mobile_60978bbf01/25.jpg"", ""/content/drive/MyDrive/olx_mobile_dataset/images/mobile_60978bbf01/26.jpg""]",26,2026-01-13 06:38:15.469791
mobile_a3f182f163,https://www.olx.in/item/mobile-phones-c1453-used-vivo-in-banamali-part-1-karimganj-iid-1831946278,Vivo Y16. Bought on 2023,"Bought it on 2023. Now want to sell it - Mobile Phones in Banamali Part 1, Karimganj",4000,"[""/content/drive/MyDrive/olx_mobile_dataset/images/mobile_a3f182f163/1.jpg"", ""/content/drive/MyDrive/olx_mobile_dataset/images/mobile_a3f182f163/2.jpg"", ""/content/drive/MyDrive/olx_mobile_dataset/images/mobile_a3f182f163/3.jpg"", ""/content/drive/MyDrive/olx_mobile_dataset/images/mobile_a3f182f163/4.jpg"", ""/content/drive/MyDrive/olx_mobile_dataset/images/mobile_a3f182f163/5.jpg"", ""/content/drive/MyDrive/olx_mobile_dataset/images/mobile_a3f182f163/6.jpg"", ""/content/drive/MyDrive/olx_mobile_dataset/images/mobile_a3f182f163/7.jpg"", ""/content/drive/MyDrive/olx_mobile_dataset/images/mobile_a3f182f163/8.jpg"", ""/content/drive/MyDrive/olx_mobile_dataset/images/mobile_a3f182f163/9.jpg"", ""/content/drive/MyDrive/olx_mobile_dataset/images/mobile_a3f182f163/10.jpg"", ""/content/drive/MyDrive/olx_mobile_dataset/images/mobile_a3f182f163/11.jpg"", ""/content/drive/MyDrive/olx_mobile_dataset/images/mobile_a3f182f163/12.jpg"", ""/content/drive/MyDrive/olx_mobile_dataset/images/mobile_a3f182f163/13.jpg"", ""/content/drive/MyDrive/olx_mobile_dataset/images/mobile_a3f182f163/14.jpg"", ""/content/drive/MyDrive/olx_mobile_dataset/images/mobile_a3f182f163/15.jpg"", ""/content/drive/MyDrive/olx_mobile_dataset/images/mobile_a3f182f163/16.jpg"", ""/content/drive/MyDrive/olx_mobile_dataset/images/mobile_a3f182f163/17.jpg"", ""/content/drive/MyDrive/olx_mobile_dataset/images/mobile_a3f182f163/18.jpg"", ""/content/drive/MyDrive/olx_mobile_dataset/images/mobile_a3f182f163/19.jpg"", ""/content/drive/MyDrive/olx_mobile_dataset/images/mobile_a3f182f163/20.jpg"", ""/content/drive/MyDrive/olx_mobile_dataset/images/mobile_a3f182f163/21.jpg"", ""/content/drive/MyDrive/olx_mobile_dataset/images/mobile_a3f182f163/22.jpg"", ""/content/drive/MyDrive/olx_mobile_dataset/images/mobile_a3f182f163/23.jpg"", ""/content/drive/MyDrive/olx_mobile_dataset/images/mobile_a3f182f163/24.jpg"", ""/content/drive/MyDrive/olx_mobile_dataset/images/mobile_a3f182f163/25.jpg"", ""/content/drive/MyDrive/olx_mobile_dataset/images/mobile_a3f182f163/26.jpg""]",26,2026-01-13 06:38:25.504819
mobile_eff6815e4b,https://www.olx.in/item/mobile-phones-c1453-used-samsung-in-radha-nagar-amravati-iid-1831946394,Samsung Galaxy S21 FE (Excellent Condition),"Very good condition, no major scratches Fully original and working perfectly Best Camera, display all in excellent condition Comes with original box and charger - Mobile Phones in Radha Nagar, Amravati",16000,"[""/content/drive/MyDrive/olx_mobile_dataset/images/mobile_eff6815e4b/1.jpg"", ""/content/drive/MyDrive/olx_mobile_dataset/images/mobile_eff6815e4b/2.jpg"", ""/content/drive/MyDrive/olx_mobile_dataset/images/mobile_eff6815e4b/3.jpg"", ""/content/drive/MyDrive/olx_mobile_dataset/images/mobile_eff6815e4b/4.jpg"", ""/content/drive/MyDrive/olx_mobile_dataset/images/mobile_eff6815e4b/5.jpg"", ""/content/drive/MyDrive/olx_mobile_dataset/images/mobile_eff6815e4b/6.jpg"", ""/content/drive/MyDrive/olx_mobile_dataset/images/mobile_eff6815e4b/7.jpg"", ""/content/drive/MyDrive/olx_mobile_dataset/images/mobile_eff6815e4b/8.jpg"", ""/content/drive/MyDrive/olx_mobile_dataset/images/mobile_eff6815e4b/9.jpg"", ""/content/drive/MyDrive/olx_mobile_dataset/images/mobile_eff6815e4b/10.jpg"", ""/content/drive/MyDrive/olx_mobile_dataset/images/mobile_eff6815e4b/11.jpg"", ""/content/drive/MyDrive/olx_mobile_dataset/images/mobile_eff6815e4b/12.jpg"", ""/content/drive/MyDrive/olx_mobile_dataset/images/mobile_eff6815e4b/13.jpg"", ""/content/drive/MyDrive/olx_mobile_dataset/images/mobile_eff6815e4b/14.jpg"", ""/content/drive/MyDrive/olx_mobile_dataset/images/mobile_eff6815e4b/15.jpg"", ""/content/drive/MyDrive/olx_mobile_dataset/images/mobile_eff6815e4b/16.jpg"", ""/content/drive/MyDrive/olx_mobile_dataset/images/mobile_eff6815e4b/17.jpg"", ""/content/drive/MyDrive/olx_mobile_dataset/images/mobile_eff6815e4b/18.jpg"", ""/content/drive/MyDrive/olx_mobile_dataset/images/mobile_eff6815e4b/19.jpg"", ""/content/drive/MyDrive/olx_mobile_dataset/images/mobile_eff6815e4b/20.jpg"", ""/content/drive/MyDrive/olx_mobile_dataset/images/mobile_eff6815e4b/21.jpg"", ""/content/drive/MyDrive/olx_mobile_dataset/images/mobile_eff6815e4b/22.jpg"", ""/content/drive/MyDrive/olx_mobile_dataset/images/mobile_eff6815e4b/23.jpg"", ""/content/drive/MyDrive/olx_mobile_dataset/images/mobile_eff6815e4b/24.jpg"", ""/content/drive/MyDrive/olx_mobile_dataset/images/mobile_eff6815e4b/25.jpg"", ""/content/drive/MyDrive/olx_mobile_dataset/images/mobile_eff6815e4b/26.jpg""]",26,2026-01-13 06:38:34.804631
mobile_3d9360ac0e,https://www.olx.in/item/mobile-phones-c1453-used-other-mobiles-in-padmarao-nagar-padmarao-nagar-secunderabad-iid-1831850284,Poco x6 pro 5g,"Need money to upgrade mobile 8/256, one yr old mobile, photo will share you. Please don't time pass - Mobile Phones in Padmarao Nagar Padmarao Nagar, Secunderabad",12999,"[""/content/drive/MyDrive/olx_mobile_dataset/images/mobile_3d9360ac0e/1.jpg"", ""/content/drive/MyDrive/olx_mobile_dataset/images/mobile_3d9360ac0e/2.jpg"", ""/content/drive/MyDrive/olx_mobile_dataset/images/mobile_3d9360ac0e/3.jpg"", ""/content/drive/MyDrive/olx_mobile_dataset/images/mobile_3d9360ac0e/4.jpg"", ""/content/drive/MyDrive/olx_mobile_dataset/images/mobile_3d9360ac0e/5.jpg"", ""/content/drive/MyDrive/olx_mobile_dataset/images/mobile_3d9360ac0e/6.jpg"", ""/content/drive/MyDrive/olx_mobile_dataset/images/mobile_3d9360ac0e/7.jpg"", ""/content/drive/MyDrive/olx_mobile_dataset/images/mobile_3d9360ac0e/8.jpg"", ""/content/drive/MyDrive/olx_mobile_dataset/images/mobile_3d9360ac0e/9.jpg"", ""/content/drive/MyDrive/olx_mobile_dataset/images/mobile_3d9360ac0e/10.jpg"", ""/content/drive/MyDrive/olx_mobile_dataset/images/mobile_3d9360ac0e/11.jpg"", ""/content/drive/MyDrive/olx_mobile_dataset/images/mobile_3d9360ac0e/12.jpg"", ""/content/drive/MyDrive/olx_mobile_dataset/images/mobile_3d9360ac0e/13.jpg"", ""/content/drive/MyDrive/olx_mobile_dataset/images/mobile_3d9360ac0e/14.jpg"", ""/content/drive/MyDrive/olx_mobile_dataset/images/mobile_3d9360ac0e/15.jpg"", ""/content/drive/MyDrive/olx_mobile_dataset/images/mobile_3d9360ac0e/16.jpg"", ""/content/drive/MyDrive/olx_mobile_dataset/images/mobile_3d9360ac0e/17.jpg"", ""/content/drive/MyDrive/olx_mobile_dataset/images/mobile_3d9360ac0e/18.jpg"", ""/content/drive/MyDrive/olx_mobile_dataset/images/mobile_3d9360ac0e/19.jpg"", ""/content/drive/MyDrive/olx_mobile_dataset/images/mobile_3d9360ac0e/20.jpg"", ""/content/drive/MyDrive/olx_mobile_dataset/images/mobile_3d9360ac0e/21.jpg"", ""/content/drive/MyDrive/olx_mobile_dataset/images/mobile_3d9360ac0e/22.jpg"", ""/content/drive/MyDrive/olx_mobile_dataset/images/mobile_3d9360ac0e/23.jpg"", ""/content/drive/MyDrive/olx_mobile_dataset/images/mobile_3d9360ac0e/24.jpg"", ""/content/drive/MyDrive/olx_mobile_dataset/images/mobile_3d9360ac0e/25.jpg"", ""/content/drive/MyDrive/olx_mobile_dataset/images/mobile_3d9360ac0e/26.jpg""]",26,2026-01-13 06:38:45.046415
mobile_89b6d7e592,https://www.olx.in/item/mobile-phones-c1453-used-mi-in-platinum-city-yeshwantpur-bengaluru-iid-1830660533,Mi 8 deal 2ram 32,"Good condition free delivery fixed price new battery - Mobile Phones in Platinum City Yeshwantpur, Bengaluru",2200,"[""/content/drive/MyDrive/olx_mobile_dataset/images/mobile_89b6d7e592/1.jpg"", ""/content/drive/MyDrive/olx_mobile_dataset/images/mobile_89b6d7e592/2.jpg"", ""/content/drive/MyDrive/olx_mobile_dataset/images/mobile_89b6d7e592/3.jpg"", ""/content/drive/MyDrive/olx_mobile_dataset/images/mobile_89b6d7e592/4.jpg"", ""/content/drive/MyDrive/olx_mobile_dataset/images/mobile_89b6d7e592/5.jpg"", ""/content/drive/MyDrive/olx_mobile_dataset/images/mobile_89b6d7e592/6.jpg"", ""/content/drive/MyDrive/olx_mobile_dataset/images/mobile_89b6d7e592/7.jpg"", ""/content/drive/MyDrive/olx_mobile_dataset/images/mobile_89b6d7e592/8.jpg"", ""/content/drive/MyDrive/olx_mobile_dataset/images/mobile_89b6d7e592/9.jpg"", ""/content/drive/MyDrive/olx_mobile_dataset/images/mobile_89b6d7e592/10.jpg"", ""/content/drive/MyDrive/olx_mobile_dataset/images/mobile_89b6d7e592/11.jpg"", ""/content/drive/MyDrive/olx_mobile_dataset/images/mobile_89b6d7e592/12.jpg"", ""/content/drive/MyDrive/olx_mobile_dataset/images/mobile_89b6d7e592/13.jpg"", ""/content/drive/MyDrive/olx_mobile_dataset/images/mobile_89b6d7e592/14.jpg"", ""/content/drive/MyDrive/olx_mobile_dataset/images/mobile_89b6d7e592/15.jpg"", ""/content/drive/MyDrive/olx_mobile_dataset/images/mobile_89b6d7e592/16.jpg"", ""/content/drive/MyDrive/olx_mobile_dataset/images/mobile_89b6d7e592/17.jpg"", ""/content/drive/MyDrive/olx_mobile_dataset/images/mobile_89b6d7e592/18.jpg"", ""/content/drive/MyDrive/olx_mobile_dataset/images/mobile_89b6d7e592/19.jpg"", ""/content/drive/MyDrive/olx_mobile_dataset/images/mobile_89b6d7e592/20.jpg"", ""/content/drive/MyDrive/olx_mobile_dataset/images/mobile_89b6d7e592/21.jpg"", ""/content/drive/MyDrive/olx_mobile_dataset/images/mobile_89b6d7e592/22.jpg"", ""/content/drive/MyDrive/olx_mobile_dataset/images/mobile_89b6d7e592/23.jpg"", ""/content/drive/MyDrive/olx_mobile_dataset/images/mobile_89b6d7e592/24.jpg"", ""/content/drive/MyDrive/olx_mobile_dataset/images/mobile_89b6d7e592/25.jpg"", ""/content/drive/MyDrive/olx_mobile_dataset/images/mobile_89b6d7e592/26.jpg""]",26,2026-01-13 06:38:53.583571
mobile_f9bbca6878,https://www.olx.in/item/mobile-phones-c1453-used-iphone-in-nuruipara-suri-iid-1831724761,"Money problem, urgent sell this phone","iPhone 11 64gb battery health 73% mint condition phone/ all parts are original, bill box not available/ but my identity card showing you- adhar card voter card - Mobile Phones in Nuruipara, Suri",11999,"[""/content/drive/MyDrive/olx_mobile_dataset/images/mobile_f9bbca6878/1.jpg"", ""/content/drive/MyDrive/olx_mobile_dataset/images/mobile_f9bbca6878/2.jpg"", ""/content/drive/MyDrive/olx_mobile_dataset/images/mobile_f9bbca6878/3.jpg"", ""/content/drive/MyDrive/olx_mobile_dataset/images/mobile_f9bbca6878/4.jpg"", ""/content/drive/MyDrive/olx_mobile_dataset/images/mobile_f9bbca6878/5.jpg"", ""/content/drive/MyDrive/olx_mobile_dataset/images/mobile_f9bbca6878/6.jpg"", ""/content/drive/MyDrive/olx_mobile_dataset/images/mobile_f9bbca6878/7.jpg"", ""/content/drive/MyDrive/olx_mobile_dataset/images/mobile_f9bbca6878/8.jpg"", ""/content/drive/MyDrive/olx_mobile_dataset/images/mobile_f9bbca6878/9.jpg"", ""/content/drive/MyDrive/olx_mobile_dataset/images/mobile_f9bbca6878/10.jpg"", ""/content/drive/MyDrive/olx_mobile_dataset/images/mobile_f9bbca6878/11.jpg"", ""/content/drive/MyDrive/olx_mobile_dataset/images/mobile_f9bbca6878/12.jpg"", ""/content/drive/MyDrive/olx_mobile_dataset/images/mobile_f9bbca6878/13.jpg"", ""/content/drive/MyDrive/olx_mobile_dataset/images/mobile_f9bbca6878/14.jpg"", ""/content/drive/MyDrive/olx_mobile_dataset/images/mobile_f9bbca6878/15.jpg"", ""/content/drive/MyDrive/olx_mobile_dataset/images/mobile_f9bbca6878/16.jpg"", ""/content/drive/MyDrive/olx_mobile_dataset/images/mobile_f9bbca6878/17.jpg"", ""/content/drive/MyDrive/olx_mobile_dataset/images/mobile_f9bbca6878/18.jpg"", ""/content/drive/MyDrive/olx_mobile_dataset/images/mobile_f9bbca6878/19.jpg"", ""/content/drive/MyDrive/olx_mobile_dataset/images/mobile_f9bbca6878/20.jpg"", ""/content/drive/MyDrive/olx_mobile_dataset/images/mobile_f9bbca6878/21.jpg"", ""/content/drive/MyDrive/olx_mobile_dataset/images/mobile_f9bbca6878/22.jpg"", ""/content/drive/MyDrive/olx_mobile_dataset/images/mobile_f9bbca6878/23.jpg"", ""/content/drive/MyDrive/olx_mobile_dataset/images/mobile_f9bbca6878/24.jpg"", ""/content/drive/MyDrive/olx_mobile_dataset/images/mobile_f9bbca6878/25.jpg"", ""/content/drive/MyDrive/olx_mobile_dataset/images/mobile_f9bbca6878/26.jpg""]",26,2026-01-13 06:39:04.837741
mobile_1be2f6145a,https://www.olx.in/item/mobile-phones-c1453-used-other-mobiles-in-delhi-delhi-iid-1830035877,Garmin Forerunner 165 Music  Brand new  Open box Piece,"Selling Garmin Forerunner 165 Music in brand new condition. Only the box was opened once to check the contents. The watch, strap, charger and all accessories are untouched and unused. Market Price: 30,990 Condition: Mint, brand new Usage: Zero usage Warranty: Full manufacturer warranty available. Accessories: Complete box with all original sealed items Reason for sale: Got a better deal on another upgrade Why this watch is a great buy: • Beautiful AMOLED display • Accurate GPS and heart rate tracking • Music storage with Bluetooth headphone support • Advanced training metrics for runners • Excellent battery life • Cheaper than store price and online deals Meetup or Delivery: Available for quick pickup. Secure shipping can also be arranged. Serious buyers only. Low offers will not be entertained. - Mobile Phones in Paschim Vihar, Delhi",23000,"[""/content/drive/MyDrive/olx_mobile_dataset/images/mobile_1be2f6145a/1.jpg"", ""/content/drive/MyDrive/olx_mobile_dataset/images/mobile_1be2f6145a/2.jpg"", ""/content/drive/MyDrive/olx_mobile_dataset/images/mobile_1be2f6145a/3.jpg"", ""/content/drive/MyDrive/olx_mobile_dataset/images/mobile_1be2f6145a/4.jpg"", ""/content/drive/MyDrive/olx_mobile_dataset/images/mobile_1be2f6145a/5.jpg"", ""/content/drive/MyDrive/olx_mobile_dataset/images/mobile_1be2f6145a/6.jpg"", ""/content/drive/MyDrive/olx_mobile_dataset/images/mobile_1be2f6145a/7.jpg"", ""/content/drive/MyDrive/olx_mobile_dataset/images/mobile_1be2f6145a/8.jpg"", ""/content/drive/MyDrive/olx_mobile_dataset/images/mobile_1be2f6145a/9.jpg"", ""/content/drive/MyDrive/olx_mobile_dataset/images/mobile_1be2f6145a/10.jpg"", ""/content/drive/MyDrive/olx_mobile_dataset/images/mobile_1be2f6145a/11.jpg"", ""/content/drive/MyDrive/olx_mobile_dataset/images/mobile_1be2f6145a/12.jpg"", ""/content/drive/MyDrive/olx_mobile_dataset/images/mobile_1be2f6145a/13.jpg"", ""/content/drive/MyDrive/olx_mobile_dataset/images/mobile_1be2f6145a/14.jpg"", ""/content/drive/MyDrive/olx_mobile_dataset/images/mobile_1be2f6145a/15.jpg"", ""/content/drive/MyDrive/olx_mobile_dataset/images/mobile_1be2f6145a/16.jpg"", ""/content/drive/MyDrive/olx_mobile_dataset/images/mobile_1be2f6145a/17.jpg"", ""/content/drive/MyDrive/olx_mobile_dataset/images/mobile_1be2f6145a/18.jpg"", ""/content/drive/MyDrive/olx_mobile_dataset/images/mobile_1be2f6145a/19.jpg"", ""/content/drive/MyDrive/olx_mobile_dataset/images/mobile_1be2f6145a/20.jpg"", ""/content/drive/MyDrive/olx_mobile_dataset/images/mobile_1be2f6145a/21.jpg"", ""/content/drive/MyDrive/olx_mobile_dataset/images/mobile_1be2f6145a/22.jpg"", ""/content/drive/MyDrive/olx_mobile_dataset/images/mobile_1be2f6145a/23.jpg"", ""/content/drive/MyDrive/olx_mobile_dataset/images/mobile_1be2f6145a/24.jpg"", ""/content/drive/MyDrive/olx_mobile_dataset/images/mobile_1be2f6145a/25.jpg"", ""/content/drive/MyDrive/olx_mobile_dataset/images/mobile_1be2f6145a/26.jpg""]",26,2026-01-13 06:39:16.367264
mobile_2d3f73fea9,https://www.olx.in/item/mobile-phones-c1453-used-samsung-in-elphinstone-road-mumbai-iid-1831797683,S21 - 128GB,"Very good condition, phantom pink colour, 128GB - Mobile Phones in Elphinstone Road, Mumbai",16000,"[""/content/drive/MyDrive/olx_mobile_dataset/images/mobile_2d3f73fea9/1.jpg"", ""/content/drive/MyDrive/olx_mobile_dataset/images/mobile_2d3f73fea9/2.jpg"", ""/content/drive/MyDrive/olx_mobile_dataset/images/mobile_2d3f73fea9/3.jpg"", ""/content/drive/MyDrive/olx_mobile_dataset/images/mobile_2d3f73fea9/4.jpg"", ""/content/drive/MyDrive/olx_mobile_dataset/images/mobile_2d3f73fea9/5.jpg"", ""/content/drive/MyDrive/olx_mobile_dataset/images/mobile_2d3f73fea9/6.jpg"", ""/content/drive/MyDrive/olx_mobile_dataset/images/mobile_2d3f73fea9/7.jpg"", ""/content/drive/MyDrive/olx_mobile_dataset/images/mobile_2d3f73fea9/8.jpg"", ""/content/drive/MyDrive/olx_mobile_dataset/images/mobile_2d3f73fea9/9.jpg"", ""/content/drive/MyDrive/olx_mobile_dataset/images/mobile_2d3f73fea9/10.jpg"", ""/content/drive/MyDrive/olx_mobile_dataset/images/mobile_2d3f73fea9/11.jpg"", ""/content/drive/MyDrive/olx_mobile_dataset/images/mobile_2d3f73fea9/12.jpg"", ""/content/drive/MyDrive/olx_mobile_dataset/images/mobile_2d3f73fea9/13.jpg"", ""/content/drive/MyDrive/olx_mobile_dataset/images/mobile_2d3f73fea9/14.jpg"", ""/content/drive/MyDrive/olx_mobile_dataset/images/mobile_2d3f73fea9/15.jpg"", ""/content/drive/MyDrive/olx_mobile_dataset/images/mobile_2d3f73fea9/16.jpg"", ""/content/drive/MyDrive/olx_mobile_dataset/images/mobile_2d3f73fea9/17.jpg"", ""/content/drive/MyDrive/olx_mobile_dataset/images/mobile_2d3f73fea9/18.jpg"", ""/content/drive/MyDrive/olx_mobile_dataset/images/mobile_2d3f73fea9/19.jpg"", ""/content/drive/MyDrive/olx_mobile_dataset/images/mobile_2d3f73fea9/20.jpg"", ""/content/drive/MyDrive/olx_mobile_dataset/images/mobile_2d3f73fea9/21.jpg"", ""/content/drive/MyDrive/olx_mobile_dataset/images/mobile_2d3f73fea9/22.jpg"", ""/content/drive/MyDrive/olx_mobile_dataset/images/mobile_2d3f73fea9/23.jpg"", ""/content/drive/MyDrive/olx_mobile_dataset/images/mobile_2d3f73fea9/24.jpg"", ""/content/drive/MyDrive/olx_mobile_dataset/images/mobile_2d3f73fea9/25.jpg"", ""/content/drive/MyDrive/olx_mobile_dataset/images/mobile_2d3f73fea9/26.jpg""]",26,2026-01-13 06:39:26.363194
mobile_513c2708fd,https://www.olx.in/item/mobile-phones-c1453-used-samsung-in-ac-guard-hyderabad-iid-1831946161,Samsung M13,"Good condition..no problem. - Mobile Phones in AC Guard, Hyderabad",2500,"[""/content/drive/MyDrive/olx_mobile_dataset/images/mobile_513c2708fd/1.jpg"", ""/content/drive/MyDrive/olx_mobile_dataset/images/mobile_513c2708fd/2.jpg"", ""/content/drive/MyDrive/olx_mobile_dataset/images/mobile_513c2708fd/3.jpg"", ""/content/drive/MyDrive/olx_mobile_dataset/images/mobile_513c2708fd/4.jpg"", ""/content/drive/MyDrive/olx_mobile_dataset/images/mobile_513c2708fd/5.jpg"", ""/content/drive/MyDrive/olx_mobile_dataset/images/mobile_513c2708fd/6.jpg"", ""/content/drive/MyDrive/olx_mobile_dataset/images/mobile_513c2708fd/7.jpg"", ""/content/drive/MyDrive/olx_mobile_dataset/images/mobile_513c2708fd/8.jpg"", ""/content/drive/MyDrive/olx_mobile_dataset/images/mobile_513c2708fd/9.jpg"", ""/content/drive/MyDrive/olx_mobile_dataset/images/mobile_513c2708fd/10.jpg"", ""/content/drive/MyDrive/olx_mobile_dataset/images/mobile_513c2708fd/11.jpg"", ""/content/drive/MyDrive/olx_mobile_dataset/images/mobile_513c2708fd/12.jpg"", ""/content/drive/MyDrive/olx_mobile_dataset/images/mobile_513c2708fd/13.jpg"", ""/content/drive/MyDrive/olx_mobile_dataset/images/mobile_513c2708fd/14.jpg"", ""/content/drive/MyDrive/olx_mobile_dataset/images/mobile_513c2708fd/15.jpg"", ""/content/drive/MyDrive/olx_mobile_dataset/images/mobile_513c2708fd/16.jpg"", ""/content/drive/MyDrive/olx_mobile_dataset/images/mobile_513c2708fd/17.jpg"", ""/content/drive/MyDrive/olx_mobile_dataset/images/mobile_513c2708fd/18.jpg"", ""/content/drive/MyDrive/olx_mobile_dataset/images/mobile_513c2708fd/19.jpg"", ""/content/drive/MyDrive/olx_mobile_dataset/images/mobile_513c2708fd/20.jpg"", ""/content/drive/MyDrive/olx_mobile_dataset/images/mobile_513c2708fd/21.jpg"", ""/content/drive/MyDrive/olx_mobile_dataset/images/mobile_513c2708fd/22.jpg"", ""/content/drive/MyDrive/olx_mobile_dataset/images/mobile_513c2708fd/23.jpg"", ""/content/drive/MyDrive/olx_mobile_dataset/images/mobile_513c2708fd/24.jpg"", ""/content/drive/MyDrive/olx_mobile_dataset/images/mobile_513c2708fd/25.jpg"", ""/content/drive/MyDrive/olx_mobile_dataset/images/mobile_513c2708fd/26.jpg""]",26,2026-01-13 06:39:38.481829
mobile_3e1db9955a,https://www.olx.in/item/mobile-phones-c1453-used-iphone-in-rt-nagar-bengaluru-iid-1831946117,I want to sell my iPhone 16 128gb with good condition,"Hi guys I want to sell my iPhone 16 128gb with good condition with box and cable available teal color interested call me thank you - Mobile Phones in RT Nagar, Bengaluru",51000,"[""/content/drive/MyDrive/olx_mobile_dataset/images/mobile_3e1db9955a/1.jpg"", ""/content/drive/MyDrive/olx_mobile_dataset/images/mobile_3e1db9955a/2.jpg"", ""/content/drive/MyDrive/olx_mobile_dataset/images/mobile_3e1db9955a/3.jpg"", ""/content/drive/MyDrive/olx_mobile_dataset/images/mobile_3e1db9955a/4.jpg"", ""/content/drive/MyDrive/olx_mobile_dataset/images/mobile_3e1db9955a/5.jpg"", ""/content/drive/MyDrive/olx_mobile_dataset/images/mobile_3e1db9955a/6.jpg"", ""/content/drive/MyDrive/olx_mobile_dataset/images/mobile_3e1db9955a/7.jpg"", ""/content/drive/MyDrive/olx_mobile_dataset/images/mobile_3e1db9955a/8.jpg"", ""/content/drive/MyDrive/olx_mobile_dataset/images/mobile_3e1db9955a/9.jpg"", ""/content/drive/MyDrive/olx_mobile_dataset/images/mobile_3e1db9955a/10.jpg"", ""/content/drive/MyDrive/olx_mobile_dataset/images/mobile_3e1db9955a/11.jpg"", ""/content/drive/MyDrive/olx_mobile_dataset/images/mobile_3e1db9955a/12.jpg"", ""/content/drive/MyDrive/olx_mobile_dataset/images/mobile_3e1db9955a/13.jpg"", ""/content/drive/MyDrive/olx_mobile_dataset/images/mobile_3e1db9955a/14.jpg"", ""/content/drive/MyDrive/olx_mobile_dataset/images/mobile_3e1db9955a/15.jpg"", ""/content/drive/MyDrive/olx_mobile_dataset/images/mobile_3e1db9955a/16.jpg"", ""/content/drive/MyDrive/olx_mobile_dataset/images/mobile_3e1db9955a/17.jpg"", ""/content/drive/MyDrive/olx_mobile_dataset/images/mobile_3e1db9955a/18.jpg"", ""/content/drive/MyDrive/olx_mobile_dataset/images/mobile_3e1db9955a/19.jpg"", ""/content/drive/MyDrive/olx_mobile_dataset/images/mobile_3e1db9955a/20.jpg"", ""/content/drive/MyDrive/olx_mobile_dataset/images/mobile_3e1db9955a/21.jpg"", ""/content/drive/MyDrive/olx_mobile_dataset/images/mobile_3e1db9955a/22.jpg"", ""/content/drive/MyDrive/olx_mobile_dataset/images/mobile_3e1db9955a/23.jpg"", ""/content/drive/MyDrive/olx_mobile_dataset/images/mobile_3e1db9955a/24.jpg"", ""/content/drive/MyDrive/olx_mobile_dataset/images/mobile_3e1db9955a/25.jpg"", ""/content/drive/MyDrive/olx_mobile_dataset/images/mobile_3e1db9955a/26.jpg""]",26,2026-01-13 06:39:47.531561
mobile_ecacbfd711,https://www.olx.in/item/mobile-phones-c1453-used-xiaomi-in-jhusi-allahabad-iid-1831946038,5g Smartphone phone,"I am seeling my 8 months old mobile I want to buy newone - Mobile Phones in Jhusi, Allahabad",7500,"[""/content/drive/MyDrive/olx_mobile_dataset/images/mobile_ecacbfd711/1.jpg"", ""/content/drive/MyDrive/olx_mobile_dataset/images/mobile_ecacbfd711/2.jpg"", ""/content/drive/MyDrive/olx_mobile_dataset/images/mobile_ecacbfd711/3.jpg"", ""/content/drive/MyDrive/olx_mobile_dataset/images/mobile_ecacbfd711/4.jpg"", ""/content/drive/MyDrive/olx_mobile_dataset/images/mobile_ecacbfd711/5.jpg"", ""/content/drive/MyDrive/olx_mobile_dataset/images/mobile_ecacbfd711/6.jpg"", ""/content/drive/MyDrive/olx_mobile_dataset/images/mobile_ecacbfd711/7.jpg"", ""/content/drive/MyDrive/olx_mobile_dataset/images/mobile_ecacbfd711/8.jpg"", ""/content/drive/MyDrive/olx_mobile_dataset/images/mobile_ecacbfd711/9.jpg"", ""/content/drive/MyDrive/olx_mobile_dataset/images/mobile_ecacbfd711/10.jpg"", ""/content/drive/MyDrive/olx_mobile_dataset/images/mobile_ecacbfd711/11.jpg"", ""/content/drive/MyDrive/olx_mobile_dataset/images/mobile_ecacbfd711/12.jpg"", ""/content/drive/MyDrive/olx_mobile_dataset/images/mobile_ecacbfd711/13.jpg"", ""/content/drive/MyDrive/olx_mobile_dataset/images/mobile_ecacbfd711/14.jpg"", ""/content/drive/MyDrive/olx_mobile_dataset/images/mobile_ecacbfd711/15.jpg"", ""/content/drive/MyDrive/olx_mobile_dataset/images/mobile_ecacbfd711/16.jpg"", ""/content/drive/MyDrive/olx_mobile_dataset/images/mobile_ecacbfd711/17.jpg"", ""/content/drive/MyDrive/olx_mobile_dataset/images/mobile_ecacbfd711/18.jpg"", ""/content/drive/MyDrive/olx_mobile_dataset/images/mobile_ecacbfd711/19.jpg"", ""/content/drive/MyDrive/olx_mobile_dataset/images/mobile_ecacbfd711/20.jpg"", ""/content/drive/MyDrive/olx_mobile_dataset/images/mobile_ecacbfd711/21.jpg"", ""/content/drive/MyDrive/olx_mobile_dataset/images/mobile_ecacbfd711/22.jpg"", ""/content/drive/MyDrive/olx_mobile_dataset/images/mobile_ecacbfd711/23.jpg"", ""/content/drive/MyDrive/olx_mobile_dataset/images/mobile_ecacbfd711/24.jpg"", ""/content/drive/MyDrive/olx_mobile_dataset/images/mobile_ecacbfd711/25.jpg"", ""/content/drive/MyDrive/olx_mobile_dataset/images/mobile_ecacbfd711/26.jpg""]",26,2026-01-13 06:39:57.764243
mobile_55cd90d5a5,https://www.olx.in/item/mobile-phones-c1453-used-infinix-in-parav-jangipur-iid-1831946155,infinix note 30 8/256,"New phone lena hai - Mobile Phones in Parav, Jangipur",9000,"[""/content/drive/MyDrive/olx_mobile_dataset/images/mobile_55cd90d5a5/1.jpg"", ""/content/drive/MyDrive/olx_mobile_dataset/images/mobile_55cd90d5a5/2.jpg"", ""/content/drive/MyDrive/olx_mobile_dataset/images/mobile_55cd90d5a5/3.jpg"", ""/content/drive/MyDrive/olx_mobile_dataset/images/mobile_55cd90d5a5/4.jpg"", ""/content/drive/MyDrive/olx_mobile_dataset/images/mobile_55cd90d5a5/5.jpg"", ""/content/drive/MyDrive/olx_mobile_dataset/images/mobile_55cd90d5a5/6.jpg"", ""/content/drive/MyDrive/olx_mobile_dataset/images/mobile_55cd90d5a5/7.jpg"", ""/content/drive/MyDrive/olx_mobile_dataset/images/mobile_55cd90d5a5/8.jpg"", ""/content/drive/MyDrive/olx_mobile_dataset/images/mobile_55cd90d5a5/9.jpg"", ""/content/drive/MyDrive/olx_mobile_dataset/images/mobile_55cd90d5a5/10.jpg"", ""/content/drive/MyDrive/olx_mobile_dataset/images/mobile_55cd90d5a5/11.jpg"", ""/content/drive/MyDrive/olx_mobile_dataset/images/mobile_55cd90d5a5/12.jpg"", ""/content/drive/MyDrive/olx_mobile_dataset/images/mobile_55cd90d5a5/13.jpg"", ""/content/drive/MyDrive/olx_mobile_dataset/images/mobile_55cd90d5a5/14.jpg"", ""/content/drive/MyDrive/olx_mobile_dataset/images/mobile_55cd90d5a5/15.jpg"", ""/content/drive/MyDrive/olx_mobile_dataset/images/mobile_55cd90d5a5/16.jpg"", ""/content/drive/MyDrive/olx_mobile_dataset/images/mobile_55cd90d5a5/17.jpg"", ""/content/drive/MyDrive/olx_mobile_dataset/images/mobile_55cd90d5a5/18.jpg"", ""/content/drive/MyDrive/olx_mobile_dataset/images/mobile_55cd90d5a5/19.jpg"", ""/content/drive/MyDrive/olx_mobile_dataset/images/mobile_55cd90d5a5/20.jpg"", ""/content/drive/MyDrive/olx_mobile_dataset/images/mobile_55cd90d5a5/21.jpg"", ""/content/drive/MyDrive/olx_mobile_dataset/images/mobile_55cd90d5a5/22.jpg"", ""/content/drive/MyDrive/olx_mobile_dataset/images/mobile_55cd90d5a5/23.jpg"", ""/content/drive/MyDrive/olx_mobile_dataset/images/mobile_55cd90d5a5/24.jpg"", ""/content/drive/MyDrive/olx_mobile_dataset/images/mobile_55cd90d5a5/25.jpg"", ""/content/drive/MyDrive/olx_mobile_dataset/images/mobile_55cd90d5a5/26.jpg""]",26,2026-01-13 06:40:09.013070
mobile_b8dd8c814e,https://www.olx.in/item/mobile-phones-c1453-used-iphone-in-vijay-nagar-indore-iid-1831052724,iPhone 14pro max 256gb,"APPLE iPhone 14pro max 256gb Deep Purple colour 87% Battery Health 100% Genuine Condition Never Ever Repaired or Opened Superb Condition Available For Sell - Mobile Phones in Vijay Nagar, Indore",55000,"[""/content/drive/MyDrive/olx_mobile_dataset/images/mobile_b8dd8c814e/1.jpg"", ""/content/drive/MyDrive/olx_mobile_dataset/images/mobile_b8dd8c814e/2.jpg"", ""/content/drive/MyDrive/olx_mobile_dataset/images/mobile_b8dd8c814e/3.jpg"", ""/content/drive/MyDrive/olx_mobile_dataset/images/mobile_b8dd8c814e/4.jpg"", ""/content/drive/MyDrive/olx_mobile_dataset/images/mobile_b8dd8c814e/5.jpg"", ""/content/drive/MyDrive/olx_mobile_dataset/images/mobile_b8dd8c814e/6.jpg"", ""/content/drive/MyDrive/olx_mobile_dataset/images/mobile_b8dd8c814e/7.jpg"", ""/content/drive/MyDrive/olx_mobile_dataset/images/mobile_b8dd8c814e/8.jpg"", ""/content/drive/MyDrive/olx_mobile_dataset/images/mobile_b8dd8c814e/9.jpg"", ""/content/drive/MyDrive/olx_mobile_dataset/images/mobile_b8dd8c814e/10.jpg"", ""/content/drive/MyDrive/olx_mobile_dataset/images/mobile_b8dd8c814e/11.jpg"", ""/content/drive/MyDrive/olx_mobile_dataset/images/mobile_b8dd8c814e/12.jpg"", ""/content/drive/MyDrive/olx_mobile_dataset/images/mobile_b8dd8c814e/13.jpg"", ""/content/drive/MyDrive/olx_mobile_dataset/images/mobile_b8dd8c814e/14.jpg"", ""/content/drive/MyDrive/olx_mobile_dataset/images/mobile_b8dd8c814e/15.jpg"", ""/content/drive/MyDrive/olx_mobile_dataset/images/mobile_b8dd8c814e/16.jpg"", ""/content/drive/MyDrive/olx_mobile_dataset/images/mobile_b8dd8c814e/17.jpg"", ""/content/drive/MyDrive/olx_mobile_dataset/images/mobile_b8dd8c814e/18.jpg"", ""/content/drive/MyDrive/olx_mobile_dataset/images/mobile_b8dd8c814e/19.jpg"", ""/content/drive/MyDrive/olx_mobile_dataset/images/mobile_b8dd8c814e/20.jpg"", ""/content/drive/MyDrive/olx_mobile_dataset/images/mobile_b8dd8c814e/21.jpg"", ""/content/drive/MyDrive/olx_mobile_dataset/images/mobile_b8dd8c814e/22.jpg"", ""/content/drive/MyDrive/olx_mobile_dataset/images/mobile_b8dd8c814e/23.jpg"", ""/content/drive/MyDrive/olx_mobile_dataset/images/mobile_b8dd8c814e/24.jpg"", ""/content/drive/MyDrive/olx_mobile_dataset/images/mobile_b8dd8c814e/25.jpg"", ""/content/drive/MyDrive/olx_mobile_dataset/images/mobile_b8dd8c814e/26.jpg""]",26,2026-01-13 06:40:18.141349
mobile_70274dd6bc,https://www.olx.in/item/mobile-phones-c1453-used-google-pixel-in-panchaiti-akhara-gaya-iid-1831060410,Google pixel 9pro xl 16gb ram 512gb internal storage,"Google pixel 9pro xl with 9 month warranty - Mobile Phones in Panchaiti Akhara, Gaya",95000,"[""/content/drive/MyDrive/olx_mobile_dataset/images/mobile_70274dd6bc/1.jpg"", ""/content/drive/MyDrive/olx_mobile_dataset/images/mobile_70274dd6bc/2.jpg"", ""/content/drive/MyDrive/olx_mobile_dataset/images/mobile_70274dd6bc/3.jpg"", ""/content/drive/MyDrive/olx_mobile_dataset/images/mobile_70274dd6bc/4.jpg"", ""/content/drive/MyDrive/olx_mobile_dataset/images/mobile_70274dd6bc/5.jpg"", ""/content/drive/MyDrive/olx_mobile_dataset/images/mobile_70274dd6bc/6.jpg"", ""/content/drive/MyDrive/olx_mobile_dataset/images/mobile_70274dd6bc/7.jpg"", ""/content/drive/MyDrive/olx_mobile_dataset/images/mobile_70274dd6bc/8.jpg"", ""/content/drive/MyDrive/olx_mobile_dataset/images/mobile_70274dd6bc/9.jpg"", ""/content/drive/MyDrive/olx_mobile_dataset/images/mobile_70274dd6bc/10.jpg"", ""/content/drive/MyDrive/olx_mobile_dataset/images/mobile_70274dd6bc/11.jpg"", ""/content/drive/MyDrive/olx_mobile_dataset/images/mobile_70274dd6bc/12.jpg"", ""/content/drive/MyDrive/olx_mobile_dataset/images/mobile_70274dd6bc/13.jpg"", ""/content/drive/MyDrive/olx_mobile_dataset/images/mobile_70274dd6bc/14.jpg"", ""/content/drive/MyDrive/olx_mobile_dataset/images/mobile_70274dd6bc/15.jpg"", ""/content/drive/MyDrive/olx_mobile_dataset/images/mobile_70274dd6bc/16.jpg"", ""/content/drive/MyDrive/olx_mobile_dataset/images/mobile_70274dd6bc/17.jpg"", ""/content/drive/MyDrive/olx_mobile_dataset/images/mobile_70274dd6bc/18.jpg"", ""/content/drive/MyDrive/olx_mobile_dataset/images/mobile_70274dd6bc/19.jpg"", ""/content/drive/MyDrive/olx_mobile_dataset/images/mobile_70274dd6bc/20.jpg"", ""/content/drive/MyDrive/olx_mobile_dataset/images/mobile_70274dd6bc/21.jpg"", ""/content/drive/MyDrive/olx_mobile_dataset/images/mobile_70274dd6bc/22.jpg"", ""/content/drive/MyDrive/olx_mobile_dataset/images/mobile_70274dd6bc/23.jpg"", ""/content/drive/MyDrive/olx_mobile_dataset/images/mobile_70274dd6bc/24.jpg"", ""/content/drive/MyDrive/olx_mobile_dataset/images/mobile_70274dd6bc/25.jpg"", ""/content/drive/MyDrive/olx_mobile_dataset/images/mobile_70274dd6bc/26.jpg""]",26,2026-01-13 06:40:29.546180
mobile_bdcd61a94c,https://www.olx.in/item/mobile-phones-c1453-used-iphone-in-ioc-siliguri-colony-siliguri-iid-1829934903,I phone 14 128gb,"1.6 years old mint condition I phone 14 128GB 83% battery health with bill box cable - Mobile Phones in IOC Siliguri Colony, Siliguri",33999,"[""/content/drive/MyDrive/olx_mobile_dataset/images/mobile_bdcd61a94c/1.jpg"", ""/content/drive/MyDrive/olx_mobile_dataset/images/mobile_bdcd61a94c/2.jpg"", ""/content/drive/MyDrive/olx_mobile_dataset/images/mobile_bdcd61a94c/3.jpg"", ""/content/drive/MyDrive/olx_mobile_dataset/images/mobile_bdcd61a94c/4.jpg"", ""/content/drive/MyDrive/olx_mobile_dataset/images/mobile_bdcd61a94c/5.jpg"", ""/content/drive/MyDrive/olx_mobile_dataset/images/mobile_bdcd61a94c/6.jpg"", ""/content/drive/MyDrive/olx_mobile_dataset/images/mobile_bdcd61a94c/7.jpg"", ""/content/drive/MyDrive/olx_mobile_dataset/images/mobile_bdcd61a94c/8.jpg"", ""/content/drive/MyDrive/olx_mobile_dataset/images/mobile_bdcd61a94c/9.jpg"", ""/content/drive/MyDrive/olx_mobile_dataset/images/mobile_bdcd61a94c/10.jpg"", ""/content/drive/MyDrive/olx_mobile_dataset/images/mobile_bdcd61a94c/11.jpg"", ""/content/drive/MyDrive/olx_mobile_dataset/images/mobile_bdcd61a94c/12.jpg"", ""/content/drive/MyDrive/olx_mobile_dataset/images/mobile_bdcd61a94c/13.jpg"", ""/content/drive/MyDrive/olx_mobile_dataset/images/mobile_bdcd61a94c/14.jpg"", ""/content/drive/MyDrive/olx_mobile_dataset/images/mobile_bdcd61a94c/15.jpg"", ""/content/drive/MyDrive/olx_mobile_dataset/images/mobile_bdcd61a94c/16.jpg"", ""/content/drive/MyDrive/olx_mobile_dataset/images/mobile_bdcd61a94c/17.jpg"", ""/content/drive/MyDrive/olx_mobile_dataset/images/mobile_bdcd61a94c/18.jpg"", ""/content/drive/MyDrive/olx_mobile_dataset/images/mobile_bdcd61a94c/19.jpg"", ""/content/drive/MyDrive/olx_mobile_dataset/images/mobile_bdcd61a94c/20.jpg"", ""/content/drive/MyDrive/olx_mobile_dataset/images/mobile_bdcd61a94c/21.jpg"", ""/content/drive/MyDrive/olx_mobile_dataset/images/mobile_bdcd61a94c/22.jpg"", ""/content/drive/MyDrive/olx_mobile_dataset/images/mobile_bdcd61a94c/23.jpg"", ""/content/drive/MyDrive/olx_mobile_dataset/images/mobile_bdcd61a94c/24.jpg"", ""/content/drive/MyDrive/olx_mobile_dataset/images/mobile_bdcd61a94c/25.jpg"", ""/content/drive/MyDrive/olx_mobile_dataset/images/mobile_bdcd61a94c/26.jpg""]",26,2026-01-13 06:40:40.179938
mobile_4cb6ff3945,https://www.olx.in/item/mobile-phones-c1453-used-samsung-in-mallikashpur-baleshwar-iid-1831946092,Samsung galaxy s21 fe,"I need faster selling. Only 8 month use phone. With bill box and charger is also available. - Mobile Phones in Mallikashpur, Baleshwar",18500,"[""/content/drive/MyDrive/olx_mobile_dataset/images/mobile_4cb6ff3945/1.jpg"", ""/content/drive/MyDrive/olx_mobile_dataset/images/mobile_4cb6ff3945/2.jpg"", ""/content/drive/MyDrive/olx_mobile_dataset/images/mobile_4cb6ff3945/3.jpg"", ""/content/drive/MyDrive/olx_mobile_dataset/images/mobile_4cb6ff3945/4.jpg"", ""/content/drive/MyDrive/olx_mobile_dataset/images/mobile_4cb6ff3945/5.jpg"", ""/content/drive/MyDrive/olx_mobile_dataset/images/mobile_4cb6ff3945/6.jpg"", ""/content/drive/MyDrive/olx_mobile_dataset/images/mobile_4cb6ff3945/7.jpg"", ""/content/drive/MyDrive/olx_mobile_dataset/images/mobile_4cb6ff3945/8.jpg"", ""/content/drive/MyDrive/olx_mobile_dataset/images/mobile_4cb6ff3945/9.jpg"", ""/content/drive/MyDrive/olx_mobile_dataset/images/mobile_4cb6ff3945/10.jpg"", ""/content/drive/MyDrive/olx_mobile_dataset/images/mobile_4cb6ff3945/11.jpg"", ""/content/drive/MyDrive/olx_mobile_dataset/images/mobile_4cb6ff3945/12.jpg"", ""/content/drive/MyDrive/olx_mobile_dataset/images/mobile_4cb6ff3945/13.jpg"", ""/content/drive/MyDrive/olx_mobile_dataset/images/mobile_4cb6ff3945/14.jpg"", ""/content/drive/MyDrive/olx_mobile_dataset/images/mobile_4cb6ff3945/15.jpg"", ""/content/drive/MyDrive/olx_mobile_dataset/images/mobile_4cb6ff3945/16.jpg"", ""/content/drive/MyDrive/olx_mobile_dataset/images/mobile_4cb6ff3945/17.jpg"", ""/content/drive/MyDrive/olx_mobile_dataset/images/mobile_4cb6ff3945/18.jpg"", ""/content/drive/MyDrive/olx_mobile_dataset/images/mobile_4cb6ff3945/19.jpg"", ""/content/drive/MyDrive/olx_mobile_dataset/images/mobile_4cb6ff3945/20.jpg"", ""/content/drive/MyDrive/olx_mobile_dataset/images/mobile_4cb6ff3945/21.jpg"", ""/content/drive/MyDrive/olx_mobile_dataset/images/mobile_4cb6ff3945/22.jpg"", ""/content/drive/MyDrive/olx_mobile_dataset/images/mobile_4cb6ff3945/23.jpg"", ""/content/drive/MyDrive/olx_mobile_dataset/images/mobile_4cb6ff3945/24.jpg"", ""/content/drive/MyDrive/olx_mobile_dataset/images/mobile_4cb6ff3945/25.jpg"", ""/content/drive/MyDrive/olx_mobile_dataset/images/mobile_4cb6ff3945/26.jpg""]",26,2026-01-13 06:41:02.082668
mobile_d909166f38,https://www.olx.in/item/mobile-phones-c1453-used-other-mobiles-in-uttar-salmara-part-2-abhayapuri-iid-1831946042,Buy & Sell Second Hand Other Mobile Phones in Uttar Salmara Part 2,Explore 15 second hand Other Mobile Phones in Uttar Salmara Part 2. Buy old Other Mobile Phones at an affordable price from verified sellers. Check refurbished Other Mobile Phones near you available for sale at OLX.,7000,"[""/content/drive/MyDrive/olx_mobile_dataset/images/mobile_d909166f38/1.jpg"", ""/content/drive/MyDrive/olx_mobile_dataset/images/mobile_d909166f38/2.jpg"", ""/content/drive/MyDrive/olx_mobile_dataset/images/mobile_d909166f38/3.jpg"", ""/content/drive/MyDrive/olx_mobile_dataset/images/mobile_d909166f38/4.jpg"", ""/content/drive/MyDrive/olx_mobile_dataset/images/mobile_d909166f38/5.jpg"", ""/content/drive/MyDrive/olx_mobile_dataset/images/mobile_d909166f38/6.jpg"", ""/content/drive/MyDrive/olx_mobile_dataset/images/mobile_d909166f38/7.jpg"", ""/content/drive/MyDrive/olx_mobile_dataset/images/mobile_d909166f38/8.jpg"", ""/content/drive/MyDrive/olx_mobile_dataset/images/mobile_d909166f38/9.jpg"", ""/content/drive/MyDrive/olx_mobile_dataset/images/mobile_d909166f38/10.jpg"", ""/content/drive/MyDrive/olx_mobile_dataset/images/mobile_d909166f38/11.jpg"", ""/content/drive/MyDrive/olx_mobile_dataset/images/mobile_d909166f38/12.jpg"", ""/content/drive/MyDrive/olx_mobile_dataset/images/mobile_d909166f38/13.jpg"", ""/content/drive/MyDrive/olx_mobile_dataset/images/mobile_d909166f38/14.jpg"", ""/content/drive/MyDrive/olx_mobile_dataset/images/mobile_d909166f38/15.jpg"", ""/content/drive/MyDrive/olx_mobile_dataset/images/mobile_d909166f38/16.jpg"", ""/content/drive/MyDrive/olx_mobile_dataset/images/mobile_d909166f38/17.jpg"", ""/content/drive/MyDrive/olx_mobile_dataset/images/mobile_d909166f38/18.jpg"", ""/content/drive/MyDrive/olx_mobile_dataset/images/mobile_d909166f38/19.jpg"", ""/content/drive/MyDrive/olx_mobile_dataset/images/mobile_d909166f38/20.jpg"", ""/content/drive/MyDrive/olx_mobile_dataset/images/mobile_d909166f38/21.jpg"", ""/content/drive/MyDrive/olx_mobile_dataset/images/mobile_d909166f38/22.jpg"", ""/content/drive/MyDrive/olx_mobile_dataset/images/mobile_d909166f38/23.jpg"", ""/content/drive/MyDrive/olx_mobile_dataset/images/mobile_d909166f38/24.jpg"", ""/content/drive/MyDrive/olx_mobile_dataset/images/mobile_d909166f38/25.jpg"", ""/content/drive/MyDrive/olx_mobile_dataset/images/mobile_d909166f38/26.jpg"", ""/content/drive/MyDrive/olx_mobile_dataset/images/mobile_d909166f38/27.jpg"", ""/content/drive/MyDrive/olx_mobile_dataset/images/mobile_d909166f38/28.jpg""]",28,2026-01-13 06:41:30.479527
mobile_186f7ea459,https://www.olx.in/item/mobile-phones-c1453-used-google-pixel-in-kamta-lucknow-iid-1831946081,I want to sell my google pixel 9 pro XL,"I have all the bills and the box 256 gb varient Phone is in warranty - Mobile Phones in Kamta, Lucknow",65000,"[""/content/drive/MyDrive/olx_mobile_dataset/images/mobile_186f7ea459/1.jpg"", ""/content/drive/MyDrive/olx_mobile_dataset/images/mobile_186f7ea459/2.jpg"", ""/content/drive/MyDrive/olx_mobile_dataset/images/mobile_186f7ea459/3.jpg"", ""/content/drive/MyDrive/olx_mobile_dataset/images/mobile_186f7ea459/4.jpg"", ""/content/drive/MyDrive/olx_mobile_dataset/images/mobile_186f7ea459/5.jpg"", ""/content/drive/MyDrive/olx_mobile_dataset/images/mobile_186f7ea459/6.jpg"", ""/content/drive/MyDrive/olx_mobile_dataset/images/mobile_186f7ea459/7.jpg"", ""/content/drive/MyDrive/olx_mobile_dataset/images/mobile_186f7ea459/8.jpg"", ""/content/drive/MyDrive/olx_mobile_dataset/images/mobile_186f7ea459/9.jpg"", ""/content/drive/MyDrive/olx_mobile_dataset/images/mobile_186f7ea459/10.jpg"", ""/content/drive/MyDrive/olx_mobile_dataset/images/mobile_186f7ea459/11.jpg"", ""/content/drive/MyDrive/olx_mobile_dataset/images/mobile_186f7ea459/12.jpg"", ""/content/drive/MyDrive/olx_mobile_dataset/images/mobile_186f7ea459/13.jpg"", ""/content/drive/MyDrive/olx_mobile_dataset/images/mobile_186f7ea459/14.jpg"", ""/content/drive/MyDrive/olx_mobile_dataset/images/mobile_186f7ea459/15.jpg"", ""/content/drive/MyDrive/olx_mobile_dataset/images/mobile_186f7ea459/16.jpg"", ""/content/drive/MyDrive/olx_mobile_dataset/images/mobile_186f7ea459/17.jpg"", ""/content/drive/MyDrive/olx_mobile_dataset/images/mobile_186f7ea459/18.jpg"", ""/content/drive/MyDrive/olx_mobile_dataset/images/mobile_186f7ea459/19.jpg"", ""/content/drive/MyDrive/olx_mobile_dataset/images/mobile_186f7ea459/20.jpg"", ""/content/drive/MyDrive/olx_mobile_dataset/images/mobile_186f7ea459/21.jpg"", ""/content/drive/MyDrive/olx_mobile_dataset/images/mobile_186f7ea459/22.jpg"", ""/content/drive/MyDrive/olx_mobile_dataset/images/mobile_186f7ea459/23.jpg"", ""/content/drive/MyDrive/olx_mobile_dataset/images/mobile_186f7ea459/24.jpg"", ""/content/drive/MyDrive/olx_mobile_dataset/images/mobile_186f7ea459/25.jpg"", ""/content/drive/MyDrive/olx_mobile_dataset/images/mobile_186f7ea459/26.jpg""]",26,2026-01-13 06:41:42.203190
mobile_f684f7dc86,https://www.olx.in/item/mobile-phones-c1453-used-vivo-in-st-thomas-mount-viswanathpuram-chennai-iid-1831946104,Vivoy11 new mobile,"Vivoy11 new mobile urgent need sales - Mobile Phones in St Thomas Mount Viswanathpuram, Chennai",3800,"[""/content/drive/MyDrive/olx_mobile_dataset/images/mobile_f684f7dc86/1.jpg"", ""/content/drive/MyDrive/olx_mobile_dataset/images/mobile_f684f7dc86/2.jpg"", ""/content/drive/MyDrive/olx_mobile_dataset/images/mobile_f684f7dc86/3.jpg"", ""/content/drive/MyDrive/olx_mobile_dataset/images/mobile_f684f7dc86/4.jpg"", ""/content/drive/MyDrive/olx_mobile_dataset/images/mobile_f684f7dc86/5.jpg"", ""/content/drive/MyDrive/olx_mobile_dataset/images/mobile_f684f7dc86/6.jpg"", ""/content/drive/MyDrive/olx_mobile_dataset/images/mobile_f684f7dc86/7.jpg"", ""/content/drive/MyDrive/olx_mobile_dataset/images/mobile_f684f7dc86/8.jpg"", ""/content/drive/MyDrive/olx_mobile_dataset/images/mobile_f684f7dc86/9.jpg"", ""/content/drive/MyDrive/olx_mobile_dataset/images/mobile_f684f7dc86/10.jpg"", ""/content/drive/MyDrive/olx_mobile_dataset/images/mobile_f684f7dc86/11.jpg"", ""/content/drive/MyDrive/olx_mobile_dataset/images/mobile_f684f7dc86/12.jpg"", ""/content/drive/MyDrive/olx_mobile_dataset/images/mobile_f684f7dc86/13.jpg"", ""/content/drive/MyDrive/olx_mobile_dataset/images/mobile_f684f7dc86/14.jpg"", ""/content/drive/MyDrive/olx_mobile_dataset/images/mobile_f684f7dc86/15.jpg"", ""/content/drive/MyDrive/olx_mobile_dataset/images/mobile_f684f7dc86/16.jpg"", ""/content/drive/MyDrive/olx_mobile_dataset/images/mobile_f684f7dc86/17.jpg"", ""/content/drive/MyDrive/olx_mobile_dataset/images/mobile_f684f7dc86/18.jpg"", ""/content/drive/MyDrive/olx_mobile_dataset/images/mobile_f684f7dc86/19.jpg"", ""/content/drive/MyDrive/olx_mobile_dataset/images/mobile_f684f7dc86/20.jpg"", ""/content/drive/MyDrive/olx_mobile_dataset/images/mobile_f684f7dc86/21.jpg"", ""/content/drive/MyDrive/olx_mobile_dataset/images/mobile_f684f7dc86/22.jpg"", ""/content/drive/MyDrive/olx_mobile_dataset/images/mobile_f684f7dc86/23.jpg"", ""/content/drive/MyDrive/olx_mobile_dataset/images/mobile_f684f7dc86/24.jpg"", ""/content/drive/MyDrive/olx_mobile_dataset/images/mobile_f684f7dc86/25.jpg"", ""/content/drive/MyDrive/olx_mobile_dataset/images/mobile_f684f7dc86/26.jpg""]",26,2026-01-13 06:41:54.325804
mobile_ecf8cccd99,https://www.olx.in/item/mobile-phones-c1453-used-motorola-in-paltan-bazaar-guwahati-iid-1831946129,Moto edge 50pro 12/256gb sell,"Phone is in very good condition no problem at all is there with 144hz screen refresh rate - Mobile Phones in Paltan Bazaar, Guwahati",17500,"[""/content/drive/MyDrive/olx_mobile_dataset/images/mobile_ecf8cccd99/1.jpg"", ""/content/drive/MyDrive/olx_mobile_dataset/images/mobile_ecf8cccd99/2.jpg"", ""/content/drive/MyDrive/olx_mobile_dataset/images/mobile_ecf8cccd99/3.jpg"", ""/content/drive/MyDrive/olx_mobile_dataset/images/mobile_ecf8cccd99/4.jpg"", ""/content/drive/MyDrive/olx_mobile_dataset/images/mobile_ecf8cccd99/5.jpg"", ""/content/drive/MyDrive/olx_mobile_dataset/images/mobile_ecf8cccd99/6.jpg"", ""/content/drive/MyDrive/olx_mobile_dataset/images/mobile_ecf8cccd99/7.jpg"", ""/content/drive/MyDrive/olx_mobile_dataset/images/mobile_ecf8cccd99/8.jpg"", ""/content/drive/MyDrive/olx_mobile_dataset/images/mobile_ecf8cccd99/9.jpg"", ""/content/drive/MyDrive/olx_mobile_dataset/images/mobile_ecf8cccd99/10.jpg"", ""/content/drive/MyDrive/olx_mobile_dataset/images/mobile_ecf8cccd99/11.jpg"", ""/content/drive/MyDrive/olx_mobile_dataset/images/mobile_ecf8cccd99/12.jpg"", ""/content/drive/MyDrive/olx_mobile_dataset/images/mobile_ecf8cccd99/13.jpg"", ""/content/drive/MyDrive/olx_mobile_dataset/images/mobile_ecf8cccd99/14.jpg"", ""/content/drive/MyDrive/olx_mobile_dataset/images/mobile_ecf8cccd99/15.jpg"", ""/content/drive/MyDrive/olx_mobile_dataset/images/mobile_ecf8cccd99/16.jpg"", ""/content/drive/MyDrive/olx_mobile_dataset/images/mobile_ecf8cccd99/17.jpg"", ""/content/drive/MyDrive/olx_mobile_dataset/images/mobile_ecf8cccd99/18.jpg"", ""/content/drive/MyDrive/olx_mobile_dataset/images/mobile_ecf8cccd99/19.jpg"", ""/content/drive/MyDrive/olx_mobile_dataset/images/mobile_ecf8cccd99/20.jpg"", ""/content/drive/MyDrive/olx_mobile_dataset/images/mobile_ecf8cccd99/21.jpg"", ""/content/drive/MyDrive/olx_mobile_dataset/images/mobile_ecf8cccd99/22.jpg"", ""/content/drive/MyDrive/olx_mobile_dataset/images/mobile_ecf8cccd99/23.jpg"", ""/content/drive/MyDrive/olx_mobile_dataset/images/mobile_ecf8cccd99/24.jpg"", ""/content/drive/MyDrive/olx_mobile_dataset/images/mobile_ecf8cccd99/25.jpg"", ""/content/drive/MyDrive/olx_mobile_dataset/images/mobile_ecf8cccd99/26.jpg""]",26,2026-01-13 06:42:05.106245
mobile_ce1b0bb18c,https://www.olx.in/item/mobile-phones-c1453-used-iphone-in-sharifpur-kithaur-iid-1829747389,13 pro max golden colour 128 gb,"New brand condition withdrawal any screech - Mobile Phones in Sharifpur, Kithaur",49999,"[""/content/drive/MyDrive/olx_mobile_dataset/images/mobile_ce1b0bb18c/1.jpg"", ""/content/drive/MyDrive/olx_mobile_dataset/images/mobile_ce1b0bb18c/2.jpg"", ""/content/drive/MyDrive/olx_mobile_dataset/images/mobile_ce1b0bb18c/3.jpg"", ""/content/drive/MyDrive/olx_mobile_dataset/images/mobile_ce1b0bb18c/4.jpg"", ""/content/drive/MyDrive/olx_mobile_dataset/images/mobile_ce1b0bb18c/5.jpg"", ""/content/drive/MyDrive/olx_mobile_dataset/images/mobile_ce1b0bb18c/6.jpg"", ""/content/drive/MyDrive/olx_mobile_dataset/images/mobile_ce1b0bb18c/7.jpg"", ""/content/drive/MyDrive/olx_mobile_dataset/images/mobile_ce1b0bb18c/8.jpg"", ""/content/drive/MyDrive/olx_mobile_dataset/images/mobile_ce1b0bb18c/9.jpg"", ""/content/drive/MyDrive/olx_mobile_dataset/images/mobile_ce1b0bb18c/10.jpg"", ""/content/drive/MyDrive/olx_mobile_dataset/images/mobile_ce1b0bb18c/11.jpg"", ""/content/drive/MyDrive/olx_mobile_dataset/images/mobile_ce1b0bb18c/12.jpg"", ""/content/drive/MyDrive/olx_mobile_dataset/images/mobile_ce1b0bb18c/13.jpg"", ""/content/drive/MyDrive/olx_mobile_dataset/images/mobile_ce1b0bb18c/14.jpg"", ""/content/drive/MyDrive/olx_mobile_dataset/images/mobile_ce1b0bb18c/15.jpg"", ""/content/drive/MyDrive/olx_mobile_dataset/images/mobile_ce1b0bb18c/16.jpg"", ""/content/drive/MyDrive/olx_mobile_dataset/images/mobile_ce1b0bb18c/17.jpg"", ""/content/drive/MyDrive/olx_mobile_dataset/images/mobile_ce1b0bb18c/18.jpg"", ""/content/drive/MyDrive/olx_mobile_dataset/images/mobile_ce1b0bb18c/19.jpg"", ""/content/drive/MyDrive/olx_mobile_dataset/images/mobile_ce1b0bb18c/20.jpg"", ""/content/drive/MyDrive/olx_mobile_dataset/images/mobile_ce1b0bb18c/21.jpg"", ""/content/drive/MyDrive/olx_mobile_dataset/images/mobile_ce1b0bb18c/22.jpg"", ""/content/drive/MyDrive/olx_mobile_dataset/images/mobile_ce1b0bb18c/23.jpg"", ""/content/drive/MyDrive/olx_mobile_dataset/images/mobile_ce1b0bb18c/24.jpg"", ""/content/drive/MyDrive/olx_mobile_dataset/images/mobile_ce1b0bb18c/25.jpg"", ""/content/drive/MyDrive/olx_mobile_dataset/images/mobile_ce1b0bb18c/26.jpg""]",26,2026-01-13 06:42:15.091520
mobile_993baea5a9,https://www.olx.in/item/mobile-phones-c1453-used-iphone-in-aiefa-society-surat-iid-1831946061,I phone 13,"Good condition - Mobile Phones in Aiefa Society, Surat",10000,"[""/content/drive/MyDrive/olx_mobile_dataset/images/mobile_993baea5a9/1.jpg"", ""/content/drive/MyDrive/olx_mobile_dataset/images/mobile_993baea5a9/2.jpg"", ""/content/drive/MyDrive/olx_mobile_dataset/images/mobile_993baea5a9/3.jpg"", ""/content/drive/MyDrive/olx_mobile_dataset/images/mobile_993baea5a9/4.jpg"", ""/content/drive/MyDrive/olx_mobile_dataset/images/mobile_993baea5a9/5.jpg"", ""/content/drive/MyDrive/olx_mobile_dataset/images/mobile_993baea5a9/6.jpg"", ""/content/drive/MyDrive/olx_mobile_dataset/images/mobile_993baea5a9/7.jpg"", ""/content/drive/MyDrive/olx_mobile_dataset/images/mobile_993baea5a9/8.jpg"", ""/content/drive/MyDrive/olx_mobile_dataset/images/mobile_993baea5a9/9.jpg"", ""/content/drive/MyDrive/olx_mobile_dataset/images/mobile_993baea5a9/10.jpg"", ""/content/drive/MyDrive/olx_mobile_dataset/images/mobile_993baea5a9/11.jpg"", ""/content/drive/MyDrive/olx_mobile_dataset/images/mobile_993baea5a9/12.jpg"", ""/content/drive/MyDrive/olx_mobile_dataset/images/mobile_993baea5a9/13.jpg"", ""/content/drive/MyDrive/olx_mobile_dataset/images/mobile_993baea5a9/14.jpg"", ""/content/drive/MyDrive/olx_mobile_dataset/images/mobile_993baea5a9/15.jpg"", ""/content/drive/MyDrive/olx_mobile_dataset/images/mobile_993baea5a9/16.jpg"", ""/content/drive/MyDrive/olx_mobile_dataset/images/mobile_993baea5a9/17.jpg"", ""/content/drive/MyDrive/olx_mobile_dataset/images/mobile_993baea5a9/18.jpg"", ""/content/drive/MyDrive/olx_mobile_dataset/images/mobile_993baea5a9/19.jpg"", ""/content/drive/MyDrive/olx_mobile_dataset/images/mobile_993baea5a9/20.jpg"", ""/content/drive/MyDrive/olx_mobile_dataset/images/mobile_993baea5a9/21.jpg"", ""/content/drive/MyDrive/olx_mobile_dataset/images/mobile_993baea5a9/22.jpg"", ""/content/drive/MyDrive/olx_mobile_dataset/images/mobile_993baea5a9/23.jpg"", ""/content/drive/MyDrive/olx_mobile_dataset/images/mobile_993baea5a9/24.jpg"", ""/content/drive/MyDrive/olx_mobile_dataset/images/mobile_993baea5a9/25.jpg"", ""/content/drive/MyDrive/olx_mobile_dataset/images/mobile_993baea5a9/26.jpg""]",26,2026-01-13 06:42:26.030485
mobile_33795d4057,https://www.olx.in/item/mobile-phones-c1453-used-iphone-in-unnao-gate-jhansi-iid-1814436917,Brand new condition 256gb,"Zarurat h paiso ki 256gb h - Mobile Phones in Unnao Gate, Jhansi",60000,"[""/content/drive/MyDrive/olx_mobile_dataset/images/mobile_33795d4057/1.jpg"", ""/content/drive/MyDrive/olx_mobile_dataset/images/mobile_33795d4057/2.jpg"", ""/content/drive/MyDrive/olx_mobile_dataset/images/mobile_33795d4057/3.jpg"", ""/content/drive/MyDrive/olx_mobile_dataset/images/mobile_33795d4057/4.jpg"", ""/content/drive/MyDrive/olx_mobile_dataset/images/mobile_33795d4057/5.jpg"", ""/content/drive/MyDrive/olx_mobile_dataset/images/mobile_33795d4057/6.jpg"", ""/content/drive/MyDrive/olx_mobile_dataset/images/mobile_33795d4057/7.jpg"", ""/content/drive/MyDrive/olx_mobile_dataset/images/mobile_33795d4057/8.jpg"", ""/content/drive/MyDrive/olx_mobile_dataset/images/mobile_33795d4057/9.jpg"", ""/content/drive/MyDrive/olx_mobile_dataset/images/mobile_33795d4057/10.jpg"", ""/content/drive/MyDrive/olx_mobile_dataset/images/mobile_33795d4057/11.jpg"", ""/content/drive/MyDrive/olx_mobile_dataset/images/mobile_33795d4057/12.jpg"", ""/content/drive/MyDrive/olx_mobile_dataset/images/mobile_33795d4057/13.jpg"", ""/content/drive/MyDrive/olx_mobile_dataset/images/mobile_33795d4057/14.jpg"", ""/content/drive/MyDrive/olx_mobile_dataset/images/mobile_33795d4057/15.jpg"", ""/content/drive/MyDrive/olx_mobile_dataset/images/mobile_33795d4057/16.jpg"", ""/content/drive/MyDrive/olx_mobile_dataset/images/mobile_33795d4057/17.jpg"", ""/content/drive/MyDrive/olx_mobile_dataset/images/mobile_33795d4057/18.jpg"", ""/content/drive/MyDrive/olx_mobile_dataset/images/mobile_33795d4057/19.jpg"", ""/content/drive/MyDrive/olx_mobile_dataset/images/mobile_33795d4057/20.jpg"", ""/content/drive/MyDrive/olx_mobile_dataset/images/mobile_33795d4057/21.jpg"", ""/content/drive/MyDrive/olx_mobile_dataset/images/mobile_33795d4057/22.jpg"", ""/content/drive/MyDrive/olx_mobile_dataset/images/mobile_33795d4057/23.jpg"", ""/content/drive/MyDrive/olx_mobile_dataset/images/mobile_33795d4057/24.jpg"", ""/content/drive/MyDrive/olx_mobile_dataset/images/mobile_33795d4057/25.jpg"", ""/content/drive/MyDrive/olx_mobile_dataset/images/mobile_33795d4057/26.jpg""]",26,2026-01-13 06:42:37.071908
mobile_5c5340da74,https://www.olx.in/item/mobile-phones-c1453-used-iphone-in-chakarwa-sardos-deoria-iid-1831946111,Iphone 12 mini,"Iphone 12 mini bettry health 74% - Mobile Phones in Chakarwa Sardos, Deoria",16000,"[""/content/drive/MyDrive/olx_mobile_dataset/images/mobile_5c5340da74/1.jpg"", ""/content/drive/MyDrive/olx_mobile_dataset/images/mobile_5c5340da74/2.jpg"", ""/content/drive/MyDrive/olx_mobile_dataset/images/mobile_5c5340da74/3.jpg"", ""/content/drive/MyDrive/olx_mobile_dataset/images/mobile_5c5340da74/4.jpg"", ""/content/drive/MyDrive/olx_mobile_dataset/images/mobile_5c5340da74/5.jpg"", ""/content/drive/MyDrive/olx_mobile_dataset/images/mobile_5c5340da74/6.jpg"", ""/content/drive/MyDrive/olx_mobile_dataset/images/mobile_5c5340da74/7.jpg"", ""/content/drive/MyDrive/olx_mobile_dataset/images/mobile_5c5340da74/8.jpg"", ""/content/drive/MyDrive/olx_mobile_dataset/images/mobile_5c5340da74/9.jpg"", ""/content/drive/MyDrive/olx_mobile_dataset/images/mobile_5c5340da74/10.jpg"", ""/content/drive/MyDrive/olx_mobile_dataset/images/mobile_5c5340da74/11.jpg"", ""/content/drive/MyDrive/olx_mobile_dataset/images/mobile_5c5340da74/12.jpg"", ""/content/drive/MyDrive/olx_mobile_dataset/images/mobile_5c5340da74/13.jpg"", ""/content/drive/MyDrive/olx_mobile_dataset/images/mobile_5c5340da74/14.jpg"", ""/content/drive/MyDrive/olx_mobile_dataset/images/mobile_5c5340da74/15.jpg"", ""/content/drive/MyDrive/olx_mobile_dataset/images/mobile_5c5340da74/16.jpg"", ""/content/drive/MyDrive/olx_mobile_dataset/images/mobile_5c5340da74/17.jpg"", ""/content/drive/MyDrive/olx_mobile_dataset/images/mobile_5c5340da74/18.jpg"", ""/content/drive/MyDrive/olx_mobile_dataset/images/mobile_5c5340da74/19.jpg"", ""/content/drive/MyDrive/olx_mobile_dataset/images/mobile_5c5340da74/20.jpg"", ""/content/drive/MyDrive/olx_mobile_dataset/images/mobile_5c5340da74/21.jpg"", ""/content/drive/MyDrive/olx_mobile_dataset/images/mobile_5c5340da74/22.jpg"", ""/content/drive/MyDrive/olx_mobile_dataset/images/mobile_5c5340da74/23.jpg"", ""/content/drive/MyDrive/olx_mobile_dataset/images/mobile_5c5340da74/24.jpg"", ""/content/drive/MyDrive/olx_mobile_dataset/images/mobile_5c5340da74/25.jpg"", ""/content/drive/MyDrive/olx_mobile_dataset/images/mobile_5c5340da74/26.jpg""]",26,2026-01-13 06:42:47.858482
mobile_f5973fd9c1,https://www.olx.in/item/mobile-phones-c1453-used-samsung-in-kamat-bhawanipur-madhubani-iid-1831946052,"Samsung a17, 5G, 6 RAM, 128 ROM","Seal pack phone, brand new - Mobile Phones in Kamat Bhawanipur, Madhubani",18999,"[""/content/drive/MyDrive/olx_mobile_dataset/images/mobile_f5973fd9c1/1.jpg"", ""/content/drive/MyDrive/olx_mobile_dataset/images/mobile_f5973fd9c1/2.jpg"", ""/content/drive/MyDrive/olx_mobile_dataset/images/mobile_f5973fd9c1/3.jpg"", ""/content/drive/MyDrive/olx_mobile_dataset/images/mobile_f5973fd9c1/4.jpg"", ""/content/drive/MyDrive/olx_mobile_dataset/images/mobile_f5973fd9c1/5.jpg"", ""/content/drive/MyDrive/olx_mobile_dataset/images/mobile_f5973fd9c1/6.jpg"", ""/content/drive/MyDrive/olx_mobile_dataset/images/mobile_f5973fd9c1/7.jpg"", ""/content/drive/MyDrive/olx_mobile_dataset/images/mobile_f5973fd9c1/8.jpg"", ""/content/drive/MyDrive/olx_mobile_dataset/images/mobile_f5973fd9c1/9.jpg"", ""/content/drive/MyDrive/olx_mobile_dataset/images/mobile_f5973fd9c1/10.jpg"", ""/content/drive/MyDrive/olx_mobile_dataset/images/mobile_f5973fd9c1/11.jpg"", ""/content/drive/MyDrive/olx_mobile_dataset/images/mobile_f5973fd9c1/12.jpg"", ""/content/drive/MyDrive/olx_mobile_dataset/images/mobile_f5973fd9c1/13.jpg"", ""/content/drive/MyDrive/olx_mobile_dataset/images/mobile_f5973fd9c1/14.jpg"", ""/content/drive/MyDrive/olx_mobile_dataset/images/mobile_f5973fd9c1/15.jpg"", ""/content/drive/MyDrive/olx_mobile_dataset/images/mobile_f5973fd9c1/16.jpg"", ""/content/drive/MyDrive/olx_mobile_dataset/images/mobile_f5973fd9c1/17.jpg"", ""/content/drive/MyDrive/olx_mobile_dataset/images/mobile_f5973fd9c1/18.jpg"", ""/content/drive/MyDrive/olx_mobile_dataset/images/mobile_f5973fd9c1/19.jpg"", ""/content/drive/MyDrive/olx_mobile_dataset/images/mobile_f5973fd9c1/20.jpg"", ""/content/drive/MyDrive/olx_mobile_dataset/images/mobile_f5973fd9c1/21.jpg"", ""/content/drive/MyDrive/olx_mobile_dataset/images/mobile_f5973fd9c1/22.jpg"", ""/content/drive/MyDrive/olx_mobile_dataset/images/mobile_f5973fd9c1/23.jpg"", ""/content/drive/MyDrive/olx_mobile_dataset/images/mobile_f5973fd9c1/24.jpg"", ""/content/drive/MyDrive/olx_mobile_dataset/images/mobile_f5973fd9c1/25.jpg"", ""/content/drive/MyDrive/olx_mobile_dataset/images/mobile_f5973fd9c1/26.jpg""]",26,2026-01-13 06:42:57.967988
mobile_dbd06878a9,https://www.olx.in/item/mobile-phones-c1453-used-samsung-in-nibm-pune-iid-1831373261,"Samsung Galaxy A22s 5G (6GB/128GB) – Like New, Box & Charger","Samsung Galaxy A22s 5G, 6GB RAM / 128GB Storage. Phone is in excellent condition, no damage, no issues. Always used with care. Everything works perfectly. Comes with original box and original charger. Battery, display, camera, speakers all in perfect condition. Reason for selling: not in use. Only genuine buyers contact. - Mobile Phones in NIBM, Pune",12999,"[""/content/drive/MyDrive/olx_mobile_dataset/images/mobile_dbd06878a9/1.jpg"", ""/content/drive/MyDrive/olx_mobile_dataset/images/mobile_dbd06878a9/2.jpg"", ""/content/drive/MyDrive/olx_mobile_dataset/images/mobile_dbd06878a9/3.jpg"", ""/content/drive/MyDrive/olx_mobile_dataset/images/mobile_dbd06878a9/4.jpg"", ""/content/drive/MyDrive/olx_mobile_dataset/images/mobile_dbd06878a9/5.jpg"", ""/content/drive/MyDrive/olx_mobile_dataset/images/mobile_dbd06878a9/6.jpg"", ""/content/drive/MyDrive/olx_mobile_dataset/images/mobile_dbd06878a9/7.jpg"", ""/content/drive/MyDrive/olx_mobile_dataset/images/mobile_dbd06878a9/8.jpg"", ""/content/drive/MyDrive/olx_mobile_dataset/images/mobile_dbd06878a9/9.jpg"", ""/content/drive/MyDrive/olx_mobile_dataset/images/mobile_dbd06878a9/10.jpg"", ""/content/drive/MyDrive/olx_mobile_dataset/images/mobile_dbd06878a9/11.jpg"", ""/content/drive/MyDrive/olx_mobile_dataset/images/mobile_dbd06878a9/12.jpg"", ""/content/drive/MyDrive/olx_mobile_dataset/images/mobile_dbd06878a9/13.jpg"", ""/content/drive/MyDrive/olx_mobile_dataset/images/mobile_dbd06878a9/14.jpg"", ""/content/drive/MyDrive/olx_mobile_dataset/images/mobile_dbd06878a9/15.jpg"", ""/content/drive/MyDrive/olx_mobile_dataset/images/mobile_dbd06878a9/16.jpg"", ""/content/drive/MyDrive/olx_mobile_dataset/images/mobile_dbd06878a9/17.jpg"", ""/content/drive/MyDrive/olx_mobile_dataset/images/mobile_dbd06878a9/18.jpg"", ""/content/drive/MyDrive/olx_mobile_dataset/images/mobile_dbd06878a9/19.jpg"", ""/content/drive/MyDrive/olx_mobile_dataset/images/mobile_dbd06878a9/20.jpg"", ""/content/drive/MyDrive/olx_mobile_dataset/images/mobile_dbd06878a9/21.jpg"", ""/content/drive/MyDrive/olx_mobile_dataset/images/mobile_dbd06878a9/22.jpg"", ""/content/drive/MyDrive/olx_mobile_dataset/images/mobile_dbd06878a9/23.jpg"", ""/content/drive/MyDrive/olx_mobile_dataset/images/mobile_dbd06878a9/24.jpg"", ""/content/drive/MyDrive/olx_mobile_dataset/images/mobile_dbd06878a9/25.jpg"", ""/content/drive/MyDrive/olx_mobile_dataset/images/mobile_dbd06878a9/26.jpg""]",26,2026-01-13 06:43:08.568790
mobile_73ddf142e8,https://www.olx.in/item/mobile-phones-c1453-used-iphone-in-burnpur-asansol-mc-iid-1831946186,I phone 12,"I Phone 12 79% battery health Mint New Condition - Mobile Phones in Burnpur, Asansol MC",22000,"[""/content/drive/MyDrive/olx_mobile_dataset/images/mobile_73ddf142e8/1.jpg"", ""/content/drive/MyDrive/olx_mobile_dataset/images/mobile_73ddf142e8/2.jpg"", ""/content/drive/MyDrive/olx_mobile_dataset/images/mobile_73ddf142e8/3.jpg"", ""/content/drive/MyDrive/olx_mobile_dataset/images/mobile_73ddf142e8/4.jpg"", ""/content/drive/MyDrive/olx_mobile_dataset/images/mobile_73ddf142e8/5.jpg"", ""/content/drive/MyDrive/olx_mobile_dataset/images/mobile_73ddf142e8/6.jpg"", ""/content/drive/MyDrive/olx_mobile_dataset/images/mobile_73ddf142e8/7.jpg"", ""/content/drive/MyDrive/olx_mobile_dataset/images/mobile_73ddf142e8/8.jpg"", ""/content/drive/MyDrive/olx_mobile_dataset/images/mobile_73ddf142e8/9.jpg"", ""/content/drive/MyDrive/olx_mobile_dataset/images/mobile_73ddf142e8/10.jpg"", ""/content/drive/MyDrive/olx_mobile_dataset/images/mobile_73ddf142e8/11.jpg"", ""/content/drive/MyDrive/olx_mobile_dataset/images/mobile_73ddf142e8/12.jpg"", ""/content/drive/MyDrive/olx_mobile_dataset/images/mobile_73ddf142e8/13.jpg"", ""/content/drive/MyDrive/olx_mobile_dataset/images/mobile_73ddf142e8/14.jpg"", ""/content/drive/MyDrive/olx_mobile_dataset/images/mobile_73ddf142e8/15.jpg"", ""/content/drive/MyDrive/olx_mobile_dataset/images/mobile_73ddf142e8/16.jpg"", ""/content/drive/MyDrive/olx_mobile_dataset/images/mobile_73ddf142e8/17.jpg"", ""/content/drive/MyDrive/olx_mobile_dataset/images/mobile_73ddf142e8/18.jpg"", ""/content/drive/MyDrive/olx_mobile_dataset/images/mobile_73ddf142e8/19.jpg"", ""/content/drive/MyDrive/olx_mobile_dataset/images/mobile_73ddf142e8/20.jpg"", ""/content/drive/MyDrive/olx_mobile_dataset/images/mobile_73ddf142e8/21.jpg"", ""/content/drive/MyDrive/olx_mobile_dataset/images/mobile_73ddf142e8/22.jpg"", ""/content/drive/MyDrive/olx_mobile_dataset/images/mobile_73ddf142e8/23.jpg"", ""/content/drive/MyDrive/olx_mobile_dataset/images/mobile_73ddf142e8/24.jpg"", ""/content/drive/MyDrive/olx_mobile_dataset/images/mobile_73ddf142e8/25.jpg"", ""/content/drive/MyDrive/olx_mobile_dataset/images/mobile_73ddf142e8/26.jpg""]",26,2026-01-13 06:43:18.600926
mobile_3227a96f58,https://www.olx.in/item/mobile-phones-c1453-used-motorola-in-pari-chowk-greater-noida-iid-1829766176,Moto edge 60 fusion 12/256 gb  5 months old only,"Moto edge 60 fusion 12/256 gb 5 months old only with bill, box, original charger in good condition. Billing little bit negotiable Sqmsung f36 15 days only billing price 20k asking price 15k - Mobile Phones in Pari Chowk, Greater Noida",18998,"[""/content/drive/MyDrive/olx_mobile_dataset/images/mobile_3227a96f58/1.jpg"", ""/content/drive/MyDrive/olx_mobile_dataset/images/mobile_3227a96f58/2.jpg"", ""/content/drive/MyDrive/olx_mobile_dataset/images/mobile_3227a96f58/3.jpg"", ""/content/drive/MyDrive/olx_mobile_dataset/images/mobile_3227a96f58/4.jpg"", ""/content/drive/MyDrive/olx_mobile_dataset/images/mobile_3227a96f58/5.jpg"", ""/content/drive/MyDrive/olx_mobile_dataset/images/mobile_3227a96f58/6.jpg"", ""/content/drive/MyDrive/olx_mobile_dataset/images/mobile_3227a96f58/7.jpg"", ""/content/drive/MyDrive/olx_mobile_dataset/images/mobile_3227a96f58/8.jpg"", ""/content/drive/MyDrive/olx_mobile_dataset/images/mobile_3227a96f58/9.jpg"", ""/content/drive/MyDrive/olx_mobile_dataset/images/mobile_3227a96f58/10.jpg"", ""/content/drive/MyDrive/olx_mobile_dataset/images/mobile_3227a96f58/11.jpg"", ""/content/drive/MyDrive/olx_mobile_dataset/images/mobile_3227a96f58/12.jpg"", ""/content/drive/MyDrive/olx_mobile_dataset/images/mobile_3227a96f58/13.jpg"", ""/content/drive/MyDrive/olx_mobile_dataset/images/mobile_3227a96f58/14.jpg"", ""/content/drive/MyDrive/olx_mobile_dataset/images/mobile_3227a96f58/15.jpg"", ""/content/drive/MyDrive/olx_mobile_dataset/images/mobile_3227a96f58/16.jpg"", ""/content/drive/MyDrive/olx_mobile_dataset/images/mobile_3227a96f58/17.jpg"", ""/content/drive/MyDrive/olx_mobile_dataset/images/mobile_3227a96f58/18.jpg"", ""/content/drive/MyDrive/olx_mobile_dataset/images/mobile_3227a96f58/19.jpg"", ""/content/drive/MyDrive/olx_mobile_dataset/images/mobile_3227a96f58/20.jpg"", ""/content/drive/MyDrive/olx_mobile_dataset/images/mobile_3227a96f58/21.jpg"", ""/content/drive/MyDrive/olx_mobile_dataset/images/mobile_3227a96f58/22.jpg"", ""/content/drive/MyDrive/olx_mobile_dataset/images/mobile_3227a96f58/23.jpg"", ""/content/drive/MyDrive/olx_mobile_dataset/images/mobile_3227a96f58/24.jpg"", ""/content/drive/MyDrive/olx_mobile_dataset/images/mobile_3227a96f58/25.jpg"", ""/content/drive/MyDrive/olx_mobile_dataset/images/mobile_3227a96f58/26.jpg""]",26,2026-01-13 06:43:30.462956
mobile_98e8387422,https://www.olx.in/item/mobile-phones-c1453-used-iphone-in-madhura-nagar-bommanahalli-iid-1831946069,Urgent money,"Urgent money required - Mobile Phones in Madhura Nagar, Bommanahalli",30000,"[""/content/drive/MyDrive/olx_mobile_dataset/images/mobile_98e8387422/1.jpg"", ""/content/drive/MyDrive/olx_mobile_dataset/images/mobile_98e8387422/2.jpg"", ""/content/drive/MyDrive/olx_mobile_dataset/images/mobile_98e8387422/3.jpg"", ""/content/drive/MyDrive/olx_mobile_dataset/images/mobile_98e8387422/4.jpg"", ""/content/drive/MyDrive/olx_mobile_dataset/images/mobile_98e8387422/5.jpg"", ""/content/drive/MyDrive/olx_mobile_dataset/images/mobile_98e8387422/6.jpg"", ""/content/drive/MyDrive/olx_mobile_dataset/images/mobile_98e8387422/7.jpg"", ""/content/drive/MyDrive/olx_mobile_dataset/images/mobile_98e8387422/8.jpg"", ""/content/drive/MyDrive/olx_mobile_dataset/images/mobile_98e8387422/9.jpg"", ""/content/drive/MyDrive/olx_mobile_dataset/images/mobile_98e8387422/10.jpg"", ""/content/drive/MyDrive/olx_mobile_dataset/images/mobile_98e8387422/11.jpg"", ""/content/drive/MyDrive/olx_mobile_dataset/images/mobile_98e8387422/12.jpg"", ""/content/drive/MyDrive/olx_mobile_dataset/images/mobile_98e8387422/13.jpg"", ""/content/drive/MyDrive/olx_mobile_dataset/images/mobile_98e8387422/14.jpg"", ""/content/drive/MyDrive/olx_mobile_dataset/images/mobile_98e8387422/15.jpg"", ""/content/drive/MyDrive/olx_mobile_dataset/images/mobile_98e8387422/16.jpg"", ""/content/drive/MyDrive/olx_mobile_dataset/images/mobile_98e8387422/17.jpg"", ""/content/drive/MyDrive/olx_mobile_dataset/images/mobile_98e8387422/18.jpg"", ""/content/drive/MyDrive/olx_mobile_dataset/images/mobile_98e8387422/19.jpg"", ""/content/drive/MyDrive/olx_mobile_dataset/images/mobile_98e8387422/20.jpg"", ""/content/drive/MyDrive/olx_mobile_dataset/images/mobile_98e8387422/21.jpg"", ""/content/drive/MyDrive/olx_mobile_dataset/images/mobile_98e8387422/22.jpg"", ""/content/drive/MyDrive/olx_mobile_dataset/images/mobile_98e8387422/23.jpg"", ""/content/drive/MyDrive/olx_mobile_dataset/images/mobile_98e8387422/24.jpg"", ""/content/drive/MyDrive/olx_mobile_dataset/images/mobile_98e8387422/25.jpg"", ""/content/drive/MyDrive/olx_mobile_dataset/images/mobile_98e8387422/26.jpg""]",26,2026-01-13 06:43:39.632395
mobile_80542fce0d,https://www.olx.in/item/mobile-phones-c1453-used-iphone-in-nirankari-colony-delhi-iid-1823579103,Iphone 11 64 gb,"iPhone 11 hai Sim not working Phone proper working h mai h - Mobile Phones in Nirankari Colony, Delhi",8400,"[""/content/drive/MyDrive/olx_mobile_dataset/images/mobile_80542fce0d/1.jpg"", ""/content/drive/MyDrive/olx_mobile_dataset/images/mobile_80542fce0d/2.jpg"", ""/content/drive/MyDrive/olx_mobile_dataset/images/mobile_80542fce0d/3.jpg"", ""/content/drive/MyDrive/olx_mobile_dataset/images/mobile_80542fce0d/4.jpg"", ""/content/drive/MyDrive/olx_mobile_dataset/images/mobile_80542fce0d/5.jpg"", ""/content/drive/MyDrive/olx_mobile_dataset/images/mobile_80542fce0d/6.jpg"", ""/content/drive/MyDrive/olx_mobile_dataset/images/mobile_80542fce0d/7.jpg"", ""/content/drive/MyDrive/olx_mobile_dataset/images/mobile_80542fce0d/8.jpg"", ""/content/drive/MyDrive/olx_mobile_dataset/images/mobile_80542fce0d/9.jpg"", ""/content/drive/MyDrive/olx_mobile_dataset/images/mobile_80542fce0d/10.jpg"", ""/content/drive/MyDrive/olx_mobile_dataset/images/mobile_80542fce0d/11.jpg"", ""/content/drive/MyDrive/olx_mobile_dataset/images/mobile_80542fce0d/12.jpg"", ""/content/drive/MyDrive/olx_mobile_dataset/images/mobile_80542fce0d/13.jpg"", ""/content/drive/MyDrive/olx_mobile_dataset/images/mobile_80542fce0d/14.jpg"", ""/content/drive/MyDrive/olx_mobile_dataset/images/mobile_80542fce0d/15.jpg"", ""/content/drive/MyDrive/olx_mobile_dataset/images/mobile_80542fce0d/16.jpg"", ""/content/drive/MyDrive/olx_mobile_dataset/images/mobile_80542fce0d/17.jpg"", ""/content/drive/MyDrive/olx_mobile_dataset/images/mobile_80542fce0d/18.jpg"", ""/content/drive/MyDrive/olx_mobile_dataset/images/mobile_80542fce0d/19.jpg"", ""/content/drive/MyDrive/olx_mobile_dataset/images/mobile_80542fce0d/20.jpg"", ""/content/drive/MyDrive/olx_mobile_dataset/images/mobile_80542fce0d/21.jpg"", ""/content/drive/MyDrive/olx_mobile_dataset/images/mobile_80542fce0d/22.jpg"", ""/content/drive/MyDrive/olx_mobile_dataset/images/mobile_80542fce0d/23.jpg"", ""/content/drive/MyDrive/olx_mobile_dataset/images/mobile_80542fce0d/24.jpg"", ""/content/drive/MyDrive/olx_mobile_dataset/images/mobile_80542fce0d/25.jpg"", ""/content/drive/MyDrive/olx_mobile_dataset/images/mobile_80542fce0d/26.jpg""]",26,2026-01-13 06:43:48.638916
mobile_0edd4d8860,https://www.olx.in/item/mobile-phones-c1453-used-realme-in-sijdia-gangnapur-iid-1831946059,Realme 11X 5G ( 8+128 ) all conditions ok.,"Realme 11X 5G ( 8+128 ) All conditions ok. - Mobile Phones in Sijdia, Gangnapur",11300,"[""/content/drive/MyDrive/olx_mobile_dataset/images/mobile_0edd4d8860/1.jpg"", ""/content/drive/MyDrive/olx_mobile_dataset/images/mobile_0edd4d8860/2.jpg"", ""/content/drive/MyDrive/olx_mobile_dataset/images/mobile_0edd4d8860/3.jpg"", ""/content/drive/MyDrive/olx_mobile_dataset/images/mobile_0edd4d8860/4.jpg"", ""/content/drive/MyDrive/olx_mobile_dataset/images/mobile_0edd4d8860/5.jpg"", ""/content/drive/MyDrive/olx_mobile_dataset/images/mobile_0edd4d8860/6.jpg"", ""/content/drive/MyDrive/olx_mobile_dataset/images/mobile_0edd4d8860/7.jpg"", ""/content/drive/MyDrive/olx_mobile_dataset/images/mobile_0edd4d8860/8.jpg"", ""/content/drive/MyDrive/olx_mobile_dataset/images/mobile_0edd4d8860/9.jpg"", ""/content/drive/MyDrive/olx_mobile_dataset/images/mobile_0edd4d8860/10.jpg"", ""/content/drive/MyDrive/olx_mobile_dataset/images/mobile_0edd4d8860/11.jpg"", ""/content/drive/MyDrive/olx_mobile_dataset/images/mobile_0edd4d8860/12.jpg"", ""/content/drive/MyDrive/olx_mobile_dataset/images/mobile_0edd4d8860/13.jpg"", ""/content/drive/MyDrive/olx_mobile_dataset/images/mobile_0edd4d8860/14.jpg"", ""/content/drive/MyDrive/olx_mobile_dataset/images/mobile_0edd4d8860/15.jpg"", ""/content/drive/MyDrive/olx_mobile_dataset/images/mobile_0edd4d8860/16.jpg"", ""/content/drive/MyDrive/olx_mobile_dataset/images/mobile_0edd4d8860/17.jpg"", ""/content/drive/MyDrive/olx_mobile_dataset/images/mobile_0edd4d8860/18.jpg"", ""/content/drive/MyDrive/olx_mobile_dataset/images/mobile_0edd4d8860/19.jpg"", ""/content/drive/MyDrive/olx_mobile_dataset/images/mobile_0edd4d8860/20.jpg"", ""/content/drive/MyDrive/olx_mobile_dataset/images/mobile_0edd4d8860/21.jpg"", ""/content/drive/MyDrive/olx_mobile_dataset/images/mobile_0edd4d8860/22.jpg"", ""/content/drive/MyDrive/olx_mobile_dataset/images/mobile_0edd4d8860/23.jpg"", ""/content/drive/MyDrive/olx_mobile_dataset/images/mobile_0edd4d8860/24.jpg"", ""/content/drive/MyDrive/olx_mobile_dataset/images/mobile_0edd4d8860/25.jpg"", ""/content/drive/MyDrive/olx_mobile_dataset/images/mobile_0edd4d8860/26.jpg""]",26,2026-01-13 06:43:59.076322
mobile_4b976bf604,https://www.olx.in/item/mobile-phones-c1453-used-motorola-in-hill-view-colony-jamshedpur-iid-1831946115,Motorola edge 60 pro 8/256. Only 3months old,"Motorola edge 60 pro 8/256 with brand new condition attached with a new motorola moto buds bass worth 2500 (only 3months old) with box bill charger everything... This phone is a masterpiece, you can say flagship at this cost.. every aspect of this phone is killer,like camera,performance,build up quality etc. Reason for sell:- I have uprade to IQOO 15 - Mobile Phones in Hill View Colony, Jamshedpur",27000,"[""/content/drive/MyDrive/olx_mobile_dataset/images/mobile_4b976bf604/1.jpg"", ""/content/drive/MyDrive/olx_mobile_dataset/images/mobile_4b976bf604/2.jpg"", ""/content/drive/MyDrive/olx_mobile_dataset/images/mobile_4b976bf604/3.jpg"", ""/content/drive/MyDrive/olx_mobile_dataset/images/mobile_4b976bf604/4.jpg"", ""/content/drive/MyDrive/olx_mobile_dataset/images/mobile_4b976bf604/5.jpg"", ""/content/drive/MyDrive/olx_mobile_dataset/images/mobile_4b976bf604/6.jpg"", ""/content/drive/MyDrive/olx_mobile_dataset/images/mobile_4b976bf604/7.jpg"", ""/content/drive/MyDrive/olx_mobile_dataset/images/mobile_4b976bf604/8.jpg"", ""/content/drive/MyDrive/olx_mobile_dataset/images/mobile_4b976bf604/9.jpg"", ""/content/drive/MyDrive/olx_mobile_dataset/images/mobile_4b976bf604/10.jpg"", ""/content/drive/MyDrive/olx_mobile_dataset/images/mobile_4b976bf604/11.jpg"", ""/content/drive/MyDrive/olx_mobile_dataset/images/mobile_4b976bf604/12.jpg"", ""/content/drive/MyDrive/olx_mobile_dataset/images/mobile_4b976bf604/13.jpg"", ""/content/drive/MyDrive/olx_mobile_dataset/images/mobile_4b976bf604/14.jpg"", ""/content/drive/MyDrive/olx_mobile_dataset/images/mobile_4b976bf604/15.jpg"", ""/content/drive/MyDrive/olx_mobile_dataset/images/mobile_4b976bf604/16.jpg"", ""/content/drive/MyDrive/olx_mobile_dataset/images/mobile_4b976bf604/17.jpg"", ""/content/drive/MyDrive/olx_mobile_dataset/images/mobile_4b976bf604/18.jpg"", ""/content/drive/MyDrive/olx_mobile_dataset/images/mobile_4b976bf604/19.jpg"", ""/content/drive/MyDrive/olx_mobile_dataset/images/mobile_4b976bf604/20.jpg"", ""/content/drive/MyDrive/olx_mobile_dataset/images/mobile_4b976bf604/21.jpg"", ""/content/drive/MyDrive/olx_mobile_dataset/images/mobile_4b976bf604/22.jpg"", ""/content/drive/MyDrive/olx_mobile_dataset/images/mobile_4b976bf604/23.jpg"", ""/content/drive/MyDrive/olx_mobile_dataset/images/mobile_4b976bf604/24.jpg"", ""/content/drive/MyDrive/olx_mobile_dataset/images/mobile_4b976bf604/25.jpg"", ""/content/drive/MyDrive/olx_mobile_dataset/images/mobile_4b976bf604/26.jpg""]",26,2026-01-13 06:44:08.216509
mobile_0430ed8140,https://www.olx.in/item/mobile-phones-c1453-used-xiaomi-in-anapurna-kodungallur-iid-1831946154,Xiaomi 14civi 12/512gb,"Full box 9 month use like new 12/512gb snapdragon 8gen3 - Mobile Phones in Anapurna, Kodungallur",18000,"[""/content/drive/MyDrive/olx_mobile_dataset/images/mobile_0430ed8140/1.jpg"", ""/content/drive/MyDrive/olx_mobile_dataset/images/mobile_0430ed8140/2.jpg"", ""/content/drive/MyDrive/olx_mobile_dataset/images/mobile_0430ed8140/3.jpg"", ""/content/drive/MyDrive/olx_mobile_dataset/images/mobile_0430ed8140/4.jpg"", ""/content/drive/MyDrive/olx_mobile_dataset/images/mobile_0430ed8140/5.jpg"", ""/content/drive/MyDrive/olx_mobile_dataset/images/mobile_0430ed8140/6.jpg"", ""/content/drive/MyDrive/olx_mobile_dataset/images/mobile_0430ed8140/7.jpg"", ""/content/drive/MyDrive/olx_mobile_dataset/images/mobile_0430ed8140/8.jpg"", ""/content/drive/MyDrive/olx_mobile_dataset/images/mobile_0430ed8140/9.jpg"", ""/content/drive/MyDrive/olx_mobile_dataset/images/mobile_0430ed8140/10.jpg"", ""/content/drive/MyDrive/olx_mobile_dataset/images/mobile_0430ed8140/11.jpg"", ""/content/drive/MyDrive/olx_mobile_dataset/images/mobile_0430ed8140/12.jpg"", ""/content/drive/MyDrive/olx_mobile_dataset/images/mobile_0430ed8140/13.jpg"", ""/content/drive/MyDrive/olx_mobile_dataset/images/mobile_0430ed8140/14.jpg"", ""/content/drive/MyDrive/olx_mobile_dataset/images/mobile_0430ed8140/15.jpg"", ""/content/drive/MyDrive/olx_mobile_dataset/images/mobile_0430ed8140/16.jpg"", ""/content/drive/MyDrive/olx_mobile_dataset/images/mobile_0430ed8140/17.jpg"", ""/content/drive/MyDrive/olx_mobile_dataset/images/mobile_0430ed8140/18.jpg"", ""/content/drive/MyDrive/olx_mobile_dataset/images/mobile_0430ed8140/19.jpg"", ""/content/drive/MyDrive/olx_mobile_dataset/images/mobile_0430ed8140/20.jpg"", ""/content/drive/MyDrive/olx_mobile_dataset/images/mobile_0430ed8140/21.jpg"", ""/content/drive/MyDrive/olx_mobile_dataset/images/mobile_0430ed8140/22.jpg"", ""/content/drive/MyDrive/olx_mobile_dataset/images/mobile_0430ed8140/23.jpg"", ""/content/drive/MyDrive/olx_mobile_dataset/images/mobile_0430ed8140/24.jpg"", ""/content/drive/MyDrive/olx_mobile_dataset/images/mobile_0430ed8140/25.jpg"", ""/content/drive/MyDrive/olx_mobile_dataset/images/mobile_0430ed8140/26.jpg""]",26,2026-01-13 06:44:20.613743
mobile_fbbdd51df7,https://www.olx.in/item/mobile-phones-c1453-used-iphone-in-yagnik-road-rajkot-iid-1831517298,i phone x 256 ram Exchange karvano,"256 storege Display chenge tiptop condition With charger - Mobile Phones in Yagnik Road, Rajkot",10000,"[""/content/drive/MyDrive/olx_mobile_dataset/images/mobile_fbbdd51df7/1.jpg"", ""/content/drive/MyDrive/olx_mobile_dataset/images/mobile_fbbdd51df7/2.jpg"", ""/content/drive/MyDrive/olx_mobile_dataset/images/mobile_fbbdd51df7/3.jpg"", ""/content/drive/MyDrive/olx_mobile_dataset/images/mobile_fbbdd51df7/4.jpg"", ""/content/drive/MyDrive/olx_mobile_dataset/images/mobile_fbbdd51df7/5.jpg"", ""/content/drive/MyDrive/olx_mobile_dataset/images/mobile_fbbdd51df7/6.jpg"", ""/content/drive/MyDrive/olx_mobile_dataset/images/mobile_fbbdd51df7/7.jpg"", ""/content/drive/MyDrive/olx_mobile_dataset/images/mobile_fbbdd51df7/8.jpg"", ""/content/drive/MyDrive/olx_mobile_dataset/images/mobile_fbbdd51df7/9.jpg"", ""/content/drive/MyDrive/olx_mobile_dataset/images/mobile_fbbdd51df7/10.jpg"", ""/content/drive/MyDrive/olx_mobile_dataset/images/mobile_fbbdd51df7/11.jpg"", ""/content/drive/MyDrive/olx_mobile_dataset/images/mobile_fbbdd51df7/12.jpg"", ""/content/drive/MyDrive/olx_mobile_dataset/images/mobile_fbbdd51df7/13.jpg"", ""/content/drive/MyDrive/olx_mobile_dataset/images/mobile_fbbdd51df7/14.jpg"", ""/content/drive/MyDrive/olx_mobile_dataset/images/mobile_fbbdd51df7/15.jpg"", ""/content/drive/MyDrive/olx_mobile_dataset/images/mobile_fbbdd51df7/16.jpg"", ""/content/drive/MyDrive/olx_mobile_dataset/images/mobile_fbbdd51df7/17.jpg"", ""/content/drive/MyDrive/olx_mobile_dataset/images/mobile_fbbdd51df7/18.jpg"", ""/content/drive/MyDrive/olx_mobile_dataset/images/mobile_fbbdd51df7/19.jpg"", ""/content/drive/MyDrive/olx_mobile_dataset/images/mobile_fbbdd51df7/20.jpg"", ""/content/drive/MyDrive/olx_mobile_dataset/images/mobile_fbbdd51df7/21.jpg"", ""/content/drive/MyDrive/olx_mobile_dataset/images/mobile_fbbdd51df7/22.jpg"", ""/content/drive/MyDrive/olx_mobile_dataset/images/mobile_fbbdd51df7/23.jpg"", ""/content/drive/MyDrive/olx_mobile_dataset/images/mobile_fbbdd51df7/24.jpg"", ""/content/drive/MyDrive/olx_mobile_dataset/images/mobile_fbbdd51df7/25.jpg"", ""/content/drive/MyDrive/olx_mobile_dataset/images/mobile_fbbdd51df7/26.jpg""]",26,2026-01-13 06:44:31.993104
mobile_87d9dc70a1,https://www.olx.in/item/mobile-phones-c1453-used-mi-in-defence-colony-hyderabad-iid-1830333949,10 A 4 GB Ram,"For sale for - Mobile Phones in Defence Colony, Hyderabad",4000,"[""/content/drive/MyDrive/olx_mobile_dataset/images/mobile_87d9dc70a1/1.jpg"", ""/content/drive/MyDrive/olx_mobile_dataset/images/mobile_87d9dc70a1/2.jpg"", ""/content/drive/MyDrive/olx_mobile_dataset/images/mobile_87d9dc70a1/3.jpg"", ""/content/drive/MyDrive/olx_mobile_dataset/images/mobile_87d9dc70a1/4.jpg"", ""/content/drive/MyDrive/olx_mobile_dataset/images/mobile_87d9dc70a1/5.jpg"", ""/content/drive/MyDrive/olx_mobile_dataset/images/mobile_87d9dc70a1/6.jpg"", ""/content/drive/MyDrive/olx_mobile_dataset/images/mobile_87d9dc70a1/7.jpg"", ""/content/drive/MyDrive/olx_mobile_dataset/images/mobile_87d9dc70a1/8.jpg"", ""/content/drive/MyDrive/olx_mobile_dataset/images/mobile_87d9dc70a1/9.jpg"", ""/content/drive/MyDrive/olx_mobile_dataset/images/mobile_87d9dc70a1/10.jpg"", ""/content/drive/MyDrive/olx_mobile_dataset/images/mobile_87d9dc70a1/11.jpg"", ""/content/drive/MyDrive/olx_mobile_dataset/images/mobile_87d9dc70a1/12.jpg"", ""/content/drive/MyDrive/olx_mobile_dataset/images/mobile_87d9dc70a1/13.jpg"", ""/content/drive/MyDrive/olx_mobile_dataset/images/mobile_87d9dc70a1/14.jpg"", ""/content/drive/MyDrive/olx_mobile_dataset/images/mobile_87d9dc70a1/15.jpg"", ""/content/drive/MyDrive/olx_mobile_dataset/images/mobile_87d9dc70a1/16.jpg"", ""/content/drive/MyDrive/olx_mobile_dataset/images/mobile_87d9dc70a1/17.jpg"", ""/content/drive/MyDrive/olx_mobile_dataset/images/mobile_87d9dc70a1/18.jpg"", ""/content/drive/MyDrive/olx_mobile_dataset/images/mobile_87d9dc70a1/19.jpg"", ""/content/drive/MyDrive/olx_mobile_dataset/images/mobile_87d9dc70a1/20.jpg"", ""/content/drive/MyDrive/olx_mobile_dataset/images/mobile_87d9dc70a1/21.jpg"", ""/content/drive/MyDrive/olx_mobile_dataset/images/mobile_87d9dc70a1/22.jpg"", ""/content/drive/MyDrive/olx_mobile_dataset/images/mobile_87d9dc70a1/23.jpg"", ""/content/drive/MyDrive/olx_mobile_dataset/images/mobile_87d9dc70a1/24.jpg"", ""/content/drive/MyDrive/olx_mobile_dataset/images/mobile_87d9dc70a1/25.jpg"", ""/content/drive/MyDrive/olx_mobile_dataset/images/mobile_87d9dc70a1/26.jpg""]",26,2026-01-13 06:44:42.810399
mobile_b91d93add6,https://www.olx.in/item/mobile-phones-c1453-used-iphone-in-sector-33-karnal-iid-1831240850,Iphone 13 pro 128gb,"Iphone 13 pro 128gb With data cable battery health 100 percent 2 months pehle liya tha shop se 36k ka bill bi pda h only camera change but camera quality is literally too good only serious buyer contact me - Mobile Phones in Sector 33, Karnal",33000,"[""/content/drive/MyDrive/olx_mobile_dataset/images/mobile_b91d93add6/1.jpg"", ""/content/drive/MyDrive/olx_mobile_dataset/images/mobile_b91d93add6/2.jpg"", ""/content/drive/MyDrive/olx_mobile_dataset/images/mobile_b91d93add6/3.jpg"", ""/content/drive/MyDrive/olx_mobile_dataset/images/mobile_b91d93add6/4.jpg"", ""/content/drive/MyDrive/olx_mobile_dataset/images/mobile_b91d93add6/5.jpg"", ""/content/drive/MyDrive/olx_mobile_dataset/images/mobile_b91d93add6/6.jpg"", ""/content/drive/MyDrive/olx_mobile_dataset/images/mobile_b91d93add6/7.jpg"", ""/content/drive/MyDrive/olx_mobile_dataset/images/mobile_b91d93add6/8.jpg"", ""/content/drive/MyDrive/olx_mobile_dataset/images/mobile_b91d93add6/9.jpg"", ""/content/drive/MyDrive/olx_mobile_dataset/images/mobile_b91d93add6/10.jpg"", ""/content/drive/MyDrive/olx_mobile_dataset/images/mobile_b91d93add6/11.jpg"", ""/content/drive/MyDrive/olx_mobile_dataset/images/mobile_b91d93add6/12.jpg"", ""/content/drive/MyDrive/olx_mobile_dataset/images/mobile_b91d93add6/13.jpg"", ""/content/drive/MyDrive/olx_mobile_dataset/images/mobile_b91d93add6/14.jpg"", ""/content/drive/MyDrive/olx_mobile_dataset/images/mobile_b91d93add6/15.jpg"", ""/content/drive/MyDrive/olx_mobile_dataset/images/mobile_b91d93add6/16.jpg"", ""/content/drive/MyDrive/olx_mobile_dataset/images/mobile_b91d93add6/17.jpg"", ""/content/drive/MyDrive/olx_mobile_dataset/images/mobile_b91d93add6/18.jpg"", ""/content/drive/MyDrive/olx_mobile_dataset/images/mobile_b91d93add6/19.jpg"", ""/content/drive/MyDrive/olx_mobile_dataset/images/mobile_b91d93add6/20.jpg"", ""/content/drive/MyDrive/olx_mobile_dataset/images/mobile_b91d93add6/21.jpg"", ""/content/drive/MyDrive/olx_mobile_dataset/images/mobile_b91d93add6/22.jpg"", ""/content/drive/MyDrive/olx_mobile_dataset/images/mobile_b91d93add6/23.jpg"", ""/content/drive/MyDrive/olx_mobile_dataset/images/mobile_b91d93add6/24.jpg"", ""/content/drive/MyDrive/olx_mobile_dataset/images/mobile_b91d93add6/25.jpg"", ""/content/drive/MyDrive/olx_mobile_dataset/images/mobile_b91d93add6/26.jpg""]",26,2026-01-13 06:44:54.349933
mobile_45d24b8346,https://www.olx.in/item/mobile-phones-c1453-used-infinix-in-ghazipur-ghazipur-iid-1831946023,Infinix note 30 5g 8/256 gb storage,"New phone lena hai - Mobile Phones in Ghazipur, Ghazipur",8999,"[""/content/drive/MyDrive/olx_mobile_dataset/images/mobile_45d24b8346/1.jpg"", ""/content/drive/MyDrive/olx_mobile_dataset/images/mobile_45d24b8346/2.jpg"", ""/content/drive/MyDrive/olx_mobile_dataset/images/mobile_45d24b8346/3.jpg"", ""/content/drive/MyDrive/olx_mobile_dataset/images/mobile_45d24b8346/4.jpg"", ""/content/drive/MyDrive/olx_mobile_dataset/images/mobile_45d24b8346/5.jpg"", ""/content/drive/MyDrive/olx_mobile_dataset/images/mobile_45d24b8346/6.jpg"", ""/content/drive/MyDrive/olx_mobile_dataset/images/mobile_45d24b8346/7.jpg"", ""/content/drive/MyDrive/olx_mobile_dataset/images/mobile_45d24b8346/8.jpg"", ""/content/drive/MyDrive/olx_mobile_dataset/images/mobile_45d24b8346/9.jpg"", ""/content/drive/MyDrive/olx_mobile_dataset/images/mobile_45d24b8346/10.jpg"", ""/content/drive/MyDrive/olx_mobile_dataset/images/mobile_45d24b8346/11.jpg"", ""/content/drive/MyDrive/olx_mobile_dataset/images/mobile_45d24b8346/12.jpg"", ""/content/drive/MyDrive/olx_mobile_dataset/images/mobile_45d24b8346/13.jpg"", ""/content/drive/MyDrive/olx_mobile_dataset/images/mobile_45d24b8346/14.jpg"", ""/content/drive/MyDrive/olx_mobile_dataset/images/mobile_45d24b8346/15.jpg"", ""/content/drive/MyDrive/olx_mobile_dataset/images/mobile_45d24b8346/16.jpg"", ""/content/drive/MyDrive/olx_mobile_dataset/images/mobile_45d24b8346/17.jpg"", ""/content/drive/MyDrive/olx_mobile_dataset/images/mobile_45d24b8346/18.jpg"", ""/content/drive/MyDrive/olx_mobile_dataset/images/mobile_45d24b8346/19.jpg"", ""/content/drive/MyDrive/olx_mobile_dataset/images/mobile_45d24b8346/20.jpg"", ""/content/drive/MyDrive/olx_mobile_dataset/images/mobile_45d24b8346/21.jpg"", ""/content/drive/MyDrive/olx_mobile_dataset/images/mobile_45d24b8346/22.jpg"", ""/content/drive/MyDrive/olx_mobile_dataset/images/mobile_45d24b8346/23.jpg"", ""/content/drive/MyDrive/olx_mobile_dataset/images/mobile_45d24b8346/24.jpg"", ""/content/drive/MyDrive/olx_mobile_dataset/images/mobile_45d24b8346/25.jpg"", ""/content/drive/MyDrive/olx_mobile_dataset/images/mobile_45d24b8346/26.jpg""]",26,2026-01-13 06:45:03.923400
mobile_189c3ae96e,https://www.olx.in/item/mobile-phones-c1453-used-oppo-in-thampanoor-thiruvananthapuram-iid-1831946171,OPPO Find X8  12 + 256GB  1 Year Warranty  Fresh Phone,"- OPPO Find X8 12 + 256GB - 1 Year Warranty Remaining - Just Open Device - Fullbox - Condition Like New - 2 Week Shop Checking Warranty - EMI Facilities are Available [ Bajaj, Home Credit, IDFC, DMI, Chola ] - Exchange Offers are Available - Card's are Accepted - Home Delivery Available - All India Courier Service Available For More Info contact us or visit our shop's @ Msquare Mobiles, Karamana @ Msquare Mobiles, Attakulangara [ Opp. Red Fort ] @ Msquare Mobiles, Neyyattinkara [ KSRTC Complex ] - Mobile Phones in Thampanoor, Thiruvananthapuram",39999,"[""/content/drive/MyDrive/olx_mobile_dataset/images/mobile_189c3ae96e/1.jpg"", ""/content/drive/MyDrive/olx_mobile_dataset/images/mobile_189c3ae96e/2.jpg"", ""/content/drive/MyDrive/olx_mobile_dataset/images/mobile_189c3ae96e/3.jpg"", ""/content/drive/MyDrive/olx_mobile_dataset/images/mobile_189c3ae96e/4.jpg"", ""/content/drive/MyDrive/olx_mobile_dataset/images/mobile_189c3ae96e/5.jpg"", ""/content/drive/MyDrive/olx_mobile_dataset/images/mobile_189c3ae96e/6.jpg"", ""/content/drive/MyDrive/olx_mobile_dataset/images/mobile_189c3ae96e/7.jpg"", ""/content/drive/MyDrive/olx_mobile_dataset/images/mobile_189c3ae96e/8.jpg"", ""/content/drive/MyDrive/olx_mobile_dataset/images/mobile_189c3ae96e/9.jpg"", ""/content/drive/MyDrive/olx_mobile_dataset/images/mobile_189c3ae96e/10.jpg"", ""/content/drive/MyDrive/olx_mobile_dataset/images/mobile_189c3ae96e/11.jpg"", ""/content/drive/MyDrive/olx_mobile_dataset/images/mobile_189c3ae96e/12.jpg"", ""/content/drive/MyDrive/olx_mobile_dataset/images/mobile_189c3ae96e/13.jpg"", ""/content/drive/MyDrive/olx_mobile_dataset/images/mobile_189c3ae96e/14.jpg"", ""/content/drive/MyDrive/olx_mobile_dataset/images/mobile_189c3ae96e/15.jpg"", ""/content/drive/MyDrive/olx_mobile_dataset/images/mobile_189c3ae96e/16.jpg"", ""/content/drive/MyDrive/olx_mobile_dataset/images/mobile_189c3ae96e/17.jpg"", ""/content/drive/MyDrive/olx_mobile_dataset/images/mobile_189c3ae96e/18.jpg"", ""/content/drive/MyDrive/olx_mobile_dataset/images/mobile_189c3ae96e/19.jpg"", ""/content/drive/MyDrive/olx_mobile_dataset/images/mobile_189c3ae96e/20.jpg"", ""/content/drive/MyDrive/olx_mobile_dataset/images/mobile_189c3ae96e/21.jpg"", ""/content/drive/MyDrive/olx_mobile_dataset/images/mobile_189c3ae96e/22.jpg"", ""/content/drive/MyDrive/olx_mobile_dataset/images/mobile_189c3ae96e/23.jpg"", ""/content/drive/MyDrive/olx_mobile_dataset/images/mobile_189c3ae96e/24.jpg"", ""/content/drive/MyDrive/olx_mobile_dataset/images/mobile_189c3ae96e/25.jpg"", ""/content/drive/MyDrive/olx_mobile_dataset/images/mobile_189c3ae96e/26.jpg""]",26,2026-01-13 06:45:19.542084
mobile_fd4845c0ed,https://www.olx.in/item/mobile-phones-c1453-used-mi-in-bd-mahant-upnagar-janjgir-iid-1831946034,Redmi A1+ 3/32 rem  ret.      3000,"Mobile ok khula nahi hai ek baar bhi - Mobile Phones in BD Mahant Upnagar, Janjgir",3000,"[""/content/drive/MyDrive/olx_mobile_dataset/images/mobile_fd4845c0ed/1.jpg"", ""/content/drive/MyDrive/olx_mobile_dataset/images/mobile_fd4845c0ed/2.jpg"", ""/content/drive/MyDrive/olx_mobile_dataset/images/mobile_fd4845c0ed/3.jpg"", ""/content/drive/MyDrive/olx_mobile_dataset/images/mobile_fd4845c0ed/4.jpg"", ""/content/drive/MyDrive/olx_mobile_dataset/images/mobile_fd4845c0ed/5.jpg"", ""/content/drive/MyDrive/olx_mobile_dataset/images/mobile_fd4845c0ed/6.jpg"", ""/content/drive/MyDrive/olx_mobile_dataset/images/mobile_fd4845c0ed/7.jpg"", ""/content/drive/MyDrive/olx_mobile_dataset/images/mobile_fd4845c0ed/8.jpg"", ""/content/drive/MyDrive/olx_mobile_dataset/images/mobile_fd4845c0ed/9.jpg"", ""/content/drive/MyDrive/olx_mobile_dataset/images/mobile_fd4845c0ed/10.jpg"", ""/content/drive/MyDrive/olx_mobile_dataset/images/mobile_fd4845c0ed/11.jpg"", ""/content/drive/MyDrive/olx_mobile_dataset/images/mobile_fd4845c0ed/12.jpg"", ""/content/drive/MyDrive/olx_mobile_dataset/images/mobile_fd4845c0ed/13.jpg"", ""/content/drive/MyDrive/olx_mobile_dataset/images/mobile_fd4845c0ed/14.jpg"", ""/content/drive/MyDrive/olx_mobile_dataset/images/mobile_fd4845c0ed/15.jpg"", ""/content/drive/MyDrive/olx_mobile_dataset/images/mobile_fd4845c0ed/16.jpg"", ""/content/drive/MyDrive/olx_mobile_dataset/images/mobile_fd4845c0ed/17.jpg"", ""/content/drive/MyDrive/olx_mobile_dataset/images/mobile_fd4845c0ed/18.jpg"", ""/content/drive/MyDrive/olx_mobile_dataset/images/mobile_fd4845c0ed/19.jpg"", ""/content/drive/MyDrive/olx_mobile_dataset/images/mobile_fd4845c0ed/20.jpg"", ""/content/drive/MyDrive/olx_mobile_dataset/images/mobile_fd4845c0ed/21.jpg"", ""/content/drive/MyDrive/olx_mobile_dataset/images/mobile_fd4845c0ed/22.jpg"", ""/content/drive/MyDrive/olx_mobile_dataset/images/mobile_fd4845c0ed/23.jpg"", ""/content/drive/MyDrive/olx_mobile_dataset/images/mobile_fd4845c0ed/24.jpg"", ""/content/drive/MyDrive/olx_mobile_dataset/images/mobile_fd4845c0ed/25.jpg"", ""/content/drive/MyDrive/olx_mobile_dataset/images/mobile_fd4845c0ed/26.jpg""]",26,2026-01-13 06:45:29.830035
mobile_e60c728ad5,https://www.olx.in/item/mobile-phones-c1453-used-realme-in-deivanayagi-puram-coimbatore-iid-1825671042,Realme 10 pro 5g,"Realme 10 pro 5g Good condition Full box - Mobile Phones in Deivanayagi Puram, Coimbatore",6000,"[""/content/drive/MyDrive/olx_mobile_dataset/images/mobile_e60c728ad5/1.jpg"", ""/content/drive/MyDrive/olx_mobile_dataset/images/mobile_e60c728ad5/2.jpg"", ""/content/drive/MyDrive/olx_mobile_dataset/images/mobile_e60c728ad5/3.jpg"", ""/content/drive/MyDrive/olx_mobile_dataset/images/mobile_e60c728ad5/4.jpg"", ""/content/drive/MyDrive/olx_mobile_dataset/images/mobile_e60c728ad5/5.jpg"", ""/content/drive/MyDrive/olx_mobile_dataset/images/mobile_e60c728ad5/6.jpg"", ""/content/drive/MyDrive/olx_mobile_dataset/images/mobile_e60c728ad5/7.jpg"", ""/content/drive/MyDrive/olx_mobile_dataset/images/mobile_e60c728ad5/8.jpg"", ""/content/drive/MyDrive/olx_mobile_dataset/images/mobile_e60c728ad5/9.jpg"", ""/content/drive/MyDrive/olx_mobile_dataset/images/mobile_e60c728ad5/10.jpg"", ""/content/drive/MyDrive/olx_mobile_dataset/images/mobile_e60c728ad5/11.jpg"", ""/content/drive/MyDrive/olx_mobile_dataset/images/mobile_e60c728ad5/12.jpg"", ""/content/drive/MyDrive/olx_mobile_dataset/images/mobile_e60c728ad5/13.jpg"", ""/content/drive/MyDrive/olx_mobile_dataset/images/mobile_e60c728ad5/14.jpg"", ""/content/drive/MyDrive/olx_mobile_dataset/images/mobile_e60c728ad5/15.jpg"", ""/content/drive/MyDrive/olx_mobile_dataset/images/mobile_e60c728ad5/16.jpg"", ""/content/drive/MyDrive/olx_mobile_dataset/images/mobile_e60c728ad5/17.jpg"", ""/content/drive/MyDrive/olx_mobile_dataset/images/mobile_e60c728ad5/18.jpg"", ""/content/drive/MyDrive/olx_mobile_dataset/images/mobile_e60c728ad5/19.jpg"", ""/content/drive/MyDrive/olx_mobile_dataset/images/mobile_e60c728ad5/20.jpg"", ""/content/drive/MyDrive/olx_mobile_dataset/images/mobile_e60c728ad5/21.jpg"", ""/content/drive/MyDrive/olx_mobile_dataset/images/mobile_e60c728ad5/22.jpg"", ""/content/drive/MyDrive/olx_mobile_dataset/images/mobile_e60c728ad5/23.jpg"", ""/content/drive/MyDrive/olx_mobile_dataset/images/mobile_e60c728ad5/24.jpg"", ""/content/drive/MyDrive/olx_mobile_dataset/images/mobile_e60c728ad5/25.jpg"", ""/content/drive/MyDrive/olx_mobile_dataset/images/mobile_e60c728ad5/26.jpg""]",26,2026-01-13 06:45:38.698620
